annee,region,commune,indicateur,categorie_1,categorie_2,valeur,fichier_source
1997,Boucle Du Mouhoun,,Evolution des nombres d'écoles et de salles de classe du primaire des secteurs privé et public par région,Ecoles,,424,Évolution des nombres d'écoles et de salles de classe du primaire des secteurs privé et public par région.csv
1998,Boucle Du Mouhoun,,Evolution des nombres d'écoles et de salles de classe du primaire des secteurs privé et public par région,Ecoles,,459,Évolution des nombres d'écoles et de salles de classe du primaire des secteurs privé et public par région.csv
1999,Boucle Du Mouhoun,,Evolution des nombres d'écoles et de salles de classe du primaire des secteurs privé et public par région,Ecoles,,482,Évolution des nombres d'écoles et de salles de classe du primaire des secteurs privé et public par région.csv
2000,Boucle Du Mouhoun,,Evolution des nombres d'écoles et de salles de classe du primaire des secteurs privé et public par région,Ecoles,,537,Évolution des nombres d'écoles et de salles de classe du primaire des secteurs privé et public par région.csv
2001,Boucle Du Mouhoun,,Evolution des nombres d'écoles et de salles de classe du primaire des secteurs privé et public par région,Ecoles,,595,Évolution des nombres d'écoles et de salles de classe du primaire des secteurs privé et public par région.csv
2002,Boucle Du Mouhoun,,Evolution des nombres d'écoles et de salles de classe du primaire des secteurs privé et public par région,Ecoles,,614,Évolution des nombres d'écoles et de salles de classe du primaire des secteurs privé et public par région.csv
2003,Boucle Du Mouhoun,,Evolution des nombres d'écoles et de salles de classe du primaire des secteurs privé et public par région,Ecoles,,647,Évolution des nombres d'écoles et de salles de classe du primaire des secteurs privé et public par région.csv
2004,Boucle Du Mouhoun,,Evolution des nombres d'écoles et de salles de classe du primaire des secteurs privé et public par région,Ecoles,,696,Évolution des nombres d'écoles et de salles de classe du primaire des secteurs privé et public par région.csv
2005,Boucle Du Mouhoun,,Evolution des nombres d'écoles et de salles de classe du primaire des secteurs privé et public par région,Ecoles,,747,Évolution des nombres d'écoles et de salles de classe du primaire des secteurs privé et public par région.csv
2006,Boucle Du Mouhoun,,Evolution des nombres d'écoles et de salles de classe du primaire des secteurs privé et public par région,Ecoles,,815,Évolution des nombres d'écoles et de salles de classe du primaire des secteurs privé et public par région.csv
2007,Boucle Du Mouhoun,,Evolution des nombres d'écoles et de salles de classe du primaire des secteurs privé et public par région,Ecoles,,866,Évolution des nombres d'écoles et de salles de classe du primaire des secteurs privé et public par région.csv
2008,Boucle Du Mouhoun,,Evolution des nombres d'écoles et de salles de classe du primaire des secteurs privé et public par région,Ecoles,,911,Évolution des nombres d'écoles et de salles de classe du primaire des secteurs privé et public par région.csv
2009,Boucle Du Mouhoun,,Evolution des nombres d'écoles et de salles de classe du primaire des secteurs privé et public par région,Ecoles,,971,Évolution des nombres d'écoles et de salles de classe du primaire des secteurs privé et public par région.csv
2010,Boucle Du Mouhoun,,Evolution des nombres d'écoles et de salles de classe du primaire des secteurs privé et public par région,Ecoles,,1014,Évolution des nombres d'écoles et de salles de classe du primaire des secteurs privé et public par région.csv
2011,Boucle Du Mouhoun,,Evolution des nombres d'écoles et de salles de classe du primaire des secteurs privé et public par région,Ecoles,,1053,Évolution des nombres d'écoles et de salles de classe du primaire des secteurs privé et public par région.csv
2012,Boucle Du Mouhoun,,Evolution des nombres d'écoles et de salles de classe du primaire des secteurs privé et public par région,Ecoles,,1108,Évolution des nombres d'écoles et de salles de classe du primaire des secteurs privé et public par région.csv
2013,Boucle Du Mouhoun,,Evolution des nombres d'écoles et de salles de classe du primaire des secteurs privé et public par région,Ecoles,,1182,Évolution des nombres d'écoles et de salles de classe du primaire des secteurs privé et public par région.csv
2014,Boucle Du Mouhoun,,Evolution des nombres d'écoles et de salles de classe du primaire des secteurs privé et public par région,Ecoles,,1235,Évolution des nombres d'écoles et de salles de classe du primaire des secteurs privé et public par région.csv
2015,Boucle Du Mouhoun,,Evolution des nombres d'écoles et de salles de classe du primaire des secteurs privé et public par région,Ecoles,,1245,Évolution des nombres d'écoles et de salles de classe du primaire des secteurs privé et public par région.csv
2016,Boucle Du Mouhoun,,Evolution des nombres d'écoles et de salles de classe du primaire des secteurs privé et public par région,Ecoles,,1281,Évolution des nombres d'écoles et de salles de classe du primaire des secteurs privé et public par région.csv
2017,Boucle Du Mouhoun,,Evolution des nombres d'écoles et de salles de classe du primaire des secteurs privé et public par région,Ecoles,,1340,Évolution des nombres d'écoles et de salles de classe du primaire des secteurs privé et public par région.csv
2018,Boucle Du Mouhoun,,Evolution des nombres d'écoles et de salles de classe du primaire des secteurs privé et public par région,Ecoles,,1382,Évolution des nombres d'écoles et de salles de classe du primaire des secteurs privé et public par région.csv
2019,Boucle Du Mouhoun,,Evolution des nombres d'écoles et de salles de classe du primaire des secteurs privé et public par région,Ecoles,,1438,Évolution des nombres d'écoles et de salles de classe du primaire des secteurs privé et public par région.csv
2020,Boucle Du Mouhoun,,Evolution des nombres d'écoles et de salles de classe du primaire des secteurs privé et public par région,Ecoles,,1260,Évolution des nombres d'écoles et de salles de classe du primaire des secteurs privé et public par région.csv
2022,Boucle Du Mouhoun,,Evolution des nombres d'écoles et de salles de classe du primaire des secteurs privé et public par région,Ecoles,,1111,Évolution des nombres d'écoles et de salles de classe du primaire des secteurs privé et public par région.csv
2023,Boucle Du Mouhoun,,Evolution des nombres d'écoles et de salles de classe du primaire des secteurs privé et public par région,Ecoles,,658,Évolution des nombres d'écoles et de salles de classe du primaire des secteurs privé et public par région.csv
1997,Boucle Du Mouhoun,,Evolution des nombres d'écoles et de salles de classe du primaire des secteurs privé et public par région,Classes,,1425,Évolution des nombres d'écoles et de salles de classe du primaire des secteurs privé et public par région.csv
1998,Boucle Du Mouhoun,,Evolution des nombres d'écoles et de salles de classe du primaire des secteurs privé et public par région,Classes,,1610,Évolution des nombres d'écoles et de salles de classe du primaire des secteurs privé et public par région.csv
1999,Boucle Du Mouhoun,,Evolution des nombres d'écoles et de salles de classe du primaire des secteurs privé et public par région,Classes,,1708,Évolution des nombres d'écoles et de salles de classe du primaire des secteurs privé et public par région.csv
2000,Boucle Du Mouhoun,,Evolution des nombres d'écoles et de salles de classe du primaire des secteurs privé et public par région,Classes,,1810,Évolution des nombres d'écoles et de salles de classe du primaire des secteurs privé et public par région.csv
2001,Boucle Du Mouhoun,,Evolution des nombres d'écoles et de salles de classe du primaire des secteurs privé et public par région,Classes,,1824,Évolution des nombres d'écoles et de salles de classe du primaire des secteurs privé et public par région.csv
2002,Boucle Du Mouhoun,,Evolution des nombres d'écoles et de salles de classe du primaire des secteurs privé et public par région,Classes,,2023,Évolution des nombres d'écoles et de salles de classe du primaire des secteurs privé et public par région.csv
2003,Boucle Du Mouhoun,,Evolution des nombres d'écoles et de salles de classe du primaire des secteurs privé et public par région,Classes,,2177,Évolution des nombres d'écoles et de salles de classe du primaire des secteurs privé et public par région.csv
2004,Boucle Du Mouhoun,,Evolution des nombres d'écoles et de salles de classe du primaire des secteurs privé et public par région,Classes,,2337,Évolution des nombres d'écoles et de salles de classe du primaire des secteurs privé et public par région.csv
2005,Boucle Du Mouhoun,,Evolution des nombres d'écoles et de salles de classe du primaire des secteurs privé et public par région,Classes,,2552,Évolution des nombres d'écoles et de salles de classe du primaire des secteurs privé et public par région.csv
2006,Boucle Du Mouhoun,,Evolution des nombres d'écoles et de salles de classe du primaire des secteurs privé et public par région,Classes,,2786,Évolution des nombres d'écoles et de salles de classe du primaire des secteurs privé et public par région.csv
2007,Boucle Du Mouhoun,,Evolution des nombres d'écoles et de salles de classe du primaire des secteurs privé et public par région,Classes,,3003,Évolution des nombres d'écoles et de salles de classe du primaire des secteurs privé et public par région.csv
2008,Boucle Du Mouhoun,,Evolution des nombres d'écoles et de salles de classe du primaire des secteurs privé et public par région,Classes,,3303,Évolution des nombres d'écoles et de salles de classe du primaire des secteurs privé et public par région.csv
2009,Boucle Du Mouhoun,,Evolution des nombres d'écoles et de salles de classe du primaire des secteurs privé et public par région,Classes,,3473,Évolution des nombres d'écoles et de salles de classe du primaire des secteurs privé et public par région.csv
2010,Boucle Du Mouhoun,,Evolution des nombres d'écoles et de salles de classe du primaire des secteurs privé et public par région,Classes,,3807,Évolution des nombres d'écoles et de salles de classe du primaire des secteurs privé et public par région.csv
2011,Boucle Du Mouhoun,,Evolution des nombres d'écoles et de salles de classe du primaire des secteurs privé et public par région,Classes,,4029,Évolution des nombres d'écoles et de salles de classe du primaire des secteurs privé et public par région.csv
2012,Boucle Du Mouhoun,,Evolution des nombres d'écoles et de salles de classe du primaire des secteurs privé et public par région,Classes,,4316,Évolution des nombres d'écoles et de salles de classe du primaire des secteurs privé et public par région.csv
2013,Boucle Du Mouhoun,,Evolution des nombres d'écoles et de salles de classe du primaire des secteurs privé et public par région,Classes,,4681,Évolution des nombres d'écoles et de salles de classe du primaire des secteurs privé et public par région.csv
2014,Boucle Du Mouhoun,,Evolution des nombres d'écoles et de salles de classe du primaire des secteurs privé et public par région,Classes,,4884,Évolution des nombres d'écoles et de salles de classe du primaire des secteurs privé et public par région.csv
2015,Boucle Du Mouhoun,,Evolution des nombres d'écoles et de salles de classe du primaire des secteurs privé et public par région,Classes,,5158,Évolution des nombres d'écoles et de salles de classe du primaire des secteurs privé et public par région.csv
2016,Boucle Du Mouhoun,,Evolution des nombres d'écoles et de salles de classe du primaire des secteurs privé et public par région,Classes,,5470,Évolution des nombres d'écoles et de salles de classe du primaire des secteurs privé et public par région.csv
2017,Boucle Du Mouhoun,,Evolution des nombres d'écoles et de salles de classe du primaire des secteurs privé et public par région,Classes,,6101,Évolution des nombres d'écoles et de salles de classe du primaire des secteurs privé et public par région.csv
2018,Boucle Du Mouhoun,,Evolution des nombres d'écoles et de salles de classe du primaire des secteurs privé et public par région,Classes,,6111,Évolution des nombres d'écoles et de salles de classe du primaire des secteurs privé et public par région.csv
2019,Boucle Du Mouhoun,,Evolution des nombres d'écoles et de salles de classe du primaire des secteurs privé et public par région,Classes,,6374,Évolution des nombres d'écoles et de salles de classe du primaire des secteurs privé et public par région.csv
2020,Boucle Du Mouhoun,,Evolution des nombres d'écoles et de salles de classe du primaire des secteurs privé et public par région,Classes,,5752,Évolution des nombres d'écoles et de salles de classe du primaire des secteurs privé et public par région.csv
2022,Boucle Du Mouhoun,,Evolution des nombres d'écoles et de salles de classe du primaire des secteurs privé et public par région,Classes,,4982,Évolution des nombres d'écoles et de salles de classe du primaire des secteurs privé et public par région.csv
2023,Boucle Du Mouhoun,,Evolution des nombres d'écoles et de salles de classe du primaire des secteurs privé et public par région,Classes,,2940,Évolution des nombres d'écoles et de salles de classe du primaire des secteurs privé et public par région.csv
1997,Cascades,,Evolution des nombres d'écoles et de salles de classe du primaire des secteurs privé et public par région,Ecoles,,131,Évolution des nombres d'écoles et de salles de classe du primaire des secteurs privé et public par région.csv
1998,Cascades,,Evolution des nombres d'écoles et de salles de classe du primaire des secteurs privé et public par région,Ecoles,,161,Évolution des nombres d'écoles et de salles de classe du primaire des secteurs privé et public par région.csv
1999,Cascades,,Evolution des nombres d'écoles et de salles de classe du primaire des secteurs privé et public par région,Ecoles,,168,Évolution des nombres d'écoles et de salles de classe du primaire des secteurs privé et public par région.csv
2000,Cascades,,Evolution des nombres d'écoles et de salles de classe du primaire des secteurs privé et public par région,Ecoles,,178,Évolution des nombres d'écoles et de salles de classe du primaire des secteurs privé et public par région.csv
2001,Cascades,,Evolution des nombres d'écoles et de salles de classe du primaire des secteurs privé et public par région,Ecoles,,184,Évolution des nombres d'écoles et de salles de classe du primaire des secteurs privé et public par région.csv
2002,Cascades,,Evolution des nombres d'écoles et de salles de classe du primaire des secteurs privé et public par région,Ecoles,,189,Évolution des nombres d'écoles et de salles de classe du primaire des secteurs privé et public par région.csv
2003,Cascades,,Evolution des nombres d'écoles et de salles de classe du primaire des secteurs privé et public par région,Ecoles,,201,Évolution des nombres d'écoles et de salles de classe du primaire des secteurs privé et public par région.csv
2004,Cascades,,Evolution des nombres d'écoles et de salles de classe du primaire des secteurs privé et public par région,Ecoles,,211,Évolution des nombres d'écoles et de salles de classe du primaire des secteurs privé et public par région.csv
2005,Cascades,,Evolution des nombres d'écoles et de salles de classe du primaire des secteurs privé et public par région,Ecoles,,238,Évolution des nombres d'écoles et de salles de classe du primaire des secteurs privé et public par région.csv
2006,Cascades,,Evolution des nombres d'écoles et de salles de classe du primaire des secteurs privé et public par région,Ecoles,,264,Évolution des nombres d'écoles et de salles de classe du primaire des secteurs privé et public par région.csv
2007,Cascades,,Evolution des nombres d'écoles et de salles de classe du primaire des secteurs privé et public par région,Ecoles,,299,Évolution des nombres d'écoles et de salles de classe du primaire des secteurs privé et public par région.csv
2008,Cascades,,Evolution des nombres d'écoles et de salles de classe du primaire des secteurs privé et public par région,Ecoles,,338,Évolution des nombres d'écoles et de salles de classe du primaire des secteurs privé et public par région.csv
2009,Cascades,,Evolution des nombres d'écoles et de salles de classe du primaire des secteurs privé et public par région,Ecoles,,398,Évolution des nombres d'écoles et de salles de classe du primaire des secteurs privé et public par région.csv
2010,Cascades,,Evolution des nombres d'écoles et de salles de classe du primaire des secteurs privé et public par région,Ecoles,,435,Évolution des nombres d'écoles et de salles de classe du primaire des secteurs privé et public par région.csv
2011,Cascades,,Evolution des nombres d'écoles et de salles de classe du primaire des secteurs privé et public par région,Ecoles,,468,Évolution des nombres d'écoles et de salles de classe du primaire des secteurs privé et public par région.csv
2012,Cascades,,Evolution des nombres d'écoles et de salles de classe du primaire des secteurs privé et public par région,Ecoles,,505,Évolution des nombres d'écoles et de salles de classe du primaire des secteurs privé et public par région.csv
2013,Cascades,,Evolution des nombres d'écoles et de salles de classe du primaire des secteurs privé et public par région,Ecoles,,543,Évolution des nombres d'écoles et de salles de classe du primaire des secteurs privé et public par région.csv
2014,Cascades,,Evolution des nombres d'écoles et de salles de classe du primaire des secteurs privé et public par région,Ecoles,,569,Évolution des nombres d'écoles et de salles de classe du primaire des secteurs privé et public par région.csv
2015,Cascades,,Evolution des nombres d'écoles et de salles de classe du primaire des secteurs privé et public par région,Ecoles,,600,Évolution des nombres d'écoles et de salles de classe du primaire des secteurs privé et public par région.csv
2016,Cascades,,Evolution des nombres d'écoles et de salles de classe du primaire des secteurs privé et public par région,Ecoles,,621,Évolution des nombres d'écoles et de salles de classe du primaire des secteurs privé et public par région.csv
2017,Cascades,,Evolution des nombres d'écoles et de salles de classe du primaire des secteurs privé et public par région,Ecoles,,646,Évolution des nombres d'écoles et de salles de classe du primaire des secteurs privé et public par région.csv
2018,Cascades,,Evolution des nombres d'écoles et de salles de classe du primaire des secteurs privé et public par région,Ecoles,,658,Évolution des nombres d'écoles et de salles de classe du primaire des secteurs privé et public par région.csv
2019,Cascades,,Evolution des nombres d'écoles et de salles de classe du primaire des secteurs privé et public par région,Ecoles,,673,Évolution des nombres d'écoles et de salles de classe du primaire des secteurs privé et public par région.csv
2020,Cascades,,Evolution des nombres d'écoles et de salles de classe du primaire des secteurs privé et public par région,Ecoles,,686,Évolution des nombres d'écoles et de salles de classe du primaire des secteurs privé et public par région.csv
2021,Cascades,,Evolution des nombres d'écoles et de salles de classe du primaire des secteurs privé et public par région,Ecoles,,714,Évolution des nombres d'écoles et de salles de classe du primaire des secteurs privé et public par région.csv
2022,Cascades,,Evolution des nombres d'écoles et de salles de classe du primaire des secteurs privé et public par région,Ecoles,,674,Évolution des nombres d'écoles et de salles de classe du primaire des secteurs privé et public par région.csv
2023,Cascades,,Evolution des nombres d'écoles et de salles de classe du primaire des secteurs privé et public par région,Ecoles,,624,Évolution des nombres d'écoles et de salles de classe du primaire des secteurs privé et public par région.csv
1997,Cascades,,Evolution des nombres d'écoles et de salles de classe du primaire des secteurs privé et public par région,Classes,,490,Évolution des nombres d'écoles et de salles de classe du primaire des secteurs privé et public par région.csv
1998,Cascades,,Evolution des nombres d'écoles et de salles de classe du primaire des secteurs privé et public par région,Classes,,544,Évolution des nombres d'écoles et de salles de classe du primaire des secteurs privé et public par région.csv
1999,Cascades,,Evolution des nombres d'écoles et de salles de classe du primaire des secteurs privé et public par région,Classes,,571,Évolution des nombres d'écoles et de salles de classe du primaire des secteurs privé et public par région.csv
2000,Cascades,,Evolution des nombres d'écoles et de salles de classe du primaire des secteurs privé et public par région,Classes,,605,Évolution des nombres d'écoles et de salles de classe du primaire des secteurs privé et public par région.csv
2001,Cascades,,Evolution des nombres d'écoles et de salles de classe du primaire des secteurs privé et public par région,Classes,,644,Évolution des nombres d'écoles et de salles de classe du primaire des secteurs privé et public par région.csv
2002,Cascades,,Evolution des nombres d'écoles et de salles de classe du primaire des secteurs privé et public par région,Classes,,683,Évolution des nombres d'écoles et de salles de classe du primaire des secteurs privé et public par région.csv
2003,Cascades,,Evolution des nombres d'écoles et de salles de classe du primaire des secteurs privé et public par région,Classes,,699,Évolution des nombres d'écoles et de salles de classe du primaire des secteurs privé et public par région.csv
2004,Cascades,,Evolution des nombres d'écoles et de salles de classe du primaire des secteurs privé et public par région,Classes,,754,Évolution des nombres d'écoles et de salles de classe du primaire des secteurs privé et public par région.csv
2005,Cascades,,Evolution des nombres d'écoles et de salles de classe du primaire des secteurs privé et public par région,Classes,,809,Évolution des nombres d'écoles et de salles de classe du primaire des secteurs privé et public par région.csv
2006,Cascades,,Evolution des nombres d'écoles et de salles de classe du primaire des secteurs privé et public par région,Classes,,872,Évolution des nombres d'écoles et de salles de classe du primaire des secteurs privé et public par région.csv
2007,Cascades,,Evolution des nombres d'écoles et de salles de classe du primaire des secteurs privé et public par région,Classes,,972,Évolution des nombres d'écoles et de salles de classe du primaire des secteurs privé et public par région.csv
2008,Cascades,,Evolution des nombres d'écoles et de salles de classe du primaire des secteurs privé et public par région,Classes,,1072,Évolution des nombres d'écoles et de salles de classe du primaire des secteurs privé et public par région.csv
2009,Cascades,,Evolution des nombres d'écoles et de salles de classe du primaire des secteurs privé et public par région,Classes,,1110,Évolution des nombres d'écoles et de salles de classe du primaire des secteurs privé et public par région.csv
2010,Cascades,,Evolution des nombres d'écoles et de salles de classe du primaire des secteurs privé et public par région,Classes,,1330,Évolution des nombres d'écoles et de salles de classe du primaire des secteurs privé et public par région.csv
2011,Cascades,,Evolution des nombres d'écoles et de salles de classe du primaire des secteurs privé et public par région,Classes,,1463,Évolution des nombres d'écoles et de salles de classe du primaire des secteurs privé et public par région.csv
2012,Cascades,,Evolution des nombres d'écoles et de salles de classe du primaire des secteurs privé et public par région,Classes,,1553,Évolution des nombres d'écoles et de salles de classe du primaire des secteurs privé et public par région.csv
2013,Cascades,,Evolution des nombres d'écoles et de salles de classe du primaire des secteurs privé et public par région,Classes,,1754,Évolution des nombres d'écoles et de salles de classe du primaire des secteurs privé et public par région.csv
2014,Cascades,,Evolution des nombres d'écoles et de salles de classe du primaire des secteurs privé et public par région,Classes,,1894,Évolution des nombres d'écoles et de salles de classe du primaire des secteurs privé et public par région.csv
2015,Cascades,,Evolution des nombres d'écoles et de salles de classe du primaire des secteurs privé et public par région,Classes,,2071,Évolution des nombres d'écoles et de salles de classe du primaire des secteurs privé et public par région.csv
2016,Cascades,,Evolution des nombres d'écoles et de salles de classe du primaire des secteurs privé et public par région,Classes,,2246,Évolution des nombres d'écoles et de salles de classe du primaire des secteurs privé et public par région.csv
2017,Cascades,,Evolution des nombres d'écoles et de salles de classe du primaire des secteurs privé et public par région,Classes,,2680,Évolution des nombres d'écoles et de salles de classe du primaire des secteurs privé et public par région.csv
2018,Cascades,,Evolution des nombres d'écoles et de salles de classe du primaire des secteurs privé et public par région,Classes,,2587,Évolution des nombres d'écoles et de salles de classe du primaire des secteurs privé et public par région.csv
2019,Cascades,,Evolution des nombres d'écoles et de salles de classe du primaire des secteurs privé et public par région,Classes,,2668,Évolution des nombres d'écoles et de salles de classe du primaire des secteurs privé et public par région.csv
2020,Cascades,,Evolution des nombres d'écoles et de salles de classe du primaire des secteurs privé et public par région,Classes,,2800,Évolution des nombres d'écoles et de salles de classe du primaire des secteurs privé et public par région.csv
2022,Cascades,,Evolution des nombres d'écoles et de salles de classe du primaire des secteurs privé et public par région,Classes,,2782,Évolution des nombres d'écoles et de salles de classe du primaire des secteurs privé et public par région.csv
2023,Cascades,,Evolution des nombres d'écoles et de salles de classe du primaire des secteurs privé et public par région,Classes,,2590,Évolution des nombres d'écoles et de salles de classe du primaire des secteurs privé et public par région.csv
1997,Centre,,Evolution des nombres d'écoles et de salles de classe du primaire des secteurs privé et public par région,Ecoles,,393,Évolution des nombres d'écoles et de salles de classe du primaire des secteurs privé et public par région.csv
1998,Centre,,Evolution des nombres d'écoles et de salles de classe du primaire des secteurs privé et public par région,Ecoles,,431,Évolution des nombres d'écoles et de salles de classe du primaire des secteurs privé et public par région.csv
1999,Centre,,Evolution des nombres d'écoles et de salles de classe du primaire des secteurs privé et public par région,Ecoles,,465,Évolution des nombres d'écoles et de salles de classe du primaire des secteurs privé et public par région.csv
2000,Centre,,Evolution des nombres d'écoles et de salles de classe du primaire des secteurs privé et public par région,Ecoles,,489,Évolution des nombres d'écoles et de salles de classe du primaire des secteurs privé et public par région.csv
2001,Centre,,Evolution des nombres d'écoles et de salles de classe du primaire des secteurs privé et public par région,Ecoles,,517,Évolution des nombres d'écoles et de salles de classe du primaire des secteurs privé et public par région.csv
2002,Centre,,Evolution des nombres d'écoles et de salles de classe du primaire des secteurs privé et public par région,Ecoles,,546,Évolution des nombres d'écoles et de salles de classe du primaire des secteurs privé et public par région.csv
2003,Centre,,Evolution des nombres d'écoles et de salles de classe du primaire des secteurs privé et public par région,Ecoles,,577,Évolution des nombres d'écoles et de salles de classe du primaire des secteurs privé et public par région.csv
2004,Centre,,Evolution des nombres d'écoles et de salles de classe du primaire des secteurs privé et public par région,Ecoles,,597,Évolution des nombres d'écoles et de salles de classe du primaire des secteurs privé et public par région.csv
2005,Centre,,Evolution des nombres d'écoles et de salles de classe du primaire des secteurs privé et public par région,Ecoles,,638,Évolution des nombres d'écoles et de salles de classe du primaire des secteurs privé et public par région.csv
2006,Centre,,Evolution des nombres d'écoles et de salles de classe du primaire des secteurs privé et public par région,Ecoles,,686,Évolution des nombres d'écoles et de salles de classe du primaire des secteurs privé et public par région.csv
2007,Centre,,Evolution des nombres d'écoles et de salles de classe du primaire des secteurs privé et public par région,Ecoles,,717,Évolution des nombres d'écoles et de salles de classe du primaire des secteurs privé et public par région.csv
2008,Centre,,Evolution des nombres d'écoles et de salles de classe du primaire des secteurs privé et public par région,Ecoles,,742,Évolution des nombres d'écoles et de salles de classe du primaire des secteurs privé et public par région.csv
2009,Centre,,Evolution des nombres d'écoles et de salles de classe du primaire des secteurs privé et public par région,Ecoles,,793,Évolution des nombres d'écoles et de salles de classe du primaire des secteurs privé et public par région.csv
2010,Centre,,Evolution des nombres d'écoles et de salles de classe du primaire des secteurs privé et public par région,Ecoles,,854,Évolution des nombres d'écoles et de salles de classe du primaire des secteurs privé et public par région.csv
2011,Centre,,Evolution des nombres d'écoles et de salles de classe du primaire des secteurs privé et public par région,Ecoles,,896,Évolution des nombres d'écoles et de salles de classe du primaire des secteurs privé et public par région.csv
2012,Centre,,Evolution des nombres d'écoles et de salles de classe du primaire des secteurs privé et public par région,Ecoles,,1082,Évolution des nombres d'écoles et de salles de classe du primaire des secteurs privé et public par région.csv
2013,Centre,,Evolution des nombres d'écoles et de salles de classe du primaire des secteurs privé et public par région,Ecoles,,1183,Évolution des nombres d'écoles et de salles de classe du primaire des secteurs privé et public par région.csv
2014,Centre,,Evolution des nombres d'écoles et de salles de classe du primaire des secteurs privé et public par région,Ecoles,,1278,Évolution des nombres d'écoles et de salles de classe du primaire des secteurs privé et public par région.csv
2015,Centre,,Evolution des nombres d'écoles et de salles de classe du primaire des secteurs privé et public par région,Ecoles,,1513,Évolution des nombres d'écoles et de salles de classe du primaire des secteurs privé et public par région.csv
2016,Centre,,Evolution des nombres d'écoles et de salles de classe du primaire des secteurs privé et public par région,Ecoles,,1688,Évolution des nombres d'écoles et de salles de classe du primaire des secteurs privé et public par région.csv
2017,Centre,,Evolution des nombres d'écoles et de salles de classe du primaire des secteurs privé et public par région,Ecoles,,1817,Évolution des nombres d'écoles et de salles de classe du primaire des secteurs privé et public par région.csv
2018,Centre,,Evolution des nombres d'écoles et de salles de classe du primaire des secteurs privé et public par région,Ecoles,,1850,Évolution des nombres d'écoles et de salles de classe du primaire des secteurs privé et public par région.csv
2019,Centre,,Evolution des nombres d'écoles et de salles de classe du primaire des secteurs privé et public par région,Ecoles,,1948,Évolution des nombres d'écoles et de salles de classe du primaire des secteurs privé et public par région.csv
2020,Centre,,Evolution des nombres d'écoles et de salles de classe du primaire des secteurs privé et public par région,Ecoles,,2030,Évolution des nombres d'écoles et de salles de classe du primaire des secteurs privé et public par région.csv
2022,Centre,,Evolution des nombres d'écoles et de salles de classe du primaire des secteurs privé et public par région,Ecoles,,2070,Évolution des nombres d'écoles et de salles de classe du primaire des secteurs privé et public par région.csv
2023,Centre,,Evolution des nombres d'écoles et de salles de classe du primaire des secteurs privé et public par région,Ecoles,,2177,Évolution des nombres d'écoles et de salles de classe du primaire des secteurs privé et public par région.csv
1997,Centre,,Evolution des nombres d'écoles et de salles de classe du primaire des secteurs privé et public par région,Classes,,2065,Évolution des nombres d'écoles et de salles de classe du primaire des secteurs privé et public par région.csv
1998,Centre,,Evolution des nombres d'écoles et de salles de classe du primaire des secteurs privé et public par région,Classes,,2324,Évolution des nombres d'écoles et de salles de classe du primaire des secteurs privé et public par région.csv
1999,Centre,,Evolution des nombres d'écoles et de salles de classe du primaire des secteurs privé et public par région,Classes,,2456,Évolution des nombres d'écoles et de salles de classe du primaire des secteurs privé et public par région.csv
2000,Centre,,Evolution des nombres d'écoles et de salles de classe du primaire des secteurs privé et public par région,Classes,,2589,Évolution des nombres d'écoles et de salles de classe du primaire des secteurs privé et public par région.csv
2001,Centre,,Evolution des nombres d'écoles et de salles de classe du primaire des secteurs privé et public par région,Classes,,2653,Évolution des nombres d'écoles et de salles de classe du primaire des secteurs privé et public par région.csv
2002,Centre,,Evolution des nombres d'écoles et de salles de classe du primaire des secteurs privé et public par région,Classes,,2932,Évolution des nombres d'écoles et de salles de classe du primaire des secteurs privé et public par région.csv
2003,Centre,,Evolution des nombres d'écoles et de salles de classe du primaire des secteurs privé et public par région,Classes,,2957,Évolution des nombres d'écoles et de salles de classe du primaire des secteurs privé et public par région.csv
2004,Centre,,Evolution des nombres d'écoles et de salles de classe du primaire des secteurs privé et public par région,Classes,,3250,Évolution des nombres d'écoles et de salles de classe du primaire des secteurs privé et public par région.csv
2005,Centre,,Evolution des nombres d'écoles et de salles de classe du primaire des secteurs privé et public par région,Classes,,3463,Évolution des nombres d'écoles et de salles de classe du primaire des secteurs privé et public par région.csv
2006,Centre,,Evolution des nombres d'écoles et de salles de classe du primaire des secteurs privé et public par région,Classes,,3653,Évolution des nombres d'écoles et de salles de classe du primaire des secteurs privé et public par région.csv
2007,Centre,,Evolution des nombres d'écoles et de salles de classe du primaire des secteurs privé et public par région,Classes,,3833,Évolution des nombres d'écoles et de salles de classe du primaire des secteurs privé et public par région.csv
2008,Centre,,Evolution des nombres d'écoles et de salles de classe du primaire des secteurs privé et public par région,Classes,,4025,Évolution des nombres d'écoles et de salles de classe du primaire des secteurs privé et public par région.csv
2009,Centre,,Evolution des nombres d'écoles et de salles de classe du primaire des secteurs privé et public par région,Classes,,4282,Évolution des nombres d'écoles et de salles de classe du primaire des secteurs privé et public par région.csv
2010,Centre,,Evolution des nombres d'écoles et de salles de classe du primaire des secteurs privé et public par région,Classes,,4567,Évolution des nombres d'écoles et de salles de classe du primaire des secteurs privé et public par région.csv
2011,Centre,,Evolution des nombres d'écoles et de salles de classe du primaire des secteurs privé et public par région,Classes,,4854,Évolution des nombres d'écoles et de salles de classe du primaire des secteurs privé et public par région.csv
2012,Centre,,Evolution des nombres d'écoles et de salles de classe du primaire des secteurs privé et public par région,Classes,,5551,Évolution des nombres d'écoles et de salles de classe du primaire des secteurs privé et public par région.csv
2013,Centre,,Evolution des nombres d'écoles et de salles de classe du primaire des secteurs privé et public par région,Classes,,6053,Évolution des nombres d'écoles et de salles de classe du primaire des secteurs privé et public par région.csv
2014,Centre,,Evolution des nombres d'écoles et de salles de classe du primaire des secteurs privé et public par région,Classes,,6479,Évolution des nombres d'écoles et de salles de classe du primaire des secteurs privé et public par région.csv
2015,Centre,,Evolution des nombres d'écoles et de salles de classe du primaire des secteurs privé et public par région,Classes,,7687,Évolution des nombres d'écoles et de salles de classe du primaire des secteurs privé et public par région.csv
2016,Centre,,Evolution des nombres d'écoles et de salles de classe du primaire des secteurs privé et public par région,Classes,,8615,Évolution des nombres d'écoles et de salles de classe du primaire des secteurs privé et public par région.csv
2017,Centre,,Evolution des nombres d'écoles et de salles de classe du primaire des secteurs privé et public par région,Classes,,9737,Évolution des nombres d'écoles et de salles de classe du primaire des secteurs privé et public par région.csv
2018,Centre,,Evolution des nombres d'écoles et de salles de classe du primaire des secteurs privé et public par région,Classes,,9559,Évolution des nombres d'écoles et de salles de classe du primaire des secteurs privé et public par région.csv
2019,Centre,,Evolution des nombres d'écoles et de salles de classe du primaire des secteurs privé et public par région,Classes,,10109,Évolution des nombres d'écoles et de salles de classe du primaire des secteurs privé et public par région.csv
2020,Centre,,Evolution des nombres d'écoles et de salles de classe du primaire des secteurs privé et public par région,Classes,,10630,Évolution des nombres d'écoles et de salles de classe du primaire des secteurs privé et public par région.csv
2022,Centre,,Evolution des nombres d'écoles et de salles de classe du primaire des secteurs privé et public par région,Classes,,11228,Évolution des nombres d'écoles et de salles de classe du primaire des secteurs privé et public par région.csv
2023,Centre,,Evolution des nombres d'écoles et de salles de classe du primaire des secteurs privé et public par région,Classes,,11715,Évolution des nombres d'écoles et de salles de classe du primaire des secteurs privé et public par région.csv
1997,Centre-Est,,Evolution des nombres d'écoles et de salles de classe du primaire des secteurs privé et public par région,Ecoles,,266,Évolution des nombres d'écoles et de salles de classe du primaire des secteurs privé et public par région.csv
1998,Centre-Est,,Evolution des nombres d'écoles et de salles de classe du primaire des secteurs privé et public par région,Ecoles,,281,Évolution des nombres d'écoles et de salles de classe du primaire des secteurs privé et public par région.csv
1999,Centre-Est,,Evolution des nombres d'écoles et de salles de classe du primaire des secteurs privé et public par région,Ecoles,,303,Évolution des nombres d'écoles et de salles de classe du primaire des secteurs privé et public par région.csv
2000,Centre-Est,,Evolution des nombres d'écoles et de salles de classe du primaire des secteurs privé et public par région,Ecoles,,322,Évolution des nombres d'écoles et de salles de classe du primaire des secteurs privé et public par région.csv
2001,Centre-Est,,Evolution des nombres d'écoles et de salles de classe du primaire des secteurs privé et public par région,Ecoles,,349,Évolution des nombres d'écoles et de salles de classe du primaire des secteurs privé et public par région.csv
2002,Centre-Est,,Evolution des nombres d'écoles et de salles de classe du primaire des secteurs privé et public par région,Ecoles,,378,Évolution des nombres d'écoles et de salles de classe du primaire des secteurs privé et public par région.csv
2003,Centre-Est,,Evolution des nombres d'écoles et de salles de classe du primaire des secteurs privé et public par région,Ecoles,,408,Évolution des nombres d'écoles et de salles de classe du primaire des secteurs privé et public par région.csv
2004,Centre-Est,,Evolution des nombres d'écoles et de salles de classe du primaire des secteurs privé et public par région,Ecoles,,447,Évolution des nombres d'écoles et de salles de classe du primaire des secteurs privé et public par région.csv
2005,Centre-Est,,Evolution des nombres d'écoles et de salles de classe du primaire des secteurs privé et public par région,Ecoles,,487,Évolution des nombres d'écoles et de salles de classe du primaire des secteurs privé et public par région.csv
2006,Centre-Est,,Evolution des nombres d'écoles et de salles de classe du primaire des secteurs privé et public par région,Ecoles,,522,Évolution des nombres d'écoles et de salles de classe du primaire des secteurs privé et public par région.csv
2007,Centre-Est,,Evolution des nombres d'écoles et de salles de classe du primaire des secteurs privé et public par région,Ecoles,,553,Évolution des nombres d'écoles et de salles de classe du primaire des secteurs privé et public par région.csv
2008,Centre-Est,,Evolution des nombres d'écoles et de salles de classe du primaire des secteurs privé et public par région,Ecoles,,628,Évolution des nombres d'écoles et de salles de classe du primaire des secteurs privé et public par région.csv
2009,Centre-Est,,Evolution des nombres d'écoles et de salles de classe du primaire des secteurs privé et public par région,Ecoles,,719,Évolution des nombres d'écoles et de salles de classe du primaire des secteurs privé et public par région.csv
2010,Centre-Est,,Evolution des nombres d'écoles et de salles de classe du primaire des secteurs privé et public par région,Ecoles,,755,Évolution des nombres d'écoles et de salles de classe du primaire des secteurs privé et public par région.csv
2011,Centre-Est,,Evolution des nombres d'écoles et de salles de classe du primaire des secteurs privé et public par région,Ecoles,,785,Évolution des nombres d'écoles et de salles de classe du primaire des secteurs privé et public par région.csv
2012,Centre-Est,,Evolution des nombres d'écoles et de salles de classe du primaire des secteurs privé et public par région,Ecoles,,864,Évolution des nombres d'écoles et de salles de classe du primaire des secteurs privé et public par région.csv
2013,Centre-Est,,Evolution des nombres d'écoles et de salles de classe du primaire des secteurs privé et public par région,Ecoles,,946,Évolution des nombres d'écoles et de salles de classe du primaire des secteurs privé et public par région.csv
2014,Centre-Est,,Evolution des nombres d'écoles et de salles de classe du primaire des secteurs privé et public par région,Ecoles,,1028,Évolution des nombres d'écoles et de salles de classe du primaire des secteurs privé et public par région.csv
2015,Centre-Est,,Evolution des nombres d'écoles et de salles de classe du primaire des secteurs privé et public par région,Ecoles,,1094,Évolution des nombres d'écoles et de salles de classe du primaire des secteurs privé et public par région.csv
2016,Centre-Est,,Evolution des nombres d'écoles et de salles de classe du primaire des secteurs privé et public par région,Ecoles,,1164,Évolution des nombres d'écoles et de salles de classe du primaire des secteurs privé et public par région.csv
2017,Centre-Est,,Evolution des nombres d'écoles et de salles de classe du primaire des secteurs privé et public par région,Ecoles,,1192,Évolution des nombres d'écoles et de salles de classe du primaire des secteurs privé et public par région.csv
2018,Centre-Est,,Evolution des nombres d'écoles et de salles de classe du primaire des secteurs privé et public par région,Ecoles,,1217,Évolution des nombres d'écoles et de salles de classe du primaire des secteurs privé et public par région.csv
2019,Centre-Est,,Evolution des nombres d'écoles et de salles de classe du primaire des secteurs privé et public par région,Ecoles,,1193,Évolution des nombres d'écoles et de salles de classe du primaire des secteurs privé et public par région.csv
2020,Centre-Est,,Evolution des nombres d'écoles et de salles de classe du primaire des secteurs privé et public par région,Ecoles,,1209,Évolution des nombres d'écoles et de salles de classe du primaire des secteurs privé et public par région.csv
2022,Centre-Est,,Evolution des nombres d'écoles et de salles de classe du primaire des secteurs privé et public par région,Ecoles,,1289,Évolution des nombres d'écoles et de salles de classe du primaire des secteurs privé et public par région.csv
2023,Centre-Est,,Evolution des nombres d'écoles et de salles de classe du primaire des secteurs privé et public par région,Ecoles,,1098,Évolution des nombres d'écoles et de salles de classe du primaire des secteurs privé et public par région.csv
1997,Centre-Est,,Evolution des nombres d'écoles et de salles de classe du primaire des secteurs privé et public par région,Classes,,900,Évolution des nombres d'écoles et de salles de classe du primaire des secteurs privé et public par région.csv
1998,Centre-Est,,Evolution des nombres d'écoles et de salles de classe du primaire des secteurs privé et public par région,Classes,,985,Évolution des nombres d'écoles et de salles de classe du primaire des secteurs privé et public par région.csv
1999,Centre-Est,,Evolution des nombres d'écoles et de salles de classe du primaire des secteurs privé et public par région,Classes,,1041,Évolution des nombres d'écoles et de salles de classe du primaire des secteurs privé et public par région.csv
2000,Centre-Est,,Evolution des nombres d'écoles et de salles de classe du primaire des secteurs privé et public par région,Classes,,1129,Évolution des nombres d'écoles et de salles de classe du primaire des secteurs privé et public par région.csv
2001,Centre-Est,,Evolution des nombres d'écoles et de salles de classe du primaire des secteurs privé et public par région,Classes,,1131,Évolution des nombres d'écoles et de salles de classe du primaire des secteurs privé et public par région.csv
2002,Centre-Est,,Evolution des nombres d'écoles et de salles de classe du primaire des secteurs privé et public par région,Classes,,1327,Évolution des nombres d'écoles et de salles de classe du primaire des secteurs privé et public par région.csv
2003,Centre-Est,,Evolution des nombres d'écoles et de salles de classe du primaire des secteurs privé et public par région,Classes,,1401,Évolution des nombres d'écoles et de salles de classe du primaire des secteurs privé et public par région.csv
2004,Centre-Est,,Evolution des nombres d'écoles et de salles de classe du primaire des secteurs privé et public par région,Classes,,1606,Évolution des nombres d'écoles et de salles de classe du primaire des secteurs privé et public par région.csv
2005,Centre-Est,,Evolution des nombres d'écoles et de salles de classe du primaire des secteurs privé et public par région,Classes,,1753,Évolution des nombres d'écoles et de salles de classe du primaire des secteurs privé et public par région.csv
2006,Centre-Est,,Evolution des nombres d'écoles et de salles de classe du primaire des secteurs privé et public par région,Classes,,1898,Évolution des nombres d'écoles et de salles de classe du primaire des secteurs privé et public par région.csv
2007,Centre-Est,,Evolution des nombres d'écoles et de salles de classe du primaire des secteurs privé et public par région,Classes,,2070,Évolution des nombres d'écoles et de salles de classe du primaire des secteurs privé et public par région.csv
2008,Centre-Est,,Evolution des nombres d'écoles et de salles de classe du primaire des secteurs privé et public par région,Classes,,2376,Évolution des nombres d'écoles et de salles de classe du primaire des secteurs privé et public par région.csv
2009,Centre-Est,,Evolution des nombres d'écoles et de salles de classe du primaire des secteurs privé et public par région,Classes,,2703,Évolution des nombres d'écoles et de salles de classe du primaire des secteurs privé et public par région.csv
2010,Centre-Est,,Evolution des nombres d'écoles et de salles de classe du primaire des secteurs privé et public par région,Classes,,2928,Évolution des nombres d'écoles et de salles de classe du primaire des secteurs privé et public par région.csv
2011,Centre-Est,,Evolution des nombres d'écoles et de salles de classe du primaire des secteurs privé et public par région,Classes,,3115,Évolution des nombres d'écoles et de salles de classe du primaire des secteurs privé et public par région.csv
2012,Centre-Est,,Evolution des nombres d'écoles et de salles de classe du primaire des secteurs privé et public par région,Classes,,3353,Évolution des nombres d'écoles et de salles de classe du primaire des secteurs privé et public par région.csv
2013,Centre-Est,,Evolution des nombres d'écoles et de salles de classe du primaire des secteurs privé et public par région,Classes,,3686,Évolution des nombres d'écoles et de salles de classe du primaire des secteurs privé et public par région.csv
2014,Centre-Est,,Evolution des nombres d'écoles et de salles de classe du primaire des secteurs privé et public par région,Classes,,4027,Évolution des nombres d'écoles et de salles de classe du primaire des secteurs privé et public par région.csv
2015,Centre-Est,,Evolution des nombres d'écoles et de salles de classe du primaire des secteurs privé et public par région,Classes,,4351,Évolution des nombres d'écoles et de salles de classe du primaire des secteurs privé et public par région.csv
2016,Centre-Est,,Evolution des nombres d'écoles et de salles de classe du primaire des secteurs privé et public par région,Classes,,4725,Évolution des nombres d'écoles et de salles de classe du primaire des secteurs privé et public par région.csv
2017,Centre-Est,,Evolution des nombres d'écoles et de salles de classe du primaire des secteurs privé et public par région,Classes,,5393,Évolution des nombres d'écoles et de salles de classe du primaire des secteurs privé et public par région.csv
2018,Centre-Est,,Evolution des nombres d'écoles et de salles de classe du primaire des secteurs privé et public par région,Classes,,5195,Évolution des nombres d'écoles et de salles de classe du primaire des secteurs privé et public par région.csv
2019,Centre-Est,,Evolution des nombres d'écoles et de salles de classe du primaire des secteurs privé et public par région,Classes,,5228,Évolution des nombres d'écoles et de salles de classe du primaire des secteurs privé et public par région.csv
2020,Centre-Est,,Evolution des nombres d'écoles et de salles de classe du primaire des secteurs privé et public par région,Classes,,5440,Évolution des nombres d'écoles et de salles de classe du primaire des secteurs privé et public par région.csv
2022,Centre-Est,,Evolution des nombres d'écoles et de salles de classe du primaire des secteurs privé et public par région,Classes,,5626,Évolution des nombres d'écoles et de salles de classe du primaire des secteurs privé et public par région.csv
2023,Centre-Est,,Evolution des nombres d'écoles et de salles de classe du primaire des secteurs privé et public par région,Classes,,5023,Évolution des nombres d'écoles et de salles de classe du primaire des secteurs privé et public par région.csv
1997,Centre-Nord,,Evolution des nombres d'écoles et de salles de classe du primaire des secteurs privé et public par région,Ecoles,,296,Évolution des nombres d'écoles et de salles de classe du primaire des secteurs privé et public par région.csv
1998,Centre-Nord,,Evolution des nombres d'écoles et de salles de classe du primaire des secteurs privé et public par région,Ecoles,,315,Évolution des nombres d'écoles et de salles de classe du primaire des secteurs privé et public par région.csv
1999,Centre-Nord,,Evolution des nombres d'écoles et de salles de classe du primaire des secteurs privé et public par région,Ecoles,,365,Évolution des nombres d'écoles et de salles de classe du primaire des secteurs privé et public par région.csv
2000,Centre-Nord,,Evolution des nombres d'écoles et de salles de classe du primaire des secteurs privé et public par région,Ecoles,,385,Évolution des nombres d'écoles et de salles de classe du primaire des secteurs privé et public par région.csv
2001,Centre-Nord,,Evolution des nombres d'écoles et de salles de classe du primaire des secteurs privé et public par région,Ecoles,,397,Évolution des nombres d'écoles et de salles de classe du primaire des secteurs privé et public par région.csv
2002,Centre-Nord,,Evolution des nombres d'écoles et de salles de classe du primaire des secteurs privé et public par région,Ecoles,,425,Évolution des nombres d'écoles et de salles de classe du primaire des secteurs privé et public par région.csv
2003,Centre-Nord,,Evolution des nombres d'écoles et de salles de classe du primaire des secteurs privé et public par région,Ecoles,,468,Évolution des nombres d'écoles et de salles de classe du primaire des secteurs privé et public par région.csv
2004,Centre-Nord,,Evolution des nombres d'écoles et de salles de classe du primaire des secteurs privé et public par région,Ecoles,,522,Évolution des nombres d'écoles et de salles de classe du primaire des secteurs privé et public par région.csv
2005,Centre-Nord,,Evolution des nombres d'écoles et de salles de classe du primaire des secteurs privé et public par région,Ecoles,,554,Évolution des nombres d'écoles et de salles de classe du primaire des secteurs privé et public par région.csv
2006,Centre-Nord,,Evolution des nombres d'écoles et de salles de classe du primaire des secteurs privé et public par région,Ecoles,,616,Évolution des nombres d'écoles et de salles de classe du primaire des secteurs privé et public par région.csv
2007,Centre-Nord,,Evolution des nombres d'écoles et de salles de classe du primaire des secteurs privé et public par région,Ecoles,,668,Évolution des nombres d'écoles et de salles de classe du primaire des secteurs privé et public par région.csv
2008,Centre-Nord,,Evolution des nombres d'écoles et de salles de classe du primaire des secteurs privé et public par région,Ecoles,,731,Évolution des nombres d'écoles et de salles de classe du primaire des secteurs privé et public par région.csv
2009,Centre-Nord,,Evolution des nombres d'écoles et de salles de classe du primaire des secteurs privé et public par région,Ecoles,,806,Évolution des nombres d'écoles et de salles de classe du primaire des secteurs privé et public par région.csv
2010,Centre-Nord,,Evolution des nombres d'écoles et de salles de classe du primaire des secteurs privé et public par région,Ecoles,,833,Évolution des nombres d'écoles et de salles de classe du primaire des secteurs privé et public par région.csv
2011,Centre-Nord,,Evolution des nombres d'écoles et de salles de classe du primaire des secteurs privé et public par région,Ecoles,,877,Évolution des nombres d'écoles et de salles de classe du primaire des secteurs privé et public par région.csv
2012,Centre-Nord,,Evolution des nombres d'écoles et de salles de classe du primaire des secteurs privé et public par région,Ecoles,,935,Évolution des nombres d'écoles et de salles de classe du primaire des secteurs privé et public par région.csv
2013,Centre-Nord,,Evolution des nombres d'écoles et de salles de classe du primaire des secteurs privé et public par région,Ecoles,,997,Évolution des nombres d'écoles et de salles de classe du primaire des secteurs privé et public par région.csv
2014,Centre-Nord,,Evolution des nombres d'écoles et de salles de classe du primaire des secteurs privé et public par région,Ecoles,,1084,Évolution des nombres d'écoles et de salles de classe du primaire des secteurs privé et public par région.csv
2015,Centre-Nord,,Evolution des nombres d'écoles et de salles de classe du primaire des secteurs privé et public par région,Ecoles,,1150,Évolution des nombres d'écoles et de salles de classe du primaire des secteurs privé et public par région.csv
2016,Centre-Nord,,Evolution des nombres d'écoles et de salles de classe du primaire des secteurs privé et public par région,Ecoles,,1228,Évolution des nombres d'écoles et de salles de classe du primaire des secteurs privé et public par région.csv
2017,Centre-Nord,,Evolution des nombres d'écoles et de salles de classe du primaire des secteurs privé et public par région,Ecoles,,1315,Évolution des nombres d'écoles et de salles de classe du primaire des secteurs privé et public par région.csv
2018,Centre-Nord,,Evolution des nombres d'écoles et de salles de classe du primaire des secteurs privé et public par région,Ecoles,,1375,Évolution des nombres d'écoles et de salles de classe du primaire des secteurs privé et public par région.csv
2019,Centre-Nord,,Evolution des nombres d'écoles et de salles de classe du primaire des secteurs privé et public par région,Ecoles,,1375,Évolution des nombres d'écoles et de salles de classe du primaire des secteurs privé et public par région.csv
2020,Centre-Nord,,Evolution des nombres d'écoles et de salles de classe du primaire des secteurs privé et public par région,Ecoles,,1079,Évolution des nombres d'écoles et de salles de classe du primaire des secteurs privé et public par région.csv
2022,Centre-Nord,,Evolution des nombres d'écoles et de salles de classe du primaire des secteurs privé et public par région,Ecoles,,1171,Évolution des nombres d'écoles et de salles de classe du primaire des secteurs privé et public par région.csv
2023,Centre-Nord,,Evolution des nombres d'écoles et de salles de classe du primaire des secteurs privé et public par région,Ecoles,,822,Évolution des nombres d'écoles et de salles de classe du primaire des secteurs privé et public par région.csv
1997,Centre-Nord,,Evolution des nombres d'écoles et de salles de classe du primaire des secteurs privé et public par région,Classes,,923,Évolution des nombres d'écoles et de salles de classe du primaire des secteurs privé et public par région.csv
1998,Centre-Nord,,Evolution des nombres d'écoles et de salles de classe du primaire des secteurs privé et public par région,Classes,,1030,Évolution des nombres d'écoles et de salles de classe du primaire des secteurs privé et public par région.csv
1999,Centre-Nord,,Evolution des nombres d'écoles et de salles de classe du primaire des secteurs privé et public par région,Classes,,1118,Évolution des nombres d'écoles et de salles de classe du primaire des secteurs privé et public par région.csv
2000,Centre-Nord,,Evolution des nombres d'écoles et de salles de classe du primaire des secteurs privé et public par région,Classes,,1169,Évolution des nombres d'écoles et de salles de classe du primaire des secteurs privé et public par région.csv
2001,Centre-Nord,,Evolution des nombres d'écoles et de salles de classe du primaire des secteurs privé et public par région,Classes,,1189,Évolution des nombres d'écoles et de salles de classe du primaire des secteurs privé et public par région.csv
2002,Centre-Nord,,Evolution des nombres d'écoles et de salles de classe du primaire des secteurs privé et public par région,Classes,,1341,Évolution des nombres d'écoles et de salles de classe du primaire des secteurs privé et public par région.csv
2003,Centre-Nord,,Evolution des nombres d'écoles et de salles de classe du primaire des secteurs privé et public par région,Classes,,1405,Évolution des nombres d'écoles et de salles de classe du primaire des secteurs privé et public par région.csv
2004,Centre-Nord,,Evolution des nombres d'écoles et de salles de classe du primaire des secteurs privé et public par région,Classes,,1570,Évolution des nombres d'écoles et de salles de classe du primaire des secteurs privé et public par région.csv
2005,Centre-Nord,,Evolution des nombres d'écoles et de salles de classe du primaire des secteurs privé et public par région,Classes,,1678,Évolution des nombres d'écoles et de salles de classe du primaire des secteurs privé et public par région.csv
2006,Centre-Nord,,Evolution des nombres d'écoles et de salles de classe du primaire des secteurs privé et public par région,Classes,,1894,Évolution des nombres d'écoles et de salles de classe du primaire des secteurs privé et public par région.csv
2007,Centre-Nord,,Evolution des nombres d'écoles et de salles de classe du primaire des secteurs privé et public par région,Classes,,2140,Évolution des nombres d'écoles et de salles de classe du primaire des secteurs privé et public par région.csv
2008,Centre-Nord,,Evolution des nombres d'écoles et de salles de classe du primaire des secteurs privé et public par région,Classes,,2498,Évolution des nombres d'écoles et de salles de classe du primaire des secteurs privé et public par région.csv
2009,Centre-Nord,,Evolution des nombres d'écoles et de salles de classe du primaire des secteurs privé et public par région,Classes,,2817,Évolution des nombres d'écoles et de salles de classe du primaire des secteurs privé et public par région.csv
2010,Centre-Nord,,Evolution des nombres d'écoles et de salles de classe du primaire des secteurs privé et public par région,Classes,,3100,Évolution des nombres d'écoles et de salles de classe du primaire des secteurs privé et public par région.csv
2011,Centre-Nord,,Evolution des nombres d'écoles et de salles de classe du primaire des secteurs privé et public par région,Classes,,3200,Évolution des nombres d'écoles et de salles de classe du primaire des secteurs privé et public par région.csv
2012,Centre-Nord,,Evolution des nombres d'écoles et de salles de classe du primaire des secteurs privé et public par région,Classes,,3344,Évolution des nombres d'écoles et de salles de classe du primaire des secteurs privé et public par région.csv
2013,Centre-Nord,,Evolution des nombres d'écoles et de salles de classe du primaire des secteurs privé et public par région,Classes,,3589,Évolution des nombres d'écoles et de salles de classe du primaire des secteurs privé et public par région.csv
2014,Centre-Nord,,Evolution des nombres d'écoles et de salles de classe du primaire des secteurs privé et public par région,Classes,,3690,Évolution des nombres d'écoles et de salles de classe du primaire des secteurs privé et public par région.csv
2015,Centre-Nord,,Evolution des nombres d'écoles et de salles de classe du primaire des secteurs privé et public par région,Classes,,4084,Évolution des nombres d'écoles et de salles de classe du primaire des secteurs privé et public par région.csv
2016,Centre-Nord,,Evolution des nombres d'écoles et de salles de classe du primaire des secteurs privé et public par région,Classes,,4488,Évolution des nombres d'écoles et de salles de classe du primaire des secteurs privé et public par région.csv
2017,Centre-Nord,,Evolution des nombres d'écoles et de salles de classe du primaire des secteurs privé et public par région,Classes,,5334,Évolution des nombres d'écoles et de salles de classe du primaire des secteurs privé et public par région.csv
2018,Centre-Nord,,Evolution des nombres d'écoles et de salles de classe du primaire des secteurs privé et public par région,Classes,,5231,Évolution des nombres d'écoles et de salles de classe du primaire des secteurs privé et public par région.csv
2019,Centre-Nord,,Evolution des nombres d'écoles et de salles de classe du primaire des secteurs privé et public par région,Classes,,5406,Évolution des nombres d'écoles et de salles de classe du primaire des secteurs privé et public par région.csv
2020,Centre-Nord,,Evolution des nombres d'écoles et de salles de classe du primaire des secteurs privé et public par région,Classes,,4507,Évolution des nombres d'écoles et de salles de classe du primaire des secteurs privé et public par région.csv
2022,Centre-Nord,,Evolution des nombres d'écoles et de salles de classe du primaire des secteurs privé et public par région,Classes,,4898,Évolution des nombres d'écoles et de salles de classe du primaire des secteurs privé et public par région.csv
2023,Centre-Nord,,Evolution des nombres d'écoles et de salles de classe du primaire des secteurs privé et public par région,Classes,,3451,Évolution des nombres d'écoles et de salles de classe du primaire des secteurs privé et public par région.csv
1997,Centre-Ouest,,Evolution des nombres d'écoles et de salles de classe du primaire des secteurs privé et public par région,Ecoles,,416,Évolution des nombres d'écoles et de salles de classe du primaire des secteurs privé et public par région.csv
1998,Centre-Ouest,,Evolution des nombres d'écoles et de salles de classe du primaire des secteurs privé et public par région,Ecoles,,441,Évolution des nombres d'écoles et de salles de classe du primaire des secteurs privé et public par région.csv
1999,Centre-Ouest,,Evolution des nombres d'écoles et de salles de classe du primaire des secteurs privé et public par région,Ecoles,,468,Évolution des nombres d'écoles et de salles de classe du primaire des secteurs privé et public par région.csv
2000,Centre-Ouest,,Evolution des nombres d'écoles et de salles de classe du primaire des secteurs privé et public par région,Ecoles,,490,Évolution des nombres d'écoles et de salles de classe du primaire des secteurs privé et public par région.csv
2001,Centre-Ouest,,Evolution des nombres d'écoles et de salles de classe du primaire des secteurs privé et public par région,Ecoles,,523,Évolution des nombres d'écoles et de salles de classe du primaire des secteurs privé et public par région.csv
2002,Centre-Ouest,,Evolution des nombres d'écoles et de salles de classe du primaire des secteurs privé et public par région,Ecoles,,545,Évolution des nombres d'écoles et de salles de classe du primaire des secteurs privé et public par région.csv
2003,Centre-Ouest,,Evolution des nombres d'écoles et de salles de classe du primaire des secteurs privé et public par région,Ecoles,,594,Évolution des nombres d'écoles et de salles de classe du primaire des secteurs privé et public par région.csv
2004,Centre-Ouest,,Evolution des nombres d'écoles et de salles de classe du primaire des secteurs privé et public par région,Ecoles,,619,Évolution des nombres d'écoles et de salles de classe du primaire des secteurs privé et public par région.csv
2005,Centre-Ouest,,Evolution des nombres d'écoles et de salles de classe du primaire des secteurs privé et public par région,Ecoles,,681,Évolution des nombres d'écoles et de salles de classe du primaire des secteurs privé et public par région.csv
2006,Centre-Ouest,,Evolution des nombres d'écoles et de salles de classe du primaire des secteurs privé et public par région,Ecoles,,732,Évolution des nombres d'écoles et de salles de classe du primaire des secteurs privé et public par région.csv
2007,Centre-Ouest,,Evolution des nombres d'écoles et de salles de classe du primaire des secteurs privé et public par région,Ecoles,,802,Évolution des nombres d'écoles et de salles de classe du primaire des secteurs privé et public par région.csv
2008,Centre-Ouest,,Evolution des nombres d'écoles et de salles de classe du primaire des secteurs privé et public par région,Ecoles,,854,Évolution des nombres d'écoles et de salles de classe du primaire des secteurs privé et public par région.csv
2009,Centre-Ouest,,Evolution des nombres d'écoles et de salles de classe du primaire des secteurs privé et public par région,Ecoles,,945,Évolution des nombres d'écoles et de salles de classe du primaire des secteurs privé et public par région.csv
2010,Centre-Ouest,,Evolution des nombres d'écoles et de salles de classe du primaire des secteurs privé et public par région,Ecoles,,959,Évolution des nombres d'écoles et de salles de classe du primaire des secteurs privé et public par région.csv
2011,Centre-Ouest,,Evolution des nombres d'écoles et de salles de classe du primaire des secteurs privé et public par région,Ecoles,,1002,Évolution des nombres d'écoles et de salles de classe du primaire des secteurs privé et public par région.csv
2012,Centre-Ouest,,Evolution des nombres d'écoles et de salles de classe du primaire des secteurs privé et public par région,Ecoles,,1059,Évolution des nombres d'écoles et de salles de classe du primaire des secteurs privé et public par région.csv
2013,Centre-Ouest,,Evolution des nombres d'écoles et de salles de classe du primaire des secteurs privé et public par région,Ecoles,,1120,Évolution des nombres d'écoles et de salles de classe du primaire des secteurs privé et public par région.csv
2014,Centre-Ouest,,Evolution des nombres d'écoles et de salles de classe du primaire des secteurs privé et public par région,Ecoles,,1175,Évolution des nombres d'écoles et de salles de classe du primaire des secteurs privé et public par région.csv
2015,Centre-Ouest,,Evolution des nombres d'écoles et de salles de classe du primaire des secteurs privé et public par région,Ecoles,,1208,Évolution des nombres d'écoles et de salles de classe du primaire des secteurs privé et public par région.csv
2016,Centre-Ouest,,Evolution des nombres d'écoles et de salles de classe du primaire des secteurs privé et public par région,Ecoles,,1257,Évolution des nombres d'écoles et de salles de classe du primaire des secteurs privé et public par région.csv
2017,Centre-Ouest,,Evolution des nombres d'écoles et de salles de classe du primaire des secteurs privé et public par région,Ecoles,,1287,Évolution des nombres d'écoles et de salles de classe du primaire des secteurs privé et public par région.csv
2018,Centre-Ouest,,Evolution des nombres d'écoles et de salles de classe du primaire des secteurs privé et public par région,Ecoles,,1283,Évolution des nombres d'écoles et de salles de classe du primaire des secteurs privé et public par région.csv
2019,Centre-Ouest,,Evolution des nombres d'écoles et de salles de classe du primaire des secteurs privé et public par région,Ecoles,,1326,Évolution des nombres d'écoles et de salles de classe du primaire des secteurs privé et public par région.csv
2020,Centre-Ouest,,Evolution des nombres d'écoles et de salles de classe du primaire des secteurs privé et public par région,Ecoles,,1348,Évolution des nombres d'écoles et de salles de classe du primaire des secteurs privé et public par région.csv
2022,Centre-Ouest,,Evolution des nombres d'écoles et de salles de classe du primaire des secteurs privé et public par région,Ecoles,,1381,Évolution des nombres d'écoles et de salles de classe du primaire des secteurs privé et public par région.csv
2023,Centre-Ouest,,Evolution des nombres d'écoles et de salles de classe du primaire des secteurs privé et public par région,Ecoles,,1337,Évolution des nombres d'écoles et de salles de classe du primaire des secteurs privé et public par région.csv
1997,Centre-Ouest,,Evolution des nombres d'écoles et de salles de classe du primaire des secteurs privé et public par région,Classes,,1399,Évolution des nombres d'écoles et de salles de classe du primaire des secteurs privé et public par région.csv
1998,Centre-Ouest,,Evolution des nombres d'écoles et de salles de classe du primaire des secteurs privé et public par région,Classes,,1559,Évolution des nombres d'écoles et de salles de classe du primaire des secteurs privé et public par région.csv
1999,Centre-Ouest,,Evolution des nombres d'écoles et de salles de classe du primaire des secteurs privé et public par région,Classes,,1630,Évolution des nombres d'écoles et de salles de classe du primaire des secteurs privé et public par région.csv
2000,Centre-Ouest,,Evolution des nombres d'écoles et de salles de classe du primaire des secteurs privé et public par région,Classes,,1716,Évolution des nombres d'écoles et de salles de classe du primaire des secteurs privé et public par région.csv
2001,Centre-Ouest,,Evolution des nombres d'écoles et de salles de classe du primaire des secteurs privé et public par région,Classes,,1724,Évolution des nombres d'écoles et de salles de classe du primaire des secteurs privé et public par région.csv
2002,Centre-Ouest,,Evolution des nombres d'écoles et de salles de classe du primaire des secteurs privé et public par région,Classes,,1926,Évolution des nombres d'écoles et de salles de classe du primaire des secteurs privé et public par région.csv
2003,Centre-Ouest,,Evolution des nombres d'écoles et de salles de classe du primaire des secteurs privé et public par région,Classes,,2050,Évolution des nombres d'écoles et de salles de classe du primaire des secteurs privé et public par région.csv
2004,Centre-Ouest,,Evolution des nombres d'écoles et de salles de classe du primaire des secteurs privé et public par région,Classes,,2247,Évolution des nombres d'écoles et de salles de classe du primaire des secteurs privé et public par région.csv
2005,Centre-Ouest,,Evolution des nombres d'écoles et de salles de classe du primaire des secteurs privé et public par région,Classes,,2462,Évolution des nombres d'écoles et de salles de classe du primaire des secteurs privé et public par région.csv
2006,Centre-Ouest,,Evolution des nombres d'écoles et de salles de classe du primaire des secteurs privé et public par région,Classes,,2639,Évolution des nombres d'écoles et de salles de classe du primaire des secteurs privé et public par région.csv
2007,Centre-Ouest,,Evolution des nombres d'écoles et de salles de classe du primaire des secteurs privé et public par région,Classes,,2927,Évolution des nombres d'écoles et de salles de classe du primaire des secteurs privé et public par région.csv
2008,Centre-Ouest,,Evolution des nombres d'écoles et de salles de classe du primaire des secteurs privé et public par région,Classes,,3156,Évolution des nombres d'écoles et de salles de classe du primaire des secteurs privé et public par région.csv
2009,Centre-Ouest,,Evolution des nombres d'écoles et de salles de classe du primaire des secteurs privé et public par région,Classes,,3492,Évolution des nombres d'écoles et de salles de classe du primaire des secteurs privé et public par région.csv
2010,Centre-Ouest,,Evolution des nombres d'écoles et de salles de classe du primaire des secteurs privé et public par région,Classes,,3591,Évolution des nombres d'écoles et de salles de classe du primaire des secteurs privé et public par région.csv
2011,Centre-Ouest,,Evolution des nombres d'écoles et de salles de classe du primaire des secteurs privé et public par région,Classes,,3926,Évolution des nombres d'écoles et de salles de classe du primaire des secteurs privé et public par région.csv
2012,Centre-Ouest,,Evolution des nombres d'écoles et de salles de classe du primaire des secteurs privé et public par région,Classes,,4165,Évolution des nombres d'écoles et de salles de classe du primaire des secteurs privé et public par région.csv
2013,Centre-Ouest,,Evolution des nombres d'écoles et de salles de classe du primaire des secteurs privé et public par région,Classes,,4516,Évolution des nombres d'écoles et de salles de classe du primaire des secteurs privé et public par région.csv
2014,Centre-Ouest,,Evolution des nombres d'écoles et de salles de classe du primaire des secteurs privé et public par région,Classes,,4739,Évolution des nombres d'écoles et de salles de classe du primaire des secteurs privé et public par région.csv
2015,Centre-Ouest,,Evolution des nombres d'écoles et de salles de classe du primaire des secteurs privé et public par région,Classes,,5059,Évolution des nombres d'écoles et de salles de classe du primaire des secteurs privé et public par région.csv
2016,Centre-Ouest,,Evolution des nombres d'écoles et de salles de classe du primaire des secteurs privé et public par région,Classes,,5518,Évolution des nombres d'écoles et de salles de classe du primaire des secteurs privé et public par région.csv
2017,Centre-Ouest,,Evolution des nombres d'écoles et de salles de classe du primaire des secteurs privé et public par région,Classes,,5878,Évolution des nombres d'écoles et de salles de classe du primaire des secteurs privé et public par région.csv
2018,Centre-Ouest,,Evolution des nombres d'écoles et de salles de classe du primaire des secteurs privé et public par région,Classes,,6088,Évolution des nombres d'écoles et de salles de classe du primaire des secteurs privé et public par région.csv
2019,Centre-Ouest,,Evolution des nombres d'écoles et de salles de classe du primaire des secteurs privé et public par région,Classes,,6334,Évolution des nombres d'écoles et de salles de classe du primaire des secteurs privé et public par région.csv
2020,Centre-Ouest,,Evolution des nombres d'écoles et de salles de classe du primaire des secteurs privé et public par région,Classes,,6545,Évolution des nombres d'écoles et de salles de classe du primaire des secteurs privé et public par région.csv
2022,Centre-Ouest,,Evolution des nombres d'écoles et de salles de classe du primaire des secteurs privé et public par région,Classes,,6668,Évolution des nombres d'écoles et de salles de classe du primaire des secteurs privé et public par région.csv
2023,Centre-Ouest,,Evolution des nombres d'écoles et de salles de classe du primaire des secteurs privé et public par région,Classes,,6533,Évolution des nombres d'écoles et de salles de classe du primaire des secteurs privé et public par région.csv
1997,Centre-Sud,,Evolution des nombres d'écoles et de salles de classe du primaire des secteurs privé et public par région,Ecoles,,231,Évolution des nombres d'écoles et de salles de classe du primaire des secteurs privé et public par région.csv
1998,Centre-Sud,,Evolution des nombres d'écoles et de salles de classe du primaire des secteurs privé et public par région,Ecoles,,239,Évolution des nombres d'écoles et de salles de classe du primaire des secteurs privé et public par région.csv
1999,Centre-Sud,,Evolution des nombres d'écoles et de salles de classe du primaire des secteurs privé et public par région,Ecoles,,265,Évolution des nombres d'écoles et de salles de classe du primaire des secteurs privé et public par région.csv
2000,Centre-Sud,,Evolution des nombres d'écoles et de salles de classe du primaire des secteurs privé et public par région,Ecoles,,273,Évolution des nombres d'écoles et de salles de classe du primaire des secteurs privé et public par région.csv
2001,Centre-Sud,,Evolution des nombres d'écoles et de salles de classe du primaire des secteurs privé et public par région,Ecoles,,282,Évolution des nombres d'écoles et de salles de classe du primaire des secteurs privé et public par région.csv
2002,Centre-Sud,,Evolution des nombres d'écoles et de salles de classe du primaire des secteurs privé et public par région,Ecoles,,287,Évolution des nombres d'écoles et de salles de classe du primaire des secteurs privé et public par région.csv
2003,Centre-Sud,,Evolution des nombres d'écoles et de salles de classe du primaire des secteurs privé et public par région,Ecoles,,291,Évolution des nombres d'écoles et de salles de classe du primaire des secteurs privé et public par région.csv
2004,Centre-Sud,,Evolution des nombres d'écoles et de salles de classe du primaire des secteurs privé et public par région,Ecoles,,310,Évolution des nombres d'écoles et de salles de classe du primaire des secteurs privé et public par région.csv
2005,Centre-Sud,,Evolution des nombres d'écoles et de salles de classe du primaire des secteurs privé et public par région,Ecoles,,360,Évolution des nombres d'écoles et de salles de classe du primaire des secteurs privé et public par région.csv
2006,Centre-Sud,,Evolution des nombres d'écoles et de salles de classe du primaire des secteurs privé et public par région,Ecoles,,380,Évolution des nombres d'écoles et de salles de classe du primaire des secteurs privé et public par région.csv
2007,Centre-Sud,,Evolution des nombres d'écoles et de salles de classe du primaire des secteurs privé et public par région,Ecoles,,397,Évolution des nombres d'écoles et de salles de classe du primaire des secteurs privé et public par région.csv
2008,Centre-Sud,,Evolution des nombres d'écoles et de salles de classe du primaire des secteurs privé et public par région,Ecoles,,426,Évolution des nombres d'écoles et de salles de classe du primaire des secteurs privé et public par région.csv
2009,Centre-Sud,,Evolution des nombres d'écoles et de salles de classe du primaire des secteurs privé et public par région,Ecoles,,464,Évolution des nombres d'écoles et de salles de classe du primaire des secteurs privé et public par région.csv
2010,Centre-Sud,,Evolution des nombres d'écoles et de salles de classe du primaire des secteurs privé et public par région,Ecoles,,478,Évolution des nombres d'écoles et de salles de classe du primaire des secteurs privé et public par région.csv
2011,Centre-Sud,,Evolution des nombres d'écoles et de salles de classe du primaire des secteurs privé et public par région,Ecoles,,506,Évolution des nombres d'écoles et de salles de classe du primaire des secteurs privé et public par région.csv
2012,Centre-Sud,,Evolution des nombres d'écoles et de salles de classe du primaire des secteurs privé et public par région,Ecoles,,534,Évolution des nombres d'écoles et de salles de classe du primaire des secteurs privé et public par région.csv
2013,Centre-Sud,,Evolution des nombres d'écoles et de salles de classe du primaire des secteurs privé et public par région,Ecoles,,571,Évolution des nombres d'écoles et de salles de classe du primaire des secteurs privé et public par région.csv
2014,Centre-Sud,,Evolution des nombres d'écoles et de salles de classe du primaire des secteurs privé et public par région,Ecoles,,599,Évolution des nombres d'écoles et de salles de classe du primaire des secteurs privé et public par région.csv
2015,Centre-Sud,,Evolution des nombres d'écoles et de salles de classe du primaire des secteurs privé et public par région,Ecoles,,632,Évolution des nombres d'écoles et de salles de classe du primaire des secteurs privé et public par région.csv
2016,Centre-Sud,,Evolution des nombres d'écoles et de salles de classe du primaire des secteurs privé et public par région,Ecoles,,642,Évolution des nombres d'écoles et de salles de classe du primaire des secteurs privé et public par région.csv
2017,Centre-Sud,,Evolution des nombres d'écoles et de salles de classe du primaire des secteurs privé et public par région,Ecoles,,651,Évolution des nombres d'écoles et de salles de classe du primaire des secteurs privé et public par région.csv
2018,Centre-Sud,,Evolution des nombres d'écoles et de salles de classe du primaire des secteurs privé et public par région,Ecoles,,670,Évolution des nombres d'écoles et de salles de classe du primaire des secteurs privé et public par région.csv
2019,Centre-Sud,,Evolution des nombres d'écoles et de salles de classe du primaire des secteurs privé et public par région,Ecoles,,706,Évolution des nombres d'écoles et de salles de classe du primaire des secteurs privé et public par région.csv
2020,Centre-Sud,,Evolution des nombres d'écoles et de salles de classe du primaire des secteurs privé et public par région,Ecoles,,734,Évolution des nombres d'écoles et de salles de classe du primaire des secteurs privé et public par région.csv
2021,Centre-Sud,,Evolution des nombres d'écoles et de salles de classe du primaire des secteurs privé et public par région,Ecoles,,751,Évolution des nombres d'écoles et de salles de classe du primaire des secteurs privé et public par région.csv
2022,Centre-Sud,,Evolution des nombres d'écoles et de salles de classe du primaire des secteurs privé et public par région,Ecoles,,761,Évolution des nombres d'écoles et de salles de classe du primaire des secteurs privé et public par région.csv
2023,Centre-Sud,,Evolution des nombres d'écoles et de salles de classe du primaire des secteurs privé et public par région,Ecoles,,766,Évolution des nombres d'écoles et de salles de classe du primaire des secteurs privé et public par région.csv
1997,Centre-Sud,,Evolution des nombres d'écoles et de salles de classe du primaire des secteurs privé et public par région,Classes,,675,Évolution des nombres d'écoles et de salles de classe du primaire des secteurs privé et public par région.csv
1998,Centre-Sud,,Evolution des nombres d'écoles et de salles de classe du primaire des secteurs privé et public par région,Classes,,779,Évolution des nombres d'écoles et de salles de classe du primaire des secteurs privé et public par région.csv
1999,Centre-Sud,,Evolution des nombres d'écoles et de salles de classe du primaire des secteurs privé et public par région,Classes,,860,Évolution des nombres d'écoles et de salles de classe du primaire des secteurs privé et public par région.csv
2000,Centre-Sud,,Evolution des nombres d'écoles et de salles de classe du primaire des secteurs privé et public par région,Classes,,912,Évolution des nombres d'écoles et de salles de classe du primaire des secteurs privé et public par région.csv
2001,Centre-Sud,,Evolution des nombres d'écoles et de salles de classe du primaire des secteurs privé et public par région,Classes,,930,Évolution des nombres d'écoles et de salles de classe du primaire des secteurs privé et public par région.csv
2002,Centre-Sud,,Evolution des nombres d'écoles et de salles de classe du primaire des secteurs privé et public par région,Classes,,1025,Évolution des nombres d'écoles et de salles de classe du primaire des secteurs privé et public par région.csv
2003,Centre-Sud,,Evolution des nombres d'écoles et de salles de classe du primaire des secteurs privé et public par région,Classes,,1082,Évolution des nombres d'écoles et de salles de classe du primaire des secteurs privé et public par région.csv
2004,Centre-Sud,,Evolution des nombres d'écoles et de salles de classe du primaire des secteurs privé et public par région,Classes,,1145,Évolution des nombres d'écoles et de salles de classe du primaire des secteurs privé et public par région.csv
2005,Centre-Sud,,Evolution des nombres d'écoles et de salles de classe du primaire des secteurs privé et public par région,Classes,,1234,Évolution des nombres d'écoles et de salles de classe du primaire des secteurs privé et public par région.csv
2006,Centre-Sud,,Evolution des nombres d'écoles et de salles de classe du primaire des secteurs privé et public par région,Classes,,1317,Évolution des nombres d'écoles et de salles de classe du primaire des secteurs privé et public par région.csv
2007,Centre-Sud,,Evolution des nombres d'écoles et de salles de classe du primaire des secteurs privé et public par région,Classes,,1435,Évolution des nombres d'écoles et de salles de classe du primaire des secteurs privé et public par région.csv
2008,Centre-Sud,,Evolution des nombres d'écoles et de salles de classe du primaire des secteurs privé et public par région,Classes,,1514,Évolution des nombres d'écoles et de salles de classe du primaire des secteurs privé et public par région.csv
2009,Centre-Sud,,Evolution des nombres d'écoles et de salles de classe du primaire des secteurs privé et public par région,Classes,,1660,Évolution des nombres d'écoles et de salles de classe du primaire des secteurs privé et public par région.csv
2010,Centre-Sud,,Evolution des nombres d'écoles et de salles de classe du primaire des secteurs privé et public par région,Classes,,1760,Évolution des nombres d'écoles et de salles de classe du primaire des secteurs privé et public par région.csv
2011,Centre-Sud,,Evolution des nombres d'écoles et de salles de classe du primaire des secteurs privé et public par région,Classes,,1867,Évolution des nombres d'écoles et de salles de classe du primaire des secteurs privé et public par région.csv
2012,Centre-Sud,,Evolution des nombres d'écoles et de salles de classe du primaire des secteurs privé et public par région,Classes,,1972,Évolution des nombres d'écoles et de salles de classe du primaire des secteurs privé et public par région.csv
2013,Centre-Sud,,Evolution des nombres d'écoles et de salles de classe du primaire des secteurs privé et public par région,Classes,,2140,Évolution des nombres d'écoles et de salles de classe du primaire des secteurs privé et public par région.csv
2014,Centre-Sud,,Evolution des nombres d'écoles et de salles de classe du primaire des secteurs privé et public par région,Classes,,2283,Évolution des nombres d'écoles et de salles de classe du primaire des secteurs privé et public par région.csv
2015,Centre-Sud,,Evolution des nombres d'écoles et de salles de classe du primaire des secteurs privé et public par région,Classes,,2443,Évolution des nombres d'écoles et de salles de classe du primaire des secteurs privé et public par région.csv
2016,Centre-Sud,,Evolution des nombres d'écoles et de salles de classe du primaire des secteurs privé et public par région,Classes,,2607,Évolution des nombres d'écoles et de salles de classe du primaire des secteurs privé et public par région.csv
2017,Centre-Sud,,Evolution des nombres d'écoles et de salles de classe du primaire des secteurs privé et public par région,Classes,,2854,Évolution des nombres d'écoles et de salles de classe du primaire des secteurs privé et public par région.csv
2018,Centre-Sud,,Evolution des nombres d'écoles et de salles de classe du primaire des secteurs privé et public par région,Classes,,2871,Évolution des nombres d'écoles et de salles de classe du primaire des secteurs privé et public par région.csv
2019,Centre-Sud,,Evolution des nombres d'écoles et de salles de classe du primaire des secteurs privé et public par région,Classes,,3055,Évolution des nombres d'écoles et de salles de classe du primaire des secteurs privé et public par région.csv
2020,Centre-Sud,,Evolution des nombres d'écoles et de salles de classe du primaire des secteurs privé et public par région,Classes,,3177,Évolution des nombres d'écoles et de salles de classe du primaire des secteurs privé et public par région.csv
2022,Centre-Sud,,Evolution des nombres d'écoles et de salles de classe du primaire des secteurs privé et public par région,Classes,,3306,Évolution des nombres d'écoles et de salles de classe du primaire des secteurs privé et public par région.csv
2023,Centre-Sud,,Evolution des nombres d'écoles et de salles de classe du primaire des secteurs privé et public par région,Classes,,3349,Évolution des nombres d'écoles et de salles de classe du primaire des secteurs privé et public par région.csv
1997,Est,,Evolution des nombres d'écoles et de salles de classe du primaire des secteurs privé et public par région,Ecoles,,184,Évolution des nombres d'écoles et de salles de classe du primaire des secteurs privé et public par région.csv
1998,Est,,Evolution des nombres d'écoles et de salles de classe du primaire des secteurs privé et public par région,Ecoles,,212,Évolution des nombres d'écoles et de salles de classe du primaire des secteurs privé et public par région.csv
1999,Est,,Evolution des nombres d'écoles et de salles de classe du primaire des secteurs privé et public par région,Ecoles,,273,Évolution des nombres d'écoles et de salles de classe du primaire des secteurs privé et public par région.csv
2000,Est,,Evolution des nombres d'écoles et de salles de classe du primaire des secteurs privé et public par région,Ecoles,,319,Évolution des nombres d'écoles et de salles de classe du primaire des secteurs privé et public par région.csv
2001,Est,,Evolution des nombres d'écoles et de salles de classe du primaire des secteurs privé et public par région,Ecoles,,340,Évolution des nombres d'écoles et de salles de classe du primaire des secteurs privé et public par région.csv
2002,Est,,Evolution des nombres d'écoles et de salles de classe du primaire des secteurs privé et public par région,Ecoles,,353,Évolution des nombres d'écoles et de salles de classe du primaire des secteurs privé et public par région.csv
2003,Est,,Evolution des nombres d'écoles et de salles de classe du primaire des secteurs privé et public par région,Ecoles,,421,Évolution des nombres d'écoles et de salles de classe du primaire des secteurs privé et public par région.csv
2004,Est,,Evolution des nombres d'écoles et de salles de classe du primaire des secteurs privé et public par région,Ecoles,,473,Évolution des nombres d'écoles et de salles de classe du primaire des secteurs privé et public par région.csv
2005,Est,,Evolution des nombres d'écoles et de salles de classe du primaire des secteurs privé et public par région,Ecoles,,550,Évolution des nombres d'écoles et de salles de classe du primaire des secteurs privé et public par région.csv
2006,Est,,Evolution des nombres d'écoles et de salles de classe du primaire des secteurs privé et public par région,Ecoles,,632,Évolution des nombres d'écoles et de salles de classe du primaire des secteurs privé et public par région.csv
2007,Est,,Evolution des nombres d'écoles et de salles de classe du primaire des secteurs privé et public par région,Ecoles,,707,Évolution des nombres d'écoles et de salles de classe du primaire des secteurs privé et public par région.csv
2008,Est,,Evolution des nombres d'écoles et de salles de classe du primaire des secteurs privé et public par région,Ecoles,,788,Évolution des nombres d'écoles et de salles de classe du primaire des secteurs privé et public par région.csv
2009,Est,,Evolution des nombres d'écoles et de salles de classe du primaire des secteurs privé et public par région,Ecoles,,866,Évolution des nombres d'écoles et de salles de classe du primaire des secteurs privé et public par région.csv
2010,Est,,Evolution des nombres d'écoles et de salles de classe du primaire des secteurs privé et public par région,Ecoles,,897,Évolution des nombres d'écoles et de salles de classe du primaire des secteurs privé et public par région.csv
2011,Est,,Evolution des nombres d'écoles et de salles de classe du primaire des secteurs privé et public par région,Ecoles,,939,Évolution des nombres d'écoles et de salles de classe du primaire des secteurs privé et public par région.csv
2012,Est,,Evolution des nombres d'écoles et de salles de classe du primaire des secteurs privé et public par région,Ecoles,,980,Évolution des nombres d'écoles et de salles de classe du primaire des secteurs privé et public par région.csv
2013,Est,,Evolution des nombres d'écoles et de salles de classe du primaire des secteurs privé et public par région,Ecoles,,1054,Évolution des nombres d'écoles et de salles de classe du primaire des secteurs privé et public par région.csv
2014,Est,,Evolution des nombres d'écoles et de salles de classe du primaire des secteurs privé et public par région,Ecoles,,1090,Évolution des nombres d'écoles et de salles de classe du primaire des secteurs privé et public par région.csv
2015,Est,,Evolution des nombres d'écoles et de salles de classe du primaire des secteurs privé et public par région,Ecoles,,1137,Évolution des nombres d'écoles et de salles de classe du primaire des secteurs privé et public par région.csv
2016,Est,,Evolution des nombres d'écoles et de salles de classe du primaire des secteurs privé et public par région,Ecoles,,1180,Évolution des nombres d'écoles et de salles de classe du primaire des secteurs privé et public par région.csv
2017,Est,,Evolution des nombres d'écoles et de salles de classe du primaire des secteurs privé et public par région,Ecoles,,1229,Évolution des nombres d'écoles et de salles de classe du primaire des secteurs privé et public par région.csv
2018,Est,,Evolution des nombres d'écoles et de salles de classe du primaire des secteurs privé et public par région,Ecoles,,1267,Évolution des nombres d'écoles et de salles de classe du primaire des secteurs privé et public par région.csv
2019,Est,,Evolution des nombres d'écoles et de salles de classe du primaire des secteurs privé et public par région,Ecoles,,1135,Évolution des nombres d'écoles et de salles de classe du primaire des secteurs privé et public par région.csv
2020,Est,,Evolution des nombres d'écoles et de salles de classe du primaire des secteurs privé et public par région,Ecoles,,988,Évolution des nombres d'écoles et de salles de classe du primaire des secteurs privé et public par région.csv
2021,Est,,Evolution des nombres d'écoles et de salles de classe du primaire des secteurs privé et public par région,Ecoles,,878,Évolution des nombres d'écoles et de salles de classe du primaire des secteurs privé et public par région.csv
2022,Est,,Evolution des nombres d'écoles et de salles de classe du primaire des secteurs privé et public par région,Ecoles,,582,Évolution des nombres d'écoles et de salles de classe du primaire des secteurs privé et public par région.csv
2023,Est,,Evolution des nombres d'écoles et de salles de classe du primaire des secteurs privé et public par région,Ecoles,,406,Évolution des nombres d'écoles et de salles de classe du primaire des secteurs privé et public par région.csv
1997,Est,,Evolution des nombres d'écoles et de salles de classe du primaire des secteurs privé et public par région,Classes,,558,Évolution des nombres d'écoles et de salles de classe du primaire des secteurs privé et public par région.csv
1998,Est,,Evolution des nombres d'écoles et de salles de classe du primaire des secteurs privé et public par région,Classes,,664,Évolution des nombres d'écoles et de salles de classe du primaire des secteurs privé et public par région.csv
1999,Est,,Evolution des nombres d'écoles et de salles de classe du primaire des secteurs privé et public par région,Classes,,735,Évolution des nombres d'écoles et de salles de classe du primaire des secteurs privé et public par région.csv
2000,Est,,Evolution des nombres d'écoles et de salles de classe du primaire des secteurs privé et public par région,Classes,,875,Évolution des nombres d'écoles et de salles de classe du primaire des secteurs privé et public par région.csv
2001,Est,,Evolution des nombres d'écoles et de salles de classe du primaire des secteurs privé et public par région,Classes,,895,Évolution des nombres d'écoles et de salles de classe du primaire des secteurs privé et public par région.csv
2002,Est,,Evolution des nombres d'écoles et de salles de classe du primaire des secteurs privé et public par région,Classes,,1076,Évolution des nombres d'écoles et de salles de classe du primaire des secteurs privé et public par région.csv
2003,Est,,Evolution des nombres d'écoles et de salles de classe du primaire des secteurs privé et public par région,Classes,,1173,Évolution des nombres d'écoles et de salles de classe du primaire des secteurs privé et public par région.csv
2004,Est,,Evolution des nombres d'écoles et de salles de classe du primaire des secteurs privé et public par région,Classes,,1348,Évolution des nombres d'écoles et de salles de classe du primaire des secteurs privé et public par région.csv
2005,Est,,Evolution des nombres d'écoles et de salles de classe du primaire des secteurs privé et public par région,Classes,,1539,Évolution des nombres d'écoles et de salles de classe du primaire des secteurs privé et public par région.csv
2006,Est,,Evolution des nombres d'écoles et de salles de classe du primaire des secteurs privé et public par région,Classes,,1718,Évolution des nombres d'écoles et de salles de classe du primaire des secteurs privé et public par région.csv
2007,Est,,Evolution des nombres d'écoles et de salles de classe du primaire des secteurs privé et public par région,Classes,,1979,Évolution des nombres d'écoles et de salles de classe du primaire des secteurs privé et public par région.csv
2008,Est,,Evolution des nombres d'écoles et de salles de classe du primaire des secteurs privé et public par région,Classes,,2360,Évolution des nombres d'écoles et de salles de classe du primaire des secteurs privé et public par région.csv
2009,Est,,Evolution des nombres d'écoles et de salles de classe du primaire des secteurs privé et public par région,Classes,,2712,Évolution des nombres d'écoles et de salles de classe du primaire des secteurs privé et public par région.csv
2010,Est,,Evolution des nombres d'écoles et de salles de classe du primaire des secteurs privé et public par région,Classes,,3037,Évolution des nombres d'écoles et de salles de classe du primaire des secteurs privé et public par région.csv
2011,Est,,Evolution des nombres d'écoles et de salles de classe du primaire des secteurs privé et public par région,Classes,,3233,Évolution des nombres d'écoles et de salles de classe du primaire des secteurs privé et public par région.csv
2012,Est,,Evolution des nombres d'écoles et de salles de classe du primaire des secteurs privé et public par région,Classes,,3482,Évolution des nombres d'écoles et de salles de classe du primaire des secteurs privé et public par région.csv
2013,Est,,Evolution des nombres d'écoles et de salles de classe du primaire des secteurs privé et public par région,Classes,,3775,Évolution des nombres d'écoles et de salles de classe du primaire des secteurs privé et public par région.csv
2014,Est,,Evolution des nombres d'écoles et de salles de classe du primaire des secteurs privé et public par région,Classes,,3892,Évolution des nombres d'écoles et de salles de classe du primaire des secteurs privé et public par région.csv
2015,Est,,Evolution des nombres d'écoles et de salles de classe du primaire des secteurs privé et public par région,Classes,,4276,Évolution des nombres d'écoles et de salles de classe du primaire des secteurs privé et public par région.csv
2016,Est,,Evolution des nombres d'écoles et de salles de classe du primaire des secteurs privé et public par région,Classes,,4588,Évolution des nombres d'écoles et de salles de classe du primaire des secteurs privé et public par région.csv
2017,Est,,Evolution des nombres d'écoles et de salles de classe du primaire des secteurs privé et public par région,Classes,,5223,Évolution des nombres d'écoles et de salles de classe du primaire des secteurs privé et public par région.csv
2018,Est,,Evolution des nombres d'écoles et de salles de classe du primaire des secteurs privé et public par région,Classes,,5210,Évolution des nombres d'écoles et de salles de classe du primaire des secteurs privé et public par région.csv
2019,Est,,Evolution des nombres d'écoles et de salles de classe du primaire des secteurs privé et public par région,Classes,,4735,Évolution des nombres d'écoles et de salles de classe du primaire des secteurs privé et public par région.csv
2020,Est,,Evolution des nombres d'écoles et de salles de classe du primaire des secteurs privé et public par région,Classes,,4214,Évolution des nombres d'écoles et de salles de classe du primaire des secteurs privé et public par région.csv
2022,Est,,Evolution des nombres d'écoles et de salles de classe du primaire des secteurs privé et public par région,Classes,,2724,Évolution des nombres d'écoles et de salles de classe du primaire des secteurs privé et public par région.csv
2023,Est,,Evolution des nombres d'écoles et de salles de classe du primaire des secteurs privé et public par région,Classes,,2040,Évolution des nombres d'écoles et de salles de classe du primaire des secteurs privé et public par région.csv
1997,Hauts-Bassins,,Evolution des nombres d'écoles et de salles de classe du primaire des secteurs privé et public par région,Ecoles,,364,Évolution des nombres d'écoles et de salles de classe du primaire des secteurs privé et public par région.csv
1998,Hauts-Bassins,,Evolution des nombres d'écoles et de salles de classe du primaire des secteurs privé et public par région,Ecoles,,382,Évolution des nombres d'écoles et de salles de classe du primaire des secteurs privé et public par région.csv
1999,Hauts-Bassins,,Evolution des nombres d'écoles et de salles de classe du primaire des secteurs privé et public par région,Ecoles,,412,Évolution des nombres d'écoles et de salles de classe du primaire des secteurs privé et public par région.csv
2000,Hauts-Bassins,,Evolution des nombres d'écoles et de salles de classe du primaire des secteurs privé et public par région,Ecoles,,432,Évolution des nombres d'écoles et de salles de classe du primaire des secteurs privé et public par région.csv
2001,Hauts-Bassins,,Evolution des nombres d'écoles et de salles de classe du primaire des secteurs privé et public par région,Ecoles,,456,Évolution des nombres d'écoles et de salles de classe du primaire des secteurs privé et public par région.csv
2002,Hauts-Bassins,,Evolution des nombres d'écoles et de salles de classe du primaire des secteurs privé et public par région,Ecoles,,478,Évolution des nombres d'écoles et de salles de classe du primaire des secteurs privé et public par région.csv
2003,Hauts-Bassins,,Evolution des nombres d'écoles et de salles de classe du primaire des secteurs privé et public par région,Ecoles,,507,Évolution des nombres d'écoles et de salles de classe du primaire des secteurs privé et public par région.csv
2004,Hauts-Bassins,,Evolution des nombres d'écoles et de salles de classe du primaire des secteurs privé et public par région,Ecoles,,548,Évolution des nombres d'écoles et de salles de classe du primaire des secteurs privé et public par région.csv
2005,Hauts-Bassins,,Evolution des nombres d'écoles et de salles de classe du primaire des secteurs privé et public par région,Ecoles,,600,Évolution des nombres d'écoles et de salles de classe du primaire des secteurs privé et public par région.csv
2006,Hauts-Bassins,,Evolution des nombres d'écoles et de salles de classe du primaire des secteurs privé et public par région,Ecoles,,638,Évolution des nombres d'écoles et de salles de classe du primaire des secteurs privé et public par région.csv
2007,Hauts-Bassins,,Evolution des nombres d'écoles et de salles de classe du primaire des secteurs privé et public par région,Ecoles,,696,Évolution des nombres d'écoles et de salles de classe du primaire des secteurs privé et public par région.csv
2008,Hauts-Bassins,,Evolution des nombres d'écoles et de salles de classe du primaire des secteurs privé et public par région,Ecoles,,738,Évolution des nombres d'écoles et de salles de classe du primaire des secteurs privé et public par région.csv
2009,Hauts-Bassins,,Evolution des nombres d'écoles et de salles de classe du primaire des secteurs privé et public par région,Ecoles,,855,Évolution des nombres d'écoles et de salles de classe du primaire des secteurs privé et public par région.csv
2010,Hauts-Bassins,,Evolution des nombres d'écoles et de salles de classe du primaire des secteurs privé et public par région,Ecoles,,915,Évolution des nombres d'écoles et de salles de classe du primaire des secteurs privé et public par région.csv
2011,Hauts-Bassins,,Evolution des nombres d'écoles et de salles de classe du primaire des secteurs privé et public par région,Ecoles,,985,Évolution des nombres d'écoles et de salles de classe du primaire des secteurs privé et public par région.csv
2012,Hauts-Bassins,,Evolution des nombres d'écoles et de salles de classe du primaire des secteurs privé et public par région,Ecoles,,1023,Évolution des nombres d'écoles et de salles de classe du primaire des secteurs privé et public par région.csv
2013,Hauts-Bassins,,Evolution des nombres d'écoles et de salles de classe du primaire des secteurs privé et public par région,Ecoles,,1104,Évolution des nombres d'écoles et de salles de classe du primaire des secteurs privé et public par région.csv
2014,Hauts-Bassins,,Evolution des nombres d'écoles et de salles de classe du primaire des secteurs privé et public par région,Ecoles,,1206,Évolution des nombres d'écoles et de salles de classe du primaire des secteurs privé et public par région.csv
2015,Hauts-Bassins,,Evolution des nombres d'écoles et de salles de classe du primaire des secteurs privé et public par région,Ecoles,,1238,Évolution des nombres d'écoles et de salles de classe du primaire des secteurs privé et public par région.csv
2016,Hauts-Bassins,,Evolution des nombres d'écoles et de salles de classe du primaire des secteurs privé et public par région,Ecoles,,1353,Évolution des nombres d'écoles et de salles de classe du primaire des secteurs privé et public par région.csv
2017,Hauts-Bassins,,Evolution des nombres d'écoles et de salles de classe du primaire des secteurs privé et public par région,Ecoles,,1430,Évolution des nombres d'écoles et de salles de classe du primaire des secteurs privé et public par région.csv
2018,Hauts-Bassins,,Evolution des nombres d'écoles et de salles de classe du primaire des secteurs privé et public par région,Ecoles,,1538,Évolution des nombres d'écoles et de salles de classe du primaire des secteurs privé et public par région.csv
2019,Hauts-Bassins,,Evolution des nombres d'écoles et de salles de classe du primaire des secteurs privé et public par région,Ecoles,,1610,Évolution des nombres d'écoles et de salles de classe du primaire des secteurs privé et public par région.csv
2020,Hauts-Bassins,,Evolution des nombres d'écoles et de salles de classe du primaire des secteurs privé et public par région,Ecoles,,1670,Évolution des nombres d'écoles et de salles de classe du primaire des secteurs privé et public par région.csv
2022,Hauts-Bassins,,Evolution des nombres d'écoles et de salles de classe du primaire des secteurs privé et public par région,Ecoles,,1807,Évolution des nombres d'écoles et de salles de classe du primaire des secteurs privé et public par région.csv
2023,Hauts-Bassins,,Evolution des nombres d'écoles et de salles de classe du primaire des secteurs privé et public par région,Ecoles,,1593,Évolution des nombres d'écoles et de salles de classe du primaire des secteurs privé et public par région.csv
1997,Hauts-Bassins,,Evolution des nombres d'écoles et de salles de classe du primaire des secteurs privé et public par région,Classes,,1484,Évolution des nombres d'écoles et de salles de classe du primaire des secteurs privé et public par région.csv
1998,Hauts-Bassins,,Evolution des nombres d'écoles et de salles de classe du primaire des secteurs privé et public par région,Classes,,1610,Évolution des nombres d'écoles et de salles de classe du primaire des secteurs privé et public par région.csv
1999,Hauts-Bassins,,Evolution des nombres d'écoles et de salles de classe du primaire des secteurs privé et public par région,Classes,,1699,Évolution des nombres d'écoles et de salles de classe du primaire des secteurs privé et public par région.csv
2000,Hauts-Bassins,,Evolution des nombres d'écoles et de salles de classe du primaire des secteurs privé et public par région,Classes,,1787,Évolution des nombres d'écoles et de salles de classe du primaire des secteurs privé et public par région.csv
2001,Hauts-Bassins,,Evolution des nombres d'écoles et de salles de classe du primaire des secteurs privé et public par région,Classes,,1858,Évolution des nombres d'écoles et de salles de classe du primaire des secteurs privé et public par région.csv
2002,Hauts-Bassins,,Evolution des nombres d'écoles et de salles de classe du primaire des secteurs privé et public par région,Classes,,1952,Évolution des nombres d'écoles et de salles de classe du primaire des secteurs privé et public par région.csv
2003,Hauts-Bassins,,Evolution des nombres d'écoles et de salles de classe du primaire des secteurs privé et public par région,Classes,,2041,Évolution des nombres d'écoles et de salles de classe du primaire des secteurs privé et public par région.csv
2004,Hauts-Bassins,,Evolution des nombres d'écoles et de salles de classe du primaire des secteurs privé et public par région,Classes,,2245,Évolution des nombres d'écoles et de salles de classe du primaire des secteurs privé et public par région.csv
2005,Hauts-Bassins,,Evolution des nombres d'écoles et de salles de classe du primaire des secteurs privé et public par région,Classes,,2433,Évolution des nombres d'écoles et de salles de classe du primaire des secteurs privé et public par région.csv
2006,Hauts-Bassins,,Evolution des nombres d'écoles et de salles de classe du primaire des secteurs privé et public par région,Classes,,2646,Évolution des nombres d'écoles et de salles de classe du primaire des secteurs privé et public par région.csv
2007,Hauts-Bassins,,Evolution des nombres d'écoles et de salles de classe du primaire des secteurs privé et public par région,Classes,,2807,Évolution des nombres d'écoles et de salles de classe du primaire des secteurs privé et public par région.csv
2008,Hauts-Bassins,,Evolution des nombres d'écoles et de salles de classe du primaire des secteurs privé et public par région,Classes,,3048,Évolution des nombres d'écoles et de salles de classe du primaire des secteurs privé et public par région.csv
2009,Hauts-Bassins,,Evolution des nombres d'écoles et de salles de classe du primaire des secteurs privé et public par région,Classes,,3420,Évolution des nombres d'écoles et de salles de classe du primaire des secteurs privé et public par région.csv
2010,Hauts-Bassins,,Evolution des nombres d'écoles et de salles de classe du primaire des secteurs privé et public par région,Classes,,3679,Évolution des nombres d'écoles et de salles de classe du primaire des secteurs privé et public par région.csv
2011,Hauts-Bassins,,Evolution des nombres d'écoles et de salles de classe du primaire des secteurs privé et public par région,Classes,,3960,Évolution des nombres d'écoles et de salles de classe du primaire des secteurs privé et public par région.csv
2012,Hauts-Bassins,,Evolution des nombres d'écoles et de salles de classe du primaire des secteurs privé et public par région,Classes,,4155,Évolution des nombres d'écoles et de salles de classe du primaire des secteurs privé et public par région.csv
2013,Hauts-Bassins,,Evolution des nombres d'écoles et de salles de classe du primaire des secteurs privé et public par région,Classes,,4544,Évolution des nombres d'écoles et de salles de classe du primaire des secteurs privé et public par région.csv
2014,Hauts-Bassins,,Evolution des nombres d'écoles et de salles de classe du primaire des secteurs privé et public par région,Classes,,4870,Évolution des nombres d'écoles et de salles de classe du primaire des secteurs privé et public par région.csv
2015,Hauts-Bassins,,Evolution des nombres d'écoles et de salles de classe du primaire des secteurs privé et public par région,Classes,,5142,Évolution des nombres d'écoles et de salles de classe du primaire des secteurs privé et public par région.csv
2016,Hauts-Bassins,,Evolution des nombres d'écoles et de salles de classe du primaire des secteurs privé et public par région,Classes,,5658,Évolution des nombres d'écoles et de salles de classe du primaire des secteurs privé et public par région.csv
2017,Hauts-Bassins,,Evolution des nombres d'écoles et de salles de classe du primaire des secteurs privé et public par région,Classes,,6534,Évolution des nombres d'écoles et de salles de classe du primaire des secteurs privé et public par région.csv
2018,Hauts-Bassins,,Evolution des nombres d'écoles et de salles de classe du primaire des secteurs privé et public par région,Classes,,6657,Évolution des nombres d'écoles et de salles de classe du primaire des secteurs privé et public par région.csv
2019,Hauts-Bassins,,Evolution des nombres d'écoles et de salles de classe du primaire des secteurs privé et public par région,Classes,,6850,Évolution des nombres d'écoles et de salles de classe du primaire des secteurs privé et public par région.csv
2020,Hauts-Bassins,,Evolution des nombres d'écoles et de salles de classe du primaire des secteurs privé et public par région,Classes,,7344,Évolution des nombres d'écoles et de salles de classe du primaire des secteurs privé et public par région.csv
2022,Hauts-Bassins,,Evolution des nombres d'écoles et de salles de classe du primaire des secteurs privé et public par région,Classes,,8120,Évolution des nombres d'écoles et de salles de classe du primaire des secteurs privé et public par région.csv
2023,Hauts-Bassins,,Evolution des nombres d'écoles et de salles de classe du primaire des secteurs privé et public par région,Classes,,7448,Évolution des nombres d'écoles et de salles de classe du primaire des secteurs privé et public par région.csv
1997,Nord,,Evolution des nombres d'écoles et de salles de classe du primaire des secteurs privé et public par région,Ecoles,,539,Évolution des nombres d'écoles et de salles de classe du primaire des secteurs privé et public par région.csv
1998,Nord,,Evolution des nombres d'écoles et de salles de classe du primaire des secteurs privé et public par région,Ecoles,,586,Évolution des nombres d'écoles et de salles de classe du primaire des secteurs privé et public par région.csv
1999,Nord,,Evolution des nombres d'écoles et de salles de classe du primaire des secteurs privé et public par région,Ecoles,,622,Évolution des nombres d'écoles et de salles de classe du primaire des secteurs privé et public par région.csv
2000,Nord,,Evolution des nombres d'écoles et de salles de classe du primaire des secteurs privé et public par région,Ecoles,,648,Évolution des nombres d'écoles et de salles de classe du primaire des secteurs privé et public par région.csv
2001,Nord,,Evolution des nombres d'écoles et de salles de classe du primaire des secteurs privé et public par région,Ecoles,,666,Évolution des nombres d'écoles et de salles de classe du primaire des secteurs privé et public par région.csv
2002,Nord,,Evolution des nombres d'écoles et de salles de classe du primaire des secteurs privé et public par région,Ecoles,,686,Évolution des nombres d'écoles et de salles de classe du primaire des secteurs privé et public par région.csv
2003,Nord,,Evolution des nombres d'écoles et de salles de classe du primaire des secteurs privé et public par région,Ecoles,,711,Évolution des nombres d'écoles et de salles de classe du primaire des secteurs privé et public par région.csv
2004,Nord,,Evolution des nombres d'écoles et de salles de classe du primaire des secteurs privé et public par région,Ecoles,,734,Évolution des nombres d'écoles et de salles de classe du primaire des secteurs privé et public par région.csv
2005,Nord,,Evolution des nombres d'écoles et de salles de classe du primaire des secteurs privé et public par région,Ecoles,,806,Évolution des nombres d'écoles et de salles de classe du primaire des secteurs privé et public par région.csv
2006,Nord,,Evolution des nombres d'écoles et de salles de classe du primaire des secteurs privé et public par région,Ecoles,,903,Évolution des nombres d'écoles et de salles de classe du primaire des secteurs privé et public par région.csv
2007,Nord,,Evolution des nombres d'écoles et de salles de classe du primaire des secteurs privé et public par région,Ecoles,,968,Évolution des nombres d'écoles et de salles de classe du primaire des secteurs privé et public par région.csv
2008,Nord,,Evolution des nombres d'écoles et de salles de classe du primaire des secteurs privé et public par région,Ecoles,,997,Évolution des nombres d'écoles et de salles de classe du primaire des secteurs privé et public par région.csv
2009,Nord,,Evolution des nombres d'écoles et de salles de classe du primaire des secteurs privé et public par région,Ecoles,,1145,Évolution des nombres d'écoles et de salles de classe du primaire des secteurs privé et public par région.csv
2010,Nord,,Evolution des nombres d'écoles et de salles de classe du primaire des secteurs privé et public par région,Ecoles,,1199,Évolution des nombres d'écoles et de salles de classe du primaire des secteurs privé et public par région.csv
2011,Nord,,Evolution des nombres d'écoles et de salles de classe du primaire des secteurs privé et public par région,Ecoles,,1287,Évolution des nombres d'écoles et de salles de classe du primaire des secteurs privé et public par région.csv
2012,Nord,,Evolution des nombres d'écoles et de salles de classe du primaire des secteurs privé et public par région,Ecoles,,1349,Évolution des nombres d'écoles et de salles de classe du primaire des secteurs privé et public par région.csv
2013,Nord,,Evolution des nombres d'écoles et de salles de classe du primaire des secteurs privé et public par région,Ecoles,,1423,Évolution des nombres d'écoles et de salles de classe du primaire des secteurs privé et public par région.csv
2014,Nord,,Evolution des nombres d'écoles et de salles de classe du primaire des secteurs privé et public par région,Ecoles,,1481,Évolution des nombres d'écoles et de salles de classe du primaire des secteurs privé et public par région.csv
2015,Nord,,Evolution des nombres d'écoles et de salles de classe du primaire des secteurs privé et public par région,Ecoles,,1431,Évolution des nombres d'écoles et de salles de classe du primaire des secteurs privé et public par région.csv
2016,Nord,,Evolution des nombres d'écoles et de salles de classe du primaire des secteurs privé et public par région,Ecoles,,1509,Évolution des nombres d'écoles et de salles de classe du primaire des secteurs privé et public par région.csv
2017,Nord,,Evolution des nombres d'écoles et de salles de classe du primaire des secteurs privé et public par région,Ecoles,,1595,Évolution des nombres d'écoles et de salles de classe du primaire des secteurs privé et public par région.csv
2018,Nord,,Evolution des nombres d'écoles et de salles de classe du primaire des secteurs privé et public par région,Ecoles,,1654,Évolution des nombres d'écoles et de salles de classe du primaire des secteurs privé et public par région.csv
2019,Nord,,Evolution des nombres d'écoles et de salles de classe du primaire des secteurs privé et public par région,Ecoles,,1591,Évolution des nombres d'écoles et de salles de classe du primaire des secteurs privé et public par région.csv
2020,Nord,,Evolution des nombres d'écoles et de salles de classe du primaire des secteurs privé et public par région,Ecoles,,1566,Évolution des nombres d'écoles et de salles de classe du primaire des secteurs privé et public par région.csv
2022,Nord,,Evolution des nombres d'écoles et de salles de classe du primaire des secteurs privé et public par région,Ecoles,,1523,Évolution des nombres d'écoles et de salles de classe du primaire des secteurs privé et public par région.csv
2023,Nord,,Evolution des nombres d'écoles et de salles de classe du primaire des secteurs privé et public par région,Ecoles,,1280,Évolution des nombres d'écoles et de salles de classe du primaire des secteurs privé et public par région.csv
1997,Nord,,Evolution des nombres d'écoles et de salles de classe du primaire des secteurs privé et public par région,Classes,,1759,Évolution des nombres d'écoles et de salles de classe du primaire des secteurs privé et public par région.csv
1998,Nord,,Evolution des nombres d'écoles et de salles de classe du primaire des secteurs privé et public par région,Classes,,1972,Évolution des nombres d'écoles et de salles de classe du primaire des secteurs privé et public par région.csv
1999,Nord,,Evolution des nombres d'écoles et de salles de classe du primaire des secteurs privé et public par région,Classes,,2018,Évolution des nombres d'écoles et de salles de classe du primaire des secteurs privé et public par région.csv
2000,Nord,,Evolution des nombres d'écoles et de salles de classe du primaire des secteurs privé et public par région,Classes,,2124,Évolution des nombres d'écoles et de salles de classe du primaire des secteurs privé et public par région.csv
2001,Nord,,Evolution des nombres d'écoles et de salles de classe du primaire des secteurs privé et public par région,Classes,,2219,Évolution des nombres d'écoles et de salles de classe du primaire des secteurs privé et public par région.csv
2002,Nord,,Evolution des nombres d'écoles et de salles de classe du primaire des secteurs privé et public par région,Classes,,2227,Évolution des nombres d'écoles et de salles de classe du primaire des secteurs privé et public par région.csv
2003,Nord,,Evolution des nombres d'écoles et de salles de classe du primaire des secteurs privé et public par région,Classes,,2330,Évolution des nombres d'écoles et de salles de classe du primaire des secteurs privé et public par région.csv
2004,Nord,,Evolution des nombres d'écoles et de salles de classe du primaire des secteurs privé et public par région,Classes,,2471,Évolution des nombres d'écoles et de salles de classe du primaire des secteurs privé et public par région.csv
2005,Nord,,Evolution des nombres d'écoles et de salles de classe du primaire des secteurs privé et public par région,Classes,,2682,Évolution des nombres d'écoles et de salles de classe du primaire des secteurs privé et public par région.csv
2006,Nord,,Evolution des nombres d'écoles et de salles de classe du primaire des secteurs privé et public par région,Classes,,2891,Évolution des nombres d'écoles et de salles de classe du primaire des secteurs privé et public par région.csv
2007,Nord,,Evolution des nombres d'écoles et de salles de classe du primaire des secteurs privé et public par région,Classes,,3166,Évolution des nombres d'écoles et de salles de classe du primaire des secteurs privé et public par région.csv
2008,Nord,,Evolution des nombres d'écoles et de salles de classe du primaire des secteurs privé et public par région,Classes,,3346,Évolution des nombres d'écoles et de salles de classe du primaire des secteurs privé et public par région.csv
2009,Nord,,Evolution des nombres d'écoles et de salles de classe du primaire des secteurs privé et public par région,Classes,,3759,Évolution des nombres d'écoles et de salles de classe du primaire des secteurs privé et public par région.csv
2010,Nord,,Evolution des nombres d'écoles et de salles de classe du primaire des secteurs privé et public par région,Classes,,4130,Évolution des nombres d'écoles et de salles de classe du primaire des secteurs privé et public par région.csv
2011,Nord,,Evolution des nombres d'écoles et de salles de classe du primaire des secteurs privé et public par région,Classes,,4501,Évolution des nombres d'écoles et de salles de classe du primaire des secteurs privé et public par région.csv
2012,Nord,,Evolution des nombres d'écoles et de salles de classe du primaire des secteurs privé et public par région,Classes,,4707,Évolution des nombres d'écoles et de salles de classe du primaire des secteurs privé et public par région.csv
2013,Nord,,Evolution des nombres d'écoles et de salles de classe du primaire des secteurs privé et public par région,Classes,,5072,Évolution des nombres d'écoles et de salles de classe du primaire des secteurs privé et public par région.csv
2014,Nord,,Evolution des nombres d'écoles et de salles de classe du primaire des secteurs privé et public par région,Classes,,5318,Évolution des nombres d'écoles et de salles de classe du primaire des secteurs privé et public par région.csv
2015,Nord,,Evolution des nombres d'écoles et de salles de classe du primaire des secteurs privé et public par région,Classes,,5529,Évolution des nombres d'écoles et de salles de classe du primaire des secteurs privé et public par région.csv
2016,Nord,,Evolution des nombres d'écoles et de salles de classe du primaire des secteurs privé et public par région,Classes,,5905,Évolution des nombres d'écoles et de salles de classe du primaire des secteurs privé et public par région.csv
2017,Nord,,Evolution des nombres d'écoles et de salles de classe du primaire des secteurs privé et public par région,Classes,,7620,Évolution des nombres d'écoles et de salles de classe du primaire des secteurs privé et public par région.csv
2018,Nord,,Evolution des nombres d'écoles et de salles de classe du primaire des secteurs privé et public par région,Classes,,6697,Évolution des nombres d'écoles et de salles de classe du primaire des secteurs privé et public par région.csv
2019,Nord,,Evolution des nombres d'écoles et de salles de classe du primaire des secteurs privé et public par région,Classes,,6537,Évolution des nombres d'écoles et de salles de classe du primaire des secteurs privé et public par région.csv
2020,Nord,,Evolution des nombres d'écoles et de salles de classe du primaire des secteurs privé et public par région,Classes,,6553,Évolution des nombres d'écoles et de salles de classe du primaire des secteurs privé et public par région.csv
2022,Nord,,Evolution des nombres d'écoles et de salles de classe du primaire des secteurs privé et public par région,Classes,,6230,Évolution des nombres d'écoles et de salles de classe du primaire des secteurs privé et public par région.csv
2023,Nord,,Evolution des nombres d'écoles et de salles de classe du primaire des secteurs privé et public par région,Classes,,5249,Évolution des nombres d'écoles et de salles de classe du primaire des secteurs privé et public par région.csv
1997,Plateau Central,,Evolution des nombres d'écoles et de salles de classe du primaire des secteurs privé et public par région,Ecoles,,232,Évolution des nombres d'écoles et de salles de classe du primaire des secteurs privé et public par région.csv
1998,Plateau Central,,Evolution des nombres d'écoles et de salles de classe du primaire des secteurs privé et public par région,Ecoles,,247,Évolution des nombres d'écoles et de salles de classe du primaire des secteurs privé et public par région.csv
1999,Plateau Central,,Evolution des nombres d'écoles et de salles de classe du primaire des secteurs privé et public par région,Ecoles,,286,Évolution des nombres d'écoles et de salles de classe du primaire des secteurs privé et public par région.csv
2000,Plateau Central,,Evolution des nombres d'écoles et de salles de classe du primaire des secteurs privé et public par région,Ecoles,,306,Évolution des nombres d'écoles et de salles de classe du primaire des secteurs privé et public par région.csv
2001,Plateau Central,,Evolution des nombres d'écoles et de salles de classe du primaire des secteurs privé et public par région,Ecoles,,317,Évolution des nombres d'écoles et de salles de classe du primaire des secteurs privé et public par région.csv
2002,Plateau Central,,Evolution des nombres d'écoles et de salles de classe du primaire des secteurs privé et public par région,Ecoles,,338,Évolution des nombres d'écoles et de salles de classe du primaire des secteurs privé et public par région.csv
2003,Plateau Central,,Evolution des nombres d'écoles et de salles de classe du primaire des secteurs privé et public par région,Ecoles,,381,Évolution des nombres d'écoles et de salles de classe du primaire des secteurs privé et public par région.csv
2004,Plateau Central,,Evolution des nombres d'écoles et de salles de classe du primaire des secteurs privé et public par région,Ecoles,,426,Évolution des nombres d'écoles et de salles de classe du primaire des secteurs privé et public par région.csv
2005,Plateau Central,,Evolution des nombres d'écoles et de salles de classe du primaire des secteurs privé et public par région,Ecoles,,478,Évolution des nombres d'écoles et de salles de classe du primaire des secteurs privé et public par région.csv
2006,Plateau Central,,Evolution des nombres d'écoles et de salles de classe du primaire des secteurs privé et public par région,Ecoles,,512,Évolution des nombres d'écoles et de salles de classe du primaire des secteurs privé et public par région.csv
2007,Plateau Central,,Evolution des nombres d'écoles et de salles de classe du primaire des secteurs privé et public par région,Ecoles,,537,Évolution des nombres d'écoles et de salles de classe du primaire des secteurs privé et public par région.csv
2008,Plateau Central,,Evolution des nombres d'écoles et de salles de classe du primaire des secteurs privé et public par région,Ecoles,,566,Évolution des nombres d'écoles et de salles de classe du primaire des secteurs privé et public par région.csv
2009,Plateau Central,,Evolution des nombres d'écoles et de salles de classe du primaire des secteurs privé et public par région,Ecoles,,636,Évolution des nombres d'écoles et de salles de classe du primaire des secteurs privé et public par région.csv
2010,Plateau Central,,Evolution des nombres d'écoles et de salles de classe du primaire des secteurs privé et public par région,Ecoles,,660,Évolution des nombres d'écoles et de salles de classe du primaire des secteurs privé et public par région.csv
2011,Plateau Central,,Evolution des nombres d'écoles et de salles de classe du primaire des secteurs privé et public par région,Ecoles,,690,Évolution des nombres d'écoles et de salles de classe du primaire des secteurs privé et public par région.csv
2012,Plateau Central,,Evolution des nombres d'écoles et de salles de classe du primaire des secteurs privé et public par région,Ecoles,,723,Évolution des nombres d'écoles et de salles de classe du primaire des secteurs privé et public par région.csv
2013,Plateau Central,,Evolution des nombres d'écoles et de salles de classe du primaire des secteurs privé et public par région,Ecoles,,773,Évolution des nombres d'écoles et de salles de classe du primaire des secteurs privé et public par région.csv
2014,Plateau Central,,Evolution des nombres d'écoles et de salles de classe du primaire des secteurs privé et public par région,Ecoles,,814,Évolution des nombres d'écoles et de salles de classe du primaire des secteurs privé et public par région.csv
2015,Plateau Central,,Evolution des nombres d'écoles et de salles de classe du primaire des secteurs privé et public par région,Ecoles,,831,Évolution des nombres d'écoles et de salles de classe du primaire des secteurs privé et public par région.csv
2016,Plateau Central,,Evolution des nombres d'écoles et de salles de classe du primaire des secteurs privé et public par région,Ecoles,,899,Évolution des nombres d'écoles et de salles de classe du primaire des secteurs privé et public par région.csv
2017,Plateau Central,,Evolution des nombres d'écoles et de salles de classe du primaire des secteurs privé et public par région,Ecoles,,955,Évolution des nombres d'écoles et de salles de classe du primaire des secteurs privé et public par région.csv
2018,Plateau Central,,Evolution des nombres d'écoles et de salles de classe du primaire des secteurs privé et public par région,Ecoles,,967,Évolution des nombres d'écoles et de salles de classe du primaire des secteurs privé et public par région.csv
2019,Plateau Central,,Evolution des nombres d'écoles et de salles de classe du primaire des secteurs privé et public par région,Ecoles,,969,Évolution des nombres d'écoles et de salles de classe du primaire des secteurs privé et public par région.csv
2020,Plateau Central,,Evolution des nombres d'écoles et de salles de classe du primaire des secteurs privé et public par région,Ecoles,,1009,Évolution des nombres d'écoles et de salles de classe du primaire des secteurs privé et public par région.csv
2022,Plateau Central,,Evolution des nombres d'écoles et de salles de classe du primaire des secteurs privé et public par région,Ecoles,,1051,Évolution des nombres d'écoles et de salles de classe du primaire des secteurs privé et public par région.csv
2023,Plateau Central,,Evolution des nombres d'écoles et de salles de classe du primaire des secteurs privé et public par région,Ecoles,,1093,Évolution des nombres d'écoles et de salles de classe du primaire des secteurs privé et public par région.csv
1997,Plateau Central,,Evolution des nombres d'écoles et de salles de classe du primaire des secteurs privé et public par région,Classes,,717,Évolution des nombres d'écoles et de salles de classe du primaire des secteurs privé et public par région.csv
1998,Plateau Central,,Evolution des nombres d'écoles et de salles de classe du primaire des secteurs privé et public par région,Classes,,827,Évolution des nombres d'écoles et de salles de classe du primaire des secteurs privé et public par région.csv
1999,Plateau Central,,Evolution des nombres d'écoles et de salles de classe du primaire des secteurs privé et public par région,Classes,,909,Évolution des nombres d'écoles et de salles de classe du primaire des secteurs privé et public par région.csv
2000,Plateau Central,,Evolution des nombres d'écoles et de salles de classe du primaire des secteurs privé et public par région,Classes,,979,Évolution des nombres d'écoles et de salles de classe du primaire des secteurs privé et public par région.csv
2001,Plateau Central,,Evolution des nombres d'écoles et de salles de classe du primaire des secteurs privé et public par région,Classes,,998,Évolution des nombres d'écoles et de salles de classe du primaire des secteurs privé et public par région.csv
2002,Plateau Central,,Evolution des nombres d'écoles et de salles de classe du primaire des secteurs privé et public par région,Classes,,1151,Évolution des nombres d'écoles et de salles de classe du primaire des secteurs privé et public par région.csv
2003,Plateau Central,,Evolution des nombres d'écoles et de salles de classe du primaire des secteurs privé et public par région,Classes,,1202,Évolution des nombres d'écoles et de salles de classe du primaire des secteurs privé et public par région.csv
2004,Plateau Central,,Evolution des nombres d'écoles et de salles de classe du primaire des secteurs privé et public par région,Classes,,1375,Évolution des nombres d'écoles et de salles de classe du primaire des secteurs privé et public par région.csv
2005,Plateau Central,,Evolution des nombres d'écoles et de salles de classe du primaire des secteurs privé et public par région,Classes,,1532,Évolution des nombres d'écoles et de salles de classe du primaire des secteurs privé et public par région.csv
2006,Plateau Central,,Evolution des nombres d'écoles et de salles de classe du primaire des secteurs privé et public par région,Classes,,1624,Évolution des nombres d'écoles et de salles de classe du primaire des secteurs privé et public par région.csv
2007,Plateau Central,,Evolution des nombres d'écoles et de salles de classe du primaire des secteurs privé et public par région,Classes,,1764,Évolution des nombres d'écoles et de salles de classe du primaire des secteurs privé et public par région.csv
2008,Plateau Central,,Evolution des nombres d'écoles et de salles de classe du primaire des secteurs privé et public par région,Classes,,1916,Évolution des nombres d'écoles et de salles de classe du primaire des secteurs privé et public par région.csv
2009,Plateau Central,,Evolution des nombres d'écoles et de salles de classe du primaire des secteurs privé et public par région,Classes,,2155,Évolution des nombres d'écoles et de salles de classe du primaire des secteurs privé et public par région.csv
2010,Plateau Central,,Evolution des nombres d'écoles et de salles de classe du primaire des secteurs privé et public par région,Classes,,2375,Évolution des nombres d'écoles et de salles de classe du primaire des secteurs privé et public par région.csv
2011,Plateau Central,,Evolution des nombres d'écoles et de salles de classe du primaire des secteurs privé et public par région,Classes,,2434,Évolution des nombres d'écoles et de salles de classe du primaire des secteurs privé et public par région.csv
2012,Plateau Central,,Evolution des nombres d'écoles et de salles de classe du primaire des secteurs privé et public par région,Classes,,2465,Évolution des nombres d'écoles et de salles de classe du primaire des secteurs privé et public par région.csv
2013,Plateau Central,,Evolution des nombres d'écoles et de salles de classe du primaire des secteurs privé et public par région,Classes,,2843,Évolution des nombres d'écoles et de salles de classe du primaire des secteurs privé et public par région.csv
2014,Plateau Central,,Evolution des nombres d'écoles et de salles de classe du primaire des secteurs privé et public par région,Classes,,2980,Évolution des nombres d'écoles et de salles de classe du primaire des secteurs privé et public par région.csv
2015,Plateau Central,,Evolution des nombres d'écoles et de salles de classe du primaire des secteurs privé et public par région,Classes,,3181,Évolution des nombres d'écoles et de salles de classe du primaire des secteurs privé et public par région.csv
2016,Plateau Central,,Evolution des nombres d'écoles et de salles de classe du primaire des secteurs privé et public par région,Classes,,3475,Évolution des nombres d'écoles et de salles de classe du primaire des secteurs privé et public par région.csv
2017,Plateau Central,,Evolution des nombres d'écoles et de salles de classe du primaire des secteurs privé et public par région,Classes,,4213,Évolution des nombres d'écoles et de salles de classe du primaire des secteurs privé et public par région.csv
2018,Plateau Central,,Evolution des nombres d'écoles et de salles de classe du primaire des secteurs privé et public par région,Classes,,3922,Évolution des nombres d'écoles et de salles de classe du primaire des secteurs privé et public par région.csv
2019,Plateau Central,,Evolution des nombres d'écoles et de salles de classe du primaire des secteurs privé et public par région,Classes,,3946,Évolution des nombres d'écoles et de salles de classe du primaire des secteurs privé et public par région.csv
2020,Plateau Central,,Evolution des nombres d'écoles et de salles de classe du primaire des secteurs privé et public par région,Classes,,4180,Évolution des nombres d'écoles et de salles de classe du primaire des secteurs privé et public par région.csv
2022,Plateau Central,,Evolution des nombres d'écoles et de salles de classe du primaire des secteurs privé et public par région,Classes,,4322,Évolution des nombres d'écoles et de salles de classe du primaire des secteurs privé et public par région.csv
2023,Plateau Central,,Evolution des nombres d'écoles et de salles de classe du primaire des secteurs privé et public par région,Classes,,4503,Évolution des nombres d'écoles et de salles de classe du primaire des secteurs privé et public par région.csv
1997,Sahel,,Evolution des nombres d'écoles et de salles de classe du primaire des secteurs privé et public par région,Ecoles,,156,Évolution des nombres d'écoles et de salles de classe du primaire des secteurs privé et public par région.csv
1998,Sahel,,Evolution des nombres d'écoles et de salles de classe du primaire des secteurs privé et public par région,Ecoles,,176,Évolution des nombres d'écoles et de salles de classe du primaire des secteurs privé et public par région.csv
1999,Sahel,,Evolution des nombres d'écoles et de salles de classe du primaire des secteurs privé et public par région,Ecoles,,194,Évolution des nombres d'écoles et de salles de classe du primaire des secteurs privé et public par région.csv
2000,Sahel,,Evolution des nombres d'écoles et de salles de classe du primaire des secteurs privé et public par région,Ecoles,,230,Évolution des nombres d'écoles et de salles de classe du primaire des secteurs privé et public par région.csv
2001,Sahel,,Evolution des nombres d'écoles et de salles de classe du primaire des secteurs privé et public par région,Ecoles,,239,Évolution des nombres d'écoles et de salles de classe du primaire des secteurs privé et public par région.csv
2002,Sahel,,Evolution des nombres d'écoles et de salles de classe du primaire des secteurs privé et public par région,Ecoles,,248,Évolution des nombres d'écoles et de salles de classe du primaire des secteurs privé et public par région.csv
2003,Sahel,,Evolution des nombres d'écoles et de salles de classe du primaire des secteurs privé et public par région,Ecoles,,283,Évolution des nombres d'écoles et de salles de classe du primaire des secteurs privé et public par région.csv
2004,Sahel,,Evolution des nombres d'écoles et de salles de classe du primaire des secteurs privé et public par région,Ecoles,,350,Évolution des nombres d'écoles et de salles de classe du primaire des secteurs privé et public par région.csv
2005,Sahel,,Evolution des nombres d'écoles et de salles de classe du primaire des secteurs privé et public par région,Ecoles,,408,Évolution des nombres d'écoles et de salles de classe du primaire des secteurs privé et public par région.csv
2006,Sahel,,Evolution des nombres d'écoles et de salles de classe du primaire des secteurs privé et public par région,Ecoles,,481,Évolution des nombres d'écoles et de salles de classe du primaire des secteurs privé et public par région.csv
2007,Sahel,,Evolution des nombres d'écoles et de salles de classe du primaire des secteurs privé et public par région,Ecoles,,533,Évolution des nombres d'écoles et de salles de classe du primaire des secteurs privé et public par région.csv
2008,Sahel,,Evolution des nombres d'écoles et de salles de classe du primaire des secteurs privé et public par région,Ecoles,,577,Évolution des nombres d'écoles et de salles de classe du primaire des secteurs privé et public par région.csv
2009,Sahel,,Evolution des nombres d'écoles et de salles de classe du primaire des secteurs privé et public par région,Ecoles,,599,Évolution des nombres d'écoles et de salles de classe du primaire des secteurs privé et public par région.csv
2010,Sahel,,Evolution des nombres d'écoles et de salles de classe du primaire des secteurs privé et public par région,Ecoles,,635,Évolution des nombres d'écoles et de salles de classe du primaire des secteurs privé et public par région.csv
2011,Sahel,,Evolution des nombres d'écoles et de salles de classe du primaire des secteurs privé et public par région,Ecoles,,682,Évolution des nombres d'écoles et de salles de classe du primaire des secteurs privé et public par région.csv
2012,Sahel,,Evolution des nombres d'écoles et de salles de classe du primaire des secteurs privé et public par région,Ecoles,,713,Évolution des nombres d'écoles et de salles de classe du primaire des secteurs privé et public par région.csv
2013,Sahel,,Evolution des nombres d'écoles et de salles de classe du primaire des secteurs privé et public par région,Ecoles,,759,Évolution des nombres d'écoles et de salles de classe du primaire des secteurs privé et public par région.csv
2014,Sahel,,Evolution des nombres d'écoles et de salles de classe du primaire des secteurs privé et public par région,Ecoles,,855,Évolution des nombres d'écoles et de salles de classe du primaire des secteurs privé et public par région.csv
2015,Sahel,,Evolution des nombres d'écoles et de salles de classe du primaire des secteurs privé et public par région,Ecoles,,931,Évolution des nombres d'écoles et de salles de classe du primaire des secteurs privé et public par région.csv
2016,Sahel,,Evolution des nombres d'écoles et de salles de classe du primaire des secteurs privé et public par région,Ecoles,,987,Évolution des nombres d'écoles et de salles de classe du primaire des secteurs privé et public par région.csv
2017,Sahel,,Evolution des nombres d'écoles et de salles de classe du primaire des secteurs privé et public par région,Ecoles,,1013,Évolution des nombres d'écoles et de salles de classe du primaire des secteurs privé et public par région.csv
2018,Sahel,,Evolution des nombres d'écoles et de salles de classe du primaire des secteurs privé et public par région,Ecoles,,1037,Évolution des nombres d'écoles et de salles de classe du primaire des secteurs privé et public par région.csv
2019,Sahel,,Evolution des nombres d'écoles et de salles de classe du primaire des secteurs privé et public par région,Ecoles,,520,Évolution des nombres d'écoles et de salles de classe du primaire des secteurs privé et public par région.csv
2020,Sahel,,Evolution des nombres d'écoles et de salles de classe du primaire des secteurs privé et public par région,Ecoles,,421,Évolution des nombres d'écoles et de salles de classe du primaire des secteurs privé et public par région.csv
2021,Sahel,,Evolution des nombres d'écoles et de salles de classe du primaire des secteurs privé et public par région,Ecoles,,242,Évolution des nombres d'écoles et de salles de classe du primaire des secteurs privé et public par région.csv
2022,Sahel,,Evolution des nombres d'écoles et de salles de classe du primaire des secteurs privé et public par région,Ecoles,,161,Évolution des nombres d'écoles et de salles de classe du primaire des secteurs privé et public par région.csv
2023,Sahel,,Evolution des nombres d'écoles et de salles de classe du primaire des secteurs privé et public par région,Ecoles,,100,Évolution des nombres d'écoles et de salles de classe du primaire des secteurs privé et public par région.csv
1997,Sahel,,Evolution des nombres d'écoles et de salles de classe du primaire des secteurs privé et public par région,Classes,,444,Évolution des nombres d'écoles et de salles de classe du primaire des secteurs privé et public par région.csv
1998,Sahel,,Evolution des nombres d'écoles et de salles de classe du primaire des secteurs privé et public par région,Classes,,528,Évolution des nombres d'écoles et de salles de classe du primaire des secteurs privé et public par région.csv
1999,Sahel,,Evolution des nombres d'écoles et de salles de classe du primaire des secteurs privé et public par région,Classes,,536,Évolution des nombres d'écoles et de salles de classe du primaire des secteurs privé et public par région.csv
2000,Sahel,,Evolution des nombres d'écoles et de salles de classe du primaire des secteurs privé et public par région,Classes,,602,Évolution des nombres d'écoles et de salles de classe du primaire des secteurs privé et public par région.csv
2001,Sahel,,Evolution des nombres d'écoles et de salles de classe du primaire des secteurs privé et public par région,Classes,,615,Évolution des nombres d'écoles et de salles de classe du primaire des secteurs privé et public par région.csv
2002,Sahel,,Evolution des nombres d'écoles et de salles de classe du primaire des secteurs privé et public par région,Classes,,698,Évolution des nombres d'écoles et de salles de classe du primaire des secteurs privé et public par région.csv
2003,Sahel,,Evolution des nombres d'écoles et de salles de classe du primaire des secteurs privé et public par région,Classes,,774,Évolution des nombres d'écoles et de salles de classe du primaire des secteurs privé et public par région.csv
2004,Sahel,,Evolution des nombres d'écoles et de salles de classe du primaire des secteurs privé et public par région,Classes,,925,Évolution des nombres d'écoles et de salles de classe du primaire des secteurs privé et public par région.csv
2005,Sahel,,Evolution des nombres d'écoles et de salles de classe du primaire des secteurs privé et public par région,Classes,,1109,Évolution des nombres d'écoles et de salles de classe du primaire des secteurs privé et public par région.csv
2006,Sahel,,Evolution des nombres d'écoles et de salles de classe du primaire des secteurs privé et public par région,Classes,,1263,Évolution des nombres d'écoles et de salles de classe du primaire des secteurs privé et public par région.csv
2007,Sahel,,Evolution des nombres d'écoles et de salles de classe du primaire des secteurs privé et public par région,Classes,,1437,Évolution des nombres d'écoles et de salles de classe du primaire des secteurs privé et public par région.csv
2008,Sahel,,Evolution des nombres d'écoles et de salles de classe du primaire des secteurs privé et public par région,Classes,,1662,Évolution des nombres d'écoles et de salles de classe du primaire des secteurs privé et public par région.csv
2009,Sahel,,Evolution des nombres d'écoles et de salles de classe du primaire des secteurs privé et public par région,Classes,,1874,Évolution des nombres d'écoles et de salles de classe du primaire des secteurs privé et public par région.csv
2010,Sahel,,Evolution des nombres d'écoles et de salles de classe du primaire des secteurs privé et public par région,Classes,,2098,Évolution des nombres d'écoles et de salles de classe du primaire des secteurs privé et public par région.csv
2011,Sahel,,Evolution des nombres d'écoles et de salles de classe du primaire des secteurs privé et public par région,Classes,,2228,Évolution des nombres d'écoles et de salles de classe du primaire des secteurs privé et public par région.csv
2012,Sahel,,Evolution des nombres d'écoles et de salles de classe du primaire des secteurs privé et public par région,Classes,,2401,Évolution des nombres d'écoles et de salles de classe du primaire des secteurs privé et public par région.csv
2013,Sahel,,Evolution des nombres d'écoles et de salles de classe du primaire des secteurs privé et public par région,Classes,,2566,Évolution des nombres d'écoles et de salles de classe du primaire des secteurs privé et public par région.csv
2014,Sahel,,Evolution des nombres d'écoles et de salles de classe du primaire des secteurs privé et public par région,Classes,,2748,Évolution des nombres d'écoles et de salles de classe du primaire des secteurs privé et public par région.csv
2015,Sahel,,Evolution des nombres d'écoles et de salles de classe du primaire des secteurs privé et public par région,Classes,,3166,Évolution des nombres d'écoles et de salles de classe du primaire des secteurs privé et public par région.csv
2016,Sahel,,Evolution des nombres d'écoles et de salles de classe du primaire des secteurs privé et public par région,Classes,,3475,Évolution des nombres d'écoles et de salles de classe du primaire des secteurs privé et public par région.csv
2017,Sahel,,Evolution des nombres d'écoles et de salles de classe du primaire des secteurs privé et public par région,Classes,,4355,Évolution des nombres d'écoles et de salles de classe du primaire des secteurs privé et public par région.csv
2018,Sahel,,Evolution des nombres d'écoles et de salles de classe du primaire des secteurs privé et public par région,Classes,,4024,Évolution des nombres d'écoles et de salles de classe du primaire des secteurs privé et public par région.csv
2019,Sahel,,Evolution des nombres d'écoles et de salles de classe du primaire des secteurs privé et public par région,Classes,,2238,Évolution des nombres d'écoles et de salles de classe du primaire des secteurs privé et public par région.csv
2020,Sahel,,Evolution des nombres d'écoles et de salles de classe du primaire des secteurs privé et public par région,Classes,,1874,Évolution des nombres d'écoles et de salles de classe du primaire des secteurs privé et public par région.csv
2022,Sahel,,Evolution des nombres d'écoles et de salles de classe du primaire des secteurs privé et public par région,Classes,,849,Évolution des nombres d'écoles et de salles de classe du primaire des secteurs privé et public par région.csv
2023,Sahel,,Evolution des nombres d'écoles et de salles de classe du primaire des secteurs privé et public par région,Classes,,580,Évolution des nombres d'écoles et de salles de classe du primaire des secteurs privé et public par région.csv
1997,Sud-Ouest,,Evolution des nombres d'écoles et de salles de classe du primaire des secteurs privé et public par région,Ecoles,,187,Évolution des nombres d'écoles et de salles de classe du primaire des secteurs privé et public par région.csv
1998,Sud-Ouest,,Evolution des nombres d'écoles et de salles de classe du primaire des secteurs privé et public par région,Ecoles,,202,Évolution des nombres d'écoles et de salles de classe du primaire des secteurs privé et public par région.csv
1999,Sud-Ouest,,Evolution des nombres d'écoles et de salles de classe du primaire des secteurs privé et public par région,Ecoles,,216,Évolution des nombres d'écoles et de salles de classe du primaire des secteurs privé et public par région.csv
2000,Sud-Ouest,,Evolution des nombres d'écoles et de salles de classe du primaire des secteurs privé et public par région,Ecoles,,251,Évolution des nombres d'écoles et de salles de classe du primaire des secteurs privé et public par région.csv
2001,Sud-Ouest,,Evolution des nombres d'écoles et de salles de classe du primaire des secteurs privé et public par région,Ecoles,,266,Évolution des nombres d'écoles et de salles de classe du primaire des secteurs privé et public par région.csv
2002,Sud-Ouest,,Evolution des nombres d'écoles et de salles de classe du primaire des secteurs privé et public par région,Ecoles,,299,Évolution des nombres d'écoles et de salles de classe du primaire des secteurs privé et public par région.csv
2003,Sud-Ouest,,Evolution des nombres d'écoles et de salles de classe du primaire des secteurs privé et public par région,Ecoles,,315,Évolution des nombres d'écoles et de salles de classe du primaire des secteurs privé et public par région.csv
2004,Sud-Ouest,,Evolution des nombres d'écoles et de salles de classe du primaire des secteurs privé et public par région,Ecoles,,333,Évolution des nombres d'écoles et de salles de classe du primaire des secteurs privé et public par région.csv
2005,Sud-Ouest,,Evolution des nombres d'écoles et de salles de classe du primaire des secteurs privé et public par région,Ecoles,,370,Évolution des nombres d'écoles et de salles de classe du primaire des secteurs privé et public par région.csv
2006,Sud-Ouest,,Evolution des nombres d'écoles et de salles de classe du primaire des secteurs privé et public par région,Ecoles,,398,Évolution des nombres d'écoles et de salles de classe du primaire des secteurs privé et public par région.csv
2007,Sud-Ouest,,Evolution des nombres d'écoles et de salles de classe du primaire des secteurs privé et public par région,Ecoles,,439,Évolution des nombres d'écoles et de salles de classe du primaire des secteurs privé et public par région.csv
2008,Sud-Ouest,,Evolution des nombres d'écoles et de salles de classe du primaire des secteurs privé et public par région,Ecoles,,482,Évolution des nombres d'écoles et de salles de classe du primaire des secteurs privé et public par région.csv
2009,Sud-Ouest,,Evolution des nombres d'écoles et de salles de classe du primaire des secteurs privé et public par région,Ecoles,,529,Évolution des nombres d'écoles et de salles de classe du primaire des secteurs privé et public par région.csv
2010,Sud-Ouest,,Evolution des nombres d'écoles et de salles de classe du primaire des secteurs privé et public par région,Ecoles,,564,Évolution des nombres d'écoles et de salles de classe du primaire des secteurs privé et public par région.csv
2011,Sud-Ouest,,Evolution des nombres d'écoles et de salles de classe du primaire des secteurs privé et public par région,Ecoles,,626,Évolution des nombres d'écoles et de salles de classe du primaire des secteurs privé et public par région.csv
2012,Sud-Ouest,,Evolution des nombres d'écoles et de salles de classe du primaire des secteurs privé et public par région,Ecoles,,670,Évolution des nombres d'écoles et de salles de classe du primaire des secteurs privé et public par région.csv
2013,Sud-Ouest,,Evolution des nombres d'écoles et de salles de classe du primaire des secteurs privé et public par région,Ecoles,,739,Évolution des nombres d'écoles et de salles de classe du primaire des secteurs privé et public par région.csv
2014,Sud-Ouest,,Evolution des nombres d'écoles et de salles de classe du primaire des secteurs privé et public par région,Ecoles,,790,Évolution des nombres d'écoles et de salles de classe du primaire des secteurs privé et public par région.csv
2015,Sud-Ouest,,Evolution des nombres d'écoles et de salles de classe du primaire des secteurs privé et public par région,Ecoles,,821,Évolution des nombres d'écoles et de salles de classe du primaire des secteurs privé et public par région.csv
2016,Sud-Ouest,,Evolution des nombres d'écoles et de salles de classe du primaire des secteurs privé et public par région,Ecoles,,846,Évolution des nombres d'écoles et de salles de classe du primaire des secteurs privé et public par région.csv
2017,Sud-Ouest,,Evolution des nombres d'écoles et de salles de classe du primaire des secteurs privé et public par région,Ecoles,,860,Évolution des nombres d'écoles et de salles de classe du primaire des secteurs privé et public par région.csv
2018,Sud-Ouest,,Evolution des nombres d'écoles et de salles de classe du primaire des secteurs privé et public par région,Ecoles,,858,Évolution des nombres d'écoles et de salles de classe du primaire des secteurs privé et public par région.csv
2019,Sud-Ouest,,Evolution des nombres d'écoles et de salles de classe du primaire des secteurs privé et public par région,Ecoles,,861,Évolution des nombres d'écoles et de salles de classe du primaire des secteurs privé et public par région.csv
2020,Sud-Ouest,,Evolution des nombres d'écoles et de salles de classe du primaire des secteurs privé et public par région,Ecoles,,863,Évolution des nombres d'écoles et de salles de classe du primaire des secteurs privé et public par région.csv
2021,Sud-Ouest,,Evolution des nombres d'écoles et de salles de classe du primaire des secteurs privé et public par région,Ecoles,,833,Évolution des nombres d'écoles et de salles de classe du primaire des secteurs privé et public par région.csv
2022,Sud-Ouest,,Evolution des nombres d'écoles et de salles de classe du primaire des secteurs privé et public par région,Ecoles,,846,Évolution des nombres d'écoles et de salles de classe du primaire des secteurs privé et public par région.csv
2023,Sud-Ouest,,Evolution des nombres d'écoles et de salles de classe du primaire des secteurs privé et public par région,Ecoles,,826,Évolution des nombres d'écoles et de salles de classe du primaire des secteurs privé et public par région.csv
1997,Sud-Ouest,,Evolution des nombres d'écoles et de salles de classe du primaire des secteurs privé et public par région,Classes,,574,Évolution des nombres d'écoles et de salles de classe du primaire des secteurs privé et public par région.csv
1998,Sud-Ouest,,Evolution des nombres d'écoles et de salles de classe du primaire des secteurs privé et public par région,Classes,,672,Évolution des nombres d'écoles et de salles de classe du primaire des secteurs privé et public par région.csv
1999,Sud-Ouest,,Evolution des nombres d'écoles et de salles de classe du primaire des secteurs privé et public par région,Classes,,702,Évolution des nombres d'écoles et de salles de classe du primaire des secteurs privé et public par région.csv
2000,Sud-Ouest,,Evolution des nombres d'écoles et de salles de classe du primaire des secteurs privé et public par région,Classes,,740,Évolution des nombres d'écoles et de salles de classe du primaire des secteurs privé et public par région.csv
2001,Sud-Ouest,,Evolution des nombres d'écoles et de salles de classe du primaire des secteurs privé et public par région,Classes,,776,Évolution des nombres d'écoles et de salles de classe du primaire des secteurs privé et public par région.csv
2002,Sud-Ouest,,Evolution des nombres d'écoles et de salles de classe du primaire des secteurs privé et public par région,Classes,,891,Évolution des nombres d'écoles et de salles de classe du primaire des secteurs privé et public par région.csv
2003,Sud-Ouest,,Evolution des nombres d'écoles et de salles de classe du primaire des secteurs privé et public par région,Classes,,960,Évolution des nombres d'écoles et de salles de classe du primaire des secteurs privé et public par région.csv
2004,Sud-Ouest,,Evolution des nombres d'écoles et de salles de classe du primaire des secteurs privé et public par région,Classes,,1057,Évolution des nombres d'écoles et de salles de classe du primaire des secteurs privé et public par région.csv
2005,Sud-Ouest,,Evolution des nombres d'écoles et de salles de classe du primaire des secteurs privé et public par région,Classes,,1157,Évolution des nombres d'écoles et de salles de classe du primaire des secteurs privé et public par région.csv
2006,Sud-Ouest,,Evolution des nombres d'écoles et de salles de classe du primaire des secteurs privé et public par région,Classes,,1243,Évolution des nombres d'écoles et de salles de classe du primaire des secteurs privé et public par région.csv
2007,Sud-Ouest,,Evolution des nombres d'écoles et de salles de classe du primaire des secteurs privé et public par région,Classes,,1392,Évolution des nombres d'écoles et de salles de classe du primaire des secteurs privé et public par région.csv
2008,Sud-Ouest,,Evolution des nombres d'écoles et de salles de classe du primaire des secteurs privé et public par région,Classes,,1533,Évolution des nombres d'écoles et de salles de classe du primaire des secteurs privé et public par région.csv
2009,Sud-Ouest,,Evolution des nombres d'écoles et de salles de classe du primaire des secteurs privé et public par région,Classes,,1672,Évolution des nombres d'écoles et de salles de classe du primaire des secteurs privé et public par région.csv
2010,Sud-Ouest,,Evolution des nombres d'écoles et de salles de classe du primaire des secteurs privé et public par région,Classes,,1867,Évolution des nombres d'écoles et de salles de classe du primaire des secteurs privé et public par région.csv
2011,Sud-Ouest,,Evolution des nombres d'écoles et de salles de classe du primaire des secteurs privé et public par région,Classes,,2102,Évolution des nombres d'écoles et de salles de classe du primaire des secteurs privé et public par région.csv
2012,Sud-Ouest,,Evolution des nombres d'écoles et de salles de classe du primaire des secteurs privé et public par région,Classes,,2197,Évolution des nombres d'écoles et de salles de classe du primaire des secteurs privé et public par région.csv
2013,Sud-Ouest,,Evolution des nombres d'écoles et de salles de classe du primaire des secteurs privé et public par région,Classes,,2490,Évolution des nombres d'écoles et de salles de classe du primaire des secteurs privé et public par région.csv
2014,Sud-Ouest,,Evolution des nombres d'écoles et de salles de classe du primaire des secteurs privé et public par région,Classes,,2640,Évolution des nombres d'écoles et de salles de classe du primaire des secteurs privé et public par région.csv
2015,Sud-Ouest,,Evolution des nombres d'écoles et de salles de classe du primaire des secteurs privé et public par région,Classes,,2951,Évolution des nombres d'écoles et de salles de classe du primaire des secteurs privé et public par région.csv
2016,Sud-Ouest,,Evolution des nombres d'écoles et de salles de classe du primaire des secteurs privé et public par région,Classes,,3168,Évolution des nombres d'écoles et de salles de classe du primaire des secteurs privé et public par région.csv
2017,Sud-Ouest,,Evolution des nombres d'écoles et de salles de classe du primaire des secteurs privé et public par région,Classes,,3661,Évolution des nombres d'écoles et de salles de classe du primaire des secteurs privé et public par région.csv
2018,Sud-Ouest,,Evolution des nombres d'écoles et de salles de classe du primaire des secteurs privé et public par région,Classes,,3557,Évolution des nombres d'écoles et de salles de classe du primaire des secteurs privé et public par région.csv
2019,Sud-Ouest,,Evolution des nombres d'écoles et de salles de classe du primaire des secteurs privé et public par région,Classes,,3758,Évolution des nombres d'écoles et de salles de classe du primaire des secteurs privé et public par région.csv
2020,Sud-Ouest,,Evolution des nombres d'écoles et de salles de classe du primaire des secteurs privé et public par région,Classes,,3854,Évolution des nombres d'écoles et de salles de classe du primaire des secteurs privé et public par région.csv
2022,Sud-Ouest,,Evolution des nombres d'écoles et de salles de classe du primaire des secteurs privé et public par région,Classes,,3717,Évolution des nombres d'écoles et de salles de classe du primaire des secteurs privé et public par région.csv
2023,Sud-Ouest,,Evolution des nombres d'écoles et de salles de classe du primaire des secteurs privé et public par région,Classes,,3592,Évolution des nombres d'écoles et de salles de classe du primaire des secteurs privé et public par région.csv
1997,Burkina Faso,,Evolution des nombres d'écoles et de salles de classe du primaire des secteurs privé et public par région,Ecoles,,3819,Évolution des nombres d'écoles et de salles de classe du primaire des secteurs privé et public par région.csv
1998,Burkina Faso,,Evolution des nombres d'écoles et de salles de classe du primaire des secteurs privé et public par région,Ecoles,,4132,Évolution des nombres d'écoles et de salles de classe du primaire des secteurs privé et public par région.csv
1999,Burkina Faso,,Evolution des nombres d'écoles et de salles de classe du primaire des secteurs privé et public par région,Ecoles,,4519,Évolution des nombres d'écoles et de salles de classe du primaire des secteurs privé et public par région.csv
2000,Burkina Faso,,Evolution des nombres d'écoles et de salles de classe du primaire des secteurs privé et public par région,Ecoles,,4860,Évolution des nombres d'écoles et de salles de classe du primaire des secteurs privé et public par région.csv
2001,Burkina Faso,,Evolution des nombres d'écoles et de salles de classe du primaire des secteurs privé et public par région,Ecoles,,5131,Évolution des nombres d'écoles et de salles de classe du primaire des secteurs privé et public par région.csv
2002,Burkina Faso,,Evolution des nombres d'écoles et de salles de classe du primaire des secteurs privé et public par région,Ecoles,,5386,Évolution des nombres d'écoles et de salles de classe du primaire des secteurs privé et public par région.csv
2003,Burkina Faso,,Evolution des nombres d'écoles et de salles de classe du primaire des secteurs privé et public par région,Ecoles,,5804,Évolution des nombres d'écoles et de salles de classe du primaire des secteurs privé et public par région.csv
2004,Burkina Faso,,Evolution des nombres d'écoles et de salles de classe du primaire des secteurs privé et public par région,Ecoles,,6266,Évolution des nombres d'écoles et de salles de classe du primaire des secteurs privé et public par région.csv
2005,Burkina Faso,,Evolution des nombres d'écoles et de salles de classe du primaire des secteurs privé et public par région,Ecoles,,6917,Évolution des nombres d'écoles et de salles de classe du primaire des secteurs privé et public par région.csv
2006,Burkina Faso,,Evolution des nombres d'écoles et de salles de classe du primaire des secteurs privé et public par région,Ecoles,,7579,Évolution des nombres d'écoles et de salles de classe du primaire des secteurs privé et public par région.csv
2007,Burkina Faso,,Evolution des nombres d'écoles et de salles de classe du primaire des secteurs privé et public par région,Ecoles,,8182,Évolution des nombres d'écoles et de salles de classe du primaire des secteurs privé et public par région.csv
2008,Burkina Faso,,Evolution des nombres d'écoles et de salles de classe du primaire des secteurs privé et public par région,Ecoles,,8778,Évolution des nombres d'écoles et de salles de classe du primaire des secteurs privé et public par région.csv
2009,Burkina Faso,,Evolution des nombres d'écoles et de salles de classe du primaire des secteurs privé et public par région,Ecoles,,9726,Évolution des nombres d'écoles et de salles de classe du primaire des secteurs privé et public par région.csv
2010,Burkina Faso,,Evolution des nombres d'écoles et de salles de classe du primaire des secteurs privé et public par région,Ecoles,,10198,Évolution des nombres d'écoles et de salles de classe du primaire des secteurs privé et public par région.csv
2011,Burkina Faso,,Evolution des nombres d'écoles et de salles de classe du primaire des secteurs privé et public par région,Ecoles,,10796,Évolution des nombres d'écoles et de salles de classe du primaire des secteurs privé et public par région.csv
2012,Burkina Faso,,Evolution des nombres d'écoles et de salles de classe du primaire des secteurs privé et public par région,Ecoles,,11545,Évolution des nombres d'écoles et de salles de classe du primaire des secteurs privé et public par région.csv
2013,Burkina Faso,,Evolution des nombres d'écoles et de salles de classe du primaire des secteurs privé et public par région,Ecoles,,12394,Évolution des nombres d'écoles et de salles de classe du primaire des secteurs privé et public par région.csv
2014,Burkina Faso,,Evolution des nombres d'écoles et de salles de classe du primaire des secteurs privé et public par région,Ecoles,,13204,Évolution des nombres d'écoles et de salles de classe du primaire des secteurs privé et public par région.csv
2015,Burkina Faso,,Evolution des nombres d'écoles et de salles de classe du primaire des secteurs privé et public par région,Ecoles,,13831,Évolution des nombres d'écoles et de salles de classe du primaire des secteurs privé et public par région.csv
2016,Burkina Faso,,Evolution des nombres d'écoles et de salles de classe du primaire des secteurs privé et public par région,Ecoles,,14655,Évolution des nombres d'écoles et de salles de classe du primaire des secteurs privé et public par région.csv
2017,Burkina Faso,,Evolution des nombres d'écoles et de salles de classe du primaire des secteurs privé et public par région,Ecoles,,15330,Évolution des nombres d'écoles et de salles de classe du primaire des secteurs privé et public par région.csv
2018,Burkina Faso,,Evolution des nombres d'écoles et de salles de classe du primaire des secteurs privé et public par région,Ecoles,,15756,Évolution des nombres d'écoles et de salles de classe du primaire des secteurs privé et public par région.csv
2019,Burkina Faso,,Evolution des nombres d'écoles et de salles de classe du primaire des secteurs privé et public par région,Ecoles,,15345,Évolution des nombres d'écoles et de salles de classe du primaire des secteurs privé et public par région.csv
2020,Burkina Faso,,Evolution des nombres d'écoles et de salles de classe du primaire des secteurs privé et public par région,Ecoles,,14863,Évolution des nombres d'écoles et de salles de classe du primaire des secteurs privé et public par région.csv
2022,Burkina Faso,,Evolution des nombres d'écoles et de salles de classe du primaire des secteurs privé et public par région,Ecoles,,14427,Évolution des nombres d'écoles et de salles de classe du primaire des secteurs privé et public par région.csv
2023,Burkina Faso,,Evolution des nombres d'écoles et de salles de classe du primaire des secteurs privé et public par région,Ecoles,,12780,Évolution des nombres d'écoles et de salles de classe du primaire des secteurs privé et public par région.csv
1997,Burkina Faso,,Evolution des nombres d'écoles et de salles de classe du primaire des secteurs privé et public par région,Classes,,13413,Évolution des nombres d'écoles et de salles de classe du primaire des secteurs privé et public par région.csv
1998,Burkina Faso,,Evolution des nombres d'écoles et de salles de classe du primaire des secteurs privé et public par région,Classes,,15104,Évolution des nombres d'écoles et de salles de classe du primaire des secteurs privé et public par région.csv
1999,Burkina Faso,,Evolution des nombres d'écoles et de salles de classe du primaire des secteurs privé et public par région,Classes,,15983,Évolution des nombres d'écoles et de salles de classe du primaire des secteurs privé et public par région.csv
2000,Burkina Faso,,Evolution des nombres d'écoles et de salles de classe du primaire des secteurs privé et public par région,Classes,,17037,Évolution des nombres d'écoles et de salles de classe du primaire des secteurs privé et public par région.csv
2001,Burkina Faso,,Evolution des nombres d'écoles et de salles de classe du primaire des secteurs privé et public par région,Classes,,17456,Évolution des nombres d'écoles et de salles de classe du primaire des secteurs privé et public par région.csv
2002,Burkina Faso,,Evolution des nombres d'écoles et de salles de classe du primaire des secteurs privé et public par région,Classes,,19252,Évolution des nombres d'écoles et de salles de classe du primaire des secteurs privé et public par région.csv
2003,Burkina Faso,,Evolution des nombres d'écoles et de salles de classe du primaire des secteurs privé et public par région,Classes,,20251,Évolution des nombres d'écoles et de salles de classe du primaire des secteurs privé et public par région.csv
2004,Burkina Faso,,Evolution des nombres d'écoles et de salles de classe du primaire des secteurs privé et public par région,Classes,,22330,Évolution des nombres d'écoles et de salles de classe du primaire des secteurs privé et public par région.csv
2005,Burkina Faso,,Evolution des nombres d'écoles et de salles de classe du primaire des secteurs privé et public par région,Classes,,24403,Évolution des nombres d'écoles et de salles de classe du primaire des secteurs privé et public par région.csv
2006,Burkina Faso,,Evolution des nombres d'écoles et de salles de classe du primaire des secteurs privé et public par région,Classes,,26444,Évolution des nombres d'écoles et de salles de classe du primaire des secteurs privé et public par région.csv
2007,Burkina Faso,,Evolution des nombres d'écoles et de salles de classe du primaire des secteurs privé et public par région,Classes,,28925,Évolution des nombres d'écoles et de salles de classe du primaire des secteurs privé et public par région.csv
2008,Burkina Faso,,Evolution des nombres d'écoles et de salles de classe du primaire des secteurs privé et public par région,Classes,,31809,Évolution des nombres d'écoles et de salles de classe du primaire des secteurs privé et public par région.csv
2009,Burkina Faso,,Evolution des nombres d'écoles et de salles de classe du primaire des secteurs privé et public par région,Classes,,35129,Évolution des nombres d'écoles et de salles de classe du primaire des secteurs privé et public par région.csv
2010,Burkina Faso,,Evolution des nombres d'écoles et de salles de classe du primaire des secteurs privé et public par région,Classes,,38269,Évolution des nombres d'écoles et de salles de classe du primaire des secteurs privé et public par région.csv
2011,Burkina Faso,,Evolution des nombres d'écoles et de salles de classe du primaire des secteurs privé et public par région,Classes,,40912,Évolution des nombres d'écoles et de salles de classe du primaire des secteurs privé et public par région.csv
2012,Burkina Faso,,Evolution des nombres d'écoles et de salles de classe du primaire des secteurs privé et public par région,Classes,,43661,Évolution des nombres d'écoles et de salles de classe du primaire des secteurs privé et public par région.csv
2013,Burkina Faso,,Evolution des nombres d'écoles et de salles de classe du primaire des secteurs privé et public par région,Classes,,47709,Évolution des nombres d'écoles et de salles de classe du primaire des secteurs privé et public par région.csv
2014,Burkina Faso,,Evolution des nombres d'écoles et de salles de classe du primaire des secteurs privé et public par région,Classes,,50444,Évolution des nombres d'écoles et de salles de classe du primaire des secteurs privé et public par région.csv
2015,Burkina Faso,,Evolution des nombres d'écoles et de salles de classe du primaire des secteurs privé et public par région,Classes,,55098,Évolution des nombres d'écoles et de salles de classe du primaire des secteurs privé et public par région.csv
2016,Burkina Faso,,Evolution des nombres d'écoles et de salles de classe du primaire des secteurs privé et public par région,Classes,,59938,Évolution des nombres d'écoles et de salles de classe du primaire des secteurs privé et public par région.csv
2017,Burkina Faso,,Evolution des nombres d'écoles et de salles de classe du primaire des secteurs privé et public par région,Classes,,69583,Évolution des nombres d'écoles et de salles de classe du primaire des secteurs privé et public par région.csv
2018,Burkina Faso,,Evolution des nombres d'écoles et de salles de classe du primaire des secteurs privé et public par région,Classes,,67709,Évolution des nombres d'écoles et de salles de classe du primaire des secteurs privé et public par région.csv
2019,Burkina Faso,,Evolution des nombres d'écoles et de salles de classe du primaire des secteurs privé et public par région,Classes,,67238,Évolution des nombres d'écoles et de salles de classe du primaire des secteurs privé et public par région.csv
2020,Burkina Faso,,Evolution des nombres d'écoles et de salles de classe du primaire des secteurs privé et public par région,Classes,,66870,Évolution des nombres d'écoles et de salles de classe du primaire des secteurs privé et public par région.csv
2022,Burkina Faso,,Evolution des nombres d'écoles et de salles de classe du primaire des secteurs privé et public par région,Classes,,65452,Évolution des nombres d'écoles et de salles de classe du primaire des secteurs privé et public par région.csv
2023,Burkina Faso,,Evolution des nombres d'écoles et de salles de classe du primaire des secteurs privé et public par région,Classes,,59013,Évolution des nombres d'écoles et de salles de classe du primaire des secteurs privé et public par région.csv
1997,Boucle Du Mouhoun,,Evolution des nombres d'établissements et de classes de l'enseignement secondaire technique et professionnel des secteurs public et privé par région,Etablissements,,3,Évolution des nombres d'établissements et de classes de l'enseignement secondaire technique et professionnel des secteurs public et privé par région.csv
1998,Boucle Du Mouhoun,,Evolution des nombres d'établissements et de classes de l'enseignement secondaire technique et professionnel des secteurs public et privé par région,Etablissements,,5,Évolution des nombres d'établissements et de classes de l'enseignement secondaire technique et professionnel des secteurs public et privé par région.csv
1999,Boucle Du Mouhoun,,Evolution des nombres d'établissements et de classes de l'enseignement secondaire technique et professionnel des secteurs public et privé par région,Etablissements,,4,Évolution des nombres d'établissements et de classes de l'enseignement secondaire technique et professionnel des secteurs public et privé par région.csv
2000,Boucle Du Mouhoun,,Evolution des nombres d'établissements et de classes de l'enseignement secondaire technique et professionnel des secteurs public et privé par région,Etablissements,,4,Évolution des nombres d'établissements et de classes de l'enseignement secondaire technique et professionnel des secteurs public et privé par région.csv
2001,Boucle Du Mouhoun,,Evolution des nombres d'établissements et de classes de l'enseignement secondaire technique et professionnel des secteurs public et privé par région,Etablissements,,4,Évolution des nombres d'établissements et de classes de l'enseignement secondaire technique et professionnel des secteurs public et privé par région.csv
2002,Boucle Du Mouhoun,,Evolution des nombres d'établissements et de classes de l'enseignement secondaire technique et professionnel des secteurs public et privé par région,Etablissements,,4,Évolution des nombres d'établissements et de classes de l'enseignement secondaire technique et professionnel des secteurs public et privé par région.csv
2003,Boucle Du Mouhoun,,Evolution des nombres d'établissements et de classes de l'enseignement secondaire technique et professionnel des secteurs public et privé par région,Etablissements,,4,Évolution des nombres d'établissements et de classes de l'enseignement secondaire technique et professionnel des secteurs public et privé par région.csv
2004,Boucle Du Mouhoun,,Evolution des nombres d'établissements et de classes de l'enseignement secondaire technique et professionnel des secteurs public et privé par région,Etablissements,,3,Évolution des nombres d'établissements et de classes de l'enseignement secondaire technique et professionnel des secteurs public et privé par région.csv
2005,Boucle Du Mouhoun,,Evolution des nombres d'établissements et de classes de l'enseignement secondaire technique et professionnel des secteurs public et privé par région,Etablissements,,3,Évolution des nombres d'établissements et de classes de l'enseignement secondaire technique et professionnel des secteurs public et privé par région.csv
2006,Boucle Du Mouhoun,,Evolution des nombres d'établissements et de classes de l'enseignement secondaire technique et professionnel des secteurs public et privé par région,Etablissements,,3,Évolution des nombres d'établissements et de classes de l'enseignement secondaire technique et professionnel des secteurs public et privé par région.csv
2007,Boucle Du Mouhoun,,Evolution des nombres d'établissements et de classes de l'enseignement secondaire technique et professionnel des secteurs public et privé par région,Etablissements,,3,Évolution des nombres d'établissements et de classes de l'enseignement secondaire technique et professionnel des secteurs public et privé par région.csv
2008,Boucle Du Mouhoun,,Evolution des nombres d'établissements et de classes de l'enseignement secondaire technique et professionnel des secteurs public et privé par région,Etablissements,,4,Évolution des nombres d'établissements et de classes de l'enseignement secondaire technique et professionnel des secteurs public et privé par région.csv
2009,Boucle Du Mouhoun,,Evolution des nombres d'établissements et de classes de l'enseignement secondaire technique et professionnel des secteurs public et privé par région,Etablissements,,5,Évolution des nombres d'établissements et de classes de l'enseignement secondaire technique et professionnel des secteurs public et privé par région.csv
2010,Boucle Du Mouhoun,,Evolution des nombres d'établissements et de classes de l'enseignement secondaire technique et professionnel des secteurs public et privé par région,Etablissements,,3,Évolution des nombres d'établissements et de classes de l'enseignement secondaire technique et professionnel des secteurs public et privé par région.csv
2011,Boucle Du Mouhoun,,Evolution des nombres d'établissements et de classes de l'enseignement secondaire technique et professionnel des secteurs public et privé par région,Etablissements,,4,Évolution des nombres d'établissements et de classes de l'enseignement secondaire technique et professionnel des secteurs public et privé par région.csv
2012,Boucle Du Mouhoun,,Evolution des nombres d'établissements et de classes de l'enseignement secondaire technique et professionnel des secteurs public et privé par région,Etablissements,,6,Évolution des nombres d'établissements et de classes de l'enseignement secondaire technique et professionnel des secteurs public et privé par région.csv
2013,Boucle Du Mouhoun,,Evolution des nombres d'établissements et de classes de l'enseignement secondaire technique et professionnel des secteurs public et privé par région,Etablissements,,5,Évolution des nombres d'établissements et de classes de l'enseignement secondaire technique et professionnel des secteurs public et privé par région.csv
2014,Boucle Du Mouhoun,,Evolution des nombres d'établissements et de classes de l'enseignement secondaire technique et professionnel des secteurs public et privé par région,Etablissements,,4,Évolution des nombres d'établissements et de classes de l'enseignement secondaire technique et professionnel des secteurs public et privé par région.csv
2015,Boucle Du Mouhoun,,Evolution des nombres d'établissements et de classes de l'enseignement secondaire technique et professionnel des secteurs public et privé par région,Etablissements,,5,Évolution des nombres d'établissements et de classes de l'enseignement secondaire technique et professionnel des secteurs public et privé par région.csv
2016,Boucle Du Mouhoun,,Evolution des nombres d'établissements et de classes de l'enseignement secondaire technique et professionnel des secteurs public et privé par région,Etablissements,,8,Évolution des nombres d'établissements et de classes de l'enseignement secondaire technique et professionnel des secteurs public et privé par région.csv
2017,Boucle Du Mouhoun,,Evolution des nombres d'établissements et de classes de l'enseignement secondaire technique et professionnel des secteurs public et privé par région,Etablissements,,8,Évolution des nombres d'établissements et de classes de l'enseignement secondaire technique et professionnel des secteurs public et privé par région.csv
2018,Boucle Du Mouhoun,,Evolution des nombres d'établissements et de classes de l'enseignement secondaire technique et professionnel des secteurs public et privé par région,Etablissements,,7,Évolution des nombres d'établissements et de classes de l'enseignement secondaire technique et professionnel des secteurs public et privé par région.csv
2019,Boucle Du Mouhoun,,Evolution des nombres d'établissements et de classes de l'enseignement secondaire technique et professionnel des secteurs public et privé par région,Etablissements,,7,Évolution des nombres d'établissements et de classes de l'enseignement secondaire technique et professionnel des secteurs public et privé par région.csv
2020,Boucle Du Mouhoun,,Evolution des nombres d'établissements et de classes de l'enseignement secondaire technique et professionnel des secteurs public et privé par région,Etablissements,,7,Évolution des nombres d'établissements et de classes de l'enseignement secondaire technique et professionnel des secteurs public et privé par région.csv
2021,Boucle Du Mouhoun,,Evolution des nombres d'établissements et de classes de l'enseignement secondaire technique et professionnel des secteurs public et privé par région,Etablissements,,11,Évolution des nombres d'établissements et de classes de l'enseignement secondaire technique et professionnel des secteurs public et privé par région.csv
2022,Boucle Du Mouhoun,,Evolution des nombres d'établissements et de classes de l'enseignement secondaire technique et professionnel des secteurs public et privé par région,Etablissements,,11,Évolution des nombres d'établissements et de classes de l'enseignement secondaire technique et professionnel des secteurs public et privé par région.csv
2023,Boucle Du Mouhoun,,Evolution des nombres d'établissements et de classes de l'enseignement secondaire technique et professionnel des secteurs public et privé par région,Etablissements,,11,Évolution des nombres d'établissements et de classes de l'enseignement secondaire technique et professionnel des secteurs public et privé par région.csv
1997,Boucle Du Mouhoun,,Evolution des nombres d'établissements et de classes de l'enseignement secondaire technique et professionnel des secteurs public et privé par région,Classes,,16,Évolution des nombres d'établissements et de classes de l'enseignement secondaire technique et professionnel des secteurs public et privé par région.csv
1998,Boucle Du Mouhoun,,Evolution des nombres d'établissements et de classes de l'enseignement secondaire technique et professionnel des secteurs public et privé par région,Classes,,11,Évolution des nombres d'établissements et de classes de l'enseignement secondaire technique et professionnel des secteurs public et privé par région.csv
1999,Boucle Du Mouhoun,,Evolution des nombres d'établissements et de classes de l'enseignement secondaire technique et professionnel des secteurs public et privé par région,Classes,,18,Évolution des nombres d'établissements et de classes de l'enseignement secondaire technique et professionnel des secteurs public et privé par région.csv
2000,Boucle Du Mouhoun,,Evolution des nombres d'établissements et de classes de l'enseignement secondaire technique et professionnel des secteurs public et privé par région,Classes,,20,Évolution des nombres d'établissements et de classes de l'enseignement secondaire technique et professionnel des secteurs public et privé par région.csv
2001,Boucle Du Mouhoun,,Evolution des nombres d'établissements et de classes de l'enseignement secondaire technique et professionnel des secteurs public et privé par région,Classes,,20,Évolution des nombres d'établissements et de classes de l'enseignement secondaire technique et professionnel des secteurs public et privé par région.csv
2002,Boucle Du Mouhoun,,Evolution des nombres d'établissements et de classes de l'enseignement secondaire technique et professionnel des secteurs public et privé par région,Classes,,20,Évolution des nombres d'établissements et de classes de l'enseignement secondaire technique et professionnel des secteurs public et privé par région.csv
2003,Boucle Du Mouhoun,,Evolution des nombres d'établissements et de classes de l'enseignement secondaire technique et professionnel des secteurs public et privé par région,Classes,,20,Évolution des nombres d'établissements et de classes de l'enseignement secondaire technique et professionnel des secteurs public et privé par région.csv
2004,Boucle Du Mouhoun,,Evolution des nombres d'établissements et de classes de l'enseignement secondaire technique et professionnel des secteurs public et privé par région,Classes,,14,Évolution des nombres d'établissements et de classes de l'enseignement secondaire technique et professionnel des secteurs public et privé par région.csv
2005,Boucle Du Mouhoun,,Evolution des nombres d'établissements et de classes de l'enseignement secondaire technique et professionnel des secteurs public et privé par région,Classes,,14,Évolution des nombres d'établissements et de classes de l'enseignement secondaire technique et professionnel des secteurs public et privé par région.csv
2006,Boucle Du Mouhoun,,Evolution des nombres d'établissements et de classes de l'enseignement secondaire technique et professionnel des secteurs public et privé par région,Classes,,13,Évolution des nombres d'établissements et de classes de l'enseignement secondaire technique et professionnel des secteurs public et privé par région.csv
2007,Boucle Du Mouhoun,,Evolution des nombres d'établissements et de classes de l'enseignement secondaire technique et professionnel des secteurs public et privé par région,Classes,,20,Évolution des nombres d'établissements et de classes de l'enseignement secondaire technique et professionnel des secteurs public et privé par région.csv
2008,Boucle Du Mouhoun,,Evolution des nombres d'établissements et de classes de l'enseignement secondaire technique et professionnel des secteurs public et privé par région,Classes,,15,Évolution des nombres d'établissements et de classes de l'enseignement secondaire technique et professionnel des secteurs public et privé par région.csv
2009,Boucle Du Mouhoun,,Evolution des nombres d'établissements et de classes de l'enseignement secondaire technique et professionnel des secteurs public et privé par région,Classes,,12,Évolution des nombres d'établissements et de classes de l'enseignement secondaire technique et professionnel des secteurs public et privé par région.csv
2010,Boucle Du Mouhoun,,Evolution des nombres d'établissements et de classes de l'enseignement secondaire technique et professionnel des secteurs public et privé par région,Classes,,13,Évolution des nombres d'établissements et de classes de l'enseignement secondaire technique et professionnel des secteurs public et privé par région.csv
2011,Boucle Du Mouhoun,,Evolution des nombres d'établissements et de classes de l'enseignement secondaire technique et professionnel des secteurs public et privé par région,Classes,,18,Évolution des nombres d'établissements et de classes de l'enseignement secondaire technique et professionnel des secteurs public et privé par région.csv
2012,Boucle Du Mouhoun,,Evolution des nombres d'établissements et de classes de l'enseignement secondaire technique et professionnel des secteurs public et privé par région,Classes,,18,Évolution des nombres d'établissements et de classes de l'enseignement secondaire technique et professionnel des secteurs public et privé par région.csv
2013,Boucle Du Mouhoun,,Evolution des nombres d'établissements et de classes de l'enseignement secondaire technique et professionnel des secteurs public et privé par région,Classes,,23,Évolution des nombres d'établissements et de classes de l'enseignement secondaire technique et professionnel des secteurs public et privé par région.csv
2014,Boucle Du Mouhoun,,Evolution des nombres d'établissements et de classes de l'enseignement secondaire technique et professionnel des secteurs public et privé par région,Classes,,24,Évolution des nombres d'établissements et de classes de l'enseignement secondaire technique et professionnel des secteurs public et privé par région.csv
2015,Boucle Du Mouhoun,,Evolution des nombres d'établissements et de classes de l'enseignement secondaire technique et professionnel des secteurs public et privé par région,Classes,,31,Évolution des nombres d'établissements et de classes de l'enseignement secondaire technique et professionnel des secteurs public et privé par région.csv
2016,Boucle Du Mouhoun,,Evolution des nombres d'établissements et de classes de l'enseignement secondaire technique et professionnel des secteurs public et privé par région,Classes,,48,Évolution des nombres d'établissements et de classes de l'enseignement secondaire technique et professionnel des secteurs public et privé par région.csv
2017,Boucle Du Mouhoun,,Evolution des nombres d'établissements et de classes de l'enseignement secondaire technique et professionnel des secteurs public et privé par région,Classes,,45,Évolution des nombres d'établissements et de classes de l'enseignement secondaire technique et professionnel des secteurs public et privé par région.csv
2018,Boucle Du Mouhoun,,Evolution des nombres d'établissements et de classes de l'enseignement secondaire technique et professionnel des secteurs public et privé par région,Classes,,39,Évolution des nombres d'établissements et de classes de l'enseignement secondaire technique et professionnel des secteurs public et privé par région.csv
2019,Boucle Du Mouhoun,,Evolution des nombres d'établissements et de classes de l'enseignement secondaire technique et professionnel des secteurs public et privé par région,Classes,,44,Évolution des nombres d'établissements et de classes de l'enseignement secondaire technique et professionnel des secteurs public et privé par région.csv
2020,Boucle Du Mouhoun,,Evolution des nombres d'établissements et de classes de l'enseignement secondaire technique et professionnel des secteurs public et privé par région,Classes,,47,Évolution des nombres d'établissements et de classes de l'enseignement secondaire technique et professionnel des secteurs public et privé par région.csv
2021,Boucle Du Mouhoun,,Evolution des nombres d'établissements et de classes de l'enseignement secondaire technique et professionnel des secteurs public et privé par région,Classes,,55,Évolution des nombres d'établissements et de classes de l'enseignement secondaire technique et professionnel des secteurs public et privé par région.csv
2022,Boucle Du Mouhoun,,Evolution des nombres d'établissements et de classes de l'enseignement secondaire technique et professionnel des secteurs public et privé par région,Classes,,61,Évolution des nombres d'établissements et de classes de l'enseignement secondaire technique et professionnel des secteurs public et privé par région.csv
2023,Boucle Du Mouhoun,,Evolution des nombres d'établissements et de classes de l'enseignement secondaire technique et professionnel des secteurs public et privé par région,Classes,,77,Évolution des nombres d'établissements et de classes de l'enseignement secondaire technique et professionnel des secteurs public et privé par région.csv
1997,Cascades,,Evolution des nombres d'établissements et de classes de l'enseignement secondaire technique et professionnel des secteurs public et privé par région,Etablissements,,1,Évolution des nombres d'établissements et de classes de l'enseignement secondaire technique et professionnel des secteurs public et privé par région.csv
1998,Cascades,,Evolution des nombres d'établissements et de classes de l'enseignement secondaire technique et professionnel des secteurs public et privé par région,Etablissements,,2,Évolution des nombres d'établissements et de classes de l'enseignement secondaire technique et professionnel des secteurs public et privé par région.csv
1999,Cascades,,Evolution des nombres d'établissements et de classes de l'enseignement secondaire technique et professionnel des secteurs public et privé par région,Etablissements,,2,Évolution des nombres d'établissements et de classes de l'enseignement secondaire technique et professionnel des secteurs public et privé par région.csv
2000,Cascades,,Evolution des nombres d'établissements et de classes de l'enseignement secondaire technique et professionnel des secteurs public et privé par région,Etablissements,,2,Évolution des nombres d'établissements et de classes de l'enseignement secondaire technique et professionnel des secteurs public et privé par région.csv
2001,Cascades,,Evolution des nombres d'établissements et de classes de l'enseignement secondaire technique et professionnel des secteurs public et privé par région,Etablissements,,3,Évolution des nombres d'établissements et de classes de l'enseignement secondaire technique et professionnel des secteurs public et privé par région.csv
2002,Cascades,,Evolution des nombres d'établissements et de classes de l'enseignement secondaire technique et professionnel des secteurs public et privé par région,Etablissements,,3,Évolution des nombres d'établissements et de classes de l'enseignement secondaire technique et professionnel des secteurs public et privé par région.csv
2003,Cascades,,Evolution des nombres d'établissements et de classes de l'enseignement secondaire technique et professionnel des secteurs public et privé par région,Etablissements,,2,Évolution des nombres d'établissements et de classes de l'enseignement secondaire technique et professionnel des secteurs public et privé par région.csv
2004,Cascades,,Evolution des nombres d'établissements et de classes de l'enseignement secondaire technique et professionnel des secteurs public et privé par région,Etablissements,,2,Évolution des nombres d'établissements et de classes de l'enseignement secondaire technique et professionnel des secteurs public et privé par région.csv
2005,Cascades,,Evolution des nombres d'établissements et de classes de l'enseignement secondaire technique et professionnel des secteurs public et privé par région,Etablissements,,2,Évolution des nombres d'établissements et de classes de l'enseignement secondaire technique et professionnel des secteurs public et privé par région.csv
2006,Cascades,,Evolution des nombres d'établissements et de classes de l'enseignement secondaire technique et professionnel des secteurs public et privé par région,Etablissements,,2,Évolution des nombres d'établissements et de classes de l'enseignement secondaire technique et professionnel des secteurs public et privé par région.csv
2007,Cascades,,Evolution des nombres d'établissements et de classes de l'enseignement secondaire technique et professionnel des secteurs public et privé par région,Etablissements,,3,Évolution des nombres d'établissements et de classes de l'enseignement secondaire technique et professionnel des secteurs public et privé par région.csv
2008,Cascades,,Evolution des nombres d'établissements et de classes de l'enseignement secondaire technique et professionnel des secteurs public et privé par région,Etablissements,,3,Évolution des nombres d'établissements et de classes de l'enseignement secondaire technique et professionnel des secteurs public et privé par région.csv
2009,Cascades,,Evolution des nombres d'établissements et de classes de l'enseignement secondaire technique et professionnel des secteurs public et privé par région,Etablissements,,3,Évolution des nombres d'établissements et de classes de l'enseignement secondaire technique et professionnel des secteurs public et privé par région.csv
2010,Cascades,,Evolution des nombres d'établissements et de classes de l'enseignement secondaire technique et professionnel des secteurs public et privé par région,Etablissements,,3,Évolution des nombres d'établissements et de classes de l'enseignement secondaire technique et professionnel des secteurs public et privé par région.csv
2011,Cascades,,Evolution des nombres d'établissements et de classes de l'enseignement secondaire technique et professionnel des secteurs public et privé par région,Etablissements,,2,Évolution des nombres d'établissements et de classes de l'enseignement secondaire technique et professionnel des secteurs public et privé par région.csv
2012,Cascades,,Evolution des nombres d'établissements et de classes de l'enseignement secondaire technique et professionnel des secteurs public et privé par région,Etablissements,,2,Évolution des nombres d'établissements et de classes de l'enseignement secondaire technique et professionnel des secteurs public et privé par région.csv
2013,Cascades,,Evolution des nombres d'établissements et de classes de l'enseignement secondaire technique et professionnel des secteurs public et privé par région,Etablissements,,3,Évolution des nombres d'établissements et de classes de l'enseignement secondaire technique et professionnel des secteurs public et privé par région.csv
2014,Cascades,,Evolution des nombres d'établissements et de classes de l'enseignement secondaire technique et professionnel des secteurs public et privé par région,Etablissements,,3,Évolution des nombres d'établissements et de classes de l'enseignement secondaire technique et professionnel des secteurs public et privé par région.csv
2015,Cascades,,Evolution des nombres d'établissements et de classes de l'enseignement secondaire technique et professionnel des secteurs public et privé par région,Etablissements,,3,Évolution des nombres d'établissements et de classes de l'enseignement secondaire technique et professionnel des secteurs public et privé par région.csv
2016,Cascades,,Evolution des nombres d'établissements et de classes de l'enseignement secondaire technique et professionnel des secteurs public et privé par région,Etablissements,,3,Évolution des nombres d'établissements et de classes de l'enseignement secondaire technique et professionnel des secteurs public et privé par région.csv
2017,Cascades,,Evolution des nombres d'établissements et de classes de l'enseignement secondaire technique et professionnel des secteurs public et privé par région,Etablissements,,4,Évolution des nombres d'établissements et de classes de l'enseignement secondaire technique et professionnel des secteurs public et privé par région.csv
2018,Cascades,,Evolution des nombres d'établissements et de classes de l'enseignement secondaire technique et professionnel des secteurs public et privé par région,Etablissements,,4,Évolution des nombres d'établissements et de classes de l'enseignement secondaire technique et professionnel des secteurs public et privé par région.csv
2019,Cascades,,Evolution des nombres d'établissements et de classes de l'enseignement secondaire technique et professionnel des secteurs public et privé par région,Etablissements,,4,Évolution des nombres d'établissements et de classes de l'enseignement secondaire technique et professionnel des secteurs public et privé par région.csv
2020,Cascades,,Evolution des nombres d'établissements et de classes de l'enseignement secondaire technique et professionnel des secteurs public et privé par région,Etablissements,,4,Évolution des nombres d'établissements et de classes de l'enseignement secondaire technique et professionnel des secteurs public et privé par région.csv
2021,Cascades,,Evolution des nombres d'établissements et de classes de l'enseignement secondaire technique et professionnel des secteurs public et privé par région,Etablissements,,5,Évolution des nombres d'établissements et de classes de l'enseignement secondaire technique et professionnel des secteurs public et privé par région.csv
2022,Cascades,,Evolution des nombres d'établissements et de classes de l'enseignement secondaire technique et professionnel des secteurs public et privé par région,Etablissements,,5,Évolution des nombres d'établissements et de classes de l'enseignement secondaire technique et professionnel des secteurs public et privé par région.csv
2023,Cascades,,Evolution des nombres d'établissements et de classes de l'enseignement secondaire technique et professionnel des secteurs public et privé par région,Etablissements,,5,Évolution des nombres d'établissements et de classes de l'enseignement secondaire technique et professionnel des secteurs public et privé par région.csv
1997,Cascades,,Evolution des nombres d'établissements et de classes de l'enseignement secondaire technique et professionnel des secteurs public et privé par région,Classes,,3,Évolution des nombres d'établissements et de classes de l'enseignement secondaire technique et professionnel des secteurs public et privé par région.csv
1998,Cascades,,Evolution des nombres d'établissements et de classes de l'enseignement secondaire technique et professionnel des secteurs public et privé par région,Classes,,4,Évolution des nombres d'établissements et de classes de l'enseignement secondaire technique et professionnel des secteurs public et privé par région.csv
1999,Cascades,,Evolution des nombres d'établissements et de classes de l'enseignement secondaire technique et professionnel des secteurs public et privé par région,Classes,,6,Évolution des nombres d'établissements et de classes de l'enseignement secondaire technique et professionnel des secteurs public et privé par région.csv
2000,Cascades,,Evolution des nombres d'établissements et de classes de l'enseignement secondaire technique et professionnel des secteurs public et privé par région,Classes,,6,Évolution des nombres d'établissements et de classes de l'enseignement secondaire technique et professionnel des secteurs public et privé par région.csv
2001,Cascades,,Evolution des nombres d'établissements et de classes de l'enseignement secondaire technique et professionnel des secteurs public et privé par région,Classes,,6,Évolution des nombres d'établissements et de classes de l'enseignement secondaire technique et professionnel des secteurs public et privé par région.csv
2002,Cascades,,Evolution des nombres d'établissements et de classes de l'enseignement secondaire technique et professionnel des secteurs public et privé par région,Classes,,6,Évolution des nombres d'établissements et de classes de l'enseignement secondaire technique et professionnel des secteurs public et privé par région.csv
2003,Cascades,,Evolution des nombres d'établissements et de classes de l'enseignement secondaire technique et professionnel des secteurs public et privé par région,Classes,,5,Évolution des nombres d'établissements et de classes de l'enseignement secondaire technique et professionnel des secteurs public et privé par région.csv
2004,Cascades,,Evolution des nombres d'établissements et de classes de l'enseignement secondaire technique et professionnel des secteurs public et privé par région,Classes,,6,Évolution des nombres d'établissements et de classes de l'enseignement secondaire technique et professionnel des secteurs public et privé par région.csv
2005,Cascades,,Evolution des nombres d'établissements et de classes de l'enseignement secondaire technique et professionnel des secteurs public et privé par région,Classes,,6,Évolution des nombres d'établissements et de classes de l'enseignement secondaire technique et professionnel des secteurs public et privé par région.csv
2006,Cascades,,Evolution des nombres d'établissements et de classes de l'enseignement secondaire technique et professionnel des secteurs public et privé par région,Classes,,5,Évolution des nombres d'établissements et de classes de l'enseignement secondaire technique et professionnel des secteurs public et privé par région.csv
2007,Cascades,,Evolution des nombres d'établissements et de classes de l'enseignement secondaire technique et professionnel des secteurs public et privé par région,Classes,,7,Évolution des nombres d'établissements et de classes de l'enseignement secondaire technique et professionnel des secteurs public et privé par région.csv
2008,Cascades,,Evolution des nombres d'établissements et de classes de l'enseignement secondaire technique et professionnel des secteurs public et privé par région,Classes,,10,Évolution des nombres d'établissements et de classes de l'enseignement secondaire technique et professionnel des secteurs public et privé par région.csv
2009,Cascades,,Evolution des nombres d'établissements et de classes de l'enseignement secondaire technique et professionnel des secteurs public et privé par région,Classes,,12,Évolution des nombres d'établissements et de classes de l'enseignement secondaire technique et professionnel des secteurs public et privé par région.csv
2010,Cascades,,Evolution des nombres d'établissements et de classes de l'enseignement secondaire technique et professionnel des secteurs public et privé par région,Classes,,11,Évolution des nombres d'établissements et de classes de l'enseignement secondaire technique et professionnel des secteurs public et privé par région.csv
2011,Cascades,,Evolution des nombres d'établissements et de classes de l'enseignement secondaire technique et professionnel des secteurs public et privé par région,Classes,,11,Évolution des nombres d'établissements et de classes de l'enseignement secondaire technique et professionnel des secteurs public et privé par région.csv
2012,Cascades,,Evolution des nombres d'établissements et de classes de l'enseignement secondaire technique et professionnel des secteurs public et privé par région,Classes,,11,Évolution des nombres d'établissements et de classes de l'enseignement secondaire technique et professionnel des secteurs public et privé par région.csv
2013,Cascades,,Evolution des nombres d'établissements et de classes de l'enseignement secondaire technique et professionnel des secteurs public et privé par région,Classes,,10,Évolution des nombres d'établissements et de classes de l'enseignement secondaire technique et professionnel des secteurs public et privé par région.csv
2014,Cascades,,Evolution des nombres d'établissements et de classes de l'enseignement secondaire technique et professionnel des secteurs public et privé par région,Classes,,10,Évolution des nombres d'établissements et de classes de l'enseignement secondaire technique et professionnel des secteurs public et privé par région.csv
2015,Cascades,,Evolution des nombres d'établissements et de classes de l'enseignement secondaire technique et professionnel des secteurs public et privé par région,Classes,,11,Évolution des nombres d'établissements et de classes de l'enseignement secondaire technique et professionnel des secteurs public et privé par région.csv
2016,Cascades,,Evolution des nombres d'établissements et de classes de l'enseignement secondaire technique et professionnel des secteurs public et privé par région,Classes,,13,Évolution des nombres d'établissements et de classes de l'enseignement secondaire technique et professionnel des secteurs public et privé par région.csv
2017,Cascades,,Evolution des nombres d'établissements et de classes de l'enseignement secondaire technique et professionnel des secteurs public et privé par région,Classes,,16,Évolution des nombres d'établissements et de classes de l'enseignement secondaire technique et professionnel des secteurs public et privé par région.csv
2018,Cascades,,Evolution des nombres d'établissements et de classes de l'enseignement secondaire technique et professionnel des secteurs public et privé par région,Classes,,19,Évolution des nombres d'établissements et de classes de l'enseignement secondaire technique et professionnel des secteurs public et privé par région.csv
2019,Cascades,,Evolution des nombres d'établissements et de classes de l'enseignement secondaire technique et professionnel des secteurs public et privé par région,Classes,,20,Évolution des nombres d'établissements et de classes de l'enseignement secondaire technique et professionnel des secteurs public et privé par région.csv
2020,Cascades,,Evolution des nombres d'établissements et de classes de l'enseignement secondaire technique et professionnel des secteurs public et privé par région,Classes,,19,Évolution des nombres d'établissements et de classes de l'enseignement secondaire technique et professionnel des secteurs public et privé par région.csv
2021,Cascades,,Evolution des nombres d'établissements et de classes de l'enseignement secondaire technique et professionnel des secteurs public et privé par région,Classes,,26,Évolution des nombres d'établissements et de classes de l'enseignement secondaire technique et professionnel des secteurs public et privé par région.csv
2022,Cascades,,Evolution des nombres d'établissements et de classes de l'enseignement secondaire technique et professionnel des secteurs public et privé par région,Classes,,28,Évolution des nombres d'établissements et de classes de l'enseignement secondaire technique et professionnel des secteurs public et privé par région.csv
2023,Cascades,,Evolution des nombres d'établissements et de classes de l'enseignement secondaire technique et professionnel des secteurs public et privé par région,Classes,,31,Évolution des nombres d'établissements et de classes de l'enseignement secondaire technique et professionnel des secteurs public et privé par région.csv
1997,Centre (Sans Ouagadougou),,Evolution des nombres d'établissements et de classes de l'enseignement secondaire technique et professionnel des secteurs public et privé par région,Etablissements,,21,Évolution des nombres d'établissements et de classes de l'enseignement secondaire technique et professionnel des secteurs public et privé par région.csv
1998,Centre (Sans Ouagadougou),,Evolution des nombres d'établissements et de classes de l'enseignement secondaire technique et professionnel des secteurs public et privé par région,Etablissements,,22,Évolution des nombres d'établissements et de classes de l'enseignement secondaire technique et professionnel des secteurs public et privé par région.csv
1999,Centre (Sans Ouagadougou),,Evolution des nombres d'établissements et de classes de l'enseignement secondaire technique et professionnel des secteurs public et privé par région,Etablissements,,24,Évolution des nombres d'établissements et de classes de l'enseignement secondaire technique et professionnel des secteurs public et privé par région.csv
2000,Centre (Sans Ouagadougou),,Evolution des nombres d'établissements et de classes de l'enseignement secondaire technique et professionnel des secteurs public et privé par région,Etablissements,,29,Évolution des nombres d'établissements et de classes de l'enseignement secondaire technique et professionnel des secteurs public et privé par région.csv
2001,Centre (Sans Ouagadougou),,Evolution des nombres d'établissements et de classes de l'enseignement secondaire technique et professionnel des secteurs public et privé par région,Etablissements,,33,Évolution des nombres d'établissements et de classes de l'enseignement secondaire technique et professionnel des secteurs public et privé par région.csv
2002,Centre (Sans Ouagadougou),,Evolution des nombres d'établissements et de classes de l'enseignement secondaire technique et professionnel des secteurs public et privé par région,Etablissements,,36,Évolution des nombres d'établissements et de classes de l'enseignement secondaire technique et professionnel des secteurs public et privé par région.csv
2003,Centre (Sans Ouagadougou),,Evolution des nombres d'établissements et de classes de l'enseignement secondaire technique et professionnel des secteurs public et privé par région,Etablissements,,39,Évolution des nombres d'établissements et de classes de l'enseignement secondaire technique et professionnel des secteurs public et privé par région.csv
2004,Centre (Sans Ouagadougou),,Evolution des nombres d'établissements et de classes de l'enseignement secondaire technique et professionnel des secteurs public et privé par région,Etablissements,,36,Évolution des nombres d'établissements et de classes de l'enseignement secondaire technique et professionnel des secteurs public et privé par région.csv
2005,Centre (Sans Ouagadougou),,Evolution des nombres d'établissements et de classes de l'enseignement secondaire technique et professionnel des secteurs public et privé par région,Etablissements,,42,Évolution des nombres d'établissements et de classes de l'enseignement secondaire technique et professionnel des secteurs public et privé par région.csv
2006,Centre (Sans Ouagadougou),,Evolution des nombres d'établissements et de classes de l'enseignement secondaire technique et professionnel des secteurs public et privé par région,Etablissements,,45,Évolution des nombres d'établissements et de classes de l'enseignement secondaire technique et professionnel des secteurs public et privé par région.csv
2007,Centre (Sans Ouagadougou),,Evolution des nombres d'établissements et de classes de l'enseignement secondaire technique et professionnel des secteurs public et privé par région,Etablissements,,55,Évolution des nombres d'établissements et de classes de l'enseignement secondaire technique et professionnel des secteurs public et privé par région.csv
2008,Centre (Sans Ouagadougou),,Evolution des nombres d'établissements et de classes de l'enseignement secondaire technique et professionnel des secteurs public et privé par région,Etablissements,,62,Évolution des nombres d'établissements et de classes de l'enseignement secondaire technique et professionnel des secteurs public et privé par région.csv
2009,Centre (Sans Ouagadougou),,Evolution des nombres d'établissements et de classes de l'enseignement secondaire technique et professionnel des secteurs public et privé par région,Etablissements,,63,Évolution des nombres d'établissements et de classes de l'enseignement secondaire technique et professionnel des secteurs public et privé par région.csv
2010,Centre (Sans Ouagadougou),,Evolution des nombres d'établissements et de classes de l'enseignement secondaire technique et professionnel des secteurs public et privé par région,Etablissements,,61,Évolution des nombres d'établissements et de classes de l'enseignement secondaire technique et professionnel des secteurs public et privé par région.csv
2011,Centre (Sans Ouagadougou),,Evolution des nombres d'établissements et de classes de l'enseignement secondaire technique et professionnel des secteurs public et privé par région,Etablissements,,62,Évolution des nombres d'établissements et de classes de l'enseignement secondaire technique et professionnel des secteurs public et privé par région.csv
2012,Centre (Sans Ouagadougou),,Evolution des nombres d'établissements et de classes de l'enseignement secondaire technique et professionnel des secteurs public et privé par région,Etablissements,,68,Évolution des nombres d'établissements et de classes de l'enseignement secondaire technique et professionnel des secteurs public et privé par région.csv
2013,Centre (Sans Ouagadougou),,Evolution des nombres d'établissements et de classes de l'enseignement secondaire technique et professionnel des secteurs public et privé par région,Etablissements,,72,Évolution des nombres d'établissements et de classes de l'enseignement secondaire technique et professionnel des secteurs public et privé par région.csv
2014,Centre (Sans Ouagadougou),,Evolution des nombres d'établissements et de classes de l'enseignement secondaire technique et professionnel des secteurs public et privé par région,Etablissements,,73,Évolution des nombres d'établissements et de classes de l'enseignement secondaire technique et professionnel des secteurs public et privé par région.csv
2015,Centre (Sans Ouagadougou),,Evolution des nombres d'établissements et de classes de l'enseignement secondaire technique et professionnel des secteurs public et privé par région,Etablissements,,81,Évolution des nombres d'établissements et de classes de l'enseignement secondaire technique et professionnel des secteurs public et privé par région.csv
2016,Centre (Sans Ouagadougou),,Evolution des nombres d'établissements et de classes de l'enseignement secondaire technique et professionnel des secteurs public et privé par région,Etablissements,,90,Évolution des nombres d'établissements et de classes de l'enseignement secondaire technique et professionnel des secteurs public et privé par région.csv
2017,Centre (Sans Ouagadougou),,Evolution des nombres d'établissements et de classes de l'enseignement secondaire technique et professionnel des secteurs public et privé par région,Etablissements,,91,Évolution des nombres d'établissements et de classes de l'enseignement secondaire technique et professionnel des secteurs public et privé par région.csv
2018,Centre (Sans Ouagadougou),,Evolution des nombres d'établissements et de classes de l'enseignement secondaire technique et professionnel des secteurs public et privé par région,Etablissements,,79,Évolution des nombres d'établissements et de classes de l'enseignement secondaire technique et professionnel des secteurs public et privé par région.csv
2019,Centre (Sans Ouagadougou),,Evolution des nombres d'établissements et de classes de l'enseignement secondaire technique et professionnel des secteurs public et privé par région,Etablissements,,77,Évolution des nombres d'établissements et de classes de l'enseignement secondaire technique et professionnel des secteurs public et privé par région.csv
2020,Centre (Sans Ouagadougou),,Evolution des nombres d'établissements et de classes de l'enseignement secondaire technique et professionnel des secteurs public et privé par région,Etablissements,,83,Évolution des nombres d'établissements et de classes de l'enseignement secondaire technique et professionnel des secteurs public et privé par région.csv
2021,Centre (Sans Ouagadougou),,Evolution des nombres d'établissements et de classes de l'enseignement secondaire technique et professionnel des secteurs public et privé par région,Etablissements,,81,Évolution des nombres d'établissements et de classes de l'enseignement secondaire technique et professionnel des secteurs public et privé par région.csv
2022,Centre (Sans Ouagadougou),,Evolution des nombres d'établissements et de classes de l'enseignement secondaire technique et professionnel des secteurs public et privé par région,Etablissements,,65,Évolution des nombres d'établissements et de classes de l'enseignement secondaire technique et professionnel des secteurs public et privé par région.csv
2023,Centre (Sans Ouagadougou),,Evolution des nombres d'établissements et de classes de l'enseignement secondaire technique et professionnel des secteurs public et privé par région,Etablissements,,66,Évolution des nombres d'établissements et de classes de l'enseignement secondaire technique et professionnel des secteurs public et privé par région.csv
1997,Centre (Sans Ouagadougou),,Evolution des nombres d'établissements et de classes de l'enseignement secondaire technique et professionnel des secteurs public et privé par région,Classes,,160,Évolution des nombres d'établissements et de classes de l'enseignement secondaire technique et professionnel des secteurs public et privé par région.csv
1998,Centre (Sans Ouagadougou),,Evolution des nombres d'établissements et de classes de l'enseignement secondaire technique et professionnel des secteurs public et privé par région,Classes,,188,Évolution des nombres d'établissements et de classes de l'enseignement secondaire technique et professionnel des secteurs public et privé par région.csv
1999,Centre (Sans Ouagadougou),,Evolution des nombres d'établissements et de classes de l'enseignement secondaire technique et professionnel des secteurs public et privé par région,Classes,,159,Évolution des nombres d'établissements et de classes de l'enseignement secondaire technique et professionnel des secteurs public et privé par région.csv
2000,Centre (Sans Ouagadougou),,Evolution des nombres d'établissements et de classes de l'enseignement secondaire technique et professionnel des secteurs public et privé par région,Classes,,221,Évolution des nombres d'établissements et de classes de l'enseignement secondaire technique et professionnel des secteurs public et privé par région.csv
2001,Centre (Sans Ouagadougou),,Evolution des nombres d'établissements et de classes de l'enseignement secondaire technique et professionnel des secteurs public et privé par région,Classes,,252,Évolution des nombres d'établissements et de classes de l'enseignement secondaire technique et professionnel des secteurs public et privé par région.csv
2002,Centre (Sans Ouagadougou),,Evolution des nombres d'établissements et de classes de l'enseignement secondaire technique et professionnel des secteurs public et privé par région,Classes,,302,Évolution des nombres d'établissements et de classes de l'enseignement secondaire technique et professionnel des secteurs public et privé par région.csv
2003,Centre (Sans Ouagadougou),,Evolution des nombres d'établissements et de classes de l'enseignement secondaire technique et professionnel des secteurs public et privé par région,Classes,,336,Évolution des nombres d'établissements et de classes de l'enseignement secondaire technique et professionnel des secteurs public et privé par région.csv
2004,Centre (Sans Ouagadougou),,Evolution des nombres d'établissements et de classes de l'enseignement secondaire technique et professionnel des secteurs public et privé par région,Classes,,335,Évolution des nombres d'établissements et de classes de l'enseignement secondaire technique et professionnel des secteurs public et privé par région.csv
2005,Centre (Sans Ouagadougou),,Evolution des nombres d'établissements et de classes de l'enseignement secondaire technique et professionnel des secteurs public et privé par région,Classes,,367,Évolution des nombres d'établissements et de classes de l'enseignement secondaire technique et professionnel des secteurs public et privé par région.csv
2006,Centre (Sans Ouagadougou),,Evolution des nombres d'établissements et de classes de l'enseignement secondaire technique et professionnel des secteurs public et privé par région,Classes,,401,Évolution des nombres d'établissements et de classes de l'enseignement secondaire technique et professionnel des secteurs public et privé par région.csv
2007,Centre (Sans Ouagadougou),,Evolution des nombres d'établissements et de classes de l'enseignement secondaire technique et professionnel des secteurs public et privé par région,Classes,,455,Évolution des nombres d'établissements et de classes de l'enseignement secondaire technique et professionnel des secteurs public et privé par région.csv
2008,Centre (Sans Ouagadougou),,Evolution des nombres d'établissements et de classes de l'enseignement secondaire technique et professionnel des secteurs public et privé par région,Classes,,470,Évolution des nombres d'établissements et de classes de l'enseignement secondaire technique et professionnel des secteurs public et privé par région.csv
2009,Centre (Sans Ouagadougou),,Evolution des nombres d'établissements et de classes de l'enseignement secondaire technique et professionnel des secteurs public et privé par région,Classes,,475,Évolution des nombres d'établissements et de classes de l'enseignement secondaire technique et professionnel des secteurs public et privé par région.csv
2010,Centre (Sans Ouagadougou),,Evolution des nombres d'établissements et de classes de l'enseignement secondaire technique et professionnel des secteurs public et privé par région,Classes,,513,Évolution des nombres d'établissements et de classes de l'enseignement secondaire technique et professionnel des secteurs public et privé par région.csv
2011,Centre (Sans Ouagadougou),,Evolution des nombres d'établissements et de classes de l'enseignement secondaire technique et professionnel des secteurs public et privé par région,Classes,,512,Évolution des nombres d'établissements et de classes de l'enseignement secondaire technique et professionnel des secteurs public et privé par région.csv
2012,Centre (Sans Ouagadougou),,Evolution des nombres d'établissements et de classes de l'enseignement secondaire technique et professionnel des secteurs public et privé par région,Classes,,512,Évolution des nombres d'établissements et de classes de l'enseignement secondaire technique et professionnel des secteurs public et privé par région.csv
2013,Centre (Sans Ouagadougou),,Evolution des nombres d'établissements et de classes de l'enseignement secondaire technique et professionnel des secteurs public et privé par région,Classes,,548,Évolution des nombres d'établissements et de classes de l'enseignement secondaire technique et professionnel des secteurs public et privé par région.csv
2014,Centre (Sans Ouagadougou),,Evolution des nombres d'établissements et de classes de l'enseignement secondaire technique et professionnel des secteurs public et privé par région,Classes,,563,Évolution des nombres d'établissements et de classes de l'enseignement secondaire technique et professionnel des secteurs public et privé par région.csv
2015,Centre (Sans Ouagadougou),,Evolution des nombres d'établissements et de classes de l'enseignement secondaire technique et professionnel des secteurs public et privé par région,Classes,,577,Évolution des nombres d'établissements et de classes de l'enseignement secondaire technique et professionnel des secteurs public et privé par région.csv
2016,Centre (Sans Ouagadougou),,Evolution des nombres d'établissements et de classes de l'enseignement secondaire technique et professionnel des secteurs public et privé par région,Classes,,621,Évolution des nombres d'établissements et de classes de l'enseignement secondaire technique et professionnel des secteurs public et privé par région.csv
2017,Centre (Sans Ouagadougou),,Evolution des nombres d'établissements et de classes de l'enseignement secondaire technique et professionnel des secteurs public et privé par région,Classes,,621,Évolution des nombres d'établissements et de classes de l'enseignement secondaire technique et professionnel des secteurs public et privé par région.csv
2018,Centre (Sans Ouagadougou),,Evolution des nombres d'établissements et de classes de l'enseignement secondaire technique et professionnel des secteurs public et privé par région,Classes,,601,Évolution des nombres d'établissements et de classes de l'enseignement secondaire technique et professionnel des secteurs public et privé par région.csv
2019,Centre (Sans Ouagadougou),,Evolution des nombres d'établissements et de classes de l'enseignement secondaire technique et professionnel des secteurs public et privé par région,Classes,,600,Évolution des nombres d'établissements et de classes de l'enseignement secondaire technique et professionnel des secteurs public et privé par région.csv
2020,Centre (Sans Ouagadougou),,Evolution des nombres d'établissements et de classes de l'enseignement secondaire technique et professionnel des secteurs public et privé par région,Classes,,648,Évolution des nombres d'établissements et de classes de l'enseignement secondaire technique et professionnel des secteurs public et privé par région.csv
2021,Centre (Sans Ouagadougou),,Evolution des nombres d'établissements et de classes de l'enseignement secondaire technique et professionnel des secteurs public et privé par région,Classes,,683,Évolution des nombres d'établissements et de classes de l'enseignement secondaire technique et professionnel des secteurs public et privé par région.csv
2022,Centre (Sans Ouagadougou),,Evolution des nombres d'établissements et de classes de l'enseignement secondaire technique et professionnel des secteurs public et privé par région,Classes,,676,Évolution des nombres d'établissements et de classes de l'enseignement secondaire technique et professionnel des secteurs public et privé par région.csv
2023,Centre (Sans Ouagadougou),,Evolution des nombres d'établissements et de classes de l'enseignement secondaire technique et professionnel des secteurs public et privé par région,Classes,,738,Évolution des nombres d'établissements et de classes de l'enseignement secondaire technique et professionnel des secteurs public et privé par région.csv
1997,Centre-Est,,Evolution des nombres d'établissements et de classes de l'enseignement secondaire technique et professionnel des secteurs public et privé par région,Etablissements,,2,Évolution des nombres d'établissements et de classes de l'enseignement secondaire technique et professionnel des secteurs public et privé par région.csv
1998,Centre-Est,,Evolution des nombres d'établissements et de classes de l'enseignement secondaire technique et professionnel des secteurs public et privé par région,Etablissements,,2,Évolution des nombres d'établissements et de classes de l'enseignement secondaire technique et professionnel des secteurs public et privé par région.csv
1999,Centre-Est,,Evolution des nombres d'établissements et de classes de l'enseignement secondaire technique et professionnel des secteurs public et privé par région,Etablissements,,2,Évolution des nombres d'établissements et de classes de l'enseignement secondaire technique et professionnel des secteurs public et privé par région.csv
2000,Centre-Est,,Evolution des nombres d'établissements et de classes de l'enseignement secondaire technique et professionnel des secteurs public et privé par région,Etablissements,,2,Évolution des nombres d'établissements et de classes de l'enseignement secondaire technique et professionnel des secteurs public et privé par région.csv
2001,Centre-Est,,Evolution des nombres d'établissements et de classes de l'enseignement secondaire technique et professionnel des secteurs public et privé par région,Etablissements,,2,Évolution des nombres d'établissements et de classes de l'enseignement secondaire technique et professionnel des secteurs public et privé par région.csv
2002,Centre-Est,,Evolution des nombres d'établissements et de classes de l'enseignement secondaire technique et professionnel des secteurs public et privé par région,Etablissements,,2,Évolution des nombres d'établissements et de classes de l'enseignement secondaire technique et professionnel des secteurs public et privé par région.csv
2003,Centre-Est,,Evolution des nombres d'établissements et de classes de l'enseignement secondaire technique et professionnel des secteurs public et privé par région,Etablissements,,2,Évolution des nombres d'établissements et de classes de l'enseignement secondaire technique et professionnel des secteurs public et privé par région.csv
2004,Centre-Est,,Evolution des nombres d'établissements et de classes de l'enseignement secondaire technique et professionnel des secteurs public et privé par région,Etablissements,,2,Évolution des nombres d'établissements et de classes de l'enseignement secondaire technique et professionnel des secteurs public et privé par région.csv
2005,Centre-Est,,Evolution des nombres d'établissements et de classes de l'enseignement secondaire technique et professionnel des secteurs public et privé par région,Etablissements,,2,Évolution des nombres d'établissements et de classes de l'enseignement secondaire technique et professionnel des secteurs public et privé par région.csv
2006,Centre-Est,,Evolution des nombres d'établissements et de classes de l'enseignement secondaire technique et professionnel des secteurs public et privé par région,Etablissements,,2,Évolution des nombres d'établissements et de classes de l'enseignement secondaire technique et professionnel des secteurs public et privé par région.csv
2007,Centre-Est,,Evolution des nombres d'établissements et de classes de l'enseignement secondaire technique et professionnel des secteurs public et privé par région,Etablissements,,2,Évolution des nombres d'établissements et de classes de l'enseignement secondaire technique et professionnel des secteurs public et privé par région.csv
2008,Centre-Est,,Evolution des nombres d'établissements et de classes de l'enseignement secondaire technique et professionnel des secteurs public et privé par région,Etablissements,,2,Évolution des nombres d'établissements et de classes de l'enseignement secondaire technique et professionnel des secteurs public et privé par région.csv
2009,Centre-Est,,Evolution des nombres d'établissements et de classes de l'enseignement secondaire technique et professionnel des secteurs public et privé par région,Etablissements,,2,Évolution des nombres d'établissements et de classes de l'enseignement secondaire technique et professionnel des secteurs public et privé par région.csv
2010,Centre-Est,,Evolution des nombres d'établissements et de classes de l'enseignement secondaire technique et professionnel des secteurs public et privé par région,Etablissements,,1,Évolution des nombres d'établissements et de classes de l'enseignement secondaire technique et professionnel des secteurs public et privé par région.csv
2011,Centre-Est,,Evolution des nombres d'établissements et de classes de l'enseignement secondaire technique et professionnel des secteurs public et privé par région,Etablissements,,2,Évolution des nombres d'établissements et de classes de l'enseignement secondaire technique et professionnel des secteurs public et privé par région.csv
2012,Centre-Est,,Evolution des nombres d'établissements et de classes de l'enseignement secondaire technique et professionnel des secteurs public et privé par région,Etablissements,,2,Évolution des nombres d'établissements et de classes de l'enseignement secondaire technique et professionnel des secteurs public et privé par région.csv
2013,Centre-Est,,Evolution des nombres d'établissements et de classes de l'enseignement secondaire technique et professionnel des secteurs public et privé par région,Etablissements,,3,Évolution des nombres d'établissements et de classes de l'enseignement secondaire technique et professionnel des secteurs public et privé par région.csv
2014,Centre-Est,,Evolution des nombres d'établissements et de classes de l'enseignement secondaire technique et professionnel des secteurs public et privé par région,Etablissements,,4,Évolution des nombres d'établissements et de classes de l'enseignement secondaire technique et professionnel des secteurs public et privé par région.csv
2015,Centre-Est,,Evolution des nombres d'établissements et de classes de l'enseignement secondaire technique et professionnel des secteurs public et privé par région,Etablissements,,4,Évolution des nombres d'établissements et de classes de l'enseignement secondaire technique et professionnel des secteurs public et privé par région.csv
2016,Centre-Est,,Evolution des nombres d'établissements et de classes de l'enseignement secondaire technique et professionnel des secteurs public et privé par région,Etablissements,,4,Évolution des nombres d'établissements et de classes de l'enseignement secondaire technique et professionnel des secteurs public et privé par région.csv
2017,Centre-Est,,Evolution des nombres d'établissements et de classes de l'enseignement secondaire technique et professionnel des secteurs public et privé par région,Etablissements,,4,Évolution des nombres d'établissements et de classes de l'enseignement secondaire technique et professionnel des secteurs public et privé par région.csv
2018,Centre-Est,,Evolution des nombres d'établissements et de classes de l'enseignement secondaire technique et professionnel des secteurs public et privé par région,Etablissements,,4,Évolution des nombres d'établissements et de classes de l'enseignement secondaire technique et professionnel des secteurs public et privé par région.csv
2019,Centre-Est,,Evolution des nombres d'établissements et de classes de l'enseignement secondaire technique et professionnel des secteurs public et privé par région,Etablissements,,3,Évolution des nombres d'établissements et de classes de l'enseignement secondaire technique et professionnel des secteurs public et privé par région.csv
2020,Centre-Est,,Evolution des nombres d'établissements et de classes de l'enseignement secondaire technique et professionnel des secteurs public et privé par région,Etablissements,,4,Évolution des nombres d'établissements et de classes de l'enseignement secondaire technique et professionnel des secteurs public et privé par région.csv
2021,Centre-Est,,Evolution des nombres d'établissements et de classes de l'enseignement secondaire technique et professionnel des secteurs public et privé par région,Etablissements,,5,Évolution des nombres d'établissements et de classes de l'enseignement secondaire technique et professionnel des secteurs public et privé par région.csv
2022,Centre-Est,,Evolution des nombres d'établissements et de classes de l'enseignement secondaire technique et professionnel des secteurs public et privé par région,Etablissements,,7,Évolution des nombres d'établissements et de classes de l'enseignement secondaire technique et professionnel des secteurs public et privé par région.csv
2023,Centre-Est,,Evolution des nombres d'établissements et de classes de l'enseignement secondaire technique et professionnel des secteurs public et privé par région,Etablissements,,7,Évolution des nombres d'établissements et de classes de l'enseignement secondaire technique et professionnel des secteurs public et privé par région.csv
1997,Centre-Est,,Evolution des nombres d'établissements et de classes de l'enseignement secondaire technique et professionnel des secteurs public et privé par région,Classes,,5,Évolution des nombres d'établissements et de classes de l'enseignement secondaire technique et professionnel des secteurs public et privé par région.csv
1998,Centre-Est,,Evolution des nombres d'établissements et de classes de l'enseignement secondaire technique et professionnel des secteurs public et privé par région,Classes,,9,Évolution des nombres d'établissements et de classes de l'enseignement secondaire technique et professionnel des secteurs public et privé par région.csv
1999,Centre-Est,,Evolution des nombres d'établissements et de classes de l'enseignement secondaire technique et professionnel des secteurs public et privé par région,Classes,,9,Évolution des nombres d'établissements et de classes de l'enseignement secondaire technique et professionnel des secteurs public et privé par région.csv
2000,Centre-Est,,Evolution des nombres d'établissements et de classes de l'enseignement secondaire technique et professionnel des secteurs public et privé par région,Classes,,7,Évolution des nombres d'établissements et de classes de l'enseignement secondaire technique et professionnel des secteurs public et privé par région.csv
2001,Centre-Est,,Evolution des nombres d'établissements et de classes de l'enseignement secondaire technique et professionnel des secteurs public et privé par région,Classes,,7,Évolution des nombres d'établissements et de classes de l'enseignement secondaire technique et professionnel des secteurs public et privé par région.csv
2002,Centre-Est,,Evolution des nombres d'établissements et de classes de l'enseignement secondaire technique et professionnel des secteurs public et privé par région,Classes,,12,Évolution des nombres d'établissements et de classes de l'enseignement secondaire technique et professionnel des secteurs public et privé par région.csv
2003,Centre-Est,,Evolution des nombres d'établissements et de classes de l'enseignement secondaire technique et professionnel des secteurs public et privé par région,Classes,,14,Évolution des nombres d'établissements et de classes de l'enseignement secondaire technique et professionnel des secteurs public et privé par région.csv
2004,Centre-Est,,Evolution des nombres d'établissements et de classes de l'enseignement secondaire technique et professionnel des secteurs public et privé par région,Classes,,10,Évolution des nombres d'établissements et de classes de l'enseignement secondaire technique et professionnel des secteurs public et privé par région.csv
2005,Centre-Est,,Evolution des nombres d'établissements et de classes de l'enseignement secondaire technique et professionnel des secteurs public et privé par région,Classes,,14,Évolution des nombres d'établissements et de classes de l'enseignement secondaire technique et professionnel des secteurs public et privé par région.csv
2006,Centre-Est,,Evolution des nombres d'établissements et de classes de l'enseignement secondaire technique et professionnel des secteurs public et privé par région,Classes,,10,Évolution des nombres d'établissements et de classes de l'enseignement secondaire technique et professionnel des secteurs public et privé par région.csv
2007,Centre-Est,,Evolution des nombres d'établissements et de classes de l'enseignement secondaire technique et professionnel des secteurs public et privé par région,Classes,,9,Évolution des nombres d'établissements et de classes de l'enseignement secondaire technique et professionnel des secteurs public et privé par région.csv
2008,Centre-Est,,Evolution des nombres d'établissements et de classes de l'enseignement secondaire technique et professionnel des secteurs public et privé par région,Classes,,5,Évolution des nombres d'établissements et de classes de l'enseignement secondaire technique et professionnel des secteurs public et privé par région.csv
2009,Centre-Est,,Evolution des nombres d'établissements et de classes de l'enseignement secondaire technique et professionnel des secteurs public et privé par région,Classes,,3,Évolution des nombres d'établissements et de classes de l'enseignement secondaire technique et professionnel des secteurs public et privé par région.csv
2010,Centre-Est,,Evolution des nombres d'établissements et de classes de l'enseignement secondaire technique et professionnel des secteurs public et privé par région,Classes,,2,Évolution des nombres d'établissements et de classes de l'enseignement secondaire technique et professionnel des secteurs public et privé par région.csv
2011,Centre-Est,,Evolution des nombres d'établissements et de classes de l'enseignement secondaire technique et professionnel des secteurs public et privé par région,Classes,,4,Évolution des nombres d'établissements et de classes de l'enseignement secondaire technique et professionnel des secteurs public et privé par région.csv
2012,Centre-Est,,Evolution des nombres d'établissements et de classes de l'enseignement secondaire technique et professionnel des secteurs public et privé par région,Classes,,4,Évolution des nombres d'établissements et de classes de l'enseignement secondaire technique et professionnel des secteurs public et privé par région.csv
2013,Centre-Est,,Evolution des nombres d'établissements et de classes de l'enseignement secondaire technique et professionnel des secteurs public et privé par région,Classes,,6,Évolution des nombres d'établissements et de classes de l'enseignement secondaire technique et professionnel des secteurs public et privé par région.csv
2014,Centre-Est,,Evolution des nombres d'établissements et de classes de l'enseignement secondaire technique et professionnel des secteurs public et privé par région,Classes,,7,Évolution des nombres d'établissements et de classes de l'enseignement secondaire technique et professionnel des secteurs public et privé par région.csv
2015,Centre-Est,,Evolution des nombres d'établissements et de classes de l'enseignement secondaire technique et professionnel des secteurs public et privé par région,Classes,,9,Évolution des nombres d'établissements et de classes de l'enseignement secondaire technique et professionnel des secteurs public et privé par région.csv
2016,Centre-Est,,Evolution des nombres d'établissements et de classes de l'enseignement secondaire technique et professionnel des secteurs public et privé par région,Classes,,16,Évolution des nombres d'établissements et de classes de l'enseignement secondaire technique et professionnel des secteurs public et privé par région.csv
2017,Centre-Est,,Evolution des nombres d'établissements et de classes de l'enseignement secondaire technique et professionnel des secteurs public et privé par région,Classes,,19,Évolution des nombres d'établissements et de classes de l'enseignement secondaire technique et professionnel des secteurs public et privé par région.csv
2018,Centre-Est,,Evolution des nombres d'établissements et de classes de l'enseignement secondaire technique et professionnel des secteurs public et privé par région,Classes,,20,Évolution des nombres d'établissements et de classes de l'enseignement secondaire technique et professionnel des secteurs public et privé par région.csv
2019,Centre-Est,,Evolution des nombres d'établissements et de classes de l'enseignement secondaire technique et professionnel des secteurs public et privé par région,Classes,,18,Évolution des nombres d'établissements et de classes de l'enseignement secondaire technique et professionnel des secteurs public et privé par région.csv
2020,Centre-Est,,Evolution des nombres d'établissements et de classes de l'enseignement secondaire technique et professionnel des secteurs public et privé par région,Classes,,20,Évolution des nombres d'établissements et de classes de l'enseignement secondaire technique et professionnel des secteurs public et privé par région.csv
2021,Centre-Est,,Evolution des nombres d'établissements et de classes de l'enseignement secondaire technique et professionnel des secteurs public et privé par région,Classes,,21,Évolution des nombres d'établissements et de classes de l'enseignement secondaire technique et professionnel des secteurs public et privé par région.csv
2022,Centre-Est,,Evolution des nombres d'établissements et de classes de l'enseignement secondaire technique et professionnel des secteurs public et privé par région,Classes,,27,Évolution des nombres d'établissements et de classes de l'enseignement secondaire technique et professionnel des secteurs public et privé par région.csv
2023,Centre-Est,,Evolution des nombres d'établissements et de classes de l'enseignement secondaire technique et professionnel des secteurs public et privé par région,Classes,,35,Évolution des nombres d'établissements et de classes de l'enseignement secondaire technique et professionnel des secteurs public et privé par région.csv
1997,Centre-Nord,,Evolution des nombres d'établissements et de classes de l'enseignement secondaire technique et professionnel des secteurs public et privé par région,Etablissements,,1,Évolution des nombres d'établissements et de classes de l'enseignement secondaire technique et professionnel des secteurs public et privé par région.csv
1998,Centre-Nord,,Evolution des nombres d'établissements et de classes de l'enseignement secondaire technique et professionnel des secteurs public et privé par région,Etablissements,,1,Évolution des nombres d'établissements et de classes de l'enseignement secondaire technique et professionnel des secteurs public et privé par région.csv
1999,Centre-Nord,,Evolution des nombres d'établissements et de classes de l'enseignement secondaire technique et professionnel des secteurs public et privé par région,Etablissements,,1,Évolution des nombres d'établissements et de classes de l'enseignement secondaire technique et professionnel des secteurs public et privé par région.csv
2000,Centre-Nord,,Evolution des nombres d'établissements et de classes de l'enseignement secondaire technique et professionnel des secteurs public et privé par région,Etablissements,,1,Évolution des nombres d'établissements et de classes de l'enseignement secondaire technique et professionnel des secteurs public et privé par région.csv
2001,Centre-Nord,,Evolution des nombres d'établissements et de classes de l'enseignement secondaire technique et professionnel des secteurs public et privé par région,Etablissements,,1,Évolution des nombres d'établissements et de classes de l'enseignement secondaire technique et professionnel des secteurs public et privé par région.csv
2002,Centre-Nord,,Evolution des nombres d'établissements et de classes de l'enseignement secondaire technique et professionnel des secteurs public et privé par région,Etablissements,,1,Évolution des nombres d'établissements et de classes de l'enseignement secondaire technique et professionnel des secteurs public et privé par région.csv
2003,Centre-Nord,,Evolution des nombres d'établissements et de classes de l'enseignement secondaire technique et professionnel des secteurs public et privé par région,Etablissements,,1,Évolution des nombres d'établissements et de classes de l'enseignement secondaire technique et professionnel des secteurs public et privé par région.csv
2004,Centre-Nord,,Evolution des nombres d'établissements et de classes de l'enseignement secondaire technique et professionnel des secteurs public et privé par région,Etablissements,,1,Évolution des nombres d'établissements et de classes de l'enseignement secondaire technique et professionnel des secteurs public et privé par région.csv
2005,Centre-Nord,,Evolution des nombres d'établissements et de classes de l'enseignement secondaire technique et professionnel des secteurs public et privé par région,Etablissements,,2,Évolution des nombres d'établissements et de classes de l'enseignement secondaire technique et professionnel des secteurs public et privé par région.csv
2006,Centre-Nord,,Evolution des nombres d'établissements et de classes de l'enseignement secondaire technique et professionnel des secteurs public et privé par région,Etablissements,,1,Évolution des nombres d'établissements et de classes de l'enseignement secondaire technique et professionnel des secteurs public et privé par région.csv
2007,Centre-Nord,,Evolution des nombres d'établissements et de classes de l'enseignement secondaire technique et professionnel des secteurs public et privé par région,Etablissements,,1,Évolution des nombres d'établissements et de classes de l'enseignement secondaire technique et professionnel des secteurs public et privé par région.csv
2008,Centre-Nord,,Evolution des nombres d'établissements et de classes de l'enseignement secondaire technique et professionnel des secteurs public et privé par région,Etablissements,,1,Évolution des nombres d'établissements et de classes de l'enseignement secondaire technique et professionnel des secteurs public et privé par région.csv
2009,Centre-Nord,,Evolution des nombres d'établissements et de classes de l'enseignement secondaire technique et professionnel des secteurs public et privé par région,Etablissements,,2,Évolution des nombres d'établissements et de classes de l'enseignement secondaire technique et professionnel des secteurs public et privé par région.csv
2010,Centre-Nord,,Evolution des nombres d'établissements et de classes de l'enseignement secondaire technique et professionnel des secteurs public et privé par région,Etablissements,,2,Évolution des nombres d'établissements et de classes de l'enseignement secondaire technique et professionnel des secteurs public et privé par région.csv
2011,Centre-Nord,,Evolution des nombres d'établissements et de classes de l'enseignement secondaire technique et professionnel des secteurs public et privé par région,Etablissements,,2,Évolution des nombres d'établissements et de classes de l'enseignement secondaire technique et professionnel des secteurs public et privé par région.csv
2012,Centre-Nord,,Evolution des nombres d'établissements et de classes de l'enseignement secondaire technique et professionnel des secteurs public et privé par région,Etablissements,,2,Évolution des nombres d'établissements et de classes de l'enseignement secondaire technique et professionnel des secteurs public et privé par région.csv
2013,Centre-Nord,,Evolution des nombres d'établissements et de classes de l'enseignement secondaire technique et professionnel des secteurs public et privé par région,Etablissements,,3,Évolution des nombres d'établissements et de classes de l'enseignement secondaire technique et professionnel des secteurs public et privé par région.csv
2014,Centre-Nord,,Evolution des nombres d'établissements et de classes de l'enseignement secondaire technique et professionnel des secteurs public et privé par région,Etablissements,,3,Évolution des nombres d'établissements et de classes de l'enseignement secondaire technique et professionnel des secteurs public et privé par région.csv
2015,Centre-Nord,,Evolution des nombres d'établissements et de classes de l'enseignement secondaire technique et professionnel des secteurs public et privé par région,Etablissements,,3,Évolution des nombres d'établissements et de classes de l'enseignement secondaire technique et professionnel des secteurs public et privé par région.csv
2016,Centre-Nord,,Evolution des nombres d'établissements et de classes de l'enseignement secondaire technique et professionnel des secteurs public et privé par région,Etablissements,,3,Évolution des nombres d'établissements et de classes de l'enseignement secondaire technique et professionnel des secteurs public et privé par région.csv
2017,Centre-Nord,,Evolution des nombres d'établissements et de classes de l'enseignement secondaire technique et professionnel des secteurs public et privé par région,Etablissements,,3,Évolution des nombres d'établissements et de classes de l'enseignement secondaire technique et professionnel des secteurs public et privé par région.csv
2018,Centre-Nord,,Evolution des nombres d'établissements et de classes de l'enseignement secondaire technique et professionnel des secteurs public et privé par région,Etablissements,,3,Évolution des nombres d'établissements et de classes de l'enseignement secondaire technique et professionnel des secteurs public et privé par région.csv
2019,Centre-Nord,,Evolution des nombres d'établissements et de classes de l'enseignement secondaire technique et professionnel des secteurs public et privé par région,Etablissements,,3,Évolution des nombres d'établissements et de classes de l'enseignement secondaire technique et professionnel des secteurs public et privé par région.csv
2020,Centre-Nord,,Evolution des nombres d'établissements et de classes de l'enseignement secondaire technique et professionnel des secteurs public et privé par région,Etablissements,,5,Évolution des nombres d'établissements et de classes de l'enseignement secondaire technique et professionnel des secteurs public et privé par région.csv
2021,Centre-Nord,,Evolution des nombres d'établissements et de classes de l'enseignement secondaire technique et professionnel des secteurs public et privé par région,Etablissements,,6,Évolution des nombres d'établissements et de classes de l'enseignement secondaire technique et professionnel des secteurs public et privé par région.csv
2022,Centre-Nord,,Evolution des nombres d'établissements et de classes de l'enseignement secondaire technique et professionnel des secteurs public et privé par région,Etablissements,,6,Évolution des nombres d'établissements et de classes de l'enseignement secondaire technique et professionnel des secteurs public et privé par région.csv
2023,Centre-Nord,,Evolution des nombres d'établissements et de classes de l'enseignement secondaire technique et professionnel des secteurs public et privé par région,Etablissements,,6,Évolution des nombres d'établissements et de classes de l'enseignement secondaire technique et professionnel des secteurs public et privé par région.csv
1997,Centre-Nord,,Evolution des nombres d'établissements et de classes de l'enseignement secondaire technique et professionnel des secteurs public et privé par région,Classes,,4,Évolution des nombres d'établissements et de classes de l'enseignement secondaire technique et professionnel des secteurs public et privé par région.csv
1998,Centre-Nord,,Evolution des nombres d'établissements et de classes de l'enseignement secondaire technique et professionnel des secteurs public et privé par région,Classes,,4,Évolution des nombres d'établissements et de classes de l'enseignement secondaire technique et professionnel des secteurs public et privé par région.csv
1999,Centre-Nord,,Evolution des nombres d'établissements et de classes de l'enseignement secondaire technique et professionnel des secteurs public et privé par région,Classes,,4,Évolution des nombres d'établissements et de classes de l'enseignement secondaire technique et professionnel des secteurs public et privé par région.csv
2000,Centre-Nord,,Evolution des nombres d'établissements et de classes de l'enseignement secondaire technique et professionnel des secteurs public et privé par région,Classes,,4,Évolution des nombres d'établissements et de classes de l'enseignement secondaire technique et professionnel des secteurs public et privé par région.csv
2001,Centre-Nord,,Evolution des nombres d'établissements et de classes de l'enseignement secondaire technique et professionnel des secteurs public et privé par région,Classes,,4,Évolution des nombres d'établissements et de classes de l'enseignement secondaire technique et professionnel des secteurs public et privé par région.csv
2002,Centre-Nord,,Evolution des nombres d'établissements et de classes de l'enseignement secondaire technique et professionnel des secteurs public et privé par région,Classes,,4,Évolution des nombres d'établissements et de classes de l'enseignement secondaire technique et professionnel des secteurs public et privé par région.csv
2003,Centre-Nord,,Evolution des nombres d'établissements et de classes de l'enseignement secondaire technique et professionnel des secteurs public et privé par région,Classes,,3,Évolution des nombres d'établissements et de classes de l'enseignement secondaire technique et professionnel des secteurs public et privé par région.csv
2004,Centre-Nord,,Evolution des nombres d'établissements et de classes de l'enseignement secondaire technique et professionnel des secteurs public et privé par région,Classes,,2,Évolution des nombres d'établissements et de classes de l'enseignement secondaire technique et professionnel des secteurs public et privé par région.csv
2005,Centre-Nord,,Evolution des nombres d'établissements et de classes de l'enseignement secondaire technique et professionnel des secteurs public et privé par région,Classes,,2,Évolution des nombres d'établissements et de classes de l'enseignement secondaire technique et professionnel des secteurs public et privé par région.csv
2006,Centre-Nord,,Evolution des nombres d'établissements et de classes de l'enseignement secondaire technique et professionnel des secteurs public et privé par région,Classes,,2,Évolution des nombres d'établissements et de classes de l'enseignement secondaire technique et professionnel des secteurs public et privé par région.csv
2007,Centre-Nord,,Evolution des nombres d'établissements et de classes de l'enseignement secondaire technique et professionnel des secteurs public et privé par région,Classes,,1,Évolution des nombres d'établissements et de classes de l'enseignement secondaire technique et professionnel des secteurs public et privé par région.csv
2008,Centre-Nord,,Evolution des nombres d'établissements et de classes de l'enseignement secondaire technique et professionnel des secteurs public et privé par région,Classes,,1,Évolution des nombres d'établissements et de classes de l'enseignement secondaire technique et professionnel des secteurs public et privé par région.csv
2009,Centre-Nord,,Evolution des nombres d'établissements et de classes de l'enseignement secondaire technique et professionnel des secteurs public et privé par région,Classes,,6,Évolution des nombres d'établissements et de classes de l'enseignement secondaire technique et professionnel des secteurs public et privé par région.csv
2010,Centre-Nord,,Evolution des nombres d'établissements et de classes de l'enseignement secondaire technique et professionnel des secteurs public et privé par région,Classes,,8,Évolution des nombres d'établissements et de classes de l'enseignement secondaire technique et professionnel des secteurs public et privé par région.csv
2011,Centre-Nord,,Evolution des nombres d'établissements et de classes de l'enseignement secondaire technique et professionnel des secteurs public et privé par région,Classes,,9,Évolution des nombres d'établissements et de classes de l'enseignement secondaire technique et professionnel des secteurs public et privé par région.csv
2012,Centre-Nord,,Evolution des nombres d'établissements et de classes de l'enseignement secondaire technique et professionnel des secteurs public et privé par région,Classes,,9,Évolution des nombres d'établissements et de classes de l'enseignement secondaire technique et professionnel des secteurs public et privé par région.csv
2013,Centre-Nord,,Evolution des nombres d'établissements et de classes de l'enseignement secondaire technique et professionnel des secteurs public et privé par région,Classes,,10,Évolution des nombres d'établissements et de classes de l'enseignement secondaire technique et professionnel des secteurs public et privé par région.csv
2014,Centre-Nord,,Evolution des nombres d'établissements et de classes de l'enseignement secondaire technique et professionnel des secteurs public et privé par région,Classes,,11,Évolution des nombres d'établissements et de classes de l'enseignement secondaire technique et professionnel des secteurs public et privé par région.csv
2015,Centre-Nord,,Evolution des nombres d'établissements et de classes de l'enseignement secondaire technique et professionnel des secteurs public et privé par région,Classes,,10,Évolution des nombres d'établissements et de classes de l'enseignement secondaire technique et professionnel des secteurs public et privé par région.csv
2016,Centre-Nord,,Evolution des nombres d'établissements et de classes de l'enseignement secondaire technique et professionnel des secteurs public et privé par région,Classes,,12,Évolution des nombres d'établissements et de classes de l'enseignement secondaire technique et professionnel des secteurs public et privé par région.csv
2017,Centre-Nord,,Evolution des nombres d'établissements et de classes de l'enseignement secondaire technique et professionnel des secteurs public et privé par région,Classes,,12,Évolution des nombres d'établissements et de classes de l'enseignement secondaire technique et professionnel des secteurs public et privé par région.csv
2018,Centre-Nord,,Evolution des nombres d'établissements et de classes de l'enseignement secondaire technique et professionnel des secteurs public et privé par région,Classes,,14,Évolution des nombres d'établissements et de classes de l'enseignement secondaire technique et professionnel des secteurs public et privé par région.csv
2019,Centre-Nord,,Evolution des nombres d'établissements et de classes de l'enseignement secondaire technique et professionnel des secteurs public et privé par région,Classes,,17,Évolution des nombres d'établissements et de classes de l'enseignement secondaire technique et professionnel des secteurs public et privé par région.csv
2020,Centre-Nord,,Evolution des nombres d'établissements et de classes de l'enseignement secondaire technique et professionnel des secteurs public et privé par région,Classes,,21,Évolution des nombres d'établissements et de classes de l'enseignement secondaire technique et professionnel des secteurs public et privé par région.csv
2021,Centre-Nord,,Evolution des nombres d'établissements et de classes de l'enseignement secondaire technique et professionnel des secteurs public et privé par région,Classes,,34,Évolution des nombres d'établissements et de classes de l'enseignement secondaire technique et professionnel des secteurs public et privé par région.csv
2022,Centre-Nord,,Evolution des nombres d'établissements et de classes de l'enseignement secondaire technique et professionnel des secteurs public et privé par région,Classes,,38,Évolution des nombres d'établissements et de classes de l'enseignement secondaire technique et professionnel des secteurs public et privé par région.csv
2023,Centre-Nord,,Evolution des nombres d'établissements et de classes de l'enseignement secondaire technique et professionnel des secteurs public et privé par région,Classes,,44,Évolution des nombres d'établissements et de classes de l'enseignement secondaire technique et professionnel des secteurs public et privé par région.csv
1997,Centre-Ouest,,Evolution des nombres d'établissements et de classes de l'enseignement secondaire technique et professionnel des secteurs public et privé par région,Etablissements,,3,Évolution des nombres d'établissements et de classes de l'enseignement secondaire technique et professionnel des secteurs public et privé par région.csv
1998,Centre-Ouest,,Evolution des nombres d'établissements et de classes de l'enseignement secondaire technique et professionnel des secteurs public et privé par région,Etablissements,,5,Évolution des nombres d'établissements et de classes de l'enseignement secondaire technique et professionnel des secteurs public et privé par région.csv
1999,Centre-Ouest,,Evolution des nombres d'établissements et de classes de l'enseignement secondaire technique et professionnel des secteurs public et privé par région,Etablissements,,5,Évolution des nombres d'établissements et de classes de l'enseignement secondaire technique et professionnel des secteurs public et privé par région.csv
2000,Centre-Ouest,,Evolution des nombres d'établissements et de classes de l'enseignement secondaire technique et professionnel des secteurs public et privé par région,Etablissements,,5,Évolution des nombres d'établissements et de classes de l'enseignement secondaire technique et professionnel des secteurs public et privé par région.csv
2001,Centre-Ouest,,Evolution des nombres d'établissements et de classes de l'enseignement secondaire technique et professionnel des secteurs public et privé par région,Etablissements,,5,Évolution des nombres d'établissements et de classes de l'enseignement secondaire technique et professionnel des secteurs public et privé par région.csv
2002,Centre-Ouest,,Evolution des nombres d'établissements et de classes de l'enseignement secondaire technique et professionnel des secteurs public et privé par région,Etablissements,,7,Évolution des nombres d'établissements et de classes de l'enseignement secondaire technique et professionnel des secteurs public et privé par région.csv
2003,Centre-Ouest,,Evolution des nombres d'établissements et de classes de l'enseignement secondaire technique et professionnel des secteurs public et privé par région,Etablissements,,7,Évolution des nombres d'établissements et de classes de l'enseignement secondaire technique et professionnel des secteurs public et privé par région.csv
2004,Centre-Ouest,,Evolution des nombres d'établissements et de classes de l'enseignement secondaire technique et professionnel des secteurs public et privé par région,Etablissements,,7,Évolution des nombres d'établissements et de classes de l'enseignement secondaire technique et professionnel des secteurs public et privé par région.csv
2005,Centre-Ouest,,Evolution des nombres d'établissements et de classes de l'enseignement secondaire technique et professionnel des secteurs public et privé par région,Etablissements,,6,Évolution des nombres d'établissements et de classes de l'enseignement secondaire technique et professionnel des secteurs public et privé par région.csv
2006,Centre-Ouest,,Evolution des nombres d'établissements et de classes de l'enseignement secondaire technique et professionnel des secteurs public et privé par région,Etablissements,,7,Évolution des nombres d'établissements et de classes de l'enseignement secondaire technique et professionnel des secteurs public et privé par région.csv
2007,Centre-Ouest,,Evolution des nombres d'établissements et de classes de l'enseignement secondaire technique et professionnel des secteurs public et privé par région,Etablissements,,8,Évolution des nombres d'établissements et de classes de l'enseignement secondaire technique et professionnel des secteurs public et privé par région.csv
2008,Centre-Ouest,,Evolution des nombres d'établissements et de classes de l'enseignement secondaire technique et professionnel des secteurs public et privé par région,Etablissements,,9,Évolution des nombres d'établissements et de classes de l'enseignement secondaire technique et professionnel des secteurs public et privé par région.csv
2009,Centre-Ouest,,Evolution des nombres d'établissements et de classes de l'enseignement secondaire technique et professionnel des secteurs public et privé par région,Etablissements,,9,Évolution des nombres d'établissements et de classes de l'enseignement secondaire technique et professionnel des secteurs public et privé par région.csv
2010,Centre-Ouest,,Evolution des nombres d'établissements et de classes de l'enseignement secondaire technique et professionnel des secteurs public et privé par région,Etablissements,,8,Évolution des nombres d'établissements et de classes de l'enseignement secondaire technique et professionnel des secteurs public et privé par région.csv
2011,Centre-Ouest,,Evolution des nombres d'établissements et de classes de l'enseignement secondaire technique et professionnel des secteurs public et privé par région,Etablissements,,9,Évolution des nombres d'établissements et de classes de l'enseignement secondaire technique et professionnel des secteurs public et privé par région.csv
2012,Centre-Ouest,,Evolution des nombres d'établissements et de classes de l'enseignement secondaire technique et professionnel des secteurs public et privé par région,Etablissements,,9,Évolution des nombres d'établissements et de classes de l'enseignement secondaire technique et professionnel des secteurs public et privé par région.csv
2013,Centre-Ouest,,Evolution des nombres d'établissements et de classes de l'enseignement secondaire technique et professionnel des secteurs public et privé par région,Etablissements,,9,Évolution des nombres d'établissements et de classes de l'enseignement secondaire technique et professionnel des secteurs public et privé par région.csv
2014,Centre-Ouest,,Evolution des nombres d'établissements et de classes de l'enseignement secondaire technique et professionnel des secteurs public et privé par région,Etablissements,,10,Évolution des nombres d'établissements et de classes de l'enseignement secondaire technique et professionnel des secteurs public et privé par région.csv
2015,Centre-Ouest,,Evolution des nombres d'établissements et de classes de l'enseignement secondaire technique et professionnel des secteurs public et privé par région,Etablissements,,10,Évolution des nombres d'établissements et de classes de l'enseignement secondaire technique et professionnel des secteurs public et privé par région.csv
2016,Centre-Ouest,,Evolution des nombres d'établissements et de classes de l'enseignement secondaire technique et professionnel des secteurs public et privé par région,Etablissements,,9,Évolution des nombres d'établissements et de classes de l'enseignement secondaire technique et professionnel des secteurs public et privé par région.csv
2017,Centre-Ouest,,Evolution des nombres d'établissements et de classes de l'enseignement secondaire technique et professionnel des secteurs public et privé par région,Etablissements,,8,Évolution des nombres d'établissements et de classes de l'enseignement secondaire technique et professionnel des secteurs public et privé par région.csv
2018,Centre-Ouest,,Evolution des nombres d'établissements et de classes de l'enseignement secondaire technique et professionnel des secteurs public et privé par région,Etablissements,,9,Évolution des nombres d'établissements et de classes de l'enseignement secondaire technique et professionnel des secteurs public et privé par région.csv
2019,Centre-Ouest,,Evolution des nombres d'établissements et de classes de l'enseignement secondaire technique et professionnel des secteurs public et privé par région,Etablissements,,8,Évolution des nombres d'établissements et de classes de l'enseignement secondaire technique et professionnel des secteurs public et privé par région.csv
2020,Centre-Ouest,,Evolution des nombres d'établissements et de classes de l'enseignement secondaire technique et professionnel des secteurs public et privé par région,Etablissements,,9,Évolution des nombres d'établissements et de classes de l'enseignement secondaire technique et professionnel des secteurs public et privé par région.csv
2021,Centre-Ouest,,Evolution des nombres d'établissements et de classes de l'enseignement secondaire technique et professionnel des secteurs public et privé par région,Etablissements,,11,Évolution des nombres d'établissements et de classes de l'enseignement secondaire technique et professionnel des secteurs public et privé par région.csv
2022,Centre-Ouest,,Evolution des nombres d'établissements et de classes de l'enseignement secondaire technique et professionnel des secteurs public et privé par région,Etablissements,,13,Évolution des nombres d'établissements et de classes de l'enseignement secondaire technique et professionnel des secteurs public et privé par région.csv
2023,Centre-Ouest,,Evolution des nombres d'établissements et de classes de l'enseignement secondaire technique et professionnel des secteurs public et privé par région,Etablissements,,13,Évolution des nombres d'établissements et de classes de l'enseignement secondaire technique et professionnel des secteurs public et privé par région.csv
1997,Centre-Ouest,,Evolution des nombres d'établissements et de classes de l'enseignement secondaire technique et professionnel des secteurs public et privé par région,Classes,,9,Évolution des nombres d'établissements et de classes de l'enseignement secondaire technique et professionnel des secteurs public et privé par région.csv
1998,Centre-Ouest,,Evolution des nombres d'établissements et de classes de l'enseignement secondaire technique et professionnel des secteurs public et privé par région,Classes,,17,Évolution des nombres d'établissements et de classes de l'enseignement secondaire technique et professionnel des secteurs public et privé par région.csv
1999,Centre-Ouest,,Evolution des nombres d'établissements et de classes de l'enseignement secondaire technique et professionnel des secteurs public et privé par région,Classes,,20,Évolution des nombres d'établissements et de classes de l'enseignement secondaire technique et professionnel des secteurs public et privé par région.csv
2000,Centre-Ouest,,Evolution des nombres d'établissements et de classes de l'enseignement secondaire technique et professionnel des secteurs public et privé par région,Classes,,19,Évolution des nombres d'établissements et de classes de l'enseignement secondaire technique et professionnel des secteurs public et privé par région.csv
2001,Centre-Ouest,,Evolution des nombres d'établissements et de classes de l'enseignement secondaire technique et professionnel des secteurs public et privé par région,Classes,,19,Évolution des nombres d'établissements et de classes de l'enseignement secondaire technique et professionnel des secteurs public et privé par région.csv
2002,Centre-Ouest,,Evolution des nombres d'établissements et de classes de l'enseignement secondaire technique et professionnel des secteurs public et privé par région,Classes,,18,Évolution des nombres d'établissements et de classes de l'enseignement secondaire technique et professionnel des secteurs public et privé par région.csv
2003,Centre-Ouest,,Evolution des nombres d'établissements et de classes de l'enseignement secondaire technique et professionnel des secteurs public et privé par région,Classes,,31,Évolution des nombres d'établissements et de classes de l'enseignement secondaire technique et professionnel des secteurs public et privé par région.csv
2004,Centre-Ouest,,Evolution des nombres d'établissements et de classes de l'enseignement secondaire technique et professionnel des secteurs public et privé par région,Classes,,32,Évolution des nombres d'établissements et de classes de l'enseignement secondaire technique et professionnel des secteurs public et privé par région.csv
2005,Centre-Ouest,,Evolution des nombres d'établissements et de classes de l'enseignement secondaire technique et professionnel des secteurs public et privé par région,Classes,,39,Évolution des nombres d'établissements et de classes de l'enseignement secondaire technique et professionnel des secteurs public et privé par région.csv
2006,Centre-Ouest,,Evolution des nombres d'établissements et de classes de l'enseignement secondaire technique et professionnel des secteurs public et privé par région,Classes,,46,Évolution des nombres d'établissements et de classes de l'enseignement secondaire technique et professionnel des secteurs public et privé par région.csv
2007,Centre-Ouest,,Evolution des nombres d'établissements et de classes de l'enseignement secondaire technique et professionnel des secteurs public et privé par région,Classes,,32,Évolution des nombres d'établissements et de classes de l'enseignement secondaire technique et professionnel des secteurs public et privé par région.csv
2008,Centre-Ouest,,Evolution des nombres d'établissements et de classes de l'enseignement secondaire technique et professionnel des secteurs public et privé par région,Classes,,51,Évolution des nombres d'établissements et de classes de l'enseignement secondaire technique et professionnel des secteurs public et privé par région.csv
2009,Centre-Ouest,,Evolution des nombres d'établissements et de classes de l'enseignement secondaire technique et professionnel des secteurs public et privé par région,Classes,,52,Évolution des nombres d'établissements et de classes de l'enseignement secondaire technique et professionnel des secteurs public et privé par région.csv
2010,Centre-Ouest,,Evolution des nombres d'établissements et de classes de l'enseignement secondaire technique et professionnel des secteurs public et privé par région,Classes,,55,Évolution des nombres d'établissements et de classes de l'enseignement secondaire technique et professionnel des secteurs public et privé par région.csv
2011,Centre-Ouest,,Evolution des nombres d'établissements et de classes de l'enseignement secondaire technique et professionnel des secteurs public et privé par région,Classes,,62,Évolution des nombres d'établissements et de classes de l'enseignement secondaire technique et professionnel des secteurs public et privé par région.csv
2012,Centre-Ouest,,Evolution des nombres d'établissements et de classes de l'enseignement secondaire technique et professionnel des secteurs public et privé par région,Classes,,62,Évolution des nombres d'établissements et de classes de l'enseignement secondaire technique et professionnel des secteurs public et privé par région.csv
2013,Centre-Ouest,,Evolution des nombres d'établissements et de classes de l'enseignement secondaire technique et professionnel des secteurs public et privé par région,Classes,,68,Évolution des nombres d'établissements et de classes de l'enseignement secondaire technique et professionnel des secteurs public et privé par région.csv
2014,Centre-Ouest,,Evolution des nombres d'établissements et de classes de l'enseignement secondaire technique et professionnel des secteurs public et privé par région,Classes,,66,Évolution des nombres d'établissements et de classes de l'enseignement secondaire technique et professionnel des secteurs public et privé par région.csv
2015,Centre-Ouest,,Evolution des nombres d'établissements et de classes de l'enseignement secondaire technique et professionnel des secteurs public et privé par région,Classes,,66,Évolution des nombres d'établissements et de classes de l'enseignement secondaire technique et professionnel des secteurs public et privé par région.csv
2016,Centre-Ouest,,Evolution des nombres d'établissements et de classes de l'enseignement secondaire technique et professionnel des secteurs public et privé par région,Classes,,61,Évolution des nombres d'établissements et de classes de l'enseignement secondaire technique et professionnel des secteurs public et privé par région.csv
2017,Centre-Ouest,,Evolution des nombres d'établissements et de classes de l'enseignement secondaire technique et professionnel des secteurs public et privé par région,Classes,,58,Évolution des nombres d'établissements et de classes de l'enseignement secondaire technique et professionnel des secteurs public et privé par région.csv
2018,Centre-Ouest,,Evolution des nombres d'établissements et de classes de l'enseignement secondaire technique et professionnel des secteurs public et privé par région,Classes,,62,Évolution des nombres d'établissements et de classes de l'enseignement secondaire technique et professionnel des secteurs public et privé par région.csv
2019,Centre-Ouest,,Evolution des nombres d'établissements et de classes de l'enseignement secondaire technique et professionnel des secteurs public et privé par région,Classes,,77,Évolution des nombres d'établissements et de classes de l'enseignement secondaire technique et professionnel des secteurs public et privé par région.csv
2020,Centre-Ouest,,Evolution des nombres d'établissements et de classes de l'enseignement secondaire technique et professionnel des secteurs public et privé par région,Classes,,78,Évolution des nombres d'établissements et de classes de l'enseignement secondaire technique et professionnel des secteurs public et privé par région.csv
2021,Centre-Ouest,,Evolution des nombres d'établissements et de classes de l'enseignement secondaire technique et professionnel des secteurs public et privé par région,Classes,,66,Évolution des nombres d'établissements et de classes de l'enseignement secondaire technique et professionnel des secteurs public et privé par région.csv
2022,Centre-Ouest,,Evolution des nombres d'établissements et de classes de l'enseignement secondaire technique et professionnel des secteurs public et privé par région,Classes,,83,Évolution des nombres d'établissements et de classes de l'enseignement secondaire technique et professionnel des secteurs public et privé par région.csv
2023,Centre-Ouest,,Evolution des nombres d'établissements et de classes de l'enseignement secondaire technique et professionnel des secteurs public et privé par région,Classes,,102,Évolution des nombres d'établissements et de classes de l'enseignement secondaire technique et professionnel des secteurs public et privé par région.csv
1997,Centre-Sud,,Evolution des nombres d'établissements et de classes de l'enseignement secondaire technique et professionnel des secteurs public et privé par région,Etablissements,,0,Évolution des nombres d'établissements et de classes de l'enseignement secondaire technique et professionnel des secteurs public et privé par région.csv
1998,Centre-Sud,,Evolution des nombres d'établissements et de classes de l'enseignement secondaire technique et professionnel des secteurs public et privé par région,Etablissements,,0,Évolution des nombres d'établissements et de classes de l'enseignement secondaire technique et professionnel des secteurs public et privé par région.csv
1999,Centre-Sud,,Evolution des nombres d'établissements et de classes de l'enseignement secondaire technique et professionnel des secteurs public et privé par région,Etablissements,,0,Évolution des nombres d'établissements et de classes de l'enseignement secondaire technique et professionnel des secteurs public et privé par région.csv
2000,Centre-Sud,,Evolution des nombres d'établissements et de classes de l'enseignement secondaire technique et professionnel des secteurs public et privé par région,Etablissements,,0,Évolution des nombres d'établissements et de classes de l'enseignement secondaire technique et professionnel des secteurs public et privé par région.csv
2001,Centre-Sud,,Evolution des nombres d'établissements et de classes de l'enseignement secondaire technique et professionnel des secteurs public et privé par région,Etablissements,,0,Évolution des nombres d'établissements et de classes de l'enseignement secondaire technique et professionnel des secteurs public et privé par région.csv
2002,Centre-Sud,,Evolution des nombres d'établissements et de classes de l'enseignement secondaire technique et professionnel des secteurs public et privé par région,Etablissements,,0,Évolution des nombres d'établissements et de classes de l'enseignement secondaire technique et professionnel des secteurs public et privé par région.csv
2003,Centre-Sud,,Evolution des nombres d'établissements et de classes de l'enseignement secondaire technique et professionnel des secteurs public et privé par région,Etablissements,,0,Évolution des nombres d'établissements et de classes de l'enseignement secondaire technique et professionnel des secteurs public et privé par région.csv
2004,Centre-Sud,,Evolution des nombres d'établissements et de classes de l'enseignement secondaire technique et professionnel des secteurs public et privé par région,Etablissements,,0,Évolution des nombres d'établissements et de classes de l'enseignement secondaire technique et professionnel des secteurs public et privé par région.csv
2005,Centre-Sud,,Evolution des nombres d'établissements et de classes de l'enseignement secondaire technique et professionnel des secteurs public et privé par région,Etablissements,,2,Évolution des nombres d'établissements et de classes de l'enseignement secondaire technique et professionnel des secteurs public et privé par région.csv
2006,Centre-Sud,,Evolution des nombres d'établissements et de classes de l'enseignement secondaire technique et professionnel des secteurs public et privé par région,Etablissements,,1,Évolution des nombres d'établissements et de classes de l'enseignement secondaire technique et professionnel des secteurs public et privé par région.csv
2007,Centre-Sud,,Evolution des nombres d'établissements et de classes de l'enseignement secondaire technique et professionnel des secteurs public et privé par région,Etablissements,,1,Évolution des nombres d'établissements et de classes de l'enseignement secondaire technique et professionnel des secteurs public et privé par région.csv
2008,Centre-Sud,,Evolution des nombres d'établissements et de classes de l'enseignement secondaire technique et professionnel des secteurs public et privé par région,Etablissements,,1,Évolution des nombres d'établissements et de classes de l'enseignement secondaire technique et professionnel des secteurs public et privé par région.csv
2009,Centre-Sud,,Evolution des nombres d'établissements et de classes de l'enseignement secondaire technique et professionnel des secteurs public et privé par région,Etablissements,,1,Évolution des nombres d'établissements et de classes de l'enseignement secondaire technique et professionnel des secteurs public et privé par région.csv
2010,Centre-Sud,,Evolution des nombres d'établissements et de classes de l'enseignement secondaire technique et professionnel des secteurs public et privé par région,Etablissements,,2,Évolution des nombres d'établissements et de classes de l'enseignement secondaire technique et professionnel des secteurs public et privé par région.csv
2011,Centre-Sud,,Evolution des nombres d'établissements et de classes de l'enseignement secondaire technique et professionnel des secteurs public et privé par région,Etablissements,,3,Évolution des nombres d'établissements et de classes de l'enseignement secondaire technique et professionnel des secteurs public et privé par région.csv
2012,Centre-Sud,,Evolution des nombres d'établissements et de classes de l'enseignement secondaire technique et professionnel des secteurs public et privé par région,Etablissements,,3,Évolution des nombres d'établissements et de classes de l'enseignement secondaire technique et professionnel des secteurs public et privé par région.csv
2013,Centre-Sud,,Evolution des nombres d'établissements et de classes de l'enseignement secondaire technique et professionnel des secteurs public et privé par région,Etablissements,,3,Évolution des nombres d'établissements et de classes de l'enseignement secondaire technique et professionnel des secteurs public et privé par région.csv
2014,Centre-Sud,,Evolution des nombres d'établissements et de classes de l'enseignement secondaire technique et professionnel des secteurs public et privé par région,Etablissements,,3,Évolution des nombres d'établissements et de classes de l'enseignement secondaire technique et professionnel des secteurs public et privé par région.csv
2015,Centre-Sud,,Evolution des nombres d'établissements et de classes de l'enseignement secondaire technique et professionnel des secteurs public et privé par région,Etablissements,,2,Évolution des nombres d'établissements et de classes de l'enseignement secondaire technique et professionnel des secteurs public et privé par région.csv
2016,Centre-Sud,,Evolution des nombres d'établissements et de classes de l'enseignement secondaire technique et professionnel des secteurs public et privé par région,Etablissements,,3,Évolution des nombres d'établissements et de classes de l'enseignement secondaire technique et professionnel des secteurs public et privé par région.csv
2017,Centre-Sud,,Evolution des nombres d'établissements et de classes de l'enseignement secondaire technique et professionnel des secteurs public et privé par région,Etablissements,,3,Évolution des nombres d'établissements et de classes de l'enseignement secondaire technique et professionnel des secteurs public et privé par région.csv
2018,Centre-Sud,,Evolution des nombres d'établissements et de classes de l'enseignement secondaire technique et professionnel des secteurs public et privé par région,Etablissements,,3,Évolution des nombres d'établissements et de classes de l'enseignement secondaire technique et professionnel des secteurs public et privé par région.csv
2019,Centre-Sud,,Evolution des nombres d'établissements et de classes de l'enseignement secondaire technique et professionnel des secteurs public et privé par région,Etablissements,,3,Évolution des nombres d'établissements et de classes de l'enseignement secondaire technique et professionnel des secteurs public et privé par région.csv
2020,Centre-Sud,,Evolution des nombres d'établissements et de classes de l'enseignement secondaire technique et professionnel des secteurs public et privé par région,Etablissements,,4,Évolution des nombres d'établissements et de classes de l'enseignement secondaire technique et professionnel des secteurs public et privé par région.csv
2021,Centre-Sud,,Evolution des nombres d'établissements et de classes de l'enseignement secondaire technique et professionnel des secteurs public et privé par région,Etablissements,,4,Évolution des nombres d'établissements et de classes de l'enseignement secondaire technique et professionnel des secteurs public et privé par région.csv
2022,Centre-Sud,,Evolution des nombres d'établissements et de classes de l'enseignement secondaire technique et professionnel des secteurs public et privé par région,Etablissements,,5,Évolution des nombres d'établissements et de classes de l'enseignement secondaire technique et professionnel des secteurs public et privé par région.csv
2023,Centre-Sud,,Evolution des nombres d'établissements et de classes de l'enseignement secondaire technique et professionnel des secteurs public et privé par région,Etablissements,,6,Évolution des nombres d'établissements et de classes de l'enseignement secondaire technique et professionnel des secteurs public et privé par région.csv
1997,Centre-Sud,,Evolution des nombres d'établissements et de classes de l'enseignement secondaire technique et professionnel des secteurs public et privé par région,Classes,,0,Évolution des nombres d'établissements et de classes de l'enseignement secondaire technique et professionnel des secteurs public et privé par région.csv
1998,Centre-Sud,,Evolution des nombres d'établissements et de classes de l'enseignement secondaire technique et professionnel des secteurs public et privé par région,Classes,,0,Évolution des nombres d'établissements et de classes de l'enseignement secondaire technique et professionnel des secteurs public et privé par région.csv
1999,Centre-Sud,,Evolution des nombres d'établissements et de classes de l'enseignement secondaire technique et professionnel des secteurs public et privé par région,Classes,,0,Évolution des nombres d'établissements et de classes de l'enseignement secondaire technique et professionnel des secteurs public et privé par région.csv
2000,Centre-Sud,,Evolution des nombres d'établissements et de classes de l'enseignement secondaire technique et professionnel des secteurs public et privé par région,Classes,,0,Évolution des nombres d'établissements et de classes de l'enseignement secondaire technique et professionnel des secteurs public et privé par région.csv
2001,Centre-Sud,,Evolution des nombres d'établissements et de classes de l'enseignement secondaire technique et professionnel des secteurs public et privé par région,Classes,,0,Évolution des nombres d'établissements et de classes de l'enseignement secondaire technique et professionnel des secteurs public et privé par région.csv
2002,Centre-Sud,,Evolution des nombres d'établissements et de classes de l'enseignement secondaire technique et professionnel des secteurs public et privé par région,Classes,,0,Évolution des nombres d'établissements et de classes de l'enseignement secondaire technique et professionnel des secteurs public et privé par région.csv
2003,Centre-Sud,,Evolution des nombres d'établissements et de classes de l'enseignement secondaire technique et professionnel des secteurs public et privé par région,Classes,,0,Évolution des nombres d'établissements et de classes de l'enseignement secondaire technique et professionnel des secteurs public et privé par région.csv
2004,Centre-Sud,,Evolution des nombres d'établissements et de classes de l'enseignement secondaire technique et professionnel des secteurs public et privé par région,Classes,,0,Évolution des nombres d'établissements et de classes de l'enseignement secondaire technique et professionnel des secteurs public et privé par région.csv
2005,Centre-Sud,,Evolution des nombres d'établissements et de classes de l'enseignement secondaire technique et professionnel des secteurs public et privé par région,Classes,,4,Évolution des nombres d'établissements et de classes de l'enseignement secondaire technique et professionnel des secteurs public et privé par région.csv
2006,Centre-Sud,,Evolution des nombres d'établissements et de classes de l'enseignement secondaire technique et professionnel des secteurs public et privé par région,Classes,,3,Évolution des nombres d'établissements et de classes de l'enseignement secondaire technique et professionnel des secteurs public et privé par région.csv
2007,Centre-Sud,,Evolution des nombres d'établissements et de classes de l'enseignement secondaire technique et professionnel des secteurs public et privé par région,Classes,,3,Évolution des nombres d'établissements et de classes de l'enseignement secondaire technique et professionnel des secteurs public et privé par région.csv
2008,Centre-Sud,,Evolution des nombres d'établissements et de classes de l'enseignement secondaire technique et professionnel des secteurs public et privé par région,Classes,,7,Évolution des nombres d'établissements et de classes de l'enseignement secondaire technique et professionnel des secteurs public et privé par région.csv
2009,Centre-Sud,,Evolution des nombres d'établissements et de classes de l'enseignement secondaire technique et professionnel des secteurs public et privé par région,Classes,,3,Évolution des nombres d'établissements et de classes de l'enseignement secondaire technique et professionnel des secteurs public et privé par région.csv
2010,Centre-Sud,,Evolution des nombres d'établissements et de classes de l'enseignement secondaire technique et professionnel des secteurs public et privé par région,Classes,,6,Évolution des nombres d'établissements et de classes de l'enseignement secondaire technique et professionnel des secteurs public et privé par région.csv
2011,Centre-Sud,,Evolution des nombres d'établissements et de classes de l'enseignement secondaire technique et professionnel des secteurs public et privé par région,Classes,,9,Évolution des nombres d'établissements et de classes de l'enseignement secondaire technique et professionnel des secteurs public et privé par région.csv
2012,Centre-Sud,,Evolution des nombres d'établissements et de classes de l'enseignement secondaire technique et professionnel des secteurs public et privé par région,Classes,,9,Évolution des nombres d'établissements et de classes de l'enseignement secondaire technique et professionnel des secteurs public et privé par région.csv
2013,Centre-Sud,,Evolution des nombres d'établissements et de classes de l'enseignement secondaire technique et professionnel des secteurs public et privé par région,Classes,,5,Évolution des nombres d'établissements et de classes de l'enseignement secondaire technique et professionnel des secteurs public et privé par région.csv
2014,Centre-Sud,,Evolution des nombres d'établissements et de classes de l'enseignement secondaire technique et professionnel des secteurs public et privé par région,Classes,,4,Évolution des nombres d'établissements et de classes de l'enseignement secondaire technique et professionnel des secteurs public et privé par région.csv
2015,Centre-Sud,,Evolution des nombres d'établissements et de classes de l'enseignement secondaire technique et professionnel des secteurs public et privé par région,Classes,,3,Évolution des nombres d'établissements et de classes de l'enseignement secondaire technique et professionnel des secteurs public et privé par région.csv
2016,Centre-Sud,,Evolution des nombres d'établissements et de classes de l'enseignement secondaire technique et professionnel des secteurs public et privé par région,Classes,,12,Évolution des nombres d'établissements et de classes de l'enseignement secondaire technique et professionnel des secteurs public et privé par région.csv
2017,Centre-Sud,,Evolution des nombres d'établissements et de classes de l'enseignement secondaire technique et professionnel des secteurs public et privé par région,Classes,,14,Évolution des nombres d'établissements et de classes de l'enseignement secondaire technique et professionnel des secteurs public et privé par région.csv
2018,Centre-Sud,,Evolution des nombres d'établissements et de classes de l'enseignement secondaire technique et professionnel des secteurs public et privé par région,Classes,,16,Évolution des nombres d'établissements et de classes de l'enseignement secondaire technique et professionnel des secteurs public et privé par région.csv
2019,Centre-Sud,,Evolution des nombres d'établissements et de classes de l'enseignement secondaire technique et professionnel des secteurs public et privé par région,Classes,,15,Évolution des nombres d'établissements et de classes de l'enseignement secondaire technique et professionnel des secteurs public et privé par région.csv
2020,Centre-Sud,,Evolution des nombres d'établissements et de classes de l'enseignement secondaire technique et professionnel des secteurs public et privé par région,Classes,,21,Évolution des nombres d'établissements et de classes de l'enseignement secondaire technique et professionnel des secteurs public et privé par région.csv
2021,Centre-Sud,,Evolution des nombres d'établissements et de classes de l'enseignement secondaire technique et professionnel des secteurs public et privé par région,Classes,,16,Évolution des nombres d'établissements et de classes de l'enseignement secondaire technique et professionnel des secteurs public et privé par région.csv
2022,Centre-Sud,,Evolution des nombres d'établissements et de classes de l'enseignement secondaire technique et professionnel des secteurs public et privé par région,Classes,,26,Évolution des nombres d'établissements et de classes de l'enseignement secondaire technique et professionnel des secteurs public et privé par région.csv
2023,Centre-Sud,,Evolution des nombres d'établissements et de classes de l'enseignement secondaire technique et professionnel des secteurs public et privé par région,Classes,,72,Évolution des nombres d'établissements et de classes de l'enseignement secondaire technique et professionnel des secteurs public et privé par région.csv
1997,Est,,Evolution des nombres d'établissements et de classes de l'enseignement secondaire technique et professionnel des secteurs public et privé par région,Etablissements,,1,Évolution des nombres d'établissements et de classes de l'enseignement secondaire technique et professionnel des secteurs public et privé par région.csv
1998,Est,,Evolution des nombres d'établissements et de classes de l'enseignement secondaire technique et professionnel des secteurs public et privé par région,Etablissements,,1,Évolution des nombres d'établissements et de classes de l'enseignement secondaire technique et professionnel des secteurs public et privé par région.csv
1999,Est,,Evolution des nombres d'établissements et de classes de l'enseignement secondaire technique et professionnel des secteurs public et privé par région,Etablissements,,2,Évolution des nombres d'établissements et de classes de l'enseignement secondaire technique et professionnel des secteurs public et privé par région.csv
2000,Est,,Evolution des nombres d'établissements et de classes de l'enseignement secondaire technique et professionnel des secteurs public et privé par région,Etablissements,,3,Évolution des nombres d'établissements et de classes de l'enseignement secondaire technique et professionnel des secteurs public et privé par région.csv
2001,Est,,Evolution des nombres d'établissements et de classes de l'enseignement secondaire technique et professionnel des secteurs public et privé par région,Etablissements,,3,Évolution des nombres d'établissements et de classes de l'enseignement secondaire technique et professionnel des secteurs public et privé par région.csv
2002,Est,,Evolution des nombres d'établissements et de classes de l'enseignement secondaire technique et professionnel des secteurs public et privé par région,Etablissements,,3,Évolution des nombres d'établissements et de classes de l'enseignement secondaire technique et professionnel des secteurs public et privé par région.csv
2003,Est,,Evolution des nombres d'établissements et de classes de l'enseignement secondaire technique et professionnel des secteurs public et privé par région,Etablissements,,4,Évolution des nombres d'établissements et de classes de l'enseignement secondaire technique et professionnel des secteurs public et privé par région.csv
2004,Est,,Evolution des nombres d'établissements et de classes de l'enseignement secondaire technique et professionnel des secteurs public et privé par région,Etablissements,,4,Évolution des nombres d'établissements et de classes de l'enseignement secondaire technique et professionnel des secteurs public et privé par région.csv
2005,Est,,Evolution des nombres d'établissements et de classes de l'enseignement secondaire technique et professionnel des secteurs public et privé par région,Etablissements,,4,Évolution des nombres d'établissements et de classes de l'enseignement secondaire technique et professionnel des secteurs public et privé par région.csv
2006,Est,,Evolution des nombres d'établissements et de classes de l'enseignement secondaire technique et professionnel des secteurs public et privé par région,Etablissements,,4,Évolution des nombres d'établissements et de classes de l'enseignement secondaire technique et professionnel des secteurs public et privé par région.csv
2007,Est,,Evolution des nombres d'établissements et de classes de l'enseignement secondaire technique et professionnel des secteurs public et privé par région,Etablissements,,4,Évolution des nombres d'établissements et de classes de l'enseignement secondaire technique et professionnel des secteurs public et privé par région.csv
2008,Est,,Evolution des nombres d'établissements et de classes de l'enseignement secondaire technique et professionnel des secteurs public et privé par région,Etablissements,,4,Évolution des nombres d'établissements et de classes de l'enseignement secondaire technique et professionnel des secteurs public et privé par région.csv
2009,Est,,Evolution des nombres d'établissements et de classes de l'enseignement secondaire technique et professionnel des secteurs public et privé par région,Etablissements,,4,Évolution des nombres d'établissements et de classes de l'enseignement secondaire technique et professionnel des secteurs public et privé par région.csv
2010,Est,,Evolution des nombres d'établissements et de classes de l'enseignement secondaire technique et professionnel des secteurs public et privé par région,Etablissements,,3,Évolution des nombres d'établissements et de classes de l'enseignement secondaire technique et professionnel des secteurs public et privé par région.csv
2011,Est,,Evolution des nombres d'établissements et de classes de l'enseignement secondaire technique et professionnel des secteurs public et privé par région,Etablissements,,3,Évolution des nombres d'établissements et de classes de l'enseignement secondaire technique et professionnel des secteurs public et privé par région.csv
2012,Est,,Evolution des nombres d'établissements et de classes de l'enseignement secondaire technique et professionnel des secteurs public et privé par région,Etablissements,,3,Évolution des nombres d'établissements et de classes de l'enseignement secondaire technique et professionnel des secteurs public et privé par région.csv
2013,Est,,Evolution des nombres d'établissements et de classes de l'enseignement secondaire technique et professionnel des secteurs public et privé par région,Etablissements,,4,Évolution des nombres d'établissements et de classes de l'enseignement secondaire technique et professionnel des secteurs public et privé par région.csv
2014,Est,,Evolution des nombres d'établissements et de classes de l'enseignement secondaire technique et professionnel des secteurs public et privé par région,Etablissements,,4,Évolution des nombres d'établissements et de classes de l'enseignement secondaire technique et professionnel des secteurs public et privé par région.csv
2015,Est,,Evolution des nombres d'établissements et de classes de l'enseignement secondaire technique et professionnel des secteurs public et privé par région,Etablissements,,3,Évolution des nombres d'établissements et de classes de l'enseignement secondaire technique et professionnel des secteurs public et privé par région.csv
2016,Est,,Evolution des nombres d'établissements et de classes de l'enseignement secondaire technique et professionnel des secteurs public et privé par région,Etablissements,,4,Évolution des nombres d'établissements et de classes de l'enseignement secondaire technique et professionnel des secteurs public et privé par région.csv
2017,Est,,Evolution des nombres d'établissements et de classes de l'enseignement secondaire technique et professionnel des secteurs public et privé par région,Etablissements,,5,Évolution des nombres d'établissements et de classes de l'enseignement secondaire technique et professionnel des secteurs public et privé par région.csv
2018,Est,,Evolution des nombres d'établissements et de classes de l'enseignement secondaire technique et professionnel des secteurs public et privé par région,Etablissements,,5,Évolution des nombres d'établissements et de classes de l'enseignement secondaire technique et professionnel des secteurs public et privé par région.csv
2019,Est,,Evolution des nombres d'établissements et de classes de l'enseignement secondaire technique et professionnel des secteurs public et privé par région,Etablissements,,5,Évolution des nombres d'établissements et de classes de l'enseignement secondaire technique et professionnel des secteurs public et privé par région.csv
2020,Est,,Evolution des nombres d'établissements et de classes de l'enseignement secondaire technique et professionnel des secteurs public et privé par région,Etablissements,,5,Évolution des nombres d'établissements et de classes de l'enseignement secondaire technique et professionnel des secteurs public et privé par région.csv
2021,Est,,Evolution des nombres d'établissements et de classes de l'enseignement secondaire technique et professionnel des secteurs public et privé par région,Etablissements,,5,Évolution des nombres d'établissements et de classes de l'enseignement secondaire technique et professionnel des secteurs public et privé par région.csv
2022,Est,,Evolution des nombres d'établissements et de classes de l'enseignement secondaire technique et professionnel des secteurs public et privé par région,Etablissements,,5,Évolution des nombres d'établissements et de classes de l'enseignement secondaire technique et professionnel des secteurs public et privé par région.csv
2023,Est,,Evolution des nombres d'établissements et de classes de l'enseignement secondaire technique et professionnel des secteurs public et privé par région,Etablissements,,6,Évolution des nombres d'établissements et de classes de l'enseignement secondaire technique et professionnel des secteurs public et privé par région.csv
1997,Est,,Evolution des nombres d'établissements et de classes de l'enseignement secondaire technique et professionnel des secteurs public et privé par région,Classes,,10,Évolution des nombres d'établissements et de classes de l'enseignement secondaire technique et professionnel des secteurs public et privé par région.csv
1998,Est,,Evolution des nombres d'établissements et de classes de l'enseignement secondaire technique et professionnel des secteurs public et privé par région,Classes,,10,Évolution des nombres d'établissements et de classes de l'enseignement secondaire technique et professionnel des secteurs public et privé par région.csv
1999,Est,,Evolution des nombres d'établissements et de classes de l'enseignement secondaire technique et professionnel des secteurs public et privé par région,Classes,,11,Évolution des nombres d'établissements et de classes de l'enseignement secondaire technique et professionnel des secteurs public et privé par région.csv
2000,Est,,Evolution des nombres d'établissements et de classes de l'enseignement secondaire technique et professionnel des secteurs public et privé par région,Classes,,13,Évolution des nombres d'établissements et de classes de l'enseignement secondaire technique et professionnel des secteurs public et privé par région.csv
2001,Est,,Evolution des nombres d'établissements et de classes de l'enseignement secondaire technique et professionnel des secteurs public et privé par région,Classes,,13,Évolution des nombres d'établissements et de classes de l'enseignement secondaire technique et professionnel des secteurs public et privé par région.csv
2002,Est,,Evolution des nombres d'établissements et de classes de l'enseignement secondaire technique et professionnel des secteurs public et privé par région,Classes,,27,Évolution des nombres d'établissements et de classes de l'enseignement secondaire technique et professionnel des secteurs public et privé par région.csv
2003,Est,,Evolution des nombres d'établissements et de classes de l'enseignement secondaire technique et professionnel des secteurs public et privé par région,Classes,,18,Évolution des nombres d'établissements et de classes de l'enseignement secondaire technique et professionnel des secteurs public et privé par région.csv
2004,Est,,Evolution des nombres d'établissements et de classes de l'enseignement secondaire technique et professionnel des secteurs public et privé par région,Classes,,20,Évolution des nombres d'établissements et de classes de l'enseignement secondaire technique et professionnel des secteurs public et privé par région.csv
2005,Est,,Evolution des nombres d'établissements et de classes de l'enseignement secondaire technique et professionnel des secteurs public et privé par région,Classes,,20,Évolution des nombres d'établissements et de classes de l'enseignement secondaire technique et professionnel des secteurs public et privé par région.csv
2006,Est,,Evolution des nombres d'établissements et de classes de l'enseignement secondaire technique et professionnel des secteurs public et privé par région,Classes,,19,Évolution des nombres d'établissements et de classes de l'enseignement secondaire technique et professionnel des secteurs public et privé par région.csv
2007,Est,,Evolution des nombres d'établissements et de classes de l'enseignement secondaire technique et professionnel des secteurs public et privé par région,Classes,,13,Évolution des nombres d'établissements et de classes de l'enseignement secondaire technique et professionnel des secteurs public et privé par région.csv
2008,Est,,Evolution des nombres d'établissements et de classes de l'enseignement secondaire technique et professionnel des secteurs public et privé par région,Classes,,17,Évolution des nombres d'établissements et de classes de l'enseignement secondaire technique et professionnel des secteurs public et privé par région.csv
2009,Est,,Evolution des nombres d'établissements et de classes de l'enseignement secondaire technique et professionnel des secteurs public et privé par région,Classes,,25,Évolution des nombres d'établissements et de classes de l'enseignement secondaire technique et professionnel des secteurs public et privé par région.csv
2010,Est,,Evolution des nombres d'établissements et de classes de l'enseignement secondaire technique et professionnel des secteurs public et privé par région,Classes,,22,Évolution des nombres d'établissements et de classes de l'enseignement secondaire technique et professionnel des secteurs public et privé par région.csv
2011,Est,,Evolution des nombres d'établissements et de classes de l'enseignement secondaire technique et professionnel des secteurs public et privé par région,Classes,,24,Évolution des nombres d'établissements et de classes de l'enseignement secondaire technique et professionnel des secteurs public et privé par région.csv
2012,Est,,Evolution des nombres d'établissements et de classes de l'enseignement secondaire technique et professionnel des secteurs public et privé par région,Classes,,24,Évolution des nombres d'établissements et de classes de l'enseignement secondaire technique et professionnel des secteurs public et privé par région.csv
2013,Est,,Evolution des nombres d'établissements et de classes de l'enseignement secondaire technique et professionnel des secteurs public et privé par région,Classes,,25,Évolution des nombres d'établissements et de classes de l'enseignement secondaire technique et professionnel des secteurs public et privé par région.csv
2014,Est,,Evolution des nombres d'établissements et de classes de l'enseignement secondaire technique et professionnel des secteurs public et privé par région,Classes,,25,Évolution des nombres d'établissements et de classes de l'enseignement secondaire technique et professionnel des secteurs public et privé par région.csv
2015,Est,,Evolution des nombres d'établissements et de classes de l'enseignement secondaire technique et professionnel des secteurs public et privé par région,Classes,,24,Évolution des nombres d'établissements et de classes de l'enseignement secondaire technique et professionnel des secteurs public et privé par région.csv
2016,Est,,Evolution des nombres d'établissements et de classes de l'enseignement secondaire technique et professionnel des secteurs public et privé par région,Classes,,22,Évolution des nombres d'établissements et de classes de l'enseignement secondaire technique et professionnel des secteurs public et privé par région.csv
2017,Est,,Evolution des nombres d'établissements et de classes de l'enseignement secondaire technique et professionnel des secteurs public et privé par région,Classes,,26,Évolution des nombres d'établissements et de classes de l'enseignement secondaire technique et professionnel des secteurs public et privé par région.csv
2018,Est,,Evolution des nombres d'établissements et de classes de l'enseignement secondaire technique et professionnel des secteurs public et privé par région,Classes,,28,Évolution des nombres d'établissements et de classes de l'enseignement secondaire technique et professionnel des secteurs public et privé par région.csv
2019,Est,,Evolution des nombres d'établissements et de classes de l'enseignement secondaire technique et professionnel des secteurs public et privé par région,Classes,,37,Évolution des nombres d'établissements et de classes de l'enseignement secondaire technique et professionnel des secteurs public et privé par région.csv
2020,Est,,Evolution des nombres d'établissements et de classes de l'enseignement secondaire technique et professionnel des secteurs public et privé par région,Classes,,41,Évolution des nombres d'établissements et de classes de l'enseignement secondaire technique et professionnel des secteurs public et privé par région.csv
2021,Est,,Evolution des nombres d'établissements et de classes de l'enseignement secondaire technique et professionnel des secteurs public et privé par région,Classes,,33,Évolution des nombres d'établissements et de classes de l'enseignement secondaire technique et professionnel des secteurs public et privé par région.csv
2022,Est,,Evolution des nombres d'établissements et de classes de l'enseignement secondaire technique et professionnel des secteurs public et privé par région,Classes,,36,Évolution des nombres d'établissements et de classes de l'enseignement secondaire technique et professionnel des secteurs public et privé par région.csv
2023,Est,,Evolution des nombres d'établissements et de classes de l'enseignement secondaire technique et professionnel des secteurs public et privé par région,Classes,,46,Évolution des nombres d'établissements et de classes de l'enseignement secondaire technique et professionnel des secteurs public et privé par région.csv
1997,Hauts-Bassins,,Evolution des nombres d'établissements et de classes de l'enseignement secondaire technique et professionnel des secteurs public et privé par région,Etablissements,,8,Évolution des nombres d'établissements et de classes de l'enseignement secondaire technique et professionnel des secteurs public et privé par région.csv
1998,Hauts-Bassins,,Evolution des nombres d'établissements et de classes de l'enseignement secondaire technique et professionnel des secteurs public et privé par région,Etablissements,,10,Évolution des nombres d'établissements et de classes de l'enseignement secondaire technique et professionnel des secteurs public et privé par région.csv
1999,Hauts-Bassins,,Evolution des nombres d'établissements et de classes de l'enseignement secondaire technique et professionnel des secteurs public et privé par région,Etablissements,,9,Évolution des nombres d'établissements et de classes de l'enseignement secondaire technique et professionnel des secteurs public et privé par région.csv
2000,Hauts-Bassins,,Evolution des nombres d'établissements et de classes de l'enseignement secondaire technique et professionnel des secteurs public et privé par région,Etablissements,,9,Évolution des nombres d'établissements et de classes de l'enseignement secondaire technique et professionnel des secteurs public et privé par région.csv
2001,Hauts-Bassins,,Evolution des nombres d'établissements et de classes de l'enseignement secondaire technique et professionnel des secteurs public et privé par région,Etablissements,,9,Évolution des nombres d'établissements et de classes de l'enseignement secondaire technique et professionnel des secteurs public et privé par région.csv
2002,Hauts-Bassins,,Evolution des nombres d'établissements et de classes de l'enseignement secondaire technique et professionnel des secteurs public et privé par région,Etablissements,,9,Évolution des nombres d'établissements et de classes de l'enseignement secondaire technique et professionnel des secteurs public et privé par région.csv
2003,Hauts-Bassins,,Evolution des nombres d'établissements et de classes de l'enseignement secondaire technique et professionnel des secteurs public et privé par région,Etablissements,,10,Évolution des nombres d'établissements et de classes de l'enseignement secondaire technique et professionnel des secteurs public et privé par région.csv
2004,Hauts-Bassins,,Evolution des nombres d'établissements et de classes de l'enseignement secondaire technique et professionnel des secteurs public et privé par région,Etablissements,,9,Évolution des nombres d'établissements et de classes de l'enseignement secondaire technique et professionnel des secteurs public et privé par région.csv
2005,Hauts-Bassins,,Evolution des nombres d'établissements et de classes de l'enseignement secondaire technique et professionnel des secteurs public et privé par région,Etablissements,,11,Évolution des nombres d'établissements et de classes de l'enseignement secondaire technique et professionnel des secteurs public et privé par région.csv
2006,Hauts-Bassins,,Evolution des nombres d'établissements et de classes de l'enseignement secondaire technique et professionnel des secteurs public et privé par région,Etablissements,,16,Évolution des nombres d'établissements et de classes de l'enseignement secondaire technique et professionnel des secteurs public et privé par région.csv
2007,Hauts-Bassins,,Evolution des nombres d'établissements et de classes de l'enseignement secondaire technique et professionnel des secteurs public et privé par région,Etablissements,,20,Évolution des nombres d'établissements et de classes de l'enseignement secondaire technique et professionnel des secteurs public et privé par région.csv
2008,Hauts-Bassins,,Evolution des nombres d'établissements et de classes de l'enseignement secondaire technique et professionnel des secteurs public et privé par région,Etablissements,,23,Évolution des nombres d'établissements et de classes de l'enseignement secondaire technique et professionnel des secteurs public et privé par région.csv
2009,Hauts-Bassins,,Evolution des nombres d'établissements et de classes de l'enseignement secondaire technique et professionnel des secteurs public et privé par région,Etablissements,,26,Évolution des nombres d'établissements et de classes de l'enseignement secondaire technique et professionnel des secteurs public et privé par région.csv
2010,Hauts-Bassins,,Evolution des nombres d'établissements et de classes de l'enseignement secondaire technique et professionnel des secteurs public et privé par région,Etablissements,,25,Évolution des nombres d'établissements et de classes de l'enseignement secondaire technique et professionnel des secteurs public et privé par région.csv
2011,Hauts-Bassins,,Evolution des nombres d'établissements et de classes de l'enseignement secondaire technique et professionnel des secteurs public et privé par région,Etablissements,,25,Évolution des nombres d'établissements et de classes de l'enseignement secondaire technique et professionnel des secteurs public et privé par région.csv
2012,Hauts-Bassins,,Evolution des nombres d'établissements et de classes de l'enseignement secondaire technique et professionnel des secteurs public et privé par région,Etablissements,,29,Évolution des nombres d'établissements et de classes de l'enseignement secondaire technique et professionnel des secteurs public et privé par région.csv
2013,Hauts-Bassins,,Evolution des nombres d'établissements et de classes de l'enseignement secondaire technique et professionnel des secteurs public et privé par région,Etablissements,,30,Évolution des nombres d'établissements et de classes de l'enseignement secondaire technique et professionnel des secteurs public et privé par région.csv
2014,Hauts-Bassins,,Evolution des nombres d'établissements et de classes de l'enseignement secondaire technique et professionnel des secteurs public et privé par région,Etablissements,,28,Évolution des nombres d'établissements et de classes de l'enseignement secondaire technique et professionnel des secteurs public et privé par région.csv
2015,Hauts-Bassins,,Evolution des nombres d'établissements et de classes de l'enseignement secondaire technique et professionnel des secteurs public et privé par région,Etablissements,,28,Évolution des nombres d'établissements et de classes de l'enseignement secondaire technique et professionnel des secteurs public et privé par région.csv
2016,Hauts-Bassins,,Evolution des nombres d'établissements et de classes de l'enseignement secondaire technique et professionnel des secteurs public et privé par région,Etablissements,,30,Évolution des nombres d'établissements et de classes de l'enseignement secondaire technique et professionnel des secteurs public et privé par région.csv
2017,Hauts-Bassins,,Evolution des nombres d'établissements et de classes de l'enseignement secondaire technique et professionnel des secteurs public et privé par région,Etablissements,,32,Évolution des nombres d'établissements et de classes de l'enseignement secondaire technique et professionnel des secteurs public et privé par région.csv
2018,Hauts-Bassins,,Evolution des nombres d'établissements et de classes de l'enseignement secondaire technique et professionnel des secteurs public et privé par région,Etablissements,,27,Évolution des nombres d'établissements et de classes de l'enseignement secondaire technique et professionnel des secteurs public et privé par région.csv
2019,Hauts-Bassins,,Evolution des nombres d'établissements et de classes de l'enseignement secondaire technique et professionnel des secteurs public et privé par région,Etablissements,,26,Évolution des nombres d'établissements et de classes de l'enseignement secondaire technique et professionnel des secteurs public et privé par région.csv
2020,Hauts-Bassins,,Evolution des nombres d'établissements et de classes de l'enseignement secondaire technique et professionnel des secteurs public et privé par région,Etablissements,,27,Évolution des nombres d'établissements et de classes de l'enseignement secondaire technique et professionnel des secteurs public et privé par région.csv
2021,Hauts-Bassins,,Evolution des nombres d'établissements et de classes de l'enseignement secondaire technique et professionnel des secteurs public et privé par région,Etablissements,,26,Évolution des nombres d'établissements et de classes de l'enseignement secondaire technique et professionnel des secteurs public et privé par région.csv
2022,Hauts-Bassins,,Evolution des nombres d'établissements et de classes de l'enseignement secondaire technique et professionnel des secteurs public et privé par région,Etablissements,,27,Évolution des nombres d'établissements et de classes de l'enseignement secondaire technique et professionnel des secteurs public et privé par région.csv
2023,Hauts-Bassins,,Evolution des nombres d'établissements et de classes de l'enseignement secondaire technique et professionnel des secteurs public et privé par région,Etablissements,,30,Évolution des nombres d'établissements et de classes de l'enseignement secondaire technique et professionnel des secteurs public et privé par région.csv
1997,Hauts-Bassins,,Evolution des nombres d'établissements et de classes de l'enseignement secondaire technique et professionnel des secteurs public et privé par région,Classes,,52,Évolution des nombres d'établissements et de classes de l'enseignement secondaire technique et professionnel des secteurs public et privé par région.csv
1998,Hauts-Bassins,,Evolution des nombres d'établissements et de classes de l'enseignement secondaire technique et professionnel des secteurs public et privé par région,Classes,,52,Évolution des nombres d'établissements et de classes de l'enseignement secondaire technique et professionnel des secteurs public et privé par région.csv
1999,Hauts-Bassins,,Evolution des nombres d'établissements et de classes de l'enseignement secondaire technique et professionnel des secteurs public et privé par région,Classes,,50,Évolution des nombres d'établissements et de classes de l'enseignement secondaire technique et professionnel des secteurs public et privé par région.csv
2000,Hauts-Bassins,,Evolution des nombres d'établissements et de classes de l'enseignement secondaire technique et professionnel des secteurs public et privé par région,Classes,,59,Évolution des nombres d'établissements et de classes de l'enseignement secondaire technique et professionnel des secteurs public et privé par région.csv
2001,Hauts-Bassins,,Evolution des nombres d'établissements et de classes de l'enseignement secondaire technique et professionnel des secteurs public et privé par région,Classes,,59,Évolution des nombres d'établissements et de classes de l'enseignement secondaire technique et professionnel des secteurs public et privé par région.csv
2002,Hauts-Bassins,,Evolution des nombres d'établissements et de classes de l'enseignement secondaire technique et professionnel des secteurs public et privé par région,Classes,,54,Évolution des nombres d'établissements et de classes de l'enseignement secondaire technique et professionnel des secteurs public et privé par région.csv
2003,Hauts-Bassins,,Evolution des nombres d'établissements et de classes de l'enseignement secondaire technique et professionnel des secteurs public et privé par région,Classes,,70,Évolution des nombres d'établissements et de classes de l'enseignement secondaire technique et professionnel des secteurs public et privé par région.csv
2004,Hauts-Bassins,,Evolution des nombres d'établissements et de classes de l'enseignement secondaire technique et professionnel des secteurs public et privé par région,Classes,,85,Évolution des nombres d'établissements et de classes de l'enseignement secondaire technique et professionnel des secteurs public et privé par région.csv
2005,Hauts-Bassins,,Evolution des nombres d'établissements et de classes de l'enseignement secondaire technique et professionnel des secteurs public et privé par région,Classes,,84,Évolution des nombres d'établissements et de classes de l'enseignement secondaire technique et professionnel des secteurs public et privé par région.csv
2006,Hauts-Bassins,,Evolution des nombres d'établissements et de classes de l'enseignement secondaire technique et professionnel des secteurs public et privé par région,Classes,,107,Évolution des nombres d'établissements et de classes de l'enseignement secondaire technique et professionnel des secteurs public et privé par région.csv
2007,Hauts-Bassins,,Evolution des nombres d'établissements et de classes de l'enseignement secondaire technique et professionnel des secteurs public et privé par région,Classes,,117,Évolution des nombres d'établissements et de classes de l'enseignement secondaire technique et professionnel des secteurs public et privé par région.csv
2008,Hauts-Bassins,,Evolution des nombres d'établissements et de classes de l'enseignement secondaire technique et professionnel des secteurs public et privé par région,Classes,,125,Évolution des nombres d'établissements et de classes de l'enseignement secondaire technique et professionnel des secteurs public et privé par région.csv
2009,Hauts-Bassins,,Evolution des nombres d'établissements et de classes de l'enseignement secondaire technique et professionnel des secteurs public et privé par région,Classes,,134,Évolution des nombres d'établissements et de classes de l'enseignement secondaire technique et professionnel des secteurs public et privé par région.csv
2010,Hauts-Bassins,,Evolution des nombres d'établissements et de classes de l'enseignement secondaire technique et professionnel des secteurs public et privé par région,Classes,,119,Évolution des nombres d'établissements et de classes de l'enseignement secondaire technique et professionnel des secteurs public et privé par région.csv
2011,Hauts-Bassins,,Evolution des nombres d'établissements et de classes de l'enseignement secondaire technique et professionnel des secteurs public et privé par région,Classes,,135,Évolution des nombres d'établissements et de classes de l'enseignement secondaire technique et professionnel des secteurs public et privé par région.csv
2012,Hauts-Bassins,,Evolution des nombres d'établissements et de classes de l'enseignement secondaire technique et professionnel des secteurs public et privé par région,Classes,,135,Évolution des nombres d'établissements et de classes de l'enseignement secondaire technique et professionnel des secteurs public et privé par région.csv
2013,Hauts-Bassins,,Evolution des nombres d'établissements et de classes de l'enseignement secondaire technique et professionnel des secteurs public et privé par région,Classes,,149,Évolution des nombres d'établissements et de classes de l'enseignement secondaire technique et professionnel des secteurs public et privé par région.csv
2014,Hauts-Bassins,,Evolution des nombres d'établissements et de classes de l'enseignement secondaire technique et professionnel des secteurs public et privé par région,Classes,,151,Évolution des nombres d'établissements et de classes de l'enseignement secondaire technique et professionnel des secteurs public et privé par région.csv
2015,Hauts-Bassins,,Evolution des nombres d'établissements et de classes de l'enseignement secondaire technique et professionnel des secteurs public et privé par région,Classes,,143,Évolution des nombres d'établissements et de classes de l'enseignement secondaire technique et professionnel des secteurs public et privé par région.csv
2016,Hauts-Bassins,,Evolution des nombres d'établissements et de classes de l'enseignement secondaire technique et professionnel des secteurs public et privé par région,Classes,,141,Évolution des nombres d'établissements et de classes de l'enseignement secondaire technique et professionnel des secteurs public et privé par région.csv
2017,Hauts-Bassins,,Evolution des nombres d'établissements et de classes de l'enseignement secondaire technique et professionnel des secteurs public et privé par région,Classes,,139,Évolution des nombres d'établissements et de classes de l'enseignement secondaire technique et professionnel des secteurs public et privé par région.csv
2018,Hauts-Bassins,,Evolution des nombres d'établissements et de classes de l'enseignement secondaire technique et professionnel des secteurs public et privé par région,Classes,,141,Évolution des nombres d'établissements et de classes de l'enseignement secondaire technique et professionnel des secteurs public et privé par région.csv
2019,Hauts-Bassins,,Evolution des nombres d'établissements et de classes de l'enseignement secondaire technique et professionnel des secteurs public et privé par région,Classes,,115,Évolution des nombres d'établissements et de classes de l'enseignement secondaire technique et professionnel des secteurs public et privé par région.csv
2020,Hauts-Bassins,,Evolution des nombres d'établissements et de classes de l'enseignement secondaire technique et professionnel des secteurs public et privé par région,Classes,,136,Évolution des nombres d'établissements et de classes de l'enseignement secondaire technique et professionnel des secteurs public et privé par région.csv
2021,Hauts-Bassins,,Evolution des nombres d'établissements et de classes de l'enseignement secondaire technique et professionnel des secteurs public et privé par région,Classes,,134,Évolution des nombres d'établissements et de classes de l'enseignement secondaire technique et professionnel des secteurs public et privé par région.csv
2022,Hauts-Bassins,,Evolution des nombres d'établissements et de classes de l'enseignement secondaire technique et professionnel des secteurs public et privé par région,Classes,,174,Évolution des nombres d'établissements et de classes de l'enseignement secondaire technique et professionnel des secteurs public et privé par région.csv
2023,Hauts-Bassins,,Evolution des nombres d'établissements et de classes de l'enseignement secondaire technique et professionnel des secteurs public et privé par région,Classes,,193,Évolution des nombres d'établissements et de classes de l'enseignement secondaire technique et professionnel des secteurs public et privé par région.csv
1997,Nord,,Evolution des nombres d'établissements et de classes de l'enseignement secondaire technique et professionnel des secteurs public et privé par région,Etablissements,,2,Évolution des nombres d'établissements et de classes de l'enseignement secondaire technique et professionnel des secteurs public et privé par région.csv
1998,Nord,,Evolution des nombres d'établissements et de classes de l'enseignement secondaire technique et professionnel des secteurs public et privé par région,Etablissements,,3,Évolution des nombres d'établissements et de classes de l'enseignement secondaire technique et professionnel des secteurs public et privé par région.csv
1999,Nord,,Evolution des nombres d'établissements et de classes de l'enseignement secondaire technique et professionnel des secteurs public et privé par région,Etablissements,,2,Évolution des nombres d'établissements et de classes de l'enseignement secondaire technique et professionnel des secteurs public et privé par région.csv
2000,Nord,,Evolution des nombres d'établissements et de classes de l'enseignement secondaire technique et professionnel des secteurs public et privé par région,Etablissements,,2,Évolution des nombres d'établissements et de classes de l'enseignement secondaire technique et professionnel des secteurs public et privé par région.csv
2001,Nord,,Evolution des nombres d'établissements et de classes de l'enseignement secondaire technique et professionnel des secteurs public et privé par région,Etablissements,,2,Évolution des nombres d'établissements et de classes de l'enseignement secondaire technique et professionnel des secteurs public et privé par région.csv
2002,Nord,,Evolution des nombres d'établissements et de classes de l'enseignement secondaire technique et professionnel des secteurs public et privé par région,Etablissements,,3,Évolution des nombres d'établissements et de classes de l'enseignement secondaire technique et professionnel des secteurs public et privé par région.csv
2003,Nord,,Evolution des nombres d'établissements et de classes de l'enseignement secondaire technique et professionnel des secteurs public et privé par région,Etablissements,,3,Évolution des nombres d'établissements et de classes de l'enseignement secondaire technique et professionnel des secteurs public et privé par région.csv
2004,Nord,,Evolution des nombres d'établissements et de classes de l'enseignement secondaire technique et professionnel des secteurs public et privé par région,Etablissements,,2,Évolution des nombres d'établissements et de classes de l'enseignement secondaire technique et professionnel des secteurs public et privé par région.csv
2005,Nord,,Evolution des nombres d'établissements et de classes de l'enseignement secondaire technique et professionnel des secteurs public et privé par région,Etablissements,,2,Évolution des nombres d'établissements et de classes de l'enseignement secondaire technique et professionnel des secteurs public et privé par région.csv
2006,Nord,,Evolution des nombres d'établissements et de classes de l'enseignement secondaire technique et professionnel des secteurs public et privé par région,Etablissements,,2,Évolution des nombres d'établissements et de classes de l'enseignement secondaire technique et professionnel des secteurs public et privé par région.csv
2007,Nord,,Evolution des nombres d'établissements et de classes de l'enseignement secondaire technique et professionnel des secteurs public et privé par région,Etablissements,,2,Évolution des nombres d'établissements et de classes de l'enseignement secondaire technique et professionnel des secteurs public et privé par région.csv
2008,Nord,,Evolution des nombres d'établissements et de classes de l'enseignement secondaire technique et professionnel des secteurs public et privé par région,Etablissements,,4,Évolution des nombres d'établissements et de classes de l'enseignement secondaire technique et professionnel des secteurs public et privé par région.csv
2009,Nord,,Evolution des nombres d'établissements et de classes de l'enseignement secondaire technique et professionnel des secteurs public et privé par région,Etablissements,,3,Évolution des nombres d'établissements et de classes de l'enseignement secondaire technique et professionnel des secteurs public et privé par région.csv
2010,Nord,,Evolution des nombres d'établissements et de classes de l'enseignement secondaire technique et professionnel des secteurs public et privé par région,Etablissements,,5,Évolution des nombres d'établissements et de classes de l'enseignement secondaire technique et professionnel des secteurs public et privé par région.csv
2011,Nord,,Evolution des nombres d'établissements et de classes de l'enseignement secondaire technique et professionnel des secteurs public et privé par région,Etablissements,,5,Évolution des nombres d'établissements et de classes de l'enseignement secondaire technique et professionnel des secteurs public et privé par région.csv
2012,Nord,,Evolution des nombres d'établissements et de classes de l'enseignement secondaire technique et professionnel des secteurs public et privé par région,Etablissements,,6,Évolution des nombres d'établissements et de classes de l'enseignement secondaire technique et professionnel des secteurs public et privé par région.csv
2013,Nord,,Evolution des nombres d'établissements et de classes de l'enseignement secondaire technique et professionnel des secteurs public et privé par région,Etablissements,,4,Évolution des nombres d'établissements et de classes de l'enseignement secondaire technique et professionnel des secteurs public et privé par région.csv
2014,Nord,,Evolution des nombres d'établissements et de classes de l'enseignement secondaire technique et professionnel des secteurs public et privé par région,Etablissements,,3,Évolution des nombres d'établissements et de classes de l'enseignement secondaire technique et professionnel des secteurs public et privé par région.csv
2015,Nord,,Evolution des nombres d'établissements et de classes de l'enseignement secondaire technique et professionnel des secteurs public et privé par région,Etablissements,,4,Évolution des nombres d'établissements et de classes de l'enseignement secondaire technique et professionnel des secteurs public et privé par région.csv
2016,Nord,,Evolution des nombres d'établissements et de classes de l'enseignement secondaire technique et professionnel des secteurs public et privé par région,Etablissements,,3,Évolution des nombres d'établissements et de classes de l'enseignement secondaire technique et professionnel des secteurs public et privé par région.csv
2017,Nord,,Evolution des nombres d'établissements et de classes de l'enseignement secondaire technique et professionnel des secteurs public et privé par région,Etablissements,,3,Évolution des nombres d'établissements et de classes de l'enseignement secondaire technique et professionnel des secteurs public et privé par région.csv
2018,Nord,,Evolution des nombres d'établissements et de classes de l'enseignement secondaire technique et professionnel des secteurs public et privé par région,Etablissements,,3,Évolution des nombres d'établissements et de classes de l'enseignement secondaire technique et professionnel des secteurs public et privé par région.csv
2019,Nord,,Evolution des nombres d'établissements et de classes de l'enseignement secondaire technique et professionnel des secteurs public et privé par région,Etablissements,,3,Évolution des nombres d'établissements et de classes de l'enseignement secondaire technique et professionnel des secteurs public et privé par région.csv
2020,Nord,,Evolution des nombres d'établissements et de classes de l'enseignement secondaire technique et professionnel des secteurs public et privé par région,Etablissements,,4,Évolution des nombres d'établissements et de classes de l'enseignement secondaire technique et professionnel des secteurs public et privé par région.csv
2021,Nord,,Evolution des nombres d'établissements et de classes de l'enseignement secondaire technique et professionnel des secteurs public et privé par région,Etablissements,,6,Évolution des nombres d'établissements et de classes de l'enseignement secondaire technique et professionnel des secteurs public et privé par région.csv
2022,Nord,,Evolution des nombres d'établissements et de classes de l'enseignement secondaire technique et professionnel des secteurs public et privé par région,Etablissements,,6,Évolution des nombres d'établissements et de classes de l'enseignement secondaire technique et professionnel des secteurs public et privé par région.csv
2023,Nord,,Evolution des nombres d'établissements et de classes de l'enseignement secondaire technique et professionnel des secteurs public et privé par région,Etablissements,,8,Évolution des nombres d'établissements et de classes de l'enseignement secondaire technique et professionnel des secteurs public et privé par région.csv
1997,Nord,,Evolution des nombres d'établissements et de classes de l'enseignement secondaire technique et professionnel des secteurs public et privé par région,Classes,,7,Évolution des nombres d'établissements et de classes de l'enseignement secondaire technique et professionnel des secteurs public et privé par région.csv
1998,Nord,,Evolution des nombres d'établissements et de classes de l'enseignement secondaire technique et professionnel des secteurs public et privé par région,Classes,,11,Évolution des nombres d'établissements et de classes de l'enseignement secondaire technique et professionnel des secteurs public et privé par région.csv
1999,Nord,,Evolution des nombres d'établissements et de classes de l'enseignement secondaire technique et professionnel des secteurs public et privé par région,Classes,,8,Évolution des nombres d'établissements et de classes de l'enseignement secondaire technique et professionnel des secteurs public et privé par région.csv
2000,Nord,,Evolution des nombres d'établissements et de classes de l'enseignement secondaire technique et professionnel des secteurs public et privé par région,Classes,,8,Évolution des nombres d'établissements et de classes de l'enseignement secondaire technique et professionnel des secteurs public et privé par région.csv
2001,Nord,,Evolution des nombres d'établissements et de classes de l'enseignement secondaire technique et professionnel des secteurs public et privé par région,Classes,,10,Évolution des nombres d'établissements et de classes de l'enseignement secondaire technique et professionnel des secteurs public et privé par région.csv
2002,Nord,,Evolution des nombres d'établissements et de classes de l'enseignement secondaire technique et professionnel des secteurs public et privé par région,Classes,,12,Évolution des nombres d'établissements et de classes de l'enseignement secondaire technique et professionnel des secteurs public et privé par région.csv
2003,Nord,,Evolution des nombres d'établissements et de classes de l'enseignement secondaire technique et professionnel des secteurs public et privé par région,Classes,,14,Évolution des nombres d'établissements et de classes de l'enseignement secondaire technique et professionnel des secteurs public et privé par région.csv
2004,Nord,,Evolution des nombres d'établissements et de classes de l'enseignement secondaire technique et professionnel des secteurs public et privé par région,Classes,,17,Évolution des nombres d'établissements et de classes de l'enseignement secondaire technique et professionnel des secteurs public et privé par région.csv
2005,Nord,,Evolution des nombres d'établissements et de classes de l'enseignement secondaire technique et professionnel des secteurs public et privé par région,Classes,,12,Évolution des nombres d'établissements et de classes de l'enseignement secondaire technique et professionnel des secteurs public et privé par région.csv
2006,Nord,,Evolution des nombres d'établissements et de classes de l'enseignement secondaire technique et professionnel des secteurs public et privé par région,Classes,,16,Évolution des nombres d'établissements et de classes de l'enseignement secondaire technique et professionnel des secteurs public et privé par région.csv
2007,Nord,,Evolution des nombres d'établissements et de classes de l'enseignement secondaire technique et professionnel des secteurs public et privé par région,Classes,,12,Évolution des nombres d'établissements et de classes de l'enseignement secondaire technique et professionnel des secteurs public et privé par région.csv
2008,Nord,,Evolution des nombres d'établissements et de classes de l'enseignement secondaire technique et professionnel des secteurs public et privé par région,Classes,,13,Évolution des nombres d'établissements et de classes de l'enseignement secondaire technique et professionnel des secteurs public et privé par région.csv
2009,Nord,,Evolution des nombres d'établissements et de classes de l'enseignement secondaire technique et professionnel des secteurs public et privé par région,Classes,,23,Évolution des nombres d'établissements et de classes de l'enseignement secondaire technique et professionnel des secteurs public et privé par région.csv
2010,Nord,,Evolution des nombres d'établissements et de classes de l'enseignement secondaire technique et professionnel des secteurs public et privé par région,Classes,,21,Évolution des nombres d'établissements et de classes de l'enseignement secondaire technique et professionnel des secteurs public et privé par région.csv
2011,Nord,,Evolution des nombres d'établissements et de classes de l'enseignement secondaire technique et professionnel des secteurs public et privé par région,Classes,,21,Évolution des nombres d'établissements et de classes de l'enseignement secondaire technique et professionnel des secteurs public et privé par région.csv
2012,Nord,,Evolution des nombres d'établissements et de classes de l'enseignement secondaire technique et professionnel des secteurs public et privé par région,Classes,,21,Évolution des nombres d'établissements et de classes de l'enseignement secondaire technique et professionnel des secteurs public et privé par région.csv
2013,Nord,,Evolution des nombres d'établissements et de classes de l'enseignement secondaire technique et professionnel des secteurs public et privé par région,Classes,,23,Évolution des nombres d'établissements et de classes de l'enseignement secondaire technique et professionnel des secteurs public et privé par région.csv
2014,Nord,,Evolution des nombres d'établissements et de classes de l'enseignement secondaire technique et professionnel des secteurs public et privé par région,Classes,,29,Évolution des nombres d'établissements et de classes de l'enseignement secondaire technique et professionnel des secteurs public et privé par région.csv
2015,Nord,,Evolution des nombres d'établissements et de classes de l'enseignement secondaire technique et professionnel des secteurs public et privé par région,Classes,,15,Évolution des nombres d'établissements et de classes de l'enseignement secondaire technique et professionnel des secteurs public et privé par région.csv
2016,Nord,,Evolution des nombres d'établissements et de classes de l'enseignement secondaire technique et professionnel des secteurs public et privé par région,Classes,,22,Évolution des nombres d'établissements et de classes de l'enseignement secondaire technique et professionnel des secteurs public et privé par région.csv
2017,Nord,,Evolution des nombres d'établissements et de classes de l'enseignement secondaire technique et professionnel des secteurs public et privé par région,Classes,,21,Évolution des nombres d'établissements et de classes de l'enseignement secondaire technique et professionnel des secteurs public et privé par région.csv
2018,Nord,,Evolution des nombres d'établissements et de classes de l'enseignement secondaire technique et professionnel des secteurs public et privé par région,Classes,,26,Évolution des nombres d'établissements et de classes de l'enseignement secondaire technique et professionnel des secteurs public et privé par région.csv
2019,Nord,,Evolution des nombres d'établissements et de classes de l'enseignement secondaire technique et professionnel des secteurs public et privé par région,Classes,,32,Évolution des nombres d'établissements et de classes de l'enseignement secondaire technique et professionnel des secteurs public et privé par région.csv
2020,Nord,,Evolution des nombres d'établissements et de classes de l'enseignement secondaire technique et professionnel des secteurs public et privé par région,Classes,,37,Évolution des nombres d'établissements et de classes de l'enseignement secondaire technique et professionnel des secteurs public et privé par région.csv
2021,Nord,,Evolution des nombres d'établissements et de classes de l'enseignement secondaire technique et professionnel des secteurs public et privé par région,Classes,,48,Évolution des nombres d'établissements et de classes de l'enseignement secondaire technique et professionnel des secteurs public et privé par région.csv
2022,Nord,,Evolution des nombres d'établissements et de classes de l'enseignement secondaire technique et professionnel des secteurs public et privé par région,Classes,,50,Évolution des nombres d'établissements et de classes de l'enseignement secondaire technique et professionnel des secteurs public et privé par région.csv
2023,Nord,,Evolution des nombres d'établissements et de classes de l'enseignement secondaire technique et professionnel des secteurs public et privé par région,Classes,,60,Évolution des nombres d'établissements et de classes de l'enseignement secondaire technique et professionnel des secteurs public et privé par région.csv
1997,Plateau Central,,Evolution des nombres d'établissements et de classes de l'enseignement secondaire technique et professionnel des secteurs public et privé par région,Etablissements,,0,Évolution des nombres d'établissements et de classes de l'enseignement secondaire technique et professionnel des secteurs public et privé par région.csv
1998,Plateau Central,,Evolution des nombres d'établissements et de classes de l'enseignement secondaire technique et professionnel des secteurs public et privé par région,Etablissements,,0,Évolution des nombres d'établissements et de classes de l'enseignement secondaire technique et professionnel des secteurs public et privé par région.csv
1999,Plateau Central,,Evolution des nombres d'établissements et de classes de l'enseignement secondaire technique et professionnel des secteurs public et privé par région,Etablissements,,0,Évolution des nombres d'établissements et de classes de l'enseignement secondaire technique et professionnel des secteurs public et privé par région.csv
2000,Plateau Central,,Evolution des nombres d'établissements et de classes de l'enseignement secondaire technique et professionnel des secteurs public et privé par région,Etablissements,,0,Évolution des nombres d'établissements et de classes de l'enseignement secondaire technique et professionnel des secteurs public et privé par région.csv
2001,Plateau Central,,Evolution des nombres d'établissements et de classes de l'enseignement secondaire technique et professionnel des secteurs public et privé par région,Etablissements,,0,Évolution des nombres d'établissements et de classes de l'enseignement secondaire technique et professionnel des secteurs public et privé par région.csv
2002,Plateau Central,,Evolution des nombres d'établissements et de classes de l'enseignement secondaire technique et professionnel des secteurs public et privé par région,Etablissements,,0,Évolution des nombres d'établissements et de classes de l'enseignement secondaire technique et professionnel des secteurs public et privé par région.csv
2003,Plateau Central,,Evolution des nombres d'établissements et de classes de l'enseignement secondaire technique et professionnel des secteurs public et privé par région,Etablissements,,0,Évolution des nombres d'établissements et de classes de l'enseignement secondaire technique et professionnel des secteurs public et privé par région.csv
2004,Plateau Central,,Evolution des nombres d'établissements et de classes de l'enseignement secondaire technique et professionnel des secteurs public et privé par région,Etablissements,,0,Évolution des nombres d'établissements et de classes de l'enseignement secondaire technique et professionnel des secteurs public et privé par région.csv
2005,Plateau Central,,Evolution des nombres d'établissements et de classes de l'enseignement secondaire technique et professionnel des secteurs public et privé par région,Etablissements,,0,Évolution des nombres d'établissements et de classes de l'enseignement secondaire technique et professionnel des secteurs public et privé par région.csv
2006,Plateau Central,,Evolution des nombres d'établissements et de classes de l'enseignement secondaire technique et professionnel des secteurs public et privé par région,Etablissements,,0,Évolution des nombres d'établissements et de classes de l'enseignement secondaire technique et professionnel des secteurs public et privé par région.csv
2007,Plateau Central,,Evolution des nombres d'établissements et de classes de l'enseignement secondaire technique et professionnel des secteurs public et privé par région,Etablissements,,0,Évolution des nombres d'établissements et de classes de l'enseignement secondaire technique et professionnel des secteurs public et privé par région.csv
2008,Plateau Central,,Evolution des nombres d'établissements et de classes de l'enseignement secondaire technique et professionnel des secteurs public et privé par région,Etablissements,,0,Évolution des nombres d'établissements et de classes de l'enseignement secondaire technique et professionnel des secteurs public et privé par région.csv
2009,Plateau Central,,Evolution des nombres d'établissements et de classes de l'enseignement secondaire technique et professionnel des secteurs public et privé par région,Etablissements,,0,Évolution des nombres d'établissements et de classes de l'enseignement secondaire technique et professionnel des secteurs public et privé par région.csv
2010,Plateau Central,,Evolution des nombres d'établissements et de classes de l'enseignement secondaire technique et professionnel des secteurs public et privé par région,Etablissements,,1,Évolution des nombres d'établissements et de classes de l'enseignement secondaire technique et professionnel des secteurs public et privé par région.csv
2011,Plateau Central,,Evolution des nombres d'établissements et de classes de l'enseignement secondaire technique et professionnel des secteurs public et privé par région,Etablissements,,1,Évolution des nombres d'établissements et de classes de l'enseignement secondaire technique et professionnel des secteurs public et privé par région.csv
2012,Plateau Central,,Evolution des nombres d'établissements et de classes de l'enseignement secondaire technique et professionnel des secteurs public et privé par région,Etablissements,,1,Évolution des nombres d'établissements et de classes de l'enseignement secondaire technique et professionnel des secteurs public et privé par région.csv
2013,Plateau Central,,Evolution des nombres d'établissements et de classes de l'enseignement secondaire technique et professionnel des secteurs public et privé par région,Etablissements,,1,Évolution des nombres d'établissements et de classes de l'enseignement secondaire technique et professionnel des secteurs public et privé par région.csv
2014,Plateau Central,,Evolution des nombres d'établissements et de classes de l'enseignement secondaire technique et professionnel des secteurs public et privé par région,Etablissements,,1,Évolution des nombres d'établissements et de classes de l'enseignement secondaire technique et professionnel des secteurs public et privé par région.csv
2015,Plateau Central,,Evolution des nombres d'établissements et de classes de l'enseignement secondaire technique et professionnel des secteurs public et privé par région,Etablissements,,0,Évolution des nombres d'établissements et de classes de l'enseignement secondaire technique et professionnel des secteurs public et privé par région.csv
2016,Plateau Central,,Evolution des nombres d'établissements et de classes de l'enseignement secondaire technique et professionnel des secteurs public et privé par région,Etablissements,,2,Évolution des nombres d'établissements et de classes de l'enseignement secondaire technique et professionnel des secteurs public et privé par région.csv
2017,Plateau Central,,Evolution des nombres d'établissements et de classes de l'enseignement secondaire technique et professionnel des secteurs public et privé par région,Etablissements,,2,Évolution des nombres d'établissements et de classes de l'enseignement secondaire technique et professionnel des secteurs public et privé par région.csv
2018,Plateau Central,,Evolution des nombres d'établissements et de classes de l'enseignement secondaire technique et professionnel des secteurs public et privé par région,Etablissements,,2,Évolution des nombres d'établissements et de classes de l'enseignement secondaire technique et professionnel des secteurs public et privé par région.csv
2019,Plateau Central,,Evolution des nombres d'établissements et de classes de l'enseignement secondaire technique et professionnel des secteurs public et privé par région,Etablissements,,2,Évolution des nombres d'établissements et de classes de l'enseignement secondaire technique et professionnel des secteurs public et privé par région.csv
2020,Plateau Central,,Evolution des nombres d'établissements et de classes de l'enseignement secondaire technique et professionnel des secteurs public et privé par région,Etablissements,,3,Évolution des nombres d'établissements et de classes de l'enseignement secondaire technique et professionnel des secteurs public et privé par région.csv
2021,Plateau Central,,Evolution des nombres d'établissements et de classes de l'enseignement secondaire technique et professionnel des secteurs public et privé par région,Etablissements,,5,Évolution des nombres d'établissements et de classes de l'enseignement secondaire technique et professionnel des secteurs public et privé par région.csv
2022,Plateau Central,,Evolution des nombres d'établissements et de classes de l'enseignement secondaire technique et professionnel des secteurs public et privé par région,Etablissements,,5,Évolution des nombres d'établissements et de classes de l'enseignement secondaire technique et professionnel des secteurs public et privé par région.csv
2023,Plateau Central,,Evolution des nombres d'établissements et de classes de l'enseignement secondaire technique et professionnel des secteurs public et privé par région,Etablissements,,5,Évolution des nombres d'établissements et de classes de l'enseignement secondaire technique et professionnel des secteurs public et privé par région.csv
1997,Plateau Central,,Evolution des nombres d'établissements et de classes de l'enseignement secondaire technique et professionnel des secteurs public et privé par région,Classes,,0,Évolution des nombres d'établissements et de classes de l'enseignement secondaire technique et professionnel des secteurs public et privé par région.csv
1998,Plateau Central,,Evolution des nombres d'établissements et de classes de l'enseignement secondaire technique et professionnel des secteurs public et privé par région,Classes,,0,Évolution des nombres d'établissements et de classes de l'enseignement secondaire technique et professionnel des secteurs public et privé par région.csv
1999,Plateau Central,,Evolution des nombres d'établissements et de classes de l'enseignement secondaire technique et professionnel des secteurs public et privé par région,Classes,,0,Évolution des nombres d'établissements et de classes de l'enseignement secondaire technique et professionnel des secteurs public et privé par région.csv
2000,Plateau Central,,Evolution des nombres d'établissements et de classes de l'enseignement secondaire technique et professionnel des secteurs public et privé par région,Classes,,0,Évolution des nombres d'établissements et de classes de l'enseignement secondaire technique et professionnel des secteurs public et privé par région.csv
2001,Plateau Central,,Evolution des nombres d'établissements et de classes de l'enseignement secondaire technique et professionnel des secteurs public et privé par région,Classes,,0,Évolution des nombres d'établissements et de classes de l'enseignement secondaire technique et professionnel des secteurs public et privé par région.csv
2002,Plateau Central,,Evolution des nombres d'établissements et de classes de l'enseignement secondaire technique et professionnel des secteurs public et privé par région,Classes,,0,Évolution des nombres d'établissements et de classes de l'enseignement secondaire technique et professionnel des secteurs public et privé par région.csv
2003,Plateau Central,,Evolution des nombres d'établissements et de classes de l'enseignement secondaire technique et professionnel des secteurs public et privé par région,Classes,,0,Évolution des nombres d'établissements et de classes de l'enseignement secondaire technique et professionnel des secteurs public et privé par région.csv
2004,Plateau Central,,Evolution des nombres d'établissements et de classes de l'enseignement secondaire technique et professionnel des secteurs public et privé par région,Classes,,0,Évolution des nombres d'établissements et de classes de l'enseignement secondaire technique et professionnel des secteurs public et privé par région.csv
2005,Plateau Central,,Evolution des nombres d'établissements et de classes de l'enseignement secondaire technique et professionnel des secteurs public et privé par région,Classes,,0,Évolution des nombres d'établissements et de classes de l'enseignement secondaire technique et professionnel des secteurs public et privé par région.csv
2006,Plateau Central,,Evolution des nombres d'établissements et de classes de l'enseignement secondaire technique et professionnel des secteurs public et privé par région,Classes,,0,Évolution des nombres d'établissements et de classes de l'enseignement secondaire technique et professionnel des secteurs public et privé par région.csv
2007,Plateau Central,,Evolution des nombres d'établissements et de classes de l'enseignement secondaire technique et professionnel des secteurs public et privé par région,Classes,,0,Évolution des nombres d'établissements et de classes de l'enseignement secondaire technique et professionnel des secteurs public et privé par région.csv
2008,Plateau Central,,Evolution des nombres d'établissements et de classes de l'enseignement secondaire technique et professionnel des secteurs public et privé par région,Classes,,0,Évolution des nombres d'établissements et de classes de l'enseignement secondaire technique et professionnel des secteurs public et privé par région.csv
2009,Plateau Central,,Evolution des nombres d'établissements et de classes de l'enseignement secondaire technique et professionnel des secteurs public et privé par région,Classes,,0,Évolution des nombres d'établissements et de classes de l'enseignement secondaire technique et professionnel des secteurs public et privé par région.csv
2010,Plateau Central,,Evolution des nombres d'établissements et de classes de l'enseignement secondaire technique et professionnel des secteurs public et privé par région,Classes,,1,Évolution des nombres d'établissements et de classes de l'enseignement secondaire technique et professionnel des secteurs public et privé par région.csv
2011,Plateau Central,,Evolution des nombres d'établissements et de classes de l'enseignement secondaire technique et professionnel des secteurs public et privé par région,Classes,,3,Évolution des nombres d'établissements et de classes de l'enseignement secondaire technique et professionnel des secteurs public et privé par région.csv
2012,Plateau Central,,Evolution des nombres d'établissements et de classes de l'enseignement secondaire technique et professionnel des secteurs public et privé par région,Classes,,3,Évolution des nombres d'établissements et de classes de l'enseignement secondaire technique et professionnel des secteurs public et privé par région.csv
2013,Plateau Central,,Evolution des nombres d'établissements et de classes de l'enseignement secondaire technique et professionnel des secteurs public et privé par région,Classes,,3,Évolution des nombres d'établissements et de classes de l'enseignement secondaire technique et professionnel des secteurs public et privé par région.csv
2014,Plateau Central,,Evolution des nombres d'établissements et de classes de l'enseignement secondaire technique et professionnel des secteurs public et privé par région,Classes,,3,Évolution des nombres d'établissements et de classes de l'enseignement secondaire technique et professionnel des secteurs public et privé par région.csv
2015,Plateau Central,,Evolution des nombres d'établissements et de classes de l'enseignement secondaire technique et professionnel des secteurs public et privé par région,Classes,,0,Évolution des nombres d'établissements et de classes de l'enseignement secondaire technique et professionnel des secteurs public et privé par région.csv
2016,Plateau Central,,Evolution des nombres d'établissements et de classes de l'enseignement secondaire technique et professionnel des secteurs public et privé par région,Classes,,2,Évolution des nombres d'établissements et de classes de l'enseignement secondaire technique et professionnel des secteurs public et privé par région.csv
2017,Plateau Central,,Evolution des nombres d'établissements et de classes de l'enseignement secondaire technique et professionnel des secteurs public et privé par région,Classes,,4,Évolution des nombres d'établissements et de classes de l'enseignement secondaire technique et professionnel des secteurs public et privé par région.csv
2018,Plateau Central,,Evolution des nombres d'établissements et de classes de l'enseignement secondaire technique et professionnel des secteurs public et privé par région,Classes,,6,Évolution des nombres d'établissements et de classes de l'enseignement secondaire technique et professionnel des secteurs public et privé par région.csv
2019,Plateau Central,,Evolution des nombres d'établissements et de classes de l'enseignement secondaire technique et professionnel des secteurs public et privé par région,Classes,,8,Évolution des nombres d'établissements et de classes de l'enseignement secondaire technique et professionnel des secteurs public et privé par région.csv
2020,Plateau Central,,Evolution des nombres d'établissements et de classes de l'enseignement secondaire technique et professionnel des secteurs public et privé par région,Classes,,8,Évolution des nombres d'établissements et de classes de l'enseignement secondaire technique et professionnel des secteurs public et privé par région.csv
2021,Plateau Central,,Evolution des nombres d'établissements et de classes de l'enseignement secondaire technique et professionnel des secteurs public et privé par région,Classes,,15,Évolution des nombres d'établissements et de classes de l'enseignement secondaire technique et professionnel des secteurs public et privé par région.csv
2022,Plateau Central,,Evolution des nombres d'établissements et de classes de l'enseignement secondaire technique et professionnel des secteurs public et privé par région,Classes,,16,Évolution des nombres d'établissements et de classes de l'enseignement secondaire technique et professionnel des secteurs public et privé par région.csv
2023,Plateau Central,,Evolution des nombres d'établissements et de classes de l'enseignement secondaire technique et professionnel des secteurs public et privé par région,Classes,,16,Évolution des nombres d'établissements et de classes de l'enseignement secondaire technique et professionnel des secteurs public et privé par région.csv
1997,Sahel,,Evolution des nombres d'établissements et de classes de l'enseignement secondaire technique et professionnel des secteurs public et privé par région,Etablissements,,0,Évolution des nombres d'établissements et de classes de l'enseignement secondaire technique et professionnel des secteurs public et privé par région.csv
1998,Sahel,,Evolution des nombres d'établissements et de classes de l'enseignement secondaire technique et professionnel des secteurs public et privé par région,Etablissements,,0,Évolution des nombres d'établissements et de classes de l'enseignement secondaire technique et professionnel des secteurs public et privé par région.csv
1999,Sahel,,Evolution des nombres d'établissements et de classes de l'enseignement secondaire technique et professionnel des secteurs public et privé par région,Etablissements,,0,Évolution des nombres d'établissements et de classes de l'enseignement secondaire technique et professionnel des secteurs public et privé par région.csv
2000,Sahel,,Evolution des nombres d'établissements et de classes de l'enseignement secondaire technique et professionnel des secteurs public et privé par région,Etablissements,,0,Évolution des nombres d'établissements et de classes de l'enseignement secondaire technique et professionnel des secteurs public et privé par région.csv
2001,Sahel,,Evolution des nombres d'établissements et de classes de l'enseignement secondaire technique et professionnel des secteurs public et privé par région,Etablissements,,0,Évolution des nombres d'établissements et de classes de l'enseignement secondaire technique et professionnel des secteurs public et privé par région.csv
2002,Sahel,,Evolution des nombres d'établissements et de classes de l'enseignement secondaire technique et professionnel des secteurs public et privé par région,Etablissements,,0,Évolution des nombres d'établissements et de classes de l'enseignement secondaire technique et professionnel des secteurs public et privé par région.csv
2003,Sahel,,Evolution des nombres d'établissements et de classes de l'enseignement secondaire technique et professionnel des secteurs public et privé par région,Etablissements,,0,Évolution des nombres d'établissements et de classes de l'enseignement secondaire technique et professionnel des secteurs public et privé par région.csv
2004,Sahel,,Evolution des nombres d'établissements et de classes de l'enseignement secondaire technique et professionnel des secteurs public et privé par région,Etablissements,,0,Évolution des nombres d'établissements et de classes de l'enseignement secondaire technique et professionnel des secteurs public et privé par région.csv
2005,Sahel,,Evolution des nombres d'établissements et de classes de l'enseignement secondaire technique et professionnel des secteurs public et privé par région,Etablissements,,0,Évolution des nombres d'établissements et de classes de l'enseignement secondaire technique et professionnel des secteurs public et privé par région.csv
2006,Sahel,,Evolution des nombres d'établissements et de classes de l'enseignement secondaire technique et professionnel des secteurs public et privé par région,Etablissements,,0,Évolution des nombres d'établissements et de classes de l'enseignement secondaire technique et professionnel des secteurs public et privé par région.csv
2007,Sahel,,Evolution des nombres d'établissements et de classes de l'enseignement secondaire technique et professionnel des secteurs public et privé par région,Etablissements,,0,Évolution des nombres d'établissements et de classes de l'enseignement secondaire technique et professionnel des secteurs public et privé par région.csv
2008,Sahel,,Evolution des nombres d'établissements et de classes de l'enseignement secondaire technique et professionnel des secteurs public et privé par région,Etablissements,,0,Évolution des nombres d'établissements et de classes de l'enseignement secondaire technique et professionnel des secteurs public et privé par région.csv
2009,Sahel,,Evolution des nombres d'établissements et de classes de l'enseignement secondaire technique et professionnel des secteurs public et privé par région,Etablissements,,0,Évolution des nombres d'établissements et de classes de l'enseignement secondaire technique et professionnel des secteurs public et privé par région.csv
2010,Sahel,,Evolution des nombres d'établissements et de classes de l'enseignement secondaire technique et professionnel des secteurs public et privé par région,Etablissements,,0,Évolution des nombres d'établissements et de classes de l'enseignement secondaire technique et professionnel des secteurs public et privé par région.csv
2011,Sahel,,Evolution des nombres d'établissements et de classes de l'enseignement secondaire technique et professionnel des secteurs public et privé par région,Etablissements,,0,Évolution des nombres d'établissements et de classes de l'enseignement secondaire technique et professionnel des secteurs public et privé par région.csv
2012,Sahel,,Evolution des nombres d'établissements et de classes de l'enseignement secondaire technique et professionnel des secteurs public et privé par région,Etablissements,,0,Évolution des nombres d'établissements et de classes de l'enseignement secondaire technique et professionnel des secteurs public et privé par région.csv
2013,Sahel,,Evolution des nombres d'établissements et de classes de l'enseignement secondaire technique et professionnel des secteurs public et privé par région,Etablissements,,0,Évolution des nombres d'établissements et de classes de l'enseignement secondaire technique et professionnel des secteurs public et privé par région.csv
2014,Sahel,,Evolution des nombres d'établissements et de classes de l'enseignement secondaire technique et professionnel des secteurs public et privé par région,Etablissements,,0,Évolution des nombres d'établissements et de classes de l'enseignement secondaire technique et professionnel des secteurs public et privé par région.csv
2015,Sahel,,Evolution des nombres d'établissements et de classes de l'enseignement secondaire technique et professionnel des secteurs public et privé par région,Etablissements,,0,Évolution des nombres d'établissements et de classes de l'enseignement secondaire technique et professionnel des secteurs public et privé par région.csv
2016,Sahel,,Evolution des nombres d'établissements et de classes de l'enseignement secondaire technique et professionnel des secteurs public et privé par région,Etablissements,,0,Évolution des nombres d'établissements et de classes de l'enseignement secondaire technique et professionnel des secteurs public et privé par région.csv
2017,Sahel,,Evolution des nombres d'établissements et de classes de l'enseignement secondaire technique et professionnel des secteurs public et privé par région,Etablissements,,0,Évolution des nombres d'établissements et de classes de l'enseignement secondaire technique et professionnel des secteurs public et privé par région.csv
2018,Sahel,,Evolution des nombres d'établissements et de classes de l'enseignement secondaire technique et professionnel des secteurs public et privé par région,Etablissements,,0,Évolution des nombres d'établissements et de classes de l'enseignement secondaire technique et professionnel des secteurs public et privé par région.csv
2019,Sahel,,Evolution des nombres d'établissements et de classes de l'enseignement secondaire technique et professionnel des secteurs public et privé par région,Etablissements,,1,Évolution des nombres d'établissements et de classes de l'enseignement secondaire technique et professionnel des secteurs public et privé par région.csv
2020,Sahel,,Evolution des nombres d'établissements et de classes de l'enseignement secondaire technique et professionnel des secteurs public et privé par région,Etablissements,,1,Évolution des nombres d'établissements et de classes de l'enseignement secondaire technique et professionnel des secteurs public et privé par région.csv
2021,Sahel,,Evolution des nombres d'établissements et de classes de l'enseignement secondaire technique et professionnel des secteurs public et privé par région,Etablissements,,1,Évolution des nombres d'établissements et de classes de l'enseignement secondaire technique et professionnel des secteurs public et privé par région.csv
2022,Sahel,,Evolution des nombres d'établissements et de classes de l'enseignement secondaire technique et professionnel des secteurs public et privé par région,Etablissements,,2,Évolution des nombres d'établissements et de classes de l'enseignement secondaire technique et professionnel des secteurs public et privé par région.csv
2023,Sahel,,Evolution des nombres d'établissements et de classes de l'enseignement secondaire technique et professionnel des secteurs public et privé par région,Etablissements,,2,Évolution des nombres d'établissements et de classes de l'enseignement secondaire technique et professionnel des secteurs public et privé par région.csv
1997,Sahel,,Evolution des nombres d'établissements et de classes de l'enseignement secondaire technique et professionnel des secteurs public et privé par région,Classes,,0,Évolution des nombres d'établissements et de classes de l'enseignement secondaire technique et professionnel des secteurs public et privé par région.csv
1998,Sahel,,Evolution des nombres d'établissements et de classes de l'enseignement secondaire technique et professionnel des secteurs public et privé par région,Classes,,0,Évolution des nombres d'établissements et de classes de l'enseignement secondaire technique et professionnel des secteurs public et privé par région.csv
1999,Sahel,,Evolution des nombres d'établissements et de classes de l'enseignement secondaire technique et professionnel des secteurs public et privé par région,Classes,,0,Évolution des nombres d'établissements et de classes de l'enseignement secondaire technique et professionnel des secteurs public et privé par région.csv
2000,Sahel,,Evolution des nombres d'établissements et de classes de l'enseignement secondaire technique et professionnel des secteurs public et privé par région,Classes,,0,Évolution des nombres d'établissements et de classes de l'enseignement secondaire technique et professionnel des secteurs public et privé par région.csv
2001,Sahel,,Evolution des nombres d'établissements et de classes de l'enseignement secondaire technique et professionnel des secteurs public et privé par région,Classes,,0,Évolution des nombres d'établissements et de classes de l'enseignement secondaire technique et professionnel des secteurs public et privé par région.csv
2002,Sahel,,Evolution des nombres d'établissements et de classes de l'enseignement secondaire technique et professionnel des secteurs public et privé par région,Classes,,0,Évolution des nombres d'établissements et de classes de l'enseignement secondaire technique et professionnel des secteurs public et privé par région.csv
2003,Sahel,,Evolution des nombres d'établissements et de classes de l'enseignement secondaire technique et professionnel des secteurs public et privé par région,Classes,,0,Évolution des nombres d'établissements et de classes de l'enseignement secondaire technique et professionnel des secteurs public et privé par région.csv
2004,Sahel,,Evolution des nombres d'établissements et de classes de l'enseignement secondaire technique et professionnel des secteurs public et privé par région,Classes,,0,Évolution des nombres d'établissements et de classes de l'enseignement secondaire technique et professionnel des secteurs public et privé par région.csv
2005,Sahel,,Evolution des nombres d'établissements et de classes de l'enseignement secondaire technique et professionnel des secteurs public et privé par région,Classes,,0,Évolution des nombres d'établissements et de classes de l'enseignement secondaire technique et professionnel des secteurs public et privé par région.csv
2006,Sahel,,Evolution des nombres d'établissements et de classes de l'enseignement secondaire technique et professionnel des secteurs public et privé par région,Classes,,0,Évolution des nombres d'établissements et de classes de l'enseignement secondaire technique et professionnel des secteurs public et privé par région.csv
2007,Sahel,,Evolution des nombres d'établissements et de classes de l'enseignement secondaire technique et professionnel des secteurs public et privé par région,Classes,,0,Évolution des nombres d'établissements et de classes de l'enseignement secondaire technique et professionnel des secteurs public et privé par région.csv
2008,Sahel,,Evolution des nombres d'établissements et de classes de l'enseignement secondaire technique et professionnel des secteurs public et privé par région,Classes,,0,Évolution des nombres d'établissements et de classes de l'enseignement secondaire technique et professionnel des secteurs public et privé par région.csv
2009,Sahel,,Evolution des nombres d'établissements et de classes de l'enseignement secondaire technique et professionnel des secteurs public et privé par région,Classes,,0,Évolution des nombres d'établissements et de classes de l'enseignement secondaire technique et professionnel des secteurs public et privé par région.csv
2010,Sahel,,Evolution des nombres d'établissements et de classes de l'enseignement secondaire technique et professionnel des secteurs public et privé par région,Classes,,0,Évolution des nombres d'établissements et de classes de l'enseignement secondaire technique et professionnel des secteurs public et privé par région.csv
2011,Sahel,,Evolution des nombres d'établissements et de classes de l'enseignement secondaire technique et professionnel des secteurs public et privé par région,Classes,,0,Évolution des nombres d'établissements et de classes de l'enseignement secondaire technique et professionnel des secteurs public et privé par région.csv
2012,Sahel,,Evolution des nombres d'établissements et de classes de l'enseignement secondaire technique et professionnel des secteurs public et privé par région,Classes,,0,Évolution des nombres d'établissements et de classes de l'enseignement secondaire technique et professionnel des secteurs public et privé par région.csv
2013,Sahel,,Evolution des nombres d'établissements et de classes de l'enseignement secondaire technique et professionnel des secteurs public et privé par région,Classes,,0,Évolution des nombres d'établissements et de classes de l'enseignement secondaire technique et professionnel des secteurs public et privé par région.csv
2014,Sahel,,Evolution des nombres d'établissements et de classes de l'enseignement secondaire technique et professionnel des secteurs public et privé par région,Classes,,0,Évolution des nombres d'établissements et de classes de l'enseignement secondaire technique et professionnel des secteurs public et privé par région.csv
2015,Sahel,,Evolution des nombres d'établissements et de classes de l'enseignement secondaire technique et professionnel des secteurs public et privé par région,Classes,,0,Évolution des nombres d'établissements et de classes de l'enseignement secondaire technique et professionnel des secteurs public et privé par région.csv
2016,Sahel,,Evolution des nombres d'établissements et de classes de l'enseignement secondaire technique et professionnel des secteurs public et privé par région,Classes,,0,Évolution des nombres d'établissements et de classes de l'enseignement secondaire technique et professionnel des secteurs public et privé par région.csv
2017,Sahel,,Evolution des nombres d'établissements et de classes de l'enseignement secondaire technique et professionnel des secteurs public et privé par région,Classes,,0,Évolution des nombres d'établissements et de classes de l'enseignement secondaire technique et professionnel des secteurs public et privé par région.csv
2018,Sahel,,Evolution des nombres d'établissements et de classes de l'enseignement secondaire technique et professionnel des secteurs public et privé par région,Classes,,0,Évolution des nombres d'établissements et de classes de l'enseignement secondaire technique et professionnel des secteurs public et privé par région.csv
2019,Sahel,,Evolution des nombres d'établissements et de classes de l'enseignement secondaire technique et professionnel des secteurs public et privé par région,Classes,,18,Évolution des nombres d'établissements et de classes de l'enseignement secondaire technique et professionnel des secteurs public et privé par région.csv
2020,Sahel,,Evolution des nombres d'établissements et de classes de l'enseignement secondaire technique et professionnel des secteurs public et privé par région,Classes,,8,Évolution des nombres d'établissements et de classes de l'enseignement secondaire technique et professionnel des secteurs public et privé par région.csv
2021,Sahel,,Evolution des nombres d'établissements et de classes de l'enseignement secondaire technique et professionnel des secteurs public et privé par région,Classes,,11,Évolution des nombres d'établissements et de classes de l'enseignement secondaire technique et professionnel des secteurs public et privé par région.csv
2022,Sahel,,Evolution des nombres d'établissements et de classes de l'enseignement secondaire technique et professionnel des secteurs public et privé par région,Classes,,13,Évolution des nombres d'établissements et de classes de l'enseignement secondaire technique et professionnel des secteurs public et privé par région.csv
2023,Sahel,,Evolution des nombres d'établissements et de classes de l'enseignement secondaire technique et professionnel des secteurs public et privé par région,Classes,,14,Évolution des nombres d'établissements et de classes de l'enseignement secondaire technique et professionnel des secteurs public et privé par région.csv
1997,Sud-Ouest,,Evolution des nombres d'établissements et de classes de l'enseignement secondaire technique et professionnel des secteurs public et privé par région,Etablissements,,0,Évolution des nombres d'établissements et de classes de l'enseignement secondaire technique et professionnel des secteurs public et privé par région.csv
1998,Sud-Ouest,,Evolution des nombres d'établissements et de classes de l'enseignement secondaire technique et professionnel des secteurs public et privé par région,Etablissements,,0,Évolution des nombres d'établissements et de classes de l'enseignement secondaire technique et professionnel des secteurs public et privé par région.csv
1999,Sud-Ouest,,Evolution des nombres d'établissements et de classes de l'enseignement secondaire technique et professionnel des secteurs public et privé par région,Etablissements,,0,Évolution des nombres d'établissements et de classes de l'enseignement secondaire technique et professionnel des secteurs public et privé par région.csv
2000,Sud-Ouest,,Evolution des nombres d'établissements et de classes de l'enseignement secondaire technique et professionnel des secteurs public et privé par région,Etablissements,,0,Évolution des nombres d'établissements et de classes de l'enseignement secondaire technique et professionnel des secteurs public et privé par région.csv
2001,Sud-Ouest,,Evolution des nombres d'établissements et de classes de l'enseignement secondaire technique et professionnel des secteurs public et privé par région,Etablissements,,0,Évolution des nombres d'établissements et de classes de l'enseignement secondaire technique et professionnel des secteurs public et privé par région.csv
2002,Sud-Ouest,,Evolution des nombres d'établissements et de classes de l'enseignement secondaire technique et professionnel des secteurs public et privé par région,Etablissements,,1,Évolution des nombres d'établissements et de classes de l'enseignement secondaire technique et professionnel des secteurs public et privé par région.csv
2003,Sud-Ouest,,Evolution des nombres d'établissements et de classes de l'enseignement secondaire technique et professionnel des secteurs public et privé par région,Etablissements,,1,Évolution des nombres d'établissements et de classes de l'enseignement secondaire technique et professionnel des secteurs public et privé par région.csv
2004,Sud-Ouest,,Evolution des nombres d'établissements et de classes de l'enseignement secondaire technique et professionnel des secteurs public et privé par région,Etablissements,,1,Évolution des nombres d'établissements et de classes de l'enseignement secondaire technique et professionnel des secteurs public et privé par région.csv
2005,Sud-Ouest,,Evolution des nombres d'établissements et de classes de l'enseignement secondaire technique et professionnel des secteurs public et privé par région,Etablissements,,1,Évolution des nombres d'établissements et de classes de l'enseignement secondaire technique et professionnel des secteurs public et privé par région.csv
2006,Sud-Ouest,,Evolution des nombres d'établissements et de classes de l'enseignement secondaire technique et professionnel des secteurs public et privé par région,Etablissements,,1,Évolution des nombres d'établissements et de classes de l'enseignement secondaire technique et professionnel des secteurs public et privé par région.csv
2007,Sud-Ouest,,Evolution des nombres d'établissements et de classes de l'enseignement secondaire technique et professionnel des secteurs public et privé par région,Etablissements,,1,Évolution des nombres d'établissements et de classes de l'enseignement secondaire technique et professionnel des secteurs public et privé par région.csv
2008,Sud-Ouest,,Evolution des nombres d'établissements et de classes de l'enseignement secondaire technique et professionnel des secteurs public et privé par région,Etablissements,,1,Évolution des nombres d'établissements et de classes de l'enseignement secondaire technique et professionnel des secteurs public et privé par région.csv
2009,Sud-Ouest,,Evolution des nombres d'établissements et de classes de l'enseignement secondaire technique et professionnel des secteurs public et privé par région,Etablissements,,1,Évolution des nombres d'établissements et de classes de l'enseignement secondaire technique et professionnel des secteurs public et privé par région.csv
2010,Sud-Ouest,,Evolution des nombres d'établissements et de classes de l'enseignement secondaire technique et professionnel des secteurs public et privé par région,Etablissements,,1,Évolution des nombres d'établissements et de classes de l'enseignement secondaire technique et professionnel des secteurs public et privé par région.csv
2011,Sud-Ouest,,Evolution des nombres d'établissements et de classes de l'enseignement secondaire technique et professionnel des secteurs public et privé par région,Etablissements,,3,Évolution des nombres d'établissements et de classes de l'enseignement secondaire technique et professionnel des secteurs public et privé par région.csv
2012,Sud-Ouest,,Evolution des nombres d'établissements et de classes de l'enseignement secondaire technique et professionnel des secteurs public et privé par région,Etablissements,,3,Évolution des nombres d'établissements et de classes de l'enseignement secondaire technique et professionnel des secteurs public et privé par région.csv
2013,Sud-Ouest,,Evolution des nombres d'établissements et de classes de l'enseignement secondaire technique et professionnel des secteurs public et privé par région,Etablissements,,4,Évolution des nombres d'établissements et de classes de l'enseignement secondaire technique et professionnel des secteurs public et privé par région.csv
2014,Sud-Ouest,,Evolution des nombres d'établissements et de classes de l'enseignement secondaire technique et professionnel des secteurs public et privé par région,Etablissements,,4,Évolution des nombres d'établissements et de classes de l'enseignement secondaire technique et professionnel des secteurs public et privé par région.csv
2015,Sud-Ouest,,Evolution des nombres d'établissements et de classes de l'enseignement secondaire technique et professionnel des secteurs public et privé par région,Etablissements,,4,Évolution des nombres d'établissements et de classes de l'enseignement secondaire technique et professionnel des secteurs public et privé par région.csv
2016,Sud-Ouest,,Evolution des nombres d'établissements et de classes de l'enseignement secondaire technique et professionnel des secteurs public et privé par région,Etablissements,,4,Évolution des nombres d'établissements et de classes de l'enseignement secondaire technique et professionnel des secteurs public et privé par région.csv
2017,Sud-Ouest,,Evolution des nombres d'établissements et de classes de l'enseignement secondaire technique et professionnel des secteurs public et privé par région,Etablissements,,4,Évolution des nombres d'établissements et de classes de l'enseignement secondaire technique et professionnel des secteurs public et privé par région.csv
2018,Sud-Ouest,,Evolution des nombres d'établissements et de classes de l'enseignement secondaire technique et professionnel des secteurs public et privé par région,Etablissements,,4,Évolution des nombres d'établissements et de classes de l'enseignement secondaire technique et professionnel des secteurs public et privé par région.csv
2019,Sud-Ouest,,Evolution des nombres d'établissements et de classes de l'enseignement secondaire technique et professionnel des secteurs public et privé par région,Etablissements,,4,Évolution des nombres d'établissements et de classes de l'enseignement secondaire technique et professionnel des secteurs public et privé par région.csv
2020,Sud-Ouest,,Evolution des nombres d'établissements et de classes de l'enseignement secondaire technique et professionnel des secteurs public et privé par région,Etablissements,,5,Évolution des nombres d'établissements et de classes de l'enseignement secondaire technique et professionnel des secteurs public et privé par région.csv
2021,Sud-Ouest,,Evolution des nombres d'établissements et de classes de l'enseignement secondaire technique et professionnel des secteurs public et privé par région,Etablissements,,5,Évolution des nombres d'établissements et de classes de l'enseignement secondaire technique et professionnel des secteurs public et privé par région.csv
2022,Sud-Ouest,,Evolution des nombres d'établissements et de classes de l'enseignement secondaire technique et professionnel des secteurs public et privé par région,Etablissements,,5,Évolution des nombres d'établissements et de classes de l'enseignement secondaire technique et professionnel des secteurs public et privé par région.csv
2023,Sud-Ouest,,Evolution des nombres d'établissements et de classes de l'enseignement secondaire technique et professionnel des secteurs public et privé par région,Etablissements,,5,Évolution des nombres d'établissements et de classes de l'enseignement secondaire technique et professionnel des secteurs public et privé par région.csv
1997,Sud-Ouest,,Evolution des nombres d'établissements et de classes de l'enseignement secondaire technique et professionnel des secteurs public et privé par région,Classes,,0,Évolution des nombres d'établissements et de classes de l'enseignement secondaire technique et professionnel des secteurs public et privé par région.csv
1998,Sud-Ouest,,Evolution des nombres d'établissements et de classes de l'enseignement secondaire technique et professionnel des secteurs public et privé par région,Classes,,0,Évolution des nombres d'établissements et de classes de l'enseignement secondaire technique et professionnel des secteurs public et privé par région.csv
1999,Sud-Ouest,,Evolution des nombres d'établissements et de classes de l'enseignement secondaire technique et professionnel des secteurs public et privé par région,Classes,,0,Évolution des nombres d'établissements et de classes de l'enseignement secondaire technique et professionnel des secteurs public et privé par région.csv
2000,Sud-Ouest,,Evolution des nombres d'établissements et de classes de l'enseignement secondaire technique et professionnel des secteurs public et privé par région,Classes,,0,Évolution des nombres d'établissements et de classes de l'enseignement secondaire technique et professionnel des secteurs public et privé par région.csv
2001,Sud-Ouest,,Evolution des nombres d'établissements et de classes de l'enseignement secondaire technique et professionnel des secteurs public et privé par région,Classes,,0,Évolution des nombres d'établissements et de classes de l'enseignement secondaire technique et professionnel des secteurs public et privé par région.csv
2002,Sud-Ouest,,Evolution des nombres d'établissements et de classes de l'enseignement secondaire technique et professionnel des secteurs public et privé par région,Classes,,3,Évolution des nombres d'établissements et de classes de l'enseignement secondaire technique et professionnel des secteurs public et privé par région.csv
2003,Sud-Ouest,,Evolution des nombres d'établissements et de classes de l'enseignement secondaire technique et professionnel des secteurs public et privé par région,Classes,,5,Évolution des nombres d'établissements et de classes de l'enseignement secondaire technique et professionnel des secteurs public et privé par région.csv
2004,Sud-Ouest,,Evolution des nombres d'établissements et de classes de l'enseignement secondaire technique et professionnel des secteurs public et privé par région,Classes,,8,Évolution des nombres d'établissements et de classes de l'enseignement secondaire technique et professionnel des secteurs public et privé par région.csv
2005,Sud-Ouest,,Evolution des nombres d'établissements et de classes de l'enseignement secondaire technique et professionnel des secteurs public et privé par région,Classes,,7,Évolution des nombres d'établissements et de classes de l'enseignement secondaire technique et professionnel des secteurs public et privé par région.csv
2006,Sud-Ouest,,Evolution des nombres d'établissements et de classes de l'enseignement secondaire technique et professionnel des secteurs public et privé par région,Classes,,8,Évolution des nombres d'établissements et de classes de l'enseignement secondaire technique et professionnel des secteurs public et privé par région.csv
2007,Sud-Ouest,,Evolution des nombres d'établissements et de classes de l'enseignement secondaire technique et professionnel des secteurs public et privé par région,Classes,,7,Évolution des nombres d'établissements et de classes de l'enseignement secondaire technique et professionnel des secteurs public et privé par région.csv
2008,Sud-Ouest,,Evolution des nombres d'établissements et de classes de l'enseignement secondaire technique et professionnel des secteurs public et privé par région,Classes,,8,Évolution des nombres d'établissements et de classes de l'enseignement secondaire technique et professionnel des secteurs public et privé par région.csv
2009,Sud-Ouest,,Evolution des nombres d'établissements et de classes de l'enseignement secondaire technique et professionnel des secteurs public et privé par région,Classes,,9,Évolution des nombres d'établissements et de classes de l'enseignement secondaire technique et professionnel des secteurs public et privé par région.csv
2010,Sud-Ouest,,Evolution des nombres d'établissements et de classes de l'enseignement secondaire technique et professionnel des secteurs public et privé par région,Classes,,10,Évolution des nombres d'établissements et de classes de l'enseignement secondaire technique et professionnel des secteurs public et privé par région.csv
2011,Sud-Ouest,,Evolution des nombres d'établissements et de classes de l'enseignement secondaire technique et professionnel des secteurs public et privé par région,Classes,,9,Évolution des nombres d'établissements et de classes de l'enseignement secondaire technique et professionnel des secteurs public et privé par région.csv
2012,Sud-Ouest,,Evolution des nombres d'établissements et de classes de l'enseignement secondaire technique et professionnel des secteurs public et privé par région,Classes,,9,Évolution des nombres d'établissements et de classes de l'enseignement secondaire technique et professionnel des secteurs public et privé par région.csv
2013,Sud-Ouest,,Evolution des nombres d'établissements et de classes de l'enseignement secondaire technique et professionnel des secteurs public et privé par région,Classes,,13,Évolution des nombres d'établissements et de classes de l'enseignement secondaire technique et professionnel des secteurs public et privé par région.csv
2014,Sud-Ouest,,Evolution des nombres d'établissements et de classes de l'enseignement secondaire technique et professionnel des secteurs public et privé par région,Classes,,13,Évolution des nombres d'établissements et de classes de l'enseignement secondaire technique et professionnel des secteurs public et privé par région.csv
2015,Sud-Ouest,,Evolution des nombres d'établissements et de classes de l'enseignement secondaire technique et professionnel des secteurs public et privé par région,Classes,,16,Évolution des nombres d'établissements et de classes de l'enseignement secondaire technique et professionnel des secteurs public et privé par région.csv
2016,Sud-Ouest,,Evolution des nombres d'établissements et de classes de l'enseignement secondaire technique et professionnel des secteurs public et privé par région,Classes,,16,Évolution des nombres d'établissements et de classes de l'enseignement secondaire technique et professionnel des secteurs public et privé par région.csv
2017,Sud-Ouest,,Evolution des nombres d'établissements et de classes de l'enseignement secondaire technique et professionnel des secteurs public et privé par région,Classes,,14,Évolution des nombres d'établissements et de classes de l'enseignement secondaire technique et professionnel des secteurs public et privé par région.csv
2018,Sud-Ouest,,Evolution des nombres d'établissements et de classes de l'enseignement secondaire technique et professionnel des secteurs public et privé par région,Classes,,18,Évolution des nombres d'établissements et de classes de l'enseignement secondaire technique et professionnel des secteurs public et privé par région.csv
2019,Sud-Ouest,,Evolution des nombres d'établissements et de classes de l'enseignement secondaire technique et professionnel des secteurs public et privé par région,Classes,,22,Évolution des nombres d'établissements et de classes de l'enseignement secondaire technique et professionnel des secteurs public et privé par région.csv
2020,Sud-Ouest,,Evolution des nombres d'établissements et de classes de l'enseignement secondaire technique et professionnel des secteurs public et privé par région,Classes,,19,Évolution des nombres d'établissements et de classes de l'enseignement secondaire technique et professionnel des secteurs public et privé par région.csv
2021,Sud-Ouest,,Evolution des nombres d'établissements et de classes de l'enseignement secondaire technique et professionnel des secteurs public et privé par région,Classes,,24,Évolution des nombres d'établissements et de classes de l'enseignement secondaire technique et professionnel des secteurs public et privé par région.csv
2022,Sud-Ouest,,Evolution des nombres d'établissements et de classes de l'enseignement secondaire technique et professionnel des secteurs public et privé par région,Classes,,27,Évolution des nombres d'établissements et de classes de l'enseignement secondaire technique et professionnel des secteurs public et privé par région.csv
2023,Sud-Ouest,,Evolution des nombres d'établissements et de classes de l'enseignement secondaire technique et professionnel des secteurs public et privé par région,Classes,,29,Évolution des nombres d'établissements et de classes de l'enseignement secondaire technique et professionnel des secteurs public et privé par région.csv
1997,Burkina Faso,,Evolution des nombres d'établissements et de classes de l'enseignement secondaire technique et professionnel des secteurs public et privé par région,Etablissements,,42,Évolution des nombres d'établissements et de classes de l'enseignement secondaire technique et professionnel des secteurs public et privé par région.csv
1998,Burkina Faso,,Evolution des nombres d'établissements et de classes de l'enseignement secondaire technique et professionnel des secteurs public et privé par région,Etablissements,,51,Évolution des nombres d'établissements et de classes de l'enseignement secondaire technique et professionnel des secteurs public et privé par région.csv
1999,Burkina Faso,,Evolution des nombres d'établissements et de classes de l'enseignement secondaire technique et professionnel des secteurs public et privé par région,Etablissements,,51,Évolution des nombres d'établissements et de classes de l'enseignement secondaire technique et professionnel des secteurs public et privé par région.csv
2000,Burkina Faso,,Evolution des nombres d'établissements et de classes de l'enseignement secondaire technique et professionnel des secteurs public et privé par région,Etablissements,,57,Évolution des nombres d'établissements et de classes de l'enseignement secondaire technique et professionnel des secteurs public et privé par région.csv
2001,Burkina Faso,,Evolution des nombres d'établissements et de classes de l'enseignement secondaire technique et professionnel des secteurs public et privé par région,Etablissements,,62,Évolution des nombres d'établissements et de classes de l'enseignement secondaire technique et professionnel des secteurs public et privé par région.csv
2002,Burkina Faso,,Evolution des nombres d'établissements et de classes de l'enseignement secondaire technique et professionnel des secteurs public et privé par région,Etablissements,,69,Évolution des nombres d'établissements et de classes de l'enseignement secondaire technique et professionnel des secteurs public et privé par région.csv
2003,Burkina Faso,,Evolution des nombres d'établissements et de classes de l'enseignement secondaire technique et professionnel des secteurs public et privé par région,Etablissements,,73,Évolution des nombres d'établissements et de classes de l'enseignement secondaire technique et professionnel des secteurs public et privé par région.csv
2004,Burkina Faso,,Evolution des nombres d'établissements et de classes de l'enseignement secondaire technique et professionnel des secteurs public et privé par région,Etablissements,,67,Évolution des nombres d'établissements et de classes de l'enseignement secondaire technique et professionnel des secteurs public et privé par région.csv
2005,Burkina Faso,,Evolution des nombres d'établissements et de classes de l'enseignement secondaire technique et professionnel des secteurs public et privé par région,Etablissements,,77,Évolution des nombres d'établissements et de classes de l'enseignement secondaire technique et professionnel des secteurs public et privé par région.csv
2006,Burkina Faso,,Evolution des nombres d'établissements et de classes de l'enseignement secondaire technique et professionnel des secteurs public et privé par région,Etablissements,,84,Évolution des nombres d'établissements et de classes de l'enseignement secondaire technique et professionnel des secteurs public et privé par région.csv
2007,Burkina Faso,,Evolution des nombres d'établissements et de classes de l'enseignement secondaire technique et professionnel des secteurs public et privé par région,Etablissements,,100,Évolution des nombres d'établissements et de classes de l'enseignement secondaire technique et professionnel des secteurs public et privé par région.csv
2008,Burkina Faso,,Evolution des nombres d'établissements et de classes de l'enseignement secondaire technique et professionnel des secteurs public et privé par région,Etablissements,,114,Évolution des nombres d'établissements et de classes de l'enseignement secondaire technique et professionnel des secteurs public et privé par région.csv
2009,Burkina Faso,,Evolution des nombres d'établissements et de classes de l'enseignement secondaire technique et professionnel des secteurs public et privé par région,Etablissements,,119,Évolution des nombres d'établissements et de classes de l'enseignement secondaire technique et professionnel des secteurs public et privé par région.csv
2010,Burkina Faso,,Evolution des nombres d'établissements et de classes de l'enseignement secondaire technique et professionnel des secteurs public et privé par région,Etablissements,,115,Évolution des nombres d'établissements et de classes de l'enseignement secondaire technique et professionnel des secteurs public et privé par région.csv
2011,Burkina Faso,,Evolution des nombres d'établissements et de classes de l'enseignement secondaire technique et professionnel des secteurs public et privé par région,Etablissements,,121,Évolution des nombres d'établissements et de classes de l'enseignement secondaire technique et professionnel des secteurs public et privé par région.csv
2012,Burkina Faso,,Evolution des nombres d'établissements et de classes de l'enseignement secondaire technique et professionnel des secteurs public et privé par région,Etablissements,,134,Évolution des nombres d'établissements et de classes de l'enseignement secondaire technique et professionnel des secteurs public et privé par région.csv
2013,Burkina Faso,,Evolution des nombres d'établissements et de classes de l'enseignement secondaire technique et professionnel des secteurs public et privé par région,Etablissements,,141,Évolution des nombres d'établissements et de classes de l'enseignement secondaire technique et professionnel des secteurs public et privé par région.csv
2014,Burkina Faso,,Evolution des nombres d'établissements et de classes de l'enseignement secondaire technique et professionnel des secteurs public et privé par région,Etablissements,,140,Évolution des nombres d'établissements et de classes de l'enseignement secondaire technique et professionnel des secteurs public et privé par région.csv
2015,Burkina Faso,,Evolution des nombres d'établissements et de classes de l'enseignement secondaire technique et professionnel des secteurs public et privé par région,Etablissements,,147,Évolution des nombres d'établissements et de classes de l'enseignement secondaire technique et professionnel des secteurs public et privé par région.csv
2016,Burkina Faso,,Evolution des nombres d'établissements et de classes de l'enseignement secondaire technique et professionnel des secteurs public et privé par région,Etablissements,,163,Évolution des nombres d'établissements et de classes de l'enseignement secondaire technique et professionnel des secteurs public et privé par région.csv
2017,Burkina Faso,,Evolution des nombres d'établissements et de classes de l'enseignement secondaire technique et professionnel des secteurs public et privé par région,Etablissements,,167,Évolution des nombres d'établissements et de classes de l'enseignement secondaire technique et professionnel des secteurs public et privé par région.csv
2018,Burkina Faso,,Evolution des nombres d'établissements et de classes de l'enseignement secondaire technique et professionnel des secteurs public et privé par région,Etablissements,,150,Évolution des nombres d'établissements et de classes de l'enseignement secondaire technique et professionnel des secteurs public et privé par région.csv
2019,Burkina Faso,,Evolution des nombres d'établissements et de classes de l'enseignement secondaire technique et professionnel des secteurs public et privé par région,Etablissements,,146,Évolution des nombres d'établissements et de classes de l'enseignement secondaire technique et professionnel des secteurs public et privé par région.csv
2020,Burkina Faso,,Evolution des nombres d'établissements et de classes de l'enseignement secondaire technique et professionnel des secteurs public et privé par région,Etablissements,,161,Évolution des nombres d'établissements et de classes de l'enseignement secondaire technique et professionnel des secteurs public et privé par région.csv
2021,Burkina Faso,,Evolution des nombres d'établissements et de classes de l'enseignement secondaire technique et professionnel des secteurs public et privé par région,Etablissements,,171,Évolution des nombres d'établissements et de classes de l'enseignement secondaire technique et professionnel des secteurs public et privé par région.csv
2022,Burkina Faso,,Evolution des nombres d'établissements et de classes de l'enseignement secondaire technique et professionnel des secteurs public et privé par région,Etablissements,,162,Évolution des nombres d'établissements et de classes de l'enseignement secondaire technique et professionnel des secteurs public et privé par région.csv
2023,Burkina Faso,,Evolution des nombres d'établissements et de classes de l'enseignement secondaire technique et professionnel des secteurs public et privé par région,Etablissements,,170,Évolution des nombres d'établissements et de classes de l'enseignement secondaire technique et professionnel des secteurs public et privé par région.csv
1997,Burkina Faso,,Evolution des nombres d'établissements et de classes de l'enseignement secondaire technique et professionnel des secteurs public et privé par région,Classes,,266,Évolution des nombres d'établissements et de classes de l'enseignement secondaire technique et professionnel des secteurs public et privé par région.csv
1998,Burkina Faso,,Evolution des nombres d'établissements et de classes de l'enseignement secondaire technique et professionnel des secteurs public et privé par région,Classes,,306,Évolution des nombres d'établissements et de classes de l'enseignement secondaire technique et professionnel des secteurs public et privé par région.csv
1999,Burkina Faso,,Evolution des nombres d'établissements et de classes de l'enseignement secondaire technique et professionnel des secteurs public et privé par région,Classes,,285,Évolution des nombres d'établissements et de classes de l'enseignement secondaire technique et professionnel des secteurs public et privé par région.csv
2000,Burkina Faso,,Evolution des nombres d'établissements et de classes de l'enseignement secondaire technique et professionnel des secteurs public et privé par région,Classes,,357,Évolution des nombres d'établissements et de classes de l'enseignement secondaire technique et professionnel des secteurs public et privé par région.csv
2001,Burkina Faso,,Evolution des nombres d'établissements et de classes de l'enseignement secondaire technique et professionnel des secteurs public et privé par région,Classes,,390,Évolution des nombres d'établissements et de classes de l'enseignement secondaire technique et professionnel des secteurs public et privé par région.csv
2002,Burkina Faso,,Evolution des nombres d'établissements et de classes de l'enseignement secondaire technique et professionnel des secteurs public et privé par région,Classes,,458,Évolution des nombres d'établissements et de classes de l'enseignement secondaire technique et professionnel des secteurs public et privé par région.csv
2003,Burkina Faso,,Evolution des nombres d'établissements et de classes de l'enseignement secondaire technique et professionnel des secteurs public et privé par région,Classes,,516,Évolution des nombres d'établissements et de classes de l'enseignement secondaire technique et professionnel des secteurs public et privé par région.csv
2004,Burkina Faso,,Evolution des nombres d'établissements et de classes de l'enseignement secondaire technique et professionnel des secteurs public et privé par région,Classes,,529,Évolution des nombres d'établissements et de classes de l'enseignement secondaire technique et professionnel des secteurs public et privé par région.csv
2005,Burkina Faso,,Evolution des nombres d'établissements et de classes de l'enseignement secondaire technique et professionnel des secteurs public et privé par région,Classes,,569,Évolution des nombres d'établissements et de classes de l'enseignement secondaire technique et professionnel des secteurs public et privé par région.csv
2006,Burkina Faso,,Evolution des nombres d'établissements et de classes de l'enseignement secondaire technique et professionnel des secteurs public et privé par région,Classes,,630,Évolution des nombres d'établissements et de classes de l'enseignement secondaire technique et professionnel des secteurs public et privé par région.csv
2007,Burkina Faso,,Evolution des nombres d'établissements et de classes de l'enseignement secondaire technique et professionnel des secteurs public et privé par région,Classes,,676,Évolution des nombres d'établissements et de classes de l'enseignement secondaire technique et professionnel des secteurs public et privé par région.csv
2008,Burkina Faso,,Evolution des nombres d'établissements et de classes de l'enseignement secondaire technique et professionnel des secteurs public et privé par région,Classes,,722,Évolution des nombres d'établissements et de classes de l'enseignement secondaire technique et professionnel des secteurs public et privé par région.csv
2009,Burkina Faso,,Evolution des nombres d'établissements et de classes de l'enseignement secondaire technique et professionnel des secteurs public et privé par région,Classes,,754,Évolution des nombres d'établissements et de classes de l'enseignement secondaire technique et professionnel des secteurs public et privé par région.csv
2010,Burkina Faso,,Evolution des nombres d'établissements et de classes de l'enseignement secondaire technique et professionnel des secteurs public et privé par région,Classes,,781,Évolution des nombres d'établissements et de classes de l'enseignement secondaire technique et professionnel des secteurs public et privé par région.csv
2011,Burkina Faso,,Evolution des nombres d'établissements et de classes de l'enseignement secondaire technique et professionnel des secteurs public et privé par région,Classes,,817,Évolution des nombres d'établissements et de classes de l'enseignement secondaire technique et professionnel des secteurs public et privé par région.csv
2012,Burkina Faso,,Evolution des nombres d'établissements et de classes de l'enseignement secondaire technique et professionnel des secteurs public et privé par région,Classes,,817,Évolution des nombres d'établissements et de classes de l'enseignement secondaire technique et professionnel des secteurs public et privé par région.csv
2013,Burkina Faso,,Evolution des nombres d'établissements et de classes de l'enseignement secondaire technique et professionnel des secteurs public et privé par région,Classes,,883,Évolution des nombres d'établissements et de classes de l'enseignement secondaire technique et professionnel des secteurs public et privé par région.csv
2014,Burkina Faso,,Evolution des nombres d'établissements et de classes de l'enseignement secondaire technique et professionnel des secteurs public et privé par région,Classes,,906,Évolution des nombres d'établissements et de classes de l'enseignement secondaire technique et professionnel des secteurs public et privé par région.csv
2015,Burkina Faso,,Evolution des nombres d'établissements et de classes de l'enseignement secondaire technique et professionnel des secteurs public et privé par région,Classes,,905,Évolution des nombres d'établissements et de classes de l'enseignement secondaire technique et professionnel des secteurs public et privé par région.csv
2016,Burkina Faso,,Evolution des nombres d'établissements et de classes de l'enseignement secondaire technique et professionnel des secteurs public et privé par région,Classes,,986,Évolution des nombres d'établissements et de classes de l'enseignement secondaire technique et professionnel des secteurs public et privé par région.csv
2017,Burkina Faso,,Evolution des nombres d'établissements et de classes de l'enseignement secondaire technique et professionnel des secteurs public et privé par région,Classes,,989,Évolution des nombres d'établissements et de classes de l'enseignement secondaire technique et professionnel des secteurs public et privé par région.csv
2018,Burkina Faso,,Evolution des nombres d'établissements et de classes de l'enseignement secondaire technique et professionnel des secteurs public et privé par région,Classes,,990,Évolution des nombres d'établissements et de classes de l'enseignement secondaire technique et professionnel des secteurs public et privé par région.csv
2019,Burkina Faso,,Evolution des nombres d'établissements et de classes de l'enseignement secondaire technique et professionnel des secteurs public et privé par région,Classes,,1023,Évolution des nombres d'établissements et de classes de l'enseignement secondaire technique et professionnel des secteurs public et privé par région.csv
2020,Burkina Faso,,Evolution des nombres d'établissements et de classes de l'enseignement secondaire technique et professionnel des secteurs public et privé par région,Classes,,1103,Évolution des nombres d'établissements et de classes de l'enseignement secondaire technique et professionnel des secteurs public et privé par région.csv
2021,Burkina Faso,,Evolution des nombres d'établissements et de classes de l'enseignement secondaire technique et professionnel des secteurs public et privé par région,Classes,,1166,Évolution des nombres d'établissements et de classes de l'enseignement secondaire technique et professionnel des secteurs public et privé par région.csv
2022,Burkina Faso,,Evolution des nombres d'établissements et de classes de l'enseignement secondaire technique et professionnel des secteurs public et privé par région,Classes,,1255,Évolution des nombres d'établissements et de classes de l'enseignement secondaire technique et professionnel des secteurs public et privé par région.csv
2023,Burkina Faso,,Evolution des nombres d'établissements et de classes de l'enseignement secondaire technique et professionnel des secteurs public et privé par région,Classes,,1457,Évolution des nombres d'établissements et de classes de l'enseignement secondaire technique et professionnel des secteurs public et privé par région.csv
1997,Boucle Du Mouhoun,,Evolution des nombres d'établissements et de classes du post-primaire et du secondaire général des secteurs public et privé par région,Etablissements,,23,Évolution des nombres d'établissements et de classes du post-primaire et du secondaire général des secteurs public et privé par région.csv
1998,Boucle Du Mouhoun,,Evolution des nombres d'établissements et de classes du post-primaire et du secondaire général des secteurs public et privé par région,Etablissements,,31,Évolution des nombres d'établissements et de classes du post-primaire et du secondaire général des secteurs public et privé par région.csv
1999,Boucle Du Mouhoun,,Evolution des nombres d'établissements et de classes du post-primaire et du secondaire général des secteurs public et privé par région,Etablissements,,32,Évolution des nombres d'établissements et de classes du post-primaire et du secondaire général des secteurs public et privé par région.csv
2000,Boucle Du Mouhoun,,Evolution des nombres d'établissements et de classes du post-primaire et du secondaire général des secteurs public et privé par région,Etablissements,,32,Évolution des nombres d'établissements et de classes du post-primaire et du secondaire général des secteurs public et privé par région.csv
2001,Boucle Du Mouhoun,,Evolution des nombres d'établissements et de classes du post-primaire et du secondaire général des secteurs public et privé par région,Etablissements,,33,Évolution des nombres d'établissements et de classes du post-primaire et du secondaire général des secteurs public et privé par région.csv
2002,Boucle Du Mouhoun,,Evolution des nombres d'établissements et de classes du post-primaire et du secondaire général des secteurs public et privé par région,Etablissements,,34,Évolution des nombres d'établissements et de classes du post-primaire et du secondaire général des secteurs public et privé par région.csv
2003,Boucle Du Mouhoun,,Evolution des nombres d'établissements et de classes du post-primaire et du secondaire général des secteurs public et privé par région,Etablissements,,38,Évolution des nombres d'établissements et de classes du post-primaire et du secondaire général des secteurs public et privé par région.csv
2004,Boucle Du Mouhoun,,Evolution des nombres d'établissements et de classes du post-primaire et du secondaire général des secteurs public et privé par région,Etablissements,,40,Évolution des nombres d'établissements et de classes du post-primaire et du secondaire général des secteurs public et privé par région.csv
2005,Boucle Du Mouhoun,,Evolution des nombres d'établissements et de classes du post-primaire et du secondaire général des secteurs public et privé par région,Etablissements,,47,Évolution des nombres d'établissements et de classes du post-primaire et du secondaire général des secteurs public et privé par région.csv
2006,Boucle Du Mouhoun,,Evolution des nombres d'établissements et de classes du post-primaire et du secondaire général des secteurs public et privé par région,Etablissements,,48,Évolution des nombres d'établissements et de classes du post-primaire et du secondaire général des secteurs public et privé par région.csv
2007,Boucle Du Mouhoun,,Evolution des nombres d'établissements et de classes du post-primaire et du secondaire général des secteurs public et privé par région,Etablissements,,50,Évolution des nombres d'établissements et de classes du post-primaire et du secondaire général des secteurs public et privé par région.csv
2008,Boucle Du Mouhoun,,Evolution des nombres d'établissements et de classes du post-primaire et du secondaire général des secteurs public et privé par région,Etablissements,,74,Évolution des nombres d'établissements et de classes du post-primaire et du secondaire général des secteurs public et privé par région.csv
2009,Boucle Du Mouhoun,,Evolution des nombres d'établissements et de classes du post-primaire et du secondaire général des secteurs public et privé par région,Etablissements,,93,Évolution des nombres d'établissements et de classes du post-primaire et du secondaire général des secteurs public et privé par région.csv
2010,Boucle Du Mouhoun,,Evolution des nombres d'établissements et de classes du post-primaire et du secondaire général des secteurs public et privé par région,Etablissements,,98,Évolution des nombres d'établissements et de classes du post-primaire et du secondaire général des secteurs public et privé par région.csv
2011,Boucle Du Mouhoun,,Evolution des nombres d'établissements et de classes du post-primaire et du secondaire général des secteurs public et privé par région,Etablissements,,120,Évolution des nombres d'établissements et de classes du post-primaire et du secondaire général des secteurs public et privé par région.csv
2012,Boucle Du Mouhoun,,Evolution des nombres d'établissements et de classes du post-primaire et du secondaire général des secteurs public et privé par région,Etablissements,,139,Évolution des nombres d'établissements et de classes du post-primaire et du secondaire général des secteurs public et privé par région.csv
2013,Boucle Du Mouhoun,,Evolution des nombres d'établissements et de classes du post-primaire et du secondaire général des secteurs public et privé par région,Etablissements,,133,Évolution des nombres d'établissements et de classes du post-primaire et du secondaire général des secteurs public et privé par région.csv
2014,Boucle Du Mouhoun,,Evolution des nombres d'établissements et de classes du post-primaire et du secondaire général des secteurs public et privé par région,Etablissements,,159,Évolution des nombres d'établissements et de classes du post-primaire et du secondaire général des secteurs public et privé par région.csv
2015,Boucle Du Mouhoun,,Evolution des nombres d'établissements et de classes du post-primaire et du secondaire général des secteurs public et privé par région,Etablissements,,271,Évolution des nombres d'établissements et de classes du post-primaire et du secondaire général des secteurs public et privé par région.csv
2016,Boucle Du Mouhoun,,Evolution des nombres d'établissements et de classes du post-primaire et du secondaire général des secteurs public et privé par région,Etablissements,,329,Évolution des nombres d'établissements et de classes du post-primaire et du secondaire général des secteurs public et privé par région.csv
2017,Boucle Du Mouhoun,,Evolution des nombres d'établissements et de classes du post-primaire et du secondaire général des secteurs public et privé par région,Etablissements,,343,Évolution des nombres d'établissements et de classes du post-primaire et du secondaire général des secteurs public et privé par région.csv
2018,Boucle Du Mouhoun,,Evolution des nombres d'établissements et de classes du post-primaire et du secondaire général des secteurs public et privé par région,Etablissements,,366,Évolution des nombres d'établissements et de classes du post-primaire et du secondaire général des secteurs public et privé par région.csv
2019,Boucle Du Mouhoun,,Evolution des nombres d'établissements et de classes du post-primaire et du secondaire général des secteurs public et privé par région,Etablissements,,387,Évolution des nombres d'établissements et de classes du post-primaire et du secondaire général des secteurs public et privé par région.csv
2020,Boucle Du Mouhoun,,Evolution des nombres d'établissements et de classes du post-primaire et du secondaire général des secteurs public et privé par région,Etablissements,,377,Évolution des nombres d'établissements et de classes du post-primaire et du secondaire général des secteurs public et privé par région.csv
2021,Boucle Du Mouhoun,,Evolution des nombres d'établissements et de classes du post-primaire et du secondaire général des secteurs public et privé par région,Etablissements,,148,Évolution des nombres d'établissements et de classes du post-primaire et du secondaire général des secteurs public et privé par région.csv
2022,Boucle Du Mouhoun,,Evolution des nombres d'établissements et de classes du post-primaire et du secondaire général des secteurs public et privé par région,Etablissements,,141,Évolution des nombres d'établissements et de classes du post-primaire et du secondaire général des secteurs public et privé par région.csv
1997,Boucle Du Mouhoun,,Evolution des nombres d'établissements et de classes du post-primaire et du secondaire général des secteurs public et privé par région,Classes,,186,Évolution des nombres d'établissements et de classes du post-primaire et du secondaire général des secteurs public et privé par région.csv
1998,Boucle Du Mouhoun,,Evolution des nombres d'établissements et de classes du post-primaire et du secondaire général des secteurs public et privé par région,Classes,,202,Évolution des nombres d'établissements et de classes du post-primaire et du secondaire général des secteurs public et privé par région.csv
1999,Boucle Du Mouhoun,,Evolution des nombres d'établissements et de classes du post-primaire et du secondaire général des secteurs public et privé par région,Classes,,214,Évolution des nombres d'établissements et de classes du post-primaire et du secondaire général des secteurs public et privé par région.csv
2000,Boucle Du Mouhoun,,Evolution des nombres d'établissements et de classes du post-primaire et du secondaire général des secteurs public et privé par région,Classes,,227,Évolution des nombres d'établissements et de classes du post-primaire et du secondaire général des secteurs public et privé par région.csv
2001,Boucle Du Mouhoun,,Evolution des nombres d'établissements et de classes du post-primaire et du secondaire général des secteurs public et privé par région,Classes,,229,Évolution des nombres d'établissements et de classes du post-primaire et du secondaire général des secteurs public et privé par région.csv
2002,Boucle Du Mouhoun,,Evolution des nombres d'établissements et de classes du post-primaire et du secondaire général des secteurs public et privé par région,Classes,,229,Évolution des nombres d'établissements et de classes du post-primaire et du secondaire général des secteurs public et privé par région.csv
2003,Boucle Du Mouhoun,,Evolution des nombres d'établissements et de classes du post-primaire et du secondaire général des secteurs public et privé par région,Classes,,252,Évolution des nombres d'établissements et de classes du post-primaire et du secondaire général des secteurs public et privé par région.csv
2004,Boucle Du Mouhoun,,Evolution des nombres d'établissements et de classes du post-primaire et du secondaire général des secteurs public et privé par région,Classes,,307,Évolution des nombres d'établissements et de classes du post-primaire et du secondaire général des secteurs public et privé par région.csv
2005,Boucle Du Mouhoun,,Evolution des nombres d'établissements et de classes du post-primaire et du secondaire général des secteurs public et privé par région,Classes,,333,Évolution des nombres d'établissements et de classes du post-primaire et du secondaire général des secteurs public et privé par région.csv
2006,Boucle Du Mouhoun,,Evolution des nombres d'établissements et de classes du post-primaire et du secondaire général des secteurs public et privé par région,Classes,,340,Évolution des nombres d'établissements et de classes du post-primaire et du secondaire général des secteurs public et privé par région.csv
2007,Boucle Du Mouhoun,,Evolution des nombres d'établissements et de classes du post-primaire et du secondaire général des secteurs public et privé par région,Classes,,351,Évolution des nombres d'établissements et de classes du post-primaire et du secondaire général des secteurs public et privé par région.csv
2008,Boucle Du Mouhoun,,Evolution des nombres d'établissements et de classes du post-primaire et du secondaire général des secteurs public et privé par région,Classes,,403,Évolution des nombres d'établissements et de classes du post-primaire et du secondaire général des secteurs public et privé par région.csv
2009,Boucle Du Mouhoun,,Evolution des nombres d'établissements et de classes du post-primaire et du secondaire général des secteurs public et privé par région,Classes,,461,Évolution des nombres d'établissements et de classes du post-primaire et du secondaire général des secteurs public et privé par région.csv
2010,Boucle Du Mouhoun,,Evolution des nombres d'établissements et de classes du post-primaire et du secondaire général des secteurs public et privé par région,Classes,,535,Évolution des nombres d'établissements et de classes du post-primaire et du secondaire général des secteurs public et privé par région.csv
2011,Boucle Du Mouhoun,,Evolution des nombres d'établissements et de classes du post-primaire et du secondaire général des secteurs public et privé par région,Classes,,622,Évolution des nombres d'établissements et de classes du post-primaire et du secondaire général des secteurs public et privé par région.csv
2012,Boucle Du Mouhoun,,Evolution des nombres d'établissements et de classes du post-primaire et du secondaire général des secteurs public et privé par région,Classes,,738,Évolution des nombres d'établissements et de classes du post-primaire et du secondaire général des secteurs public et privé par région.csv
2013,Boucle Du Mouhoun,,Evolution des nombres d'établissements et de classes du post-primaire et du secondaire général des secteurs public et privé par région,Classes,,858,Évolution des nombres d'établissements et de classes du post-primaire et du secondaire général des secteurs public et privé par région.csv
2014,Boucle Du Mouhoun,,Evolution des nombres d'établissements et de classes du post-primaire et du secondaire général des secteurs public et privé par région,Classes,,1027,Évolution des nombres d'établissements et de classes du post-primaire et du secondaire général des secteurs public et privé par région.csv
2015,Boucle Du Mouhoun,,Evolution des nombres d'établissements et de classes du post-primaire et du secondaire général des secteurs public et privé par région,Classes,,1349,Évolution des nombres d'établissements et de classes du post-primaire et du secondaire général des secteurs public et privé par région.csv
2016,Boucle Du Mouhoun,,Evolution des nombres d'établissements et de classes du post-primaire et du secondaire général des secteurs public et privé par région,Classes,,1739,Évolution des nombres d'établissements et de classes du post-primaire et du secondaire général des secteurs public et privé par région.csv
2017,Boucle Du Mouhoun,,Evolution des nombres d'établissements et de classes du post-primaire et du secondaire général des secteurs public et privé par région,Classes,,1851,Évolution des nombres d'établissements et de classes du post-primaire et du secondaire général des secteurs public et privé par région.csv
2018,Boucle Du Mouhoun,,Evolution des nombres d'établissements et de classes du post-primaire et du secondaire général des secteurs public et privé par région,Classes,,2159,Évolution des nombres d'établissements et de classes du post-primaire et du secondaire général des secteurs public et privé par région.csv
2019,Boucle Du Mouhoun,,Evolution des nombres d'établissements et de classes du post-primaire et du secondaire général des secteurs public et privé par région,Classes,,2352,Évolution des nombres d'établissements et de classes du post-primaire et du secondaire général des secteurs public et privé par région.csv
2020,Boucle Du Mouhoun,,Evolution des nombres d'établissements et de classes du post-primaire et du secondaire général des secteurs public et privé par région,Classes,,2349,Évolution des nombres d'établissements et de classes du post-primaire et du secondaire général des secteurs public et privé par région.csv
2021,Boucle Du Mouhoun,,Evolution des nombres d'établissements et de classes du post-primaire et du secondaire général des secteurs public et privé par région,Classes,,1469,Évolution des nombres d'établissements et de classes du post-primaire et du secondaire général des secteurs public et privé par région.csv
2022,Boucle Du Mouhoun,,Evolution des nombres d'établissements et de classes du post-primaire et du secondaire général des secteurs public et privé par région,Classes,,1335,Évolution des nombres d'établissements et de classes du post-primaire et du secondaire général des secteurs public et privé par région.csv
1997,Cascades,,Evolution des nombres d'établissements et de classes du post-primaire et du secondaire général des secteurs public et privé par région,Etablissements,,13,Évolution des nombres d'établissements et de classes du post-primaire et du secondaire général des secteurs public et privé par région.csv
1998,Cascades,,Evolution des nombres d'établissements et de classes du post-primaire et du secondaire général des secteurs public et privé par région,Etablissements,,15,Évolution des nombres d'établissements et de classes du post-primaire et du secondaire général des secteurs public et privé par région.csv
1999,Cascades,,Evolution des nombres d'établissements et de classes du post-primaire et du secondaire général des secteurs public et privé par région,Etablissements,,15,Évolution des nombres d'établissements et de classes du post-primaire et du secondaire général des secteurs public et privé par région.csv
2000,Cascades,,Evolution des nombres d'établissements et de classes du post-primaire et du secondaire général des secteurs public et privé par région,Etablissements,,18,Évolution des nombres d'établissements et de classes du post-primaire et du secondaire général des secteurs public et privé par région.csv
2001,Cascades,,Evolution des nombres d'établissements et de classes du post-primaire et du secondaire général des secteurs public et privé par région,Etablissements,,19,Évolution des nombres d'établissements et de classes du post-primaire et du secondaire général des secteurs public et privé par région.csv
2002,Cascades,,Evolution des nombres d'établissements et de classes du post-primaire et du secondaire général des secteurs public et privé par région,Etablissements,,20,Évolution des nombres d'établissements et de classes du post-primaire et du secondaire général des secteurs public et privé par région.csv
2003,Cascades,,Evolution des nombres d'établissements et de classes du post-primaire et du secondaire général des secteurs public et privé par région,Etablissements,,23,Évolution des nombres d'établissements et de classes du post-primaire et du secondaire général des secteurs public et privé par région.csv
2004,Cascades,,Evolution des nombres d'établissements et de classes du post-primaire et du secondaire général des secteurs public et privé par région,Etablissements,,24,Évolution des nombres d'établissements et de classes du post-primaire et du secondaire général des secteurs public et privé par région.csv
2005,Cascades,,Evolution des nombres d'établissements et de classes du post-primaire et du secondaire général des secteurs public et privé par région,Etablissements,,24,Évolution des nombres d'établissements et de classes du post-primaire et du secondaire général des secteurs public et privé par région.csv
2006,Cascades,,Evolution des nombres d'établissements et de classes du post-primaire et du secondaire général des secteurs public et privé par région,Etablissements,,25,Évolution des nombres d'établissements et de classes du post-primaire et du secondaire général des secteurs public et privé par région.csv
2007,Cascades,,Evolution des nombres d'établissements et de classes du post-primaire et du secondaire général des secteurs public et privé par région,Etablissements,,26,Évolution des nombres d'établissements et de classes du post-primaire et du secondaire général des secteurs public et privé par région.csv
2008,Cascades,,Evolution des nombres d'établissements et de classes du post-primaire et du secondaire général des secteurs public et privé par région,Etablissements,,37,Évolution des nombres d'établissements et de classes du post-primaire et du secondaire général des secteurs public et privé par région.csv
2009,Cascades,,Evolution des nombres d'établissements et de classes du post-primaire et du secondaire général des secteurs public et privé par région,Etablissements,,44,Évolution des nombres d'établissements et de classes du post-primaire et du secondaire général des secteurs public et privé par région.csv
2010,Cascades,,Evolution des nombres d'établissements et de classes du post-primaire et du secondaire général des secteurs public et privé par région,Etablissements,,49,Évolution des nombres d'établissements et de classes du post-primaire et du secondaire général des secteurs public et privé par région.csv
2011,Cascades,,Evolution des nombres d'établissements et de classes du post-primaire et du secondaire général des secteurs public et privé par région,Etablissements,,51,Évolution des nombres d'établissements et de classes du post-primaire et du secondaire général des secteurs public et privé par région.csv
2012,Cascades,,Evolution des nombres d'établissements et de classes du post-primaire et du secondaire général des secteurs public et privé par région,Etablissements,,54,Évolution des nombres d'établissements et de classes du post-primaire et du secondaire général des secteurs public et privé par région.csv
2013,Cascades,,Evolution des nombres d'établissements et de classes du post-primaire et du secondaire général des secteurs public et privé par région,Etablissements,,55,Évolution des nombres d'établissements et de classes du post-primaire et du secondaire général des secteurs public et privé par région.csv
2014,Cascades,,Evolution des nombres d'établissements et de classes du post-primaire et du secondaire général des secteurs public et privé par région,Etablissements,,58,Évolution des nombres d'établissements et de classes du post-primaire et du secondaire général des secteurs public et privé par région.csv
2015,Cascades,,Evolution des nombres d'établissements et de classes du post-primaire et du secondaire général des secteurs public et privé par région,Etablissements,,120,Évolution des nombres d'établissements et de classes du post-primaire et du secondaire général des secteurs public et privé par région.csv
2016,Cascades,,Evolution des nombres d'établissements et de classes du post-primaire et du secondaire général des secteurs public et privé par région,Etablissements,,118,Évolution des nombres d'établissements et de classes du post-primaire et du secondaire général des secteurs public et privé par région.csv
2017,Cascades,,Evolution des nombres d'établissements et de classes du post-primaire et du secondaire général des secteurs public et privé par région,Etablissements,,129,Évolution des nombres d'établissements et de classes du post-primaire et du secondaire général des secteurs public et privé par région.csv
2018,Cascades,,Evolution des nombres d'établissements et de classes du post-primaire et du secondaire général des secteurs public et privé par région,Etablissements,,142,Évolution des nombres d'établissements et de classes du post-primaire et du secondaire général des secteurs public et privé par région.csv
2019,Cascades,,Evolution des nombres d'établissements et de classes du post-primaire et du secondaire général des secteurs public et privé par région,Etablissements,,151,Évolution des nombres d'établissements et de classes du post-primaire et du secondaire général des secteurs public et privé par région.csv
2020,Cascades,,Evolution des nombres d'établissements et de classes du post-primaire et du secondaire général des secteurs public et privé par région,Etablissements,,175,Évolution des nombres d'établissements et de classes du post-primaire et du secondaire général des secteurs public et privé par région.csv
2021,Cascades,,Evolution des nombres d'établissements et de classes du post-primaire et du secondaire général des secteurs public et privé par région,Etablissements,,62,Évolution des nombres d'établissements et de classes du post-primaire et du secondaire général des secteurs public et privé par région.csv
2022,Cascades,,Evolution des nombres d'établissements et de classes du post-primaire et du secondaire général des secteurs public et privé par région,Etablissements,,66,Évolution des nombres d'établissements et de classes du post-primaire et du secondaire général des secteurs public et privé par région.csv
1997,Cascades,,Evolution des nombres d'établissements et de classes du post-primaire et du secondaire général des secteurs public et privé par région,Classes,,106,Évolution des nombres d'établissements et de classes du post-primaire et du secondaire général des secteurs public et privé par région.csv
1998,Cascades,,Evolution des nombres d'établissements et de classes du post-primaire et du secondaire général des secteurs public et privé par région,Classes,,114,Évolution des nombres d'établissements et de classes du post-primaire et du secondaire général des secteurs public et privé par région.csv
1999,Cascades,,Evolution des nombres d'établissements et de classes du post-primaire et du secondaire général des secteurs public et privé par région,Classes,,114,Évolution des nombres d'établissements et de classes du post-primaire et du secondaire général des secteurs public et privé par région.csv
2000,Cascades,,Evolution des nombres d'établissements et de classes du post-primaire et du secondaire général des secteurs public et privé par région,Classes,,130,Évolution des nombres d'établissements et de classes du post-primaire et du secondaire général des secteurs public et privé par région.csv
2001,Cascades,,Evolution des nombres d'établissements et de classes du post-primaire et du secondaire général des secteurs public et privé par région,Classes,,137,Évolution des nombres d'établissements et de classes du post-primaire et du secondaire général des secteurs public et privé par région.csv
2002,Cascades,,Evolution des nombres d'établissements et de classes du post-primaire et du secondaire général des secteurs public et privé par région,Classes,,144,Évolution des nombres d'établissements et de classes du post-primaire et du secondaire général des secteurs public et privé par région.csv
2003,Cascades,,Evolution des nombres d'établissements et de classes du post-primaire et du secondaire général des secteurs public et privé par région,Classes,,161,Évolution des nombres d'établissements et de classes du post-primaire et du secondaire général des secteurs public et privé par région.csv
2004,Cascades,,Evolution des nombres d'établissements et de classes du post-primaire et du secondaire général des secteurs public et privé par région,Classes,,181,Évolution des nombres d'établissements et de classes du post-primaire et du secondaire général des secteurs public et privé par région.csv
2005,Cascades,,Evolution des nombres d'établissements et de classes du post-primaire et du secondaire général des secteurs public et privé par région,Classes,,193,Évolution des nombres d'établissements et de classes du post-primaire et du secondaire général des secteurs public et privé par région.csv
2006,Cascades,,Evolution des nombres d'établissements et de classes du post-primaire et du secondaire général des secteurs public et privé par région,Classes,,194,Évolution des nombres d'établissements et de classes du post-primaire et du secondaire général des secteurs public et privé par région.csv
2007,Cascades,,Evolution des nombres d'établissements et de classes du post-primaire et du secondaire général des secteurs public et privé par région,Classes,,194,Évolution des nombres d'établissements et de classes du post-primaire et du secondaire général des secteurs public et privé par région.csv
2008,Cascades,,Evolution des nombres d'établissements et de classes du post-primaire et du secondaire général des secteurs public et privé par région,Classes,,217,Évolution des nombres d'établissements et de classes du post-primaire et du secondaire général des secteurs public et privé par région.csv
2009,Cascades,,Evolution des nombres d'établissements et de classes du post-primaire et du secondaire général des secteurs public et privé par région,Classes,,244,Évolution des nombres d'établissements et de classes du post-primaire et du secondaire général des secteurs public et privé par région.csv
2010,Cascades,,Evolution des nombres d'établissements et de classes du post-primaire et du secondaire général des secteurs public et privé par région,Classes,,273,Évolution des nombres d'établissements et de classes du post-primaire et du secondaire général des secteurs public et privé par région.csv
2011,Cascades,,Evolution des nombres d'établissements et de classes du post-primaire et du secondaire général des secteurs public et privé par région,Classes,,300,Évolution des nombres d'établissements et de classes du post-primaire et du secondaire général des secteurs public et privé par région.csv
2012,Cascades,,Evolution des nombres d'établissements et de classes du post-primaire et du secondaire général des secteurs public et privé par région,Classes,,331,Évolution des nombres d'établissements et de classes du post-primaire et du secondaire général des secteurs public et privé par région.csv
2013,Cascades,,Evolution des nombres d'établissements et de classes du post-primaire et du secondaire général des secteurs public et privé par région,Classes,,392,Évolution des nombres d'établissements et de classes du post-primaire et du secondaire général des secteurs public et privé par région.csv
2014,Cascades,,Evolution des nombres d'établissements et de classes du post-primaire et du secondaire général des secteurs public et privé par région,Classes,,466,Évolution des nombres d'établissements et de classes du post-primaire et du secondaire général des secteurs public et privé par région.csv
2015,Cascades,,Evolution des nombres d'établissements et de classes du post-primaire et du secondaire général des secteurs public et privé par région,Classes,,599,Évolution des nombres d'établissements et de classes du post-primaire et du secondaire général des secteurs public et privé par région.csv
2016,Cascades,,Evolution des nombres d'établissements et de classes du post-primaire et du secondaire général des secteurs public et privé par région,Classes,,669,Évolution des nombres d'établissements et de classes du post-primaire et du secondaire général des secteurs public et privé par région.csv
2017,Cascades,,Evolution des nombres d'établissements et de classes du post-primaire et du secondaire général des secteurs public et privé par région,Classes,,746,Évolution des nombres d'établissements et de classes du post-primaire et du secondaire général des secteurs public et privé par région.csv
2018,Cascades,,Evolution des nombres d'établissements et de classes du post-primaire et du secondaire général des secteurs public et privé par région,Classes,,840,Évolution des nombres d'établissements et de classes du post-primaire et du secondaire général des secteurs public et privé par région.csv
2019,Cascades,,Evolution des nombres d'établissements et de classes du post-primaire et du secondaire général des secteurs public et privé par région,Classes,,921,Évolution des nombres d'établissements et de classes du post-primaire et du secondaire général des secteurs public et privé par région.csv
2020,Cascades,,Evolution des nombres d'établissements et de classes du post-primaire et du secondaire général des secteurs public et privé par région,Classes,,1033,Évolution des nombres d'établissements et de classes du post-primaire et du secondaire général des secteurs public et privé par région.csv
2021,Cascades,,Evolution des nombres d'établissements et de classes du post-primaire et du secondaire général des secteurs public et privé par région,Classes,,647,Évolution des nombres d'établissements et de classes du post-primaire et du secondaire général des secteurs public et privé par région.csv
2022,Cascades,,Evolution des nombres d'établissements et de classes du post-primaire et du secondaire général des secteurs public et privé par région,Classes,,670,Évolution des nombres d'établissements et de classes du post-primaire et du secondaire général des secteurs public et privé par région.csv
1997,Centre,,Evolution des nombres d'établissements et de classes du post-primaire et du secondaire général des secteurs public et privé par région,Etablissements,,62,Évolution des nombres d'établissements et de classes du post-primaire et du secondaire général des secteurs public et privé par région.csv
1998,Centre,,Evolution des nombres d'établissements et de classes du post-primaire et du secondaire général des secteurs public et privé par région,Etablissements,,67,Évolution des nombres d'établissements et de classes du post-primaire et du secondaire général des secteurs public et privé par région.csv
1999,Centre,,Evolution des nombres d'établissements et de classes du post-primaire et du secondaire général des secteurs public et privé par région,Etablissements,,71,Évolution des nombres d'établissements et de classes du post-primaire et du secondaire général des secteurs public et privé par région.csv
2000,Centre,,Evolution des nombres d'établissements et de classes du post-primaire et du secondaire général des secteurs public et privé par région,Etablissements,,79,Évolution des nombres d'établissements et de classes du post-primaire et du secondaire général des secteurs public et privé par région.csv
2001,Centre,,Evolution des nombres d'établissements et de classes du post-primaire et du secondaire général des secteurs public et privé par région,Etablissements,,86,Évolution des nombres d'établissements et de classes du post-primaire et du secondaire général des secteurs public et privé par région.csv
2002,Centre,,Evolution des nombres d'établissements et de classes du post-primaire et du secondaire général des secteurs public et privé par région,Etablissements,,100,Évolution des nombres d'établissements et de classes du post-primaire et du secondaire général des secteurs public et privé par région.csv
2003,Centre,,Evolution des nombres d'établissements et de classes du post-primaire et du secondaire général des secteurs public et privé par région,Etablissements,,108,Évolution des nombres d'établissements et de classes du post-primaire et du secondaire général des secteurs public et privé par région.csv
2004,Centre,,Evolution des nombres d'établissements et de classes du post-primaire et du secondaire général des secteurs public et privé par région,Etablissements,,112,Évolution des nombres d'établissements et de classes du post-primaire et du secondaire général des secteurs public et privé par région.csv
2005,Centre,,Evolution des nombres d'établissements et de classes du post-primaire et du secondaire général des secteurs public et privé par région,Etablissements,,133,Évolution des nombres d'établissements et de classes du post-primaire et du secondaire général des secteurs public et privé par région.csv
2006,Centre,,Evolution des nombres d'établissements et de classes du post-primaire et du secondaire général des secteurs public et privé par région,Etablissements,,148,Évolution des nombres d'établissements et de classes du post-primaire et du secondaire général des secteurs public et privé par région.csv
2007,Centre,,Evolution des nombres d'établissements et de classes du post-primaire et du secondaire général des secteurs public et privé par région,Etablissements,,173,Évolution des nombres d'établissements et de classes du post-primaire et du secondaire général des secteurs public et privé par région.csv
2008,Centre,,Evolution des nombres d'établissements et de classes du post-primaire et du secondaire général des secteurs public et privé par région,Etablissements,,221,Évolution des nombres d'établissements et de classes du post-primaire et du secondaire général des secteurs public et privé par région.csv
2009,Centre,,Evolution des nombres d'établissements et de classes du post-primaire et du secondaire général des secteurs public et privé par région,Etablissements,,246,Évolution des nombres d'établissements et de classes du post-primaire et du secondaire général des secteurs public et privé par région.csv
2010,Centre,,Evolution des nombres d'établissements et de classes du post-primaire et du secondaire général des secteurs public et privé par région,Etablissements,,262,Évolution des nombres d'établissements et de classes du post-primaire et du secondaire général des secteurs public et privé par région.csv
2011,Centre,,Evolution des nombres d'établissements et de classes du post-primaire et du secondaire général des secteurs public et privé par région,Etablissements,,290,Évolution des nombres d'établissements et de classes du post-primaire et du secondaire général des secteurs public et privé par région.csv
2012,Centre,,Evolution des nombres d'établissements et de classes du post-primaire et du secondaire général des secteurs public et privé par région,Etablissements,,330,Évolution des nombres d'établissements et de classes du post-primaire et du secondaire général des secteurs public et privé par région.csv
2013,Centre,,Evolution des nombres d'établissements et de classes du post-primaire et du secondaire général des secteurs public et privé par région,Etablissements,,321,Évolution des nombres d'établissements et de classes du post-primaire et du secondaire général des secteurs public et privé par région.csv
2014,Centre,,Evolution des nombres d'établissements et de classes du post-primaire et du secondaire général des secteurs public et privé par région,Etablissements,,356,Évolution des nombres d'établissements et de classes du post-primaire et du secondaire général des secteurs public et privé par région.csv
2015,Centre,,Evolution des nombres d'établissements et de classes du post-primaire et du secondaire général des secteurs public et privé par région,Etablissements,,439,Évolution des nombres d'établissements et de classes du post-primaire et du secondaire général des secteurs public et privé par région.csv
2016,Centre,,Evolution des nombres d'établissements et de classes du post-primaire et du secondaire général des secteurs public et privé par région,Etablissements,,545,Évolution des nombres d'établissements et de classes du post-primaire et du secondaire général des secteurs public et privé par région.csv
2017,Centre,,Evolution des nombres d'établissements et de classes du post-primaire et du secondaire général des secteurs public et privé par région,Etablissements,,734,Évolution des nombres d'établissements et de classes du post-primaire et du secondaire général des secteurs public et privé par région.csv
2018,Centre,,Evolution des nombres d'établissements et de classes du post-primaire et du secondaire général des secteurs public et privé par région,Etablissements,,767,Évolution des nombres d'établissements et de classes du post-primaire et du secondaire général des secteurs public et privé par région.csv
2019,Centre,,Evolution des nombres d'établissements et de classes du post-primaire et du secondaire général des secteurs public et privé par région,Etablissements,,640,Évolution des nombres d'établissements et de classes du post-primaire et du secondaire général des secteurs public et privé par région.csv
2020,Centre,,Evolution des nombres d'établissements et de classes du post-primaire et du secondaire général des secteurs public et privé par région,Etablissements,,751,Évolution des nombres d'établissements et de classes du post-primaire et du secondaire général des secteurs public et privé par région.csv
2021,Centre,,Evolution des nombres d'établissements et de classes du post-primaire et du secondaire général des secteurs public et privé par région,Etablissements,,350,Évolution des nombres d'établissements et de classes du post-primaire et du secondaire général des secteurs public et privé par région.csv
2022,Centre,,Evolution des nombres d'établissements et de classes du post-primaire et du secondaire général des secteurs public et privé par région,Etablissements,,351,Évolution des nombres d'établissements et de classes du post-primaire et du secondaire général des secteurs public et privé par région.csv
1997,Centre,,Evolution des nombres d'établissements et de classes du post-primaire et du secondaire général des secteurs public et privé par région,Classes,,705,Évolution des nombres d'établissements et de classes du post-primaire et du secondaire général des secteurs public et privé par région.csv
1998,Centre,,Evolution des nombres d'établissements et de classes du post-primaire et du secondaire général des secteurs public et privé par région,Classes,,720,Évolution des nombres d'établissements et de classes du post-primaire et du secondaire général des secteurs public et privé par région.csv
1999,Centre,,Evolution des nombres d'établissements et de classes du post-primaire et du secondaire général des secteurs public et privé par région,Classes,,742,Évolution des nombres d'établissements et de classes du post-primaire et du secondaire général des secteurs public et privé par région.csv
2000,Centre,,Evolution des nombres d'établissements et de classes du post-primaire et du secondaire général des secteurs public et privé par région,Classes,,802,Évolution des nombres d'établissements et de classes du post-primaire et du secondaire général des secteurs public et privé par région.csv
2001,Centre,,Evolution des nombres d'établissements et de classes du post-primaire et du secondaire général des secteurs public et privé par région,Classes,,836,Évolution des nombres d'établissements et de classes du post-primaire et du secondaire général des secteurs public et privé par région.csv
2002,Centre,,Evolution des nombres d'établissements et de classes du post-primaire et du secondaire général des secteurs public et privé par région,Classes,,932,Évolution des nombres d'établissements et de classes du post-primaire et du secondaire général des secteurs public et privé par région.csv
2003,Centre,,Evolution des nombres d'établissements et de classes du post-primaire et du secondaire général des secteurs public et privé par région,Classes,,1025,Évolution des nombres d'établissements et de classes du post-primaire et du secondaire général des secteurs public et privé par région.csv
2004,Centre,,Evolution des nombres d'établissements et de classes du post-primaire et du secondaire général des secteurs public et privé par région,Classes,,1124,Évolution des nombres d'établissements et de classes du post-primaire et du secondaire général des secteurs public et privé par région.csv
2005,Centre,,Evolution des nombres d'établissements et de classes du post-primaire et du secondaire général des secteurs public et privé par région,Classes,,1320,Évolution des nombres d'établissements et de classes du post-primaire et du secondaire général des secteurs public et privé par région.csv
2006,Centre,,Evolution des nombres d'établissements et de classes du post-primaire et du secondaire général des secteurs public et privé par région,Classes,,1400,Évolution des nombres d'établissements et de classes du post-primaire et du secondaire général des secteurs public et privé par région.csv
2007,Centre,,Evolution des nombres d'établissements et de classes du post-primaire et du secondaire général des secteurs public et privé par région,Classes,,1464,Évolution des nombres d'établissements et de classes du post-primaire et du secondaire général des secteurs public et privé par région.csv
2008,Centre,,Evolution des nombres d'établissements et de classes du post-primaire et du secondaire général des secteurs public et privé par région,Classes,,1618,Évolution des nombres d'établissements et de classes du post-primaire et du secondaire général des secteurs public et privé par région.csv
2009,Centre,,Evolution des nombres d'établissements et de classes du post-primaire et du secondaire général des secteurs public et privé par région,Classes,,1701,Évolution des nombres d'établissements et de classes du post-primaire et du secondaire général des secteurs public et privé par région.csv
2010,Centre,,Evolution des nombres d'établissements et de classes du post-primaire et du secondaire général des secteurs public et privé par région,Classes,,1941,Évolution des nombres d'établissements et de classes du post-primaire et du secondaire général des secteurs public et privé par région.csv
2011,Centre,,Evolution des nombres d'établissements et de classes du post-primaire et du secondaire général des secteurs public et privé par région,Classes,,2132,Évolution des nombres d'établissements et de classes du post-primaire et du secondaire général des secteurs public et privé par région.csv
2012,Centre,,Evolution des nombres d'établissements et de classes du post-primaire et du secondaire général des secteurs public et privé par région,Classes,,2374,Évolution des nombres d'établissements et de classes du post-primaire et du secondaire général des secteurs public et privé par région.csv
2013,Centre,,Evolution des nombres d'établissements et de classes du post-primaire et du secondaire général des secteurs public et privé par région,Classes,,2595,Évolution des nombres d'établissements et de classes du post-primaire et du secondaire général des secteurs public et privé par région.csv
2014,Centre,,Evolution des nombres d'établissements et de classes du post-primaire et du secondaire général des secteurs public et privé par région,Classes,,2852,Évolution des nombres d'établissements et de classes du post-primaire et du secondaire général des secteurs public et privé par région.csv
2015,Centre,,Evolution des nombres d'établissements et de classes du post-primaire et du secondaire général des secteurs public et privé par région,Classes,,3190,Évolution des nombres d'établissements et de classes du post-primaire et du secondaire général des secteurs public et privé par région.csv
2016,Centre,,Evolution des nombres d'établissements et de classes du post-primaire et du secondaire général des secteurs public et privé par région,Classes,,3502,Évolution des nombres d'établissements et de classes du post-primaire et du secondaire général des secteurs public et privé par région.csv
2017,Centre,,Evolution des nombres d'établissements et de classes du post-primaire et du secondaire général des secteurs public et privé par région,Classes,,4216,Évolution des nombres d'établissements et de classes du post-primaire et du secondaire général des secteurs public et privé par région.csv
2018,Centre,,Evolution des nombres d'établissements et de classes du post-primaire et du secondaire général des secteurs public et privé par région,Classes,,4438,Évolution des nombres d'établissements et de classes du post-primaire et du secondaire général des secteurs public et privé par région.csv
2019,Centre,,Evolution des nombres d'établissements et de classes du post-primaire et du secondaire général des secteurs public et privé par région,Classes,,4665,Évolution des nombres d'établissements et de classes du post-primaire et du secondaire général des secteurs public et privé par région.csv
2020,Centre,,Evolution des nombres d'établissements et de classes du post-primaire et du secondaire général des secteurs public et privé par région,Classes,,5414,Évolution des nombres d'établissements et de classes du post-primaire et du secondaire général des secteurs public et privé par région.csv
2021,Centre,,Evolution des nombres d'établissements et de classes du post-primaire et du secondaire général des secteurs public et privé par région,Classes,,3894,Évolution des nombres d'établissements et de classes du post-primaire et du secondaire général des secteurs public et privé par région.csv
2022,Centre,,Evolution des nombres d'établissements et de classes du post-primaire et du secondaire général des secteurs public et privé par région,Classes,,3868,Évolution des nombres d'établissements et de classes du post-primaire et du secondaire général des secteurs public et privé par région.csv
1997,Centre-Est,,Evolution des nombres d'établissements et de classes du post-primaire et du secondaire général des secteurs public et privé par région,Etablissements,,14,Évolution des nombres d'établissements et de classes du post-primaire et du secondaire général des secteurs public et privé par région.csv
1998,Centre-Est,,Evolution des nombres d'établissements et de classes du post-primaire et du secondaire général des secteurs public et privé par région,Etablissements,,15,Évolution des nombres d'établissements et de classes du post-primaire et du secondaire général des secteurs public et privé par région.csv
1999,Centre-Est,,Evolution des nombres d'établissements et de classes du post-primaire et du secondaire général des secteurs public et privé par région,Etablissements,,16,Évolution des nombres d'établissements et de classes du post-primaire et du secondaire général des secteurs public et privé par région.csv
2000,Centre-Est,,Evolution des nombres d'établissements et de classes du post-primaire et du secondaire général des secteurs public et privé par région,Etablissements,,18,Évolution des nombres d'établissements et de classes du post-primaire et du secondaire général des secteurs public et privé par région.csv
2001,Centre-Est,,Evolution des nombres d'établissements et de classes du post-primaire et du secondaire général des secteurs public et privé par région,Etablissements,,18,Évolution des nombres d'établissements et de classes du post-primaire et du secondaire général des secteurs public et privé par région.csv
2002,Centre-Est,,Evolution des nombres d'établissements et de classes du post-primaire et du secondaire général des secteurs public et privé par région,Etablissements,,20,Évolution des nombres d'établissements et de classes du post-primaire et du secondaire général des secteurs public et privé par région.csv
2003,Centre-Est,,Evolution des nombres d'établissements et de classes du post-primaire et du secondaire général des secteurs public et privé par région,Etablissements,,23,Évolution des nombres d'établissements et de classes du post-primaire et du secondaire général des secteurs public et privé par région.csv
2004,Centre-Est,,Evolution des nombres d'établissements et de classes du post-primaire et du secondaire général des secteurs public et privé par région,Etablissements,,29,Évolution des nombres d'établissements et de classes du post-primaire et du secondaire général des secteurs public et privé par région.csv
2005,Centre-Est,,Evolution des nombres d'établissements et de classes du post-primaire et du secondaire général des secteurs public et privé par région,Etablissements,,31,Évolution des nombres d'établissements et de classes du post-primaire et du secondaire général des secteurs public et privé par région.csv
2006,Centre-Est,,Evolution des nombres d'établissements et de classes du post-primaire et du secondaire général des secteurs public et privé par région,Etablissements,,35,Évolution des nombres d'établissements et de classes du post-primaire et du secondaire général des secteurs public et privé par région.csv
2007,Centre-Est,,Evolution des nombres d'établissements et de classes du post-primaire et du secondaire général des secteurs public et privé par région,Etablissements,,42,Évolution des nombres d'établissements et de classes du post-primaire et du secondaire général des secteurs public et privé par région.csv
2008,Centre-Est,,Evolution des nombres d'établissements et de classes du post-primaire et du secondaire général des secteurs public et privé par région,Etablissements,,56,Évolution des nombres d'établissements et de classes du post-primaire et du secondaire général des secteurs public et privé par région.csv
2009,Centre-Est,,Evolution des nombres d'établissements et de classes du post-primaire et du secondaire général des secteurs public et privé par région,Etablissements,,63,Évolution des nombres d'établissements et de classes du post-primaire et du secondaire général des secteurs public et privé par région.csv
2010,Centre-Est,,Evolution des nombres d'établissements et de classes du post-primaire et du secondaire général des secteurs public et privé par région,Etablissements,,70,Évolution des nombres d'établissements et de classes du post-primaire et du secondaire général des secteurs public et privé par région.csv
2011,Centre-Est,,Evolution des nombres d'établissements et de classes du post-primaire et du secondaire général des secteurs public et privé par région,Etablissements,,73,Évolution des nombres d'établissements et de classes du post-primaire et du secondaire général des secteurs public et privé par région.csv
2012,Centre-Est,,Evolution des nombres d'établissements et de classes du post-primaire et du secondaire général des secteurs public et privé par région,Etablissements,,99,Évolution des nombres d'établissements et de classes du post-primaire et du secondaire général des secteurs public et privé par région.csv
2013,Centre-Est,,Evolution des nombres d'établissements et de classes du post-primaire et du secondaire général des secteurs public et privé par région,Etablissements,,98,Évolution des nombres d'établissements et de classes du post-primaire et du secondaire général des secteurs public et privé par région.csv
2014,Centre-Est,,Evolution des nombres d'établissements et de classes du post-primaire et du secondaire général des secteurs public et privé par région,Etablissements,,110,Évolution des nombres d'établissements et de classes du post-primaire et du secondaire général des secteurs public et privé par région.csv
2015,Centre-Est,,Evolution des nombres d'établissements et de classes du post-primaire et du secondaire général des secteurs public et privé par région,Etablissements,,189,Évolution des nombres d'établissements et de classes du post-primaire et du secondaire général des secteurs public et privé par région.csv
2016,Centre-Est,,Evolution des nombres d'établissements et de classes du post-primaire et du secondaire général des secteurs public et privé par région,Etablissements,,234,Évolution des nombres d'établissements et de classes du post-primaire et du secondaire général des secteurs public et privé par région.csv
2017,Centre-Est,,Evolution des nombres d'établissements et de classes du post-primaire et du secondaire général des secteurs public et privé par région,Etablissements,,241,Évolution des nombres d'établissements et de classes du post-primaire et du secondaire général des secteurs public et privé par région.csv
2018,Centre-Est,,Evolution des nombres d'établissements et de classes du post-primaire et du secondaire général des secteurs public et privé par région,Etablissements,,270,Évolution des nombres d'établissements et de classes du post-primaire et du secondaire général des secteurs public et privé par région.csv
2019,Centre-Est,,Evolution des nombres d'établissements et de classes du post-primaire et du secondaire général des secteurs public et privé par région,Etablissements,,298,Évolution des nombres d'établissements et de classes du post-primaire et du secondaire général des secteurs public et privé par région.csv
2020,Centre-Est,,Evolution des nombres d'établissements et de classes du post-primaire et du secondaire général des secteurs public et privé par région,Etablissements,,320,Évolution des nombres d'établissements et de classes du post-primaire et du secondaire général des secteurs public et privé par région.csv
2021,Centre-Est,,Evolution des nombres d'établissements et de classes du post-primaire et du secondaire général des secteurs public et privé par région,Etablissements,,109,Évolution des nombres d'établissements et de classes du post-primaire et du secondaire général des secteurs public et privé par région.csv
2022,Centre-Est,,Evolution des nombres d'établissements et de classes du post-primaire et du secondaire général des secteurs public et privé par région,Etablissements,,110,Évolution des nombres d'établissements et de classes du post-primaire et du secondaire général des secteurs public et privé par région.csv
1997,Centre-Est,,Evolution des nombres d'établissements et de classes du post-primaire et du secondaire général des secteurs public et privé par région,Classes,,122,Évolution des nombres d'établissements et de classes du post-primaire et du secondaire général des secteurs public et privé par région.csv
1998,Centre-Est,,Evolution des nombres d'établissements et de classes du post-primaire et du secondaire général des secteurs public et privé par région,Classes,,130,Évolution des nombres d'établissements et de classes du post-primaire et du secondaire général des secteurs public et privé par région.csv
1999,Centre-Est,,Evolution des nombres d'établissements et de classes du post-primaire et du secondaire général des secteurs public et privé par région,Classes,,137,Évolution des nombres d'établissements et de classes du post-primaire et du secondaire général des secteurs public et privé par région.csv
2000,Centre-Est,,Evolution des nombres d'établissements et de classes du post-primaire et du secondaire général des secteurs public et privé par région,Classes,,151,Évolution des nombres d'établissements et de classes du post-primaire et du secondaire général des secteurs public et privé par région.csv
2001,Centre-Est,,Evolution des nombres d'établissements et de classes du post-primaire et du secondaire général des secteurs public et privé par région,Classes,,162,Évolution des nombres d'établissements et de classes du post-primaire et du secondaire général des secteurs public et privé par région.csv
2002,Centre-Est,,Evolution des nombres d'établissements et de classes du post-primaire et du secondaire général des secteurs public et privé par région,Classes,,163,Évolution des nombres d'établissements et de classes du post-primaire et du secondaire général des secteurs public et privé par région.csv
2003,Centre-Est,,Evolution des nombres d'établissements et de classes du post-primaire et du secondaire général des secteurs public et privé par région,Classes,,174,Évolution des nombres d'établissements et de classes du post-primaire et du secondaire général des secteurs public et privé par région.csv
2004,Centre-Est,,Evolution des nombres d'établissements et de classes du post-primaire et du secondaire général des secteurs public et privé par région,Classes,,224,Évolution des nombres d'établissements et de classes du post-primaire et du secondaire général des secteurs public et privé par région.csv
2005,Centre-Est,,Evolution des nombres d'établissements et de classes du post-primaire et du secondaire général des secteurs public et privé par région,Classes,,238,Évolution des nombres d'établissements et de classes du post-primaire et du secondaire général des secteurs public et privé par région.csv
2006,Centre-Est,,Evolution des nombres d'établissements et de classes du post-primaire et du secondaire général des secteurs public et privé par région,Classes,,286,Évolution des nombres d'établissements et de classes du post-primaire et du secondaire général des secteurs public et privé par région.csv
2007,Centre-Est,,Evolution des nombres d'établissements et de classes du post-primaire et du secondaire général des secteurs public et privé par région,Classes,,293,Évolution des nombres d'établissements et de classes du post-primaire et du secondaire général des secteurs public et privé par région.csv
2008,Centre-Est,,Evolution des nombres d'établissements et de classes du post-primaire et du secondaire général des secteurs public et privé par région,Classes,,347,Évolution des nombres d'établissements et de classes du post-primaire et du secondaire général des secteurs public et privé par région.csv
2009,Centre-Est,,Evolution des nombres d'établissements et de classes du post-primaire et du secondaire général des secteurs public et privé par région,Classes,,405,Évolution des nombres d'établissements et de classes du post-primaire et du secondaire général des secteurs public et privé par région.csv
2010,Centre-Est,,Evolution des nombres d'établissements et de classes du post-primaire et du secondaire général des secteurs public et privé par région,Classes,,476,Évolution des nombres d'établissements et de classes du post-primaire et du secondaire général des secteurs public et privé par région.csv
2011,Centre-Est,,Evolution des nombres d'établissements et de classes du post-primaire et du secondaire général des secteurs public et privé par région,Classes,,518,Évolution des nombres d'établissements et de classes du post-primaire et du secondaire général des secteurs public et privé par région.csv
2012,Centre-Est,,Evolution des nombres d'établissements et de classes du post-primaire et du secondaire général des secteurs public et privé par région,Classes,,599,Évolution des nombres d'établissements et de classes du post-primaire et du secondaire général des secteurs public et privé par région.csv
2013,Centre-Est,,Evolution des nombres d'établissements et de classes du post-primaire et du secondaire général des secteurs public et privé par région,Classes,,680,Évolution des nombres d'établissements et de classes du post-primaire et du secondaire général des secteurs public et privé par région.csv
2014,Centre-Est,,Evolution des nombres d'établissements et de classes du post-primaire et du secondaire général des secteurs public et privé par région,Classes,,810,Évolution des nombres d'établissements et de classes du post-primaire et du secondaire général des secteurs public et privé par région.csv
2015,Centre-Est,,Evolution des nombres d'établissements et de classes du post-primaire et du secondaire général des secteurs public et privé par région,Classes,,1029,Évolution des nombres d'établissements et de classes du post-primaire et du secondaire général des secteurs public et privé par région.csv
2016,Centre-Est,,Evolution des nombres d'établissements et de classes du post-primaire et du secondaire général des secteurs public et privé par région,Classes,,1259,Évolution des nombres d'établissements et de classes du post-primaire et du secondaire général des secteurs public et privé par région.csv
2017,Centre-Est,,Evolution des nombres d'établissements et de classes du post-primaire et du secondaire général des secteurs public et privé par région,Classes,,1381,Évolution des nombres d'établissements et de classes du post-primaire et du secondaire général des secteurs public et privé par région.csv
2018,Centre-Est,,Evolution des nombres d'établissements et de classes du post-primaire et du secondaire général des secteurs public et privé par région,Classes,,1707,Évolution des nombres d'établissements et de classes du post-primaire et du secondaire général des secteurs public et privé par région.csv
2019,Centre-Est,,Evolution des nombres d'établissements et de classes du post-primaire et du secondaire général des secteurs public et privé par région,Classes,,1832,Évolution des nombres d'établissements et de classes du post-primaire et du secondaire général des secteurs public et privé par région.csv
2020,Centre-Est,,Evolution des nombres d'établissements et de classes du post-primaire et du secondaire général des secteurs public et privé par région,Classes,,1896,Évolution des nombres d'établissements et de classes du post-primaire et du secondaire général des secteurs public et privé par région.csv
2021,Centre-Est,,Evolution des nombres d'établissements et de classes du post-primaire et du secondaire général des secteurs public et privé par région,Classes,,1147,Évolution des nombres d'établissements et de classes du post-primaire et du secondaire général des secteurs public et privé par région.csv
2022,Centre-Est,,Evolution des nombres d'établissements et de classes du post-primaire et du secondaire général des secteurs public et privé par région,Classes,,1100,Évolution des nombres d'établissements et de classes du post-primaire et du secondaire général des secteurs public et privé par région.csv
1997,Centre-Nord,,Evolution des nombres d'établissements et de classes du post-primaire et du secondaire général des secteurs public et privé par région,Etablissements,,15,Évolution des nombres d'établissements et de classes du post-primaire et du secondaire général des secteurs public et privé par région.csv
1998,Centre-Nord,,Evolution des nombres d'établissements et de classes du post-primaire et du secondaire général des secteurs public et privé par région,Etablissements,,16,Évolution des nombres d'établissements et de classes du post-primaire et du secondaire général des secteurs public et privé par région.csv
1999,Centre-Nord,,Evolution des nombres d'établissements et de classes du post-primaire et du secondaire général des secteurs public et privé par région,Etablissements,,16,Évolution des nombres d'établissements et de classes du post-primaire et du secondaire général des secteurs public et privé par région.csv
2000,Centre-Nord,,Evolution des nombres d'établissements et de classes du post-primaire et du secondaire général des secteurs public et privé par région,Etablissements,,16,Évolution des nombres d'établissements et de classes du post-primaire et du secondaire général des secteurs public et privé par région.csv
2001,Centre-Nord,,Evolution des nombres d'établissements et de classes du post-primaire et du secondaire général des secteurs public et privé par région,Etablissements,,17,Évolution des nombres d'établissements et de classes du post-primaire et du secondaire général des secteurs public et privé par région.csv
2002,Centre-Nord,,Evolution des nombres d'établissements et de classes du post-primaire et du secondaire général des secteurs public et privé par région,Etablissements,,22,Évolution des nombres d'établissements et de classes du post-primaire et du secondaire général des secteurs public et privé par région.csv
2003,Centre-Nord,,Evolution des nombres d'établissements et de classes du post-primaire et du secondaire général des secteurs public et privé par région,Etablissements,,23,Évolution des nombres d'établissements et de classes du post-primaire et du secondaire général des secteurs public et privé par région.csv
2004,Centre-Nord,,Evolution des nombres d'établissements et de classes du post-primaire et du secondaire général des secteurs public et privé par région,Etablissements,,25,Évolution des nombres d'établissements et de classes du post-primaire et du secondaire général des secteurs public et privé par région.csv
2005,Centre-Nord,,Evolution des nombres d'établissements et de classes du post-primaire et du secondaire général des secteurs public et privé par région,Etablissements,,29,Évolution des nombres d'établissements et de classes du post-primaire et du secondaire général des secteurs public et privé par région.csv
2006,Centre-Nord,,Evolution des nombres d'établissements et de classes du post-primaire et du secondaire général des secteurs public et privé par région,Etablissements,,31,Évolution des nombres d'établissements et de classes du post-primaire et du secondaire général des secteurs public et privé par région.csv
2007,Centre-Nord,,Evolution des nombres d'établissements et de classes du post-primaire et du secondaire général des secteurs public et privé par région,Etablissements,,35,Évolution des nombres d'établissements et de classes du post-primaire et du secondaire général des secteurs public et privé par région.csv
2008,Centre-Nord,,Evolution des nombres d'établissements et de classes du post-primaire et du secondaire général des secteurs public et privé par région,Etablissements,,51,Évolution des nombres d'établissements et de classes du post-primaire et du secondaire général des secteurs public et privé par région.csv
2009,Centre-Nord,,Evolution des nombres d'établissements et de classes du post-primaire et du secondaire général des secteurs public et privé par région,Etablissements,,55,Évolution des nombres d'établissements et de classes du post-primaire et du secondaire général des secteurs public et privé par région.csv
2010,Centre-Nord,,Evolution des nombres d'établissements et de classes du post-primaire et du secondaire général des secteurs public et privé par région,Etablissements,,61,Évolution des nombres d'établissements et de classes du post-primaire et du secondaire général des secteurs public et privé par région.csv
2011,Centre-Nord,,Evolution des nombres d'établissements et de classes du post-primaire et du secondaire général des secteurs public et privé par région,Etablissements,,69,Évolution des nombres d'établissements et de classes du post-primaire et du secondaire général des secteurs public et privé par région.csv
2012,Centre-Nord,,Evolution des nombres d'établissements et de classes du post-primaire et du secondaire général des secteurs public et privé par région,Etablissements,,76,Évolution des nombres d'établissements et de classes du post-primaire et du secondaire général des secteurs public et privé par région.csv
2013,Centre-Nord,,Evolution des nombres d'établissements et de classes du post-primaire et du secondaire général des secteurs public et privé par région,Etablissements,,79,Évolution des nombres d'établissements et de classes du post-primaire et du secondaire général des secteurs public et privé par région.csv
2014,Centre-Nord,,Evolution des nombres d'établissements et de classes du post-primaire et du secondaire général des secteurs public et privé par région,Etablissements,,95,Évolution des nombres d'établissements et de classes du post-primaire et du secondaire général des secteurs public et privé par région.csv
2015,Centre-Nord,,Evolution des nombres d'établissements et de classes du post-primaire et du secondaire général des secteurs public et privé par région,Etablissements,,124,Évolution des nombres d'établissements et de classes du post-primaire et du secondaire général des secteurs public et privé par région.csv
2016,Centre-Nord,,Evolution des nombres d'établissements et de classes du post-primaire et du secondaire général des secteurs public et privé par région,Etablissements,,226,Évolution des nombres d'établissements et de classes du post-primaire et du secondaire général des secteurs public et privé par région.csv
2017,Centre-Nord,,Evolution des nombres d'établissements et de classes du post-primaire et du secondaire général des secteurs public et privé par région,Etablissements,,232,Évolution des nombres d'établissements et de classes du post-primaire et du secondaire général des secteurs public et privé par région.csv
2018,Centre-Nord,,Evolution des nombres d'établissements et de classes du post-primaire et du secondaire général des secteurs public et privé par région,Etablissements,,244,Évolution des nombres d'établissements et de classes du post-primaire et du secondaire général des secteurs public et privé par région.csv
2019,Centre-Nord,,Evolution des nombres d'établissements et de classes du post-primaire et du secondaire général des secteurs public et privé par région,Etablissements,,280,Évolution des nombres d'établissements et de classes du post-primaire et du secondaire général des secteurs public et privé par région.csv
2020,Centre-Nord,,Evolution des nombres d'établissements et de classes du post-primaire et du secondaire général des secteurs public et privé par région,Etablissements,,247,Évolution des nombres d'établissements et de classes du post-primaire et du secondaire général des secteurs public et privé par région.csv
2021,Centre-Nord,,Evolution des nombres d'établissements et de classes du post-primaire et du secondaire général des secteurs public et privé par région,Etablissements,,85,Évolution des nombres d'établissements et de classes du post-primaire et du secondaire général des secteurs public et privé par région.csv
2022,Centre-Nord,,Evolution des nombres d'établissements et de classes du post-primaire et du secondaire général des secteurs public et privé par région,Etablissements,,81,Évolution des nombres d'établissements et de classes du post-primaire et du secondaire général des secteurs public et privé par région.csv
1997,Centre-Nord,,Evolution des nombres d'établissements et de classes du post-primaire et du secondaire général des secteurs public et privé par région,Classes,,121,Évolution des nombres d'établissements et de classes du post-primaire et du secondaire général des secteurs public et privé par région.csv
1998,Centre-Nord,,Evolution des nombres d'établissements et de classes du post-primaire et du secondaire général des secteurs public et privé par région,Classes,,126,Évolution des nombres d'établissements et de classes du post-primaire et du secondaire général des secteurs public et privé par région.csv
1999,Centre-Nord,,Evolution des nombres d'établissements et de classes du post-primaire et du secondaire général des secteurs public et privé par région,Classes,,129,Évolution des nombres d'établissements et de classes du post-primaire et du secondaire général des secteurs public et privé par région.csv
2000,Centre-Nord,,Evolution des nombres d'établissements et de classes du post-primaire et du secondaire général des secteurs public et privé par région,Classes,,132,Évolution des nombres d'établissements et de classes du post-primaire et du secondaire général des secteurs public et privé par région.csv
2001,Centre-Nord,,Evolution des nombres d'établissements et de classes du post-primaire et du secondaire général des secteurs public et privé par région,Classes,,139,Évolution des nombres d'établissements et de classes du post-primaire et du secondaire général des secteurs public et privé par région.csv
2002,Centre-Nord,,Evolution des nombres d'établissements et de classes du post-primaire et du secondaire général des secteurs public et privé par région,Classes,,134,Évolution des nombres d'établissements et de classes du post-primaire et du secondaire général des secteurs public et privé par région.csv
2003,Centre-Nord,,Evolution des nombres d'établissements et de classes du post-primaire et du secondaire général des secteurs public et privé par région,Classes,,157,Évolution des nombres d'établissements et de classes du post-primaire et du secondaire général des secteurs public et privé par région.csv
2004,Centre-Nord,,Evolution des nombres d'établissements et de classes du post-primaire et du secondaire général des secteurs public et privé par région,Classes,,191,Évolution des nombres d'établissements et de classes du post-primaire et du secondaire général des secteurs public et privé par région.csv
2005,Centre-Nord,,Evolution des nombres d'établissements et de classes du post-primaire et du secondaire général des secteurs public et privé par région,Classes,,218,Évolution des nombres d'établissements et de classes du post-primaire et du secondaire général des secteurs public et privé par région.csv
2006,Centre-Nord,,Evolution des nombres d'établissements et de classes du post-primaire et du secondaire général des secteurs public et privé par région,Classes,,245,Évolution des nombres d'établissements et de classes du post-primaire et du secondaire général des secteurs public et privé par région.csv
2007,Centre-Nord,,Evolution des nombres d'établissements et de classes du post-primaire et du secondaire général des secteurs public et privé par région,Classes,,240,Évolution des nombres d'établissements et de classes du post-primaire et du secondaire général des secteurs public et privé par région.csv
2008,Centre-Nord,,Evolution des nombres d'établissements et de classes du post-primaire et du secondaire général des secteurs public et privé par région,Classes,,286,Évolution des nombres d'établissements et de classes du post-primaire et du secondaire général des secteurs public et privé par région.csv
2009,Centre-Nord,,Evolution des nombres d'établissements et de classes du post-primaire et du secondaire général des secteurs public et privé par région,Classes,,318,Évolution des nombres d'établissements et de classes du post-primaire et du secondaire général des secteurs public et privé par région.csv
2010,Centre-Nord,,Evolution des nombres d'établissements et de classes du post-primaire et du secondaire général des secteurs public et privé par région,Classes,,354,Évolution des nombres d'établissements et de classes du post-primaire et du secondaire général des secteurs public et privé par région.csv
2011,Centre-Nord,,Evolution des nombres d'établissements et de classes du post-primaire et du secondaire général des secteurs public et privé par région,Classes,,414,Évolution des nombres d'établissements et de classes du post-primaire et du secondaire général des secteurs public et privé par région.csv
2012,Centre-Nord,,Evolution des nombres d'établissements et de classes du post-primaire et du secondaire général des secteurs public et privé par région,Classes,,468,Évolution des nombres d'établissements et de classes du post-primaire et du secondaire général des secteurs public et privé par région.csv
2013,Centre-Nord,,Evolution des nombres d'établissements et de classes du post-primaire et du secondaire général des secteurs public et privé par région,Classes,,567,Évolution des nombres d'établissements et de classes du post-primaire et du secondaire général des secteurs public et privé par région.csv
2014,Centre-Nord,,Evolution des nombres d'établissements et de classes du post-primaire et du secondaire général des secteurs public et privé par région,Classes,,687,Évolution des nombres d'établissements et de classes du post-primaire et du secondaire général des secteurs public et privé par région.csv
2015,Centre-Nord,,Evolution des nombres d'établissements et de classes du post-primaire et du secondaire général des secteurs public et privé par région,Classes,,848,Évolution des nombres d'établissements et de classes du post-primaire et du secondaire général des secteurs public et privé par région.csv
2016,Centre-Nord,,Evolution des nombres d'établissements et de classes du post-primaire et du secondaire général des secteurs public et privé par région,Classes,,1096,Évolution des nombres d'établissements et de classes du post-primaire et du secondaire général des secteurs public et privé par région.csv
2017,Centre-Nord,,Evolution des nombres d'établissements et de classes du post-primaire et du secondaire général des secteurs public et privé par région,Classes,,1237,Évolution des nombres d'établissements et de classes du post-primaire et du secondaire général des secteurs public et privé par région.csv
2018,Centre-Nord,,Evolution des nombres d'établissements et de classes du post-primaire et du secondaire général des secteurs public et privé par région,Classes,,1388,Évolution des nombres d'établissements et de classes du post-primaire et du secondaire général des secteurs public et privé par région.csv
2019,Centre-Nord,,Evolution des nombres d'établissements et de classes du post-primaire et du secondaire général des secteurs public et privé par région,Classes,,1582,Évolution des nombres d'établissements et de classes du post-primaire et du secondaire général des secteurs public et privé par région.csv
2020,Centre-Nord,,Evolution des nombres d'établissements et de classes du post-primaire et du secondaire général des secteurs public et privé par région,Classes,,1412,Évolution des nombres d'établissements et de classes du post-primaire et du secondaire général des secteurs public et privé par région.csv
2021,Centre-Nord,,Evolution des nombres d'établissements et de classes du post-primaire et du secondaire général des secteurs public et privé par région,Classes,,900,Évolution des nombres d'établissements et de classes du post-primaire et du secondaire général des secteurs public et privé par région.csv
2022,Centre-Nord,,Evolution des nombres d'établissements et de classes du post-primaire et du secondaire général des secteurs public et privé par région,Classes,,865,Évolution des nombres d'établissements et de classes du post-primaire et du secondaire général des secteurs public et privé par région.csv
1997,Centre-Ouest,,Evolution des nombres d'établissements et de classes du post-primaire et du secondaire général des secteurs public et privé par région,Etablissements,,24,Évolution des nombres d'établissements et de classes du post-primaire et du secondaire général des secteurs public et privé par région.csv
1998,Centre-Ouest,,Evolution des nombres d'établissements et de classes du post-primaire et du secondaire général des secteurs public et privé par région,Etablissements,,29,Évolution des nombres d'établissements et de classes du post-primaire et du secondaire général des secteurs public et privé par région.csv
1999,Centre-Ouest,,Evolution des nombres d'établissements et de classes du post-primaire et du secondaire général des secteurs public et privé par région,Etablissements,,32,Évolution des nombres d'établissements et de classes du post-primaire et du secondaire général des secteurs public et privé par région.csv
2000,Centre-Ouest,,Evolution des nombres d'établissements et de classes du post-primaire et du secondaire général des secteurs public et privé par région,Etablissements,,33,Évolution des nombres d'établissements et de classes du post-primaire et du secondaire général des secteurs public et privé par région.csv
2001,Centre-Ouest,,Evolution des nombres d'établissements et de classes du post-primaire et du secondaire général des secteurs public et privé par région,Etablissements,,37,Évolution des nombres d'établissements et de classes du post-primaire et du secondaire général des secteurs public et privé par région.csv
2002,Centre-Ouest,,Evolution des nombres d'établissements et de classes du post-primaire et du secondaire général des secteurs public et privé par région,Etablissements,,39,Évolution des nombres d'établissements et de classes du post-primaire et du secondaire général des secteurs public et privé par région.csv
2003,Centre-Ouest,,Evolution des nombres d'établissements et de classes du post-primaire et du secondaire général des secteurs public et privé par région,Etablissements,,41,Évolution des nombres d'établissements et de classes du post-primaire et du secondaire général des secteurs public et privé par région.csv
2004,Centre-Ouest,,Evolution des nombres d'établissements et de classes du post-primaire et du secondaire général des secteurs public et privé par région,Etablissements,,45,Évolution des nombres d'établissements et de classes du post-primaire et du secondaire général des secteurs public et privé par région.csv
2005,Centre-Ouest,,Evolution des nombres d'établissements et de classes du post-primaire et du secondaire général des secteurs public et privé par région,Etablissements,,51,Évolution des nombres d'établissements et de classes du post-primaire et du secondaire général des secteurs public et privé par région.csv
2006,Centre-Ouest,,Evolution des nombres d'établissements et de classes du post-primaire et du secondaire général des secteurs public et privé par région,Etablissements,,53,Évolution des nombres d'établissements et de classes du post-primaire et du secondaire général des secteurs public et privé par région.csv
2007,Centre-Ouest,,Evolution des nombres d'établissements et de classes du post-primaire et du secondaire général des secteurs public et privé par région,Etablissements,,58,Évolution des nombres d'établissements et de classes du post-primaire et du secondaire général des secteurs public et privé par région.csv
2008,Centre-Ouest,,Evolution des nombres d'établissements et de classes du post-primaire et du secondaire général des secteurs public et privé par région,Etablissements,,82,Évolution des nombres d'établissements et de classes du post-primaire et du secondaire général des secteurs public et privé par région.csv
2009,Centre-Ouest,,Evolution des nombres d'établissements et de classes du post-primaire et du secondaire général des secteurs public et privé par région,Etablissements,,91,Évolution des nombres d'établissements et de classes du post-primaire et du secondaire général des secteurs public et privé par région.csv
2010,Centre-Ouest,,Evolution des nombres d'établissements et de classes du post-primaire et du secondaire général des secteurs public et privé par région,Etablissements,,102,Évolution des nombres d'établissements et de classes du post-primaire et du secondaire général des secteurs public et privé par région.csv
2011,Centre-Ouest,,Evolution des nombres d'établissements et de classes du post-primaire et du secondaire général des secteurs public et privé par région,Etablissements,,112,Évolution des nombres d'établissements et de classes du post-primaire et du secondaire général des secteurs public et privé par région.csv
2012,Centre-Ouest,,Evolution des nombres d'établissements et de classes du post-primaire et du secondaire général des secteurs public et privé par région,Etablissements,,117,Évolution des nombres d'établissements et de classes du post-primaire et du secondaire général des secteurs public et privé par région.csv
2013,Centre-Ouest,,Evolution des nombres d'établissements et de classes du post-primaire et du secondaire général des secteurs public et privé par région,Etablissements,,115,Évolution des nombres d'établissements et de classes du post-primaire et du secondaire général des secteurs public et privé par région.csv
2014,Centre-Ouest,,Evolution des nombres d'établissements et de classes du post-primaire et du secondaire général des secteurs public et privé par région,Etablissements,,137,Évolution des nombres d'établissements et de classes du post-primaire et du secondaire général des secteurs public et privé par région.csv
2015,Centre-Ouest,,Evolution des nombres d'établissements et de classes du post-primaire et du secondaire général des secteurs public et privé par région,Etablissements,,268,Évolution des nombres d'établissements et de classes du post-primaire et du secondaire général des secteurs public et privé par région.csv
2016,Centre-Ouest,,Evolution des nombres d'établissements et de classes du post-primaire et du secondaire général des secteurs public et privé par région,Etablissements,,312,Évolution des nombres d'établissements et de classes du post-primaire et du secondaire général des secteurs public et privé par région.csv
2017,Centre-Ouest,,Evolution des nombres d'établissements et de classes du post-primaire et du secondaire général des secteurs public et privé par région,Etablissements,,337,Évolution des nombres d'établissements et de classes du post-primaire et du secondaire général des secteurs public et privé par région.csv
2018,Centre-Ouest,,Evolution des nombres d'établissements et de classes du post-primaire et du secondaire général des secteurs public et privé par région,Etablissements,,382,Évolution des nombres d'établissements et de classes du post-primaire et du secondaire général des secteurs public et privé par région.csv
2019,Centre-Ouest,,Evolution des nombres d'établissements et de classes du post-primaire et du secondaire général des secteurs public et privé par région,Etablissements,,426,Évolution des nombres d'établissements et de classes du post-primaire et du secondaire général des secteurs public et privé par région.csv
2020,Centre-Ouest,,Evolution des nombres d'établissements et de classes du post-primaire et du secondaire général des secteurs public et privé par région,Etablissements,,453,Évolution des nombres d'établissements et de classes du post-primaire et du secondaire général des secteurs public et privé par région.csv
2021,Centre-Ouest,,Evolution des nombres d'établissements et de classes du post-primaire et du secondaire général des secteurs public et privé par région,Etablissements,,157,Évolution des nombres d'établissements et de classes du post-primaire et du secondaire général des secteurs public et privé par région.csv
2022,Centre-Ouest,,Evolution des nombres d'établissements et de classes du post-primaire et du secondaire général des secteurs public et privé par région,Etablissements,,160,Évolution des nombres d'établissements et de classes du post-primaire et du secondaire général des secteurs public et privé par région.csv
1997,Centre-Ouest,,Evolution des nombres d'établissements et de classes du post-primaire et du secondaire général des secteurs public et privé par région,Classes,,224,Évolution des nombres d'établissements et de classes du post-primaire et du secondaire général des secteurs public et privé par région.csv
1998,Centre-Ouest,,Evolution des nombres d'établissements et de classes du post-primaire et du secondaire général des secteurs public et privé par région,Classes,,236,Évolution des nombres d'établissements et de classes du post-primaire et du secondaire général des secteurs public et privé par région.csv
1999,Centre-Ouest,,Evolution des nombres d'établissements et de classes du post-primaire et du secondaire général des secteurs public et privé par région,Classes,,248,Évolution des nombres d'établissements et de classes du post-primaire et du secondaire général des secteurs public et privé par région.csv
2000,Centre-Ouest,,Evolution des nombres d'établissements et de classes du post-primaire et du secondaire général des secteurs public et privé par région,Classes,,263,Évolution des nombres d'établissements et de classes du post-primaire et du secondaire général des secteurs public et privé par région.csv
2001,Centre-Ouest,,Evolution des nombres d'établissements et de classes du post-primaire et du secondaire général des secteurs public et privé par région,Classes,,262,Évolution des nombres d'établissements et de classes du post-primaire et du secondaire général des secteurs public et privé par région.csv
2002,Centre-Ouest,,Evolution des nombres d'établissements et de classes du post-primaire et du secondaire général des secteurs public et privé par région,Classes,,281,Évolution des nombres d'établissements et de classes du post-primaire et du secondaire général des secteurs public et privé par région.csv
2003,Centre-Ouest,,Evolution des nombres d'établissements et de classes du post-primaire et du secondaire général des secteurs public et privé par région,Classes,,327,Évolution des nombres d'établissements et de classes du post-primaire et du secondaire général des secteurs public et privé par région.csv
2004,Centre-Ouest,,Evolution des nombres d'établissements et de classes du post-primaire et du secondaire général des secteurs public et privé par région,Classes,,365,Évolution des nombres d'établissements et de classes du post-primaire et du secondaire général des secteurs public et privé par région.csv
2005,Centre-Ouest,,Evolution des nombres d'établissements et de classes du post-primaire et du secondaire général des secteurs public et privé par région,Classes,,416,Évolution des nombres d'établissements et de classes du post-primaire et du secondaire général des secteurs public et privé par région.csv
2006,Centre-Ouest,,Evolution des nombres d'établissements et de classes du post-primaire et du secondaire général des secteurs public et privé par région,Classes,,429,Évolution des nombres d'établissements et de classes du post-primaire et du secondaire général des secteurs public et privé par région.csv
2007,Centre-Ouest,,Evolution des nombres d'établissements et de classes du post-primaire et du secondaire général des secteurs public et privé par région,Classes,,419,Évolution des nombres d'établissements et de classes du post-primaire et du secondaire général des secteurs public et privé par région.csv
2008,Centre-Ouest,,Evolution des nombres d'établissements et de classes du post-primaire et du secondaire général des secteurs public et privé par région,Classes,,469,Évolution des nombres d'établissements et de classes du post-primaire et du secondaire général des secteurs public et privé par région.csv
2009,Centre-Ouest,,Evolution des nombres d'établissements et de classes du post-primaire et du secondaire général des secteurs public et privé par région,Classes,,521,Évolution des nombres d'établissements et de classes du post-primaire et du secondaire général des secteurs public et privé par région.csv
2010,Centre-Ouest,,Evolution des nombres d'établissements et de classes du post-primaire et du secondaire général des secteurs public et privé par région,Classes,,597,Évolution des nombres d'établissements et de classes du post-primaire et du secondaire général des secteurs public et privé par région.csv
2011,Centre-Ouest,,Evolution des nombres d'établissements et de classes du post-primaire et du secondaire général des secteurs public et privé par région,Classes,,681,Évolution des nombres d'établissements et de classes du post-primaire et du secondaire général des secteurs public et privé par région.csv
2012,Centre-Ouest,,Evolution des nombres d'établissements et de classes du post-primaire et du secondaire général des secteurs public et privé par région,Classes,,743,Évolution des nombres d'établissements et de classes du post-primaire et du secondaire général des secteurs public et privé par région.csv
2013,Centre-Ouest,,Evolution des nombres d'établissements et de classes du post-primaire et du secondaire général des secteurs public et privé par région,Classes,,864,Évolution des nombres d'établissements et de classes du post-primaire et du secondaire général des secteurs public et privé par région.csv
2014,Centre-Ouest,,Evolution des nombres d'établissements et de classes du post-primaire et du secondaire général des secteurs public et privé par région,Classes,,1017,Évolution des nombres d'établissements et de classes du post-primaire et du secondaire général des secteurs public et privé par région.csv
2015,Centre-Ouest,,Evolution des nombres d'établissements et de classes du post-primaire et du secondaire général des secteurs public et privé par région,Classes,,1376,Évolution des nombres d'établissements et de classes du post-primaire et du secondaire général des secteurs public et privé par région.csv
2016,Centre-Ouest,,Evolution des nombres d'établissements et de classes du post-primaire et du secondaire général des secteurs public et privé par région,Classes,,1598,Évolution des nombres d'établissements et de classes du post-primaire et du secondaire général des secteurs public et privé par région.csv
2017,Centre-Ouest,,Evolution des nombres d'établissements et de classes du post-primaire et du secondaire général des secteurs public et privé par région,Classes,,1881,Évolution des nombres d'établissements et de classes du post-primaire et du secondaire général des secteurs public et privé par région.csv
2018,Centre-Ouest,,Evolution des nombres d'établissements et de classes du post-primaire et du secondaire général des secteurs public et privé par région,Classes,,2252,Évolution des nombres d'établissements et de classes du post-primaire et du secondaire général des secteurs public et privé par région.csv
2019,Centre-Ouest,,Evolution des nombres d'établissements et de classes du post-primaire et du secondaire général des secteurs public et privé par région,Classes,,2648,Évolution des nombres d'établissements et de classes du post-primaire et du secondaire général des secteurs public et privé par région.csv
2020,Centre-Ouest,,Evolution des nombres d'établissements et de classes du post-primaire et du secondaire général des secteurs public et privé par région,Classes,,2672,Évolution des nombres d'établissements et de classes du post-primaire et du secondaire général des secteurs public et privé par région.csv
2021,Centre-Ouest,,Evolution des nombres d'établissements et de classes du post-primaire et du secondaire général des secteurs public et privé par région,Classes,,1675,Évolution des nombres d'établissements et de classes du post-primaire et du secondaire général des secteurs public et privé par région.csv
2022,Centre-Ouest,,Evolution des nombres d'établissements et de classes du post-primaire et du secondaire général des secteurs public et privé par région,Classes,,1620,Évolution des nombres d'établissements et de classes du post-primaire et du secondaire général des secteurs public et privé par région.csv
1997,Centre-Sud,,Evolution des nombres d'établissements et de classes du post-primaire et du secondaire général des secteurs public et privé par région,Etablissements,,10,Évolution des nombres d'établissements et de classes du post-primaire et du secondaire général des secteurs public et privé par région.csv
1998,Centre-Sud,,Evolution des nombres d'établissements et de classes du post-primaire et du secondaire général des secteurs public et privé par région,Etablissements,,12,Évolution des nombres d'établissements et de classes du post-primaire et du secondaire général des secteurs public et privé par région.csv
1999,Centre-Sud,,Evolution des nombres d'établissements et de classes du post-primaire et du secondaire général des secteurs public et privé par région,Etablissements,,13,Évolution des nombres d'établissements et de classes du post-primaire et du secondaire général des secteurs public et privé par région.csv
2000,Centre-Sud,,Evolution des nombres d'établissements et de classes du post-primaire et du secondaire général des secteurs public et privé par région,Etablissements,,15,Évolution des nombres d'établissements et de classes du post-primaire et du secondaire général des secteurs public et privé par région.csv
2001,Centre-Sud,,Evolution des nombres d'établissements et de classes du post-primaire et du secondaire général des secteurs public et privé par région,Etablissements,,16,Évolution des nombres d'établissements et de classes du post-primaire et du secondaire général des secteurs public et privé par région.csv
2002,Centre-Sud,,Evolution des nombres d'établissements et de classes du post-primaire et du secondaire général des secteurs public et privé par région,Etablissements,,19,Évolution des nombres d'établissements et de classes du post-primaire et du secondaire général des secteurs public et privé par région.csv
2003,Centre-Sud,,Evolution des nombres d'établissements et de classes du post-primaire et du secondaire général des secteurs public et privé par région,Etablissements,,23,Évolution des nombres d'établissements et de classes du post-primaire et du secondaire général des secteurs public et privé par région.csv
2004,Centre-Sud,,Evolution des nombres d'établissements et de classes du post-primaire et du secondaire général des secteurs public et privé par région,Etablissements,,24,Évolution des nombres d'établissements et de classes du post-primaire et du secondaire général des secteurs public et privé par région.csv
2005,Centre-Sud,,Evolution des nombres d'établissements et de classes du post-primaire et du secondaire général des secteurs public et privé par région,Etablissements,,27,Évolution des nombres d'établissements et de classes du post-primaire et du secondaire général des secteurs public et privé par région.csv
2006,Centre-Sud,,Evolution des nombres d'établissements et de classes du post-primaire et du secondaire général des secteurs public et privé par région,Etablissements,,27,Évolution des nombres d'établissements et de classes du post-primaire et du secondaire général des secteurs public et privé par région.csv
2007,Centre-Sud,,Evolution des nombres d'établissements et de classes du post-primaire et du secondaire général des secteurs public et privé par région,Etablissements,,28,Évolution des nombres d'établissements et de classes du post-primaire et du secondaire général des secteurs public et privé par région.csv
2008,Centre-Sud,,Evolution des nombres d'établissements et de classes du post-primaire et du secondaire général des secteurs public et privé par région,Etablissements,,37,Évolution des nombres d'établissements et de classes du post-primaire et du secondaire général des secteurs public et privé par région.csv
2009,Centre-Sud,,Evolution des nombres d'établissements et de classes du post-primaire et du secondaire général des secteurs public et privé par région,Etablissements,,46,Évolution des nombres d'établissements et de classes du post-primaire et du secondaire général des secteurs public et privé par région.csv
2010,Centre-Sud,,Evolution des nombres d'établissements et de classes du post-primaire et du secondaire général des secteurs public et privé par région,Etablissements,,55,Évolution des nombres d'établissements et de classes du post-primaire et du secondaire général des secteurs public et privé par région.csv
2011,Centre-Sud,,Evolution des nombres d'établissements et de classes du post-primaire et du secondaire général des secteurs public et privé par région,Etablissements,,58,Évolution des nombres d'établissements et de classes du post-primaire et du secondaire général des secteurs public et privé par région.csv
2012,Centre-Sud,,Evolution des nombres d'établissements et de classes du post-primaire et du secondaire général des secteurs public et privé par région,Etablissements,,64,Évolution des nombres d'établissements et de classes du post-primaire et du secondaire général des secteurs public et privé par région.csv
2013,Centre-Sud,,Evolution des nombres d'établissements et de classes du post-primaire et du secondaire général des secteurs public et privé par région,Etablissements,,67,Évolution des nombres d'établissements et de classes du post-primaire et du secondaire général des secteurs public et privé par région.csv
2014,Centre-Sud,,Evolution des nombres d'établissements et de classes du post-primaire et du secondaire général des secteurs public et privé par région,Etablissements,,80,Évolution des nombres d'établissements et de classes du post-primaire et du secondaire général des secteurs public et privé par région.csv
2015,Centre-Sud,,Evolution des nombres d'établissements et de classes du post-primaire et du secondaire général des secteurs public et privé par région,Etablissements,,134,Évolution des nombres d'établissements et de classes du post-primaire et du secondaire général des secteurs public et privé par région.csv
2016,Centre-Sud,,Evolution des nombres d'établissements et de classes du post-primaire et du secondaire général des secteurs public et privé par région,Etablissements,,163,Évolution des nombres d'établissements et de classes du post-primaire et du secondaire général des secteurs public et privé par région.csv
2017,Centre-Sud,,Evolution des nombres d'établissements et de classes du post-primaire et du secondaire général des secteurs public et privé par région,Etablissements,,173,Évolution des nombres d'établissements et de classes du post-primaire et du secondaire général des secteurs public et privé par région.csv
2018,Centre-Sud,,Evolution des nombres d'établissements et de classes du post-primaire et du secondaire général des secteurs public et privé par région,Etablissements,,170,Évolution des nombres d'établissements et de classes du post-primaire et du secondaire général des secteurs public et privé par région.csv
2019,Centre-Sud,,Evolution des nombres d'établissements et de classes du post-primaire et du secondaire général des secteurs public et privé par région,Etablissements,,170,Évolution des nombres d'établissements et de classes du post-primaire et du secondaire général des secteurs public et privé par région.csv
2020,Centre-Sud,,Evolution des nombres d'établissements et de classes du post-primaire et du secondaire général des secteurs public et privé par région,Etablissements,,206,Évolution des nombres d'établissements et de classes du post-primaire et du secondaire général des secteurs public et privé par région.csv
2021,Centre-Sud,,Evolution des nombres d'établissements et de classes du post-primaire et du secondaire général des secteurs public et privé par région,Etablissements,,76,Évolution des nombres d'établissements et de classes du post-primaire et du secondaire général des secteurs public et privé par région.csv
2022,Centre-Sud,,Evolution des nombres d'établissements et de classes du post-primaire et du secondaire général des secteurs public et privé par région,Etablissements,,72,Évolution des nombres d'établissements et de classes du post-primaire et du secondaire général des secteurs public et privé par région.csv
1997,Centre-Sud,,Evolution des nombres d'établissements et de classes du post-primaire et du secondaire général des secteurs public et privé par région,Classes,,85,Évolution des nombres d'établissements et de classes du post-primaire et du secondaire général des secteurs public et privé par région.csv
1998,Centre-Sud,,Evolution des nombres d'établissements et de classes du post-primaire et du secondaire général des secteurs public et privé par région,Classes,,87,Évolution des nombres d'établissements et de classes du post-primaire et du secondaire général des secteurs public et privé par région.csv
1999,Centre-Sud,,Evolution des nombres d'établissements et de classes du post-primaire et du secondaire général des secteurs public et privé par région,Classes,,93,Évolution des nombres d'établissements et de classes du post-primaire et du secondaire général des secteurs public et privé par région.csv
2000,Centre-Sud,,Evolution des nombres d'établissements et de classes du post-primaire et du secondaire général des secteurs public et privé par région,Classes,,98,Évolution des nombres d'établissements et de classes du post-primaire et du secondaire général des secteurs public et privé par région.csv
2001,Centre-Sud,,Evolution des nombres d'établissements et de classes du post-primaire et du secondaire général des secteurs public et privé par région,Classes,,106,Évolution des nombres d'établissements et de classes du post-primaire et du secondaire général des secteurs public et privé par région.csv
2002,Centre-Sud,,Evolution des nombres d'établissements et de classes du post-primaire et du secondaire général des secteurs public et privé par région,Classes,,115,Évolution des nombres d'établissements et de classes du post-primaire et du secondaire général des secteurs public et privé par région.csv
2003,Centre-Sud,,Evolution des nombres d'établissements et de classes du post-primaire et du secondaire général des secteurs public et privé par région,Classes,,128,Évolution des nombres d'établissements et de classes du post-primaire et du secondaire général des secteurs public et privé par région.csv
2004,Centre-Sud,,Evolution des nombres d'établissements et de classes du post-primaire et du secondaire général des secteurs public et privé par région,Classes,,160,Évolution des nombres d'établissements et de classes du post-primaire et du secondaire général des secteurs public et privé par région.csv
2005,Centre-Sud,,Evolution des nombres d'établissements et de classes du post-primaire et du secondaire général des secteurs public et privé par région,Classes,,191,Évolution des nombres d'établissements et de classes du post-primaire et du secondaire général des secteurs public et privé par région.csv
2006,Centre-Sud,,Evolution des nombres d'établissements et de classes du post-primaire et du secondaire général des secteurs public et privé par région,Classes,,205,Évolution des nombres d'établissements et de classes du post-primaire et du secondaire général des secteurs public et privé par région.csv
2007,Centre-Sud,,Evolution des nombres d'établissements et de classes du post-primaire et du secondaire général des secteurs public et privé par région,Classes,,207,Évolution des nombres d'établissements et de classes du post-primaire et du secondaire général des secteurs public et privé par région.csv
2008,Centre-Sud,,Evolution des nombres d'établissements et de classes du post-primaire et du secondaire général des secteurs public et privé par région,Classes,,229,Évolution des nombres d'établissements et de classes du post-primaire et du secondaire général des secteurs public et privé par région.csv
2009,Centre-Sud,,Evolution des nombres d'établissements et de classes du post-primaire et du secondaire général des secteurs public et privé par région,Classes,,257,Évolution des nombres d'établissements et de classes du post-primaire et du secondaire général des secteurs public et privé par région.csv
2010,Centre-Sud,,Evolution des nombres d'établissements et de classes du post-primaire et du secondaire général des secteurs public et privé par région,Classes,,313,Évolution des nombres d'établissements et de classes du post-primaire et du secondaire général des secteurs public et privé par région.csv
2011,Centre-Sud,,Evolution des nombres d'établissements et de classes du post-primaire et du secondaire général des secteurs public et privé par région,Classes,,364,Évolution des nombres d'établissements et de classes du post-primaire et du secondaire général des secteurs public et privé par région.csv
2012,Centre-Sud,,Evolution des nombres d'établissements et de classes du post-primaire et du secondaire général des secteurs public et privé par région,Classes,,419,Évolution des nombres d'établissements et de classes du post-primaire et du secondaire général des secteurs public et privé par région.csv
2013,Centre-Sud,,Evolution des nombres d'établissements et de classes du post-primaire et du secondaire général des secteurs public et privé par région,Classes,,495,Évolution des nombres d'établissements et de classes du post-primaire et du secondaire général des secteurs public et privé par région.csv
2014,Centre-Sud,,Evolution des nombres d'établissements et de classes du post-primaire et du secondaire général des secteurs public et privé par région,Classes,,569,Évolution des nombres d'établissements et de classes du post-primaire et du secondaire général des secteurs public et privé par région.csv
2015,Centre-Sud,,Evolution des nombres d'établissements et de classes du post-primaire et du secondaire général des secteurs public et privé par région,Classes,,752,Évolution des nombres d'établissements et de classes du post-primaire et du secondaire général des secteurs public et privé par région.csv
2016,Centre-Sud,,Evolution des nombres d'établissements et de classes du post-primaire et du secondaire général des secteurs public et privé par région,Classes,,872,Évolution des nombres d'établissements et de classes du post-primaire et du secondaire général des secteurs public et privé par région.csv
2017,Centre-Sud,,Evolution des nombres d'établissements et de classes du post-primaire et du secondaire général des secteurs public et privé par région,Classes,,1002,Évolution des nombres d'établissements et de classes du post-primaire et du secondaire général des secteurs public et privé par région.csv
2018,Centre-Sud,,Evolution des nombres d'établissements et de classes du post-primaire et du secondaire général des secteurs public et privé par région,Classes,,1061,Évolution des nombres d'établissements et de classes du post-primaire et du secondaire général des secteurs public et privé par région.csv
2019,Centre-Sud,,Evolution des nombres d'établissements et de classes du post-primaire et du secondaire général des secteurs public et privé par région,Classes,,1104,Évolution des nombres d'établissements et de classes du post-primaire et du secondaire général des secteurs public et privé par région.csv
2020,Centre-Sud,,Evolution des nombres d'établissements et de classes du post-primaire et du secondaire général des secteurs public et privé par région,Classes,,1245,Évolution des nombres d'établissements et de classes du post-primaire et du secondaire général des secteurs public et privé par région.csv
2021,Centre-Sud,,Evolution des nombres d'établissements et de classes du post-primaire et du secondaire général des secteurs public et privé par région,Classes,,774,Évolution des nombres d'établissements et de classes du post-primaire et du secondaire général des secteurs public et privé par région.csv
2022,Centre-Sud,,Evolution des nombres d'établissements et de classes du post-primaire et du secondaire général des secteurs public et privé par région,Classes,,702,Évolution des nombres d'établissements et de classes du post-primaire et du secondaire général des secteurs public et privé par région.csv
1997,Est,,Evolution des nombres d'établissements et de classes du post-primaire et du secondaire général des secteurs public et privé par région,Etablissements,,13,Évolution des nombres d'établissements et de classes du post-primaire et du secondaire général des secteurs public et privé par région.csv
1998,Est,,Evolution des nombres d'établissements et de classes du post-primaire et du secondaire général des secteurs public et privé par région,Etablissements,,13,Évolution des nombres d'établissements et de classes du post-primaire et du secondaire général des secteurs public et privé par région.csv
1999,Est,,Evolution des nombres d'établissements et de classes du post-primaire et du secondaire général des secteurs public et privé par région,Etablissements,,15,Évolution des nombres d'établissements et de classes du post-primaire et du secondaire général des secteurs public et privé par région.csv
2000,Est,,Evolution des nombres d'établissements et de classes du post-primaire et du secondaire général des secteurs public et privé par région,Etablissements,,15,Évolution des nombres d'établissements et de classes du post-primaire et du secondaire général des secteurs public et privé par région.csv
2001,Est,,Evolution des nombres d'établissements et de classes du post-primaire et du secondaire général des secteurs public et privé par région,Etablissements,,16,Évolution des nombres d'établissements et de classes du post-primaire et du secondaire général des secteurs public et privé par région.csv
2002,Est,,Evolution des nombres d'établissements et de classes du post-primaire et du secondaire général des secteurs public et privé par région,Etablissements,,21,Évolution des nombres d'établissements et de classes du post-primaire et du secondaire général des secteurs public et privé par région.csv
2003,Est,,Evolution des nombres d'établissements et de classes du post-primaire et du secondaire général des secteurs public et privé par région,Etablissements,,22,Évolution des nombres d'établissements et de classes du post-primaire et du secondaire général des secteurs public et privé par région.csv
2004,Est,,Evolution des nombres d'établissements et de classes du post-primaire et du secondaire général des secteurs public et privé par région,Etablissements,,26,Évolution des nombres d'établissements et de classes du post-primaire et du secondaire général des secteurs public et privé par région.csv
2005,Est,,Evolution des nombres d'établissements et de classes du post-primaire et du secondaire général des secteurs public et privé par région,Etablissements,,28,Évolution des nombres d'établissements et de classes du post-primaire et du secondaire général des secteurs public et privé par région.csv
2006,Est,,Evolution des nombres d'établissements et de classes du post-primaire et du secondaire général des secteurs public et privé par région,Etablissements,,31,Évolution des nombres d'établissements et de classes du post-primaire et du secondaire général des secteurs public et privé par région.csv
2007,Est,,Evolution des nombres d'établissements et de classes du post-primaire et du secondaire général des secteurs public et privé par région,Etablissements,,33,Évolution des nombres d'établissements et de classes du post-primaire et du secondaire général des secteurs public et privé par région.csv
2008,Est,,Evolution des nombres d'établissements et de classes du post-primaire et du secondaire général des secteurs public et privé par région,Etablissements,,52,Évolution des nombres d'établissements et de classes du post-primaire et du secondaire général des secteurs public et privé par région.csv
2009,Est,,Evolution des nombres d'établissements et de classes du post-primaire et du secondaire général des secteurs public et privé par région,Etablissements,,59,Évolution des nombres d'établissements et de classes du post-primaire et du secondaire général des secteurs public et privé par région.csv
2010,Est,,Evolution des nombres d'établissements et de classes du post-primaire et du secondaire général des secteurs public et privé par région,Etablissements,,70,Évolution des nombres d'établissements et de classes du post-primaire et du secondaire général des secteurs public et privé par région.csv
2011,Est,,Evolution des nombres d'établissements et de classes du post-primaire et du secondaire général des secteurs public et privé par région,Etablissements,,75,Évolution des nombres d'établissements et de classes du post-primaire et du secondaire général des secteurs public et privé par région.csv
2012,Est,,Evolution des nombres d'établissements et de classes du post-primaire et du secondaire général des secteurs public et privé par région,Etablissements,,81,Évolution des nombres d'établissements et de classes du post-primaire et du secondaire général des secteurs public et privé par région.csv
2013,Est,,Evolution des nombres d'établissements et de classes du post-primaire et du secondaire général des secteurs public et privé par région,Etablissements,,69,Évolution des nombres d'établissements et de classes du post-primaire et du secondaire général des secteurs public et privé par région.csv
2014,Est,,Evolution des nombres d'établissements et de classes du post-primaire et du secondaire général des secteurs public et privé par région,Etablissements,,84,Évolution des nombres d'établissements et de classes du post-primaire et du secondaire général des secteurs public et privé par région.csv
2015,Est,,Evolution des nombres d'établissements et de classes du post-primaire et du secondaire général des secteurs public et privé par région,Etablissements,,150,Évolution des nombres d'établissements et de classes du post-primaire et du secondaire général des secteurs public et privé par région.csv
2016,Est,,Evolution des nombres d'établissements et de classes du post-primaire et du secondaire général des secteurs public et privé par région,Etablissements,,182,Évolution des nombres d'établissements et de classes du post-primaire et du secondaire général des secteurs public et privé par région.csv
2017,Est,,Evolution des nombres d'établissements et de classes du post-primaire et du secondaire général des secteurs public et privé par région,Etablissements,,199,Évolution des nombres d'établissements et de classes du post-primaire et du secondaire général des secteurs public et privé par région.csv
2018,Est,,Evolution des nombres d'établissements et de classes du post-primaire et du secondaire général des secteurs public et privé par région,Etablissements,,206,Évolution des nombres d'établissements et de classes du post-primaire et du secondaire général des secteurs public et privé par région.csv
2019,Est,,Evolution des nombres d'établissements et de classes du post-primaire et du secondaire général des secteurs public et privé par région,Etablissements,,212,Évolution des nombres d'établissements et de classes du post-primaire et du secondaire général des secteurs public et privé par région.csv
2020,Est,,Evolution des nombres d'établissements et de classes du post-primaire et du secondaire général des secteurs public et privé par région,Etablissements,,216,Évolution des nombres d'établissements et de classes du post-primaire et du secondaire général des secteurs public et privé par région.csv
2021,Est,,Evolution des nombres d'établissements et de classes du post-primaire et du secondaire général des secteurs public et privé par région,Etablissements,,72,Évolution des nombres d'établissements et de classes du post-primaire et du secondaire général des secteurs public et privé par région.csv
2022,Est,,Evolution des nombres d'établissements et de classes du post-primaire et du secondaire général des secteurs public et privé par région,Etablissements,,60,Évolution des nombres d'établissements et de classes du post-primaire et du secondaire général des secteurs public et privé par région.csv
1997,Est,,Evolution des nombres d'établissements et de classes du post-primaire et du secondaire général des secteurs public et privé par région,Classes,,98,Évolution des nombres d'établissements et de classes du post-primaire et du secondaire général des secteurs public et privé par région.csv
1998,Est,,Evolution des nombres d'établissements et de classes du post-primaire et du secondaire général des secteurs public et privé par région,Classes,,99,Évolution des nombres d'établissements et de classes du post-primaire et du secondaire général des secteurs public et privé par région.csv
1999,Est,,Evolution des nombres d'établissements et de classes du post-primaire et du secondaire général des secteurs public et privé par région,Classes,,104,Évolution des nombres d'établissements et de classes du post-primaire et du secondaire général des secteurs public et privé par région.csv
2000,Est,,Evolution des nombres d'établissements et de classes du post-primaire et du secondaire général des secteurs public et privé par région,Classes,,107,Évolution des nombres d'établissements et de classes du post-primaire et du secondaire général des secteurs public et privé par région.csv
2001,Est,,Evolution des nombres d'établissements et de classes du post-primaire et du secondaire général des secteurs public et privé par région,Classes,,111,Évolution des nombres d'établissements et de classes du post-primaire et du secondaire général des secteurs public et privé par région.csv
2002,Est,,Evolution des nombres d'établissements et de classes du post-primaire et du secondaire général des secteurs public et privé par région,Classes,,125,Évolution des nombres d'établissements et de classes du post-primaire et du secondaire général des secteurs public et privé par région.csv
2003,Est,,Evolution des nombres d'établissements et de classes du post-primaire et du secondaire général des secteurs public et privé par région,Classes,,139,Évolution des nombres d'établissements et de classes du post-primaire et du secondaire général des secteurs public et privé par région.csv
2004,Est,,Evolution des nombres d'établissements et de classes du post-primaire et du secondaire général des secteurs public et privé par région,Classes,,180,Évolution des nombres d'établissements et de classes du post-primaire et du secondaire général des secteurs public et privé par région.csv
2005,Est,,Evolution des nombres d'établissements et de classes du post-primaire et du secondaire général des secteurs public et privé par région,Classes,,195,Évolution des nombres d'établissements et de classes du post-primaire et du secondaire général des secteurs public et privé par région.csv
2006,Est,,Evolution des nombres d'établissements et de classes du post-primaire et du secondaire général des secteurs public et privé par région,Classes,,214,Évolution des nombres d'établissements et de classes du post-primaire et du secondaire général des secteurs public et privé par région.csv
2007,Est,,Evolution des nombres d'établissements et de classes du post-primaire et du secondaire général des secteurs public et privé par région,Classes,,217,Évolution des nombres d'établissements et de classes du post-primaire et du secondaire général des secteurs public et privé par région.csv
2008,Est,,Evolution des nombres d'établissements et de classes du post-primaire et du secondaire général des secteurs public et privé par région,Classes,,246,Évolution des nombres d'établissements et de classes du post-primaire et du secondaire général des secteurs public et privé par région.csv
2009,Est,,Evolution des nombres d'établissements et de classes du post-primaire et du secondaire général des secteurs public et privé par région,Classes,,300,Évolution des nombres d'établissements et de classes du post-primaire et du secondaire général des secteurs public et privé par région.csv
2010,Est,,Evolution des nombres d'établissements et de classes du post-primaire et du secondaire général des secteurs public et privé par région,Classes,,351,Évolution des nombres d'établissements et de classes du post-primaire et du secondaire général des secteurs public et privé par région.csv
2011,Est,,Evolution des nombres d'établissements et de classes du post-primaire et du secondaire général des secteurs public et privé par région,Classes,,400,Évolution des nombres d'établissements et de classes du post-primaire et du secondaire général des secteurs public et privé par région.csv
2012,Est,,Evolution des nombres d'établissements et de classes du post-primaire et du secondaire général des secteurs public et privé par région,Classes,,453,Évolution des nombres d'établissements et de classes du post-primaire et du secondaire général des secteurs public et privé par région.csv
2013,Est,,Evolution des nombres d'établissements et de classes du post-primaire et du secondaire général des secteurs public et privé par région,Classes,,535,Évolution des nombres d'établissements et de classes du post-primaire et du secondaire général des secteurs public et privé par région.csv
2014,Est,,Evolution des nombres d'établissements et de classes du post-primaire et du secondaire général des secteurs public et privé par région,Classes,,643,Évolution des nombres d'établissements et de classes du post-primaire et du secondaire général des secteurs public et privé par région.csv
2015,Est,,Evolution des nombres d'établissements et de classes du post-primaire et du secondaire général des secteurs public et privé par région,Classes,,815,Évolution des nombres d'établissements et de classes du post-primaire et du secondaire général des secteurs public et privé par région.csv
2016,Est,,Evolution des nombres d'établissements et de classes du post-primaire et du secondaire général des secteurs public et privé par région,Classes,,963,Évolution des nombres d'établissements et de classes du post-primaire et du secondaire général des secteurs public et privé par région.csv
2017,Est,,Evolution des nombres d'établissements et de classes du post-primaire et du secondaire général des secteurs public et privé par région,Classes,,1157,Évolution des nombres d'établissements et de classes du post-primaire et du secondaire général des secteurs public et privé par région.csv
2018,Est,,Evolution des nombres d'établissements et de classes du post-primaire et du secondaire général des secteurs public et privé par région,Classes,,1290,Évolution des nombres d'établissements et de classes du post-primaire et du secondaire général des secteurs public et privé par région.csv
2019,Est,,Evolution des nombres d'établissements et de classes du post-primaire et du secondaire général des secteurs public et privé par région,Classes,,1354,Évolution des nombres d'établissements et de classes du post-primaire et du secondaire général des secteurs public et privé par région.csv
2020,Est,,Evolution des nombres d'établissements et de classes du post-primaire et du secondaire général des secteurs public et privé par région,Classes,,1427,Évolution des nombres d'établissements et de classes du post-primaire et du secondaire général des secteurs public et privé par région.csv
2021,Est,,Evolution des nombres d'établissements et de classes du post-primaire et du secondaire général des secteurs public et privé par région,Classes,,818,Évolution des nombres d'établissements et de classes du post-primaire et du secondaire général des secteurs public et privé par région.csv
2022,Est,,Evolution des nombres d'établissements et de classes du post-primaire et du secondaire général des secteurs public et privé par région,Classes,,651,Évolution des nombres d'établissements et de classes du post-primaire et du secondaire général des secteurs public et privé par région.csv
1997,Hauts-Bassins,,Evolution des nombres d'établissements et de classes du post-primaire et du secondaire général des secteurs public et privé par région,Etablissements,,48,Évolution des nombres d'établissements et de classes du post-primaire et du secondaire général des secteurs public et privé par région.csv
1998,Hauts-Bassins,,Evolution des nombres d'établissements et de classes du post-primaire et du secondaire général des secteurs public et privé par région,Etablissements,,49,Évolution des nombres d'établissements et de classes du post-primaire et du secondaire général des secteurs public et privé par région.csv
1999,Hauts-Bassins,,Evolution des nombres d'établissements et de classes du post-primaire et du secondaire général des secteurs public et privé par région,Etablissements,,53,Évolution des nombres d'établissements et de classes du post-primaire et du secondaire général des secteurs public et privé par région.csv
2000,Hauts-Bassins,,Evolution des nombres d'établissements et de classes du post-primaire et du secondaire général des secteurs public et privé par région,Etablissements,,56,Évolution des nombres d'établissements et de classes du post-primaire et du secondaire général des secteurs public et privé par région.csv
2001,Hauts-Bassins,,Evolution des nombres d'établissements et de classes du post-primaire et du secondaire général des secteurs public et privé par région,Etablissements,,60,Évolution des nombres d'établissements et de classes du post-primaire et du secondaire général des secteurs public et privé par région.csv
2002,Hauts-Bassins,,Evolution des nombres d'établissements et de classes du post-primaire et du secondaire général des secteurs public et privé par région,Etablissements,,65,Évolution des nombres d'établissements et de classes du post-primaire et du secondaire général des secteurs public et privé par région.csv
2003,Hauts-Bassins,,Evolution des nombres d'établissements et de classes du post-primaire et du secondaire général des secteurs public et privé par région,Etablissements,,70,Évolution des nombres d'établissements et de classes du post-primaire et du secondaire général des secteurs public et privé par région.csv
2004,Hauts-Bassins,,Evolution des nombres d'établissements et de classes du post-primaire et du secondaire général des secteurs public et privé par région,Etablissements,,75,Évolution des nombres d'établissements et de classes du post-primaire et du secondaire général des secteurs public et privé par région.csv
2005,Hauts-Bassins,,Evolution des nombres d'établissements et de classes du post-primaire et du secondaire général des secteurs public et privé par région,Etablissements,,77,Évolution des nombres d'établissements et de classes du post-primaire et du secondaire général des secteurs public et privé par région.csv
2006,Hauts-Bassins,,Evolution des nombres d'établissements et de classes du post-primaire et du secondaire général des secteurs public et privé par région,Etablissements,,87,Évolution des nombres d'établissements et de classes du post-primaire et du secondaire général des secteurs public et privé par région.csv
2007,Hauts-Bassins,,Evolution des nombres d'établissements et de classes du post-primaire et du secondaire général des secteurs public et privé par région,Etablissements,,92,Évolution des nombres d'établissements et de classes du post-primaire et du secondaire général des secteurs public et privé par région.csv
2008,Hauts-Bassins,,Evolution des nombres d'établissements et de classes du post-primaire et du secondaire général des secteurs public et privé par région,Etablissements,,124,Évolution des nombres d'établissements et de classes du post-primaire et du secondaire général des secteurs public et privé par région.csv
2009,Hauts-Bassins,,Evolution des nombres d'établissements et de classes du post-primaire et du secondaire général des secteurs public et privé par région,Etablissements,,136,Évolution des nombres d'établissements et de classes du post-primaire et du secondaire général des secteurs public et privé par région.csv
2010,Hauts-Bassins,,Evolution des nombres d'établissements et de classes du post-primaire et du secondaire général des secteurs public et privé par région,Etablissements,,140,Évolution des nombres d'établissements et de classes du post-primaire et du secondaire général des secteurs public et privé par région.csv
2011,Hauts-Bassins,,Evolution des nombres d'établissements et de classes du post-primaire et du secondaire général des secteurs public et privé par région,Etablissements,,159,Évolution des nombres d'établissements et de classes du post-primaire et du secondaire général des secteurs public et privé par région.csv
2012,Hauts-Bassins,,Evolution des nombres d'établissements et de classes du post-primaire et du secondaire général des secteurs public et privé par région,Etablissements,,185,Évolution des nombres d'établissements et de classes du post-primaire et du secondaire général des secteurs public et privé par région.csv
2013,Hauts-Bassins,,Evolution des nombres d'établissements et de classes du post-primaire et du secondaire général des secteurs public et privé par région,Etablissements,,169,Évolution des nombres d'établissements et de classes du post-primaire et du secondaire général des secteurs public et privé par région.csv
2014,Hauts-Bassins,,Evolution des nombres d'établissements et de classes du post-primaire et du secondaire général des secteurs public et privé par région,Etablissements,,190,Évolution des nombres d'établissements et de classes du post-primaire et du secondaire général des secteurs public et privé par région.csv
2015,Hauts-Bassins,,Evolution des nombres d'établissements et de classes du post-primaire et du secondaire général des secteurs public et privé par région,Etablissements,,262,Évolution des nombres d'établissements et de classes du post-primaire et du secondaire général des secteurs public et privé par région.csv
2016,Hauts-Bassins,,Evolution des nombres d'établissements et de classes du post-primaire et du secondaire général des secteurs public et privé par région,Etablissements,,329,Évolution des nombres d'établissements et de classes du post-primaire et du secondaire général des secteurs public et privé par région.csv
2017,Hauts-Bassins,,Evolution des nombres d'établissements et de classes du post-primaire et du secondaire général des secteurs public et privé par région,Etablissements,,347,Évolution des nombres d'établissements et de classes du post-primaire et du secondaire général des secteurs public et privé par région.csv
2018,Hauts-Bassins,,Evolution des nombres d'établissements et de classes du post-primaire et du secondaire général des secteurs public et privé par région,Etablissements,,389,Évolution des nombres d'établissements et de classes du post-primaire et du secondaire général des secteurs public et privé par région.csv
2019,Hauts-Bassins,,Evolution des nombres d'établissements et de classes du post-primaire et du secondaire général des secteurs public et privé par région,Etablissements,,399,Évolution des nombres d'établissements et de classes du post-primaire et du secondaire général des secteurs public et privé par région.csv
2020,Hauts-Bassins,,Evolution des nombres d'établissements et de classes du post-primaire et du secondaire général des secteurs public et privé par région,Etablissements,,454,Évolution des nombres d'établissements et de classes du post-primaire et du secondaire général des secteurs public et privé par région.csv
2021,Hauts-Bassins,,Evolution des nombres d'établissements et de classes du post-primaire et du secondaire général des secteurs public et privé par région,Etablissements,,187,Évolution des nombres d'établissements et de classes du post-primaire et du secondaire général des secteurs public et privé par région.csv
2022,Hauts-Bassins,,Evolution des nombres d'établissements et de classes du post-primaire et du secondaire général des secteurs public et privé par région,Etablissements,,203,Évolution des nombres d'établissements et de classes du post-primaire et du secondaire général des secteurs public et privé par région.csv
1997,Hauts-Bassins,,Evolution des nombres d'établissements et de classes du post-primaire et du secondaire général des secteurs public et privé par région,Classes,,409,Évolution des nombres d'établissements et de classes du post-primaire et du secondaire général des secteurs public et privé par région.csv
1998,Hauts-Bassins,,Evolution des nombres d'établissements et de classes du post-primaire et du secondaire général des secteurs public et privé par région,Classes,,425,Évolution des nombres d'établissements et de classes du post-primaire et du secondaire général des secteurs public et privé par région.csv
1999,Hauts-Bassins,,Evolution des nombres d'établissements et de classes du post-primaire et du secondaire général des secteurs public et privé par région,Classes,,419,Évolution des nombres d'établissements et de classes du post-primaire et du secondaire général des secteurs public et privé par région.csv
2000,Hauts-Bassins,,Evolution des nombres d'établissements et de classes du post-primaire et du secondaire général des secteurs public et privé par région,Classes,,454,Évolution des nombres d'établissements et de classes du post-primaire et du secondaire général des secteurs public et privé par région.csv
2001,Hauts-Bassins,,Evolution des nombres d'établissements et de classes du post-primaire et du secondaire général des secteurs public et privé par région,Classes,,474,Évolution des nombres d'établissements et de classes du post-primaire et du secondaire général des secteurs public et privé par région.csv
2002,Hauts-Bassins,,Evolution des nombres d'établissements et de classes du post-primaire et du secondaire général des secteurs public et privé par région,Classes,,474,Évolution des nombres d'établissements et de classes du post-primaire et du secondaire général des secteurs public et privé par région.csv
2003,Hauts-Bassins,,Evolution des nombres d'établissements et de classes du post-primaire et du secondaire général des secteurs public et privé par région,Classes,,547,Évolution des nombres d'établissements et de classes du post-primaire et du secondaire général des secteurs public et privé par région.csv
2004,Hauts-Bassins,,Evolution des nombres d'établissements et de classes du post-primaire et du secondaire général des secteurs public et privé par région,Classes,,630,Évolution des nombres d'établissements et de classes du post-primaire et du secondaire général des secteurs public et privé par région.csv
2005,Hauts-Bassins,,Evolution des nombres d'établissements et de classes du post-primaire et du secondaire général des secteurs public et privé par région,Classes,,681,Évolution des nombres d'établissements et de classes du post-primaire et du secondaire général des secteurs public et privé par région.csv
2006,Hauts-Bassins,,Evolution des nombres d'établissements et de classes du post-primaire et du secondaire général des secteurs public et privé par région,Classes,,753,Évolution des nombres d'établissements et de classes du post-primaire et du secondaire général des secteurs public et privé par région.csv
2007,Hauts-Bassins,,Evolution des nombres d'établissements et de classes du post-primaire et du secondaire général des secteurs public et privé par région,Classes,,760,Évolution des nombres d'établissements et de classes du post-primaire et du secondaire général des secteurs public et privé par région.csv
2008,Hauts-Bassins,,Evolution des nombres d'établissements et de classes du post-primaire et du secondaire général des secteurs public et privé par région,Classes,,840,Évolution des nombres d'établissements et de classes du post-primaire et du secondaire général des secteurs public et privé par région.csv
2009,Hauts-Bassins,,Evolution des nombres d'établissements et de classes du post-primaire et du secondaire général des secteurs public et privé par région,Classes,,890,Évolution des nombres d'établissements et de classes du post-primaire et du secondaire général des secteurs public et privé par région.csv
2010,Hauts-Bassins,,Evolution des nombres d'établissements et de classes du post-primaire et du secondaire général des secteurs public et privé par région,Classes,,974,Évolution des nombres d'établissements et de classes du post-primaire et du secondaire général des secteurs public et privé par région.csv
2011,Hauts-Bassins,,Evolution des nombres d'établissements et de classes du post-primaire et du secondaire général des secteurs public et privé par région,Classes,,1062,Évolution des nombres d'établissements et de classes du post-primaire et du secondaire général des secteurs public et privé par région.csv
2012,Hauts-Bassins,,Evolution des nombres d'établissements et de classes du post-primaire et du secondaire général des secteurs public et privé par région,Classes,,1192,Évolution des nombres d'établissements et de classes du post-primaire et du secondaire général des secteurs public et privé par région.csv
2013,Hauts-Bassins,,Evolution des nombres d'établissements et de classes du post-primaire et du secondaire général des secteurs public et privé par région,Classes,,1313,Évolution des nombres d'établissements et de classes du post-primaire et du secondaire général des secteurs public et privé par région.csv
2014,Hauts-Bassins,,Evolution des nombres d'établissements et de classes du post-primaire et du secondaire général des secteurs public et privé par région,Classes,,1479,Évolution des nombres d'établissements et de classes du post-primaire et du secondaire général des secteurs public et privé par région.csv
2015,Hauts-Bassins,,Evolution des nombres d'établissements et de classes du post-primaire et du secondaire général des secteurs public et privé par région,Classes,,1685,Évolution des nombres d'établissements et de classes du post-primaire et du secondaire général des secteurs public et privé par région.csv
2016,Hauts-Bassins,,Evolution des nombres d'établissements et de classes du post-primaire et du secondaire général des secteurs public et privé par région,Classes,,1939,Évolution des nombres d'établissements et de classes du post-primaire et du secondaire général des secteurs public et privé par région.csv
2017,Hauts-Bassins,,Evolution des nombres d'établissements et de classes du post-primaire et du secondaire général des secteurs public et privé par région,Classes,,2175,Évolution des nombres d'établissements et de classes du post-primaire et du secondaire général des secteurs public et privé par région.csv
2018,Hauts-Bassins,,Evolution des nombres d'établissements et de classes du post-primaire et du secondaire général des secteurs public et privé par région,Classes,,2505,Évolution des nombres d'établissements et de classes du post-primaire et du secondaire général des secteurs public et privé par région.csv
2019,Hauts-Bassins,,Evolution des nombres d'établissements et de classes du post-primaire et du secondaire général des secteurs public et privé par région,Classes,,2803,Évolution des nombres d'établissements et de classes du post-primaire et du secondaire général des secteurs public et privé par région.csv
2020,Hauts-Bassins,,Evolution des nombres d'établissements et de classes du post-primaire et du secondaire général des secteurs public et privé par région,Classes,,3066,Évolution des nombres d'établissements et de classes du post-primaire et du secondaire général des secteurs public et privé par région.csv
2021,Hauts-Bassins,,Evolution des nombres d'établissements et de classes du post-primaire et du secondaire général des secteurs public et privé par région,Classes,,2151,Évolution des nombres d'établissements et de classes du post-primaire et du secondaire général des secteurs public et privé par région.csv
2022,Hauts-Bassins,,Evolution des nombres d'établissements et de classes du post-primaire et du secondaire général des secteurs public et privé par région,Classes,,2256,Évolution des nombres d'établissements et de classes du post-primaire et du secondaire général des secteurs public et privé par région.csv
1997,Nord,,Evolution des nombres d'établissements et de classes du post-primaire et du secondaire général des secteurs public et privé par région,Etablissements,,18,Évolution des nombres d'établissements et de classes du post-primaire et du secondaire général des secteurs public et privé par région.csv
1998,Nord,,Evolution des nombres d'établissements et de classes du post-primaire et du secondaire général des secteurs public et privé par région,Etablissements,,24,Évolution des nombres d'établissements et de classes du post-primaire et du secondaire général des secteurs public et privé par région.csv
1999,Nord,,Evolution des nombres d'établissements et de classes du post-primaire et du secondaire général des secteurs public et privé par région,Etablissements,,26,Évolution des nombres d'établissements et de classes du post-primaire et du secondaire général des secteurs public et privé par région.csv
2000,Nord,,Evolution des nombres d'établissements et de classes du post-primaire et du secondaire général des secteurs public et privé par région,Etablissements,,26,Évolution des nombres d'établissements et de classes du post-primaire et du secondaire général des secteurs public et privé par région.csv
2001,Nord,,Evolution des nombres d'établissements et de classes du post-primaire et du secondaire général des secteurs public et privé par région,Etablissements,,29,Évolution des nombres d'établissements et de classes du post-primaire et du secondaire général des secteurs public et privé par région.csv
2002,Nord,,Evolution des nombres d'établissements et de classes du post-primaire et du secondaire général des secteurs public et privé par région,Etablissements,,32,Évolution des nombres d'établissements et de classes du post-primaire et du secondaire général des secteurs public et privé par région.csv
2003,Nord,,Evolution des nombres d'établissements et de classes du post-primaire et du secondaire général des secteurs public et privé par région,Etablissements,,33,Évolution des nombres d'établissements et de classes du post-primaire et du secondaire général des secteurs public et privé par région.csv
2004,Nord,,Evolution des nombres d'établissements et de classes du post-primaire et du secondaire général des secteurs public et privé par région,Etablissements,,35,Évolution des nombres d'établissements et de classes du post-primaire et du secondaire général des secteurs public et privé par région.csv
2005,Nord,,Evolution des nombres d'établissements et de classes du post-primaire et du secondaire général des secteurs public et privé par région,Etablissements,,38,Évolution des nombres d'établissements et de classes du post-primaire et du secondaire général des secteurs public et privé par région.csv
2006,Nord,,Evolution des nombres d'établissements et de classes du post-primaire et du secondaire général des secteurs public et privé par région,Etablissements,,41,Évolution des nombres d'établissements et de classes du post-primaire et du secondaire général des secteurs public et privé par région.csv
2007,Nord,,Evolution des nombres d'établissements et de classes du post-primaire et du secondaire général des secteurs public et privé par région,Etablissements,,47,Évolution des nombres d'établissements et de classes du post-primaire et du secondaire général des secteurs public et privé par région.csv
2008,Nord,,Evolution des nombres d'établissements et de classes du post-primaire et du secondaire général des secteurs public et privé par région,Etablissements,,61,Évolution des nombres d'établissements et de classes du post-primaire et du secondaire général des secteurs public et privé par région.csv
2009,Nord,,Evolution des nombres d'établissements et de classes du post-primaire et du secondaire général des secteurs public et privé par région,Etablissements,,75,Évolution des nombres d'établissements et de classes du post-primaire et du secondaire général des secteurs public et privé par région.csv
2010,Nord,,Evolution des nombres d'établissements et de classes du post-primaire et du secondaire général des secteurs public et privé par région,Etablissements,,94,Évolution des nombres d'établissements et de classes du post-primaire et du secondaire général des secteurs public et privé par région.csv
2011,Nord,,Evolution des nombres d'établissements et de classes du post-primaire et du secondaire général des secteurs public et privé par région,Etablissements,,117,Évolution des nombres d'établissements et de classes du post-primaire et du secondaire général des secteurs public et privé par région.csv
2012,Nord,,Evolution des nombres d'établissements et de classes du post-primaire et du secondaire général des secteurs public et privé par région,Etablissements,,121,Évolution des nombres d'établissements et de classes du post-primaire et du secondaire général des secteurs public et privé par région.csv
2013,Nord,,Evolution des nombres d'établissements et de classes du post-primaire et du secondaire général des secteurs public et privé par région,Etablissements,,118,Évolution des nombres d'établissements et de classes du post-primaire et du secondaire général des secteurs public et privé par région.csv
2014,Nord,,Evolution des nombres d'établissements et de classes du post-primaire et du secondaire général des secteurs public et privé par région,Etablissements,,141,Évolution des nombres d'établissements et de classes du post-primaire et du secondaire général des secteurs public et privé par région.csv
2015,Nord,,Evolution des nombres d'établissements et de classes du post-primaire et du secondaire général des secteurs public et privé par région,Etablissements,,195,Évolution des nombres d'établissements et de classes du post-primaire et du secondaire général des secteurs public et privé par région.csv
2016,Nord,,Evolution des nombres d'établissements et de classes du post-primaire et du secondaire général des secteurs public et privé par région,Etablissements,,237,Évolution des nombres d'établissements et de classes du post-primaire et du secondaire général des secteurs public et privé par région.csv
2017,Nord,,Evolution des nombres d'établissements et de classes du post-primaire et du secondaire général des secteurs public et privé par région,Etablissements,,244,Évolution des nombres d'établissements et de classes du post-primaire et du secondaire général des secteurs public et privé par région.csv
2018,Nord,,Evolution des nombres d'établissements et de classes du post-primaire et du secondaire général des secteurs public et privé par région,Etablissements,,267,Évolution des nombres d'établissements et de classes du post-primaire et du secondaire général des secteurs public et privé par région.csv
2019,Nord,,Evolution des nombres d'établissements et de classes du post-primaire et du secondaire général des secteurs public et privé par région,Etablissements,,280,Évolution des nombres d'établissements et de classes du post-primaire et du secondaire général des secteurs public et privé par région.csv
2020,Nord,,Evolution des nombres d'établissements et de classes du post-primaire et du secondaire général des secteurs public et privé par région,Etablissements,,276,Évolution des nombres d'établissements et de classes du post-primaire et du secondaire général des secteurs public et privé par région.csv
2021,Nord,,Evolution des nombres d'établissements et de classes du post-primaire et du secondaire général des secteurs public et privé par région,Etablissements,,120,Évolution des nombres d'établissements et de classes du post-primaire et du secondaire général des secteurs public et privé par région.csv
2022,Nord,,Evolution des nombres d'établissements et de classes du post-primaire et du secondaire général des secteurs public et privé par région,Etablissements,,121,Évolution des nombres d'établissements et de classes du post-primaire et du secondaire général des secteurs public et privé par région.csv
1997,Nord,,Evolution des nombres d'établissements et de classes du post-primaire et du secondaire général des secteurs public et privé par région,Classes,,156,Évolution des nombres d'établissements et de classes du post-primaire et du secondaire général des secteurs public et privé par région.csv
1998,Nord,,Evolution des nombres d'établissements et de classes du post-primaire et du secondaire général des secteurs public et privé par région,Classes,,176,Évolution des nombres d'établissements et de classes du post-primaire et du secondaire général des secteurs public et privé par région.csv
1999,Nord,,Evolution des nombres d'établissements et de classes du post-primaire et du secondaire général des secteurs public et privé par région,Classes,,195,Évolution des nombres d'établissements et de classes du post-primaire et du secondaire général des secteurs public et privé par région.csv
2000,Nord,,Evolution des nombres d'établissements et de classes du post-primaire et du secondaire général des secteurs public et privé par région,Classes,,201,Évolution des nombres d'établissements et de classes du post-primaire et du secondaire général des secteurs public et privé par région.csv
2001,Nord,,Evolution des nombres d'établissements et de classes du post-primaire et du secondaire général des secteurs public et privé par région,Classes,,220,Évolution des nombres d'établissements et de classes du post-primaire et du secondaire général des secteurs public et privé par région.csv
2002,Nord,,Evolution des nombres d'établissements et de classes du post-primaire et du secondaire général des secteurs public et privé par région,Classes,,240,Évolution des nombres d'établissements et de classes du post-primaire et du secondaire général des secteurs public et privé par région.csv
2003,Nord,,Evolution des nombres d'établissements et de classes du post-primaire et du secondaire général des secteurs public et privé par région,Classes,,243,Évolution des nombres d'établissements et de classes du post-primaire et du secondaire général des secteurs public et privé par région.csv
2004,Nord,,Evolution des nombres d'établissements et de classes du post-primaire et du secondaire général des secteurs public et privé par région,Classes,,259,Évolution des nombres d'établissements et de classes du post-primaire et du secondaire général des secteurs public et privé par région.csv
2005,Nord,,Evolution des nombres d'établissements et de classes du post-primaire et du secondaire général des secteurs public et privé par région,Classes,,292,Évolution des nombres d'établissements et de classes du post-primaire et du secondaire général des secteurs public et privé par région.csv
2006,Nord,,Evolution des nombres d'établissements et de classes du post-primaire et du secondaire général des secteurs public et privé par région,Classes,,308,Évolution des nombres d'établissements et de classes du post-primaire et du secondaire général des secteurs public et privé par région.csv
2007,Nord,,Evolution des nombres d'établissements et de classes du post-primaire et du secondaire général des secteurs public et privé par région,Classes,,353,Évolution des nombres d'établissements et de classes du post-primaire et du secondaire général des secteurs public et privé par région.csv
2008,Nord,,Evolution des nombres d'établissements et de classes du post-primaire et du secondaire général des secteurs public et privé par région,Classes,,391,Évolution des nombres d'établissements et de classes du post-primaire et du secondaire général des secteurs public et privé par région.csv
2009,Nord,,Evolution des nombres d'établissements et de classes du post-primaire et du secondaire général des secteurs public et privé par région,Classes,,442,Évolution des nombres d'établissements et de classes du post-primaire et du secondaire général des secteurs public et privé par région.csv
2010,Nord,,Evolution des nombres d'établissements et de classes du post-primaire et du secondaire général des secteurs public et privé par région,Classes,,517,Évolution des nombres d'établissements et de classes du post-primaire et du secondaire général des secteurs public et privé par région.csv
2011,Nord,,Evolution des nombres d'établissements et de classes du post-primaire et du secondaire général des secteurs public et privé par région,Classes,,651,Évolution des nombres d'établissements et de classes du post-primaire et du secondaire général des secteurs public et privé par région.csv
2012,Nord,,Evolution des nombres d'établissements et de classes du post-primaire et du secondaire général des secteurs public et privé par région,Classes,,725,Évolution des nombres d'établissements et de classes du post-primaire et du secondaire général des secteurs public et privé par région.csv
2013,Nord,,Evolution des nombres d'établissements et de classes du post-primaire et du secondaire général des secteurs public et privé par région,Classes,,809,Évolution des nombres d'établissements et de classes du post-primaire et du secondaire général des secteurs public et privé par région.csv
2014,Nord,,Evolution des nombres d'établissements et de classes du post-primaire et du secondaire général des secteurs public et privé par région,Classes,,962,Évolution des nombres d'établissements et de classes du post-primaire et du secondaire général des secteurs public et privé par région.csv
2015,Nord,,Evolution des nombres d'établissements et de classes du post-primaire et du secondaire général des secteurs public et privé par région,Classes,,1183,Évolution des nombres d'établissements et de classes du post-primaire et du secondaire général des secteurs public et privé par région.csv
2016,Nord,,Evolution des nombres d'établissements et de classes du post-primaire et du secondaire général des secteurs public et privé par région,Classes,,1379,Évolution des nombres d'établissements et de classes du post-primaire et du secondaire général des secteurs public et privé par région.csv
2017,Nord,,Evolution des nombres d'établissements et de classes du post-primaire et du secondaire général des secteurs public et privé par région,Classes,,1510,Évolution des nombres d'établissements et de classes du post-primaire et du secondaire général des secteurs public et privé par région.csv
2018,Nord,,Evolution des nombres d'établissements et de classes du post-primaire et du secondaire général des secteurs public et privé par région,Classes,,1801,Évolution des nombres d'établissements et de classes du post-primaire et du secondaire général des secteurs public et privé par région.csv
2019,Nord,,Evolution des nombres d'établissements et de classes du post-primaire et du secondaire général des secteurs public et privé par région,Classes,,1887,Évolution des nombres d'établissements et de classes du post-primaire et du secondaire général des secteurs public et privé par région.csv
2020,Nord,,Evolution des nombres d'établissements et de classes du post-primaire et du secondaire général des secteurs public et privé par région,Classes,,1899,Évolution des nombres d'établissements et de classes du post-primaire et du secondaire général des secteurs public et privé par région.csv
2021,Nord,,Evolution des nombres d'établissements et de classes du post-primaire et du secondaire général des secteurs public et privé par région,Classes,,1221,Évolution des nombres d'établissements et de classes du post-primaire et du secondaire général des secteurs public et privé par région.csv
2022,Nord,,Evolution des nombres d'établissements et de classes du post-primaire et du secondaire général des secteurs public et privé par région,Classes,,1173,Évolution des nombres d'établissements et de classes du post-primaire et du secondaire général des secteurs public et privé par région.csv
1997,Plateau Central,,Evolution des nombres d'établissements et de classes du post-primaire et du secondaire général des secteurs public et privé par région,Etablissements,,11,Évolution des nombres d'établissements et de classes du post-primaire et du secondaire général des secteurs public et privé par région.csv
1998,Plateau Central,,Evolution des nombres d'établissements et de classes du post-primaire et du secondaire général des secteurs public et privé par région,Etablissements,,13,Évolution des nombres d'établissements et de classes du post-primaire et du secondaire général des secteurs public et privé par région.csv
1999,Plateau Central,,Evolution des nombres d'établissements et de classes du post-primaire et du secondaire général des secteurs public et privé par région,Etablissements,,14,Évolution des nombres d'établissements et de classes du post-primaire et du secondaire général des secteurs public et privé par région.csv
2000,Plateau Central,,Evolution des nombres d'établissements et de classes du post-primaire et du secondaire général des secteurs public et privé par région,Etablissements,,15,Évolution des nombres d'établissements et de classes du post-primaire et du secondaire général des secteurs public et privé par région.csv
2001,Plateau Central,,Evolution des nombres d'établissements et de classes du post-primaire et du secondaire général des secteurs public et privé par région,Etablissements,,15,Évolution des nombres d'établissements et de classes du post-primaire et du secondaire général des secteurs public et privé par région.csv
2002,Plateau Central,,Evolution des nombres d'établissements et de classes du post-primaire et du secondaire général des secteurs public et privé par région,Etablissements,,22,Évolution des nombres d'établissements et de classes du post-primaire et du secondaire général des secteurs public et privé par région.csv
2003,Plateau Central,,Evolution des nombres d'établissements et de classes du post-primaire et du secondaire général des secteurs public et privé par région,Etablissements,,21,Évolution des nombres d'établissements et de classes du post-primaire et du secondaire général des secteurs public et privé par région.csv
2004,Plateau Central,,Evolution des nombres d'établissements et de classes du post-primaire et du secondaire général des secteurs public et privé par région,Etablissements,,24,Évolution des nombres d'établissements et de classes du post-primaire et du secondaire général des secteurs public et privé par région.csv
2005,Plateau Central,,Evolution des nombres d'établissements et de classes du post-primaire et du secondaire général des secteurs public et privé par région,Etablissements,,25,Évolution des nombres d'établissements et de classes du post-primaire et du secondaire général des secteurs public et privé par région.csv
2006,Plateau Central,,Evolution des nombres d'établissements et de classes du post-primaire et du secondaire général des secteurs public et privé par région,Etablissements,,31,Évolution des nombres d'établissements et de classes du post-primaire et du secondaire général des secteurs public et privé par région.csv
2007,Plateau Central,,Evolution des nombres d'établissements et de classes du post-primaire et du secondaire général des secteurs public et privé par région,Etablissements,,33,Évolution des nombres d'établissements et de classes du post-primaire et du secondaire général des secteurs public et privé par région.csv
2008,Plateau Central,,Evolution des nombres d'établissements et de classes du post-primaire et du secondaire général des secteurs public et privé par région,Etablissements,,43,Évolution des nombres d'établissements et de classes du post-primaire et du secondaire général des secteurs public et privé par région.csv
2009,Plateau Central,,Evolution des nombres d'établissements et de classes du post-primaire et du secondaire général des secteurs public et privé par région,Etablissements,,52,Évolution des nombres d'établissements et de classes du post-primaire et du secondaire général des secteurs public et privé par région.csv
2010,Plateau Central,,Evolution des nombres d'établissements et de classes du post-primaire et du secondaire général des secteurs public et privé par région,Etablissements,,50,Évolution des nombres d'établissements et de classes du post-primaire et du secondaire général des secteurs public et privé par région.csv
2011,Plateau Central,,Evolution des nombres d'établissements et de classes du post-primaire et du secondaire général des secteurs public et privé par région,Etablissements,,63,Évolution des nombres d'établissements et de classes du post-primaire et du secondaire général des secteurs public et privé par région.csv
2012,Plateau Central,,Evolution des nombres d'établissements et de classes du post-primaire et du secondaire général des secteurs public et privé par région,Etablissements,,69,Évolution des nombres d'établissements et de classes du post-primaire et du secondaire général des secteurs public et privé par région.csv
2013,Plateau Central,,Evolution des nombres d'établissements et de classes du post-primaire et du secondaire général des secteurs public et privé par région,Etablissements,,63,Évolution des nombres d'établissements et de classes du post-primaire et du secondaire général des secteurs public et privé par région.csv
2014,Plateau Central,,Evolution des nombres d'établissements et de classes du post-primaire et du secondaire général des secteurs public et privé par région,Etablissements,,75,Évolution des nombres d'établissements et de classes du post-primaire et du secondaire général des secteurs public et privé par région.csv
2015,Plateau Central,,Evolution des nombres d'établissements et de classes du post-primaire et du secondaire général des secteurs public et privé par région,Etablissements,,100,Évolution des nombres d'établissements et de classes du post-primaire et du secondaire général des secteurs public et privé par région.csv
2016,Plateau Central,,Evolution des nombres d'établissements et de classes du post-primaire et du secondaire général des secteurs public et privé par région,Etablissements,,147,Évolution des nombres d'établissements et de classes du post-primaire et du secondaire général des secteurs public et privé par région.csv
2017,Plateau Central,,Evolution des nombres d'établissements et de classes du post-primaire et du secondaire général des secteurs public et privé par région,Etablissements,,180,Évolution des nombres d'établissements et de classes du post-primaire et du secondaire général des secteurs public et privé par région.csv
2018,Plateau Central,,Evolution des nombres d'établissements et de classes du post-primaire et du secondaire général des secteurs public et privé par région,Etablissements,,200,Évolution des nombres d'établissements et de classes du post-primaire et du secondaire général des secteurs public et privé par région.csv
2019,Plateau Central,,Evolution des nombres d'établissements et de classes du post-primaire et du secondaire général des secteurs public et privé par région,Etablissements,,228,Évolution des nombres d'établissements et de classes du post-primaire et du secondaire général des secteurs public et privé par région.csv
2020,Plateau Central,,Evolution des nombres d'établissements et de classes du post-primaire et du secondaire général des secteurs public et privé par région,Etablissements,,243,Évolution des nombres d'établissements et de classes du post-primaire et du secondaire général des secteurs public et privé par région.csv
2021,Plateau Central,,Evolution des nombres d'établissements et de classes du post-primaire et du secondaire général des secteurs public et privé par région,Etablissements,,75,Évolution des nombres d'établissements et de classes du post-primaire et du secondaire général des secteurs public et privé par région.csv
2022,Plateau Central,,Evolution des nombres d'établissements et de classes du post-primaire et du secondaire général des secteurs public et privé par région,Etablissements,,75,Évolution des nombres d'établissements et de classes du post-primaire et du secondaire général des secteurs public et privé par région.csv
1997,Plateau Central,,Evolution des nombres d'établissements et de classes du post-primaire et du secondaire général des secteurs public et privé par région,Classes,,86,Évolution des nombres d'établissements et de classes du post-primaire et du secondaire général des secteurs public et privé par région.csv
1998,Plateau Central,,Evolution des nombres d'établissements et de classes du post-primaire et du secondaire général des secteurs public et privé par région,Classes,,93,Évolution des nombres d'établissements et de classes du post-primaire et du secondaire général des secteurs public et privé par région.csv
1999,Plateau Central,,Evolution des nombres d'établissements et de classes du post-primaire et du secondaire général des secteurs public et privé par région,Classes,,95,Évolution des nombres d'établissements et de classes du post-primaire et du secondaire général des secteurs public et privé par région.csv
2000,Plateau Central,,Evolution des nombres d'établissements et de classes du post-primaire et du secondaire général des secteurs public et privé par région,Classes,,107,Évolution des nombres d'établissements et de classes du post-primaire et du secondaire général des secteurs public et privé par région.csv
2001,Plateau Central,,Evolution des nombres d'établissements et de classes du post-primaire et du secondaire général des secteurs public et privé par région,Classes,,107,Évolution des nombres d'établissements et de classes du post-primaire et du secondaire général des secteurs public et privé par région.csv
2002,Plateau Central,,Evolution des nombres d'établissements et de classes du post-primaire et du secondaire général des secteurs public et privé par région,Classes,,131,Évolution des nombres d'établissements et de classes du post-primaire et du secondaire général des secteurs public et privé par région.csv
2003,Plateau Central,,Evolution des nombres d'établissements et de classes du post-primaire et du secondaire général des secteurs public et privé par région,Classes,,137,Évolution des nombres d'établissements et de classes du post-primaire et du secondaire général des secteurs public et privé par région.csv
2004,Plateau Central,,Evolution des nombres d'établissements et de classes du post-primaire et du secondaire général des secteurs public et privé par région,Classes,,184,Évolution des nombres d'établissements et de classes du post-primaire et du secondaire général des secteurs public et privé par région.csv
2005,Plateau Central,,Evolution des nombres d'établissements et de classes du post-primaire et du secondaire général des secteurs public et privé par région,Classes,,215,Évolution des nombres d'établissements et de classes du post-primaire et du secondaire général des secteurs public et privé par région.csv
2006,Plateau Central,,Evolution des nombres d'établissements et de classes du post-primaire et du secondaire général des secteurs public et privé par région,Classes,,217,Évolution des nombres d'établissements et de classes du post-primaire et du secondaire général des secteurs public et privé par région.csv
2007,Plateau Central,,Evolution des nombres d'établissements et de classes du post-primaire et du secondaire général des secteurs public et privé par région,Classes,,208,Évolution des nombres d'établissements et de classes du post-primaire et du secondaire général des secteurs public et privé par région.csv
2008,Plateau Central,,Evolution des nombres d'établissements et de classes du post-primaire et du secondaire général des secteurs public et privé par région,Classes,,223,Évolution des nombres d'établissements et de classes du post-primaire et du secondaire général des secteurs public et privé par région.csv
2009,Plateau Central,,Evolution des nombres d'établissements et de classes du post-primaire et du secondaire général des secteurs public et privé par région,Classes,,262,Évolution des nombres d'établissements et de classes du post-primaire et du secondaire général des secteurs public et privé par région.csv
2010,Plateau Central,,Evolution des nombres d'établissements et de classes du post-primaire et du secondaire général des secteurs public et privé par région,Classes,,302,Évolution des nombres d'établissements et de classes du post-primaire et du secondaire général des secteurs public et privé par région.csv
2011,Plateau Central,,Evolution des nombres d'établissements et de classes du post-primaire et du secondaire général des secteurs public et privé par région,Classes,,385,Évolution des nombres d'établissements et de classes du post-primaire et du secondaire général des secteurs public et privé par région.csv
2012,Plateau Central,,Evolution des nombres d'établissements et de classes du post-primaire et du secondaire général des secteurs public et privé par région,Classes,,415,Évolution des nombres d'établissements et de classes du post-primaire et du secondaire général des secteurs public et privé par région.csv
2013,Plateau Central,,Evolution des nombres d'établissements et de classes du post-primaire et du secondaire général des secteurs public et privé par région,Classes,,486,Évolution des nombres d'établissements et de classes du post-primaire et du secondaire général des secteurs public et privé par région.csv
2014,Plateau Central,,Evolution des nombres d'établissements et de classes du post-primaire et du secondaire général des secteurs public et privé par région,Classes,,571,Évolution des nombres d'établissements et de classes du post-primaire et du secondaire général des secteurs public et privé par région.csv
2015,Plateau Central,,Evolution des nombres d'établissements et de classes du post-primaire et du secondaire général des secteurs public et privé par région,Classes,,731,Évolution des nombres d'établissements et de classes du post-primaire et du secondaire général des secteurs public et privé par région.csv
2016,Plateau Central,,Evolution des nombres d'établissements et de classes du post-primaire et du secondaire général des secteurs public et privé par région,Classes,,843,Évolution des nombres d'établissements et de classes du post-primaire et du secondaire général des secteurs public et privé par région.csv
2017,Plateau Central,,Evolution des nombres d'établissements et de classes du post-primaire et du secondaire général des secteurs public et privé par région,Classes,,985,Évolution des nombres d'établissements et de classes du post-primaire et du secondaire général des secteurs public et privé par région.csv
2018,Plateau Central,,Evolution des nombres d'établissements et de classes du post-primaire et du secondaire général des secteurs public et privé par région,Classes,,1163,Évolution des nombres d'établissements et de classes du post-primaire et du secondaire général des secteurs public et privé par région.csv
2019,Plateau Central,,Evolution des nombres d'établissements et de classes du post-primaire et du secondaire général des secteurs public et privé par région,Classes,,1298,Évolution des nombres d'établissements et de classes du post-primaire et du secondaire général des secteurs public et privé par région.csv
2020,Plateau Central,,Evolution des nombres d'établissements et de classes du post-primaire et du secondaire général des secteurs public et privé par région,Classes,,1371,Évolution des nombres d'établissements et de classes du post-primaire et du secondaire général des secteurs public et privé par région.csv
2021,Plateau Central,,Evolution des nombres d'établissements et de classes du post-primaire et du secondaire général des secteurs public et privé par région,Classes,,768,Évolution des nombres d'établissements et de classes du post-primaire et du secondaire général des secteurs public et privé par région.csv
2022,Plateau Central,,Evolution des nombres d'établissements et de classes du post-primaire et du secondaire général des secteurs public et privé par région,Classes,,736,Évolution des nombres d'établissements et de classes du post-primaire et du secondaire général des secteurs public et privé par région.csv
1997,Sahel,,Evolution des nombres d'établissements et de classes du post-primaire et du secondaire général des secteurs public et privé par région,Etablissements,,8,Évolution des nombres d'établissements et de classes du post-primaire et du secondaire général des secteurs public et privé par région.csv
1998,Sahel,,Evolution des nombres d'établissements et de classes du post-primaire et du secondaire général des secteurs public et privé par région,Etablissements,,9,Évolution des nombres d'établissements et de classes du post-primaire et du secondaire général des secteurs public et privé par région.csv
1999,Sahel,,Evolution des nombres d'établissements et de classes du post-primaire et du secondaire général des secteurs public et privé par région,Etablissements,,12,Évolution des nombres d'établissements et de classes du post-primaire et du secondaire général des secteurs public et privé par région.csv
2000,Sahel,,Evolution des nombres d'établissements et de classes du post-primaire et du secondaire général des secteurs public et privé par région,Etablissements,,12,Évolution des nombres d'établissements et de classes du post-primaire et du secondaire général des secteurs public et privé par région.csv
2001,Sahel,,Evolution des nombres d'établissements et de classes du post-primaire et du secondaire général des secteurs public et privé par région,Etablissements,,12,Évolution des nombres d'établissements et de classes du post-primaire et du secondaire général des secteurs public et privé par région.csv
2002,Sahel,,Evolution des nombres d'établissements et de classes du post-primaire et du secondaire général des secteurs public et privé par région,Etablissements,,15,Évolution des nombres d'établissements et de classes du post-primaire et du secondaire général des secteurs public et privé par région.csv
2003,Sahel,,Evolution des nombres d'établissements et de classes du post-primaire et du secondaire général des secteurs public et privé par région,Etablissements,,15,Évolution des nombres d'établissements et de classes du post-primaire et du secondaire général des secteurs public et privé par région.csv
2004,Sahel,,Evolution des nombres d'établissements et de classes du post-primaire et du secondaire général des secteurs public et privé par région,Etablissements,,15,Évolution des nombres d'établissements et de classes du post-primaire et du secondaire général des secteurs public et privé par région.csv
2005,Sahel,,Evolution des nombres d'établissements et de classes du post-primaire et du secondaire général des secteurs public et privé par région,Etablissements,,15,Évolution des nombres d'établissements et de classes du post-primaire et du secondaire général des secteurs public et privé par région.csv
2006,Sahel,,Evolution des nombres d'établissements et de classes du post-primaire et du secondaire général des secteurs public et privé par région,Etablissements,,16,Évolution des nombres d'établissements et de classes du post-primaire et du secondaire général des secteurs public et privé par région.csv
2007,Sahel,,Evolution des nombres d'établissements et de classes du post-primaire et du secondaire général des secteurs public et privé par région,Etablissements,,17,Évolution des nombres d'établissements et de classes du post-primaire et du secondaire général des secteurs public et privé par région.csv
2008,Sahel,,Evolution des nombres d'établissements et de classes du post-primaire et du secondaire général des secteurs public et privé par région,Etablissements,,24,Évolution des nombres d'établissements et de classes du post-primaire et du secondaire général des secteurs public et privé par région.csv
2009,Sahel,,Evolution des nombres d'établissements et de classes du post-primaire et du secondaire général des secteurs public et privé par région,Etablissements,,33,Évolution des nombres d'établissements et de classes du post-primaire et du secondaire général des secteurs public et privé par région.csv
2010,Sahel,,Evolution des nombres d'établissements et de classes du post-primaire et du secondaire général des secteurs public et privé par région,Etablissements,,43,Évolution des nombres d'établissements et de classes du post-primaire et du secondaire général des secteurs public et privé par région.csv
2011,Sahel,,Evolution des nombres d'établissements et de classes du post-primaire et du secondaire général des secteurs public et privé par région,Etablissements,,47,Évolution des nombres d'établissements et de classes du post-primaire et du secondaire général des secteurs public et privé par région.csv
2012,Sahel,,Evolution des nombres d'établissements et de classes du post-primaire et du secondaire général des secteurs public et privé par région,Etablissements,,46,Évolution des nombres d'établissements et de classes du post-primaire et du secondaire général des secteurs public et privé par région.csv
2013,Sahel,,Evolution des nombres d'établissements et de classes du post-primaire et du secondaire général des secteurs public et privé par région,Etablissements,,50,Évolution des nombres d'établissements et de classes du post-primaire et du secondaire général des secteurs public et privé par région.csv
2014,Sahel,,Evolution des nombres d'établissements et de classes du post-primaire et du secondaire général des secteurs public et privé par région,Etablissements,,50,Évolution des nombres d'établissements et de classes du post-primaire et du secondaire général des secteurs public et privé par région.csv
2015,Sahel,,Evolution des nombres d'établissements et de classes du post-primaire et du secondaire général des secteurs public et privé par région,Etablissements,,83,Évolution des nombres d'établissements et de classes du post-primaire et du secondaire général des secteurs public et privé par région.csv
2016,Sahel,,Evolution des nombres d'établissements et de classes du post-primaire et du secondaire général des secteurs public et privé par région,Etablissements,,90,Évolution des nombres d'établissements et de classes du post-primaire et du secondaire général des secteurs public et privé par région.csv
2017,Sahel,,Evolution des nombres d'établissements et de classes du post-primaire et du secondaire général des secteurs public et privé par région,Etablissements,,98,Évolution des nombres d'établissements et de classes du post-primaire et du secondaire général des secteurs public et privé par région.csv
2018,Sahel,,Evolution des nombres d'établissements et de classes du post-primaire et du secondaire général des secteurs public et privé par région,Etablissements,,84,Évolution des nombres d'établissements et de classes du post-primaire et du secondaire général des secteurs public et privé par région.csv
2019,Sahel,,Evolution des nombres d'établissements et de classes du post-primaire et du secondaire général des secteurs public et privé par région,Etablissements,,58,Évolution des nombres d'établissements et de classes du post-primaire et du secondaire général des secteurs public et privé par région.csv
2020,Sahel,,Evolution des nombres d'établissements et de classes du post-primaire et du secondaire général des secteurs public et privé par région,Etablissements,,37,Évolution des nombres d'établissements et de classes du post-primaire et du secondaire général des secteurs public et privé par région.csv
2021,Sahel,,Evolution des nombres d'établissements et de classes du post-primaire et du secondaire général des secteurs public et privé par région,Etablissements,,17,Évolution des nombres d'établissements et de classes du post-primaire et du secondaire général des secteurs public et privé par région.csv
2022,Sahel,,Evolution des nombres d'établissements et de classes du post-primaire et du secondaire général des secteurs public et privé par région,Etablissements,,17,Évolution des nombres d'établissements et de classes du post-primaire et du secondaire général des secteurs public et privé par région.csv
1997,Sahel,,Evolution des nombres d'établissements et de classes du post-primaire et du secondaire général des secteurs public et privé par région,Classes,,48,Évolution des nombres d'établissements et de classes du post-primaire et du secondaire général des secteurs public et privé par région.csv
1998,Sahel,,Evolution des nombres d'établissements et de classes du post-primaire et du secondaire général des secteurs public et privé par région,Classes,,51,Évolution des nombres d'établissements et de classes du post-primaire et du secondaire général des secteurs public et privé par région.csv
1999,Sahel,,Evolution des nombres d'établissements et de classes du post-primaire et du secondaire général des secteurs public et privé par région,Classes,,55,Évolution des nombres d'établissements et de classes du post-primaire et du secondaire général des secteurs public et privé par région.csv
2000,Sahel,,Evolution des nombres d'établissements et de classes du post-primaire et du secondaire général des secteurs public et privé par région,Classes,,61,Évolution des nombres d'établissements et de classes du post-primaire et du secondaire général des secteurs public et privé par région.csv
2001,Sahel,,Evolution des nombres d'établissements et de classes du post-primaire et du secondaire général des secteurs public et privé par région,Classes,,64,Évolution des nombres d'établissements et de classes du post-primaire et du secondaire général des secteurs public et privé par région.csv
2002,Sahel,,Evolution des nombres d'établissements et de classes du post-primaire et du secondaire général des secteurs public et privé par région,Classes,,78,Évolution des nombres d'établissements et de classes du post-primaire et du secondaire général des secteurs public et privé par région.csv
2003,Sahel,,Evolution des nombres d'établissements et de classes du post-primaire et du secondaire général des secteurs public et privé par région,Classes,,81,Évolution des nombres d'établissements et de classes du post-primaire et du secondaire général des secteurs public et privé par région.csv
2004,Sahel,,Evolution des nombres d'établissements et de classes du post-primaire et du secondaire général des secteurs public et privé par région,Classes,,92,Évolution des nombres d'établissements et de classes du post-primaire et du secondaire général des secteurs public et privé par région.csv
2005,Sahel,,Evolution des nombres d'établissements et de classes du post-primaire et du secondaire général des secteurs public et privé par région,Classes,,94,Évolution des nombres d'établissements et de classes du post-primaire et du secondaire général des secteurs public et privé par région.csv
2006,Sahel,,Evolution des nombres d'établissements et de classes du post-primaire et du secondaire général des secteurs public et privé par région,Classes,,100,Évolution des nombres d'établissements et de classes du post-primaire et du secondaire général des secteurs public et privé par région.csv
2007,Sahel,,Evolution des nombres d'établissements et de classes du post-primaire et du secondaire général des secteurs public et privé par région,Classes,,106,Évolution des nombres d'établissements et de classes du post-primaire et du secondaire général des secteurs public et privé par région.csv
2008,Sahel,,Evolution des nombres d'établissements et de classes du post-primaire et du secondaire général des secteurs public et privé par région,Classes,,121,Évolution des nombres d'établissements et de classes du post-primaire et du secondaire général des secteurs public et privé par région.csv
2009,Sahel,,Evolution des nombres d'établissements et de classes du post-primaire et du secondaire général des secteurs public et privé par région,Classes,,142,Évolution des nombres d'établissements et de classes du post-primaire et du secondaire général des secteurs public et privé par région.csv
2010,Sahel,,Evolution des nombres d'établissements et de classes du post-primaire et du secondaire général des secteurs public et privé par région,Classes,,179,Évolution des nombres d'établissements et de classes du post-primaire et du secondaire général des secteurs public et privé par région.csv
2011,Sahel,,Evolution des nombres d'établissements et de classes du post-primaire et du secondaire général des secteurs public et privé par région,Classes,,204,Évolution des nombres d'établissements et de classes du post-primaire et du secondaire général des secteurs public et privé par région.csv
2012,Sahel,,Evolution des nombres d'établissements et de classes du post-primaire et du secondaire général des secteurs public et privé par région,Classes,,233,Évolution des nombres d'établissements et de classes du post-primaire et du secondaire général des secteurs public et privé par région.csv
2013,Sahel,,Evolution des nombres d'établissements et de classes du post-primaire et du secondaire général des secteurs public et privé par région,Classes,,258,Évolution des nombres d'établissements et de classes du post-primaire et du secondaire général des secteurs public et privé par région.csv
2014,Sahel,,Evolution des nombres d'établissements et de classes du post-primaire et du secondaire général des secteurs public et privé par région,Classes,,271,Évolution des nombres d'établissements et de classes du post-primaire et du secondaire général des secteurs public et privé par région.csv
2015,Sahel,,Evolution des nombres d'établissements et de classes du post-primaire et du secondaire général des secteurs public et privé par région,Classes,,345,Évolution des nombres d'établissements et de classes du post-primaire et du secondaire général des secteurs public et privé par région.csv
2016,Sahel,,Evolution des nombres d'établissements et de classes du post-primaire et du secondaire général des secteurs public et privé par région,Classes,,397,Évolution des nombres d'établissements et de classes du post-primaire et du secondaire général des secteurs public et privé par région.csv
2017,Sahel,,Evolution des nombres d'établissements et de classes du post-primaire et du secondaire général des secteurs public et privé par région,Classes,,458,Évolution des nombres d'établissements et de classes du post-primaire et du secondaire général des secteurs public et privé par région.csv
2018,Sahel,,Evolution des nombres d'établissements et de classes du post-primaire et du secondaire général des secteurs public et privé par région,Classes,,465,Évolution des nombres d'établissements et de classes du post-primaire et du secondaire général des secteurs public et privé par région.csv
2019,Sahel,,Evolution des nombres d'établissements et de classes du post-primaire et du secondaire général des secteurs public et privé par région,Classes,,349,Évolution des nombres d'établissements et de classes du post-primaire et du secondaire général des secteurs public et privé par région.csv
2020,Sahel,,Evolution des nombres d'établissements et de classes du post-primaire et du secondaire général des secteurs public et privé par région,Classes,,267,Évolution des nombres d'établissements et de classes du post-primaire et du secondaire général des secteurs public et privé par région.csv
2021,Sahel,,Evolution des nombres d'établissements et de classes du post-primaire et du secondaire général des secteurs public et privé par région,Classes,,202,Évolution des nombres d'établissements et de classes du post-primaire et du secondaire général des secteurs public et privé par région.csv
2022,Sahel,,Evolution des nombres d'établissements et de classes du post-primaire et du secondaire général des secteurs public et privé par région,Classes,,194,Évolution des nombres d'établissements et de classes du post-primaire et du secondaire général des secteurs public et privé par région.csv
1997,Sud-Ouest,,Evolution des nombres d'établissements et de classes du post-primaire et du secondaire général des secteurs public et privé par région,Etablissements,,13,Évolution des nombres d'établissements et de classes du post-primaire et du secondaire général des secteurs public et privé par région.csv
1998,Sud-Ouest,,Evolution des nombres d'établissements et de classes du post-primaire et du secondaire général des secteurs public et privé par région,Etablissements,,14,Évolution des nombres d'établissements et de classes du post-primaire et du secondaire général des secteurs public et privé par région.csv
1999,Sud-Ouest,,Evolution des nombres d'établissements et de classes du post-primaire et du secondaire général des secteurs public et privé par région,Etablissements,,15,Évolution des nombres d'établissements et de classes du post-primaire et du secondaire général des secteurs public et privé par région.csv
2000,Sud-Ouest,,Evolution des nombres d'établissements et de classes du post-primaire et du secondaire général des secteurs public et privé par région,Etablissements,,16,Évolution des nombres d'établissements et de classes du post-primaire et du secondaire général des secteurs public et privé par région.csv
2001,Sud-Ouest,,Evolution des nombres d'établissements et de classes du post-primaire et du secondaire général des secteurs public et privé par région,Etablissements,,19,Évolution des nombres d'établissements et de classes du post-primaire et du secondaire général des secteurs public et privé par région.csv
2002,Sud-Ouest,,Evolution des nombres d'établissements et de classes du post-primaire et du secondaire général des secteurs public et privé par région,Etablissements,,22,Évolution des nombres d'établissements et de classes du post-primaire et du secondaire général des secteurs public et privé par région.csv
2003,Sud-Ouest,,Evolution des nombres d'établissements et de classes du post-primaire et du secondaire général des secteurs public et privé par région,Etablissements,,23,Évolution des nombres d'établissements et de classes du post-primaire et du secondaire général des secteurs public et privé par région.csv
2004,Sud-Ouest,,Evolution des nombres d'établissements et de classes du post-primaire et du secondaire général des secteurs public et privé par région,Etablissements,,23,Évolution des nombres d'établissements et de classes du post-primaire et du secondaire général des secteurs public et privé par région.csv
2005,Sud-Ouest,,Evolution des nombres d'établissements et de classes du post-primaire et du secondaire général des secteurs public et privé par région,Etablissements,,23,Évolution des nombres d'établissements et de classes du post-primaire et du secondaire général des secteurs public et privé par région.csv
2006,Sud-Ouest,,Evolution des nombres d'établissements et de classes du post-primaire et du secondaire général des secteurs public et privé par région,Etablissements,,23,Évolution des nombres d'établissements et de classes du post-primaire et du secondaire général des secteurs public et privé par région.csv
2007,Sud-Ouest,,Evolution des nombres d'établissements et de classes du post-primaire et du secondaire général des secteurs public et privé par région,Etablissements,,28,Évolution des nombres d'établissements et de classes du post-primaire et du secondaire général des secteurs public et privé par région.csv
2008,Sud-Ouest,,Evolution des nombres d'établissements et de classes du post-primaire et du secondaire général des secteurs public et privé par région,Etablissements,,42,Évolution des nombres d'établissements et de classes du post-primaire et du secondaire général des secteurs public et privé par région.csv
2009,Sud-Ouest,,Evolution des nombres d'établissements et de classes du post-primaire et du secondaire général des secteurs public et privé par région,Etablissements,,48,Évolution des nombres d'établissements et de classes du post-primaire et du secondaire général des secteurs public et privé par région.csv
2010,Sud-Ouest,,Evolution des nombres d'établissements et de classes du post-primaire et du secondaire général des secteurs public et privé par région,Etablissements,,51,Évolution des nombres d'établissements et de classes du post-primaire et du secondaire général des secteurs public et privé par région.csv
2011,Sud-Ouest,,Evolution des nombres d'établissements et de classes du post-primaire et du secondaire général des secteurs public et privé par région,Etablissements,,57,Évolution des nombres d'établissements et de classes du post-primaire et du secondaire général des secteurs public et privé par région.csv
2012,Sud-Ouest,,Evolution des nombres d'établissements et de classes du post-primaire et du secondaire général des secteurs public et privé par région,Etablissements,,63,Évolution des nombres d'établissements et de classes du post-primaire et du secondaire général des secteurs public et privé par région.csv
2013,Sud-Ouest,,Evolution des nombres d'établissements et de classes du post-primaire et du secondaire général des secteurs public et privé par région,Etablissements,,59,Évolution des nombres d'établissements et de classes du post-primaire et du secondaire général des secteurs public et privé par région.csv
2014,Sud-Ouest,,Evolution des nombres d'établissements et de classes du post-primaire et du secondaire général des secteurs public et privé par région,Etablissements,,63,Évolution des nombres d'établissements et de classes du post-primaire et du secondaire général des secteurs public et privé par région.csv
2015,Sud-Ouest,,Evolution des nombres d'établissements et de classes du post-primaire et du secondaire général des secteurs public et privé par région,Etablissements,,127,Évolution des nombres d'établissements et de classes du post-primaire et du secondaire général des secteurs public et privé par région.csv
2016,Sud-Ouest,,Evolution des nombres d'établissements et de classes du post-primaire et du secondaire général des secteurs public et privé par région,Etablissements,,153,Évolution des nombres d'établissements et de classes du post-primaire et du secondaire général des secteurs public et privé par région.csv
2017,Sud-Ouest,,Evolution des nombres d'établissements et de classes du post-primaire et du secondaire général des secteurs public et privé par région,Etablissements,,164,Évolution des nombres d'établissements et de classes du post-primaire et du secondaire général des secteurs public et privé par région.csv
2018,Sud-Ouest,,Evolution des nombres d'établissements et de classes du post-primaire et du secondaire général des secteurs public et privé par région,Etablissements,,173,Évolution des nombres d'établissements et de classes du post-primaire et du secondaire général des secteurs public et privé par région.csv
2019,Sud-Ouest,,Evolution des nombres d'établissements et de classes du post-primaire et du secondaire général des secteurs public et privé par région,Etablissements,,177,Évolution des nombres d'établissements et de classes du post-primaire et du secondaire général des secteurs public et privé par région.csv
2020,Sud-Ouest,,Evolution des nombres d'établissements et de classes du post-primaire et du secondaire général des secteurs public et privé par région,Etablissements,,183,Évolution des nombres d'établissements et de classes du post-primaire et du secondaire général des secteurs public et privé par région.csv
2021,Sud-Ouest,,Evolution des nombres d'établissements et de classes du post-primaire et du secondaire général des secteurs public et privé par région,Etablissements,,65,Évolution des nombres d'établissements et de classes du post-primaire et du secondaire général des secteurs public et privé par région.csv
2022,Sud-Ouest,,Evolution des nombres d'établissements et de classes du post-primaire et du secondaire général des secteurs public et privé par région,Etablissements,,65,Évolution des nombres d'établissements et de classes du post-primaire et du secondaire général des secteurs public et privé par région.csv
1997,Sud-Ouest,,Evolution des nombres d'établissements et de classes du post-primaire et du secondaire général des secteurs public et privé par région,Classes,,90,Évolution des nombres d'établissements et de classes du post-primaire et du secondaire général des secteurs public et privé par région.csv
1998,Sud-Ouest,,Evolution des nombres d'établissements et de classes du post-primaire et du secondaire général des secteurs public et privé par région,Classes,,96,Évolution des nombres d'établissements et de classes du post-primaire et du secondaire général des secteurs public et privé par région.csv
1999,Sud-Ouest,,Evolution des nombres d'établissements et de classes du post-primaire et du secondaire général des secteurs public et privé par région,Classes,,101,Évolution des nombres d'établissements et de classes du post-primaire et du secondaire général des secteurs public et privé par région.csv
2000,Sud-Ouest,,Evolution des nombres d'établissements et de classes du post-primaire et du secondaire général des secteurs public et privé par région,Classes,,104,Évolution des nombres d'établissements et de classes du post-primaire et du secondaire général des secteurs public et privé par région.csv
2001,Sud-Ouest,,Evolution des nombres d'établissements et de classes du post-primaire et du secondaire général des secteurs public et privé par région,Classes,,108,Évolution des nombres d'établissements et de classes du post-primaire et du secondaire général des secteurs public et privé par région.csv
2002,Sud-Ouest,,Evolution des nombres d'établissements et de classes du post-primaire et du secondaire général des secteurs public et privé par région,Classes,,111,Évolution des nombres d'établissements et de classes du post-primaire et du secondaire général des secteurs public et privé par région.csv
2003,Sud-Ouest,,Evolution des nombres d'établissements et de classes du post-primaire et du secondaire général des secteurs public et privé par région,Classes,,130,Évolution des nombres d'établissements et de classes du post-primaire et du secondaire général des secteurs public et privé par région.csv
2004,Sud-Ouest,,Evolution des nombres d'établissements et de classes du post-primaire et du secondaire général des secteurs public et privé par région,Classes,,147,Évolution des nombres d'établissements et de classes du post-primaire et du secondaire général des secteurs public et privé par région.csv
2005,Sud-Ouest,,Evolution des nombres d'établissements et de classes du post-primaire et du secondaire général des secteurs public et privé par région,Classes,,153,Évolution des nombres d'établissements et de classes du post-primaire et du secondaire général des secteurs public et privé par région.csv
2006,Sud-Ouest,,Evolution des nombres d'établissements et de classes du post-primaire et du secondaire général des secteurs public et privé par région,Classes,,169,Évolution des nombres d'établissements et de classes du post-primaire et du secondaire général des secteurs public et privé par région.csv
2007,Sud-Ouest,,Evolution des nombres d'établissements et de classes du post-primaire et du secondaire général des secteurs public et privé par région,Classes,,189,Évolution des nombres d'établissements et de classes du post-primaire et du secondaire général des secteurs public et privé par région.csv
2008,Sud-Ouest,,Evolution des nombres d'établissements et de classes du post-primaire et du secondaire général des secteurs public et privé par région,Classes,,220,Évolution des nombres d'établissements et de classes du post-primaire et du secondaire général des secteurs public et privé par région.csv
2009,Sud-Ouest,,Evolution des nombres d'établissements et de classes du post-primaire et du secondaire général des secteurs public et privé par région,Classes,,255,Évolution des nombres d'établissements et de classes du post-primaire et du secondaire général des secteurs public et privé par région.csv
2010,Sud-Ouest,,Evolution des nombres d'établissements et de classes du post-primaire et du secondaire général des secteurs public et privé par région,Classes,,294,Évolution des nombres d'établissements et de classes du post-primaire et du secondaire général des secteurs public et privé par région.csv
2011,Sud-Ouest,,Evolution des nombres d'établissements et de classes du post-primaire et du secondaire général des secteurs public et privé par région,Classes,,342,Évolution des nombres d'établissements et de classes du post-primaire et du secondaire général des secteurs public et privé par région.csv
2012,Sud-Ouest,,Evolution des nombres d'établissements et de classes du post-primaire et du secondaire général des secteurs public et privé par région,Classes,,381,Évolution des nombres d'établissements et de classes du post-primaire et du secondaire général des secteurs public et privé par région.csv
2013,Sud-Ouest,,Evolution des nombres d'établissements et de classes du post-primaire et du secondaire général des secteurs public et privé par région,Classes,,423,Évolution des nombres d'établissements et de classes du post-primaire et du secondaire général des secteurs public et privé par région.csv
2014,Sud-Ouest,,Evolution des nombres d'établissements et de classes du post-primaire et du secondaire général des secteurs public et privé par région,Classes,,478,Évolution des nombres d'établissements et de classes du post-primaire et du secondaire général des secteurs public et privé par région.csv
2015,Sud-Ouest,,Evolution des nombres d'établissements et de classes du post-primaire et du secondaire général des secteurs public et privé par région,Classes,,612,Évolution des nombres d'établissements et de classes du post-primaire et du secondaire général des secteurs public et privé par région.csv
2016,Sud-Ouest,,Evolution des nombres d'établissements et de classes du post-primaire et du secondaire général des secteurs public et privé par région,Classes,,685,Évolution des nombres d'établissements et de classes du post-primaire et du secondaire général des secteurs public et privé par région.csv
2017,Sud-Ouest,,Evolution des nombres d'établissements et de classes du post-primaire et du secondaire général des secteurs public et privé par région,Classes,,818,Évolution des nombres d'établissements et de classes du post-primaire et du secondaire général des secteurs public et privé par région.csv
2018,Sud-Ouest,,Evolution des nombres d'établissements et de classes du post-primaire et du secondaire général des secteurs public et privé par région,Classes,,923,Évolution des nombres d'établissements et de classes du post-primaire et du secondaire général des secteurs public et privé par région.csv
2019,Sud-Ouest,,Evolution des nombres d'établissements et de classes du post-primaire et du secondaire général des secteurs public et privé par région,Classes,,959,Évolution des nombres d'établissements et de classes du post-primaire et du secondaire général des secteurs public et privé par région.csv
2020,Sud-Ouest,,Evolution des nombres d'établissements et de classes du post-primaire et du secondaire général des secteurs public et privé par région,Classes,,1022,Évolution des nombres d'établissements et de classes du post-primaire et du secondaire général des secteurs public et privé par région.csv
2021,Sud-Ouest,,Evolution des nombres d'établissements et de classes du post-primaire et du secondaire général des secteurs public et privé par région,Classes,,595,Évolution des nombres d'établissements et de classes du post-primaire et du secondaire général des secteurs public et privé par région.csv
2022,Sud-Ouest,,Evolution des nombres d'établissements et de classes du post-primaire et du secondaire général des secteurs public et privé par région,Classes,,589,Évolution des nombres d'établissements et de classes du post-primaire et du secondaire général des secteurs public et privé par région.csv
1997,Burkina Faso,,Evolution des nombres d'établissements et de classes du post-primaire et du secondaire général des secteurs public et privé par région,Etablissements,,272,Évolution des nombres d'établissements et de classes du post-primaire et du secondaire général des secteurs public et privé par région.csv
1998,Burkina Faso,,Evolution des nombres d'établissements et de classes du post-primaire et du secondaire général des secteurs public et privé par région,Etablissements,,307,Évolution des nombres d'établissements et de classes du post-primaire et du secondaire général des secteurs public et privé par région.csv
1999,Burkina Faso,,Evolution des nombres d'établissements et de classes du post-primaire et du secondaire général des secteurs public et privé par région,Etablissements,,330,Évolution des nombres d'établissements et de classes du post-primaire et du secondaire général des secteurs public et privé par région.csv
2000,Burkina Faso,,Evolution des nombres d'établissements et de classes du post-primaire et du secondaire général des secteurs public et privé par région,Etablissements,,351,Évolution des nombres d'établissements et de classes du post-primaire et du secondaire général des secteurs public et privé par région.csv
2001,Burkina Faso,,Evolution des nombres d'établissements et de classes du post-primaire et du secondaire général des secteurs public et privé par région,Etablissements,,377,Évolution des nombres d'établissements et de classes du post-primaire et du secondaire général des secteurs public et privé par région.csv
2002,Burkina Faso,,Evolution des nombres d'établissements et de classes du post-primaire et du secondaire général des secteurs public et privé par région,Etablissements,,431,Évolution des nombres d'établissements et de classes du post-primaire et du secondaire général des secteurs public et privé par région.csv
2003,Burkina Faso,,Evolution des nombres d'établissements et de classes du post-primaire et du secondaire général des secteurs public et privé par région,Etablissements,,463,Évolution des nombres d'établissements et de classes du post-primaire et du secondaire général des secteurs public et privé par région.csv
2004,Burkina Faso,,Evolution des nombres d'établissements et de classes du post-primaire et du secondaire général des secteurs public et privé par région,Etablissements,,497,Évolution des nombres d'établissements et de classes du post-primaire et du secondaire général des secteurs public et privé par région.csv
2005,Burkina Faso,,Evolution des nombres d'établissements et de classes du post-primaire et du secondaire général des secteurs public et privé par région,Etablissements,,548,Évolution des nombres d'établissements et de classes du post-primaire et du secondaire général des secteurs public et privé par région.csv
2006,Burkina Faso,,Evolution des nombres d'établissements et de classes du post-primaire et du secondaire général des secteurs public et privé par région,Etablissements,,596,Évolution des nombres d'établissements et de classes du post-primaire et du secondaire général des secteurs public et privé par région.csv
2007,Burkina Faso,,Evolution des nombres d'établissements et de classes du post-primaire et du secondaire général des secteurs public et privé par région,Etablissements,,662,Évolution des nombres d'établissements et de classes du post-primaire et du secondaire général des secteurs public et privé par région.csv
2008,Burkina Faso,,Evolution des nombres d'établissements et de classes du post-primaire et du secondaire général des secteurs public et privé par région,Etablissements,,904,Évolution des nombres d'établissements et de classes du post-primaire et du secondaire général des secteurs public et privé par région.csv
2009,Burkina Faso,,Evolution des nombres d'établissements et de classes du post-primaire et du secondaire général des secteurs public et privé par région,Etablissements,,1041,Évolution des nombres d'établissements et de classes du post-primaire et du secondaire général des secteurs public et privé par région.csv
2010,Burkina Faso,,Evolution des nombres d'établissements et de classes du post-primaire et du secondaire général des secteurs public et privé par région,Etablissements,,1145,Évolution des nombres d'établissements et de classes du post-primaire et du secondaire général des secteurs public et privé par région.csv
2011,Burkina Faso,,Evolution des nombres d'établissements et de classes du post-primaire et du secondaire général des secteurs public et privé par région,Etablissements,,1291,Évolution des nombres d'établissements et de classes du post-primaire et du secondaire général des secteurs public et privé par région.csv
2012,Burkina Faso,,Evolution des nombres d'établissements et de classes du post-primaire et du secondaire général des secteurs public et privé par région,Etablissements,,1444,Évolution des nombres d'établissements et de classes du post-primaire et du secondaire général des secteurs public et privé par région.csv
2013,Burkina Faso,,Evolution des nombres d'établissements et de classes du post-primaire et du secondaire général des secteurs public et privé par région,Etablissements,,1396,Évolution des nombres d'établissements et de classes du post-primaire et du secondaire général des secteurs public et privé par région.csv
2014,Burkina Faso,,Evolution des nombres d'établissements et de classes du post-primaire et du secondaire général des secteurs public et privé par région,Etablissements,,1598,Évolution des nombres d'établissements et de classes du post-primaire et du secondaire général des secteurs public et privé par région.csv
2015,Burkina Faso,,Evolution des nombres d'établissements et de classes du post-primaire et du secondaire général des secteurs public et privé par région,Etablissements,,2462,Évolution des nombres d'établissements et de classes du post-primaire et du secondaire général des secteurs public et privé par région.csv
2016,Burkina Faso,,Evolution des nombres d'établissements et de classes du post-primaire et du secondaire général des secteurs public et privé par région,Etablissements,,3065,Évolution des nombres d'établissements et de classes du post-primaire et du secondaire général des secteurs public et privé par région.csv
2017,Burkina Faso,,Evolution des nombres d'établissements et de classes du post-primaire et du secondaire général des secteurs public et privé par région,Etablissements,,3421,Évolution des nombres d'établissements et de classes du post-primaire et du secondaire général des secteurs public et privé par région.csv
2018,Burkina Faso,,Evolution des nombres d'établissements et de classes du post-primaire et du secondaire général des secteurs public et privé par région,Etablissements,,3660,Évolution des nombres d'établissements et de classes du post-primaire et du secondaire général des secteurs public et privé par région.csv
2019,Burkina Faso,,Evolution des nombres d'établissements et de classes du post-primaire et du secondaire général des secteurs public et privé par région,Etablissements,,3706,Évolution des nombres d'établissements et de classes du post-primaire et du secondaire général des secteurs public et privé par région.csv
2020,Burkina Faso,,Evolution des nombres d'établissements et de classes du post-primaire et du secondaire général des secteurs public et privé par région,Etablissements,,3938,Évolution des nombres d'établissements et de classes du post-primaire et du secondaire général des secteurs public et privé par région.csv
2021,Burkina Faso,,Evolution des nombres d'établissements et de classes du post-primaire et du secondaire général des secteurs public et privé par région,Etablissements,,1523,Évolution des nombres d'établissements et de classes du post-primaire et du secondaire général des secteurs public et privé par région.csv
2022,Burkina Faso,,Evolution des nombres d'établissements et de classes du post-primaire et du secondaire général des secteurs public et privé par région,Etablissements,,1522,Évolution des nombres d'établissements et de classes du post-primaire et du secondaire général des secteurs public et privé par région.csv
1997,Burkina Faso,,Evolution des nombres d'établissements et de classes du post-primaire et du secondaire général des secteurs public et privé par région,Classes,,2436,Évolution des nombres d'établissements et de classes du post-primaire et du secondaire général des secteurs public et privé par région.csv
1998,Burkina Faso,,Evolution des nombres d'établissements et de classes du post-primaire et du secondaire général des secteurs public et privé par région,Classes,,2555,Évolution des nombres d'établissements et de classes du post-primaire et du secondaire général des secteurs public et privé par région.csv
1999,Burkina Faso,,Evolution des nombres d'établissements et de classes du post-primaire et du secondaire général des secteurs public et privé par région,Classes,,2646,Évolution des nombres d'établissements et de classes du post-primaire et du secondaire général des secteurs public et privé par région.csv
2000,Burkina Faso,,Evolution des nombres d'établissements et de classes du post-primaire et du secondaire général des secteurs public et privé par région,Classes,,2837,Évolution des nombres d'établissements et de classes du post-primaire et du secondaire général des secteurs public et privé par région.csv
2001,Burkina Faso,,Evolution des nombres d'établissements et de classes du post-primaire et du secondaire général des secteurs public et privé par région,Classes,,2955,Évolution des nombres d'établissements et de classes du post-primaire et du secondaire général des secteurs public et privé par région.csv
2002,Burkina Faso,,Evolution des nombres d'établissements et de classes du post-primaire et du secondaire général des secteurs public et privé par région,Classes,,3157,Évolution des nombres d'établissements et de classes du post-primaire et du secondaire général des secteurs public et privé par région.csv
2003,Burkina Faso,,Evolution des nombres d'établissements et de classes du post-primaire et du secondaire général des secteurs public et privé par région,Classes,,3501,Évolution des nombres d'établissements et de classes du post-primaire et du secondaire général des secteurs public et privé par région.csv
2004,Burkina Faso,,Evolution des nombres d'établissements et de classes du post-primaire et du secondaire général des secteurs public et privé par région,Classes,,4044,Évolution des nombres d'établissements et de classes du post-primaire et du secondaire général des secteurs public et privé par région.csv
2005,Burkina Faso,,Evolution des nombres d'établissements et de classes du post-primaire et du secondaire général des secteurs public et privé par région,Classes,,4539,Évolution des nombres d'établissements et de classes du post-primaire et du secondaire général des secteurs public et privé par région.csv
2006,Burkina Faso,,Evolution des nombres d'établissements et de classes du post-primaire et du secondaire général des secteurs public et privé par région,Classes,,4860,Évolution des nombres d'établissements et de classes du post-primaire et du secondaire général des secteurs public et privé par région.csv
2007,Burkina Faso,,Evolution des nombres d'établissements et de classes du post-primaire et du secondaire général des secteurs public et privé par région,Classes,,5001,Évolution des nombres d'établissements et de classes du post-primaire et du secondaire général des secteurs public et privé par région.csv
2008,Burkina Faso,,Evolution des nombres d'établissements et de classes du post-primaire et du secondaire général des secteurs public et privé par région,Classes,,5610,Évolution des nombres d'établissements et de classes du post-primaire et du secondaire général des secteurs public et privé par région.csv
2009,Burkina Faso,,Evolution des nombres d'établissements et de classes du post-primaire et du secondaire général des secteurs public et privé par région,Classes,,6198,Évolution des nombres d'établissements et de classes du post-primaire et du secondaire général des secteurs public et privé par région.csv
2010,Burkina Faso,,Evolution des nombres d'établissements et de classes du post-primaire et du secondaire général des secteurs public et privé par région,Classes,,7106,Évolution des nombres d'établissements et de classes du post-primaire et du secondaire général des secteurs public et privé par région.csv
2011,Burkina Faso,,Evolution des nombres d'établissements et de classes du post-primaire et du secondaire général des secteurs public et privé par région,Classes,,8075,Évolution des nombres d'établissements et de classes du post-primaire et du secondaire général des secteurs public et privé par région.csv
2012,Burkina Faso,,Evolution des nombres d'établissements et de classes du post-primaire et du secondaire général des secteurs public et privé par région,Classes,,9071,Évolution des nombres d'établissements et de classes du post-primaire et du secondaire général des secteurs public et privé par région.csv
2013,Burkina Faso,,Evolution des nombres d'établissements et de classes du post-primaire et du secondaire général des secteurs public et privé par région,Classes,,10275,Évolution des nombres d'établissements et de classes du post-primaire et du secondaire général des secteurs public et privé par région.csv
2014,Burkina Faso,,Evolution des nombres d'établissements et de classes du post-primaire et du secondaire général des secteurs public et privé par région,Classes,,11832,Évolution des nombres d'établissements et de classes du post-primaire et du secondaire général des secteurs public et privé par région.csv
2015,Burkina Faso,,Evolution des nombres d'établissements et de classes du post-primaire et du secondaire général des secteurs public et privé par région,Classes,,14514,Évolution des nombres d'établissements et de classes du post-primaire et du secondaire général des secteurs public et privé par région.csv
2016,Burkina Faso,,Evolution des nombres d'établissements et de classes du post-primaire et du secondaire général des secteurs public et privé par région,Classes,,16941,Évolution des nombres d'établissements et de classes du post-primaire et du secondaire général des secteurs public et privé par région.csv
2017,Burkina Faso,,Evolution des nombres d'établissements et de classes du post-primaire et du secondaire général des secteurs public et privé par région,Classes,,19417,Évolution des nombres d'établissements et de classes du post-primaire et du secondaire général des secteurs public et privé par région.csv
2018,Burkina Faso,,Evolution des nombres d'établissements et de classes du post-primaire et du secondaire général des secteurs public et privé par région,Classes,,21992,Évolution des nombres d'établissements et de classes du post-primaire et du secondaire général des secteurs public et privé par région.csv
2019,Burkina Faso,,Evolution des nombres d'établissements et de classes du post-primaire et du secondaire général des secteurs public et privé par région,Classes,,23754,Évolution des nombres d'établissements et de classes du post-primaire et du secondaire général des secteurs public et privé par région.csv
2020,Burkina Faso,,Evolution des nombres d'établissements et de classes du post-primaire et du secondaire général des secteurs public et privé par région,Classes,,25073,Évolution des nombres d'établissements et de classes du post-primaire et du secondaire général des secteurs public et privé par région.csv
2021,Burkina Faso,,Evolution des nombres d'établissements et de classes du post-primaire et du secondaire général des secteurs public et privé par région,Classes,,16261,Évolution des nombres d'établissements et de classes du post-primaire et du secondaire général des secteurs public et privé par région.csv
2022,Burkina Faso,,Evolution des nombres d'établissements et de classes du post-primaire et du secondaire général des secteurs public et privé par région,Classes,,15759,Évolution des nombres d'établissements et de classes du post-primaire et du secondaire général des secteurs public et privé par région.csv
