indicateur,regions,sexe,unite,date,valeur,date_source,periode_normalisee,granularite_temporelle,annee,source_fichier,domaine
Population du Burkina Faso par région et selon le sexe en milieu d'année,Burkina Faso,Homme,Nombre,1997,5046857.0,1997,1997,annuelle,1997,Population du Burkina Faso par région et selon le sexe.csv,demographie
Population du Burkina Faso par région et selon le sexe en milieu d'année,Burkina Faso,Homme,Nombre,1998,5201527.0,1998,1998,annuelle,1998,Population du Burkina Faso par région et selon le sexe.csv,demographie
Population du Burkina Faso par région et selon le sexe en milieu d'année,Burkina Faso,Homme,Nombre,1999,5361822.0,1999,1999,annuelle,1999,Population du Burkina Faso par région et selon le sexe.csv,demographie
Population du Burkina Faso par région et selon le sexe en milieu d'année,Burkina Faso,Homme,Nombre,2000,5527983.0,2000,2000,annuelle,2000,Population du Burkina Faso par région et selon le sexe.csv,demographie
Population du Burkina Faso par région et selon le sexe en milieu d'année,Burkina Faso,Homme,Nombre,2001,5700266.0,2001,2001,annuelle,2001,Population du Burkina Faso par région et selon le sexe.csv,demographie
Population du Burkina Faso par région et selon le sexe en milieu d'année,Burkina Faso,Homme,Nombre,2002,5878933.0,2002,2002,annuelle,2002,Population du Burkina Faso par région et selon le sexe.csv,demographie
Population du Burkina Faso par région et selon le sexe en milieu d'année,Burkina Faso,Homme,Nombre,2003,6064260.0,2003,2003,annuelle,2003,Population du Burkina Faso par région et selon le sexe.csv,demographie
Population du Burkina Faso par région et selon le sexe en milieu d'année,Burkina Faso,Homme,Nombre,2004,6256552.0,2004,2004,annuelle,2004,Population du Burkina Faso par région et selon le sexe.csv,demographie
Population du Burkina Faso par région et selon le sexe en milieu d'année,Burkina Faso,Homme,Nombre,2005,6456103.0,2005,2005,annuelle,2005,Population du Burkina Faso par région et selon le sexe.csv,demographie
Population du Burkina Faso par région et selon le sexe en milieu d'année,Burkina Faso,Homme,Nombre,2006,6663242.0,2006,2006,annuelle,2006,Population du Burkina Faso par région et selon le sexe.csv,demographie
Population du Burkina Faso par région et selon le sexe en milieu d'année,Burkina Faso,Homme,Nombre,2007,6880824.0,2007,2007,annuelle,2007,Population du Burkina Faso par région et selon le sexe.csv,demographie
Population du Burkina Faso par région et selon le sexe en milieu d'année,Burkina Faso,Homme,Nombre,2008,7110097.0,2008,2008,annuelle,2008,Population du Burkina Faso par région et selon le sexe.csv,demographie
Population du Burkina Faso par région et selon le sexe en milieu d'année,Burkina Faso,Homme,Nombre,2009,7346835.0,2009,2009,annuelle,2009,Population du Burkina Faso par région et selon le sexe.csv,demographie
Population du Burkina Faso par région et selon le sexe en milieu d'année,Burkina Faso,Homme,Nombre,2010,7590133.0,2010,2010,annuelle,2010,Population du Burkina Faso par région et selon le sexe.csv,demographie
Population du Burkina Faso par région et selon le sexe en milieu d'année,Burkina Faso,Homme,Nombre,2011,7839350.0,2011,2011,annuelle,2011,Population du Burkina Faso par région et selon le sexe.csv,demographie
Population du Burkina Faso par région et selon le sexe en milieu d'année,Burkina Faso,Homme,Nombre,2012,8095324.0,2012,2012,annuelle,2012,Population du Burkina Faso par région et selon le sexe.csv,demographie
Population du Burkina Faso par région et selon le sexe en milieu d'année,Burkina Faso,Homme,Nombre,2013,8357967.0,2013,2013,annuelle,2013,Population du Burkina Faso par région et selon le sexe.csv,demographie
Population du Burkina Faso par région et selon le sexe en milieu d'année,Burkina Faso,Homme,Nombre,2014,8627830.0,2014,2014,annuelle,2014,Population du Burkina Faso par région et selon le sexe.csv,demographie
Population du Burkina Faso par région et selon le sexe en milieu d'année,Burkina Faso,Homme,Nombre,2015,8904256.0,2015,2015,annuelle,2015,Population du Burkina Faso par région et selon le sexe.csv,demographie
Population du Burkina Faso par région et selon le sexe en milieu d'année,Burkina Faso,Homme,Nombre,2016,9187904.0,2016,2016,annuelle,2016,Population du Burkina Faso par région et selon le sexe.csv,demographie
Population du Burkina Faso par région et selon le sexe en milieu d'année,Burkina Faso,Homme,Nombre,2017,9478805.0,2017,2017,annuelle,2017,Population du Burkina Faso par région et selon le sexe.csv,demographie
Population du Burkina Faso par région et selon le sexe en milieu d'année,Burkina Faso,Homme,Nombre,2018,9777136.0,2018,2018,annuelle,2018,Population du Burkina Faso par région et selon le sexe.csv,demographie
Population du Burkina Faso par région et selon le sexe en milieu d'année,Burkina Faso,Homme,Nombre,2019,9900846.99999999,2019,2019,annuelle,2019,Population du Burkina Faso par région et selon le sexe.csv,demographie
Population du Burkina Faso par région et selon le sexe en milieu d'année,Burkina Faso,Homme,Nombre,2020,10055166.0,2020,2020,annuelle,2020,Population du Burkina Faso par région et selon le sexe.csv,demographie
Population du Burkina Faso par région et selon le sexe en milieu d'année,Burkina Faso,Homme,Nombre,2021,10369812.0,2021,2021,annuelle,2021,Population du Burkina Faso par région et selon le sexe.csv,demographie
Population du Burkina Faso par région et selon le sexe en milieu d'année,Burkina Faso,Homme,Nombre,2022,10688230.0,2022,2022,annuelle,2022,Population du Burkina Faso par région et selon le sexe.csv,demographie
Population du Burkina Faso par région et selon le sexe en milieu d'année,Burkina Faso,Homme,Nombre,2023,11009784.0,2023,2023,annuelle,2023,Population du Burkina Faso par région et selon le sexe.csv,demographie
Population du Burkina Faso par région et selon le sexe en milieu d'année,Burkina Faso,Homme,Nombre,2024,11333972.0,2024,2024,annuelle,2024,Population du Burkina Faso par région et selon le sexe.csv,demographie
Population du Burkina Faso par région et selon le sexe en milieu d'année,Burkina Faso,Femme,Nombre,1997,5422480.0,1997,1997,annuelle,1997,Population du Burkina Faso par région et selon le sexe.csv,demographie
Population du Burkina Faso par région et selon le sexe en milieu d'année,Burkina Faso,Femme,Nombre,1998,5586862.0,1998,1998,annuelle,1998,Population du Burkina Faso par région et selon le sexe.csv,demographie
Population du Burkina Faso par région et selon le sexe en milieu d'année,Burkina Faso,Femme,Nombre,1999,5757139.0,1999,1999,annuelle,1999,Population du Burkina Faso par région et selon le sexe.csv,demographie
Population du Burkina Faso par région et selon le sexe en milieu d'année,Burkina Faso,Femme,Nombre,2000,5933564.0,2000,2000,annuelle,2000,Population du Burkina Faso par région et selon le sexe.csv,demographie
Population du Burkina Faso par région et selon le sexe en milieu d'année,Burkina Faso,Femme,Nombre,2001,6116402.0,2001,2001,annuelle,2001,Population du Burkina Faso par région et selon le sexe.csv,demographie
Population du Burkina Faso par région et selon le sexe en milieu d'année,Burkina Faso,Femme,Nombre,2002,6305926.0,2002,2002,annuelle,2002,Population du Burkina Faso par région et selon le sexe.csv,demographie
Population du Burkina Faso par région et selon le sexe en milieu d'année,Burkina Faso,Femme,Nombre,2003,6502423.0,2003,2003,annuelle,2003,Population du Burkina Faso par région et selon le sexe.csv,demographie
Population du Burkina Faso par région et selon le sexe en milieu d'année,Burkina Faso,Femme,Nombre,2004,6706198.0,2004,2004,annuelle,2004,Population du Burkina Faso par région et selon le sexe.csv,demographie
Population du Burkina Faso par région et selon le sexe en milieu d'année,Burkina Faso,Femme,Nombre,2005,6917567.0,2005,2005,annuelle,2005,Population du Burkina Faso par région et selon le sexe.csv,demographie
Population du Burkina Faso par région et selon le sexe en milieu d'année,Burkina Faso,Femme,Nombre,2006,7136863.0,2006,2006,annuelle,2006,Population du Burkina Faso par région et selon le sexe.csv,demographie
Population du Burkina Faso par région et selon le sexe en milieu d'année,Burkina Faso,Femme,Nombre,2007,7371188.0,2007,2007,annuelle,2007,Population du Burkina Faso par région et selon le sexe.csv,demographie
Population du Burkina Faso par région et selon le sexe en milieu d'année,Burkina Faso,Femme,Nombre,2008,7621070.0,2008,2008,annuelle,2008,Population du Burkina Faso par région et selon le sexe.csv,demographie
Population du Burkina Faso par région et selon le sexe en milieu d'année,Burkina Faso,Femme,Nombre,2009,7877945.0,2009,2009,annuelle,2009,Population du Burkina Faso par région et selon le sexe.csv,demographie
Population du Burkina Faso par région et selon le sexe en milieu d'année,Burkina Faso,Femme,Nombre,2010,8140844.0,2010,2010,annuelle,2010,Population du Burkina Faso par région et selon le sexe.csv,demographie
Population du Burkina Faso par région et selon le sexe en milieu d'année,Burkina Faso,Femme,Nombre,2011,8409208.0,2011,2011,annuelle,2011,Population du Burkina Faso par région et selon le sexe.csv,demographie
Population du Burkina Faso par région et selon le sexe en milieu d'année,Burkina Faso,Femme,Nombre,2012,8683882.0,2012,2012,annuelle,2012,Population du Burkina Faso par région et selon le sexe.csv,demographie
Population du Burkina Faso par région et selon le sexe en milieu d'année,Burkina Faso,Femme,Nombre,2013,8964829.0,2013,2013,annuelle,2013,Population du Burkina Faso par région et selon le sexe.csv,demographie
Population du Burkina Faso par région et selon le sexe en milieu d'année,Burkina Faso,Femme,Nombre,2014,9252556.0,2014,2014,annuelle,2014,Population du Burkina Faso par région et selon le sexe.csv,demographie
Population du Burkina Faso par région et selon le sexe en milieu d'année,Burkina Faso,Femme,Nombre,2015,9546238.0,2015,2015,annuelle,2015,Population du Burkina Faso par région et selon le sexe.csv,demographie
Population du Burkina Faso par région et selon le sexe en milieu d'année,Burkina Faso,Femme,Nombre,2016,9846493.0,2016,2016,annuelle,2016,Population du Burkina Faso par région et selon le sexe.csv,demographie
Population du Burkina Faso par région et selon le sexe en milieu d'année,Burkina Faso,Femme,Nombre,2017,10153342.0,2017,2017,annuelle,2017,Population du Burkina Faso par région et selon le sexe.csv,demographie
Population du Burkina Faso par région et selon le sexe en milieu d'année,Burkina Faso,Femme,Nombre,2018,10466944.0,2018,2018,annuelle,2018,Population du Burkina Faso par région et selon le sexe.csv,demographie
Population du Burkina Faso par région et selon le sexe en milieu d'année,Burkina Faso,Femme,Nombre,2019,10604308.0,2019,2019,annuelle,2019,Population du Burkina Faso par région et selon le sexe.csv,demographie
Population du Burkina Faso par région et selon le sexe en milieu d'année,Burkina Faso,Femme,Nombre,2020,10762870.0,2020,2020,annuelle,2020,Population du Burkina Faso par région et selon le sexe.csv,demographie
Population du Burkina Faso par région et selon le sexe en milieu d'année,Burkina Faso,Femme,Nombre,2021,11085832.0,2021,2021,annuelle,2021,Population du Burkina Faso par région et selon le sexe.csv,demographie
Population du Burkina Faso par région et selon le sexe en milieu d'année,Burkina Faso,Femme,Nombre,2022,11412644.0,2022,2022,annuelle,2022,Population du Burkina Faso par région et selon le sexe.csv,demographie
Population du Burkina Faso par région et selon le sexe en milieu d'année,Burkina Faso,Femme,Nombre,2023,11742531.0,2023,2023,annuelle,2023,Population du Burkina Faso par région et selon le sexe.csv,demographie
Population du Burkina Faso par région et selon le sexe en milieu d'année,Burkina Faso,Femme,Nombre,2024,12075043.0,2024,2024,annuelle,2024,Population du Burkina Faso par région et selon le sexe.csv,demographie
Population du Burkina Faso par région et selon le sexe en milieu d'année,Burkina Faso,Ensemble,Nombre,1997,10469337.0,1997,1997,annuelle,1997,Population du Burkina Faso par région et selon le sexe.csv,demographie
Population du Burkina Faso par région et selon le sexe en milieu d'année,Burkina Faso,Ensemble,Nombre,1998,10788389.0,1998,1998,annuelle,1998,Population du Burkina Faso par région et selon le sexe.csv,demographie
Population du Burkina Faso par région et selon le sexe en milieu d'année,Burkina Faso,Ensemble,Nombre,1999,11118961.0,1999,1999,annuelle,1999,Population du Burkina Faso par région et selon le sexe.csv,demographie
Population du Burkina Faso par région et selon le sexe en milieu d'année,Burkina Faso,Ensemble,Nombre,2000,11461547.0,2000,2000,annuelle,2000,Population du Burkina Faso par région et selon le sexe.csv,demographie
Population du Burkina Faso par région et selon le sexe en milieu d'année,Burkina Faso,Ensemble,Nombre,2001,11816668.0,2001,2001,annuelle,2001,Population du Burkina Faso par région et selon le sexe.csv,demographie
Population du Burkina Faso par région et selon le sexe en milieu d'année,Burkina Faso,Ensemble,Nombre,2002,12184859.0,2002,2002,annuelle,2002,Population du Burkina Faso par région et selon le sexe.csv,demographie
Population du Burkina Faso par région et selon le sexe en milieu d'année,Burkina Faso,Ensemble,Nombre,2003,12566683.0,2003,2003,annuelle,2003,Population du Burkina Faso par région et selon le sexe.csv,demographie
Population du Burkina Faso par région et selon le sexe en milieu d'année,Burkina Faso,Ensemble,Nombre,2004,12962750.0,2004,2004,annuelle,2004,Population du Burkina Faso par région et selon le sexe.csv,demographie
Population du Burkina Faso par région et selon le sexe en milieu d'année,Burkina Faso,Ensemble,Nombre,2005,13373670.0,2005,2005,annuelle,2005,Population du Burkina Faso par région et selon le sexe.csv,demographie
Population du Burkina Faso par région et selon le sexe en milieu d'année,Burkina Faso,Ensemble,Nombre,2006,13800105.0,2006,2006,annuelle,2006,Population du Burkina Faso par région et selon le sexe.csv,demographie
Population du Burkina Faso par région et selon le sexe en milieu d'année,Burkina Faso,Ensemble,Nombre,2007,14252012.0,2007,2007,annuelle,2007,Population du Burkina Faso par région et selon le sexe.csv,demographie
Population du Burkina Faso par région et selon le sexe en milieu d'année,Burkina Faso,Ensemble,Nombre,2008,14731167.0,2008,2008,annuelle,2008,Population du Burkina Faso par région et selon le sexe.csv,demographie
Population du Burkina Faso par région et selon le sexe en milieu d'année,Burkina Faso,Ensemble,Nombre,2009,15224780.0,2009,2009,annuelle,2009,Population du Burkina Faso par région et selon le sexe.csv,demographie
Population du Burkina Faso par région et selon le sexe en milieu d'année,Burkina Faso,Ensemble,Nombre,2010,15730977.0,2010,2010,annuelle,2010,Population du Burkina Faso par région et selon le sexe.csv,demographie
Population du Burkina Faso par région et selon le sexe en milieu d'année,Burkina Faso,Ensemble,Nombre,2011,16248558.0,2011,2011,annuelle,2011,Population du Burkina Faso par région et selon le sexe.csv,demographie
Population du Burkina Faso par région et selon le sexe en milieu d'année,Burkina Faso,Ensemble,Nombre,2012,16779206.0,2012,2012,annuelle,2012,Population du Burkina Faso par région et selon le sexe.csv,demographie
Population du Burkina Faso par région et selon le sexe en milieu d'année,Burkina Faso,Ensemble,Nombre,2013,17322796.0,2013,2013,annuelle,2013,Population du Burkina Faso par région et selon le sexe.csv,demographie
Population du Burkina Faso par région et selon le sexe en milieu d'année,Burkina Faso,Ensemble,Nombre,2014,17880386.0,2014,2014,annuelle,2014,Population du Burkina Faso par région et selon le sexe.csv,demographie
Population du Burkina Faso par région et selon le sexe en milieu d'année,Burkina Faso,Ensemble,Nombre,2015,18450494.0,2015,2015,annuelle,2015,Population du Burkina Faso par région et selon le sexe.csv,demographie
Population du Burkina Faso par région et selon le sexe en milieu d'année,Burkina Faso,Ensemble,Nombre,2016,19034397.0,2016,2016,annuelle,2016,Population du Burkina Faso par région et selon le sexe.csv,demographie
Population du Burkina Faso par région et selon le sexe en milieu d'année,Burkina Faso,Ensemble,Nombre,2017,19632147.0,2017,2017,annuelle,2017,Population du Burkina Faso par région et selon le sexe.csv,demographie
Population du Burkina Faso par région et selon le sexe en milieu d'année,Burkina Faso,Ensemble,Nombre,2018,20244080.0,2018,2018,annuelle,2018,Population du Burkina Faso par région et selon le sexe.csv,demographie
Population du Burkina Faso par région et selon le sexe en milieu d'année,Burkina Faso,Ensemble,Nombre,2019,20505155.0,2019,2019,annuelle,2019,Population du Burkina Faso par région et selon le sexe.csv,demographie
Population du Burkina Faso par région et selon le sexe en milieu d'année,Burkina Faso,Ensemble,Nombre,2020,20818036.0,2020,2020,annuelle,2020,Population du Burkina Faso par région et selon le sexe.csv,demographie
Population du Burkina Faso par région et selon le sexe en milieu d'année,Burkina Faso,Ensemble,Nombre,2021,21455644.0,2021,2021,annuelle,2021,Population du Burkina Faso par région et selon le sexe.csv,demographie
Population du Burkina Faso par région et selon le sexe en milieu d'année,Burkina Faso,Ensemble,Nombre,2022,22100874.0,2022,2022,annuelle,2022,Population du Burkina Faso par région et selon le sexe.csv,demographie
Population du Burkina Faso par région et selon le sexe en milieu d'année,Burkina Faso,Ensemble,Nombre,2023,22752315.0,2023,2023,annuelle,2023,Population du Burkina Faso par région et selon le sexe.csv,demographie
Population du Burkina Faso par région et selon le sexe en milieu d'année,Burkina Faso,Ensemble,Nombre,2024,23409015.0,2024,2024,annuelle,2024,Population du Burkina Faso par région et selon le sexe.csv,demographie
Population du Burkina Faso par région et selon le sexe en milieu d'année,Boucle du Mouhoun,Homme,Nombre,1997,586142.0,1997,1997,annuelle,1997,Population du Burkina Faso par région et selon le sexe.csv,demographie
Population du Burkina Faso par région et selon le sexe en milieu d'année,Boucle du Mouhoun,Homme,Nombre,1998,598452.0,1998,1998,annuelle,1998,Population du Burkina Faso par région et selon le sexe.csv,demographie
Population du Burkina Faso par région et selon le sexe en milieu d'année,Boucle du Mouhoun,Homme,Nombre,1999,611026.0,1999,1999,annuelle,1999,Population du Burkina Faso par région et selon le sexe.csv,demographie
Population du Burkina Faso par région et selon le sexe en milieu d'année,Boucle du Mouhoun,Homme,Nombre,2000,623871.0,2000,2000,annuelle,2000,Population du Burkina Faso par région et selon le sexe.csv,demographie
Population du Burkina Faso par région et selon le sexe en milieu d'année,Boucle du Mouhoun,Homme,Nombre,2001,636993.0,2001,2001,annuelle,2001,Population du Burkina Faso par région et selon le sexe.csv,demographie
Population du Burkina Faso par région et selon le sexe en milieu d'année,Boucle du Mouhoun,Homme,Nombre,2002,650398.0,2002,2002,annuelle,2002,Population du Burkina Faso par région et selon le sexe.csv,demographie
Population du Burkina Faso par région et selon le sexe en milieu d'année,Boucle du Mouhoun,Homme,Nombre,2003,664088.0,2003,2003,annuelle,2003,Population du Burkina Faso par région et selon le sexe.csv,demographie
Population du Burkina Faso par région et selon le sexe en milieu d'année,Boucle du Mouhoun,Homme,Nombre,2004,678079.0,2004,2004,annuelle,2004,Population du Burkina Faso par région et selon le sexe.csv,demographie
Population du Burkina Faso par région et selon le sexe en milieu d'année,Boucle du Mouhoun,Homme,Nombre,2005,692368.0,2005,2005,annuelle,2005,Population du Burkina Faso par région et selon le sexe.csv,demographie
Population du Burkina Faso par région et selon le sexe en milieu d'année,Boucle du Mouhoun,Homme,Nombre,2006,706967.0,2006,2006,annuelle,2006,Population du Burkina Faso par région et selon le sexe.csv,demographie
Population du Burkina Faso par région et selon le sexe en milieu d'année,Boucle du Mouhoun,Homme,Nombre,2007,721141.0,2007,2007,annuelle,2007,Population du Burkina Faso par région et selon le sexe.csv,demographie
Population du Burkina Faso par région et selon le sexe en milieu d'année,Boucle du Mouhoun,Homme,Nombre,2008,741274.0,2008,2008,annuelle,2008,Population du Burkina Faso par région et selon le sexe.csv,demographie
Population du Burkina Faso par région et selon le sexe en milieu d'année,Boucle du Mouhoun,Homme,Nombre,2009,762063.0,2009,2009,annuelle,2009,Population du Burkina Faso par région et selon le sexe.csv,demographie
Population du Burkina Faso par région et selon le sexe en milieu d'année,Boucle du Mouhoun,Homme,Nombre,2010,783428.0,2010,2010,annuelle,2010,Population du Burkina Faso par région et selon le sexe.csv,demographie
Population du Burkina Faso par région et selon le sexe en milieu d'année,Boucle du Mouhoun,Homme,Nombre,2011,805295.0,2011,2011,annuelle,2011,Population du Burkina Faso par région et selon le sexe.csv,demographie
Population du Burkina Faso par région et selon le sexe en milieu d'année,Boucle du Mouhoun,Homme,Nombre,2012,827769.0,2012,2012,annuelle,2012,Population du Burkina Faso par région et selon le sexe.csv,demographie
Population du Burkina Faso par région et selon le sexe en milieu d'année,Boucle du Mouhoun,Homme,Nombre,2013,850826.0,2013,2013,annuelle,2013,Population du Burkina Faso par région et selon le sexe.csv,demographie
Population du Burkina Faso par région et selon le sexe en milieu d'année,Boucle du Mouhoun,Homme,Nombre,2014,874547.0,2014,2014,annuelle,2014,Population du Burkina Faso par région et selon le sexe.csv,demographie
Population du Burkina Faso par région et selon le sexe en milieu d'année,Boucle du Mouhoun,Homme,Nombre,2015,898862.0,2015,2015,annuelle,2015,Population du Burkina Faso par région et selon le sexe.csv,demographie
Population du Burkina Faso par région et selon le sexe en milieu d'année,Boucle du Mouhoun,Homme,Nombre,2016,923859.0,2016,2016,annuelle,2016,Population du Burkina Faso par région et selon le sexe.csv,demographie
Population du Burkina Faso par région et selon le sexe en milieu d'année,Boucle du Mouhoun,Homme,Nombre,2017,949535.0,2017,2017,annuelle,2017,Population du Burkina Faso par région et selon le sexe.csv,demographie
Population du Burkina Faso par région et selon le sexe en milieu d'année,Boucle du Mouhoun,Homme,Nombre,2018,975916.0,2018,2018,annuelle,2018,Population du Burkina Faso par région et selon le sexe.csv,demographie
Population du Burkina Faso par région et selon le sexe en milieu d'année,Boucle du Mouhoun,Homme,Nombre,2019,946183.0,2019,2019,annuelle,2019,Population du Burkina Faso par région et selon le sexe.csv,demographie
Population du Burkina Faso par région et selon le sexe en milieu d'année,Boucle du Mouhoun,Homme,Nombre,2020,951214.0,2020,2020,annuelle,2020,Population du Burkina Faso par région et selon le sexe.csv,demographie
Population du Burkina Faso par région et selon le sexe en milieu d'année,Boucle du Mouhoun,Homme,Nombre,2021,976199.0,2021,2021,annuelle,2021,Population du Burkina Faso par région et selon le sexe.csv,demographie
Population du Burkina Faso par région et selon le sexe en milieu d'année,Boucle du Mouhoun,Homme,Nombre,2022,1001424.0,2022,2022,annuelle,2022,Population du Burkina Faso par région et selon le sexe.csv,demographie
Population du Burkina Faso par région et selon le sexe en milieu d'année,Boucle du Mouhoun,Homme,Nombre,2023,1026841.0,2023,2023,annuelle,2023,Population du Burkina Faso par région et selon le sexe.csv,demographie
Population du Burkina Faso par région et selon le sexe en milieu d'année,Boucle du Mouhoun,Homme,Nombre,2024,1052414.0,2024,2024,annuelle,2024,Population du Burkina Faso par région et selon le sexe.csv,demographie
Population du Burkina Faso par région et selon le sexe en milieu d'année,Boucle du Mouhoun,Femme,Nombre,1997,600499.0,1997,1997,annuelle,1997,Population du Burkina Faso par région et selon le sexe.csv,demographie
Population du Burkina Faso par région et selon le sexe en milieu d'année,Boucle du Mouhoun,Femme,Nombre,1998,612811.0,1998,1998,annuelle,1998,Population du Burkina Faso par région et selon le sexe.csv,demographie
Population du Burkina Faso par région et selon le sexe en milieu d'année,Boucle du Mouhoun,Femme,Nombre,1999,625381.0,1999,1999,annuelle,1999,Population du Burkina Faso par région et selon le sexe.csv,demographie
Population du Burkina Faso par région et selon le sexe en milieu d'année,Boucle du Mouhoun,Femme,Nombre,2000,638214.0,2000,2000,annuelle,2000,Population du Burkina Faso par région et selon le sexe.csv,demographie
Population du Burkina Faso par région et selon le sexe en milieu d'année,Boucle du Mouhoun,Femme,Nombre,2001,651317.0,2001,2001,annuelle,2001,Population du Burkina Faso par région et selon le sexe.csv,demographie
Population du Burkina Faso par région et selon le sexe en milieu d'année,Boucle du Mouhoun,Femme,Nombre,2002,664693.0,2002,2002,annuelle,2002,Population du Burkina Faso par région et selon le sexe.csv,demographie
Population du Burkina Faso par région et selon le sexe en milieu d'année,Boucle du Mouhoun,Femme,Nombre,2003,678350.0,2003,2003,annuelle,2003,Population du Burkina Faso par région et selon le sexe.csv,demographie
Population du Burkina Faso par région et selon le sexe en milieu d'année,Boucle du Mouhoun,Femme,Nombre,2004,692294.0,2004,2004,annuelle,2004,Population du Burkina Faso par région et selon le sexe.csv,demographie
Population du Burkina Faso par région et selon le sexe en milieu d'année,Boucle du Mouhoun,Femme,Nombre,2005,706532.0,2005,2005,annuelle,2005,Population du Burkina Faso par région et selon le sexe.csv,demographie
Population du Burkina Faso par région et selon le sexe en milieu d'année,Boucle du Mouhoun,Femme,Nombre,2006,721066.0,2006,2006,annuelle,2006,Population du Burkina Faso par région et selon le sexe.csv,demographie
Population du Burkina Faso par région et selon le sexe en milieu d'année,Boucle du Mouhoun,Femme,Nombre,2007,738057.0,2007,2007,annuelle,2007,Population du Burkina Faso par région et selon le sexe.csv,demographie
Population du Burkina Faso par région et selon le sexe en milieu d'année,Boucle du Mouhoun,Femme,Nombre,2008,759268.0,2008,2008,annuelle,2008,Population du Burkina Faso par région et selon le sexe.csv,demographie
Population du Burkina Faso par région et selon le sexe en milieu d'année,Boucle du Mouhoun,Femme,Nombre,2009,781050.0,2009,2009,annuelle,2009,Population du Burkina Faso par région et selon le sexe.csv,demographie
Population du Burkina Faso par région et selon le sexe en milieu d'année,Boucle du Mouhoun,Femme,Nombre,2010,803320.0,2010,2010,annuelle,2010,Population du Burkina Faso par région et selon le sexe.csv,demographie
Population du Burkina Faso par région et selon le sexe en milieu d'année,Boucle du Mouhoun,Femme,Nombre,2011,826026.0,2011,2011,annuelle,2011,Population du Burkina Faso par région et selon le sexe.csv,demographie
Population du Burkina Faso par région et selon le sexe en milieu d'année,Boucle du Mouhoun,Femme,Nombre,2012,849249.0,2012,2012,annuelle,2012,Population du Burkina Faso par région et selon le sexe.csv,demographie
Population du Burkina Faso par région et selon le sexe en milieu d'année,Boucle du Mouhoun,Femme,Nombre,2013,873004.0,2013,2013,annuelle,2013,Population du Burkina Faso par région et selon le sexe.csv,demographie
Population du Burkina Faso par région et selon le sexe en milieu d'année,Boucle du Mouhoun,Femme,Nombre,2014,897349.0,2014,2014,annuelle,2014,Population du Burkina Faso par région et selon le sexe.csv,demographie
Population du Burkina Faso par région et selon le sexe en milieu d'année,Boucle du Mouhoun,Femme,Nombre,2015,922197.0,2015,2015,annuelle,2015,Population du Burkina Faso par région et selon le sexe.csv,demographie
Population du Burkina Faso par région et selon le sexe en milieu d'année,Boucle du Mouhoun,Femme,Nombre,2016,947633.0,2016,2016,annuelle,2016,Population du Burkina Faso par région et selon le sexe.csv,demographie
Population du Burkina Faso par région et selon le sexe en milieu d'année,Boucle du Mouhoun,Femme,Nombre,2017,973657.0,2017,2017,annuelle,2017,Population du Burkina Faso par région et selon le sexe.csv,demographie
Population du Burkina Faso par région et selon le sexe en milieu d'année,Boucle du Mouhoun,Femme,Nombre,2018,1000301.0,2018,2018,annuelle,2018,Population du Burkina Faso par région et selon le sexe.csv,demographie
Population du Burkina Faso par région et selon le sexe en milieu d'année,Boucle du Mouhoun,Femme,Nombre,2019,955086.0,2019,2019,annuelle,2019,Population du Burkina Faso par région et selon le sexe.csv,demographie
Population du Burkina Faso par région et selon le sexe en milieu d'année,Boucle du Mouhoun,Femme,Nombre,2020,969534.0,2020,2020,annuelle,2020,Population du Burkina Faso par région et selon le sexe.csv,demographie
Population du Burkina Faso par région et selon le sexe en milieu d'année,Boucle du Mouhoun,Femme,Nombre,2021,993892.0,2021,2021,annuelle,2021,Population du Burkina Faso par région et selon le sexe.csv,demographie
Population du Burkina Faso par région et selon le sexe en milieu d'année,Boucle du Mouhoun,Femme,Nombre,2022,1018492.0,2022,2022,annuelle,2022,Population du Burkina Faso par région et selon le sexe.csv,demographie
Population du Burkina Faso par région et selon le sexe en milieu d'année,Boucle du Mouhoun,Femme,Nombre,2023,1043274.0,2023,2023,annuelle,2023,Population du Burkina Faso par région et selon le sexe.csv,demographie
Population du Burkina Faso par région et selon le sexe en milieu d'année,Boucle du Mouhoun,Femme,Nombre,2024,1068212.0,2024,2024,annuelle,2024,Population du Burkina Faso par région et selon le sexe.csv,demographie
Population du Burkina Faso par région et selon le sexe en milieu d'année,Boucle du Mouhoun,Ensemble,Nombre,1997,1186641.0,1997,1997,annuelle,1997,Population du Burkina Faso par région et selon le sexe.csv,demographie
Population du Burkina Faso par région et selon le sexe en milieu d'année,Boucle du Mouhoun,Ensemble,Nombre,1998,1211263.0,1998,1998,annuelle,1998,Population du Burkina Faso par région et selon le sexe.csv,demographie
Population du Burkina Faso par région et selon le sexe en milieu d'année,Boucle du Mouhoun,Ensemble,Nombre,1999,1236407.0,1999,1999,annuelle,1999,Population du Burkina Faso par région et selon le sexe.csv,demographie
Population du Burkina Faso par région et selon le sexe en milieu d'année,Boucle du Mouhoun,Ensemble,Nombre,2000,1262085.0,2000,2000,annuelle,2000,Population du Burkina Faso par région et selon le sexe.csv,demographie
Population du Burkina Faso par région et selon le sexe en milieu d'année,Boucle du Mouhoun,Ensemble,Nombre,2001,1288310.0,2001,2001,annuelle,2001,Population du Burkina Faso par région et selon le sexe.csv,demographie
Population du Burkina Faso par région et selon le sexe en milieu d'année,Boucle du Mouhoun,Ensemble,Nombre,2002,1315091.0,2002,2002,annuelle,2002,Population du Burkina Faso par région et selon le sexe.csv,demographie
Population du Burkina Faso par région et selon le sexe en milieu d'année,Boucle du Mouhoun,Ensemble,Nombre,2003,1342438.0,2003,2003,annuelle,2003,Population du Burkina Faso par région et selon le sexe.csv,demographie
Population du Burkina Faso par région et selon le sexe en milieu d'année,Boucle du Mouhoun,Ensemble,Nombre,2004,1370373.0,2004,2004,annuelle,2004,Population du Burkina Faso par région et selon le sexe.csv,demographie
Population du Burkina Faso par région et selon le sexe en milieu d'année,Boucle du Mouhoun,Ensemble,Nombre,2005,1398900.0,2005,2005,annuelle,2005,Population du Burkina Faso par région et selon le sexe.csv,demographie
Population du Burkina Faso par région et selon le sexe en milieu d'année,Boucle du Mouhoun,Ensemble,Nombre,2006,1428033.0,2006,2006,annuelle,2006,Population du Burkina Faso par région et selon le sexe.csv,demographie
Population du Burkina Faso par région et selon le sexe en milieu d'année,Boucle du Mouhoun,Ensemble,Nombre,2007,1459198.0,2007,2007,annuelle,2007,Population du Burkina Faso par région et selon le sexe.csv,demographie
Population du Burkina Faso par région et selon le sexe en milieu d'année,Boucle du Mouhoun,Ensemble,Nombre,2008,1500542.0,2008,2008,annuelle,2008,Population du Burkina Faso par région et selon le sexe.csv,demographie
Population du Burkina Faso par région et selon le sexe en milieu d'année,Boucle du Mouhoun,Ensemble,Nombre,2009,1543113.0,2009,2009,annuelle,2009,Population du Burkina Faso par région et selon le sexe.csv,demographie
Population du Burkina Faso par région et selon le sexe en milieu d'année,Boucle du Mouhoun,Ensemble,Nombre,2010,1586748.0,2010,2010,annuelle,2010,Population du Burkina Faso par région et selon le sexe.csv,demographie
Population du Burkina Faso par région et selon le sexe en milieu d'année,Boucle du Mouhoun,Ensemble,Nombre,2011,1631321.0,2011,2011,annuelle,2011,Population du Burkina Faso par région et selon le sexe.csv,demographie
Population du Burkina Faso par région et selon le sexe en milieu d'année,Boucle du Mouhoun,Ensemble,Nombre,2012,1677018.0,2012,2012,annuelle,2012,Population du Burkina Faso par région et selon le sexe.csv,demographie
Population du Burkina Faso par région et selon le sexe en milieu d'année,Boucle du Mouhoun,Ensemble,Nombre,2013,1723830.0,2013,2013,annuelle,2013,Population du Burkina Faso par région et selon le sexe.csv,demographie
Population du Burkina Faso par région et selon le sexe en milieu d'année,Boucle du Mouhoun,Ensemble,Nombre,2014,1771896.0,2014,2014,annuelle,2014,Population du Burkina Faso par région et selon le sexe.csv,demographie
Population du Burkina Faso par région et selon le sexe en milieu d'année,Boucle du Mouhoun,Ensemble,Nombre,2015,1821059.0,2015,2015,annuelle,2015,Population du Burkina Faso par région et selon le sexe.csv,demographie
Population du Burkina Faso par région et selon le sexe en milieu d'année,Boucle du Mouhoun,Ensemble,Nombre,2016,1871492.0,2016,2016,annuelle,2016,Population du Burkina Faso par région et selon le sexe.csv,demographie
Population du Burkina Faso par région et selon le sexe en milieu d'année,Boucle du Mouhoun,Ensemble,Nombre,2017,1923192.0,2017,2017,annuelle,2017,Population du Burkina Faso par région et selon le sexe.csv,demographie
Population du Burkina Faso par région et selon le sexe en milieu d'année,Boucle du Mouhoun,Ensemble,Nombre,2018,1976217.0,2018,2018,annuelle,2018,Population du Burkina Faso par région et selon le sexe.csv,demographie
Population du Burkina Faso par région et selon le sexe en milieu d'année,Boucle du Mouhoun,Ensemble,Nombre,2019,1901269.0,2019,2019,annuelle,2019,Population du Burkina Faso par région et selon le sexe.csv,demographie
Population du Burkina Faso par région et selon le sexe en milieu d'année,Boucle du Mouhoun,Ensemble,Nombre,2020,1920748.0,2020,2020,annuelle,2020,Population du Burkina Faso par région et selon le sexe.csv,demographie
Population du Burkina Faso par région et selon le sexe en milieu d'année,Boucle du Mouhoun,Ensemble,Nombre,2021,1970091.0,2021,2021,annuelle,2021,Population du Burkina Faso par région et selon le sexe.csv,demographie
Population du Burkina Faso par région et selon le sexe en milieu d'année,Boucle du Mouhoun,Ensemble,Nombre,2022,2019916.0,2022,2022,annuelle,2022,Population du Burkina Faso par région et selon le sexe.csv,demographie
Population du Burkina Faso par région et selon le sexe en milieu d'année,Boucle du Mouhoun,Ensemble,Nombre,2023,2070115.0,2023,2023,annuelle,2023,Population du Burkina Faso par région et selon le sexe.csv,demographie
Population du Burkina Faso par région et selon le sexe en milieu d'année,Boucle du Mouhoun,Ensemble,Nombre,2024,2120626.0,2024,2024,annuelle,2024,Population du Burkina Faso par région et selon le sexe.csv,demographie
Population du Burkina Faso par région et selon le sexe en milieu d'année,Cascades,Homme,Nombre,1997,164891.0,1997,1997,annuelle,1997,Population du Burkina Faso par région et selon le sexe.csv,demographie
Population du Burkina Faso par région et selon le sexe en milieu d'année,Cascades,Homme,Nombre,1998,173013.0,1998,1998,annuelle,1998,Population du Burkina Faso par région et selon le sexe.csv,demographie
Population du Burkina Faso par région et selon le sexe en milieu d'année,Cascades,Homme,Nombre,1999,181555.0,1999,1999,annuelle,1999,Population du Burkina Faso par région et selon le sexe.csv,demographie
Population du Burkina Faso par région et selon le sexe en milieu d'année,Cascades,Homme,Nombre,2000,190538.0,2000,2000,annuelle,2000,Population du Burkina Faso par région et selon le sexe.csv,demographie
Population du Burkina Faso par région et selon le sexe en milieu d'année,Cascades,Homme,Nombre,2001,199987.0,2001,2001,annuelle,2001,Population du Burkina Faso par région et selon le sexe.csv,demographie
Population du Burkina Faso par région et selon le sexe en milieu d'année,Cascades,Homme,Nombre,2002,209925.0,2002,2002,annuelle,2002,Population du Burkina Faso par région et selon le sexe.csv,demographie
Population du Burkina Faso par région et selon le sexe en milieu d'année,Cascades,Homme,Nombre,2003,220381.0,2003,2003,annuelle,2003,Population du Burkina Faso par région et selon le sexe.csv,demographie
Population du Burkina Faso par région et selon le sexe en milieu d'année,Cascades,Homme,Nombre,2004,231379.0,2004,2004,annuelle,2004,Population du Burkina Faso par région et selon le sexe.csv,demographie
Population du Burkina Faso par région et selon le sexe en milieu d'année,Cascades,Homme,Nombre,2005,242951.0,2005,2005,annuelle,2005,Population du Burkina Faso par région et selon le sexe.csv,demographie
Population du Burkina Faso par région et selon le sexe en milieu d'année,Cascades,Homme,Nombre,2006,255126.0,2006,2006,annuelle,2006,Population du Burkina Faso par région et selon le sexe.csv,demographie
Population du Burkina Faso par région et selon le sexe en milieu d'année,Cascades,Homme,Nombre,2007,264783.0,2007,2007,annuelle,2007,Population du Burkina Faso par région et selon le sexe.csv,demographie
Population du Burkina Faso par région et selon le sexe en milieu d'année,Cascades,Homme,Nombre,2008,275472.0,2008,2008,annuelle,2008,Population du Burkina Faso par région et selon le sexe.csv,demographie
Population du Burkina Faso par région et selon le sexe en milieu d'année,Cascades,Homme,Nombre,2009,286509.0,2009,2009,annuelle,2009,Population du Burkina Faso par région et selon le sexe.csv,demographie
Population du Burkina Faso par région et selon le sexe en milieu d'année,Cascades,Homme,Nombre,2010,297846.0,2010,2010,annuelle,2010,Population du Burkina Faso par région et selon le sexe.csv,demographie
Population du Burkina Faso par région et selon le sexe en milieu d'année,Cascades,Homme,Nombre,2011,309473.0,2011,2011,annuelle,2011,Population du Burkina Faso par région et selon le sexe.csv,demographie
Population du Burkina Faso par région et selon le sexe en milieu d'année,Cascades,Homme,Nombre,2012,321414.0,2012,2012,annuelle,2012,Population du Burkina Faso par région et selon le sexe.csv,demographie
Population du Burkina Faso par région et selon le sexe en milieu d'année,Cascades,Homme,Nombre,2013,333646.0,2013,2013,annuelle,2013,Population du Burkina Faso par région et selon le sexe.csv,demographie
Population du Burkina Faso par région et selon le sexe en milieu d'année,Cascades,Homme,Nombre,2014,346221.0,2014,2014,annuelle,2014,Population du Burkina Faso par région et selon le sexe.csv,demographie
Population du Burkina Faso par région et selon le sexe en milieu d'année,Cascades,Homme,Nombre,2015,359077.0,2015,2015,annuelle,2015,Population du Burkina Faso par région et selon le sexe.csv,demographie
Population du Burkina Faso par région et selon le sexe en milieu d'année,Cascades,Homme,Nombre,2016,372245.0,2016,2016,annuelle,2016,Population du Burkina Faso par région et selon le sexe.csv,demographie
Population du Burkina Faso par région et selon le sexe en milieu d'année,Cascades,Homme,Nombre,2017,385740.0,2017,2017,annuelle,2017,Population du Burkina Faso par région et selon le sexe.csv,demographie
Population du Burkina Faso par région et selon le sexe en milieu d'année,Cascades,Homme,Nombre,2018,399549.0,2018,2018,annuelle,2018,Population du Burkina Faso par région et selon le sexe.csv,demographie
Population du Burkina Faso par région et selon le sexe en milieu d'année,Cascades,Homme,Nombre,2019,391906.0,2019,2019,annuelle,2019,Population du Burkina Faso par région et selon le sexe.csv,demographie
Population du Burkina Faso par région et selon le sexe en milieu d'année,Cascades,Homme,Nombre,2020,401501.0,2020,2020,annuelle,2020,Population du Burkina Faso par région et selon le sexe.csv,demographie
Population du Burkina Faso par région et selon le sexe en milieu d'année,Cascades,Homme,Nombre,2021,415646.0,2021,2021,annuelle,2021,Population du Burkina Faso par région et selon le sexe.csv,demographie
Population du Burkina Faso par région et selon le sexe en milieu d'année,Cascades,Homme,Nombre,2022,429977.0,2022,2022,annuelle,2022,Population du Burkina Faso par région et selon le sexe.csv,demographie
Population du Burkina Faso par région et selon le sexe en milieu d'année,Cascades,Homme,Nombre,2023,444464.0,2023,2023,annuelle,2023,Population du Burkina Faso par région et selon le sexe.csv,demographie
Population du Burkina Faso par région et selon le sexe en milieu d'année,Cascades,Homme,Nombre,2024,459083.0,2024,2024,annuelle,2024,Population du Burkina Faso par région et selon le sexe.csv,demographie
Population du Burkina Faso par région et selon le sexe en milieu d'année,Cascades,Femme,Nombre,1997,177270.0,1997,1997,annuelle,1997,Population du Burkina Faso par région et selon le sexe.csv,demographie
Population du Burkina Faso par région et selon le sexe en milieu d'année,Cascades,Femme,Nombre,1998,185252.0,1998,1998,annuelle,1998,Population du Burkina Faso par région et selon le sexe.csv,demographie
Population du Burkina Faso par région et selon le sexe en milieu d'année,Cascades,Femme,Nombre,1999,193614.0,1999,1999,annuelle,1999,Population du Burkina Faso par région et selon le sexe.csv,demographie
Population du Burkina Faso par région et selon le sexe en milieu d'année,Cascades,Femme,Nombre,2000,202375.0,2000,2000,annuelle,2000,Population du Burkina Faso par région et selon le sexe.csv,demographie
Population du Burkina Faso par région et selon le sexe en milieu d'année,Cascades,Femme,Nombre,2001,211555.0,2001,2001,annuelle,2001,Population du Burkina Faso par région et selon le sexe.csv,demographie
Population du Burkina Faso par région et selon le sexe en milieu d'année,Cascades,Femme,Nombre,2002,221176.0,2002,2002,annuelle,2002,Population du Burkina Faso par région et selon le sexe.csv,demographie
Population du Burkina Faso par région et selon le sexe en milieu d'année,Cascades,Femme,Nombre,2003,231257.0,2003,2003,annuelle,2003,Population du Burkina Faso par région et selon le sexe.csv,demographie
Population du Burkina Faso par région et selon le sexe en milieu d'année,Cascades,Femme,Nombre,2004,241822.0,2004,2004,annuelle,2004,Population du Burkina Faso par région et selon le sexe.csv,demographie
Population du Burkina Faso par région et selon le sexe en milieu d'année,Cascades,Femme,Nombre,2005,252894.0,2005,2005,annuelle,2005,Population du Burkina Faso par région et selon le sexe.csv,demographie
Population du Burkina Faso par région et selon le sexe en milieu d'année,Cascades,Femme,Nombre,2006,264501.0,2006,2006,annuelle,2006,Population du Burkina Faso par région et selon le sexe.csv,demographie
Population du Burkina Faso par région et selon le sexe en milieu d'année,Cascades,Femme,Nombre,2007,279838.0,2007,2007,annuelle,2007,Population du Burkina Faso par région et selon le sexe.csv,demographie
Population du Burkina Faso par région et selon le sexe en milieu d'année,Cascades,Femme,Nombre,2008,291371.0,2008,2008,annuelle,2008,Population du Burkina Faso par région et selon le sexe.csv,demographie
Population du Burkina Faso par région et selon le sexe en milieu d'année,Cascades,Femme,Nombre,2009,303232.0,2009,2009,annuelle,2009,Population du Burkina Faso par région et selon le sexe.csv,demographie
Population du Burkina Faso par région et selon le sexe en milieu d'année,Cascades,Femme,Nombre,2010,315383.0,2010,2010,annuelle,2010,Population du Burkina Faso par région et selon le sexe.csv,demographie
Population du Burkina Faso par région et selon le sexe en milieu d'année,Cascades,Femme,Nombre,2011,327806.0,2011,2011,annuelle,2011,Population du Burkina Faso par région et selon le sexe.csv,demographie
Population du Burkina Faso par région et selon le sexe en milieu d'année,Cascades,Femme,Nombre,2012,340522.0,2012,2012,annuelle,2012,Population du Burkina Faso par région et selon le sexe.csv,demographie
Population du Burkina Faso par région et selon le sexe en milieu d'année,Cascades,Femme,Nombre,2013,353524.0,2013,2013,annuelle,2013,Population du Burkina Faso par région et selon le sexe.csv,demographie
Population du Burkina Faso par région et selon le sexe en milieu d'année,Cascades,Femme,Nombre,2014,366838.0,2014,2014,annuelle,2014,Population du Burkina Faso par région et selon le sexe.csv,demographie
Population du Burkina Faso par région et selon le sexe en milieu d'année,Cascades,Femme,Nombre,2015,380420.0,2015,2015,annuelle,2015,Population du Burkina Faso par région et selon le sexe.csv,demographie
Population du Burkina Faso par région et selon le sexe en milieu d'année,Cascades,Femme,Nombre,2016,394295.0,2016,2016,annuelle,2016,Population du Burkina Faso par région et selon le sexe.csv,demographie
Population du Burkina Faso par région et selon le sexe en milieu d'année,Cascades,Femme,Nombre,2017,408452.0,2017,2017,annuelle,2017,Population du Burkina Faso par région et selon le sexe.csv,demographie
Population du Burkina Faso par région et selon le sexe en milieu d'année,Cascades,Femme,Nombre,2018,422896.0,2018,2018,annuelle,2018,Population du Burkina Faso par région et selon le sexe.csv,demographie
Population du Burkina Faso par région et selon le sexe en milieu d'année,Cascades,Femme,Nombre,2019,420560.0,2019,2019,annuelle,2019,Population du Burkina Faso par région et selon le sexe.csv,demographie
Population du Burkina Faso par région et selon le sexe en milieu d'année,Cascades,Femme,Nombre,2020,426704.0,2020,2020,annuelle,2020,Population du Burkina Faso par région et selon le sexe.csv,demographie
Population du Burkina Faso par région et selon le sexe en milieu d'année,Cascades,Femme,Nombre,2021,441244.0,2021,2021,annuelle,2021,Population du Burkina Faso par région et selon le sexe.csv,demographie
Population du Burkina Faso par région et selon le sexe en milieu d'année,Cascades,Femme,Nombre,2022,455972.0,2022,2022,annuelle,2022,Population du Burkina Faso par région et selon le sexe.csv,demographie
Population du Burkina Faso par région et selon le sexe en milieu d'année,Cascades,Femme,Nombre,2023,470854.0,2023,2023,annuelle,2023,Population du Burkina Faso par région et selon le sexe.csv,demographie
Population du Burkina Faso par région et selon le sexe en milieu d'année,Cascades,Femme,Nombre,2024,485867.0,2024,2024,annuelle,2024,Population du Burkina Faso par région et selon le sexe.csv,demographie
Population du Burkina Faso par région et selon le sexe en milieu d'année,Cascades,Ensemble,Nombre,1997,342161.0,1997,1997,annuelle,1997,Population du Burkina Faso par région et selon le sexe.csv,demographie
Population du Burkina Faso par région et selon le sexe en milieu d'année,Cascades,Ensemble,Nombre,1998,358265.0,1998,1998,annuelle,1998,Population du Burkina Faso par région et selon le sexe.csv,demographie
Population du Burkina Faso par région et selon le sexe en milieu d'année,Cascades,Ensemble,Nombre,1999,375169.0,1999,1999,annuelle,1999,Population du Burkina Faso par région et selon le sexe.csv,demographie
Population du Burkina Faso par région et selon le sexe en milieu d'année,Cascades,Ensemble,Nombre,2000,392913.0,2000,2000,annuelle,2000,Population du Burkina Faso par région et selon le sexe.csv,demographie
Population du Burkina Faso par région et selon le sexe en milieu d'année,Cascades,Ensemble,Nombre,2001,411542.0,2001,2001,annuelle,2001,Population du Burkina Faso par région et selon le sexe.csv,demographie
Population du Burkina Faso par région et selon le sexe en milieu d'année,Cascades,Ensemble,Nombre,2002,431101.0,2002,2002,annuelle,2002,Population du Burkina Faso par région et selon le sexe.csv,demographie
Population du Burkina Faso par région et selon le sexe en milieu d'année,Cascades,Ensemble,Nombre,2003,451638.0,2003,2003,annuelle,2003,Population du Burkina Faso par région et selon le sexe.csv,demographie
Population du Burkina Faso par région et selon le sexe en milieu d'année,Cascades,Ensemble,Nombre,2004,473201.0,2004,2004,annuelle,2004,Population du Burkina Faso par région et selon le sexe.csv,demographie
Population du Burkina Faso par région et selon le sexe en milieu d'année,Cascades,Ensemble,Nombre,2005,495845.0,2005,2005,annuelle,2005,Population du Burkina Faso par région et selon le sexe.csv,demographie
Population du Burkina Faso par région et selon le sexe en milieu d'année,Cascades,Ensemble,Nombre,2006,519627.0,2006,2006,annuelle,2006,Population du Burkina Faso par région et selon le sexe.csv,demographie
Population du Burkina Faso par région et selon le sexe en milieu d'année,Cascades,Ensemble,Nombre,2007,544621.0,2007,2007,annuelle,2007,Population du Burkina Faso par région et selon le sexe.csv,demographie
Population du Burkina Faso par région et selon le sexe en milieu d'année,Cascades,Ensemble,Nombre,2008,566843.0,2008,2008,annuelle,2008,Population du Burkina Faso par région et selon le sexe.csv,demographie
Population du Burkina Faso par région et selon le sexe en milieu d'année,Cascades,Ensemble,Nombre,2009,589741.0,2009,2009,annuelle,2009,Population du Burkina Faso par région et selon le sexe.csv,demographie
Population du Burkina Faso par région et selon le sexe en milieu d'année,Cascades,Ensemble,Nombre,2010,613229.0,2010,2010,annuelle,2010,Population du Burkina Faso par région et selon le sexe.csv,demographie
Population du Burkina Faso par région et selon le sexe en milieu d'année,Cascades,Ensemble,Nombre,2011,637279.0,2011,2011,annuelle,2011,Population du Burkina Faso par région et selon le sexe.csv,demographie
Population du Burkina Faso par région et selon le sexe en milieu d'année,Cascades,Ensemble,Nombre,2012,661936.0,2012,2012,annuelle,2012,Population du Burkina Faso par région et selon le sexe.csv,demographie
Population du Burkina Faso par région et selon le sexe en milieu d'année,Cascades,Ensemble,Nombre,2013,687170.0,2013,2013,annuelle,2013,Population du Burkina Faso par région et selon le sexe.csv,demographie
Population du Burkina Faso par région et selon le sexe en milieu d'année,Cascades,Ensemble,Nombre,2014,713059.0,2014,2014,annuelle,2014,Population du Burkina Faso par région et selon le sexe.csv,demographie
Population du Burkina Faso par région et selon le sexe en milieu d'année,Cascades,Ensemble,Nombre,2015,739497.0,2015,2015,annuelle,2015,Population du Burkina Faso par région et selon le sexe.csv,demographie
Population du Burkina Faso par région et selon le sexe en milieu d'année,Cascades,Ensemble,Nombre,2016,766540.0,2016,2016,annuelle,2016,Population du Burkina Faso par région et selon le sexe.csv,demographie
Population du Burkina Faso par région et selon le sexe en milieu d'année,Cascades,Ensemble,Nombre,2017,794192.0,2017,2017,annuelle,2017,Population du Burkina Faso par région et selon le sexe.csv,demographie
Population du Burkina Faso par région et selon le sexe en milieu d'année,Cascades,Ensemble,Nombre,2018,822445.0,2018,2018,annuelle,2018,Population du Burkina Faso par région et selon le sexe.csv,demographie
Population du Burkina Faso par région et selon le sexe en milieu d'année,Cascades,Ensemble,Nombre,2019,812466.0,2019,2019,annuelle,2019,Population du Burkina Faso par région et selon le sexe.csv,demographie
Population du Burkina Faso par région et selon le sexe en milieu d'année,Cascades,Ensemble,Nombre,2020,828205.0,2020,2020,annuelle,2020,Population du Burkina Faso par région et selon le sexe.csv,demographie
Population du Burkina Faso par région et selon le sexe en milieu d'année,Cascades,Ensemble,Nombre,2021,856890.0,2021,2021,annuelle,2021,Population du Burkina Faso par région et selon le sexe.csv,demographie
Population du Burkina Faso par région et selon le sexe en milieu d'année,Cascades,Ensemble,Nombre,2022,885949.0,2022,2022,annuelle,2022,Population du Burkina Faso par région et selon le sexe.csv,demographie
Population du Burkina Faso par région et selon le sexe en milieu d'année,Cascades,Ensemble,Nombre,2023,915318.0,2023,2023,annuelle,2023,Population du Burkina Faso par région et selon le sexe.csv,demographie
Population du Burkina Faso par région et selon le sexe en milieu d'année,Cascades,Ensemble,Nombre,2024,944950.0,2024,2024,annuelle,2024,Population du Burkina Faso par région et selon le sexe.csv,demographie
Population du Burkina Faso par région et selon le sexe en milieu d'année,Centre,Homme,Nombre,1997,489426.0,1997,1997,annuelle,1997,Population du Burkina Faso par région et selon le sexe.csv,demographie
Population du Burkina Faso par région et selon le sexe en milieu d'année,Centre,Homme,Nombre,1998,519815.0,1998,1998,annuelle,1998,Population du Burkina Faso par région et selon le sexe.csv,demographie
Population du Burkina Faso par région et selon le sexe en milieu d'année,Centre,Homme,Nombre,1999,552090.0,1999,1999,annuelle,1999,Population du Burkina Faso par région et selon le sexe.csv,demographie
Population du Burkina Faso par région et selon le sexe en milieu d'année,Centre,Homme,Nombre,2000,586370.0,2000,2000,annuelle,2000,Population du Burkina Faso par région et selon le sexe.csv,demographie
Population du Burkina Faso par région et selon le sexe en milieu d'année,Centre,Homme,Nombre,2001,622778.0,2001,2001,annuelle,2001,Population du Burkina Faso par région et selon le sexe.csv,demographie
Population du Burkina Faso par région et selon le sexe en milieu d'année,Centre,Homme,Nombre,2002,661446.0,2002,2002,annuelle,2002,Population du Burkina Faso par région et selon le sexe.csv,demographie
Population du Burkina Faso par région et selon le sexe en milieu d'année,Centre,Homme,Nombre,2003,702515.0,2003,2003,annuelle,2003,Population du Burkina Faso par région et selon le sexe.csv,demographie
Population du Burkina Faso par région et selon le sexe en milieu d'année,Centre,Homme,Nombre,2004,746135.0,2004,2004,annuelle,2004,Population du Burkina Faso par région et selon le sexe.csv,demographie
Population du Burkina Faso par région et selon le sexe en milieu d'année,Centre,Homme,Nombre,2005,792463.0,2005,2005,annuelle,2005,Population du Burkina Faso par région et selon le sexe.csv,demographie
Population du Burkina Faso par région et selon le sexe en milieu d'année,Centre,Homme,Nombre,2006,841667.0,2006,2006,annuelle,2006,Population du Burkina Faso par région et selon le sexe.csv,demographie
Population du Burkina Faso par région et selon le sexe en milieu d'année,Centre,Homme,Nombre,2007,895258.0,2007,2007,annuelle,2007,Population du Burkina Faso par région et selon le sexe.csv,demographie
Population du Burkina Faso par région et selon le sexe en milieu d'année,Centre,Homme,Nombre,2008,937556.0,2008,2008,annuelle,2008,Population du Burkina Faso par région et selon le sexe.csv,demographie
Population du Burkina Faso par région et selon le sexe en milieu d'année,Centre,Homme,Nombre,2009,981307.0,2009,2009,annuelle,2009,Population du Burkina Faso par région et selon le sexe.csv,demographie
Population du Burkina Faso par région et selon le sexe en milieu d'année,Centre,Homme,Nombre,2010,1026420.0,2010,2010,annuelle,2010,Population du Burkina Faso par région et selon le sexe.csv,demographie
Population du Burkina Faso par région et selon le sexe en milieu d'année,Centre,Homme,Nombre,2011,1072759.0,2011,2011,annuelle,2011,Population du Burkina Faso par région et selon le sexe.csv,demographie
Population du Burkina Faso par région et selon le sexe en milieu d'année,Centre,Homme,Nombre,2012,1120440.0,2012,2012,annuelle,2012,Population du Burkina Faso par région et selon le sexe.csv,demographie
Population du Burkina Faso par région et selon le sexe en milieu d'année,Centre,Homme,Nombre,2013,1169437.0,2013,2013,annuelle,2013,Population du Burkina Faso par région et selon le sexe.csv,demographie
Population du Burkina Faso par région et selon le sexe en milieu d'année,Centre,Homme,Nombre,2014,1219733.0,2014,2014,annuelle,2014,Population du Burkina Faso par région et selon le sexe.csv,demographie
Population du Burkina Faso par région et selon le sexe en milieu d'année,Centre,Homme,Nombre,2015,1271302.0,2015,2015,annuelle,2015,Population du Burkina Faso par région et selon le sexe.csv,demographie
Population du Burkina Faso par région et selon le sexe en milieu d'année,Centre,Homme,Nombre,2016,1324153.0,2016,2016,annuelle,2016,Population du Burkina Faso par région et selon le sexe.csv,demographie
Population du Burkina Faso par région et selon le sexe en milieu d'année,Centre,Homme,Nombre,2017,1378279.0,2017,2017,annuelle,2017,Population du Burkina Faso par région et selon le sexe.csv,demographie
Population du Burkina Faso par région et selon le sexe en milieu d'année,Centre,Homme,Nombre,2018,1433643.0,2018,2018,annuelle,2018,Population du Burkina Faso par région et selon le sexe.csv,demographie
Population du Burkina Faso par région et selon le sexe en milieu d'année,Centre,Homme,Nombre,2019,1489512.0,2019,2019,annuelle,2019,Population du Burkina Faso par région et selon le sexe.csv,demographie
Population du Burkina Faso par région et selon le sexe en milieu d'année,Centre,Homme,Nombre,2020,1550259.0,2020,2020,annuelle,2020,Population du Burkina Faso par région et selon le sexe.csv,demographie
Population du Burkina Faso par région et selon le sexe en milieu d'année,Centre,Homme,Nombre,2021,1614116.0,2021,2021,annuelle,2021,Population du Burkina Faso par région et selon le sexe.csv,demographie
Population du Burkina Faso par région et selon le sexe en milieu d'année,Centre,Homme,Nombre,2022,1679043.0,2022,2022,annuelle,2022,Population du Burkina Faso par région et selon le sexe.csv,demographie
Population du Burkina Faso par région et selon le sexe en milieu d'année,Centre,Homme,Nombre,2023,1744900.0,2023,2023,annuelle,2023,Population du Burkina Faso par région et selon le sexe.csv,demographie
Population du Burkina Faso par région et selon le sexe en milieu d'année,Centre,Homme,Nombre,2024,1811565.0,2024,2024,annuelle,2024,Population du Burkina Faso par région et selon le sexe.csv,demographie
Population du Burkina Faso par région et selon le sexe en milieu d'année,Centre,Femme,Nombre,1997,481914.0,1997,1997,annuelle,1997,Population du Burkina Faso par région et selon le sexe.csv,demographie
Population du Burkina Faso par région et selon le sexe en milieu d'année,Centre,Femme,Nombre,1998,512257.0,1998,1998,annuelle,1998,Population du Burkina Faso par région et selon le sexe.csv,demographie
Population du Burkina Faso par région et selon le sexe en milieu d'année,Centre,Femme,Nombre,1999,544510.0,1999,1999,annuelle,1999,Population du Burkina Faso par région et selon le sexe.csv,demographie
Population du Burkina Faso par région et selon le sexe en milieu d'année,Centre,Femme,Nombre,2000,578794.0,2000,2000,annuelle,2000,Population du Burkina Faso par région et selon le sexe.csv,demographie
Population du Burkina Faso par région et selon le sexe en milieu d'année,Centre,Femme,Nombre,2001,615237.0,2001,2001,annuelle,2001,Population du Burkina Faso par région et selon le sexe.csv,demographie
Population du Burkina Faso par région et selon le sexe en milieu d'année,Centre,Femme,Nombre,2002,653974.0,2002,2002,annuelle,2002,Population du Burkina Faso par région et selon le sexe.csv,demographie
Population du Burkina Faso par région et selon le sexe en milieu d'année,Centre,Femme,Nombre,2003,695151.0,2003,2003,annuelle,2003,Population du Burkina Faso par région et selon le sexe.csv,demographie
Population du Burkina Faso par région et selon le sexe en milieu d'année,Centre,Femme,Nombre,2004,738920.0,2004,2004,annuelle,2004,Population du Burkina Faso par région et selon le sexe.csv,demographie
Population du Burkina Faso par région et selon le sexe en milieu d'année,Centre,Femme,Nombre,2005,785444.0,2005,2005,annuelle,2005,Population du Burkina Faso par région et selon le sexe.csv,demographie
Population du Burkina Faso par région et selon le sexe en milieu d'année,Centre,Femme,Nombre,2006,834898.0,2006,2006,annuelle,2006,Population du Burkina Faso par région et selon le sexe.csv,demographie
Population du Burkina Faso par région et selon le sexe en milieu d'année,Centre,Femme,Nombre,2007,885834.0,2007,2007,annuelle,2007,Population du Burkina Faso par région et selon le sexe.csv,demographie
Population du Burkina Faso par région et selon le sexe en milieu d'année,Centre,Femme,Nombre,2008,928410.0,2008,2008,annuelle,2008,Population du Burkina Faso par région et selon le sexe.csv,demographie
Population du Burkina Faso par région et selon le sexe en milieu d'année,Centre,Femme,Nombre,2009,972362.0,2009,2009,annuelle,2009,Population du Burkina Faso par région et selon le sexe.csv,demographie
Population du Burkina Faso par région et selon le sexe en milieu d'année,Centre,Femme,Nombre,2010,1017523.0,2010,2010,annuelle,2010,Population du Burkina Faso par région et selon le sexe.csv,demographie
Population du Burkina Faso par région et selon le sexe en milieu d'année,Centre,Femme,Nombre,2011,1063822.0,2011,2011,annuelle,2011,Population du Burkina Faso par région et selon le sexe.csv,demographie
Population du Burkina Faso par région et selon le sexe en milieu d'année,Centre,Femme,Nombre,2012,1111367.0,2012,2012,annuelle,2012,Population du Burkina Faso par région et selon le sexe.csv,demographie
Population du Burkina Faso par région et selon le sexe en milieu d'année,Centre,Femme,Nombre,2013,1160062.0,2013,2013,annuelle,2013,Population du Burkina Faso par région et selon le sexe.csv,demographie
Population du Burkina Faso par région et selon le sexe en milieu d'année,Centre,Femme,Nombre,2014,1209985.0,2014,2014,annuelle,2014,Population du Burkina Faso par région et selon le sexe.csv,demographie
Population du Burkina Faso par région et selon le sexe en milieu d'année,Centre,Femme,Nombre,2015,1261009.0,2015,2015,annuelle,2015,Population du Burkina Faso par région et selon le sexe.csv,demographie
Population du Burkina Faso par région et selon le sexe en milieu d'année,Centre,Femme,Nombre,2016,1313150.0,2016,2016,annuelle,2016,Population du Burkina Faso par région et selon le sexe.csv,demographie
Population du Burkina Faso par région et selon le sexe en milieu d'année,Centre,Femme,Nombre,2017,1366387.0,2017,2017,annuelle,2017,Population du Burkina Faso par région et selon le sexe.csv,demographie
Population du Burkina Faso par région et selon le sexe en milieu d'année,Centre,Femme,Nombre,2018,1420713.0,2018,2018,annuelle,2018,Population du Burkina Faso par région et selon le sexe.csv,demographie
Population du Burkina Faso par région et selon le sexe en milieu d'année,Centre,Femme,Nombre,2019,1540872.0,2019,2019,annuelle,2019,Population du Burkina Faso par région et selon le sexe.csv,demographie
Population du Burkina Faso par région et selon le sexe en milieu d'année,Centre,Femme,Nombre,2020,1557305.0,2020,2020,annuelle,2020,Population du Burkina Faso par région et selon le sexe.csv,demographie
Population du Burkina Faso par région et selon le sexe en milieu d'année,Centre,Femme,Nombre,2021,1619648.0,2021,2021,annuelle,2021,Population du Burkina Faso par région et selon le sexe.csv,demographie
Population du Burkina Faso par région et selon le sexe en milieu d'année,Centre,Femme,Nombre,2022,1683005.0,2022,2022,annuelle,2022,Population du Burkina Faso par région et selon le sexe.csv,demographie
Population du Burkina Faso par région et selon le sexe en milieu d'année,Centre,Femme,Nombre,2023,1747232.0,2023,2023,annuelle,2023,Population du Burkina Faso par région et selon le sexe.csv,demographie
Population du Burkina Faso par région et selon le sexe en milieu d'année,Centre,Femme,Nombre,2024,1812219.0,2024,2024,annuelle,2024,Population du Burkina Faso par région et selon le sexe.csv,demographie
Population du Burkina Faso par région et selon le sexe en milieu d'année,Centre,Ensemble,Nombre,1997,971340.0,1997,1997,annuelle,1997,Population du Burkina Faso par région et selon le sexe.csv,demographie
Population du Burkina Faso par région et selon le sexe en milieu d'année,Centre,Ensemble,Nombre,1998,1032072.0,1998,1998,annuelle,1998,Population du Burkina Faso par région et selon le sexe.csv,demographie
Population du Burkina Faso par région et selon le sexe en milieu d'année,Centre,Ensemble,Nombre,1999,1096600.0,1999,1999,annuelle,1999,Population du Burkina Faso par région et selon le sexe.csv,demographie
Population du Burkina Faso par région et selon le sexe en milieu d'année,Centre,Ensemble,Nombre,2000,1165164.0,2000,2000,annuelle,2000,Population du Burkina Faso par région et selon le sexe.csv,demographie
Population du Burkina Faso par région et selon le sexe en milieu d'année,Centre,Ensemble,Nombre,2001,1238015.0,2001,2001,annuelle,2001,Population du Burkina Faso par région et selon le sexe.csv,demographie
Population du Burkina Faso par région et selon le sexe en milieu d'année,Centre,Ensemble,Nombre,2002,1315420.0,2002,2002,annuelle,2002,Population du Burkina Faso par région et selon le sexe.csv,demographie
Population du Burkina Faso par région et selon le sexe en milieu d'année,Centre,Ensemble,Nombre,2003,1397666.0,2003,2003,annuelle,2003,Population du Burkina Faso par région et selon le sexe.csv,demographie
Population du Burkina Faso par région et selon le sexe en milieu d'année,Centre,Ensemble,Nombre,2004,1485055.0,2004,2004,annuelle,2004,Population du Burkina Faso par région et selon le sexe.csv,demographie
Population du Burkina Faso par région et selon le sexe en milieu d'année,Centre,Ensemble,Nombre,2005,1577907.0,2005,2005,annuelle,2005,Population du Burkina Faso par région et selon le sexe.csv,demographie
Population du Burkina Faso par région et selon le sexe en milieu d'année,Centre,Ensemble,Nombre,2006,1676565.0,2006,2006,annuelle,2006,Population du Burkina Faso par région et selon le sexe.csv,demographie
Population du Burkina Faso par région et selon le sexe en milieu d'année,Centre,Ensemble,Nombre,2007,1781092.0,2007,2007,annuelle,2007,Population du Burkina Faso par région et selon le sexe.csv,demographie
Population du Burkina Faso par région et selon le sexe en milieu d'année,Centre,Ensemble,Nombre,2008,1865966.0,2008,2008,annuelle,2008,Population du Burkina Faso par région et selon le sexe.csv,demographie
Population du Burkina Faso par région et selon le sexe en milieu d'année,Centre,Ensemble,Nombre,2009,1953669.0,2009,2009,annuelle,2009,Population du Burkina Faso par région et selon le sexe.csv,demographie
Population du Burkina Faso par région et selon le sexe en milieu d'année,Centre,Ensemble,Nombre,2010,2043943.0,2010,2010,annuelle,2010,Population du Burkina Faso par région et selon le sexe.csv,demographie
Population du Burkina Faso par région et selon le sexe en milieu d'année,Centre,Ensemble,Nombre,2011,2136581.0,2011,2011,annuelle,2011,Population du Burkina Faso par région et selon le sexe.csv,demographie
Population du Burkina Faso par région et selon le sexe en milieu d'année,Centre,Ensemble,Nombre,2012,2231807.0,2012,2012,annuelle,2012,Population du Burkina Faso par région et selon le sexe.csv,demographie
Population du Burkina Faso par région et selon le sexe en milieu d'année,Centre,Ensemble,Nombre,2013,2329499.0,2013,2013,annuelle,2013,Population du Burkina Faso par région et selon le sexe.csv,demographie
Population du Burkina Faso par région et selon le sexe en milieu d'année,Centre,Ensemble,Nombre,2014,2429718.0,2014,2014,annuelle,2014,Population du Burkina Faso par région et selon le sexe.csv,demographie
Population du Burkina Faso par région et selon le sexe en milieu d'année,Centre,Ensemble,Nombre,2015,2532311.0,2015,2015,annuelle,2015,Population du Burkina Faso par région et selon le sexe.csv,demographie
Population du Burkina Faso par région et selon le sexe en milieu d'année,Centre,Ensemble,Nombre,2016,2637303.0,2016,2016,annuelle,2016,Population du Burkina Faso par région et selon le sexe.csv,demographie
Population du Burkina Faso par région et selon le sexe en milieu d'année,Centre,Ensemble,Nombre,2017,2744666.0,2017,2017,annuelle,2017,Population du Burkina Faso par région et selon le sexe.csv,demographie
Population du Burkina Faso par région et selon le sexe en milieu d'année,Centre,Ensemble,Nombre,2018,2854356.0,2018,2018,annuelle,2018,Population du Burkina Faso par région et selon le sexe.csv,demographie
Population du Burkina Faso par région et selon le sexe en milieu d'année,Centre,Ensemble,Nombre,2019,3030384.0,2019,2019,annuelle,2019,Population du Burkina Faso par région et selon le sexe.csv,demographie
Population du Burkina Faso par région et selon le sexe en milieu d'année,Centre,Ensemble,Nombre,2020,3107564.0,2020,2020,annuelle,2020,Population du Burkina Faso par région et selon le sexe.csv,demographie
Population du Burkina Faso par région et selon le sexe en milieu d'année,Centre,Ensemble,Nombre,2021,3233764.0,2021,2021,annuelle,2021,Population du Burkina Faso par région et selon le sexe.csv,demographie
Population du Burkina Faso par région et selon le sexe en milieu d'année,Centre,Ensemble,Nombre,2022,3362048.0,2022,2022,annuelle,2022,Population du Burkina Faso par région et selon le sexe.csv,demographie
Population du Burkina Faso par région et selon le sexe en milieu d'année,Centre,Ensemble,Nombre,2023,3492132.0,2023,2023,annuelle,2023,Population du Burkina Faso par région et selon le sexe.csv,demographie
Population du Burkina Faso par région et selon le sexe en milieu d'année,Centre,Ensemble,Nombre,2024,3623784.0,2024,2024,annuelle,2024,Population du Burkina Faso par région et selon le sexe.csv,demographie
Population du Burkina Faso par région et selon le sexe en milieu d'année,Centre-Est,Homme,Nombre,1997,409051.0,1997,1997,annuelle,1997,Population du Burkina Faso par région et selon le sexe.csv,demographie
Population du Burkina Faso par région et selon le sexe en milieu d'année,Centre-Est,Homme,Nombre,1998,420293.0,1998,1998,annuelle,1998,Population du Burkina Faso par région et selon le sexe.csv,demographie
Population du Burkina Faso par région et selon le sexe en milieu d'année,Centre-Est,Homme,Nombre,1999,431847.0,1999,1999,annuelle,1999,Population du Burkina Faso par région et selon le sexe.csv,demographie
Population du Burkina Faso par région et selon le sexe en milieu d'année,Centre-Est,Homme,Nombre,2000,443723.0,2000,2000,annuelle,2000,Population du Burkina Faso par région et selon le sexe.csv,demographie
Population du Burkina Faso par région et selon le sexe en milieu d'année,Centre-Est,Homme,Nombre,2001,455928.0,2001,2001,annuelle,2001,Population du Burkina Faso par région et selon le sexe.csv,demographie
Population du Burkina Faso par région et selon le sexe en milieu d'année,Centre-Est,Homme,Nombre,2002,468472.0,2002,2002,annuelle,2002,Population du Burkina Faso par région et selon le sexe.csv,demographie
Population du Burkina Faso par région et selon le sexe en milieu d'année,Centre-Est,Homme,Nombre,2003,481366.0,2003,2003,annuelle,2003,Population du Burkina Faso par région et selon le sexe.csv,demographie
Population du Burkina Faso par région et selon le sexe en milieu d'année,Centre-Est,Homme,Nombre,2004,494619.0,2004,2004,annuelle,2004,Population du Burkina Faso par région et selon le sexe.csv,demographie
Population du Burkina Faso par région et selon le sexe en milieu d'année,Centre-Est,Homme,Nombre,2005,508239.0,2005,2005,annuelle,2005,Population du Burkina Faso par région et selon le sexe.csv,demographie
Population du Burkina Faso par région et selon le sexe en milieu d'année,Centre-Est,Homme,Nombre,2006,522238.0,2006,2006,annuelle,2006,Population du Burkina Faso par région et selon le sexe.csv,demographie
Population du Burkina Faso par région et selon le sexe en milieu d'année,Centre-Est,Homme,Nombre,2007,540136.0,2007,2007,annuelle,2007,Population du Burkina Faso par région et selon le sexe.csv,demographie
Population du Burkina Faso par région et selon le sexe en milieu d'année,Centre-Est,Homme,Nombre,2008,557207.0,2008,2008,annuelle,2008,Population du Burkina Faso par région et selon le sexe.csv,demographie
Population du Burkina Faso par région et selon le sexe en milieu d'année,Centre-Est,Homme,Nombre,2009,574834.0,2009,2009,annuelle,2009,Population du Burkina Faso par région et selon le sexe.csv,demographie
Population du Burkina Faso par région et selon le sexe en milieu d'année,Centre-Est,Homme,Nombre,2010,592919.0,2010,2010,annuelle,2010,Population du Burkina Faso par région et selon le sexe.csv,demographie
Population du Burkina Faso par région et selon le sexe en milieu d'année,Centre-Est,Homme,Nombre,2011,611439.0,2011,2011,annuelle,2011,Population du Burkina Faso par région et selon le sexe.csv,demographie
Population du Burkina Faso par région et selon le sexe en milieu d'année,Centre-Est,Homme,Nombre,2012,630440.0,2012,2012,annuelle,2012,Population du Burkina Faso par région et selon le sexe.csv,demographie
Population du Burkina Faso par région et selon le sexe en milieu d'année,Centre-Est,Homme,Nombre,2013,649919.0,2013,2013,annuelle,2013,Population du Burkina Faso par région et selon le sexe.csv,demographie
Population du Burkina Faso par région et selon le sexe en milieu d'année,Centre-Est,Homme,Nombre,2014,669944.0,2014,2014,annuelle,2014,Population du Burkina Faso par région et selon le sexe.csv,demographie
Population du Burkina Faso par région et selon le sexe en milieu d'année,Centre-Est,Homme,Nombre,2015,690436.0,2015,2015,annuelle,2015,Population du Burkina Faso par région et selon le sexe.csv,demographie
Population du Burkina Faso par région et selon le sexe en milieu d'année,Centre-Est,Homme,Nombre,2016,711462.0,2016,2016,annuelle,2016,Population du Burkina Faso par région et selon le sexe.csv,demographie
Population du Burkina Faso par région et selon le sexe en milieu d'année,Centre-Est,Homme,Nombre,2017,733035.0,2017,2017,annuelle,2017,Population du Burkina Faso par région et selon le sexe.csv,demographie
Population du Burkina Faso par région et selon le sexe en milieu d'année,Centre-Est,Homme,Nombre,2018,755168.0,2018,2018,annuelle,2018,Population du Burkina Faso par région et selon le sexe.csv,demographie
Population du Burkina Faso par région et selon le sexe en milieu d'année,Centre-Est,Homme,Nombre,2019,734885.0,2019,2019,annuelle,2019,Population du Burkina Faso par région et selon le sexe.csv,demographie
Population du Burkina Faso par région et selon le sexe en milieu d'année,Centre-Est,Homme,Nombre,2020,749797.0,2020,2020,annuelle,2020,Population du Burkina Faso par région et selon le sexe.csv,demographie
Population du Burkina Faso par région et selon le sexe en milieu d'année,Centre-Est,Homme,Nombre,2021,771707.0,2021,2021,annuelle,2021,Population du Burkina Faso par région et selon le sexe.csv,demographie
Population du Burkina Faso par région et selon le sexe en milieu d'année,Centre-Est,Homme,Nombre,2022,793845.0,2022,2022,annuelle,2022,Population du Burkina Faso par région et selon le sexe.csv,demographie
Population du Burkina Faso par région et selon le sexe en milieu d'année,Centre-Est,Homme,Nombre,2023,816168.0,2023,2023,annuelle,2023,Population du Burkina Faso par région et selon le sexe.csv,demographie
Population du Burkina Faso par région et selon le sexe en milieu d'année,Centre-Est,Homme,Nombre,2024,838644.0,2024,2024,annuelle,2024,Population du Burkina Faso par région et selon le sexe.csv,demographie
Population du Burkina Faso par région et selon le sexe en milieu d'année,Centre-Est,Femme,Nombre,1997,456275.0,1997,1997,annuelle,1997,Population du Burkina Faso par région et selon le sexe.csv,demographie
Population du Burkina Faso par région et selon le sexe en milieu d'année,Centre-Est,Femme,Nombre,1998,469838.0,1998,1998,annuelle,1998,Population du Burkina Faso par région et selon le sexe.csv,demographie
Population du Burkina Faso par région et selon le sexe en milieu d'année,Centre-Est,Femme,Nombre,1999,483807.0,1999,1999,annuelle,1999,Population du Burkina Faso par région et selon le sexe.csv,demographie
Population du Burkina Faso par région et selon le sexe en milieu d'année,Centre-Est,Femme,Nombre,2000,498190.0,2000,2000,annuelle,2000,Population du Burkina Faso par région et selon le sexe.csv,demographie
Population du Burkina Faso par région et selon le sexe en milieu d'année,Centre-Est,Femme,Nombre,2001,513005.0,2001,2001,annuelle,2001,Population du Burkina Faso par région et selon le sexe.csv,demographie
Population du Burkina Faso par région et selon le sexe en milieu d'année,Centre-Est,Femme,Nombre,2002,528261.0,2002,2002,annuelle,2002,Population du Burkina Faso par région et selon le sexe.csv,demographie
Population du Burkina Faso par région et selon le sexe en milieu d'année,Centre-Est,Femme,Nombre,2003,543973.0,2003,2003,annuelle,2003,Population du Burkina Faso par région et selon le sexe.csv,demographie
Population du Burkina Faso par région et selon le sexe en milieu d'année,Centre-Est,Femme,Nombre,2004,560152.0,2004,2004,annuelle,2004,Population du Burkina Faso par région et selon le sexe.csv,demographie
Population du Burkina Faso par région et selon le sexe en milieu d'année,Centre-Est,Femme,Nombre,2005,576816.0,2005,2005,annuelle,2005,Population du Burkina Faso par région et selon le sexe.csv,demographie
Population du Burkina Faso par région et selon le sexe en milieu d'année,Centre-Est,Femme,Nombre,2006,593977.0,2006,2006,annuelle,2006,Population du Burkina Faso par région et selon le sexe.csv,demographie
Population du Burkina Faso par région et selon le sexe en milieu d'année,Centre-Est,Femme,Nombre,2007,609075.0,2007,2007,annuelle,2007,Population du Burkina Faso par région et selon le sexe.csv,demographie
Population du Burkina Faso par région et selon le sexe en milieu d'année,Centre-Est,Femme,Nombre,2008,628836.0,2008,2008,annuelle,2008,Population du Burkina Faso par région et selon le sexe.csv,demographie
Population du Burkina Faso par région et selon le sexe en milieu d'année,Centre-Est,Femme,Nombre,2009,649122.0,2009,2009,annuelle,2009,Population du Burkina Faso par région et selon le sexe.csv,demographie
Population du Burkina Faso par région et selon le sexe en milieu d'année,Centre-Est,Femme,Nombre,2010,669864.0,2010,2010,annuelle,2010,Population du Burkina Faso par région et selon le sexe.csv,demographie
Population du Burkina Faso par région et selon le sexe en milieu d'année,Centre-Est,Femme,Nombre,2011,691010.0,2011,2011,annuelle,2011,Population du Burkina Faso par région et selon le sexe.csv,demographie
Population du Burkina Faso par région et selon le sexe en milieu d'année,Centre-Est,Femme,Nombre,2012,712639.0,2012,2012,annuelle,2012,Population du Burkina Faso par région et selon le sexe.csv,demographie
Population du Burkina Faso par région et selon le sexe en milieu d'année,Centre-Est,Femme,Nombre,2013,734744.0,2013,2013,annuelle,2013,Population du Burkina Faso par région et selon le sexe.csv,demographie
Population du Burkina Faso par région et selon le sexe en milieu d'année,Centre-Est,Femme,Nombre,2014,757376.0,2014,2014,annuelle,2014,Population du Burkina Faso par région et selon le sexe.csv,demographie
Population du Burkina Faso par région et selon le sexe en milieu d'année,Centre-Est,Femme,Nombre,2015,780467.0,2015,2015,annuelle,2015,Population du Burkina Faso par région et selon le sexe.csv,demographie
Population du Burkina Faso par région et selon le sexe en milieu d'année,Centre-Est,Femme,Nombre,2016,804056.0,2016,2016,annuelle,2016,Population du Burkina Faso par région et selon le sexe.csv,demographie
Population du Burkina Faso par région et selon le sexe en milieu d'année,Centre-Est,Femme,Nombre,2017,828173.0,2017,2017,annuelle,2017,Population du Burkina Faso par région et selon le sexe.csv,demographie
Population du Burkina Faso par région et selon le sexe en milieu d'année,Centre-Est,Femme,Nombre,2018,852825.0,2018,2018,annuelle,2018,Population du Burkina Faso par région et selon le sexe.csv,demographie
Population du Burkina Faso par région et selon le sexe en milieu d'année,Centre-Est,Femme,Nombre,2019,845623.0,2019,2019,annuelle,2019,Population du Burkina Faso par région et selon le sexe.csv,demographie
Population du Burkina Faso par région et selon le sexe en milieu d'année,Centre-Est,Femme,Nombre,2020,851616.0,2020,2020,annuelle,2020,Population du Burkina Faso par région et selon le sexe.csv,demographie
Population du Burkina Faso par région et selon le sexe en milieu d'année,Centre-Est,Femme,Nombre,2021,875524.0,2021,2021,annuelle,2021,Population du Burkina Faso par région et selon le sexe.csv,demographie
Population du Burkina Faso par région et selon le sexe en milieu d'année,Centre-Est,Femme,Nombre,2022,899685.0,2022,2022,annuelle,2022,Population du Burkina Faso par région et selon le sexe.csv,demographie
Population du Burkina Faso par région et selon le sexe en milieu d'année,Centre-Est,Femme,Nombre,2023,924039.0,2023,2023,annuelle,2023,Population du Burkina Faso par région et selon le sexe.csv,demographie
Population du Burkina Faso par région et selon le sexe en milieu d'année,Centre-Est,Femme,Nombre,2024,948557.0,2024,2024,annuelle,2024,Population du Burkina Faso par région et selon le sexe.csv,demographie
Population du Burkina Faso par région et selon le sexe en milieu d'année,Centre-Est,Ensemble,Nombre,1997,865326.0,1997,1997,annuelle,1997,Population du Burkina Faso par région et selon le sexe.csv,demographie
Population du Burkina Faso par région et selon le sexe en milieu d'année,Centre-Est,Ensemble,Nombre,1998,890131.0,1998,1998,annuelle,1998,Population du Burkina Faso par région et selon le sexe.csv,demographie
Population du Burkina Faso par région et selon le sexe en milieu d'année,Centre-Est,Ensemble,Nombre,1999,915654.0,1999,1999,annuelle,1999,Population du Burkina Faso par région et selon le sexe.csv,demographie
Population du Burkina Faso par région et selon le sexe en milieu d'année,Centre-Est,Ensemble,Nombre,2000,941913.0,2000,2000,annuelle,2000,Population du Burkina Faso par région et selon le sexe.csv,demographie
Population du Burkina Faso par région et selon le sexe en milieu d'année,Centre-Est,Ensemble,Nombre,2001,968933.0,2001,2001,annuelle,2001,Population du Burkina Faso par région et selon le sexe.csv,demographie
Population du Burkina Faso par région et selon le sexe en milieu d'année,Centre-Est,Ensemble,Nombre,2002,996733.0,2002,2002,annuelle,2002,Population du Burkina Faso par région et selon le sexe.csv,demographie
Population du Burkina Faso par région et selon le sexe en milieu d'année,Centre-Est,Ensemble,Nombre,2003,1025339.0,2003,2003,annuelle,2003,Population du Burkina Faso par région et selon le sexe.csv,demographie
Population du Burkina Faso par région et selon le sexe en milieu d'année,Centre-Est,Ensemble,Nombre,2004,1054771.0,2004,2004,annuelle,2004,Population du Burkina Faso par région et selon le sexe.csv,demographie
Population du Burkina Faso par région et selon le sexe en milieu d'année,Centre-Est,Ensemble,Nombre,2005,1085055.0,2005,2005,annuelle,2005,Population du Burkina Faso par région et selon le sexe.csv,demographie
Population du Burkina Faso par région et selon le sexe en milieu d'année,Centre-Est,Ensemble,Nombre,2006,1116215.0,2006,2006,annuelle,2006,Population du Burkina Faso par région et selon le sexe.csv,demographie
Population du Burkina Faso par région et selon le sexe en milieu d'année,Centre-Est,Ensemble,Nombre,2007,1149211.0,2007,2007,annuelle,2007,Population du Burkina Faso par région et selon le sexe.csv,demographie
Population du Burkina Faso par région et selon le sexe en milieu d'année,Centre-Est,Ensemble,Nombre,2008,1186043.0,2008,2008,annuelle,2008,Population du Burkina Faso par région et selon le sexe.csv,demographie
Population du Burkina Faso par région et selon le sexe en milieu d'année,Centre-Est,Ensemble,Nombre,2009,1223956.0,2009,2009,annuelle,2009,Population du Burkina Faso par région et selon le sexe.csv,demographie
Population du Burkina Faso par région et selon le sexe en milieu d'année,Centre-Est,Ensemble,Nombre,2010,1262783.0,2010,2010,annuelle,2010,Population du Burkina Faso par région et selon le sexe.csv,demographie
Population du Burkina Faso par région et selon le sexe en milieu d'année,Centre-Est,Ensemble,Nombre,2011,1302449.0,2011,2011,annuelle,2011,Population du Burkina Faso par région et selon le sexe.csv,demographie
Population du Burkina Faso par région et selon le sexe en milieu d'année,Centre-Est,Ensemble,Nombre,2012,1343079.0,2012,2012,annuelle,2012,Population du Burkina Faso par région et selon le sexe.csv,demographie
Population du Burkina Faso par région et selon le sexe en milieu d'année,Centre-Est,Ensemble,Nombre,2013,1384663.0,2013,2013,annuelle,2013,Population du Burkina Faso par région et selon le sexe.csv,demographie
Population du Burkina Faso par région et selon le sexe en milieu d'année,Centre-Est,Ensemble,Nombre,2014,1427320.0,2014,2014,annuelle,2014,Population du Burkina Faso par région et selon le sexe.csv,demographie
Population du Burkina Faso par région et selon le sexe en milieu d'année,Centre-Est,Ensemble,Nombre,2015,1470903.0,2015,2015,annuelle,2015,Population du Burkina Faso par région et selon le sexe.csv,demographie
Population du Burkina Faso par région et selon le sexe en milieu d'année,Centre-Est,Ensemble,Nombre,2016,1515518.0,2016,2016,annuelle,2016,Population du Burkina Faso par région et selon le sexe.csv,demographie
Population du Burkina Faso par région et selon le sexe en milieu d'année,Centre-Est,Ensemble,Nombre,2017,1561208.0,2017,2017,annuelle,2017,Population du Burkina Faso par région et selon le sexe.csv,demographie
Population du Burkina Faso par région et selon le sexe en milieu d'année,Centre-Est,Ensemble,Nombre,2018,1607993.0,2018,2018,annuelle,2018,Population du Burkina Faso par région et selon le sexe.csv,demographie
Population du Burkina Faso par région et selon le sexe en milieu d'année,Centre-Est,Ensemble,Nombre,2019,1580508.0,2019,2019,annuelle,2019,Population du Burkina Faso par région et selon le sexe.csv,demographie
Population du Burkina Faso par région et selon le sexe en milieu d'année,Centre-Est,Ensemble,Nombre,2020,1601413.0,2020,2020,annuelle,2020,Population du Burkina Faso par région et selon le sexe.csv,demographie
Population du Burkina Faso par région et selon le sexe en milieu d'année,Centre-Est,Ensemble,Nombre,2021,1647231.0,2021,2021,annuelle,2021,Population du Burkina Faso par région et selon le sexe.csv,demographie
Population du Burkina Faso par région et selon le sexe en milieu d'année,Centre-Est,Ensemble,Nombre,2022,1693530.0,2022,2022,annuelle,2022,Population du Burkina Faso par région et selon le sexe.csv,demographie
Population du Burkina Faso par région et selon le sexe en milieu d'année,Centre-Est,Ensemble,Nombre,2023,1740207.0,2023,2023,annuelle,2023,Population du Burkina Faso par région et selon le sexe.csv,demographie
Population du Burkina Faso par région et selon le sexe en milieu d'année,Centre-Est,Ensemble,Nombre,2024,1787201.0,2024,2024,annuelle,2024,Population du Burkina Faso par région et selon le sexe.csv,demographie
Population du Burkina Faso par région et selon le sexe en milieu d'année,Centre-Nord,Homme,Nombre,1997,443164.0,1997,1997,annuelle,1997,Population du Burkina Faso par région et selon le sexe.csv,demographie
Population du Burkina Faso par région et selon le sexe en milieu d'année,Centre-Nord,Homme,Nombre,1998,454726.0,1998,1998,annuelle,1998,Population du Burkina Faso par région et selon le sexe.csv,demographie
Population du Burkina Faso par région et selon le sexe en milieu d'année,Centre-Nord,Homme,Nombre,1999,466590.0,1999,1999,annuelle,1999,Population du Burkina Faso par région et selon le sexe.csv,demographie
Population du Burkina Faso par région et selon le sexe en milieu d'année,Centre-Nord,Homme,Nombre,2000,478765.0,2000,2000,annuelle,2000,Population du Burkina Faso par région et selon le sexe.csv,demographie
Population du Burkina Faso par région et selon le sexe en milieu d'année,Centre-Nord,Homme,Nombre,2001,491258.0,2001,2001,annuelle,2001,Population du Burkina Faso par région et selon le sexe.csv,demographie
Population du Burkina Faso par région et selon le sexe en milieu d'année,Centre-Nord,Homme,Nombre,2002,504078.0,2002,2002,annuelle,2002,Population du Burkina Faso par région et selon le sexe.csv,demographie
Population du Burkina Faso par région et selon le sexe en milieu d'année,Centre-Nord,Homme,Nombre,2003,517231.0,2003,2003,annuelle,2003,Population du Burkina Faso par région et selon le sexe.csv,demographie
Population du Burkina Faso par région et selon le sexe en milieu d'année,Centre-Nord,Homme,Nombre,2004,530728.0,2004,2004,annuelle,2004,Population du Burkina Faso par région et selon le sexe.csv,demographie
Population du Burkina Faso par région et selon le sexe en milieu d'année,Centre-Nord,Homme,Nombre,2005,544577.0,2005,2005,annuelle,2005,Population du Burkina Faso par région et selon le sexe.csv,demographie
Population du Burkina Faso par région et selon le sexe en milieu d'année,Centre-Nord,Homme,Nombre,2006,558789.0,2006,2006,annuelle,2006,Population du Burkina Faso par région et selon le sexe.csv,demographie
Population du Burkina Faso par région et selon le sexe en milieu d'année,Centre-Nord,Homme,Nombre,2007,573758.0,2007,2007,annuelle,2007,Population du Burkina Faso par région et selon le sexe.csv,demographie
Population du Burkina Faso par région et selon le sexe en milieu d'année,Centre-Nord,Homme,Nombre,2008,591222.0,2008,2008,annuelle,2008,Population du Burkina Faso par région et selon le sexe.csv,demographie
Population du Burkina Faso par région et selon le sexe en milieu d'année,Centre-Nord,Homme,Nombre,2009,609244.0,2009,2009,annuelle,2009,Population du Burkina Faso par région et selon le sexe.csv,demographie
Population du Burkina Faso par région et selon le sexe en milieu d'année,Centre-Nord,Homme,Nombre,2010,627747.0,2010,2010,annuelle,2010,Population du Burkina Faso par région et selon le sexe.csv,demographie
Population du Burkina Faso par région et selon le sexe en milieu d'année,Centre-Nord,Homme,Nombre,2011,646687.0,2011,2011,annuelle,2011,Population du Burkina Faso par région et selon le sexe.csv,demographie
Population du Burkina Faso par région et selon le sexe en milieu d'année,Centre-Nord,Homme,Nombre,2012,666133.0,2012,2012,annuelle,2012,Population du Burkina Faso par région et selon le sexe.csv,demographie
Population du Burkina Faso par région et selon le sexe en milieu d'année,Centre-Nord,Homme,Nombre,2013,686076.0,2013,2013,annuelle,2013,Population du Burkina Faso par région et selon le sexe.csv,demographie
Population du Burkina Faso par région et selon le sexe en milieu d'année,Centre-Nord,Homme,Nombre,2014,706568.0,2014,2014,annuelle,2014,Population du Burkina Faso par région et selon le sexe.csv,demographie
Population du Burkina Faso par région et selon le sexe en milieu d'année,Centre-Nord,Homme,Nombre,2015,727564.0,2015,2015,annuelle,2015,Population du Burkina Faso par région et selon le sexe.csv,demographie
Population du Burkina Faso par région et selon le sexe en milieu d'année,Centre-Nord,Homme,Nombre,2016,749112.0,2016,2016,annuelle,2016,Population du Burkina Faso par région et selon le sexe.csv,demographie
Population du Burkina Faso par région et selon le sexe en milieu d'année,Centre-Nord,Homme,Nombre,2017,771222.0,2017,2017,annuelle,2017,Population du Burkina Faso par région et selon le sexe.csv,demographie
Population du Burkina Faso par région et selon le sexe en milieu d'année,Centre-Nord,Homme,Nombre,2018,793920.0,2018,2018,annuelle,2018,Population du Burkina Faso par région et selon le sexe.csv,demographie
Population du Burkina Faso par région et selon le sexe en milieu d'année,Centre-Nord,Homme,Nombre,2019,887414.0,2019,2019,annuelle,2019,Population du Burkina Faso par région et selon le sexe.csv,demographie
Population du Burkina Faso par région et selon le sexe en milieu d'année,Centre-Nord,Homme,Nombre,2020,896899.0,2020,2020,annuelle,2020,Population du Burkina Faso par région et selon le sexe.csv,demographie
Population du Burkina Faso par région et selon le sexe en milieu d'année,Centre-Nord,Homme,Nombre,2021,924412.0,2021,2021,annuelle,2021,Population du Burkina Faso par région et selon le sexe.csv,demographie
Population du Burkina Faso par région et selon le sexe en milieu d'année,Centre-Nord,Homme,Nombre,2022,952227.0,2022,2022,annuelle,2022,Population du Burkina Faso par région et selon le sexe.csv,demographie
Population du Burkina Faso par région et selon le sexe en milieu d'année,Centre-Nord,Homme,Nombre,2023,980288.0,2023,2023,annuelle,2023,Population du Burkina Faso par région et selon le sexe.csv,demographie
Population du Burkina Faso par région et selon le sexe en milieu d'année,Centre-Nord,Homme,Nombre,2024,1008554.0,2024,2024,annuelle,2024,Population du Burkina Faso par région et selon le sexe.csv,demographie
Population du Burkina Faso par région et selon le sexe en milieu d'année,Centre-Nord,Femme,Nombre,1997,497307.0,1997,1997,annuelle,1997,Population du Burkina Faso par région et selon le sexe.csv,demographie
Population du Burkina Faso par région et selon le sexe en milieu d'année,Centre-Nord,Femme,Nombre,1998,510360.0,1998,1998,annuelle,1998,Population du Burkina Faso par région et selon le sexe.csv,demographie
Population du Burkina Faso par région et selon le sexe en milieu d'année,Centre-Nord,Femme,Nombre,1999,523756.0,1999,1999,annuelle,1999,Population du Burkina Faso par région et selon le sexe.csv,demographie
Population du Burkina Faso par région et selon le sexe en milieu d'année,Centre-Nord,Femme,Nombre,2000,537503.0,2000,2000,annuelle,2000,Population du Burkina Faso par région et selon le sexe.csv,demographie
Population du Burkina Faso par région et selon le sexe en milieu d'année,Centre-Nord,Femme,Nombre,2001,551610.0,2001,2001,annuelle,2001,Population du Burkina Faso par région et selon le sexe.csv,demographie
Population du Burkina Faso par région et selon le sexe en milieu d'année,Centre-Nord,Femme,Nombre,2002,566089.0,2002,2002,annuelle,2002,Population du Burkina Faso par région et selon le sexe.csv,demographie
Population du Burkina Faso par région et selon le sexe en milieu d'année,Centre-Nord,Femme,Nombre,2003,580947.0,2003,2003,annuelle,2003,Population du Burkina Faso par région et selon le sexe.csv,demographie
Population du Burkina Faso par région et selon le sexe en milieu d'année,Centre-Nord,Femme,Nombre,2004,596197.0,2004,2004,annuelle,2004,Population du Burkina Faso par région et selon le sexe.csv,demographie
Population du Burkina Faso par région et selon le sexe en milieu d'année,Centre-Nord,Femme,Nombre,2005,611845.0,2005,2005,annuelle,2005,Population du Burkina Faso par région et selon le sexe.csv,demographie
Population du Burkina Faso par région et selon le sexe en milieu d'année,Centre-Nord,Femme,Nombre,2006,627906.0,2006,2006,annuelle,2006,Population du Burkina Faso par région et selon le sexe.csv,demographie
Population du Burkina Faso par région et selon le sexe en milieu d'année,Centre-Nord,Femme,Nombre,2007,645077.0,2007,2007,annuelle,2007,Population du Burkina Faso par région et selon le sexe.csv,demographie
Population du Burkina Faso par région et selon le sexe en milieu d'année,Centre-Nord,Femme,Nombre,2008,665242.0,2008,2008,annuelle,2008,Population du Burkina Faso par région et selon le sexe.csv,demographie
Population du Burkina Faso par région et selon le sexe en milieu d'année,Centre-Nord,Femme,Nombre,2009,685945.0,2009,2009,annuelle,2009,Population du Burkina Faso par région et selon le sexe.csv,demographie
Population du Burkina Faso par région et selon le sexe en milieu d'année,Centre-Nord,Femme,Nombre,2010,707113.0,2010,2010,annuelle,2010,Population du Burkina Faso par région et selon le sexe.csv,demographie
Population du Burkina Faso par région et selon le sexe en milieu d'année,Centre-Nord,Femme,Nombre,2011,728693.0,2011,2011,annuelle,2011,Population du Burkina Faso par région et selon le sexe.csv,demographie
Population du Burkina Faso par région et selon le sexe en milieu d'année,Centre-Nord,Femme,Nombre,2012,750762.0,2012,2012,annuelle,2012,Population du Burkina Faso par région et selon le sexe.csv,demographie
Population du Burkina Faso par région et selon le sexe en milieu d'année,Centre-Nord,Femme,Nombre,2013,773326.0,2013,2013,annuelle,2013,Population du Burkina Faso par région et selon le sexe.csv,demographie
Population du Burkina Faso par région et selon le sexe en milieu d'année,Centre-Nord,Femme,Nombre,2014,796426.0,2014,2014,annuelle,2014,Population du Burkina Faso par région et selon le sexe.csv,demographie
Population du Burkina Faso par région et selon le sexe en milieu d'année,Centre-Nord,Femme,Nombre,2015,820001.0,2015,2015,annuelle,2015,Population du Burkina Faso par région et selon le sexe.csv,demographie
Population du Burkina Faso par région et selon le sexe en milieu d'année,Centre-Nord,Femme,Nombre,2016,844102.0,2016,2016,annuelle,2016,Population du Burkina Faso par région et selon le sexe.csv,demographie
Population du Burkina Faso par région et selon le sexe en milieu d'année,Centre-Nord,Femme,Nombre,2017,868744.0,2017,2017,annuelle,2017,Population du Burkina Faso par région et selon le sexe.csv,demographie
Population du Burkina Faso par région et selon le sexe en milieu d'année,Centre-Nord,Femme,Nombre,2018,893938.0,2018,2018,annuelle,2018,Population du Burkina Faso par région et selon le sexe.csv,demographie
Population du Burkina Faso par région et selon le sexe en milieu d'année,Centre-Nord,Femme,Nombre,2019,987255.0,2019,2019,annuelle,2019,Population du Burkina Faso par région et selon le sexe.csv,demographie
Population du Burkina Faso par région et selon le sexe en milieu d'année,Centre-Nord,Femme,Nombre,2020,1005353.0,2020,2020,annuelle,2020,Population du Burkina Faso par région et selon le sexe.csv,demographie
Population du Burkina Faso par région et selon le sexe en milieu d'année,Centre-Nord,Femme,Nombre,2021,1035039.0,2021,2021,annuelle,2021,Population du Burkina Faso par région et selon le sexe.csv,demographie
Population du Burkina Faso par région et selon le sexe en milieu d'année,Centre-Nord,Femme,Nombre,2022,1065050.0,2022,2022,annuelle,2022,Population du Burkina Faso par région et selon le sexe.csv,demographie
Population du Burkina Faso par région et selon le sexe en milieu d'année,Centre-Nord,Femme,Nombre,2023,1095317.0,2023,2023,annuelle,2023,Population du Burkina Faso par région et selon le sexe.csv,demographie
Population du Burkina Faso par région et selon le sexe en milieu d'année,Centre-Nord,Femme,Nombre,2024,1125798.0,2024,2024,annuelle,2024,Population du Burkina Faso par région et selon le sexe.csv,demographie
Population du Burkina Faso par région et selon le sexe en milieu d'année,Centre-Nord,Ensemble,Nombre,1997,940471.0,1997,1997,annuelle,1997,Population du Burkina Faso par région et selon le sexe.csv,demographie
Population du Burkina Faso par région et selon le sexe en milieu d'année,Centre-Nord,Ensemble,Nombre,1998,965086.0,1998,1998,annuelle,1998,Population du Burkina Faso par région et selon le sexe.csv,demographie
Population du Burkina Faso par région et selon le sexe en milieu d'année,Centre-Nord,Ensemble,Nombre,1999,990346.0,1999,1999,annuelle,1999,Population du Burkina Faso par région et selon le sexe.csv,demographie
Population du Burkina Faso par région et selon le sexe en milieu d'année,Centre-Nord,Ensemble,Nombre,2000,1016268.0,2000,2000,annuelle,2000,Population du Burkina Faso par région et selon le sexe.csv,demographie
Population du Burkina Faso par région et selon le sexe en milieu d'année,Centre-Nord,Ensemble,Nombre,2001,1042868.0,2001,2001,annuelle,2001,Population du Burkina Faso par région et selon le sexe.csv,demographie
Population du Burkina Faso par région et selon le sexe en milieu d'année,Centre-Nord,Ensemble,Nombre,2002,1070167.0,2002,2002,annuelle,2002,Population du Burkina Faso par région et selon le sexe.csv,demographie
Population du Burkina Faso par région et selon le sexe en milieu d'année,Centre-Nord,Ensemble,Nombre,2003,1098178.0,2003,2003,annuelle,2003,Population du Burkina Faso par région et selon le sexe.csv,demographie
Population du Burkina Faso par région et selon le sexe en milieu d'année,Centre-Nord,Ensemble,Nombre,2004,1126925.0,2004,2004,annuelle,2004,Population du Burkina Faso par région et selon le sexe.csv,demographie
Population du Burkina Faso par région et selon le sexe en milieu d'année,Centre-Nord,Ensemble,Nombre,2005,1156422.0,2005,2005,annuelle,2005,Population du Burkina Faso par région et selon le sexe.csv,demographie
Population du Burkina Faso par région et selon le sexe en milieu d'année,Centre-Nord,Ensemble,Nombre,2006,1186695.0,2006,2006,annuelle,2006,Population du Burkina Faso par région et selon le sexe.csv,demographie
Population du Burkina Faso par région et selon le sexe en milieu d'année,Centre-Nord,Ensemble,Nombre,2007,1218835.0,2007,2007,annuelle,2007,Population du Burkina Faso par région et selon le sexe.csv,demographie
Population du Burkina Faso par région et selon le sexe en milieu d'année,Centre-Nord,Ensemble,Nombre,2008,1256464.0,2008,2008,annuelle,2008,Population du Burkina Faso par région et selon le sexe.csv,demographie
Population du Burkina Faso par région et selon le sexe en milieu d'année,Centre-Nord,Ensemble,Nombre,2009,1295189.0,2009,2009,annuelle,2009,Population du Burkina Faso par région et selon le sexe.csv,demographie
Population du Burkina Faso par région et selon le sexe en milieu d'année,Centre-Nord,Ensemble,Nombre,2010,1334860.0,2010,2010,annuelle,2010,Population du Burkina Faso par région et selon le sexe.csv,demographie
Population du Burkina Faso par région et selon le sexe en milieu d'année,Centre-Nord,Ensemble,Nombre,2011,1375380.0,2011,2011,annuelle,2011,Population du Burkina Faso par région et selon le sexe.csv,demographie
Population du Burkina Faso par région et selon le sexe en milieu d'année,Centre-Nord,Ensemble,Nombre,2012,1416895.0,2012,2012,annuelle,2012,Population du Burkina Faso par région et selon le sexe.csv,demographie
Population du Burkina Faso par région et selon le sexe en milieu d'année,Centre-Nord,Ensemble,Nombre,2013,1459402.0,2013,2013,annuelle,2013,Population du Burkina Faso par région et selon le sexe.csv,demographie
Population du Burkina Faso par région et selon le sexe en milieu d'année,Centre-Nord,Ensemble,Nombre,2014,1502994.0,2014,2014,annuelle,2014,Population du Burkina Faso par région et selon le sexe.csv,demographie
Population du Burkina Faso par région et selon le sexe en milieu d'année,Centre-Nord,Ensemble,Nombre,2015,1547565.0,2015,2015,annuelle,2015,Population du Burkina Faso par région et selon le sexe.csv,demographie
Population du Burkina Faso par région et selon le sexe en milieu d'année,Centre-Nord,Ensemble,Nombre,2016,1593214.0,2016,2016,annuelle,2016,Population du Burkina Faso par région et selon le sexe.csv,demographie
Population du Burkina Faso par région et selon le sexe en milieu d'année,Centre-Nord,Ensemble,Nombre,2017,1639966.0,2017,2017,annuelle,2017,Population du Burkina Faso par région et selon le sexe.csv,demographie
Population du Burkina Faso par région et selon le sexe en milieu d'année,Centre-Nord,Ensemble,Nombre,2018,1687858.0,2018,2018,annuelle,2018,Population du Burkina Faso par région et selon le sexe.csv,demographie
Population du Burkina Faso par région et selon le sexe en milieu d'année,Centre-Nord,Ensemble,Nombre,2019,1874669.0,2019,2019,annuelle,2019,Population du Burkina Faso par région et selon le sexe.csv,demographie
Population du Burkina Faso par région et selon le sexe en milieu d'année,Centre-Nord,Ensemble,Nombre,2020,1902252.0,2020,2020,annuelle,2020,Population du Burkina Faso par région et selon le sexe.csv,demographie
Population du Burkina Faso par région et selon le sexe en milieu d'année,Centre-Nord,Ensemble,Nombre,2021,1959451.0,2021,2021,annuelle,2021,Population du Burkina Faso par région et selon le sexe.csv,demographie
Population du Burkina Faso par région et selon le sexe en milieu d'année,Centre-Nord,Ensemble,Nombre,2022,2017277.0,2022,2022,annuelle,2022,Population du Burkina Faso par région et selon le sexe.csv,demographie
Population du Burkina Faso par région et selon le sexe en milieu d'année,Centre-Nord,Ensemble,Nombre,2023,2075605.0,2023,2023,annuelle,2023,Population du Burkina Faso par région et selon le sexe.csv,demographie
Population du Burkina Faso par région et selon le sexe en milieu d'année,Centre-Nord,Ensemble,Nombre,2024,2134352.0,2024,2024,annuelle,2024,Population du Burkina Faso par région et selon le sexe.csv,demographie
Population du Burkina Faso par région et selon le sexe en milieu d'année,Centre-Ouest,Homme,Nombre,1997,441138.0,1997,1997,annuelle,1997,Population du Burkina Faso par région et selon le sexe.csv,demographie
Population du Burkina Faso par région et selon le sexe en milieu d'année,Centre-Ouest,Homme,Nombre,1998,451092.0,1998,1998,annuelle,1998,Population du Burkina Faso par région et selon le sexe.csv,demographie
Population du Burkina Faso par région et selon le sexe en milieu d'année,Centre-Ouest,Homme,Nombre,1999,461303.0,1999,1999,annuelle,1999,Population du Burkina Faso par région et selon le sexe.csv,demographie
Population du Burkina Faso par région et selon le sexe en milieu d'année,Centre-Ouest,Homme,Nombre,2000,471777.0,2000,2000,annuelle,2000,Population du Burkina Faso par région et selon le sexe.csv,demographie
Population du Burkina Faso par région et selon le sexe en milieu d'année,Centre-Ouest,Homme,Nombre,2001,482523.0,2001,2001,annuelle,2001,Population du Burkina Faso par région et selon le sexe.csv,demographie
Population du Burkina Faso par région et selon le sexe en milieu d'année,Centre-Ouest,Homme,Nombre,2002,493550.0,2002,2002,annuelle,2002,Population du Burkina Faso par région et selon le sexe.csv,demographie
Population du Burkina Faso par région et selon le sexe en milieu d'année,Centre-Ouest,Homme,Nombre,2003,504866.0,2003,2003,annuelle,2003,Population du Burkina Faso par région et selon le sexe.csv,demographie
Population du Burkina Faso par région et selon le sexe en milieu d'année,Centre-Ouest,Homme,Nombre,2004,516479.0,2004,2004,annuelle,2004,Population du Burkina Faso par région et selon le sexe.csv,demographie
Population du Burkina Faso par région et selon le sexe en milieu d'année,Centre-Ouest,Homme,Nombre,2005,528398.0,2005,2005,annuelle,2005,Population du Burkina Faso par région et selon le sexe.csv,demographie
Population du Burkina Faso par région et selon le sexe en milieu d'année,Centre-Ouest,Homme,Nombre,2006,540629.0,2006,2006,annuelle,2006,Population du Burkina Faso par région et selon le sexe.csv,demographie
Population du Burkina Faso par région et selon le sexe en milieu d'année,Centre-Ouest,Homme,Nombre,2007,554213.0,2007,2007,annuelle,2007,Population du Burkina Faso par région et selon le sexe.csv,demographie
Population du Burkina Faso par région et selon le sexe en milieu d'année,Centre-Ouest,Homme,Nombre,2008,570294.0,2008,2008,annuelle,2008,Population du Burkina Faso par région et selon le sexe.csv,demographie
Population du Burkina Faso par région et selon le sexe en milieu d'année,Centre-Ouest,Homme,Nombre,2009,586905.0,2009,2009,annuelle,2009,Population du Burkina Faso par région et selon le sexe.csv,demographie
Population du Burkina Faso par région et selon le sexe en milieu d'année,Centre-Ouest,Homme,Nombre,2010,603967.0,2010,2010,annuelle,2010,Population du Burkina Faso par région et selon le sexe.csv,demographie
Population du Burkina Faso par région et selon le sexe en milieu d'année,Centre-Ouest,Homme,Nombre,2011,621428.0,2011,2011,annuelle,2011,Population du Burkina Faso par région et selon le sexe.csv,demographie
Population du Burkina Faso par région et selon le sexe en milieu d'année,Centre-Ouest,Homme,Nombre,2012,639357.0,2012,2012,annuelle,2012,Population du Burkina Faso par région et selon le sexe.csv,demographie
Population du Burkina Faso par région et selon le sexe en milieu d'année,Centre-Ouest,Homme,Nombre,2013,657759.0,2013,2013,annuelle,2013,Population du Burkina Faso par région et selon le sexe.csv,demographie
Population du Burkina Faso par région et selon le sexe en milieu d'année,Centre-Ouest,Homme,Nombre,2014,676680.0,2014,2014,annuelle,2014,Population du Burkina Faso par région et selon le sexe.csv,demographie
Population du Burkina Faso par région et selon le sexe en milieu d'année,Centre-Ouest,Homme,Nombre,2015,696073.0,2015,2015,annuelle,2015,Population du Burkina Faso par région et selon le sexe.csv,demographie
Population du Burkina Faso par région et selon le sexe en milieu d'année,Centre-Ouest,Homme,Nombre,2016,715996.0,2016,2016,annuelle,2016,Population du Burkina Faso par région et selon le sexe.csv,demographie
Population du Burkina Faso par région et selon le sexe en milieu d'année,Centre-Ouest,Homme,Nombre,2017,736448.0,2017,2017,annuelle,2017,Population du Burkina Faso par région et selon le sexe.csv,demographie
Population du Burkina Faso par région et selon le sexe en milieu d'année,Centre-Ouest,Homme,Nombre,2018,757458.0,2018,2018,annuelle,2018,Population du Burkina Faso par région et selon le sexe.csv,demographie
Population du Burkina Faso par région et selon le sexe en milieu d'année,Centre-Ouest,Homme,Nombre,2019,768587.0,2019,2019,annuelle,2019,Population du Burkina Faso par région et selon le sexe.csv,demographie
Population du Burkina Faso par région et selon le sexe en milieu d'année,Centre-Ouest,Homme,Nombre,2020,775673.0,2020,2020,annuelle,2020,Population du Burkina Faso par région et selon le sexe.csv,demographie
Population du Burkina Faso par région et selon le sexe en milieu d'année,Centre-Ouest,Homme,Nombre,2021,797373.0,2021,2021,annuelle,2021,Population du Burkina Faso par région et selon le sexe.csv,demographie
Population du Burkina Faso par région et selon le sexe en milieu d'année,Centre-Ouest,Homme,Nombre,2022,819291.0,2022,2022,annuelle,2022,Population du Burkina Faso par région et selon le sexe.csv,demographie
Population du Burkina Faso par région et selon le sexe en milieu d'année,Centre-Ouest,Homme,Nombre,2023,841383.0,2023,2023,annuelle,2023,Population du Burkina Faso par région et selon le sexe.csv,demographie
Population du Burkina Faso par région et selon le sexe en milieu d'année,Centre-Ouest,Homme,Nombre,2024,863619.0,2024,2024,annuelle,2024,Population du Burkina Faso par région et selon le sexe.csv,demographie
Population du Burkina Faso par région et selon le sexe en milieu d'année,Centre-Ouest,Femme,Nombre,1997,513203.0,1997,1997,annuelle,1997,Population du Burkina Faso par région et selon le sexe.csv,demographie
Population du Burkina Faso par région et selon le sexe en milieu d'année,Centre-Ouest,Femme,Nombre,1998,525129.0,1998,1998,annuelle,1998,Population du Burkina Faso par région et selon le sexe.csv,demographie
Population du Burkina Faso par région et selon le sexe en milieu d'année,Centre-Ouest,Femme,Nombre,1999,537361.0,1999,1999,annuelle,1999,Population du Burkina Faso par région et selon le sexe.csv,demographie
Population du Burkina Faso par région et selon le sexe en milieu d'année,Centre-Ouest,Femme,Nombre,2000,549906.0,2000,2000,annuelle,2000,Population du Burkina Faso par région et selon le sexe.csv,demographie
Population du Burkina Faso par région et selon le sexe en milieu d'année,Centre-Ouest,Femme,Nombre,2001,562776.0,2001,2001,annuelle,2001,Population du Burkina Faso par région et selon le sexe.csv,demographie
Population du Burkina Faso par région et selon le sexe en milieu d'année,Centre-Ouest,Femme,Nombre,2002,575981.0,2002,2002,annuelle,2002,Population du Burkina Faso par région et selon le sexe.csv,demographie
Population du Burkina Faso par région et selon le sexe en milieu d'année,Centre-Ouest,Femme,Nombre,2003,589529.0,2003,2003,annuelle,2003,Population du Burkina Faso par région et selon le sexe.csv,demographie
Population du Burkina Faso par région et selon le sexe en milieu d'année,Centre-Ouest,Femme,Nombre,2004,603429.0,2004,2004,annuelle,2004,Population du Burkina Faso par région et selon le sexe.csv,demographie
Population du Burkina Faso par région et selon le sexe en milieu d'année,Centre-Ouest,Femme,Nombre,2005,617692.0,2005,2005,annuelle,2005,Population du Burkina Faso par région et selon le sexe.csv,demographie
Population du Burkina Faso par région et selon le sexe en milieu d'année,Centre-Ouest,Femme,Nombre,2006,632328.0,2006,2006,annuelle,2006,Population du Burkina Faso par région et selon le sexe.csv,demographie
Population du Burkina Faso par région et selon le sexe en milieu d'année,Centre-Ouest,Femme,Nombre,2007,647250.0,2007,2007,annuelle,2007,Population du Burkina Faso par région et selon le sexe.csv,demographie
Population du Burkina Faso par région et selon le sexe en milieu d'année,Centre-Ouest,Femme,Nombre,2008,666561.0,2008,2008,annuelle,2008,Population du Burkina Faso par région et selon le sexe.csv,demographie
Population du Burkina Faso par région et selon le sexe en milieu d'année,Centre-Ouest,Femme,Nombre,2009,686395.0,2009,2009,annuelle,2009,Population du Burkina Faso par région et selon le sexe.csv,demographie
Population du Burkina Faso par région et selon le sexe en milieu d'année,Centre-Ouest,Femme,Nombre,2010,706677.0,2010,2010,annuelle,2010,Population du Burkina Faso par région et selon le sexe.csv,demographie
Population du Burkina Faso par région et selon le sexe en milieu d'année,Centre-Ouest,Femme,Nombre,2011,727356.0,2011,2011,annuelle,2011,Population du Burkina Faso par région et selon le sexe.csv,demographie
Population du Burkina Faso par région et selon le sexe en milieu d'année,Centre-Ouest,Femme,Nombre,2012,748503.0,2012,2012,annuelle,2012,Population du Burkina Faso par région et selon le sexe.csv,demographie
Population du Burkina Faso par région et selon le sexe en milieu d'année,Centre-Ouest,Femme,Nombre,2013,770135.0,2013,2013,annuelle,2013,Population du Burkina Faso par région et selon le sexe.csv,demographie
Population du Burkina Faso par région et selon le sexe en milieu d'année,Centre-Ouest,Femme,Nombre,2014,792286.0,2014,2014,annuelle,2014,Population du Burkina Faso par région et selon le sexe.csv,demographie
Population du Burkina Faso par région et selon le sexe en milieu d'année,Centre-Ouest,Femme,Nombre,2015,814902.0,2015,2015,annuelle,2015,Population du Burkina Faso par région et selon le sexe.csv,demographie
Population du Burkina Faso par région et selon le sexe en milieu d'année,Centre-Ouest,Femme,Nombre,2016,838044.0,2016,2016,annuelle,2016,Population du Burkina Faso par région et selon le sexe.csv,demographie
Population du Burkina Faso par région et selon le sexe en milieu d'année,Centre-Ouest,Femme,Nombre,2017,861711.0,2017,2017,annuelle,2017,Population du Burkina Faso par région et selon le sexe.csv,demographie
Population du Burkina Faso par région et selon le sexe en milieu d'année,Centre-Ouest,Femme,Nombre,2018,885930.0,2018,2018,annuelle,2018,Population du Burkina Faso par région et selon le sexe.csv,demographie
Population du Burkina Faso par région et selon le sexe en milieu d'année,Centre-Ouest,Femme,Nombre,2019,891548.0,2019,2019,annuelle,2019,Population du Burkina Faso par région et selon le sexe.csv,demographie
Population du Burkina Faso par région et selon le sexe en milieu d'année,Centre-Ouest,Femme,Nombre,2020,904299.0,2020,2020,annuelle,2020,Population du Burkina Faso par région et selon le sexe.csv,demographie
Population du Burkina Faso par région et selon le sexe en milieu d'année,Centre-Ouest,Femme,Nombre,2021,928562.0,2021,2021,annuelle,2021,Population du Burkina Faso par région et selon le sexe.csv,demographie
Population du Burkina Faso par région et selon le sexe en milieu d'année,Centre-Ouest,Femme,Nombre,2022,953072.0,2022,2022,annuelle,2022,Population du Burkina Faso par région et selon le sexe.csv,demographie
Population du Burkina Faso par région et selon le sexe en milieu d'année,Centre-Ouest,Femme,Nombre,2023,977773.0,2023,2023,annuelle,2023,Population du Burkina Faso par région et selon le sexe.csv,demographie
Population du Burkina Faso par région et selon le sexe en milieu d'année,Centre-Ouest,Femme,Nombre,2024,1002632.0,2024,2024,annuelle,2024,Population du Burkina Faso par région et selon le sexe.csv,demographie
Population du Burkina Faso par région et selon le sexe en milieu d'année,Centre-Ouest,Ensemble,Nombre,1997,954341.0,1997,1997,annuelle,1997,Population du Burkina Faso par région et selon le sexe.csv,demographie
Population du Burkina Faso par région et selon le sexe en milieu d'année,Centre-Ouest,Ensemble,Nombre,1998,976221.0,1998,1998,annuelle,1998,Population du Burkina Faso par région et selon le sexe.csv,demographie
Population du Burkina Faso par région et selon le sexe en milieu d'année,Centre-Ouest,Ensemble,Nombre,1999,998664.0,1999,1999,annuelle,1999,Population du Burkina Faso par région et selon le sexe.csv,demographie
Population du Burkina Faso par région et selon le sexe en milieu d'année,Centre-Ouest,Ensemble,Nombre,2000,1021683.0,2000,2000,annuelle,2000,Population du Burkina Faso par région et selon le sexe.csv,demographie
Population du Burkina Faso par région et selon le sexe en milieu d'année,Centre-Ouest,Ensemble,Nombre,2001,1045299.0,2001,2001,annuelle,2001,Population du Burkina Faso par région et selon le sexe.csv,demographie
Population du Burkina Faso par région et selon le sexe en milieu d'année,Centre-Ouest,Ensemble,Nombre,2002,1069531.0,2002,2002,annuelle,2002,Population du Burkina Faso par région et selon le sexe.csv,demographie
Population du Burkina Faso par région et selon le sexe en milieu d'année,Centre-Ouest,Ensemble,Nombre,2003,1094395.0,2003,2003,annuelle,2003,Population du Burkina Faso par région et selon le sexe.csv,demographie
Population du Burkina Faso par région et selon le sexe en milieu d'année,Centre-Ouest,Ensemble,Nombre,2004,1119908.0,2004,2004,annuelle,2004,Population du Burkina Faso par région et selon le sexe.csv,demographie
Population du Burkina Faso par région et selon le sexe en milieu d'année,Centre-Ouest,Ensemble,Nombre,2005,1146090.0,2005,2005,annuelle,2005,Population du Burkina Faso par région et selon le sexe.csv,demographie
Population du Burkina Faso par région et selon le sexe en milieu d'année,Centre-Ouest,Ensemble,Nombre,2006,1172957.0,2006,2006,annuelle,2006,Population du Burkina Faso par région et selon le sexe.csv,demographie
Population du Burkina Faso par région et selon le sexe en milieu d'année,Centre-Ouest,Ensemble,Nombre,2007,1201463.0,2007,2007,annuelle,2007,Population du Burkina Faso par région et selon le sexe.csv,demographie
Population du Burkina Faso par région et selon le sexe en milieu d'année,Centre-Ouest,Ensemble,Nombre,2008,1236855.0,2008,2008,annuelle,2008,Population du Burkina Faso par région et selon le sexe.csv,demographie
Population du Burkina Faso par région et selon le sexe en milieu d'année,Centre-Ouest,Ensemble,Nombre,2009,1273300.0,2009,2009,annuelle,2009,Population du Burkina Faso par région et selon le sexe.csv,demographie
Population du Burkina Faso par région et selon le sexe en milieu d'année,Centre-Ouest,Ensemble,Nombre,2010,1310644.0,2010,2010,annuelle,2010,Population du Burkina Faso par région et selon le sexe.csv,demographie
Population du Burkina Faso par région et selon le sexe en milieu d'année,Centre-Ouest,Ensemble,Nombre,2011,1348784.0,2011,2011,annuelle,2011,Population du Burkina Faso par région et selon le sexe.csv,demographie
Population du Burkina Faso par région et selon le sexe en milieu d'année,Centre-Ouest,Ensemble,Nombre,2012,1387860.0,2012,2012,annuelle,2012,Population du Burkina Faso par région et selon le sexe.csv,demographie
Population du Burkina Faso par région et selon le sexe en milieu d'année,Centre-Ouest,Ensemble,Nombre,2013,1427894.0,2013,2013,annuelle,2013,Population du Burkina Faso par région et selon le sexe.csv,demographie
Population du Burkina Faso par région et selon le sexe en milieu d'année,Centre-Ouest,Ensemble,Nombre,2014,1468966.0,2014,2014,annuelle,2014,Population du Burkina Faso par région et selon le sexe.csv,demographie
Population du Burkina Faso par région et selon le sexe en milieu d'année,Centre-Ouest,Ensemble,Nombre,2015,1510975.0,2015,2015,annuelle,2015,Population du Burkina Faso par région et selon le sexe.csv,demographie
Population du Burkina Faso par région et selon le sexe en milieu d'année,Centre-Ouest,Ensemble,Nombre,2016,1554040.0,2016,2016,annuelle,2016,Population du Burkina Faso par région et selon le sexe.csv,demographie
Population du Burkina Faso par région et selon le sexe en milieu d'année,Centre-Ouest,Ensemble,Nombre,2017,1598159.0,2017,2017,annuelle,2017,Population du Burkina Faso par région et selon le sexe.csv,demographie
Population du Burkina Faso par région et selon le sexe en milieu d'année,Centre-Ouest,Ensemble,Nombre,2018,1643388.0,2018,2018,annuelle,2018,Population du Burkina Faso par région et selon le sexe.csv,demographie
Population du Burkina Faso par région et selon le sexe en milieu d'année,Centre-Ouest,Ensemble,Nombre,2019,1660135.0,2019,2019,annuelle,2019,Population du Burkina Faso par région et selon le sexe.csv,demographie
Population du Burkina Faso par région et selon le sexe en milieu d'année,Centre-Ouest,Ensemble,Nombre,2020,1679972.0,2020,2020,annuelle,2020,Population du Burkina Faso par région et selon le sexe.csv,demographie
Population du Burkina Faso par région et selon le sexe en milieu d'année,Centre-Ouest,Ensemble,Nombre,2021,1725935.0,2021,2021,annuelle,2021,Population du Burkina Faso par région et selon le sexe.csv,demographie
Population du Burkina Faso par région et selon le sexe en milieu d'année,Centre-Ouest,Ensemble,Nombre,2022,1772363.0,2022,2022,annuelle,2022,Population du Burkina Faso par région et selon le sexe.csv,demographie
Population du Burkina Faso par région et selon le sexe en milieu d'année,Centre-Ouest,Ensemble,Nombre,2023,1819156.0,2023,2023,annuelle,2023,Population du Burkina Faso par région et selon le sexe.csv,demographie
Population du Burkina Faso par région et selon le sexe en milieu d'année,Centre-Ouest,Ensemble,Nombre,2024,1866251.0,2024,2024,annuelle,2024,Population du Burkina Faso par région et selon le sexe.csv,demographie
Population du Burkina Faso par région et selon le sexe en milieu d'année,Centre-Sud,Homme,Nombre,1997,252534.0,1997,1997,annuelle,1997,Population du Burkina Faso par région et selon le sexe.csv,demographie
Population du Burkina Faso par région et selon le sexe en milieu d'année,Centre-Sud,Homme,Nombre,1998,257364.0,1998,1998,annuelle,1998,Population du Burkina Faso par région et selon le sexe.csv,demographie
Population du Burkina Faso par région et selon le sexe en milieu d'année,Centre-Sud,Homme,Nombre,1999,262299.0,1999,1999,annuelle,1999,Population du Burkina Faso par région et selon le sexe.csv,demographie
Population du Burkina Faso par région et selon le sexe en milieu d'année,Centre-Sud,Homme,Nombre,2000,267339.0,2000,2000,annuelle,2000,Population du Burkina Faso par région et selon le sexe.csv,demographie
Population du Burkina Faso par région et selon le sexe en milieu d'année,Centre-Sud,Homme,Nombre,2001,272489.0,2001,2001,annuelle,2001,Population du Burkina Faso par région et selon le sexe.csv,demographie
Population du Burkina Faso par région et selon le sexe en milieu d'année,Centre-Sud,Homme,Nombre,2002,277751.0,2002,2002,annuelle,2002,Population du Burkina Faso par région et selon le sexe.csv,demographie
Population du Burkina Faso par région et selon le sexe en milieu d'année,Centre-Sud,Homme,Nombre,2003,283126.0,2003,2003,annuelle,2003,Population du Burkina Faso par région et selon le sexe.csv,demographie
Population du Burkina Faso par région et selon le sexe en milieu d'année,Centre-Sud,Homme,Nombre,2004,288618.0,2004,2004,annuelle,2004,Population du Burkina Faso par région et selon le sexe.csv,demographie
Population du Burkina Faso par région et selon le sexe en milieu d'année,Centre-Sud,Homme,Nombre,2005,294229.0,2005,2005,annuelle,2005,Population du Burkina Faso par région et selon le sexe.csv,demographie
Population du Burkina Faso par région et selon le sexe en milieu d'année,Centre-Sud,Homme,Nombre,2006,299963.0,2006,2006,annuelle,2006,Population du Burkina Faso par région et selon le sexe.csv,demographie
Population du Burkina Faso par région et selon le sexe en milieu d'année,Centre-Sud,Homme,Nombre,2007,305610.0,2007,2007,annuelle,2007,Population du Burkina Faso par région et selon le sexe.csv,demographie
Population du Burkina Faso par région et selon le sexe en milieu d'année,Centre-Sud,Homme,Nombre,2008,313897.0,2008,2008,annuelle,2008,Population du Burkina Faso par région et selon le sexe.csv,demographie
Population du Burkina Faso par région et selon le sexe en milieu d'année,Centre-Sud,Homme,Nombre,2009,322464.0,2009,2009,annuelle,2009,Population du Burkina Faso par région et selon le sexe.csv,demographie
Population du Burkina Faso par région et selon le sexe en milieu d'année,Centre-Sud,Homme,Nombre,2010,331266.0,2010,2010,annuelle,2010,Population du Burkina Faso par région et selon le sexe.csv,demographie
Population du Burkina Faso par région et selon le sexe en milieu d'année,Centre-Sud,Homme,Nombre,2011,340280.0,2011,2011,annuelle,2011,Population du Burkina Faso par région et selon le sexe.csv,demographie
Population du Burkina Faso par région et selon le sexe en milieu d'année,Centre-Sud,Homme,Nombre,2012,349542.0,2012,2012,annuelle,2012,Population du Burkina Faso par région et selon le sexe.csv,demographie
Population du Burkina Faso par région et selon le sexe en milieu d'année,Centre-Sud,Homme,Nombre,2013,359054.0,2013,2013,annuelle,2013,Population du Burkina Faso par région et selon le sexe.csv,demographie
Population du Burkina Faso par région et selon le sexe en milieu d'année,Centre-Sud,Homme,Nombre,2014,368849.0,2014,2014,annuelle,2014,Population du Burkina Faso par région et selon le sexe.csv,demographie
Population du Burkina Faso par région et selon le sexe en milieu d'année,Centre-Sud,Homme,Nombre,2015,378887.0,2015,2015,annuelle,2015,Population du Burkina Faso par région et selon le sexe.csv,demographie
Population du Burkina Faso par région et selon le sexe en milieu d'année,Centre-Sud,Homme,Nombre,2016,389215.0,2016,2016,annuelle,2016,Population du Burkina Faso par région et selon le sexe.csv,demographie
Population du Burkina Faso par région et selon le sexe en milieu d'année,Centre-Sud,Homme,Nombre,2017,399829.0,2017,2017,annuelle,2017,Population du Burkina Faso par région et selon le sexe.csv,demographie
Population du Burkina Faso par région et selon le sexe en milieu d'année,Centre-Sud,Homme,Nombre,2018,410746.0,2018,2018,annuelle,2018,Population du Burkina Faso par région et selon le sexe.csv,demographie
Population du Burkina Faso par région et selon le sexe en milieu d'année,Centre-Sud,Homme,Nombre,2019,374238.0,2019,2019,annuelle,2019,Population du Burkina Faso par région et selon le sexe.csv,demographie
Population du Burkina Faso par région et selon le sexe en milieu d'année,Centre-Sud,Homme,Nombre,2020,375726.0,2020,2020,annuelle,2020,Population du Burkina Faso par région et selon le sexe.csv,demographie
Population du Burkina Faso par région et selon le sexe en milieu d'année,Centre-Sud,Homme,Nombre,2021,384977.0,2021,2021,annuelle,2021,Population du Burkina Faso par région et selon le sexe.csv,demographie
Population du Burkina Faso par région et selon le sexe en milieu d'année,Centre-Sud,Homme,Nombre,2022,394314.0,2022,2022,annuelle,2022,Population du Burkina Faso par région et selon le sexe.csv,demographie
Population du Burkina Faso par région et selon le sexe en milieu d'année,Centre-Sud,Homme,Nombre,2023,403720.0,2023,2023,annuelle,2023,Population du Burkina Faso par région et selon le sexe.csv,demographie
Population du Burkina Faso par région et selon le sexe en milieu d'année,Centre-Sud,Homme,Nombre,2024,413182.0,2024,2024,annuelle,2024,Population du Burkina Faso par région et selon le sexe.csv,demographie
Population du Burkina Faso par région et selon le sexe en milieu d'année,Centre-Sud,Femme,Nombre,1997,283185.0,1997,1997,annuelle,1997,Population du Burkina Faso par région et selon le sexe.csv,demographie
Population du Burkina Faso par région et selon le sexe en milieu d'année,Centre-Sud,Femme,Nombre,1998,288505.0,1998,1998,annuelle,1998,Population du Burkina Faso par région et selon le sexe.csv,demographie
Population du Burkina Faso par région et selon le sexe en milieu d'année,Centre-Sud,Femme,Nombre,1999,293938.0,1999,1999,annuelle,1999,Population du Burkina Faso par région et selon le sexe.csv,demographie
Population du Burkina Faso par région et selon le sexe en milieu d'année,Centre-Sud,Femme,Nombre,2000,299489.0,2000,2000,annuelle,2000,Population du Burkina Faso par région et selon le sexe.csv,demographie
Population du Burkina Faso par région et selon le sexe en milieu d'année,Centre-Sud,Femme,Nombre,2001,305159.0,2001,2001,annuelle,2001,Population du Burkina Faso par région et selon le sexe.csv,demographie
Population du Burkina Faso par région et selon le sexe en milieu d'année,Centre-Sud,Femme,Nombre,2002,310950.0,2002,2002,annuelle,2002,Population du Burkina Faso par région et selon le sexe.csv,demographie
Population du Burkina Faso par région et selon le sexe en milieu d'année,Centre-Sud,Femme,Nombre,2003,316867.0,2003,2003,annuelle,2003,Population du Burkina Faso par région et selon le sexe.csv,demographie
Population du Burkina Faso par région et selon le sexe en milieu d'année,Centre-Sud,Femme,Nombre,2004,322911.0,2004,2004,annuelle,2004,Population du Burkina Faso par région et selon le sexe.csv,demographie
Population du Burkina Faso par région et selon le sexe en milieu d'année,Centre-Sud,Femme,Nombre,2005,329086.0,2005,2005,annuelle,2005,Population du Burkina Faso par région et selon le sexe.csv,demographie
Population du Burkina Faso par région et selon le sexe en milieu d'année,Centre-Sud,Femme,Nombre,2006,335396.0,2006,2006,annuelle,2006,Population du Burkina Faso par région et selon le sexe.csv,demographie
Population du Burkina Faso par région et selon le sexe en milieu d'année,Centre-Sud,Femme,Nombre,2007,342632.0,2007,2007,annuelle,2007,Population du Burkina Faso par région et selon le sexe.csv,demographie
Population du Burkina Faso par région et selon le sexe en milieu d'année,Centre-Sud,Femme,Nombre,2008,352204.0,2008,2008,annuelle,2008,Population du Burkina Faso par région et selon le sexe.csv,demographie
Population du Burkina Faso par région et selon le sexe en milieu d'année,Centre-Sud,Femme,Nombre,2009,362039.0,2009,2009,annuelle,2009,Population du Burkina Faso par région et selon le sexe.csv,demographie
Population du Burkina Faso par région et selon le sexe en milieu d'année,Centre-Sud,Femme,Nombre,2010,372092.0,2010,2010,annuelle,2010,Population du Burkina Faso par région et selon le sexe.csv,demographie
Population du Burkina Faso par région et selon le sexe en milieu d'année,Centre-Sud,Femme,Nombre,2011,382351.0,2011,2011,annuelle,2011,Population du Burkina Faso par région et selon le sexe.csv,demographie
Population du Burkina Faso par région et selon le sexe en milieu d'année,Centre-Sud,Femme,Nombre,2012,392836.0,2012,2012,annuelle,2012,Population du Burkina Faso par région et selon le sexe.csv,demographie
Population du Burkina Faso par région et selon le sexe en milieu d'année,Centre-Sud,Femme,Nombre,2013,403578.0,2013,2013,annuelle,2013,Population du Burkina Faso par région et selon le sexe.csv,demographie
Population du Burkina Faso par région et selon le sexe en milieu d'année,Centre-Sud,Femme,Nombre,2014,414581.0,2014,2014,annuelle,2014,Population du Burkina Faso par région et selon le sexe.csv,demographie
Population du Burkina Faso par région et selon le sexe en milieu d'année,Centre-Sud,Femme,Nombre,2015,425822.0,2015,2015,annuelle,2015,Population du Burkina Faso par région et selon le sexe.csv,demographie
Population du Burkina Faso par région et selon le sexe en milieu d'année,Centre-Sud,Femme,Nombre,2016,437333.0,2016,2016,annuelle,2016,Population du Burkina Faso par région et selon le sexe.csv,demographie
Population du Burkina Faso par région et selon le sexe en milieu d'année,Centre-Sud,Femme,Nombre,2017,449111.0,2017,2017,annuelle,2017,Population du Burkina Faso par région et selon le sexe.csv,demographie
Population du Burkina Faso par région et selon le sexe en milieu d'année,Centre-Sud,Femme,Nombre,2018,461181.0,2018,2018,annuelle,2018,Population du Burkina Faso par région et selon le sexe.csv,demographie
Population du Burkina Faso par région et selon le sexe en milieu d'année,Centre-Sud,Femme,Nombre,2019,414493.0,2019,2019,annuelle,2019,Population du Burkina Faso par région et selon le sexe.csv,demographie
Population du Burkina Faso par région et selon le sexe en milieu d'année,Centre-Sud,Femme,Nombre,2020,419742.0,2020,2020,annuelle,2020,Population du Burkina Faso par région et selon le sexe.csv,demographie
Population du Burkina Faso par région et selon le sexe en milieu d'année,Centre-Sud,Femme,Nombre,2021,429597.0,2021,2021,annuelle,2021,Population du Burkina Faso par région et selon le sexe.csv,demographie
Population du Burkina Faso par région et selon le sexe en milieu d'année,Centre-Sud,Femme,Nombre,2022,439550.0,2022,2022,annuelle,2022,Population du Burkina Faso par région et selon le sexe.csv,demographie
Population du Burkina Faso par région et selon le sexe en milieu d'année,Centre-Sud,Femme,Nombre,2023,449575.0,2023,2023,annuelle,2023,Population du Burkina Faso par région et selon le sexe.csv,demographie
Population du Burkina Faso par région et selon le sexe en milieu d'année,Centre-Sud,Femme,Nombre,2024,459663.0,2024,2024,annuelle,2024,Population du Burkina Faso par région et selon le sexe.csv,demographie
Population du Burkina Faso par région et selon le sexe en milieu d'année,Centre-Sud,Ensemble,Nombre,1997,535719.0,1997,1997,annuelle,1997,Population du Burkina Faso par région et selon le sexe.csv,demographie
Population du Burkina Faso par région et selon le sexe en milieu d'année,Centre-Sud,Ensemble,Nombre,1998,545869.0,1998,1998,annuelle,1998,Population du Burkina Faso par région et selon le sexe.csv,demographie
Population du Burkina Faso par région et selon le sexe en milieu d'année,Centre-Sud,Ensemble,Nombre,1999,556237.0,1999,1999,annuelle,1999,Population du Burkina Faso par région et selon le sexe.csv,demographie
Population du Burkina Faso par région et selon le sexe en milieu d'année,Centre-Sud,Ensemble,Nombre,2000,566828.0,2000,2000,annuelle,2000,Population du Burkina Faso par région et selon le sexe.csv,demographie
Population du Burkina Faso par région et selon le sexe en milieu d'année,Centre-Sud,Ensemble,Nombre,2001,577648.0,2001,2001,annuelle,2001,Population du Burkina Faso par région et selon le sexe.csv,demographie
Population du Burkina Faso par région et selon le sexe en milieu d'année,Centre-Sud,Ensemble,Nombre,2002,588701.0,2002,2002,annuelle,2002,Population du Burkina Faso par région et selon le sexe.csv,demographie
Population du Burkina Faso par région et selon le sexe en milieu d'année,Centre-Sud,Ensemble,Nombre,2003,599993.0,2003,2003,annuelle,2003,Population du Burkina Faso par région et selon le sexe.csv,demographie
Population du Burkina Faso par région et selon le sexe en milieu d'année,Centre-Sud,Ensemble,Nombre,2004,611529.0,2004,2004,annuelle,2004,Population du Burkina Faso par région et selon le sexe.csv,demographie
Population du Burkina Faso par région et selon le sexe en milieu d'année,Centre-Sud,Ensemble,Nombre,2005,623315.0,2005,2005,annuelle,2005,Population du Burkina Faso par région et selon le sexe.csv,demographie
Population du Burkina Faso par région et selon le sexe en milieu d'année,Centre-Sud,Ensemble,Nombre,2006,635359.0,2006,2006,annuelle,2006,Population du Burkina Faso par région et selon le sexe.csv,demographie
Population du Burkina Faso par région et selon le sexe en milieu d'année,Centre-Sud,Ensemble,Nombre,2007,648242.0,2007,2007,annuelle,2007,Population du Burkina Faso par région et selon le sexe.csv,demographie
Population du Burkina Faso par région et selon le sexe en milieu d'année,Centre-Sud,Ensemble,Nombre,2008,666101.0,2008,2008,annuelle,2008,Population du Burkina Faso par région et selon le sexe.csv,demographie
Population du Burkina Faso par région et selon le sexe en milieu d'année,Centre-Sud,Ensemble,Nombre,2009,684503.0,2009,2009,annuelle,2009,Population du Burkina Faso par région et selon le sexe.csv,demographie
Population du Burkina Faso par région et selon le sexe en milieu d'année,Centre-Sud,Ensemble,Nombre,2010,703358.0,2010,2010,annuelle,2010,Population du Burkina Faso par région et selon le sexe.csv,demographie
Population du Burkina Faso par région et selon le sexe en milieu d'année,Centre-Sud,Ensemble,Nombre,2011,722631.0,2011,2011,annuelle,2011,Population du Burkina Faso par région et selon le sexe.csv,demographie
Population du Burkina Faso par région et selon le sexe en milieu d'année,Centre-Sud,Ensemble,Nombre,2012,742378.0,2012,2012,annuelle,2012,Population du Burkina Faso par région et selon le sexe.csv,demographie
Population du Burkina Faso par région et selon le sexe en milieu d'année,Centre-Sud,Ensemble,Nombre,2013,762632.0,2013,2013,annuelle,2013,Population du Burkina Faso par région et selon le sexe.csv,demographie
Population du Burkina Faso par région et selon le sexe en milieu d'année,Centre-Sud,Ensemble,Nombre,2014,783430.0,2014,2014,annuelle,2014,Population du Burkina Faso par région et selon le sexe.csv,demographie
Population du Burkina Faso par région et selon le sexe en milieu d'année,Centre-Sud,Ensemble,Nombre,2015,804709.0,2015,2015,annuelle,2015,Population du Burkina Faso par région et selon le sexe.csv,demographie
Population du Burkina Faso par région et selon le sexe en milieu d'année,Centre-Sud,Ensemble,Nombre,2016,826548.0,2016,2016,annuelle,2016,Population du Burkina Faso par région et selon le sexe.csv,demographie
Population du Burkina Faso par région et selon le sexe en milieu d'année,Centre-Sud,Ensemble,Nombre,2017,848940.0,2017,2017,annuelle,2017,Population du Burkina Faso par région et selon le sexe.csv,demographie
Population du Burkina Faso par région et selon le sexe en milieu d'année,Centre-Sud,Ensemble,Nombre,2018,871927.0,2018,2018,annuelle,2018,Population du Burkina Faso par région et selon le sexe.csv,demographie
Population du Burkina Faso par région et selon le sexe en milieu d'année,Centre-Sud,Ensemble,Nombre,2019,788731.0,2019,2019,annuelle,2019,Population du Burkina Faso par région et selon le sexe.csv,demographie
Population du Burkina Faso par région et selon le sexe en milieu d'année,Centre-Sud,Ensemble,Nombre,2020,795468.0,2020,2020,annuelle,2020,Population du Burkina Faso par région et selon le sexe.csv,demographie
Population du Burkina Faso par région et selon le sexe en milieu d'année,Centre-Sud,Ensemble,Nombre,2021,814574.0,2021,2021,annuelle,2021,Population du Burkina Faso par région et selon le sexe.csv,demographie
Population du Burkina Faso par région et selon le sexe en milieu d'année,Centre-Sud,Ensemble,Nombre,2022,833864.0,2022,2022,annuelle,2022,Population du Burkina Faso par région et selon le sexe.csv,demographie
Population du Burkina Faso par région et selon le sexe en milieu d'année,Centre-Sud,Ensemble,Nombre,2023,853295.0,2023,2023,annuelle,2023,Population du Burkina Faso par région et selon le sexe.csv,demographie
Population du Burkina Faso par région et selon le sexe en milieu d'année,Centre-Sud,Ensemble,Nombre,2024,872845.0,2024,2024,annuelle,2024,Population du Burkina Faso par région et selon le sexe.csv,demographie
Population du Burkina Faso par région et selon le sexe en milieu d'année,Est,Homme,Nombre,1997,427010.0,1997,1997,annuelle,1997,Population du Burkina Faso par région et selon le sexe.csv,demographie
Population du Burkina Faso par région et selon le sexe en milieu d'année,Est,Homme,Nombre,1998,442044.0,1998,1998,annuelle,1998,Population du Burkina Faso par région et selon le sexe.csv,demographie
Population du Burkina Faso par région et selon le sexe en milieu d'année,Est,Homme,Nombre,1999,457640.0,1999,1999,annuelle,1999,Population du Burkina Faso par région et selon le sexe.csv,demographie
Population du Burkina Faso par région et selon le sexe en milieu d'année,Est,Homme,Nombre,2000,473821.0,2000,2000,annuelle,2000,Population du Burkina Faso par région et selon le sexe.csv,demographie
Population du Burkina Faso par région et selon le sexe en milieu d'année,Est,Homme,Nombre,2001,490609.0,2001,2001,annuelle,2001,Population du Burkina Faso par région et selon le sexe.csv,demographie
Population du Burkina Faso par région et selon le sexe en milieu d'année,Est,Homme,Nombre,2002,508030.0,2002,2002,annuelle,2002,Population du Burkina Faso par région et selon le sexe.csv,demographie
Population du Burkina Faso par région et selon le sexe en milieu d'année,Est,Homme,Nombre,2003,526109.0,2003,2003,annuelle,2003,Population du Burkina Faso par région et selon le sexe.csv,demographie
Population du Burkina Faso par région et selon le sexe en milieu d'année,Est,Homme,Nombre,2004,544872.0,2004,2004,annuelle,2004,Population du Burkina Faso par région et selon le sexe.csv,demographie
Population du Burkina Faso par région et selon le sexe en milieu d'année,Est,Homme,Nombre,2005,564351.0,2005,2005,annuelle,2005,Population du Burkina Faso par région et selon le sexe.csv,demographie
Population du Burkina Faso par région et selon le sexe en milieu d'année,Est,Homme,Nombre,2006,584570.0,2006,2006,annuelle,2006,Population du Burkina Faso par région et selon le sexe.csv,demographie
Population du Burkina Faso par région et selon le sexe en milieu d'année,Est,Homme,Nombre,2007,606027.0,2007,2007,annuelle,2007,Population du Burkina Faso par région et selon le sexe.csv,demographie
Population du Burkina Faso par région et selon le sexe en milieu d'année,Est,Homme,Nombre,2008,627179.0,2008,2008,annuelle,2008,Population du Burkina Faso par région et selon le sexe.csv,demographie
Population du Burkina Faso par région et selon le sexe en milieu d'année,Est,Homme,Nombre,2009,648993.0,2009,2009,annuelle,2009,Population du Burkina Faso par région et selon le sexe.csv,demographie
Population du Burkina Faso par région et selon le sexe en milieu d'année,Est,Homme,Nombre,2010,671393.0,2010,2010,annuelle,2010,Population du Burkina Faso par région et selon le sexe.csv,demographie
Population du Burkina Faso par région et selon le sexe en milieu d'année,Est,Homme,Nombre,2011,694319.0,2011,2011,annuelle,2011,Population du Burkina Faso par région et selon le sexe.csv,demographie
Population du Burkina Faso par région et selon le sexe en milieu d'année,Est,Homme,Nombre,2012,717839.0,2012,2012,annuelle,2012,Population du Burkina Faso par région et selon le sexe.csv,demographie
Population du Burkina Faso par région et selon le sexe en milieu d'année,Est,Homme,Nombre,2013,741951.0,2013,2013,annuelle,2013,Population du Burkina Faso par région et selon le sexe.csv,demographie
Population du Burkina Faso par région et selon le sexe en milieu d'année,Est,Homme,Nombre,2014,766706.0,2014,2014,annuelle,2014,Population du Burkina Faso par région et selon le sexe.csv,demographie
Population du Burkina Faso par région et selon le sexe en milieu d'année,Est,Homme,Nombre,2015,792044.0,2015,2015,annuelle,2015,Population du Burkina Faso par région et selon le sexe.csv,demographie
Population du Burkina Faso par région et selon le sexe en milieu d'année,Est,Homme,Nombre,2016,818006.0,2016,2016,annuelle,2016,Population du Burkina Faso par région et selon le sexe.csv,demographie
Population du Burkina Faso par région et selon le sexe en milieu d'année,Est,Homme,Nombre,2017,844610.0,2017,2017,annuelle,2017,Population du Burkina Faso par région et selon le sexe.csv,demographie
Population du Burkina Faso par région et selon le sexe en milieu d'année,Est,Homme,Nombre,2018,871873.0,2018,2018,annuelle,2018,Population du Burkina Faso par région et selon le sexe.csv,demographie
Population du Burkina Faso par région et selon le sexe en milieu d'année,Est,Homme,Nombre,2019,952679.0,2019,2019,annuelle,2019,Population du Burkina Faso par région et selon le sexe.csv,demographie
Population du Burkina Faso par région et selon le sexe en milieu d'année,Est,Homme,Nombre,2020,969682.0,2020,2020,annuelle,2020,Population du Burkina Faso par région et selon le sexe.csv,demographie
Population du Burkina Faso par région et selon le sexe en milieu d'année,Est,Homme,Nombre,2021,1002047.0,2021,2021,annuelle,2021,Population du Burkina Faso par région et selon le sexe.csv,demographie
Population du Burkina Faso par région et selon le sexe en milieu d'année,Est,Homme,Nombre,2022,1034806.0,2022,2022,annuelle,2022,Population du Burkina Faso par région et selon le sexe.csv,demographie
Population du Burkina Faso par région et selon le sexe en milieu d'année,Est,Homme,Nombre,2023,1067894.0,2023,2023,annuelle,2023,Population du Burkina Faso par région et selon le sexe.csv,demographie
Population du Burkina Faso par région et selon le sexe en milieu d'année,Est,Homme,Nombre,2024,1101256.0,2024,2024,annuelle,2024,Population du Burkina Faso par région et selon le sexe.csv,demographie
Population du Burkina Faso par région et selon le sexe en milieu d'année,Est,Femme,Nombre,1997,441805.0,1997,1997,annuelle,1997,Population du Burkina Faso par région et selon le sexe.csv,demographie
Population du Burkina Faso par région et selon le sexe en milieu d'année,Est,Femme,Nombre,1998,457545.0,1998,1998,annuelle,1998,Population du Burkina Faso par région et selon le sexe.csv,demographie
Population du Burkina Faso par région et selon le sexe en milieu d'année,Est,Femme,Nombre,1999,473871.0,1999,1999,annuelle,1999,Population du Burkina Faso par région et selon le sexe.csv,demographie
Population du Burkina Faso par région et selon le sexe en milieu d'année,Est,Femme,Nombre,2000,490807.0,2000,2000,annuelle,2000,Population du Burkina Faso par région et selon le sexe.csv,demographie
Population du Burkina Faso par région et selon le sexe en milieu d'année,Est,Femme,Nombre,2001,508377.0,2001,2001,annuelle,2001,Population du Burkina Faso par région et selon le sexe.csv,demographie
Population du Burkina Faso par région et selon le sexe en milieu d'année,Est,Femme,Nombre,2002,526606.0,2002,2002,annuelle,2002,Population du Burkina Faso par région et selon le sexe.csv,demographie
Population du Burkina Faso par région et selon le sexe en milieu d'année,Est,Femme,Nombre,2003,545520.0,2003,2003,annuelle,2003,Population du Burkina Faso par région et selon le sexe.csv,demographie
Population du Burkina Faso par région et selon le sexe en milieu d'année,Est,Femme,Nombre,2004,565147.0,2004,2004,annuelle,2004,Population du Burkina Faso par région et selon le sexe.csv,demographie
Population du Burkina Faso par région et selon le sexe en milieu d'année,Est,Femme,Nombre,2005,585515.0,2005,2005,annuelle,2005,Population du Burkina Faso par région et selon le sexe.csv,demographie
Population du Burkina Faso par région et selon le sexe en milieu d'année,Est,Femme,Nombre,2006,606653.0,2006,2006,annuelle,2006,Population du Burkina Faso par région et selon le sexe.csv,demographie
Population du Burkina Faso par région et selon le sexe en milieu d'année,Est,Femme,Nombre,2007,628711.0,2007,2007,annuelle,2007,Population du Burkina Faso par région et selon le sexe.csv,demographie
Population du Burkina Faso par région et selon le sexe en milieu d'année,Est,Femme,Nombre,2008,651172.0,2008,2008,annuelle,2008,Population du Burkina Faso par région et selon le sexe.csv,demographie
Population du Burkina Faso par région et selon le sexe en milieu d'année,Est,Femme,Nombre,2009,674241.0,2009,2009,annuelle,2009,Population du Burkina Faso par région et selon le sexe.csv,demographie
Population du Burkina Faso par région et selon le sexe en milieu d'année,Est,Femme,Nombre,2010,697840.0,2010,2010,annuelle,2010,Population du Burkina Faso par région et selon le sexe.csv,demographie
Population du Burkina Faso par région et selon le sexe en milieu d'année,Est,Femme,Nombre,2011,721910.0,2011,2011,annuelle,2011,Population du Burkina Faso par région et selon le sexe.csv,demographie
Population du Burkina Faso par région et selon le sexe en milieu d'année,Est,Femme,Nombre,2012,746527.0,2012,2012,annuelle,2012,Population du Burkina Faso par région et selon le sexe.csv,demographie
Population du Burkina Faso par région et selon le sexe en milieu d'année,Est,Femme,Nombre,2013,771691.0,2013,2013,annuelle,2013,Population du Burkina Faso par région et selon le sexe.csv,demographie
Population du Burkina Faso par région et selon le sexe en milieu d'année,Est,Femme,Nombre,2014,797438.0,2014,2014,annuelle,2014,Population du Burkina Faso par région et selon le sexe.csv,demographie
Population du Burkina Faso par région et selon le sexe en milieu d'année,Est,Femme,Nombre,2015,823696.0,2015,2015,annuelle,2015,Population du Burkina Faso par région et selon le sexe.csv,demographie
Population du Burkina Faso par région et selon le sexe en milieu d'année,Est,Femme,Nombre,2016,850514.0,2016,2016,annuelle,2016,Population du Burkina Faso par région et selon le sexe.csv,demographie
Population du Burkina Faso par région et selon le sexe en milieu d'année,Est,Femme,Nombre,2017,877903.0,2017,2017,annuelle,2017,Population du Burkina Faso par région et selon le sexe.csv,demographie
Population du Burkina Faso par région et selon le sexe en milieu d'année,Est,Femme,Nombre,2018,905865.0,2018,2018,annuelle,2018,Population du Burkina Faso par région et selon le sexe.csv,demographie
Population du Burkina Faso par région et selon le sexe en milieu d'année,Est,Femme,Nombre,2019,990126.0,2019,2019,annuelle,2019,Population du Burkina Faso par région et selon le sexe.csv,demographie
Population du Burkina Faso par région et selon le sexe en milieu d'année,Est,Femme,Nombre,2020,1007102.0,2020,2020,annuelle,2020,Population du Burkina Faso par région et selon le sexe.csv,demographie
Population du Burkina Faso par région et selon le sexe en milieu d'année,Est,Femme,Nombre,2021,1039556.0,2021,2021,annuelle,2021,Population du Burkina Faso par région et selon le sexe.csv,demographie
Population du Burkina Faso par région et selon le sexe en milieu d'année,Est,Femme,Nombre,2022,1072402.0,2022,2022,annuelle,2022,Population du Burkina Faso par région et selon le sexe.csv,demographie
Population du Burkina Faso par région et selon le sexe en milieu d'année,Est,Femme,Nombre,2023,1105561.0,2023,2023,annuelle,2023,Population du Burkina Faso par région et selon le sexe.csv,demographie
Population du Burkina Faso par région et selon le sexe en milieu d'année,Est,Femme,Nombre,2024,1138987.0,2024,2024,annuelle,2024,Population du Burkina Faso par région et selon le sexe.csv,demographie
Population du Burkina Faso par région et selon le sexe en milieu d'année,Est,Ensemble,Nombre,1997,868815.0,1997,1997,annuelle,1997,Population du Burkina Faso par région et selon le sexe.csv,demographie
Population du Burkina Faso par région et selon le sexe en milieu d'année,Est,Ensemble,Nombre,1998,899589.0,1998,1998,annuelle,1998,Population du Burkina Faso par région et selon le sexe.csv,demographie
Population du Burkina Faso par région et selon le sexe en milieu d'année,Est,Ensemble,Nombre,1999,931511.0,1999,1999,annuelle,1999,Population du Burkina Faso par région et selon le sexe.csv,demographie
Population du Burkina Faso par région et selon le sexe en milieu d'année,Est,Ensemble,Nombre,2000,964628.0,2000,2000,annuelle,2000,Population du Burkina Faso par région et selon le sexe.csv,demographie
Population du Burkina Faso par région et selon le sexe en milieu d'année,Est,Ensemble,Nombre,2001,998986.0,2001,2001,annuelle,2001,Population du Burkina Faso par région et selon le sexe.csv,demographie
Population du Burkina Faso par région et selon le sexe en milieu d'année,Est,Ensemble,Nombre,2002,1034636.0,2002,2002,annuelle,2002,Population du Burkina Faso par région et selon le sexe.csv,demographie
Population du Burkina Faso par région et selon le sexe en milieu d'année,Est,Ensemble,Nombre,2003,1071629.0,2003,2003,annuelle,2003,Population du Burkina Faso par région et selon le sexe.csv,demographie
Population du Burkina Faso par région et selon le sexe en milieu d'année,Est,Ensemble,Nombre,2004,1110019.0,2004,2004,annuelle,2004,Population du Burkina Faso par région et selon le sexe.csv,demographie
Population du Burkina Faso par région et selon le sexe en milieu d'année,Est,Ensemble,Nombre,2005,1149866.0,2005,2005,annuelle,2005,Population du Burkina Faso par région et selon le sexe.csv,demographie
Population du Burkina Faso par région et selon le sexe en milieu d'année,Est,Ensemble,Nombre,2006,1191223.0,2006,2006,annuelle,2006,Population du Burkina Faso par région et selon le sexe.csv,demographie
Population du Burkina Faso par région et selon le sexe en milieu d'année,Est,Ensemble,Nombre,2007,1234738.0,2007,2007,annuelle,2007,Population du Burkina Faso par région et selon le sexe.csv,demographie
Population du Burkina Faso par région et selon le sexe en milieu d'année,Est,Ensemble,Nombre,2008,1278351.0,2008,2008,annuelle,2008,Population du Burkina Faso par région et selon le sexe.csv,demographie
Population du Burkina Faso par région et selon le sexe en milieu d'année,Est,Ensemble,Nombre,2009,1323234.0,2009,2009,annuelle,2009,Population du Burkina Faso par région et selon le sexe.csv,demographie
Population du Burkina Faso par région et selon le sexe en milieu d'année,Est,Ensemble,Nombre,2010,1369233.0,2010,2010,annuelle,2010,Population du Burkina Faso par région et selon le sexe.csv,demographie
Population du Burkina Faso par région et selon le sexe en milieu d'année,Est,Ensemble,Nombre,2011,1416229.0,2011,2011,annuelle,2011,Population du Burkina Faso par région et selon le sexe.csv,demographie
Population du Burkina Faso par région et selon le sexe en milieu d'année,Est,Ensemble,Nombre,2012,1464366.0,2012,2012,annuelle,2012,Population du Burkina Faso par région et selon le sexe.csv,demographie
Population du Burkina Faso par région et selon le sexe en milieu d'année,Est,Ensemble,Nombre,2013,1513642.0,2013,2013,annuelle,2013,Population du Burkina Faso par région et selon le sexe.csv,demographie
Population du Burkina Faso par région et selon le sexe en milieu d'année,Est,Ensemble,Nombre,2014,1564144.0,2014,2014,annuelle,2014,Population du Burkina Faso par région et selon le sexe.csv,demographie
Population du Burkina Faso par région et selon le sexe en milieu d'année,Est,Ensemble,Nombre,2015,1615740.0,2015,2015,annuelle,2015,Population du Burkina Faso par région et selon le sexe.csv,demographie
Population du Burkina Faso par région et selon le sexe en milieu d'année,Est,Ensemble,Nombre,2016,1668520.0,2016,2016,annuelle,2016,Population du Burkina Faso par région et selon le sexe.csv,demographie
Population du Burkina Faso par région et selon le sexe en milieu d'année,Est,Ensemble,Nombre,2017,1722513.0,2017,2017,annuelle,2017,Population du Burkina Faso par région et selon le sexe.csv,demographie
Population du Burkina Faso par région et selon le sexe en milieu d'année,Est,Ensemble,Nombre,2018,1777738.0,2018,2018,annuelle,2018,Population du Burkina Faso par région et selon le sexe.csv,demographie
Population du Burkina Faso par région et selon le sexe en milieu d'année,Est,Ensemble,Nombre,2019,1942805.0,2019,2019,annuelle,2019,Population du Burkina Faso par région et selon le sexe.csv,demographie
Population du Burkina Faso par région et selon le sexe en milieu d'année,Est,Ensemble,Nombre,2020,1976784.0,2020,2020,annuelle,2020,Population du Burkina Faso par région et selon le sexe.csv,demographie
Population du Burkina Faso par région et selon le sexe en milieu d'année,Est,Ensemble,Nombre,2021,2041603.0,2021,2021,annuelle,2021,Population du Burkina Faso par région et selon le sexe.csv,demographie
Population du Burkina Faso par région et selon le sexe en milieu d'année,Est,Ensemble,Nombre,2022,2107208.0,2022,2022,annuelle,2022,Population du Burkina Faso par région et selon le sexe.csv,demographie
Population du Burkina Faso par région et selon le sexe en milieu d'année,Est,Ensemble,Nombre,2023,2173455.0,2023,2023,annuelle,2023,Population du Burkina Faso par région et selon le sexe.csv,demographie
Population du Burkina Faso par région et selon le sexe en milieu d'année,Est,Ensemble,Nombre,2024,2240243.0,2024,2024,annuelle,2024,Population du Burkina Faso par région et selon le sexe.csv,demographie
Population du Burkina Faso par région et selon le sexe en milieu d'année,Hauts-Bassins,Homme,Nombre,1997,520509.0,1997,1997,annuelle,1997,Population du Burkina Faso par région et selon le sexe.csv,demographie
Population du Burkina Faso par région et selon le sexe en milieu d'année,Hauts-Bassins,Homme,Nombre,1998,539087.0,1998,1998,annuelle,1998,Population du Burkina Faso par région et selon le sexe.csv,demographie
Population du Burkina Faso par région et selon le sexe en milieu d'année,Hauts-Bassins,Homme,Nombre,1999,558330.0,1999,1999,annuelle,1999,Population du Burkina Faso par région et selon le sexe.csv,demographie
Population du Burkina Faso par région et selon le sexe en milieu d'année,Hauts-Bassins,Homme,Nombre,2000,578261.0,2000,2000,annuelle,2000,Population du Burkina Faso par région et selon le sexe.csv,demographie
Population du Burkina Faso par région et selon le sexe en milieu d'année,Hauts-Bassins,Homme,Nombre,2001,598903.0,2001,2001,annuelle,2001,Population du Burkina Faso par région et selon le sexe.csv,demographie
Population du Burkina Faso par région et selon le sexe en milieu d'année,Hauts-Bassins,Homme,Nombre,2002,620282.0,2002,2002,annuelle,2002,Population du Burkina Faso par région et selon le sexe.csv,demographie
Population du Burkina Faso par région et selon le sexe en milieu d'année,Hauts-Bassins,Homme,Nombre,2003,642425.0,2003,2003,annuelle,2003,Population du Burkina Faso par région et selon le sexe.csv,demographie
Population du Burkina Faso par région et selon le sexe en milieu d'année,Hauts-Bassins,Homme,Nombre,2004,665358.0,2004,2004,annuelle,2004,Population du Burkina Faso par région et selon le sexe.csv,demographie
Population du Burkina Faso par région et selon le sexe en milieu d'année,Hauts-Bassins,Homme,Nombre,2005,689111.0,2005,2005,annuelle,2005,Population du Burkina Faso par région et selon le sexe.csv,demographie
Population du Burkina Faso par région et selon le sexe en milieu d'année,Hauts-Bassins,Homme,Nombre,2006,713713.0,2006,2006,annuelle,2006,Population du Burkina Faso par région et selon le sexe.csv,demographie
Population du Burkina Faso par région et selon le sexe en milieu d'année,Hauts-Bassins,Homme,Nombre,2007,740580.0,2007,2007,annuelle,2007,Population du Burkina Faso par région et selon le sexe.csv,demographie
Population du Burkina Faso par région et selon le sexe en milieu d'année,Hauts-Bassins,Homme,Nombre,2008,766558.0,2008,2008,annuelle,2008,Population du Burkina Faso par région et selon le sexe.csv,demographie
Population du Burkina Faso par région et selon le sexe en milieu d'année,Hauts-Bassins,Homme,Nombre,2009,793351.0,2009,2009,annuelle,2009,Population du Burkina Faso par région et selon le sexe.csv,demographie
Population du Burkina Faso par région et selon le sexe en milieu d'année,Hauts-Bassins,Homme,Nombre,2010,820855.0,2010,2010,annuelle,2010,Population du Burkina Faso par région et selon le sexe.csv,demographie
Population du Burkina Faso par région et selon le sexe en milieu d'année,Hauts-Bassins,Homme,Nombre,2011,849007.0,2011,2011,annuelle,2011,Population du Burkina Faso par région et selon le sexe.csv,demographie
Population du Burkina Faso par région et selon le sexe en milieu d'année,Hauts-Bassins,Homme,Nombre,2012,877887.0,2012,2012,annuelle,2012,Population du Burkina Faso par région et selon le sexe.csv,demographie
Population du Burkina Faso par région et selon le sexe en milieu d'année,Hauts-Bassins,Homme,Nombre,2013,907499.0,2013,2013,annuelle,2013,Population du Burkina Faso par région et selon le sexe.csv,demographie
Population du Burkina Faso par région et selon le sexe en milieu d'année,Hauts-Bassins,Homme,Nombre,2014,937891.0,2014,2014,annuelle,2014,Population du Burkina Faso par région et selon le sexe.csv,demographie
Population du Burkina Faso par région et selon le sexe en milieu d'année,Hauts-Bassins,Homme,Nombre,2015,968995.0,2015,2015,annuelle,2015,Population du Burkina Faso par région et selon le sexe.csv,demographie
Population du Burkina Faso par région et selon le sexe en milieu d'année,Hauts-Bassins,Homme,Nombre,2016,1000877.0,2016,2016,annuelle,2016,Population du Burkina Faso par région et selon le sexe.csv,demographie
Population du Burkina Faso par région et selon le sexe en milieu d'année,Hauts-Bassins,Homme,Nombre,2017,1033545.0,2017,2017,annuelle,2017,Population du Burkina Faso par région et selon le sexe.csv,demographie
Population du Burkina Faso par région et selon le sexe en milieu d'année,Hauts-Bassins,Homme,Nombre,2018,1067007.0,2018,2018,annuelle,2018,Population du Burkina Faso par région et selon le sexe.csv,demographie
Population du Burkina Faso par région et selon le sexe en milieu d'année,Hauts-Bassins,Homme,Nombre,2019,1094100.0,2019,2019,annuelle,2019,Population du Burkina Faso par région et selon le sexe.csv,demographie
Population du Burkina Faso par région et selon le sexe en milieu d'année,Hauts-Bassins,Homme,Nombre,2020,1121481.0,2020,2020,annuelle,2020,Population du Burkina Faso par région et selon le sexe.csv,demographie
Population du Burkina Faso par région et selon le sexe en milieu d'année,Hauts-Bassins,Homme,Nombre,2021,1157961.0,2021,2021,annuelle,2021,Population du Burkina Faso par région et selon le sexe.csv,demographie
Population du Burkina Faso par région et selon le sexe en milieu d'année,Hauts-Bassins,Homme,Nombre,2022,1194870.0,2022,2022,annuelle,2022,Population du Burkina Faso par région et selon le sexe.csv,demographie
Population du Burkina Faso par région et selon le sexe en milieu d'année,Hauts-Bassins,Homme,Nombre,2023,1232134.0,2023,2023,annuelle,2023,Population du Burkina Faso par région et selon le sexe.csv,demographie
Population du Burkina Faso par région et selon le sexe en milieu d'année,Hauts-Bassins,Homme,Nombre,2024,1269696.0,2024,2024,annuelle,2024,Population du Burkina Faso par région et selon le sexe.csv,demographie
Population du Burkina Faso par région et selon le sexe en milieu d'année,Hauts-Bassins,Femme,Nombre,1997,529456.0,1997,1997,annuelle,1997,Population du Burkina Faso par région et selon le sexe.csv,demographie
Population du Burkina Faso par région et selon le sexe en milieu d'année,Hauts-Bassins,Femme,Nombre,1998,548718.0,1998,1998,annuelle,1998,Population du Burkina Faso par région et selon le sexe.csv,demographie
Population du Burkina Faso par région et selon le sexe en milieu d'année,Hauts-Bassins,Femme,Nombre,1999,568682.0,1999,1999,annuelle,1999,Population du Burkina Faso par région et selon le sexe.csv,demographie
Population du Burkina Faso par région et selon le sexe en milieu d'année,Hauts-Bassins,Femme,Nombre,2000,589372.0,2000,2000,annuelle,2000,Population du Burkina Faso par région et selon le sexe.csv,demographie
Population du Burkina Faso par région et selon le sexe en milieu d'année,Hauts-Bassins,Femme,Nombre,2001,610817.0,2001,2001,annuelle,2001,Population du Burkina Faso par région et selon le sexe.csv,demographie
Population du Burkina Faso par région et selon le sexe en milieu d'année,Hauts-Bassins,Femme,Nombre,2002,633040.0,2002,2002,annuelle,2002,Population du Burkina Faso par région et selon le sexe.csv,demographie
Population du Burkina Faso par région et selon le sexe en milieu d'année,Hauts-Bassins,Femme,Nombre,2003,656073.0,2003,2003,annuelle,2003,Population du Burkina Faso par région et selon le sexe.csv,demographie
Population du Burkina Faso par région et selon le sexe en milieu d'année,Hauts-Bassins,Femme,Nombre,2004,679945.0,2004,2004,annuelle,2004,Population du Burkina Faso par région et selon le sexe.csv,demographie
Population du Burkina Faso par région et selon le sexe en milieu d'année,Hauts-Bassins,Femme,Nombre,2005,704686.0,2005,2005,annuelle,2005,Population du Burkina Faso par région et selon le sexe.csv,demographie
Population du Burkina Faso par région et selon le sexe en milieu d'année,Hauts-Bassins,Femme,Nombre,2006,730327.0,2006,2006,annuelle,2006,Population du Burkina Faso par région et selon le sexe.csv,demographie
Population du Burkina Faso par région et selon le sexe en milieu d'année,Hauts-Bassins,Femme,Nombre,2007,756481.0,2007,2007,annuelle,2007,Population du Burkina Faso par région et selon le sexe.csv,demographie
Population du Burkina Faso par région et selon le sexe en milieu d'année,Hauts-Bassins,Femme,Nombre,2008,783637.0,2008,2008,annuelle,2008,Population du Burkina Faso par région et selon le sexe.csv,demographie
Population du Burkina Faso par région et selon le sexe en milieu d'année,Hauts-Bassins,Femme,Nombre,2009,811524.0,2009,2009,annuelle,2009,Population du Burkina Faso par région et selon le sexe.csv,demographie
Population du Burkina Faso par région et selon le sexe en milieu d'année,Hauts-Bassins,Femme,Nombre,2010,840055.0,2010,2010,annuelle,2010,Population du Burkina Faso par région et selon le sexe.csv,demographie
Population du Burkina Faso par région et selon le sexe en milieu d'année,Hauts-Bassins,Femme,Nombre,2011,869154.0,2011,2011,annuelle,2011,Population du Burkina Faso par région et selon le sexe.csv,demographie
Population du Burkina Faso par région et selon le sexe en milieu d'année,Hauts-Bassins,Femme,Nombre,2012,898916.0,2012,2012,annuelle,2012,Population du Burkina Faso par région et selon le sexe.csv,demographie
Population du Burkina Faso par région et selon le sexe en milieu d'année,Hauts-Bassins,Femme,Nombre,2013,929339.0,2013,2013,annuelle,2013,Population du Burkina Faso par région et selon le sexe.csv,demographie
Population du Burkina Faso par région et selon le sexe en milieu d'année,Hauts-Bassins,Femme,Nombre,2014,960470.0,2014,2014,annuelle,2014,Population du Burkina Faso par région et selon le sexe.csv,demographie
Population du Burkina Faso par région et selon le sexe en milieu d'année,Hauts-Bassins,Femme,Nombre,2015,992209.0,2015,2015,annuelle,2015,Population du Burkina Faso par région et selon le sexe.csv,demographie
Population du Burkina Faso par région et selon le sexe en milieu d'année,Hauts-Bassins,Femme,Nombre,2016,1024636.0,2016,2016,annuelle,2016,Population du Burkina Faso par région et selon le sexe.csv,demographie
Population du Burkina Faso par région et selon le sexe en milieu d'année,Hauts-Bassins,Femme,Nombre,2017,1057737.0,2017,2017,annuelle,2017,Population du Burkina Faso par région et selon le sexe.csv,demographie
Population du Burkina Faso par région et selon le sexe en milieu d'année,Hauts-Bassins,Femme,Nombre,2018,1091534.0,2018,2018,annuelle,2018,Population du Burkina Faso par région et selon le sexe.csv,demographie
Population du Burkina Faso par région et selon le sexe en milieu d'année,Hauts-Bassins,Femme,Nombre,2019,1145740.0,2019,2019,annuelle,2019,Population du Burkina Faso par région et selon le sexe.csv,demographie
Population du Burkina Faso par région et selon le sexe en milieu d'année,Hauts-Bassins,Femme,Nombre,2020,1155600.0,2020,2020,annuelle,2020,Population du Burkina Faso par région et selon le sexe.csv,demographie
Population du Burkina Faso par région et selon le sexe en milieu d'année,Hauts-Bassins,Femme,Nombre,2021,1191859.0,2021,2021,annuelle,2021,Population du Burkina Faso par région et selon le sexe.csv,demographie
Population du Burkina Faso par région et selon le sexe en milieu d'année,Hauts-Bassins,Femme,Nombre,2022,1228542.0,2022,2022,annuelle,2022,Population du Burkina Faso par région et selon le sexe.csv,demographie
Population du Burkina Faso par région et selon le sexe en milieu d'année,Hauts-Bassins,Femme,Nombre,2023,1265564.0,2023,2023,annuelle,2023,Population du Burkina Faso par région et selon le sexe.csv,demographie
Population du Burkina Faso par région et selon le sexe en milieu d'année,Hauts-Bassins,Femme,Nombre,2024,1302870.0,2024,2024,annuelle,2024,Population du Burkina Faso par région et selon le sexe.csv,demographie
Population du Burkina Faso par région et selon le sexe en milieu d'année,Hauts-Bassins,Ensemble,Nombre,1997,1049965.0,1997,1997,annuelle,1997,Population du Burkina Faso par région et selon le sexe.csv,demographie
Population du Burkina Faso par région et selon le sexe en milieu d'année,Hauts-Bassins,Ensemble,Nombre,1998,1087805.0,1998,1998,annuelle,1998,Population du Burkina Faso par région et selon le sexe.csv,demographie
Population du Burkina Faso par région et selon le sexe en milieu d'année,Hauts-Bassins,Ensemble,Nombre,1999,1127012.0,1999,1999,annuelle,1999,Population du Burkina Faso par région et selon le sexe.csv,demographie
Population du Burkina Faso par région et selon le sexe en milieu d'année,Hauts-Bassins,Ensemble,Nombre,2000,1167633.0,2000,2000,annuelle,2000,Population du Burkina Faso par région et selon le sexe.csv,demographie
Population du Burkina Faso par région et selon le sexe en milieu d'année,Hauts-Bassins,Ensemble,Nombre,2001,1209720.0,2001,2001,annuelle,2001,Population du Burkina Faso par région et selon le sexe.csv,demographie
Population du Burkina Faso par région et selon le sexe en milieu d'année,Hauts-Bassins,Ensemble,Nombre,2002,1253322.0,2002,2002,annuelle,2002,Population du Burkina Faso par région et selon le sexe.csv,demographie
Population du Burkina Faso par région et selon le sexe en milieu d'année,Hauts-Bassins,Ensemble,Nombre,2003,1298498.0,2003,2003,annuelle,2003,Population du Burkina Faso par région et selon le sexe.csv,demographie
Population du Burkina Faso par région et selon le sexe en milieu d'année,Hauts-Bassins,Ensemble,Nombre,2004,1345303.0,2004,2004,annuelle,2004,Population du Burkina Faso par région et selon le sexe.csv,demographie
Population du Burkina Faso par région et selon le sexe en milieu d'année,Hauts-Bassins,Ensemble,Nombre,2005,1393797.0,2005,2005,annuelle,2005,Population du Burkina Faso par région et selon le sexe.csv,demographie
Population du Burkina Faso par région et selon le sexe en milieu d'année,Hauts-Bassins,Ensemble,Nombre,2006,1444040.0,2006,2006,annuelle,2006,Population du Burkina Faso par région et selon le sexe.csv,demographie
Population du Burkina Faso par région et selon le sexe en milieu d'année,Hauts-Bassins,Ensemble,Nombre,2007,1497061.0,2007,2007,annuelle,2007,Population du Burkina Faso par région et selon le sexe.csv,demographie
Population du Burkina Faso par région et selon le sexe en milieu d'année,Hauts-Bassins,Ensemble,Nombre,2008,1550195.0,2008,2008,annuelle,2008,Population du Burkina Faso par région et selon le sexe.csv,demographie
Population du Burkina Faso par région et selon le sexe en milieu d'année,Hauts-Bassins,Ensemble,Nombre,2009,1604875.0,2009,2009,annuelle,2009,Population du Burkina Faso par région et selon le sexe.csv,demographie
Population du Burkina Faso par région et selon le sexe en milieu d'année,Hauts-Bassins,Ensemble,Nombre,2010,1660910.0,2010,2010,annuelle,2010,Population du Burkina Faso par région et selon le sexe.csv,demographie
Population du Burkina Faso par région et selon le sexe en milieu d'année,Hauts-Bassins,Ensemble,Nombre,2011,1718161.0,2011,2011,annuelle,2011,Population du Burkina Faso par région et selon le sexe.csv,demographie
Population du Burkina Faso par région et selon le sexe en milieu d'année,Hauts-Bassins,Ensemble,Nombre,2012,1776803.0,2012,2012,annuelle,2012,Population du Burkina Faso par région et selon le sexe.csv,demographie
Population du Burkina Faso par région et selon le sexe en milieu d'année,Hauts-Bassins,Ensemble,Nombre,2013,1836838.0,2013,2013,annuelle,2013,Population du Burkina Faso par région et selon le sexe.csv,demographie
Population du Burkina Faso par région et selon le sexe en milieu d'année,Hauts-Bassins,Ensemble,Nombre,2014,1898361.0,2014,2014,annuelle,2014,Population du Burkina Faso par région et selon le sexe.csv,demographie
Population du Burkina Faso par région et selon le sexe en milieu d'année,Hauts-Bassins,Ensemble,Nombre,2015,1961204.0,2015,2015,annuelle,2015,Population du Burkina Faso par région et selon le sexe.csv,demographie
Population du Burkina Faso par région et selon le sexe en milieu d'année,Hauts-Bassins,Ensemble,Nombre,2016,2025513.0,2016,2016,annuelle,2016,Population du Burkina Faso par région et selon le sexe.csv,demographie
Population du Burkina Faso par région et selon le sexe en milieu d'année,Hauts-Bassins,Ensemble,Nombre,2017,2091282.0,2017,2017,annuelle,2017,Population du Burkina Faso par région et selon le sexe.csv,demographie
Population du Burkina Faso par région et selon le sexe en milieu d'année,Hauts-Bassins,Ensemble,Nombre,2018,2158541.0,2018,2018,annuelle,2018,Population du Burkina Faso par région et selon le sexe.csv,demographie
Population du Burkina Faso par région et selon le sexe en milieu d'année,Hauts-Bassins,Ensemble,Nombre,2019,2239840.0,2019,2019,annuelle,2019,Population du Burkina Faso par région et selon le sexe.csv,demographie
Population du Burkina Faso par région et selon le sexe en milieu d'année,Hauts-Bassins,Ensemble,Nombre,2020,2277081.0,2020,2020,annuelle,2020,Population du Burkina Faso par région et selon le sexe.csv,demographie
Population du Burkina Faso par région et selon le sexe en milieu d'année,Hauts-Bassins,Ensemble,Nombre,2021,2349820.0,2021,2021,annuelle,2021,Population du Burkina Faso par région et selon le sexe.csv,demographie
Population du Burkina Faso par région et selon le sexe en milieu d'année,Hauts-Bassins,Ensemble,Nombre,2022,2423412.0,2022,2022,annuelle,2022,Population du Burkina Faso par région et selon le sexe.csv,demographie
Population du Burkina Faso par région et selon le sexe en milieu d'année,Hauts-Bassins,Ensemble,Nombre,2023,2497698.0,2023,2023,annuelle,2023,Population du Burkina Faso par région et selon le sexe.csv,demographie
Population du Burkina Faso par région et selon le sexe en milieu d'année,Hauts-Bassins,Ensemble,Nombre,2024,2572566.0,2024,2024,annuelle,2024,Population du Burkina Faso par région et selon le sexe.csv,demographie
Population du Burkina Faso par région et selon le sexe en milieu d'année,Nord,Homme,Nombre,1997,449456.0,1997,1997,annuelle,1997,Population du Burkina Faso par région et selon le sexe.csv,demographie
Population du Burkina Faso par région et selon le sexe en milieu d'année,Nord,Homme,Nombre,1998,459499.0,1998,1998,annuelle,1998,Population du Burkina Faso par région et selon le sexe.csv,demographie
Population du Burkina Faso par région et selon le sexe en milieu d'année,Nord,Homme,Nombre,1999,469769.0,1999,1999,annuelle,1999,Population du Burkina Faso par région et selon le sexe.csv,demographie
Population du Burkina Faso par région et selon le sexe en milieu d'année,Nord,Homme,Nombre,2000,480276.0,2000,2000,annuelle,2000,Population du Burkina Faso par région et selon le sexe.csv,demographie
Population du Burkina Faso par région et selon le sexe en milieu d'année,Nord,Homme,Nombre,2001,491026.0,2001,2001,annuelle,2001,Population du Burkina Faso par région et selon le sexe.csv,demographie
Population du Burkina Faso par région et selon le sexe en milieu d'année,Nord,Homme,Nombre,2002,502023.0,2002,2002,annuelle,2002,Population du Burkina Faso par région et selon le sexe.csv,demographie
Population du Burkina Faso par région et selon le sexe en milieu d'année,Nord,Homme,Nombre,2003,513273.0,2003,2003,annuelle,2003,Population du Burkina Faso par région et selon le sexe.csv,demographie
Population du Burkina Faso par région et selon le sexe en milieu d'année,Nord,Homme,Nombre,2004,524783.0,2004,2004,annuelle,2004,Population du Burkina Faso par région et selon le sexe.csv,demographie
Population du Burkina Faso par région et selon le sexe en milieu d'année,Nord,Homme,Nombre,2005,536556.0,2005,2005,annuelle,2005,Population du Burkina Faso par région et selon le sexe.csv,demographie
Population du Burkina Faso par région et selon le sexe en milieu d'année,Nord,Homme,Nombre,2006,548601.0,2006,2006,annuelle,2006,Population du Burkina Faso par région et selon le sexe.csv,demographie
Population du Burkina Faso par région et selon le sexe en milieu d'année,Nord,Homme,Nombre,2007,559403.0,2007,2007,annuelle,2007,Population du Burkina Faso par région et selon le sexe.csv,demographie
Population du Burkina Faso par région et selon le sexe en milieu d'année,Nord,Homme,Nombre,2008,575291.0,2008,2008,annuelle,2008,Population du Burkina Faso par région et selon le sexe.csv,demographie
Population du Burkina Faso par région et selon le sexe en milieu d'année,Nord,Homme,Nombre,2009,591689.0,2009,2009,annuelle,2009,Population du Burkina Faso par région et selon le sexe.csv,demographie
Population du Burkina Faso par région et selon le sexe en milieu d'année,Nord,Homme,Nombre,2010,608542.0,2010,2010,annuelle,2010,Population du Burkina Faso par région et selon le sexe.csv,demographie
Population du Burkina Faso par région et selon le sexe en milieu d'année,Nord,Homme,Nombre,2011,625787.0,2011,2011,annuelle,2011,Population du Burkina Faso par région et selon le sexe.csv,demographie
Population du Burkina Faso par région et selon le sexe en milieu d'année,Nord,Homme,Nombre,2012,643506.0,2012,2012,annuelle,2012,Population du Burkina Faso par région et selon le sexe.csv,demographie
Population du Burkina Faso par région et selon le sexe en milieu d'année,Nord,Homme,Nombre,2013,661694.0,2013,2013,annuelle,2013,Population du Burkina Faso par région et selon le sexe.csv,demographie
Population du Burkina Faso par région et selon le sexe en milieu d'année,Nord,Homme,Nombre,2014,680402.0,2014,2014,annuelle,2014,Population du Burkina Faso par région et selon le sexe.csv,demographie
Population du Burkina Faso par région et selon le sexe en milieu d'année,Nord,Homme,Nombre,2015,699577.0,2015,2015,annuelle,2015,Population du Burkina Faso par région et selon le sexe.csv,demographie
Population du Burkina Faso par région et selon le sexe en milieu d'année,Nord,Homme,Nombre,2016,719283.0,2016,2016,annuelle,2016,Population du Burkina Faso par région et selon le sexe.csv,demographie
Population du Burkina Faso par région et selon le sexe en milieu d'année,Nord,Homme,Nombre,2017,739519.0,2017,2017,annuelle,2017,Population du Burkina Faso par région et selon le sexe.csv,demographie
Population du Burkina Faso par région et selon le sexe en milieu d'année,Nord,Homme,Nombre,2018,760311.0,2018,2018,annuelle,2018,Population du Burkina Faso par région et selon le sexe.csv,demographie
Population du Burkina Faso par région et selon le sexe en milieu d'année,Nord,Homme,Nombre,2019,822742.0,2019,2019,annuelle,2019,Population du Burkina Faso par région et selon le sexe.csv,demographie
Population du Burkina Faso par région et selon le sexe en milieu d'année,Nord,Homme,Nombre,2020,819337.0,2020,2020,annuelle,2020,Population du Burkina Faso par région et selon le sexe.csv,demographie
Population du Burkina Faso par région et selon le sexe en milieu d'année,Nord,Homme,Nombre,2021,842557.0,2021,2021,annuelle,2021,Population du Burkina Faso par région et selon le sexe.csv,demographie
Population du Burkina Faso par région et selon le sexe en milieu d'année,Nord,Homme,Nombre,2022,866012.0,2022,2022,annuelle,2022,Population du Burkina Faso par région et selon le sexe.csv,demographie
Population du Burkina Faso par région et selon le sexe en milieu d'année,Nord,Homme,Nombre,2023,889656.0,2023,2023,annuelle,2023,Population du Burkina Faso par région et selon le sexe.csv,demographie
Population du Burkina Faso par région et selon le sexe en milieu d'année,Nord,Homme,Nombre,2024,913456.0,2024,2024,annuelle,2024,Population du Burkina Faso par région et selon le sexe.csv,demographie
Population du Burkina Faso par région et selon le sexe en milieu d'année,Nord,Femme,Nombre,1997,516374.0,1997,1997,annuelle,1997,Population du Burkina Faso par région et selon le sexe.csv,demographie
Population du Burkina Faso par région et selon le sexe en milieu d'année,Nord,Femme,Nombre,1998,527382.0,1998,1998,annuelle,1998,Population du Burkina Faso par région et selon le sexe.csv,demographie
Population du Burkina Faso par région et selon le sexe en milieu d'année,Nord,Femme,Nombre,1999,538629.0,1999,1999,annuelle,1999,Population du Burkina Faso par région et selon le sexe.csv,demographie
Population du Burkina Faso par région et selon le sexe en milieu d'année,Nord,Femme,Nombre,2000,550121.0,2000,2000,annuelle,2000,Population du Burkina Faso par région et selon le sexe.csv,demographie
Population du Burkina Faso par région et selon le sexe en milieu d'année,Nord,Femme,Nombre,2001,561861.0,2001,2001,annuelle,2001,Population du Burkina Faso par région et selon le sexe.csv,demographie
Population du Burkina Faso par région et selon le sexe en milieu d'année,Nord,Femme,Nombre,2002,573855.0,2002,2002,annuelle,2002,Population du Burkina Faso par région et selon le sexe.csv,demographie
Population du Burkina Faso par région et selon le sexe en milieu d'année,Nord,Femme,Nombre,2003,586111.0,2003,2003,annuelle,2003,Population du Burkina Faso par région et selon le sexe.csv,demographie
Population du Burkina Faso par région et selon le sexe en milieu d'année,Nord,Femme,Nombre,2004,598633.0,2004,2004,annuelle,2004,Population du Burkina Faso par région et selon le sexe.csv,demographie
Population du Burkina Faso par région et selon le sexe en milieu d'année,Nord,Femme,Nombre,2005,611426.0,2005,2005,annuelle,2005,Population du Burkina Faso par région et selon le sexe.csv,demographie
Population du Burkina Faso par région et selon le sexe en milieu d'année,Nord,Femme,Nombre,2006,624499.0,2006,2006,annuelle,2006,Population du Burkina Faso par région et selon le sexe.csv,demographie
Population du Burkina Faso par région et selon le sexe en milieu d'année,Nord,Femme,Nombre,2007,640510.0,2007,2007,annuelle,2007,Population du Burkina Faso par région et selon le sexe.csv,demographie
Population du Burkina Faso par région et selon le sexe en milieu d'année,Nord,Femme,Nombre,2008,659215.0,2008,2008,annuelle,2008,Population du Burkina Faso par région et selon le sexe.csv,demographie
Population du Burkina Faso par région et selon le sexe en milieu d'année,Nord,Femme,Nombre,2009,678436.0,2009,2009,annuelle,2009,Population du Burkina Faso par région et selon le sexe.csv,demographie
Population du Burkina Faso par région et selon le sexe en milieu d'année,Nord,Femme,Nombre,2010,698077.0,2010,2010,annuelle,2010,Population du Burkina Faso par région et selon le sexe.csv,demographie
Population du Burkina Faso par région et selon le sexe en milieu d'année,Nord,Femme,Nombre,2011,718110.0,2011,2011,annuelle,2011,Population du Burkina Faso par région et selon le sexe.csv,demographie
Population du Burkina Faso par région et selon le sexe en milieu d'année,Nord,Femme,Nombre,2012,738605.0,2012,2012,annuelle,2012,Population du Burkina Faso par région et selon le sexe.csv,demographie
Population du Burkina Faso par région et selon le sexe en milieu d'année,Nord,Femme,Nombre,2013,759559.0,2013,2013,annuelle,2013,Population du Burkina Faso par région et selon le sexe.csv,demographie
Population du Burkina Faso par région et selon le sexe en milieu d'année,Nord,Femme,Nombre,2014,781028.0,2014,2014,annuelle,2014,Population du Burkina Faso par région et selon le sexe.csv,demographie
Population du Burkina Faso par région et selon le sexe en milieu d'année,Nord,Femme,Nombre,2015,802950.0,2015,2015,annuelle,2015,Population du Burkina Faso par région et selon le sexe.csv,demographie
Population du Burkina Faso par région et selon le sexe en milieu d'année,Nord,Femme,Nombre,2016,825394.0,2016,2016,annuelle,2016,Population du Burkina Faso par région et selon le sexe.csv,demographie
Population du Burkina Faso par région et selon le sexe en milieu d'année,Nord,Femme,Nombre,2017,848347.0,2017,2017,annuelle,2017,Population du Burkina Faso par région et selon le sexe.csv,demographie
Population du Burkina Faso par région et selon le sexe en milieu d'année,Nord,Femme,Nombre,2018,871838.0,2018,2018,annuelle,2018,Population du Burkina Faso par région et selon le sexe.csv,demographie
Population du Burkina Faso par région et selon le sexe en milieu d'année,Nord,Femme,Nombre,2019,899373.0,2019,2019,annuelle,2019,Population du Burkina Faso par région et selon le sexe.csv,demographie
Population du Burkina Faso par région et selon le sexe en milieu d'année,Nord,Femme,Nombre,2020,924011.0,2020,2020,annuelle,2020,Population du Burkina Faso par région et selon le sexe.csv,demographie
Population du Burkina Faso par région et selon le sexe en milieu d'année,Nord,Femme,Nombre,2021,949139.0,2021,2021,annuelle,2021,Population du Burkina Faso par région et selon le sexe.csv,demographie
Population du Burkina Faso par région et selon le sexe en milieu d'année,Nord,Femme,Nombre,2022,974525.0,2022,2022,annuelle,2022,Population du Burkina Faso par région et selon le sexe.csv,demographie
Population du Burkina Faso par région et selon le sexe en milieu d'année,Nord,Femme,Nombre,2023,1000111.0,2023,2023,annuelle,2023,Population du Burkina Faso par région et selon le sexe.csv,demographie
Population du Burkina Faso par région et selon le sexe en milieu d'année,Nord,Femme,Nombre,2024,1025863.0,2024,2024,annuelle,2024,Population du Burkina Faso par région et selon le sexe.csv,demographie
Population du Burkina Faso par région et selon le sexe en milieu d'année,Nord,Ensemble,Nombre,1997,965830.0,1997,1997,annuelle,1997,Population du Burkina Faso par région et selon le sexe.csv,demographie
Population du Burkina Faso par région et selon le sexe en milieu d'année,Nord,Ensemble,Nombre,1998,986881.0,1998,1998,annuelle,1998,Population du Burkina Faso par région et selon le sexe.csv,demographie
Population du Burkina Faso par région et selon le sexe en milieu d'année,Nord,Ensemble,Nombre,1999,1008398.0,1999,1999,annuelle,1999,Population du Burkina Faso par région et selon le sexe.csv,demographie
Population du Burkina Faso par région et selon le sexe en milieu d'année,Nord,Ensemble,Nombre,2000,1030397.0,2000,2000,annuelle,2000,Population du Burkina Faso par région et selon le sexe.csv,demographie
Population du Burkina Faso par région et selon le sexe en milieu d'année,Nord,Ensemble,Nombre,2001,1052887.0,2001,2001,annuelle,2001,Population du Burkina Faso par région et selon le sexe.csv,demographie
Population du Burkina Faso par région et selon le sexe en milieu d'année,Nord,Ensemble,Nombre,2002,1075878.0,2002,2002,annuelle,2002,Population du Burkina Faso par région et selon le sexe.csv,demographie
Population du Burkina Faso par région et selon le sexe en milieu d'année,Nord,Ensemble,Nombre,2003,1099384.0,2003,2003,annuelle,2003,Population du Burkina Faso par région et selon le sexe.csv,demographie
Population du Burkina Faso par région et selon le sexe en milieu d'année,Nord,Ensemble,Nombre,2004,1123416.0,2004,2004,annuelle,2004,Population du Burkina Faso par région et selon le sexe.csv,demographie
Population du Burkina Faso par région et selon le sexe en milieu d'année,Nord,Ensemble,Nombre,2005,1147982.0,2005,2005,annuelle,2005,Population du Burkina Faso par région et selon le sexe.csv,demographie
Population du Burkina Faso par région et selon le sexe en milieu d'année,Nord,Ensemble,Nombre,2006,1173100.0,2006,2006,annuelle,2006,Population du Burkina Faso par région et selon le sexe.csv,demographie
Population du Burkina Faso par région et selon le sexe en milieu d'année,Nord,Ensemble,Nombre,2007,1199913.0,2007,2007,annuelle,2007,Population du Burkina Faso par région et selon le sexe.csv,demographie
Population du Burkina Faso par région et selon le sexe en milieu d'année,Nord,Ensemble,Nombre,2008,1234506.0,2008,2008,annuelle,2008,Population du Burkina Faso par région et selon le sexe.csv,demographie
Population du Burkina Faso par région et selon le sexe en milieu d'année,Nord,Ensemble,Nombre,2009,1270125.0,2009,2009,annuelle,2009,Population du Burkina Faso par région et selon le sexe.csv,demographie
Population du Burkina Faso par région et selon le sexe en milieu d'année,Nord,Ensemble,Nombre,2010,1306619.0,2010,2010,annuelle,2010,Population du Burkina Faso par région et selon le sexe.csv,demographie
Population du Burkina Faso par région et selon le sexe en milieu d'année,Nord,Ensemble,Nombre,2011,1343897.0,2011,2011,annuelle,2011,Population du Burkina Faso par région et selon le sexe.csv,demographie
Population du Burkina Faso par région et selon le sexe en milieu d'année,Nord,Ensemble,Nombre,2012,1382111.0,2012,2012,annuelle,2012,Population du Burkina Faso par région et selon le sexe.csv,demographie
Population du Burkina Faso par région et selon le sexe en milieu d'année,Nord,Ensemble,Nombre,2013,1421253.0,2013,2013,annuelle,2013,Population du Burkina Faso par région et selon le sexe.csv,demographie
Population du Burkina Faso par région et selon le sexe en milieu d'année,Nord,Ensemble,Nombre,2014,1461430.0,2014,2014,annuelle,2014,Population du Burkina Faso par région et selon le sexe.csv,demographie
Population du Burkina Faso par région et selon le sexe en milieu d'année,Nord,Ensemble,Nombre,2015,1502527.0,2015,2015,annuelle,2015,Population du Burkina Faso par région et selon le sexe.csv,demographie
Population du Burkina Faso par région et selon le sexe en milieu d'année,Nord,Ensemble,Nombre,2016,1544677.0,2016,2016,annuelle,2016,Population du Burkina Faso par région et selon le sexe.csv,demographie
Population du Burkina Faso par région et selon le sexe en milieu d'année,Nord,Ensemble,Nombre,2017,1587866.0,2017,2017,annuelle,2017,Population du Burkina Faso par région et selon le sexe.csv,demographie
Population du Burkina Faso par région et selon le sexe en milieu d'année,Nord,Ensemble,Nombre,2018,1632149.0,2018,2018,annuelle,2018,Population du Burkina Faso par région et selon le sexe.csv,demographie
Population du Burkina Faso par région et selon le sexe en milieu d'année,Nord,Ensemble,Nombre,2019,1722115.0,2019,2019,annuelle,2019,Population du Burkina Faso par région et selon le sexe.csv,demographie
Population du Burkina Faso par région et selon le sexe en milieu d'année,Nord,Ensemble,Nombre,2020,1743348.0,2020,2020,annuelle,2020,Population du Burkina Faso par région et selon le sexe.csv,demographie
Population du Burkina Faso par région et selon le sexe en milieu d'année,Nord,Ensemble,Nombre,2021,1791696.0,2021,2021,annuelle,2021,Population du Burkina Faso par région et selon le sexe.csv,demographie
Population du Burkina Faso par région et selon le sexe en milieu d'année,Nord,Ensemble,Nombre,2022,1840537.0,2022,2022,annuelle,2022,Population du Burkina Faso par région et selon le sexe.csv,demographie
Population du Burkina Faso par région et selon le sexe en milieu d'année,Nord,Ensemble,Nombre,2023,1889767.0,2023,2023,annuelle,2023,Population du Burkina Faso par région et selon le sexe.csv,demographie
Population du Burkina Faso par région et selon le sexe en milieu d'année,Nord,Ensemble,Nombre,2024,1939319.0,2024,2024,annuelle,2024,Population du Burkina Faso par région et selon le sexe.csv,demographie
Population du Burkina Faso par région et selon le sexe en milieu d'année,Plateau Central,Homme,Nombre,1997,269160.0,1997,1997,annuelle,1997,Population du Burkina Faso par région et selon le sexe.csv,demographie
Population du Burkina Faso par région et selon le sexe en milieu d'année,Plateau Central,Homme,Nombre,1998,274517.0,1998,1998,annuelle,1998,Population du Burkina Faso par région et selon le sexe.csv,demographie
Population du Burkina Faso par région et selon le sexe en milieu d'année,Plateau Central,Homme,Nombre,1999,279982.0,1999,1999,annuelle,1999,Population du Burkina Faso par région et selon le sexe.csv,demographie
Population du Burkina Faso par région et selon le sexe en milieu d'année,Plateau Central,Homme,Nombre,2000,285554.0,2000,2000,annuelle,2000,Population du Burkina Faso par région et selon le sexe.csv,demographie
Population du Burkina Faso par région et selon le sexe en milieu d'année,Plateau Central,Homme,Nombre,2001,291239.0,2001,2001,annuelle,2001,Population du Burkina Faso par région et selon le sexe.csv,demographie
Population du Burkina Faso par région et selon le sexe en milieu d'année,Plateau Central,Homme,Nombre,2002,297039.0,2002,2002,annuelle,2002,Population du Burkina Faso par région et selon le sexe.csv,demographie
Population du Burkina Faso par région et selon le sexe en milieu d'année,Plateau Central,Homme,Nombre,2003,302953.0,2003,2003,annuelle,2003,Population du Burkina Faso par région et selon le sexe.csv,demographie
Population du Burkina Faso par région et selon le sexe en milieu d'année,Plateau Central,Homme,Nombre,2004,308988.0,2004,2004,annuelle,2004,Population du Burkina Faso par région et selon le sexe.csv,demographie
Population du Burkina Faso par région et selon le sexe en milieu d'année,Plateau Central,Homme,Nombre,2005,315142.0,2005,2005,annuelle,2005,Population du Burkina Faso par région et selon le sexe.csv,demographie
Population du Burkina Faso par région et selon le sexe en milieu d'année,Plateau Central,Homme,Nombre,2006,321420.0,2006,2006,annuelle,2006,Population du Burkina Faso par région et selon le sexe.csv,demographie
Population du Burkina Faso par région et selon le sexe en milieu d'année,Plateau Central,Homme,Nombre,2007,327813.0,2007,2007,annuelle,2007,Population du Burkina Faso par région et selon le sexe.csv,demographie
Population du Burkina Faso par région et selon le sexe en milieu d'année,Plateau Central,Homme,Nombre,2008,336812.0,2008,2008,annuelle,2008,Population du Burkina Faso par région et selon le sexe.csv,demographie
Population du Burkina Faso par région et selon le sexe en milieu d'année,Plateau Central,Homme,Nombre,2009,346108.0,2009,2009,annuelle,2009,Population du Burkina Faso par région et selon le sexe.csv,demographie
Population du Burkina Faso par région et selon le sexe en milieu d'année,Plateau Central,Homme,Nombre,2010,355665.0,2010,2010,annuelle,2010,Population du Burkina Faso par région et selon le sexe.csv,demographie
Population du Burkina Faso par région et selon le sexe en milieu d'année,Plateau Central,Homme,Nombre,2011,365450.0,2011,2011,annuelle,2011,Population du Burkina Faso par région et selon le sexe.csv,demographie
Population du Burkina Faso par région et selon le sexe en milieu d'année,Plateau Central,Homme,Nombre,2012,375495.0,2012,2012,annuelle,2012,Population du Burkina Faso par région et selon le sexe.csv,demographie
Population du Burkina Faso par région et selon le sexe en milieu d'année,Plateau Central,Homme,Nombre,2013,385822.0,2013,2013,annuelle,2013,Population du Burkina Faso par région et selon le sexe.csv,demographie
Population du Burkina Faso par région et selon le sexe en milieu d'année,Plateau Central,Homme,Nombre,2014,396443.0,2014,2014,annuelle,2014,Population du Burkina Faso par région et selon le sexe.csv,demographie
Population du Burkina Faso par région et selon le sexe en milieu d'année,Plateau Central,Homme,Nombre,2015,407337.0,2015,2015,annuelle,2015,Population du Burkina Faso par région et selon le sexe.csv,demographie
Population du Burkina Faso par région et selon le sexe en milieu d'année,Plateau Central,Homme,Nombre,2016,418535.0,2016,2016,annuelle,2016,Population du Burkina Faso par région et selon le sexe.csv,demographie
Population du Burkina Faso par région et selon le sexe en milieu d'année,Plateau Central,Homme,Nombre,2017,430043.0,2017,2017,annuelle,2017,Population du Burkina Faso par région et selon le sexe.csv,demographie
Population du Burkina Faso par région et selon le sexe en milieu d'année,Plateau Central,Homme,Nombre,2018,441873.0,2018,2018,annuelle,2018,Population du Burkina Faso par région et selon le sexe.csv,demographie
Population du Burkina Faso par région et selon le sexe en milieu d'année,Plateau Central,Homme,Nombre,2019,458587.0,2019,2019,annuelle,2019,Population du Burkina Faso par région et selon le sexe.csv,demographie
Population du Burkina Faso par région et selon le sexe en milieu d'année,Plateau Central,Homme,Nombre,2020,461662.0,2020,2020,annuelle,2020,Population du Burkina Faso par région et selon le sexe.csv,demographie
Population du Burkina Faso par région et selon le sexe en milieu d'année,Plateau Central,Homme,Nombre,2021,474250.0,2021,2021,annuelle,2021,Population du Burkina Faso par région et selon le sexe.csv,demographie
Population du Burkina Faso par région et selon le sexe en milieu d'année,Plateau Central,Homme,Nombre,2022,486961.0,2022,2022,annuelle,2022,Population du Burkina Faso par région et selon le sexe.csv,demographie
Population du Burkina Faso par région et selon le sexe en milieu d'année,Plateau Central,Homme,Nombre,2023,499772.0,2023,2023,annuelle,2023,Population du Burkina Faso par région et selon le sexe.csv,demographie
Population du Burkina Faso par région et selon le sexe en milieu d'année,Plateau Central,Homme,Nombre,2024,512663.0,2024,2024,annuelle,2024,Population du Burkina Faso par région et selon le sexe.csv,demographie
Population du Burkina Faso par région et selon le sexe en milieu d'année,Plateau Central,Femme,Nombre,1997,308663.0,1997,1997,annuelle,1997,Population du Burkina Faso par région et selon le sexe.csv,demographie
Population du Burkina Faso par région et selon le sexe en milieu d'année,Plateau Central,Femme,Nombre,1998,314759.0,1998,1998,annuelle,1998,Population du Burkina Faso par région et selon le sexe.csv,demographie
Population du Burkina Faso par région et selon le sexe en milieu d'année,Plateau Central,Femme,Nombre,1999,320976.0,1999,1999,annuelle,1999,Population du Burkina Faso par région et selon le sexe.csv,demographie
Population du Burkina Faso par région et selon le sexe en milieu d'année,Plateau Central,Femme,Nombre,2000,327321.0,2000,2000,annuelle,2000,Population du Burkina Faso par région et selon le sexe.csv,demographie
Population du Burkina Faso par région et selon le sexe en milieu d'année,Plateau Central,Femme,Nombre,2001,333793.0,2001,2001,annuelle,2001,Population du Burkina Faso par région et selon le sexe.csv,demographie
Population du Burkina Faso par région et selon le sexe en milieu d'année,Plateau Central,Femme,Nombre,2002,340396.0,2002,2002,annuelle,2002,Population du Burkina Faso par région et selon le sexe.csv,demographie
Population du Burkina Faso par région et selon le sexe en milieu d'année,Plateau Central,Femme,Nombre,2003,347132.0,2003,2003,annuelle,2003,Population du Burkina Faso par région et selon le sexe.csv,demographie
Population du Burkina Faso par région et selon le sexe en milieu d'année,Plateau Central,Femme,Nombre,2004,354005.0,2004,2004,annuelle,2004,Population du Burkina Faso par région et selon le sexe.csv,demographie
Population du Burkina Faso par région et selon le sexe en milieu d'année,Plateau Central,Femme,Nombre,2005,361018.0,2005,2005,annuelle,2005,Population du Burkina Faso par région et selon le sexe.csv,demographie
Population du Burkina Faso par région et selon le sexe en milieu d'année,Plateau Central,Femme,Nombre,2006,368172.0,2006,2006,annuelle,2006,Population du Burkina Faso par région et selon le sexe.csv,demographie
Population du Burkina Faso par région et selon le sexe en milieu d'année,Plateau Central,Femme,Nombre,2007,376178.0,2007,2007,annuelle,2007,Population du Burkina Faso par région et selon le sexe.csv,demographie
Population du Burkina Faso par région et selon le sexe en milieu d'année,Plateau Central,Femme,Nombre,2008,386816.0,2008,2008,annuelle,2008,Population du Burkina Faso par région et selon le sexe.csv,demographie
Population du Burkina Faso par région et selon le sexe en milieu d'année,Plateau Central,Femme,Nombre,2009,397736.0,2009,2009,annuelle,2009,Population du Burkina Faso par région et selon le sexe.csv,demographie
Population du Burkina Faso par région et selon le sexe en milieu d'année,Plateau Central,Femme,Nombre,2010,408909.0,2010,2010,annuelle,2010,Population du Burkina Faso par région et selon le sexe.csv,demographie
Population du Burkina Faso par région et selon le sexe en milieu d'année,Plateau Central,Femme,Nombre,2011,420296.0,2011,2011,annuelle,2011,Population du Burkina Faso par région et selon le sexe.csv,demographie
Population du Burkina Faso par région et selon le sexe en milieu d'année,Plateau Central,Femme,Nombre,2012,431949.0,2012,2012,annuelle,2012,Population du Burkina Faso par région et selon le sexe.csv,demographie
Population du Burkina Faso par région et selon le sexe en milieu d'année,Plateau Central,Femme,Nombre,2013,443870.0,2013,2013,annuelle,2013,Population du Burkina Faso par région et selon le sexe.csv,demographie
Population du Burkina Faso par région et selon le sexe en milieu d'année,Plateau Central,Femme,Nombre,2014,456093.0,2014,2014,annuelle,2014,Population du Burkina Faso par région et selon le sexe.csv,demographie
Population du Burkina Faso par région et selon le sexe en milieu d'année,Plateau Central,Femme,Nombre,2015,468573.0,2015,2015,annuelle,2015,Population du Burkina Faso par région et selon le sexe.csv,demographie
Population du Burkina Faso par région et selon le sexe en milieu d'année,Plateau Central,Femme,Nombre,2016,481349.0,2016,2016,annuelle,2016,Population du Burkina Faso par région et selon le sexe.csv,demographie
Population du Burkina Faso par région et selon le sexe en milieu d'année,Plateau Central,Femme,Nombre,2017,494431.0,2017,2017,annuelle,2017,Population du Burkina Faso par région et selon le sexe.csv,demographie
Population du Burkina Faso par région et selon le sexe en milieu d'année,Plateau Central,Femme,Nombre,2018,507824.0,2018,2018,annuelle,2018,Population du Burkina Faso par région et selon le sexe.csv,demographie
Population du Burkina Faso par région et selon le sexe en milieu d'année,Plateau Central,Femme,Nombre,2019,520027.0,2019,2019,annuelle,2019,Population du Burkina Faso par région et selon le sexe.csv,demographie
Population du Burkina Faso par région et selon le sexe en milieu d'année,Plateau Central,Femme,Nombre,2020,527942.0,2020,2020,annuelle,2020,Population du Burkina Faso par région et selon le sexe.csv,demographie
Population du Burkina Faso par région et selon le sexe en milieu d'année,Plateau Central,Femme,Nombre,2021,541732.0,2021,2021,annuelle,2021,Population du Burkina Faso par région et selon le sexe.csv,demographie
Population du Burkina Faso par région et selon le sexe en milieu d'année,Plateau Central,Femme,Nombre,2022,555662.0,2022,2022,annuelle,2022,Population du Burkina Faso par région et selon le sexe.csv,demographie
Population du Burkina Faso par région et selon le sexe en milieu d'année,Plateau Central,Femme,Nombre,2023,569696.0,2023,2023,annuelle,2023,Population du Burkina Faso par région et selon le sexe.csv,demographie
Population du Burkina Faso par région et selon le sexe en milieu d'année,Plateau Central,Femme,Nombre,2024,583820.0,2024,2024,annuelle,2024,Population du Burkina Faso par région et selon le sexe.csv,demographie
Population du Burkina Faso par région et selon le sexe en milieu d'année,Plateau Central,Ensemble,Nombre,1997,577823.0,1997,1997,annuelle,1997,Population du Burkina Faso par région et selon le sexe.csv,demographie
Population du Burkina Faso par région et selon le sexe en milieu d'année,Plateau Central,Ensemble,Nombre,1998,589276.0,1998,1998,annuelle,1998,Population du Burkina Faso par région et selon le sexe.csv,demographie
Population du Burkina Faso par région et selon le sexe en milieu d'année,Plateau Central,Ensemble,Nombre,1999,600958.0,1999,1999,annuelle,1999,Population du Burkina Faso par région et selon le sexe.csv,demographie
Population du Burkina Faso par région et selon le sexe en milieu d'année,Plateau Central,Ensemble,Nombre,2000,612875.0,2000,2000,annuelle,2000,Population du Burkina Faso par région et selon le sexe.csv,demographie
Population du Burkina Faso par région et selon le sexe en milieu d'année,Plateau Central,Ensemble,Nombre,2001,625032.0,2001,2001,annuelle,2001,Population du Burkina Faso par région et selon le sexe.csv,demographie
Population du Burkina Faso par région et selon le sexe en milieu d'année,Plateau Central,Ensemble,Nombre,2002,637435.0,2002,2002,annuelle,2002,Population du Burkina Faso par région et selon le sexe.csv,demographie
Population du Burkina Faso par région et selon le sexe en milieu d'année,Plateau Central,Ensemble,Nombre,2003,650085.0,2003,2003,annuelle,2003,Population du Burkina Faso par région et selon le sexe.csv,demographie
Population du Burkina Faso par région et selon le sexe en milieu d'année,Plateau Central,Ensemble,Nombre,2004,662993.0,2004,2004,annuelle,2004,Population du Burkina Faso par région et selon le sexe.csv,demographie
Population du Burkina Faso par région et selon le sexe en milieu d'année,Plateau Central,Ensemble,Nombre,2005,676160.0,2005,2005,annuelle,2005,Population du Burkina Faso par région et selon le sexe.csv,demographie
Population du Burkina Faso par région et selon le sexe en milieu d'année,Plateau Central,Ensemble,Nombre,2006,689592.0,2006,2006,annuelle,2006,Population du Burkina Faso par région et selon le sexe.csv,demographie
Population du Burkina Faso par région et selon le sexe en milieu d'année,Plateau Central,Ensemble,Nombre,2007,703991.0,2007,2007,annuelle,2007,Population du Burkina Faso par région et selon le sexe.csv,demographie
Population du Burkina Faso par région et selon le sexe en milieu d'année,Plateau Central,Ensemble,Nombre,2008,723628.0,2008,2008,annuelle,2008,Population du Burkina Faso par région et selon le sexe.csv,demographie
Population du Burkina Faso par région et selon le sexe en milieu d'année,Plateau Central,Ensemble,Nombre,2009,743844.0,2009,2009,annuelle,2009,Population du Burkina Faso par région et selon le sexe.csv,demographie
Population du Burkina Faso par région et selon le sexe en milieu d'année,Plateau Central,Ensemble,Nombre,2010,764574.0,2010,2010,annuelle,2010,Population du Burkina Faso par région et selon le sexe.csv,demographie
Population du Burkina Faso par région et selon le sexe en milieu d'année,Plateau Central,Ensemble,Nombre,2011,785746.0,2011,2011,annuelle,2011,Population du Burkina Faso par région et selon le sexe.csv,demographie
Population du Burkina Faso par région et selon le sexe en milieu d'année,Plateau Central,Ensemble,Nombre,2012,807444.0,2012,2012,annuelle,2012,Population du Burkina Faso par région et selon le sexe.csv,demographie
Population du Burkina Faso par région et selon le sexe en milieu d'année,Plateau Central,Ensemble,Nombre,2013,829692.0,2013,2013,annuelle,2013,Population du Burkina Faso par région et selon le sexe.csv,demographie
Population du Burkina Faso par région et selon le sexe en milieu d'année,Plateau Central,Ensemble,Nombre,2014,852536.0,2014,2014,annuelle,2014,Population du Burkina Faso par région et selon le sexe.csv,demographie
Population du Burkina Faso par région et selon le sexe en milieu d'année,Plateau Central,Ensemble,Nombre,2015,875910.0,2015,2015,annuelle,2015,Population du Burkina Faso par région et selon le sexe.csv,demographie
Population du Burkina Faso par région et selon le sexe en milieu d'année,Plateau Central,Ensemble,Nombre,2016,899884.0,2016,2016,annuelle,2016,Population du Burkina Faso par région et selon le sexe.csv,demographie
Population du Burkina Faso par région et selon le sexe en milieu d'année,Plateau Central,Ensemble,Nombre,2017,924474.0,2017,2017,annuelle,2017,Population du Burkina Faso par région et selon le sexe.csv,demographie
Population du Burkina Faso par région et selon le sexe en milieu d'année,Plateau Central,Ensemble,Nombre,2018,949697.0,2018,2018,annuelle,2018,Population du Burkina Faso par région et selon le sexe.csv,demographie
Population du Burkina Faso par région et selon le sexe en milieu d'année,Plateau Central,Ensemble,Nombre,2019,978614.0,2019,2019,annuelle,2019,Population du Burkina Faso par région et selon le sexe.csv,demographie
Population du Burkina Faso par région et selon le sexe en milieu d'année,Plateau Central,Ensemble,Nombre,2020,989604.0,2020,2020,annuelle,2020,Population du Burkina Faso par région et selon le sexe.csv,demographie
Population du Burkina Faso par région et selon le sexe en milieu d'année,Plateau Central,Ensemble,Nombre,2021,1015982.0,2021,2021,annuelle,2021,Population du Burkina Faso par région et selon le sexe.csv,demographie
Population du Burkina Faso par région et selon le sexe en milieu d'année,Plateau Central,Ensemble,Nombre,2022,1042623.0,2022,2022,annuelle,2022,Population du Burkina Faso par région et selon le sexe.csv,demographie
Population du Burkina Faso par région et selon le sexe en milieu d'année,Plateau Central,Ensemble,Nombre,2023,1069468.0,2023,2023,annuelle,2023,Population du Burkina Faso par région et selon le sexe.csv,demographie
Population du Burkina Faso par région et selon le sexe en milieu d'année,Plateau Central,Ensemble,Nombre,2024,1096483.0,2024,2024,annuelle,2024,Population du Burkina Faso par région et selon le sexe.csv,demographie
Population du Burkina Faso par région et selon le sexe en milieu d'année,Sahel,Homme,Nombre,1997,358617.0,1997,1997,annuelle,1997,Population du Burkina Faso par région et selon le sexe.csv,demographie
Population du Burkina Faso par région et selon le sexe en milieu d'année,Sahel,Homme,Nombre,1998,369889.0,1998,1998,annuelle,1998,Population du Burkina Faso par région et selon le sexe.csv,demographie
Population du Burkina Faso par région et selon le sexe en milieu d'année,Sahel,Homme,Nombre,1999,381522.0,1999,1999,annuelle,1999,Population du Burkina Faso par région et selon le sexe.csv,demographie
Population du Burkina Faso par région et selon le sexe en milieu d'année,Sahel,Homme,Nombre,2000,393525.0,2000,2000,annuelle,2000,Population du Burkina Faso par région et selon le sexe.csv,demographie
Population du Burkina Faso par région et selon le sexe en milieu d'année,Sahel,Homme,Nombre,2001,405911.0,2001,2001,annuelle,2001,Population du Burkina Faso par région et selon le sexe.csv,demographie
Population du Burkina Faso par région et selon le sexe en milieu d'année,Sahel,Homme,Nombre,2002,418690.0,2002,2002,annuelle,2002,Population du Burkina Faso par région et selon le sexe.csv,demographie
Population du Burkina Faso par région et selon le sexe en milieu d'année,Sahel,Homme,Nombre,2003,431876.0,2003,2003,annuelle,2003,Population du Burkina Faso par région et selon le sexe.csv,demographie
Population du Burkina Faso par région et selon le sexe en milieu d'année,Sahel,Homme,Nombre,2004,445485.0,2004,2004,annuelle,2004,Population du Burkina Faso par région et selon le sexe.csv,demographie
Population du Burkina Faso par région et selon le sexe en milieu d'année,Sahel,Homme,Nombre,2005,459527.0,2005,2005,annuelle,2005,Population du Burkina Faso par région et selon le sexe.csv,demographie
Population du Burkina Faso par région et selon le sexe en milieu d'année,Sahel,Homme,Nombre,2006,474017.0,2006,2006,annuelle,2006,Population du Burkina Faso par région et selon le sexe.csv,demographie
Population du Burkina Faso par région et selon le sexe en milieu d'année,Sahel,Homme,Nombre,2007,489778.0,2007,2007,annuelle,2007,Population du Burkina Faso par région et selon le sexe.csv,demographie
Population du Burkina Faso par région et selon le sexe en milieu d'année,Sahel,Homme,Nombre,2008,505981.0,2008,2008,annuelle,2008,Population du Burkina Faso par région et selon le sexe.csv,demographie
Population du Burkina Faso par région et selon le sexe en milieu d'année,Sahel,Homme,Nombre,2009,522692.0,2009,2009,annuelle,2009,Population du Burkina Faso par région et selon le sexe.csv,demographie
Population du Burkina Faso par région et selon le sexe en milieu d'année,Sahel,Homme,Nombre,2010,539846.0,2010,2010,annuelle,2010,Population du Burkina Faso par région et selon le sexe.csv,demographie
Population du Burkina Faso par région et selon le sexe en milieu d'année,Sahel,Homme,Nombre,2011,557396.0,2011,2011,annuelle,2011,Population du Burkina Faso par région et selon le sexe.csv,demographie
Population du Burkina Faso par région et selon le sexe en milieu d'année,Sahel,Homme,Nombre,2012,575417.0,2012,2012,annuelle,2012,Population du Burkina Faso par région et selon le sexe.csv,demographie
Population du Burkina Faso par région et selon le sexe en milieu d'année,Sahel,Homme,Nombre,2013,593889.0,2013,2013,annuelle,2013,Population du Burkina Faso par région et selon le sexe.csv,demographie
Population du Burkina Faso par région et selon le sexe en milieu d'année,Sahel,Homme,Nombre,2014,612853.0,2014,2014,annuelle,2014,Population du Burkina Faso par région et selon le sexe.csv,demographie
Population du Burkina Faso par région et selon le sexe en milieu d'année,Sahel,Homme,Nombre,2015,632255.0,2015,2015,annuelle,2015,Population du Burkina Faso par région et selon le sexe.csv,demographie
Population du Burkina Faso par région et selon le sexe en milieu d'année,Sahel,Homme,Nombre,2016,652161.0,2016,2016,annuelle,2016,Population du Burkina Faso par région et selon le sexe.csv,demographie
Population du Burkina Faso par région et selon le sexe en milieu d'année,Sahel,Homme,Nombre,2017,672560.0,2017,2017,annuelle,2017,Population du Burkina Faso par région et selon le sexe.csv,demographie
Population du Burkina Faso par région et selon le sexe en milieu d'année,Sahel,Homme,Nombre,2018,693484.0,2018,2018,annuelle,2018,Population du Burkina Faso par région et selon le sexe.csv,demographie
Population du Burkina Faso par région et selon le sexe en milieu d'année,Sahel,Homme,Nombre,2019,556836.0,2019,2019,annuelle,2019,Population du Burkina Faso par région et selon le sexe.csv,demographie
Population du Burkina Faso par région et selon le sexe en milieu d'année,Sahel,Homme,Nombre,2020,555223.0,2020,2020,annuelle,2020,Population du Burkina Faso par région et selon le sexe.csv,demographie
Population du Burkina Faso par région et selon le sexe en milieu d'année,Sahel,Homme,Nombre,2021,569690.0,2021,2021,annuelle,2021,Population du Burkina Faso par région et selon le sexe.csv,demographie
Population du Burkina Faso par région et selon le sexe en milieu d'année,Sahel,Homme,Nombre,2022,584294.0,2022,2022,annuelle,2022,Population du Burkina Faso par région et selon le sexe.csv,demographie
Population du Burkina Faso par région et selon le sexe en milieu d'année,Sahel,Homme,Nombre,2023,599009.0,2023,2023,annuelle,2023,Population du Burkina Faso par région et selon le sexe.csv,demographie
Population du Burkina Faso par région et selon le sexe en milieu d'année,Sahel,Homme,Nombre,2024,613814.0,2024,2024,annuelle,2024,Population du Burkina Faso par région et selon le sexe.csv,demographie
Population du Burkina Faso par région et selon le sexe en milieu d'année,Sahel,Femme,Nombre,1997,360954.0,1997,1997,annuelle,1997,Population du Burkina Faso par région et selon le sexe.csv,demographie
Population du Burkina Faso par région et selon le sexe en milieu d'année,Sahel,Femme,Nombre,1998,372517.0,1998,1998,annuelle,1998,Population du Burkina Faso par région et selon le sexe.csv,demographie
Population du Burkina Faso par région et selon le sexe en milieu d'année,Sahel,Femme,Nombre,1999,384452.0,1999,1999,annuelle,1999,Population du Burkina Faso par région et selon le sexe.csv,demographie
Population du Burkina Faso par région et selon le sexe en milieu d'année,Sahel,Femme,Nombre,2000,396773.0,2000,2000,annuelle,2000,Population du Burkina Faso par région et selon le sexe.csv,demographie
Population du Burkina Faso par région et selon le sexe en milieu d'année,Sahel,Femme,Nombre,2001,409489.0,2001,2001,annuelle,2001,Population du Burkina Faso par région et selon le sexe.csv,demographie
Population du Burkina Faso par région et selon le sexe en milieu d'année,Sahel,Femme,Nombre,2002,422616.0,2002,2002,annuelle,2002,Population du Burkina Faso par région et selon le sexe.csv,demographie
Population du Burkina Faso par région et selon le sexe en milieu d'année,Sahel,Femme,Nombre,2003,436167.0,2003,2003,annuelle,2003,Population du Burkina Faso par région et selon le sexe.csv,demographie
Population du Burkina Faso par région et selon le sexe en milieu d'année,Sahel,Femme,Nombre,2004,450154.0,2004,2004,annuelle,2004,Population du Burkina Faso par région et selon le sexe.csv,demographie
Population du Burkina Faso par région et selon le sexe en milieu d'année,Sahel,Femme,Nombre,2005,464593.0,2005,2005,annuelle,2005,Population du Burkina Faso par région et selon le sexe.csv,demographie
Population du Burkina Faso par région et selon le sexe en milieu d'année,Sahel,Femme,Nombre,2006,479497.0,2006,2006,annuelle,2006,Population du Burkina Faso par région et selon le sexe.csv,demographie
Population du Burkina Faso par région et selon le sexe en milieu d'année,Sahel,Femme,Nombre,2007,494799.0,2007,2007,annuelle,2007,Population du Burkina Faso par région et selon le sexe.csv,demographie
Population du Burkina Faso par région et selon le sexe en milieu d'année,Sahel,Femme,Nombre,2008,511569.0,2008,2008,annuelle,2008,Population du Burkina Faso par région et selon le sexe.csv,demographie
Population du Burkina Faso par région et selon le sexe en milieu d'année,Sahel,Femme,Nombre,2009,528802.0,2009,2009,annuelle,2009,Population du Burkina Faso par région et selon le sexe.csv,demographie
Population du Burkina Faso par région et selon le sexe en milieu d'année,Sahel,Femme,Nombre,2010,546404.0,2010,2010,annuelle,2010,Population du Burkina Faso par région et selon le sexe.csv,demographie
Population du Burkina Faso par région et selon le sexe en milieu d'année,Sahel,Femme,Nombre,2011,564368.0,2011,2011,annuelle,2011,Population du Burkina Faso par région et selon le sexe.csv,demographie
Population du Burkina Faso par région et selon le sexe en milieu d'année,Sahel,Femme,Nombre,2012,582730.0,2012,2012,annuelle,2012,Population du Burkina Faso par région et selon le sexe.csv,demographie
Population du Burkina Faso par région et selon le sexe en milieu d'année,Sahel,Femme,Nombre,2013,601499.0,2013,2013,annuelle,2013,Population du Burkina Faso par région et selon le sexe.csv,demographie
Population du Burkina Faso par région et selon le sexe en milieu d'année,Sahel,Femme,Nombre,2014,620706.0,2014,2014,annuelle,2014,Population du Burkina Faso par région et selon le sexe.csv,demographie
Population du Burkina Faso par région et selon le sexe en milieu d'année,Sahel,Femme,Nombre,2015,640290.0,2015,2015,annuelle,2015,Population du Burkina Faso par région et selon le sexe.csv,demographie
Population du Burkina Faso par région et selon le sexe en milieu d'année,Sahel,Femme,Nombre,2016,660302.0,2016,2016,annuelle,2016,Population du Burkina Faso par région et selon le sexe.csv,demographie
Population du Burkina Faso par région et selon le sexe en milieu d'année,Sahel,Femme,Nombre,2017,680747.0,2017,2017,annuelle,2017,Population du Burkina Faso par région et selon le sexe.csv,demographie
Population du Burkina Faso par région et selon le sexe en milieu d'année,Sahel,Femme,Nombre,2018,701625.0,2018,2018,annuelle,2018,Population du Burkina Faso par région et selon le sexe.csv,demographie
Population du Burkina Faso par région et selon le sexe en milieu d'année,Sahel,Femme,Nombre,2019,541341.0,2019,2019,annuelle,2019,Population du Burkina Faso par région et selon le sexe.csv,demographie
Population du Burkina Faso par région et selon le sexe en milieu d'année,Sahel,Femme,Nombre,2020,553975.0,2020,2020,annuelle,2020,Population du Burkina Faso par région et selon le sexe.csv,demographie
Population du Burkina Faso par région et selon le sexe en milieu d'année,Sahel,Femme,Nombre,2021,567775.0,2021,2021,annuelle,2021,Population du Burkina Faso par région et selon le sexe.csv,demographie
Population du Burkina Faso par région et selon le sexe en milieu d'année,Sahel,Femme,Nombre,2022,581713.0,2022,2022,annuelle,2022,Population du Burkina Faso par région et selon le sexe.csv,demographie
Population du Burkina Faso par région et selon le sexe en milieu d'année,Sahel,Femme,Nombre,2023,595753.0,2023,2023,annuelle,2023,Population du Burkina Faso par région et selon le sexe.csv,demographie
Population du Burkina Faso par région et selon le sexe en milieu d'année,Sahel,Femme,Nombre,2024,609881.0,2024,2024,annuelle,2024,Population du Burkina Faso par région et selon le sexe.csv,demographie
Population du Burkina Faso par région et selon le sexe en milieu d'année,Sahel,Ensemble,Nombre,1997,719571.0,1997,1997,annuelle,1997,Population du Burkina Faso par région et selon le sexe.csv,demographie
Population du Burkina Faso par région et selon le sexe en milieu d'année,Sahel,Ensemble,Nombre,1998,742406.0,1998,1998,annuelle,1998,Population du Burkina Faso par région et selon le sexe.csv,demographie
Population du Burkina Faso par région et selon le sexe en milieu d'année,Sahel,Ensemble,Nombre,1999,765974.0,1999,1999,annuelle,1999,Population du Burkina Faso par région et selon le sexe.csv,demographie
Population du Burkina Faso par région et selon le sexe en milieu d'année,Sahel,Ensemble,Nombre,2000,790298.0,2000,2000,annuelle,2000,Population du Burkina Faso par région et selon le sexe.csv,demographie
Population du Burkina Faso par région et selon le sexe en milieu d'année,Sahel,Ensemble,Nombre,2001,815400.0,2001,2001,annuelle,2001,Population du Burkina Faso par région et selon le sexe.csv,demographie
Population du Burkina Faso par région et selon le sexe en milieu d'année,Sahel,Ensemble,Nombre,2002,841306.0,2002,2002,annuelle,2002,Population du Burkina Faso par région et selon le sexe.csv,demographie
Population du Burkina Faso par région et selon le sexe en milieu d'année,Sahel,Ensemble,Nombre,2003,868043.0,2003,2003,annuelle,2003,Population du Burkina Faso par région et selon le sexe.csv,demographie
Population du Burkina Faso par région et selon le sexe en milieu d'année,Sahel,Ensemble,Nombre,2004,895639.0,2004,2004,annuelle,2004,Population du Burkina Faso par région et selon le sexe.csv,demographie
Population du Burkina Faso par région et selon le sexe en milieu d'année,Sahel,Ensemble,Nombre,2005,924120.0,2005,2005,annuelle,2005,Population du Burkina Faso par région et selon le sexe.csv,demographie
Population du Burkina Faso par région et selon le sexe en milieu d'année,Sahel,Ensemble,Nombre,2006,953514.0,2006,2006,annuelle,2006,Population du Burkina Faso par région et selon le sexe.csv,demographie
Population du Burkina Faso par région et selon le sexe en milieu d'année,Sahel,Ensemble,Nombre,2007,984577.0,2007,2007,annuelle,2007,Population du Burkina Faso par région et selon le sexe.csv,demographie
Population du Burkina Faso par région et selon le sexe en milieu d'année,Sahel,Ensemble,Nombre,2008,1017550.0,2008,2008,annuelle,2008,Population du Burkina Faso par région et selon le sexe.csv,demographie
Population du Burkina Faso par région et selon le sexe en milieu d'année,Sahel,Ensemble,Nombre,2009,1051494.0,2009,2009,annuelle,2009,Population du Burkina Faso par région et selon le sexe.csv,demographie
Population du Burkina Faso par région et selon le sexe en milieu d'année,Sahel,Ensemble,Nombre,2010,1086250.0,2010,2010,annuelle,2010,Population du Burkina Faso par région et selon le sexe.csv,demographie
Population du Burkina Faso par région et selon le sexe en milieu d'année,Sahel,Ensemble,Nombre,2011,1121764.0,2011,2011,annuelle,2011,Population du Burkina Faso par région et selon le sexe.csv,demographie
Population du Burkina Faso par région et selon le sexe en milieu d'année,Sahel,Ensemble,Nombre,2012,1158147.0,2012,2012,annuelle,2012,Population du Burkina Faso par région et selon le sexe.csv,demographie
Population du Burkina Faso par région et selon le sexe en milieu d'année,Sahel,Ensemble,Nombre,2013,1195388.0,2013,2013,annuelle,2013,Population du Burkina Faso par région et selon le sexe.csv,demographie
Population du Burkina Faso par région et selon le sexe en milieu d'année,Sahel,Ensemble,Nombre,2014,1233559.0,2014,2014,annuelle,2014,Population du Burkina Faso par région et selon le sexe.csv,demographie
Population du Burkina Faso par région et selon le sexe en milieu d'année,Sahel,Ensemble,Nombre,2015,1272545.0,2015,2015,annuelle,2015,Population du Burkina Faso par région et selon le sexe.csv,demographie
Population du Burkina Faso par région et selon le sexe en milieu d'année,Sahel,Ensemble,Nombre,2016,1312463.0,2016,2016,annuelle,2016,Population du Burkina Faso par région et selon le sexe.csv,demographie
Population du Burkina Faso par région et selon le sexe en milieu d'année,Sahel,Ensemble,Nombre,2017,1353307.0,2017,2017,annuelle,2017,Population du Burkina Faso par région et selon le sexe.csv,demographie
Population du Burkina Faso par région et selon le sexe en milieu d'année,Sahel,Ensemble,Nombre,2018,1395109.0,2018,2018,annuelle,2018,Population du Burkina Faso par région et selon le sexe.csv,demographie
Population du Burkina Faso par région et selon le sexe en milieu d'année,Sahel,Ensemble,Nombre,2019,1098177.0,2019,2019,annuelle,2019,Population du Burkina Faso par région et selon le sexe.csv,demographie
Population du Burkina Faso par région et selon le sexe en milieu d'année,Sahel,Ensemble,Nombre,2020,1109198.0,2020,2020,annuelle,2020,Population du Burkina Faso par région et selon le sexe.csv,demographie
Population du Burkina Faso par région et selon le sexe en milieu d'année,Sahel,Ensemble,Nombre,2021,1137465.0,2021,2021,annuelle,2021,Population du Burkina Faso par région et selon le sexe.csv,demographie
Population du Burkina Faso par région et selon le sexe en milieu d'année,Sahel,Ensemble,Nombre,2022,1166007.0,2022,2022,annuelle,2022,Population du Burkina Faso par région et selon le sexe.csv,demographie
Population du Burkina Faso par région et selon le sexe en milieu d'année,Sahel,Ensemble,Nombre,2023,1194762.0,2023,2023,annuelle,2023,Population du Burkina Faso par région et selon le sexe.csv,demographie
Population du Burkina Faso par région et selon le sexe en milieu d'année,Sahel,Ensemble,Nombre,2024,1223695.0,2024,2024,annuelle,2024,Population du Burkina Faso par région et selon le sexe.csv,demographie
Population du Burkina Faso par région et selon le sexe en milieu d'année,Sud-Ouest,Homme,Nombre,1997,235759.0,1997,1997,annuelle,1997,Population du Burkina Faso par région et selon le sexe.csv,demographie
Population du Burkina Faso par région et selon le sexe en milieu d'année,Sud-Ouest,Homme,Nombre,1998,241736.0,1998,1998,annuelle,1998,Population du Burkina Faso par région et selon le sexe.csv,demographie
Population du Burkina Faso par région et selon le sexe en milieu d'année,Sud-Ouest,Homme,Nombre,1999,247869.0,1999,1999,annuelle,1999,Population du Burkina Faso par région et selon le sexe.csv,demographie
Population du Burkina Faso par région et selon le sexe en milieu d'année,Sud-Ouest,Homme,Nombre,2000,254163.0,2000,2000,annuelle,2000,Population du Burkina Faso par région et selon le sexe.csv,demographie
Population du Burkina Faso par région et selon le sexe en milieu d'année,Sud-Ouest,Homme,Nombre,2001,260622.0,2001,2001,annuelle,2001,Population du Burkina Faso par région et selon le sexe.csv,demographie
Population du Burkina Faso par région et selon le sexe en milieu d'année,Sud-Ouest,Homme,Nombre,2002,267249.0,2002,2002,annuelle,2002,Population du Burkina Faso par région et selon le sexe.csv,demographie
Population du Burkina Faso par région et selon le sexe en milieu d'année,Sud-Ouest,Homme,Nombre,2003,274051.0,2003,2003,annuelle,2003,Population du Burkina Faso par région et selon le sexe.csv,demographie
Population du Burkina Faso par région et selon le sexe en milieu d'année,Sud-Ouest,Homme,Nombre,2004,281029.0,2004,2004,annuelle,2004,Population du Burkina Faso par région et selon le sexe.csv,demographie
Population du Burkina Faso par région et selon le sexe en milieu d'année,Sud-Ouest,Homme,Nombre,2005,288191.0,2005,2005,annuelle,2005,Population du Burkina Faso par région et selon le sexe.csv,demographie
Population du Burkina Faso par région et selon le sexe en milieu d'année,Sud-Ouest,Homme,Nombre,2006,295542.0,2006,2006,annuelle,2006,Population du Burkina Faso par région et selon le sexe.csv,demographie
Population du Burkina Faso par région et selon le sexe en milieu d'année,Sud-Ouest,Homme,Nombre,2007,302324.0,2007,2007,annuelle,2007,Population du Burkina Faso par région et selon le sexe.csv,demographie
Population du Burkina Faso par région et selon le sexe en milieu d'année,Sud-Ouest,Homme,Nombre,2008,311354.0,2008,2008,annuelle,2008,Population du Burkina Faso par région et selon le sexe.csv,demographie
Population du Burkina Faso par région et selon le sexe en milieu d'année,Sud-Ouest,Homme,Nombre,2009,320676.0,2009,2009,annuelle,2009,Population du Burkina Faso par région et selon le sexe.csv,demographie
Population du Burkina Faso par région et selon le sexe en milieu d'année,Sud-Ouest,Homme,Nombre,2010,330239.0,2010,2010,annuelle,2010,Population du Burkina Faso par région et selon le sexe.csv,demographie
Population du Burkina Faso par région et selon le sexe en milieu d'année,Sud-Ouest,Homme,Nombre,2011,340030.0,2011,2011,annuelle,2011,Population du Burkina Faso par région et selon le sexe.csv,demographie
Population du Burkina Faso par région et selon le sexe en milieu d'année,Sud-Ouest,Homme,Nombre,2012,350085.0,2012,2012,annuelle,2012,Population du Burkina Faso par région et selon le sexe.csv,demographie
Population du Burkina Faso par région et selon le sexe en milieu d'année,Sud-Ouest,Homme,Nombre,2013,360395.0,2013,2013,annuelle,2013,Population du Burkina Faso par région et selon le sexe.csv,demographie
Population du Burkina Faso par région et selon le sexe en milieu d'année,Sud-Ouest,Homme,Nombre,2014,370993.0,2014,2014,annuelle,2014,Population du Burkina Faso par région et selon le sexe.csv,demographie
Population du Burkina Faso par région et selon le sexe en milieu d'année,Sud-Ouest,Homme,Nombre,2015,381847.0,2015,2015,annuelle,2015,Population du Burkina Faso par région et selon le sexe.csv,demographie
Population du Burkina Faso par région et selon le sexe en milieu d'année,Sud-Ouest,Homme,Nombre,2016,393000.0,2016,2016,annuelle,2016,Population du Burkina Faso par région et selon le sexe.csv,demographie
Population du Burkina Faso par région et selon le sexe en milieu d'année,Sud-Ouest,Homme,Nombre,2017,404440.0,2017,2017,annuelle,2017,Population du Burkina Faso par région et selon le sexe.csv,demographie
Population du Burkina Faso par région et selon le sexe en milieu d'année,Sud-Ouest,Homme,Nombre,2018,416188.0,2018,2018,annuelle,2018,Population du Burkina Faso par région et selon le sexe.csv,demographie
Population du Burkina Faso par région et selon le sexe en milieu d'année,Sud-Ouest,Homme,Nombre,2019,423178.0,2019,2019,annuelle,2019,Population du Burkina Faso par région et selon le sexe.csv,demographie
Population du Burkina Faso par région et selon le sexe en milieu d'année,Sud-Ouest,Homme,Nombre,2020,426712.0,2020,2020,annuelle,2020,Population du Burkina Faso par région et selon le sexe.csv,demographie
Population du Burkina Faso par région et selon le sexe en milieu d'année,Sud-Ouest,Homme,Nombre,2021,438877.0,2021,2021,annuelle,2021,Population du Burkina Faso par région et selon le sexe.csv,demographie
Population du Burkina Faso par région et selon le sexe en milieu d'année,Sud-Ouest,Homme,Nombre,2022,451166.0,2022,2022,annuelle,2022,Population du Burkina Faso par région et selon le sexe.csv,demographie
Population du Burkina Faso par région et selon le sexe en milieu d'année,Sud-Ouest,Homme,Nombre,2023,463555.0,2023,2023,annuelle,2023,Population du Burkina Faso par région et selon le sexe.csv,demographie
Population du Burkina Faso par région et selon le sexe en milieu d'année,Sud-Ouest,Homme,Nombre,2024,476026.0,2024,2024,annuelle,2024,Population du Burkina Faso par région et selon le sexe.csv,demographie
Population du Burkina Faso par région et selon le sexe en milieu d'année,Sud-Ouest,Femme,Nombre,1997,255575.0,1997,1997,annuelle,1997,Population du Burkina Faso par région et selon le sexe.csv,demographie
Population du Burkina Faso par région et selon le sexe en milieu d'année,Sud-Ouest,Femme,Nombre,1998,261789.0,1998,1998,annuelle,1998,Population du Burkina Faso par région et selon le sexe.csv,demographie
Population du Burkina Faso par région et selon le sexe en milieu d'année,Sud-Ouest,Femme,Nombre,1999,268162.0,1999,1999,annuelle,1999,Population du Burkina Faso par région et selon le sexe.csv,demographie
Population du Burkina Faso par région et selon le sexe en milieu d'année,Sud-Ouest,Femme,Nombre,2000,274699.0,2000,2000,annuelle,2000,Population du Burkina Faso par région et selon le sexe.csv,demographie
Population du Burkina Faso par région et selon le sexe en milieu d'année,Sud-Ouest,Femme,Nombre,2001,281406.0,2001,2001,annuelle,2001,Population du Burkina Faso par région et selon le sexe.csv,demographie
Population du Burkina Faso par région et selon le sexe en milieu d'année,Sud-Ouest,Femme,Nombre,2002,288289.0,2002,2002,annuelle,2002,Population du Burkina Faso par région et selon le sexe.csv,demographie
Population du Burkina Faso par région et selon le sexe en milieu d'année,Sud-Ouest,Femme,Nombre,2003,295346.0,2003,2003,annuelle,2003,Population du Burkina Faso par région et selon le sexe.csv,demographie
Population du Burkina Faso par région et selon le sexe en milieu d'année,Sud-Ouest,Femme,Nombre,2004,302589.0,2004,2004,annuelle,2004,Population du Burkina Faso par région et selon le sexe.csv,demographie
Population du Burkina Faso par région et selon le sexe en milieu d'année,Sud-Ouest,Femme,Nombre,2005,310020.0,2005,2005,annuelle,2005,Population du Burkina Faso par région et selon le sexe.csv,demographie
Population du Burkina Faso par région et selon le sexe en milieu d'année,Sud-Ouest,Femme,Nombre,2006,317643.0,2006,2006,annuelle,2006,Population du Burkina Faso par région et selon le sexe.csv,demographie
Population du Burkina Faso par région et selon le sexe en milieu d'année,Sud-Ouest,Femme,Nombre,2007,326746.0,2007,2007,annuelle,2007,Population du Burkina Faso par région et selon le sexe.csv,demographie
Population du Burkina Faso par région et selon le sexe en milieu d'année,Sud-Ouest,Femme,Nombre,2008,336769.0,2008,2008,annuelle,2008,Population du Burkina Faso par région et selon le sexe.csv,demographie
Population du Burkina Faso par région et selon le sexe en milieu d'année,Sud-Ouest,Femme,Nombre,2009,347061.0,2009,2009,annuelle,2009,Population du Burkina Faso par région et selon le sexe.csv,demographie
Population du Burkina Faso par région et selon le sexe en milieu d'année,Sud-Ouest,Femme,Nombre,2010,357587.0,2010,2010,annuelle,2010,Population du Burkina Faso par région et selon le sexe.csv,demographie
Population du Burkina Faso par région et selon le sexe en milieu d'année,Sud-Ouest,Femme,Nombre,2011,368306.0,2011,2011,annuelle,2011,Population du Burkina Faso par région et selon le sexe.csv,demographie
Population du Burkina Faso par région et selon le sexe en milieu d'année,Sud-Ouest,Femme,Nombre,2012,379277.0,2012,2012,annuelle,2012,Population du Burkina Faso par région et selon le sexe.csv,demographie
Population du Burkina Faso par région et selon le sexe en milieu d'année,Sud-Ouest,Femme,Nombre,2013,390498.0,2013,2013,annuelle,2013,Population du Burkina Faso par région et selon le sexe.csv,demographie
Population du Burkina Faso par région et selon le sexe en milieu d'année,Sud-Ouest,Femme,Nombre,2014,401980.0,2014,2014,annuelle,2014,Population du Burkina Faso par région et selon le sexe.csv,demographie
Population du Burkina Faso par région et selon le sexe en milieu d'année,Sud-Ouest,Femme,Nombre,2015,413702.0,2015,2015,annuelle,2015,Population du Burkina Faso par région et selon le sexe.csv,demographie
Population du Burkina Faso par région et selon le sexe en milieu d'année,Sud-Ouest,Femme,Nombre,2016,425685.0,2016,2016,annuelle,2016,Population du Burkina Faso par région et selon le sexe.csv,demographie
Population du Burkina Faso par région et selon le sexe en milieu d'année,Sud-Ouest,Femme,Nombre,2017,437942.0,2017,2017,annuelle,2017,Population du Burkina Faso par région et selon le sexe.csv,demographie
Population du Burkina Faso par région et selon le sexe en milieu d'année,Sud-Ouest,Femme,Nombre,2018,450474.0,2018,2018,annuelle,2018,Population du Burkina Faso par région et selon le sexe.csv,demographie
Population du Burkina Faso par région et selon le sexe en milieu d'année,Sud-Ouest,Femme,Nombre,2019,452264.0,2019,2019,annuelle,2019,Population du Burkina Faso par région et selon le sexe.csv,demographie
Population du Burkina Faso par région et selon le sexe en milieu d'année,Sud-Ouest,Femme,Nombre,2020,459687.0,2020,2020,annuelle,2020,Population du Burkina Faso par région et selon le sexe.csv,demographie
Population du Burkina Faso par région et selon le sexe en milieu d'année,Sud-Ouest,Femme,Nombre,2021,472265.0,2021,2021,annuelle,2021,Population du Burkina Faso par région et selon le sexe.csv,demographie
Population du Burkina Faso par région et selon le sexe en milieu d'année,Sud-Ouest,Femme,Nombre,2022,484974.0,2022,2022,annuelle,2022,Population du Burkina Faso par région et selon le sexe.csv,demographie
Population du Burkina Faso par région et selon le sexe en milieu d'année,Sud-Ouest,Femme,Nombre,2023,497782.0,2023,2023,annuelle,2023,Population du Burkina Faso par région et selon le sexe.csv,demographie
Population du Burkina Faso par région et selon le sexe en milieu d'année,Sud-Ouest,Femme,Nombre,2024,510674.0,2024,2024,annuelle,2024,Population du Burkina Faso par région et selon le sexe.csv,demographie
Population du Burkina Faso par région et selon le sexe en milieu d'année,Sud-Ouest,Ensemble,Nombre,1997,491334.0,1997,1997,annuelle,1997,Population du Burkina Faso par région et selon le sexe.csv,demographie
Population du Burkina Faso par région et selon le sexe en milieu d'année,Sud-Ouest,Ensemble,Nombre,1998,503525.0,1998,1998,annuelle,1998,Population du Burkina Faso par région et selon le sexe.csv,demographie
Population du Burkina Faso par région et selon le sexe en milieu d'année,Sud-Ouest,Ensemble,Nombre,1999,516031.0,1999,1999,annuelle,1999,Population du Burkina Faso par région et selon le sexe.csv,demographie
Population du Burkina Faso par région et selon le sexe en milieu d'année,Sud-Ouest,Ensemble,Nombre,2000,528862.0,2000,2000,annuelle,2000,Population du Burkina Faso par région et selon le sexe.csv,demographie
Population du Burkina Faso par région et selon le sexe en milieu d'année,Sud-Ouest,Ensemble,Nombre,2001,542028.0,2001,2001,annuelle,2001,Population du Burkina Faso par région et selon le sexe.csv,demographie
Population du Burkina Faso par région et selon le sexe en milieu d'année,Sud-Ouest,Ensemble,Nombre,2002,555538.0,2002,2002,annuelle,2002,Population du Burkina Faso par région et selon le sexe.csv,demographie
Population du Burkina Faso par région et selon le sexe en milieu d'année,Sud-Ouest,Ensemble,Nombre,2003,569397.0,2003,2003,annuelle,2003,Population du Burkina Faso par région et selon le sexe.csv,demographie
Population du Burkina Faso par région et selon le sexe en milieu d'année,Sud-Ouest,Ensemble,Nombre,2004,583618.0,2004,2004,annuelle,2004,Population du Burkina Faso par région et selon le sexe.csv,demographie
Population du Burkina Faso par région et selon le sexe en milieu d'année,Sud-Ouest,Ensemble,Nombre,2005,598211.0,2005,2005,annuelle,2005,Population du Burkina Faso par région et selon le sexe.csv,demographie
Population du Burkina Faso par région et selon le sexe en milieu d'année,Sud-Ouest,Ensemble,Nombre,2006,613185.0,2006,2006,annuelle,2006,Population du Burkina Faso par région et selon le sexe.csv,demographie
Population du Burkina Faso par région et selon le sexe en milieu d'année,Sud-Ouest,Ensemble,Nombre,2007,629070.0,2007,2007,annuelle,2007,Population du Burkina Faso par région et selon le sexe.csv,demographie
Population du Burkina Faso par région et selon le sexe en milieu d'année,Sud-Ouest,Ensemble,Nombre,2008,648123.0,2008,2008,annuelle,2008,Population du Burkina Faso par région et selon le sexe.csv,demographie
Population du Burkina Faso par région et selon le sexe en milieu d'année,Sud-Ouest,Ensemble,Nombre,2009,667737.0,2009,2009,annuelle,2009,Population du Burkina Faso par région et selon le sexe.csv,demographie
Population du Burkina Faso par région et selon le sexe en milieu d'année,Sud-Ouest,Ensemble,Nombre,2010,687826.0,2010,2010,annuelle,2010,Population du Burkina Faso par région et selon le sexe.csv,demographie
Population du Burkina Faso par région et selon le sexe en milieu d'année,Sud-Ouest,Ensemble,Nombre,2011,708336.0,2011,2011,annuelle,2011,Population du Burkina Faso par région et selon le sexe.csv,demographie
Population du Burkina Faso par région et selon le sexe en milieu d'année,Sud-Ouest,Ensemble,Nombre,2012,729362.0,2012,2012,annuelle,2012,Population du Burkina Faso par région et selon le sexe.csv,demographie
Population du Burkina Faso par région et selon le sexe en milieu d'année,Sud-Ouest,Ensemble,Nombre,2013,750893.0,2013,2013,annuelle,2013,Population du Burkina Faso par région et selon le sexe.csv,demographie
Population du Burkina Faso par région et selon le sexe en milieu d'année,Sud-Ouest,Ensemble,Nombre,2014,772973.0,2014,2014,annuelle,2014,Population du Burkina Faso par région et selon le sexe.csv,demographie
Population du Burkina Faso par région et selon le sexe en milieu d'année,Sud-Ouest,Ensemble,Nombre,2015,795549.0,2015,2015,annuelle,2015,Population du Burkina Faso par région et selon le sexe.csv,demographie
Population du Burkina Faso par région et selon le sexe en milieu d'année,Sud-Ouest,Ensemble,Nombre,2016,818685.0,2016,2016,annuelle,2016,Population du Burkina Faso par région et selon le sexe.csv,demographie
Population du Burkina Faso par région et selon le sexe en milieu d'année,Sud-Ouest,Ensemble,Nombre,2017,842382.0,2017,2017,annuelle,2017,Population du Burkina Faso par région et selon le sexe.csv,demographie
Population du Burkina Faso par région et selon le sexe en milieu d'année,Sud-Ouest,Ensemble,Nombre,2018,866662.0,2018,2018,annuelle,2018,Population du Burkina Faso par région et selon le sexe.csv,demographie
Population du Burkina Faso par région et selon le sexe en milieu d'année,Sud-Ouest,Ensemble,Nombre,2019,875442.0,2019,2019,annuelle,2019,Population du Burkina Faso par région et selon le sexe.csv,demographie
Population du Burkina Faso par région et selon le sexe en milieu d'année,Sud-Ouest,Ensemble,Nombre,2020,886399.0,2020,2020,annuelle,2020,Population du Burkina Faso par région et selon le sexe.csv,demographie
Population du Burkina Faso par région et selon le sexe en milieu d'année,Sud-Ouest,Ensemble,Nombre,2021,911142.0,2021,2021,annuelle,2021,Population du Burkina Faso par région et selon le sexe.csv,demographie
Population du Burkina Faso par région et selon le sexe en milieu d'année,Sud-Ouest,Ensemble,Nombre,2022,936140.0,2022,2022,annuelle,2022,Population du Burkina Faso par région et selon le sexe.csv,demographie
Population du Burkina Faso par région et selon le sexe en milieu d'année,Sud-Ouest,Ensemble,Nombre,2023,961337.0,2023,2023,annuelle,2023,Population du Burkina Faso par région et selon le sexe.csv,demographie
Population du Burkina Faso par région et selon le sexe en milieu d'année,Sud-Ouest,Ensemble,Nombre,2024,986700.0,2024,2024,annuelle,2024,Population du Burkina Faso par région et selon le sexe.csv,demographie
