domaine,sous_domaine,fichier_source,indicateur,categorie_1,categorie_2,unite,annee,valeur,pays,region,milieu,sexe
Sante,Infrastructures,Evolution des Infrastructures sanitaires.csv,Evolution des Infrastructures sanitaires,Hôpitaux nationaux,,Nombre,1996,2,Burkina Faso,,,
Sante,Infrastructures,Evolution des Infrastructures sanitaires.csv,Evolution des Infrastructures sanitaires,Hôpitaux nationaux,,Nombre,1997,2,Burkina Faso,,,
Sante,Infrastructures,Evolution des Infrastructures sanitaires.csv,Evolution des Infrastructures sanitaires,Hôpitaux nationaux,,Nombre,1998,2,Burkina Faso,,,
Sante,Infrastructures,Evolution des Infrastructures sanitaires.csv,Evolution des Infrastructures sanitaires,Hôpitaux nationaux,,Nombre,1999,2,Burkina Faso,,,
Sante,Infrastructures,Evolution des Infrastructures sanitaires.csv,Evolution des Infrastructures sanitaires,Hôpitaux nationaux,,Nombre,2000,2,Burkina Faso,,,
Sante,Infrastructures,Evolution des Infrastructures sanitaires.csv,Evolution des Infrastructures sanitaires,Hôpitaux nationaux,,Nombre,2001,3,Burkina Faso,,,
Sante,Infrastructures,Evolution des Infrastructures sanitaires.csv,Evolution des Infrastructures sanitaires,Hôpitaux nationaux,,Nombre,2002,3,Burkina Faso,,,
Sante,Infrastructures,Evolution des Infrastructures sanitaires.csv,Evolution des Infrastructures sanitaires,Hôpitaux nationaux,,Nombre,2003,3,Burkina Faso,,,
Sante,Infrastructures,Evolution des Infrastructures sanitaires.csv,Evolution des Infrastructures sanitaires,Hôpitaux nationaux,,Nombre,2004,3,Burkina Faso,,,
Sante,Infrastructures,Evolution des Infrastructures sanitaires.csv,Evolution des Infrastructures sanitaires,Hôpitaux nationaux,,Nombre,2005,3,Burkina Faso,,,
Sante,Infrastructures,Evolution des Infrastructures sanitaires.csv,Evolution des Infrastructures sanitaires,Hôpitaux nationaux,,Nombre,2006,3,Burkina Faso,,,
Sante,Infrastructures,Evolution des Infrastructures sanitaires.csv,Evolution des Infrastructures sanitaires,Hôpitaux nationaux,,Nombre,2007,3,Burkina Faso,,,
Sante,Infrastructures,Evolution des Infrastructures sanitaires.csv,Evolution des Infrastructures sanitaires,Hôpitaux nationaux,,Nombre,2008,3,Burkina Faso,,,
Sante,Infrastructures,Evolution des Infrastructures sanitaires.csv,Evolution des Infrastructures sanitaires,Hôpitaux nationaux,,Nombre,2009,3,Burkina Faso,,,
Sante,Infrastructures,Evolution des Infrastructures sanitaires.csv,Evolution des Infrastructures sanitaires,Hôpitaux nationaux,,Nombre,2010,3,Burkina Faso,,,
Sante,Infrastructures,Evolution des Infrastructures sanitaires.csv,Evolution des Infrastructures sanitaires,Hôpitaux nationaux,,Nombre,2011,4,Burkina Faso,,,
Sante,Infrastructures,Evolution des Infrastructures sanitaires.csv,Evolution des Infrastructures sanitaires,Hôpitaux nationaux,,Nombre,2012,4,Burkina Faso,,,
Sante,Infrastructures,Evolution des Infrastructures sanitaires.csv,Evolution des Infrastructures sanitaires,Hôpitaux nationaux,,Nombre,2013,4,Burkina Faso,,,
Sante,Infrastructures,Evolution des Infrastructures sanitaires.csv,Evolution des Infrastructures sanitaires,Hôpitaux nationaux,,Nombre,2014,4,Burkina Faso,,,
Sante,Infrastructures,Evolution des Infrastructures sanitaires.csv,Evolution des Infrastructures sanitaires,Hôpitaux nationaux,,Nombre,2015,4,Burkina Faso,,,
Sante,Infrastructures,Evolution des Infrastructures sanitaires.csv,Evolution des Infrastructures sanitaires,Hôpitaux nationaux,,Nombre,2016,5,Burkina Faso,,,
Sante,Infrastructures,Evolution des Infrastructures sanitaires.csv,Evolution des Infrastructures sanitaires,Hôpitaux nationaux,,Nombre,2017,6,Burkina Faso,,,
Sante,Infrastructures,Evolution des Infrastructures sanitaires.csv,Evolution des Infrastructures sanitaires,Hôpitaux nationaux,,Nombre,2018,6,Burkina Faso,,,
Sante,Infrastructures,Evolution des Infrastructures sanitaires.csv,Evolution des Infrastructures sanitaires,Hôpitaux nationaux,,Nombre,2019,6,Burkina Faso,,,
Sante,Infrastructures,Evolution des Infrastructures sanitaires.csv,Evolution des Infrastructures sanitaires,Hôpitaux nationaux,,Nombre,2020,6,Burkina Faso,,,
Sante,Infrastructures,Evolution des Infrastructures sanitaires.csv,Evolution des Infrastructures sanitaires,Hôpitaux nationaux,,Nombre,2021,6,Burkina Faso,,,
Sante,Infrastructures,Evolution des Infrastructures sanitaires.csv,Evolution des Infrastructures sanitaires,Hôpitaux nationaux,,Nombre,2022,6,Burkina Faso,,,
Sante,Infrastructures,Evolution des Infrastructures sanitaires.csv,Evolution des Infrastructures sanitaires,Hôpitaux nationaux,,Nombre,2023,6,Burkina Faso,,,
Sante,Infrastructures,Evolution des Infrastructures sanitaires.csv,Evolution des Infrastructures sanitaires,Hôpitaux régionaux,,Nombre,1996,9,Burkina Faso,,,
Sante,Infrastructures,Evolution des Infrastructures sanitaires.csv,Evolution des Infrastructures sanitaires,Hôpitaux régionaux,,Nombre,1997,9,Burkina Faso,,,
Sante,Infrastructures,Evolution des Infrastructures sanitaires.csv,Evolution des Infrastructures sanitaires,Hôpitaux régionaux,,Nombre,1998,9,Burkina Faso,,,
Sante,Infrastructures,Evolution des Infrastructures sanitaires.csv,Evolution des Infrastructures sanitaires,Hôpitaux régionaux,,Nombre,1999,9,Burkina Faso,,,
Sante,Infrastructures,Evolution des Infrastructures sanitaires.csv,Evolution des Infrastructures sanitaires,Hôpitaux régionaux,,Nombre,2000,9,Burkina Faso,,,
Sante,Infrastructures,Evolution des Infrastructures sanitaires.csv,Evolution des Infrastructures sanitaires,Hôpitaux régionaux,,Nombre,2001,9,Burkina Faso,,,
Sante,Infrastructures,Evolution des Infrastructures sanitaires.csv,Evolution des Infrastructures sanitaires,Hôpitaux régionaux,,Nombre,2002,9,Burkina Faso,,,
Sante,Infrastructures,Evolution des Infrastructures sanitaires.csv,Evolution des Infrastructures sanitaires,Hôpitaux régionaux,,Nombre,2003,9,Burkina Faso,,,
Sante,Infrastructures,Evolution des Infrastructures sanitaires.csv,Evolution des Infrastructures sanitaires,Hôpitaux régionaux,,Nombre,2004,9,Burkina Faso,,,
Sante,Infrastructures,Evolution des Infrastructures sanitaires.csv,Evolution des Infrastructures sanitaires,Hôpitaux régionaux,,Nombre,2005,9,Burkina Faso,,,
Sante,Infrastructures,Evolution des Infrastructures sanitaires.csv,Evolution des Infrastructures sanitaires,Hôpitaux régionaux,,Nombre,2006,9,Burkina Faso,,,
Sante,Infrastructures,Evolution des Infrastructures sanitaires.csv,Evolution des Infrastructures sanitaires,Hôpitaux régionaux,,Nombre,2007,9,Burkina Faso,,,
Sante,Infrastructures,Evolution des Infrastructures sanitaires.csv,Evolution des Infrastructures sanitaires,Hôpitaux régionaux,,Nombre,2008,9,Burkina Faso,,,
Sante,Infrastructures,Evolution des Infrastructures sanitaires.csv,Evolution des Infrastructures sanitaires,Hôpitaux régionaux,,Nombre,2009,9,Burkina Faso,,,
Sante,Infrastructures,Evolution des Infrastructures sanitaires.csv,Evolution des Infrastructures sanitaires,Hôpitaux régionaux,,Nombre,2010,9,Burkina Faso,,,
Sante,Infrastructures,Evolution des Infrastructures sanitaires.csv,Evolution des Infrastructures sanitaires,Hôpitaux régionaux,,Nombre,2011,9,Burkina Faso,,,
Sante,Infrastructures,Evolution des Infrastructures sanitaires.csv,Evolution des Infrastructures sanitaires,Hôpitaux régionaux,,Nombre,2012,9,Burkina Faso,,,
Sante,Infrastructures,Evolution des Infrastructures sanitaires.csv,Evolution des Infrastructures sanitaires,Hôpitaux régionaux,,Nombre,2013,9,Burkina Faso,,,
Sante,Infrastructures,Evolution des Infrastructures sanitaires.csv,Evolution des Infrastructures sanitaires,Hôpitaux régionaux,,Nombre,2014,9,Burkina Faso,,,
Sante,Infrastructures,Evolution des Infrastructures sanitaires.csv,Evolution des Infrastructures sanitaires,Hôpitaux régionaux,,Nombre,2015,9,Burkina Faso,,,
Sante,Infrastructures,Evolution des Infrastructures sanitaires.csv,Evolution des Infrastructures sanitaires,Hôpitaux régionaux,,Nombre,2016,8,Burkina Faso,,,
Sante,Infrastructures,Evolution des Infrastructures sanitaires.csv,Evolution des Infrastructures sanitaires,Hôpitaux régionaux,,Nombre,2017,8,Burkina Faso,,,
Sante,Infrastructures,Evolution des Infrastructures sanitaires.csv,Evolution des Infrastructures sanitaires,Hôpitaux régionaux,,Nombre,2018,8,Burkina Faso,,,
Sante,Infrastructures,Evolution des Infrastructures sanitaires.csv,Evolution des Infrastructures sanitaires,Hôpitaux régionaux,,Nombre,2019,9,Burkina Faso,,,
Sante,Infrastructures,Evolution des Infrastructures sanitaires.csv,Evolution des Infrastructures sanitaires,Hôpitaux régionaux,,Nombre,2020,9,Burkina Faso,,,
Sante,Infrastructures,Evolution des Infrastructures sanitaires.csv,Evolution des Infrastructures sanitaires,Hôpitaux régionaux,,Nombre,2021,9,Burkina Faso,,,
Sante,Infrastructures,Evolution des Infrastructures sanitaires.csv,Evolution des Infrastructures sanitaires,Hôpitaux régionaux,,Nombre,2022,9,Burkina Faso,,,
Sante,Infrastructures,Evolution des Infrastructures sanitaires.csv,Evolution des Infrastructures sanitaires,Hôpitaux régionaux,,Nombre,2023,9,Burkina Faso,,,
Sante,Infrastructures,Evolution des Infrastructures sanitaires.csv,Evolution des Infrastructures sanitaires,Centres médicaux et CMA,,Nombre,1996,72,Burkina Faso,,,
Sante,Infrastructures,Evolution des Infrastructures sanitaires.csv,Evolution des Infrastructures sanitaires,Centres médicaux et CMA,,Nombre,1997,73,Burkina Faso,,,
Sante,Infrastructures,Evolution des Infrastructures sanitaires.csv,Evolution des Infrastructures sanitaires,Centres médicaux et CMA,,Nombre,1998,72,Burkina Faso,,,
Sante,Infrastructures,Evolution des Infrastructures sanitaires.csv,Evolution des Infrastructures sanitaires,Centres médicaux et CMA,,Nombre,1999,72,Burkina Faso,,,
Sante,Infrastructures,Evolution des Infrastructures sanitaires.csv,Evolution des Infrastructures sanitaires,Centres médicaux et CMA,,Nombre,2000,72,Burkina Faso,,,
Sante,Infrastructures,Evolution des Infrastructures sanitaires.csv,Evolution des Infrastructures sanitaires,Centres médicaux et CMA,,Nombre,2001,69,Burkina Faso,,,
Sante,Infrastructures,Evolution des Infrastructures sanitaires.csv,Evolution des Infrastructures sanitaires,Centres médicaux et CMA,,Nombre,2002,64,Burkina Faso,,,
Sante,Infrastructures,Evolution des Infrastructures sanitaires.csv,Evolution des Infrastructures sanitaires,Centres médicaux et CMA,,Nombre,2003,71,Burkina Faso,,,
Sante,Infrastructures,Evolution des Infrastructures sanitaires.csv,Evolution des Infrastructures sanitaires,Centres médicaux et CMA,,Nombre,2004,83,Burkina Faso,,,
Sante,Infrastructures,Evolution des Infrastructures sanitaires.csv,Evolution des Infrastructures sanitaires,Centres médicaux et CMA,,Nombre,2005,76,Burkina Faso,,,
Sante,Infrastructures,Evolution des Infrastructures sanitaires.csv,Evolution des Infrastructures sanitaires,Centres médicaux et CMA,,Nombre,2006,68,Burkina Faso,,,
Sante,Infrastructures,Evolution des Infrastructures sanitaires.csv,Evolution des Infrastructures sanitaires,Centres médicaux et CMA,,Nombre,2007,75,Burkina Faso,,,
Sante,Infrastructures,Evolution des Infrastructures sanitaires.csv,Evolution des Infrastructures sanitaires,Centres médicaux et CMA,,Nombre,2008,74,Burkina Faso,,,
Sante,Infrastructures,Evolution des Infrastructures sanitaires.csv,Evolution des Infrastructures sanitaires,Centres médicaux et CMA,,Nombre,2009,73,Burkina Faso,,,
Sante,Infrastructures,Evolution des Infrastructures sanitaires.csv,Evolution des Infrastructures sanitaires,Centres médicaux et CMA,,Nombre,2010,73,Burkina Faso,,,
Sante,Infrastructures,Evolution des Infrastructures sanitaires.csv,Evolution des Infrastructures sanitaires,Centres médicaux et CMA,,Nombre,2011,80,Burkina Faso,,,
Sante,Infrastructures,Evolution des Infrastructures sanitaires.csv,Evolution des Infrastructures sanitaires,Centres médicaux et CMA,,Nombre,2012,95,Burkina Faso,,,
Sante,Infrastructures,Evolution des Infrastructures sanitaires.csv,Evolution des Infrastructures sanitaires,Centres médicaux et CMA,,Nombre,2013,77,Burkina Faso,,,
Sante,Infrastructures,Evolution des Infrastructures sanitaires.csv,Evolution des Infrastructures sanitaires,Centres médicaux et CMA,,Nombre,2014,82,Burkina Faso,,,
Sante,Infrastructures,Evolution des Infrastructures sanitaires.csv,Evolution des Infrastructures sanitaires,Centres médicaux et CMA,,Nombre,2015,90,Burkina Faso,,,
Sante,Infrastructures,Evolution des Infrastructures sanitaires.csv,Evolution des Infrastructures sanitaires,Centres médicaux et CMA,,Nombre,2016,98,Burkina Faso,,,
Sante,Infrastructures,Evolution des Infrastructures sanitaires.csv,Evolution des Infrastructures sanitaires,Centres médicaux et CMA,,Nombre,2017,102,Burkina Faso,,,
Sante,Infrastructures,Evolution des Infrastructures sanitaires.csv,Evolution des Infrastructures sanitaires,Centres médicaux et CMA,,Nombre,2018,167,Burkina Faso,,,
Sante,Infrastructures,Evolution des Infrastructures sanitaires.csv,Evolution des Infrastructures sanitaires,Centres médicaux et CMA,,Nombre,2019,116,Burkina Faso,,,
Sante,Infrastructures,Evolution des Infrastructures sanitaires.csv,Evolution des Infrastructures sanitaires,Centres médicaux et CMA,,Nombre,2020,117,Burkina Faso,,,
Sante,Infrastructures,Evolution des Infrastructures sanitaires.csv,Evolution des Infrastructures sanitaires,Centres médicaux et CMA,,Nombre,2021,129,Burkina Faso,,,
Sante,Infrastructures,Evolution des Infrastructures sanitaires.csv,Evolution des Infrastructures sanitaires,Centres médicaux et CMA,,Nombre,2022,145,Burkina Faso,,,
Sante,Infrastructures,Evolution des Infrastructures sanitaires.csv,Evolution des Infrastructures sanitaires,Centres médicaux et CMA,,Nombre,2023,162,Burkina Faso,,,
Sante,Infrastructures,Evolution des Infrastructures sanitaires.csv,Evolution des Infrastructures sanitaires,"Centre de Santé et de Promotion Sociale, dispensaires, maternités",,Nombre,1996,721,Burkina Faso,,,
Sante,Infrastructures,Evolution des Infrastructures sanitaires.csv,Evolution des Infrastructures sanitaires,"Centre de Santé et de Promotion Sociale, dispensaires, maternités",,Nombre,1997,767,Burkina Faso,,,
Sante,Infrastructures,Evolution des Infrastructures sanitaires.csv,Evolution des Infrastructures sanitaires,"Centre de Santé et de Promotion Sociale, dispensaires, maternités",,Nombre,1998,769,Burkina Faso,,,
Sante,Infrastructures,Evolution des Infrastructures sanitaires.csv,Evolution des Infrastructures sanitaires,"Centre de Santé et de Promotion Sociale, dispensaires, maternités",,Nombre,1999,774,Burkina Faso,,,
Sante,Infrastructures,Evolution des Infrastructures sanitaires.csv,Evolution des Infrastructures sanitaires,"Centre de Santé et de Promotion Sociale, dispensaires, maternités",,Nombre,2000,798,Burkina Faso,,,
Sante,Infrastructures,Evolution des Infrastructures sanitaires.csv,Evolution des Infrastructures sanitaires,"Centre de Santé et de Promotion Sociale, dispensaires, maternités",,Nombre,2001,835,Burkina Faso,,,
Sante,Infrastructures,Evolution des Infrastructures sanitaires.csv,Evolution des Infrastructures sanitaires,"Centre de Santé et de Promotion Sociale, dispensaires, maternités",,Nombre,2002,1051,Burkina Faso,,,
Sante,Infrastructures,Evolution des Infrastructures sanitaires.csv,Evolution des Infrastructures sanitaires,"Centre de Santé et de Promotion Sociale, dispensaires, maternités",,Nombre,2003,1147,Burkina Faso,,,
Sante,Infrastructures,Evolution des Infrastructures sanitaires.csv,Evolution des Infrastructures sanitaires,"Centre de Santé et de Promotion Sociale, dispensaires, maternités",,Nombre,2004,1148,Burkina Faso,,,
Sante,Infrastructures,Evolution des Infrastructures sanitaires.csv,Evolution des Infrastructures sanitaires,"Centre de Santé et de Promotion Sociale, dispensaires, maternités",,Nombre,2005,1172,Burkina Faso,,,
Sante,Infrastructures,Evolution des Infrastructures sanitaires.csv,Evolution des Infrastructures sanitaires,"Centre de Santé et de Promotion Sociale, dispensaires, maternités",,Nombre,2006,1211,Burkina Faso,,,
Sante,Infrastructures,Evolution des Infrastructures sanitaires.csv,Evolution des Infrastructures sanitaires,"Centre de Santé et de Promotion Sociale, dispensaires, maternités",,Nombre,2007,1268,Burkina Faso,,,
Sante,Infrastructures,Evolution des Infrastructures sanitaires.csv,Evolution des Infrastructures sanitaires,"Centre de Santé et de Promotion Sociale, dispensaires, maternités",,Nombre,2008,1352,Burkina Faso,,,
Sante,Infrastructures,Evolution des Infrastructures sanitaires.csv,Evolution des Infrastructures sanitaires,"Centre de Santé et de Promotion Sociale, dispensaires, maternités",,Nombre,2009,1373,Burkina Faso,,,
Sante,Infrastructures,Evolution des Infrastructures sanitaires.csv,Evolution des Infrastructures sanitaires,"Centre de Santé et de Promotion Sociale, dispensaires, maternités",,Nombre,2010,1429,Burkina Faso,,,
Sante,Infrastructures,Evolution des Infrastructures sanitaires.csv,Evolution des Infrastructures sanitaires,"Centre de Santé et de Promotion Sociale, dispensaires, maternités",,Nombre,2011,1443,Burkina Faso,,,
Sante,Infrastructures,Evolution des Infrastructures sanitaires.csv,Evolution des Infrastructures sanitaires,"Centre de Santé et de Promotion Sociale, dispensaires, maternités",,Nombre,2012,1495,Burkina Faso,,,
Sante,Infrastructures,Evolution des Infrastructures sanitaires.csv,Evolution des Infrastructures sanitaires,"Centre de Santé et de Promotion Sociale, dispensaires, maternités",,Nombre,2013,1606,Burkina Faso,,,
Sante,Infrastructures,Evolution des Infrastructures sanitaires.csv,Evolution des Infrastructures sanitaires,"Centre de Santé et de Promotion Sociale, dispensaires, maternités",,Nombre,2014,1643,Burkina Faso,,,
Sante,Infrastructures,Evolution des Infrastructures sanitaires.csv,Evolution des Infrastructures sanitaires,"Centre de Santé et de Promotion Sociale, dispensaires, maternités",,Nombre,2015,1698,Burkina Faso,,,
Sante,Infrastructures,Evolution des Infrastructures sanitaires.csv,Evolution des Infrastructures sanitaires,"Centre de Santé et de Promotion Sociale, dispensaires, maternités",,Nombre,2016,1760,Burkina Faso,,,
Sante,Infrastructures,Evolution des Infrastructures sanitaires.csv,Evolution des Infrastructures sanitaires,"Centre de Santé et de Promotion Sociale, dispensaires, maternités",,Nombre,2017,1839,Burkina Faso,,,
Sante,Infrastructures,Evolution des Infrastructures sanitaires.csv,Evolution des Infrastructures sanitaires,"Centre de Santé et de Promotion Sociale, dispensaires, maternités",,Nombre,2018,1955,Burkina Faso,,,
Sante,Infrastructures,Evolution des Infrastructures sanitaires.csv,Evolution des Infrastructures sanitaires,"Centre de Santé et de Promotion Sociale, dispensaires, maternités",,Nombre,2019,1948,Burkina Faso,,,
Sante,Infrastructures,Evolution des Infrastructures sanitaires.csv,Evolution des Infrastructures sanitaires,"Centre de Santé et de Promotion Sociale, dispensaires, maternités",,Nombre,2020,2041,Burkina Faso,,,
Sante,Infrastructures,Evolution des Infrastructures sanitaires.csv,Evolution des Infrastructures sanitaires,"Centre de Santé et de Promotion Sociale, dispensaires, maternités",,Nombre,2021,2126,Burkina Faso,,,
Sante,Infrastructures,Evolution des Infrastructures sanitaires.csv,Evolution des Infrastructures sanitaires,"Centre de Santé et de Promotion Sociale, dispensaires, maternités",,Nombre,2022,2207,Burkina Faso,,,
Sante,Infrastructures,Evolution des Infrastructures sanitaires.csv,Evolution des Infrastructures sanitaires,"Centre de Santé et de Promotion Sociale, dispensaires, maternités",,Nombre,2023,2233,Burkina Faso,,,
Sante,Infrastructures,Evolution des Infrastructures sanitaires.csv,Evolution des Infrastructures sanitaires,Dispensaires seuls,,Nombre,1996,130,Burkina Faso,,,
Sante,Infrastructures,Evolution des Infrastructures sanitaires.csv,Evolution des Infrastructures sanitaires,Dispensaires seuls,,Nombre,1997,124,Burkina Faso,,,
Sante,Infrastructures,Evolution des Infrastructures sanitaires.csv,Evolution des Infrastructures sanitaires,Dispensaires seuls,,Nombre,1998,130,Burkina Faso,,,
Sante,Infrastructures,Evolution des Infrastructures sanitaires.csv,Evolution des Infrastructures sanitaires,Dispensaires seuls,,Nombre,1999,145,Burkina Faso,,,
Sante,Infrastructures,Evolution des Infrastructures sanitaires.csv,Evolution des Infrastructures sanitaires,Dispensaires seuls,,Nombre,2000,145,Burkina Faso,,,
Sante,Infrastructures,Evolution des Infrastructures sanitaires.csv,Evolution des Infrastructures sanitaires,Dispensaires seuls,,Nombre,2001,145,Burkina Faso,,,
Sante,Infrastructures,Evolution des Infrastructures sanitaires.csv,Evolution des Infrastructures sanitaires,Dispensaires seuls,,Nombre,2002,87,Burkina Faso,,,
Sante,Infrastructures,Evolution des Infrastructures sanitaires.csv,Evolution des Infrastructures sanitaires,Dispensaires seuls,,Nombre,2003,93,Burkina Faso,,,
Sante,Infrastructures,Evolution des Infrastructures sanitaires.csv,Evolution des Infrastructures sanitaires,Dispensaires seuls,,Nombre,2004,67,Burkina Faso,,,
Sante,Infrastructures,Evolution des Infrastructures sanitaires.csv,Evolution des Infrastructures sanitaires,Dispensaires seuls,,Nombre,2005,83,Burkina Faso,,,
Sante,Infrastructures,Evolution des Infrastructures sanitaires.csv,Evolution des Infrastructures sanitaires,Dispensaires seuls,,Nombre,2006,178,Burkina Faso,,,
Sante,Infrastructures,Evolution des Infrastructures sanitaires.csv,Evolution des Infrastructures sanitaires,Dispensaires seuls,,Nombre,2007,101,Burkina Faso,,,
Sante,Infrastructures,Evolution des Infrastructures sanitaires.csv,Evolution des Infrastructures sanitaires,Dispensaires seuls,,Nombre,2008,113,Burkina Faso,,,
Sante,Infrastructures,Evolution des Infrastructures sanitaires.csv,Evolution des Infrastructures sanitaires,Dispensaires seuls,,Nombre,2009,122,Burkina Faso,,,
Sante,Infrastructures,Evolution des Infrastructures sanitaires.csv,Evolution des Infrastructures sanitaires,Dispensaires seuls,,Nombre,2010,124,Burkina Faso,,,
Sante,Infrastructures,Evolution des Infrastructures sanitaires.csv,Evolution des Infrastructures sanitaires,Dispensaires seuls,,Nombre,2011,165,Burkina Faso,,,
Sante,Infrastructures,Evolution des Infrastructures sanitaires.csv,Evolution des Infrastructures sanitaires,Dispensaires seuls,,Nombre,2012,164,Burkina Faso,,,
Sante,Infrastructures,Evolution des Infrastructures sanitaires.csv,Evolution des Infrastructures sanitaires,Dispensaires seuls,,Nombre,2013,123,Burkina Faso,,,
Sante,Infrastructures,Evolution des Infrastructures sanitaires.csv,Evolution des Infrastructures sanitaires,Dispensaires seuls,,Nombre,2014,127,Burkina Faso,,,
Sante,Infrastructures,Evolution des Infrastructures sanitaires.csv,Evolution des Infrastructures sanitaires,Dispensaires seuls,,Nombre,2015,119,Burkina Faso,,,
Sante,Infrastructures,Evolution des Infrastructures sanitaires.csv,Evolution des Infrastructures sanitaires,Dispensaires seuls,,Nombre,2016,134,Burkina Faso,,,
Sante,Infrastructures,Evolution des Infrastructures sanitaires.csv,Evolution des Infrastructures sanitaires,Dispensaires seuls,,Nombre,2017,136,Burkina Faso,,,
Sante,Infrastructures,Evolution des Infrastructures sanitaires.csv,Evolution des Infrastructures sanitaires,Dispensaires seuls,,Nombre,2018,172,Burkina Faso,,,
Sante,Infrastructures,Evolution des Infrastructures sanitaires.csv,Evolution des Infrastructures sanitaires,Dispensaires seuls,,Nombre,2019,131,Burkina Faso,,,
Sante,Infrastructures,Evolution des Infrastructures sanitaires.csv,Evolution des Infrastructures sanitaires,Dispensaires seuls,,Nombre,2020,111,Burkina Faso,,,
Sante,Infrastructures,Evolution des Infrastructures sanitaires.csv,Evolution des Infrastructures sanitaires,Dispensaires seuls,,Nombre,2021,87,Burkina Faso,,,
Sante,Infrastructures,Evolution des Infrastructures sanitaires.csv,Evolution des Infrastructures sanitaires,Dispensaires seuls,,Nombre,2022,51,Burkina Faso,,,
Sante,Infrastructures,Evolution des Infrastructures sanitaires.csv,Evolution des Infrastructures sanitaires,Dispensaires seuls,,Nombre,2023,49,Burkina Faso,,,
Sante,Infrastructures,Evolution des Infrastructures sanitaires.csv,Evolution des Infrastructures sanitaires,Maternités seules,,Nombre,1996,27,Burkina Faso,,,
Sante,Infrastructures,Evolution des Infrastructures sanitaires.csv,Evolution des Infrastructures sanitaires,Maternités seules,,Nombre,1997,32,Burkina Faso,,,
Sante,Infrastructures,Evolution des Infrastructures sanitaires.csv,Evolution des Infrastructures sanitaires,Maternités seules,,Nombre,1998,17,Burkina Faso,,,
Sante,Infrastructures,Evolution des Infrastructures sanitaires.csv,Evolution des Infrastructures sanitaires,Maternités seules,,Nombre,1999,17,Burkina Faso,,,
Sante,Infrastructures,Evolution des Infrastructures sanitaires.csv,Evolution des Infrastructures sanitaires,Maternités seules,,Nombre,2000,46,Burkina Faso,,,
Sante,Infrastructures,Evolution des Infrastructures sanitaires.csv,Evolution des Infrastructures sanitaires,Maternités seules,,Nombre,2001,46,Burkina Faso,,,
Sante,Infrastructures,Evolution des Infrastructures sanitaires.csv,Evolution des Infrastructures sanitaires,Maternités seules,,Nombre,2002,39,Burkina Faso,,,
Sante,Infrastructures,Evolution des Infrastructures sanitaires.csv,Evolution des Infrastructures sanitaires,Maternités seules,,Nombre,2003,28,Burkina Faso,,,
Sante,Infrastructures,Evolution des Infrastructures sanitaires.csv,Evolution des Infrastructures sanitaires,Maternités seules,,Nombre,2004,16,Burkina Faso,,,
Sante,Infrastructures,Evolution des Infrastructures sanitaires.csv,Evolution des Infrastructures sanitaires,Maternités seules,,Nombre,2005,23,Burkina Faso,,,
Sante,Infrastructures,Evolution des Infrastructures sanitaires.csv,Evolution des Infrastructures sanitaires,Maternités seules,,Nombre,2006,18,Burkina Faso,,,
Sante,Infrastructures,Evolution des Infrastructures sanitaires.csv,Evolution des Infrastructures sanitaires,Maternités seules,,Nombre,2007,21,Burkina Faso,,,
Sante,Infrastructures,Evolution des Infrastructures sanitaires.csv,Evolution des Infrastructures sanitaires,Maternités seules,,Nombre,2008,22,Burkina Faso,,,
Sante,Infrastructures,Evolution des Infrastructures sanitaires.csv,Evolution des Infrastructures sanitaires,Maternités seules,,Nombre,2009,22,Burkina Faso,,,
Sante,Infrastructures,Evolution des Infrastructures sanitaires.csv,Evolution des Infrastructures sanitaires,Maternités seules,,Nombre,2010,30,Burkina Faso,,,
Sante,Infrastructures,Evolution des Infrastructures sanitaires.csv,Evolution des Infrastructures sanitaires,Maternités seules,,Nombre,2011,26,Burkina Faso,,,
Sante,Infrastructures,Evolution des Infrastructures sanitaires.csv,Evolution des Infrastructures sanitaires,Maternités seules,,Nombre,2012,24,Burkina Faso,,,
Sante,Infrastructures,Evolution des Infrastructures sanitaires.csv,Evolution des Infrastructures sanitaires,Maternités seules,,Nombre,2013,14,Burkina Faso,,,
Sante,Infrastructures,Evolution des Infrastructures sanitaires.csv,Evolution des Infrastructures sanitaires,Maternités seules,,Nombre,2014,15,Burkina Faso,,,
Sante,Infrastructures,Evolution des Infrastructures sanitaires.csv,Evolution des Infrastructures sanitaires,Maternités seules,,Nombre,2015,12,Burkina Faso,,,
Sante,Infrastructures,Evolution des Infrastructures sanitaires.csv,Evolution des Infrastructures sanitaires,Maternités seules,,Nombre,2016,10,Burkina Faso,,,
Sante,Infrastructures,Evolution des Infrastructures sanitaires.csv,Evolution des Infrastructures sanitaires,Maternités seules,,Nombre,2017,8,Burkina Faso,,,
Sante,Infrastructures,Evolution des Infrastructures sanitaires.csv,Evolution des Infrastructures sanitaires,Maternités seules,,Nombre,2018,9,Burkina Faso,,,
Sante,Infrastructures,Evolution des Infrastructures sanitaires.csv,Evolution des Infrastructures sanitaires,Maternités seules,,Nombre,2019,10,Burkina Faso,,,
Sante,Infrastructures,Evolution des Infrastructures sanitaires.csv,Evolution des Infrastructures sanitaires,Maternités seules,,Nombre,2020,9,Burkina Faso,,,
Sante,Infrastructures,Evolution des Infrastructures sanitaires.csv,Evolution des Infrastructures sanitaires,Maternités seules,,Nombre,2021,9,Burkina Faso,,,
Sante,Infrastructures,Evolution des Infrastructures sanitaires.csv,Evolution des Infrastructures sanitaires,Maternités seules,,Nombre,2022,4,Burkina Faso,,,
Sante,Infrastructures,Evolution des Infrastructures sanitaires.csv,Evolution des Infrastructures sanitaires,Maternités seules,,Nombre,2023,4,Burkina Faso,,,
Sante,Infrastructures,Evolution des Infrastructures sanitaires.csv,Evolution des Infrastructures sanitaires,Infrimerie,,Nombre,2023,213,Burkina Faso,,,
Sante,Infrastructures,Evolution des personnels de santé du secteur public 2017.csv,Evolution des personnels de santé du secteur public à partir de 2017,Médecin Généraliste,Total,Nombre,2017,714,Burkina Faso,,,
Sante,Infrastructures,Evolution des personnels de santé du secteur public 2017.csv,Evolution des personnels de santé du secteur public à partir de 2017,Médecin Généraliste,Total,Nombre,2018,955,Burkina Faso,,,
Sante,Infrastructures,Evolution des personnels de santé du secteur public 2017.csv,Evolution des personnels de santé du secteur public à partir de 2017,Médecin Généraliste,Total,Nombre,2019,1026,Burkina Faso,,,
Sante,Infrastructures,Evolution des personnels de santé du secteur public 2017.csv,Evolution des personnels de santé du secteur public à partir de 2017,Médecin Généraliste,Total,Nombre,2020,1026,Burkina Faso,,,
Sante,Infrastructures,Evolution des personnels de santé du secteur public 2017.csv,Evolution des personnels de santé du secteur public à partir de 2017,Médecin Généraliste,Total,Nombre,2021,1224,Burkina Faso,,,
Sante,Infrastructures,Evolution des personnels de santé du secteur public 2017.csv,Evolution des personnels de santé du secteur public à partir de 2017,Médecin Spécialiste,Total,Nombre,2017,649,Burkina Faso,,,
Sante,Infrastructures,Evolution des personnels de santé du secteur public 2017.csv,Evolution des personnels de santé du secteur public à partir de 2017,Médecin Spécialiste,Total,Nombre,2018,732,Burkina Faso,,,
Sante,Infrastructures,Evolution des personnels de santé du secteur public 2017.csv,Evolution des personnels de santé du secteur public à partir de 2017,Médecin Spécialiste,Total,Nombre,2019,884,Burkina Faso,,,
Sante,Infrastructures,Evolution des personnels de santé du secteur public 2017.csv,Evolution des personnels de santé du secteur public à partir de 2017,Médecin Spécialiste,Total,Nombre,2020,884,Burkina Faso,,,
Sante,Infrastructures,Evolution des personnels de santé du secteur public 2017.csv,Evolution des personnels de santé du secteur public à partir de 2017,Médecin Spécialiste,Total,Nombre,2021,1002,Burkina Faso,,,
Sante,Infrastructures,Evolution des personnels de santé du secteur public 2017.csv,Evolution des personnels de santé du secteur public à partir de 2017,Chirurgien dentiste,Total,Nombre,2017,22,Burkina Faso,,,
Sante,Infrastructures,Evolution des personnels de santé du secteur public 2017.csv,Evolution des personnels de santé du secteur public à partir de 2017,Chirurgien dentiste,Total,Nombre,2018,28,Burkina Faso,,,
Sante,Infrastructures,Evolution des personnels de santé du secteur public 2017.csv,Evolution des personnels de santé du secteur public à partir de 2017,Chirurgien dentiste,Total,Nombre,2019,62,Burkina Faso,,,
Sante,Infrastructures,Evolution des personnels de santé du secteur public 2017.csv,Evolution des personnels de santé du secteur public à partir de 2017,Chirurgien dentiste,Total,Nombre,2020,62,Burkina Faso,,,
Sante,Infrastructures,Evolution des personnels de santé du secteur public 2017.csv,Evolution des personnels de santé du secteur public à partir de 2017,Chirurgien dentiste,Total,Nombre,2021,45,Burkina Faso,,,
Sante,Infrastructures,Evolution des personnels de santé du secteur public 2017.csv,Evolution des personnels de santé du secteur public à partir de 2017,Pharmacien,Total,Nombre,2017,234,Burkina Faso,,,
Sante,Infrastructures,Evolution des personnels de santé du secteur public 2017.csv,Evolution des personnels de santé du secteur public à partir de 2017,Pharmacien,Total,Nombre,2018,239,Burkina Faso,,,
Sante,Infrastructures,Evolution des personnels de santé du secteur public 2017.csv,Evolution des personnels de santé du secteur public à partir de 2017,Pharmacien,Total,Nombre,2019,313,Burkina Faso,,,
Sante,Infrastructures,Evolution des personnels de santé du secteur public 2017.csv,Evolution des personnels de santé du secteur public à partir de 2017,Pharmacien,Total,Nombre,2020,313,Burkina Faso,,,
Sante,Infrastructures,Evolution des personnels de santé du secteur public 2017.csv,Evolution des personnels de santé du secteur public à partir de 2017,Pharmacien,Total,Nombre,2021,329,Burkina Faso,,,
Sante,Infrastructures,Evolution des personnels de santé du secteur public 2017.csv,Evolution des personnels de santé du secteur public à partir de 2017,Attachés de santé,Total,Nombre,2017,2444,Burkina Faso,,,
Sante,Infrastructures,Evolution des personnels de santé du secteur public 2017.csv,Evolution des personnels de santé du secteur public à partir de 2017,Attachés de santé,Total,Nombre,2018,2695,Burkina Faso,,,
Sante,Infrastructures,Evolution des personnels de santé du secteur public 2017.csv,Evolution des personnels de santé du secteur public à partir de 2017,Attachés de santé,Total,Nombre,2019,2956,Burkina Faso,,,
Sante,Infrastructures,Evolution des personnels de santé du secteur public 2017.csv,Evolution des personnels de santé du secteur public à partir de 2017,Attachés de santé,Total,Nombre,2020,2956,Burkina Faso,,,
Sante,Infrastructures,Evolution des personnels de santé du secteur public 2017.csv,Evolution des personnels de santé du secteur public à partir de 2017,Attachés de santé,Total,Nombre,2021,2953,Burkina Faso,,,
Sante,Infrastructures,Evolution des personnels de santé du secteur public 2017.csv,Evolution des personnels de santé du secteur public à partir de 2017,Infirmier Diplômé d'Etat,Total,Nombre,2017,5424,Burkina Faso,,,
Sante,Infrastructures,Evolution des personnels de santé du secteur public 2017.csv,Evolution des personnels de santé du secteur public à partir de 2017,Infirmier Diplômé d'Etat,Total,Nombre,2018,6171,Burkina Faso,,,
Sante,Infrastructures,Evolution des personnels de santé du secteur public 2017.csv,Evolution des personnels de santé du secteur public à partir de 2017,Infirmier Diplômé d'Etat,Total,Nombre,2019,6789,Burkina Faso,,,
Sante,Infrastructures,Evolution des personnels de santé du secteur public 2017.csv,Evolution des personnels de santé du secteur public à partir de 2017,Infirmier Diplômé d'Etat,Total,Nombre,2020,6789,Burkina Faso,,,
Sante,Infrastructures,Evolution des personnels de santé du secteur public 2017.csv,Evolution des personnels de santé du secteur public à partir de 2017,Infirmier Diplômé d'Etat,Total,Nombre,2021,7661,Burkina Faso,,,
Sante,Infrastructures,Evolution des personnels de santé du secteur public 2017.csv,Evolution des personnels de santé du secteur public à partir de 2017,Sages Femme/ Maïeuticiens d’Etat,Total,Nombre,2017,3342,Burkina Faso,,,
Sante,Infrastructures,Evolution des personnels de santé du secteur public 2017.csv,Evolution des personnels de santé du secteur public à partir de 2017,Sages Femme/ Maïeuticiens d’Etat,Total,Nombre,2018,3674,Burkina Faso,,,
Sante,Infrastructures,Evolution des personnels de santé du secteur public 2017.csv,Evolution des personnels de santé du secteur public à partir de 2017,Sages Femme/ Maïeuticiens d’Etat,Total,Nombre,2019,4320,Burkina Faso,,,
Sante,Infrastructures,Evolution des personnels de santé du secteur public 2017.csv,Evolution des personnels de santé du secteur public à partir de 2017,Sages Femme/ Maïeuticiens d’Etat,Total,Nombre,2020,4320,Burkina Faso,,,
Sante,Infrastructures,Evolution des personnels de santé du secteur public 2017.csv,Evolution des personnels de santé du secteur public à partir de 2017,Sages Femme/ Maïeuticiens d’Etat,Total,Nombre,2021,4847,Burkina Faso,,,
Sante,Infrastructures,Evolution des personnels de santé du secteur public 2017.csv,Evolution des personnels de santé du secteur public à partir de 2017,Infirmier Bréveté,Total,Nombre,2017,2099,Burkina Faso,,,
Sante,Infrastructures,Evolution des personnels de santé du secteur public 2017.csv,Evolution des personnels de santé du secteur public à partir de 2017,Infirmier Bréveté,Total,Nombre,2018,2199,Burkina Faso,,,
Sante,Infrastructures,Evolution des personnels de santé du secteur public 2017.csv,Evolution des personnels de santé du secteur public à partir de 2017,Infirmier Bréveté,Total,Nombre,2019,1824,Burkina Faso,,,
Sante,Infrastructures,Evolution des personnels de santé du secteur public 2017.csv,Evolution des personnels de santé du secteur public à partir de 2017,Infirmier Bréveté,Total,Nombre,2020,1824,Burkina Faso,,,
Sante,Infrastructures,Evolution des personnels de santé du secteur public 2017.csv,Evolution des personnels de santé du secteur public à partir de 2017,Infirmier Bréveté,Total,Nombre,2021,1604,Burkina Faso,,,
Sante,Infrastructures,Evolution des personnels de santé du secteur public 2017.csv,Evolution des personnels de santé du secteur public à partir de 2017,Accoucheuse Breveté,Total,Nombre,2017,242,Burkina Faso,,,
Sante,Infrastructures,Evolution des personnels de santé du secteur public 2017.csv,Evolution des personnels de santé du secteur public à partir de 2017,Accoucheuse Breveté,Total,Nombre,2018,471,Burkina Faso,,,
Sante,Infrastructures,Evolution des personnels de santé du secteur public 2017.csv,Evolution des personnels de santé du secteur public à partir de 2017,Accoucheuse Breveté,Total,Nombre,2019,912,Burkina Faso,,,
Sante,Infrastructures,Evolution des personnels de santé du secteur public 2017.csv,Evolution des personnels de santé du secteur public à partir de 2017,Accoucheuse Breveté,Total,Nombre,2020,912,Burkina Faso,,,
Sante,Infrastructures,Evolution des personnels de santé du secteur public 2017.csv,Evolution des personnels de santé du secteur public à partir de 2017,Accoucheuse Breveté,Total,Nombre,2021,1234,Burkina Faso,,,
Sante,Infrastructures,Evolution des personnels de santé du secteur public 2017.csv,Evolution des personnels de santé du secteur public à partir de 2017,Manipulateurs d'Etat en électro radiologie,Total,Nombre,2017,124,Burkina Faso,,,
Sante,Infrastructures,Evolution des personnels de santé du secteur public 2017.csv,Evolution des personnels de santé du secteur public à partir de 2017,Manipulateurs d'Etat en électro radiologie,Total,Nombre,2018,129,Burkina Faso,,,
Sante,Infrastructures,Evolution des personnels de santé du secteur public 2017.csv,Evolution des personnels de santé du secteur public à partir de 2017,Manipulateurs d'Etat en électro radiologie,Total,Nombre,2019,175,Burkina Faso,,,
Sante,Infrastructures,Evolution des personnels de santé du secteur public 2017.csv,Evolution des personnels de santé du secteur public à partir de 2017,Manipulateurs d'Etat en électro radiologie,Total,Nombre,2020,175,Burkina Faso,,,
Sante,Infrastructures,Evolution des personnels de santé du secteur public 2017.csv,Evolution des personnels de santé du secteur public à partir de 2017,Manipulateurs d'Etat en électro radiologie,Total,Nombre,2021,189,Burkina Faso,,,
Sante,Infrastructures,Evolution des personnels de santé du secteur public 2017.csv,Evolution des personnels de santé du secteur public à partir de 2017,Technologiste biomédicale,Total,Nombre,2017,606,Burkina Faso,,,
Sante,Infrastructures,Evolution des personnels de santé du secteur public 2017.csv,Evolution des personnels de santé du secteur public à partir de 2017,Technologiste biomédicale,Total,Nombre,2018,648,Burkina Faso,,,
Sante,Infrastructures,Evolution des personnels de santé du secteur public 2017.csv,Evolution des personnels de santé du secteur public à partir de 2017,Technologiste biomédicale,Total,Nombre,2019,768,Burkina Faso,,,
Sante,Infrastructures,Evolution des personnels de santé du secteur public 2017.csv,Evolution des personnels de santé du secteur public à partir de 2017,Technologiste biomédicale,Total,Nombre,2020,768,Burkina Faso,,,
Sante,Infrastructures,Evolution des personnels de santé du secteur public 2017.csv,Evolution des personnels de santé du secteur public à partir de 2017,Technologiste biomédicale,Total,Nombre,2021,867,Burkina Faso,,,
Sante,Infrastructures,Evolution des personnels de santé du secteur public 2017.csv,Evolution des personnels de santé du secteur public à partir de 2017,Préparateurs d’Etat en pharmacie,Total,Nombre,2017,122,Burkina Faso,,,
Sante,Infrastructures,Evolution des personnels de santé du secteur public 2017.csv,Evolution des personnels de santé du secteur public à partir de 2017,Préparateurs d’Etat en pharmacie,Total,Nombre,2018,129,Burkina Faso,,,
Sante,Infrastructures,Evolution des personnels de santé du secteur public 2017.csv,Evolution des personnels de santé du secteur public à partir de 2017,Préparateurs d’Etat en pharmacie,Total,Nombre,2019,149,Burkina Faso,,,
Sante,Infrastructures,Evolution des personnels de santé du secteur public 2017.csv,Evolution des personnels de santé du secteur public à partir de 2017,Préparateurs d’Etat en pharmacie,Total,Nombre,2020,149,Burkina Faso,,,
Sante,Infrastructures,Evolution des personnels de santé du secteur public 2017.csv,Evolution des personnels de santé du secteur public à partir de 2017,Préparateurs d’Etat en pharmacie,Total,Nombre,2021,165,Burkina Faso,,,
Sante,Infrastructures,Evolution des personnels de santé du secteur public 2017.csv,Evolution des personnels de santé du secteur public à partir de 2017,Technicien de génie sanitaire,Total,Nombre,2017,140,Burkina Faso,,,
Sante,Infrastructures,Evolution des personnels de santé du secteur public 2017.csv,Evolution des personnels de santé du secteur public à partir de 2017,Technicien de génie sanitaire,Total,Nombre,2018,156,Burkina Faso,,,
Sante,Infrastructures,Evolution des personnels de santé du secteur public 2017.csv,Evolution des personnels de santé du secteur public à partir de 2017,Technicien de génie sanitaire,Total,Nombre,2019,224,Burkina Faso,,,
Sante,Infrastructures,Evolution des personnels de santé du secteur public 2017.csv,Evolution des personnels de santé du secteur public à partir de 2017,Technicien de génie sanitaire,Total,Nombre,2020,224,Burkina Faso,,,
Sante,Infrastructures,Evolution des personnels de santé du secteur public 2017.csv,Evolution des personnels de santé du secteur public à partir de 2017,Technicien de génie sanitaire,Total,Nombre,2021,225,Burkina Faso,,,
Sante,Infrastructures,Evolution des personnels de santé du secteur public 2017.csv,Evolution des personnels de santé du secteur public à partir de 2017,Accoucheuse auxiliaire,Total,Nombre,2017,2937,Burkina Faso,,,
Sante,Infrastructures,Evolution des personnels de santé du secteur public 2017.csv,Evolution des personnels de santé du secteur public à partir de 2017,Accoucheuse auxiliaire,Total,Nombre,2018,2631,Burkina Faso,,,
Sante,Infrastructures,Evolution des personnels de santé du secteur public 2017.csv,Evolution des personnels de santé du secteur public à partir de 2017,Accoucheuse auxiliaire,Total,Nombre,2019,2145,Burkina Faso,,,
Sante,Infrastructures,Evolution des personnels de santé du secteur public 2017.csv,Evolution des personnels de santé du secteur public à partir de 2017,Accoucheuse auxiliaire,Total,Nombre,2020,2145,Burkina Faso,,,
Sante,Infrastructures,Evolution des personnels de santé du secteur public 2017.csv,Evolution des personnels de santé du secteur public à partir de 2017,Accoucheuse auxiliaire,Total,Nombre,2021,1837,Burkina Faso,,,
Sante,Infrastructures,Evolution des personnels de santé du secteur public 2017.csv,Evolution des personnels de santé du secteur public à partir de 2017,Agent Itinérant de Santé,Total,Nombre,2017,2729,Burkina Faso,,,
Sante,Infrastructures,Evolution des personnels de santé du secteur public 2017.csv,Evolution des personnels de santé du secteur public à partir de 2017,Agent Itinérant de Santé,Total,Nombre,2018,2784,Burkina Faso,,,
Sante,Infrastructures,Evolution des personnels de santé du secteur public 2017.csv,Evolution des personnels de santé du secteur public à partir de 2017,Agent Itinérant de Santé,Total,Nombre,2019,2978,Burkina Faso,,,
Sante,Infrastructures,Evolution des personnels de santé du secteur public 2017.csv,Evolution des personnels de santé du secteur public à partir de 2017,Agent Itinérant de Santé,Total,Nombre,2020,2978,Burkina Faso,,,
Sante,Infrastructures,Evolution des personnels de santé du secteur public 2017.csv,Evolution des personnels de santé du secteur public à partir de 2017,Agent Itinérant de Santé,Total,Nombre,2021,2935,Burkina Faso,,,
Sante,Infrastructures,Evolution des personnels de santé du secteur public 2017.csv,Evolution des personnels de santé du secteur public à partir de 2017,Fille de salle/Garçon de salle,Total,Nombre,2017,1143,Burkina Faso,,,
Sante,Infrastructures,Evolution des personnels de santé du secteur public 2017.csv,Evolution des personnels de santé du secteur public à partir de 2017,Fille de salle/Garçon de salle,Total,Nombre,2018,1360,Burkina Faso,,,
Sante,Infrastructures,Evolution des personnels de santé du secteur public 2017.csv,Evolution des personnels de santé du secteur public à partir de 2017,Fille de salle/Garçon de salle,Total,Nombre,2019,1329,Burkina Faso,,,
Sante,Infrastructures,Evolution des personnels de santé du secteur public 2017.csv,Evolution des personnels de santé du secteur public à partir de 2017,Fille de salle/Garçon de salle,Total,Nombre,2020,1329,Burkina Faso,,,
Sante,Infrastructures,Evolution des personnels de santé du secteur public 2017.csv,Evolution des personnels de santé du secteur public à partir de 2017,Fille de salle/Garçon de salle,Total,Nombre,2021,1505,Burkina Faso,,,
Sante,Infrastructures,Evolution des personnels de santé du secteur public.csv,Evolution des personnels de santé du secteur public,Médecins,,Nombre,1995,365,Burkina Faso,,,
Sante,Infrastructures,Evolution des personnels de santé du secteur public.csv,Evolution des personnels de santé du secteur public,Médecins,,Nombre,1996,361,Burkina Faso,,,
Sante,Infrastructures,Evolution des personnels de santé du secteur public.csv,Evolution des personnels de santé du secteur public,Médecins,,Nombre,1997,500,Burkina Faso,,,
Sante,Infrastructures,Evolution des personnels de santé du secteur public.csv,Evolution des personnels de santé du secteur public,Médecins,,Nombre,1998,129,Burkina Faso,,,
Sante,Infrastructures,Evolution des personnels de santé du secteur public.csv,Evolution des personnels de santé du secteur public,Médecins,,Nombre,1999,406,Burkina Faso,,,
Sante,Infrastructures,Evolution des personnels de santé du secteur public.csv,Evolution des personnels de santé du secteur public,Médecins,,Nombre,2000,251,Burkina Faso,,,
Sante,Infrastructures,Evolution des personnels de santé du secteur public.csv,Evolution des personnels de santé du secteur public,Médecins,,Nombre,2001,326,Burkina Faso,,,
Sante,Infrastructures,Evolution des personnels de santé du secteur public.csv,Evolution des personnels de santé du secteur public,Médecins,,Nombre,2002,490,Burkina Faso,,,
Sante,Infrastructures,Evolution des personnels de santé du secteur public.csv,Evolution des personnels de santé du secteur public,Médecins,,Nombre,2004,359,Burkina Faso,,,
Sante,Infrastructures,Evolution des personnels de santé du secteur public.csv,Evolution des personnels de santé du secteur public,Médecins,,Nombre,2006,392,Burkina Faso,,,
Sante,Infrastructures,Evolution des personnels de santé du secteur public.csv,Evolution des personnels de santé du secteur public,Médecins,,Nombre,2007,441,Burkina Faso,,,
Sante,Infrastructures,Evolution des personnels de santé du secteur public.csv,Evolution des personnels de santé du secteur public,Médecins,,Nombre,2008,473,Burkina Faso,,,
Sante,Infrastructures,Evolution des personnels de santé du secteur public.csv,Evolution des personnels de santé du secteur public,Médecins,,Nombre,2009,483,Burkina Faso,,,
Sante,Infrastructures,Evolution des personnels de santé du secteur public.csv,Evolution des personnels de santé du secteur public,Médecins,,Nombre,2010,662,Burkina Faso,,,
Sante,Infrastructures,Evolution des personnels de santé du secteur public.csv,Evolution des personnels de santé du secteur public,Médecins,,Nombre,2011,738,Burkina Faso,,,
Sante,Infrastructures,Evolution des personnels de santé du secteur public.csv,Evolution des personnels de santé du secteur public,Médecins,,Nombre,2012,674,Burkina Faso,,,
Sante,Infrastructures,Evolution des personnels de santé du secteur public.csv,Evolution des personnels de santé du secteur public,Médecins,,Nombre,2013,697,Burkina Faso,,,
Sante,Infrastructures,Evolution des personnels de santé du secteur public.csv,Evolution des personnels de santé du secteur public,Médecins,,Nombre,2014,857,Burkina Faso,,,
Sante,Infrastructures,Evolution des personnels de santé du secteur public.csv,Evolution des personnels de santé du secteur public,Médecins,,Nombre,2015,1066,Burkina Faso,,,
Sante,Infrastructures,Evolution des personnels de santé du secteur public.csv,Evolution des personnels de santé du secteur public,Médecins,,Nombre,2016,1059,Burkina Faso,,,
Sante,Infrastructures,Evolution des personnels de santé du secteur public.csv,Evolution des personnels de santé du secteur public,Chirurgiens dentistes,,Nombre,1995,29,Burkina Faso,,,
Sante,Infrastructures,Evolution des personnels de santé du secteur public.csv,Evolution des personnels de santé du secteur public,Chirurgiens dentistes,,Nombre,1996,31,Burkina Faso,,,
Sante,Infrastructures,Evolution des personnels de santé du secteur public.csv,Evolution des personnels de santé du secteur public,Chirurgiens dentistes,,Nombre,1997,26,Burkina Faso,,,
Sante,Infrastructures,Evolution des personnels de santé du secteur public.csv,Evolution des personnels de santé du secteur public,Chirurgiens dentistes,,Nombre,1998,11,Burkina Faso,,,
Sante,Infrastructures,Evolution des personnels de santé du secteur public.csv,Evolution des personnels de santé du secteur public,Chirurgiens dentistes,,Nombre,1999,25,Burkina Faso,,,
Sante,Infrastructures,Evolution des personnels de santé du secteur public.csv,Evolution des personnels de santé du secteur public,Chirurgiens dentistes,,Nombre,2000,17,Burkina Faso,,,
Sante,Infrastructures,Evolution des personnels de santé du secteur public.csv,Evolution des personnels de santé du secteur public,Chirurgiens dentistes,,Nombre,2002,36,Burkina Faso,,,
Sante,Infrastructures,Evolution des personnels de santé du secteur public.csv,Evolution des personnels de santé du secteur public,Chirurgiens dentistes,,Nombre,2004,30,Burkina Faso,,,
Sante,Infrastructures,Evolution des personnels de santé du secteur public.csv,Evolution des personnels de santé du secteur public,Chirurgiens dentistes,,Nombre,2006,50,Burkina Faso,,,
Sante,Infrastructures,Evolution des personnels de santé du secteur public.csv,Evolution des personnels de santé du secteur public,Chirurgiens dentistes,,Nombre,2007,38,Burkina Faso,,,
Sante,Infrastructures,Evolution des personnels de santé du secteur public.csv,Evolution des personnels de santé du secteur public,Chirurgiens dentistes,,Nombre,2008,33,Burkina Faso,,,
Sante,Infrastructures,Evolution des personnels de santé du secteur public.csv,Evolution des personnels de santé du secteur public,Chirurgiens dentistes,,Nombre,2009,31,Burkina Faso,,,
Sante,Infrastructures,Evolution des personnels de santé du secteur public.csv,Evolution des personnels de santé du secteur public,Chirurgiens dentistes,,Nombre,2010,32,Burkina Faso,,,
Sante,Infrastructures,Evolution des personnels de santé du secteur public.csv,Evolution des personnels de santé du secteur public,Chirurgiens dentistes,,Nombre,2011,36,Burkina Faso,,,
Sante,Infrastructures,Evolution des personnels de santé du secteur public.csv,Evolution des personnels de santé du secteur public,Chirurgiens dentistes,,Nombre,2012,35,Burkina Faso,,,
Sante,Infrastructures,Evolution des personnels de santé du secteur public.csv,Evolution des personnels de santé du secteur public,Chirurgiens dentistes,,Nombre,2013,33,Burkina Faso,,,
Sante,Infrastructures,Evolution des personnels de santé du secteur public.csv,Evolution des personnels de santé du secteur public,Chirurgiens dentistes,,Nombre,2014,24,Burkina Faso,,,
Sante,Infrastructures,Evolution des personnels de santé du secteur public.csv,Evolution des personnels de santé du secteur public,Chirurgiens dentistes,,Nombre,2015,23,Burkina Faso,,,
Sante,Infrastructures,Evolution des personnels de santé du secteur public.csv,Evolution des personnels de santé du secteur public,Chirurgiens dentistes,,Nombre,2016,21,Burkina Faso,,,
Sante,Infrastructures,Evolution des personnels de santé du secteur public.csv,Evolution des personnels de santé du secteur public,Pharmaciens,,Nombre,1995,66,Burkina Faso,,,
Sante,Infrastructures,Evolution des personnels de santé du secteur public.csv,Evolution des personnels de santé du secteur public,Pharmaciens,,Nombre,1996,48,Burkina Faso,,,
Sante,Infrastructures,Evolution des personnels de santé du secteur public.csv,Evolution des personnels de santé du secteur public,Pharmaciens,,Nombre,1997,104,Burkina Faso,,,
Sante,Infrastructures,Evolution des personnels de santé du secteur public.csv,Evolution des personnels de santé du secteur public,Pharmaciens,,Nombre,1999,77,Burkina Faso,,,
Sante,Infrastructures,Evolution des personnels de santé du secteur public.csv,Evolution des personnels de santé du secteur public,Pharmaciens,,Nombre,2000,77,Burkina Faso,,,
Sante,Infrastructures,Evolution des personnels de santé du secteur public.csv,Evolution des personnels de santé du secteur public,Pharmaciens,,Nombre,2001,88,Burkina Faso,,,
Sante,Infrastructures,Evolution des personnels de santé du secteur public.csv,Evolution des personnels de santé du secteur public,Pharmaciens,,Nombre,2002,60,Burkina Faso,,,
Sante,Infrastructures,Evolution des personnels de santé du secteur public.csv,Evolution des personnels de santé du secteur public,Pharmaciens,,Nombre,2004,35,Burkina Faso,,,
Sante,Infrastructures,Evolution des personnels de santé du secteur public.csv,Evolution des personnels de santé du secteur public,Pharmaciens,,Nombre,2006,61,Burkina Faso,,,
Sante,Infrastructures,Evolution des personnels de santé du secteur public.csv,Evolution des personnels de santé du secteur public,Pharmaciens,,Nombre,2007,65,Burkina Faso,,,
Sante,Infrastructures,Evolution des personnels de santé du secteur public.csv,Evolution des personnels de santé du secteur public,Pharmaciens,,Nombre,2008,78,Burkina Faso,,,
Sante,Infrastructures,Evolution des personnels de santé du secteur public.csv,Evolution des personnels de santé du secteur public,Pharmaciens,,Nombre,2009,88,Burkina Faso,,,
Sante,Infrastructures,Evolution des personnels de santé du secteur public.csv,Evolution des personnels de santé du secteur public,Pharmaciens,,Nombre,2010,184,Burkina Faso,,,
Sante,Infrastructures,Evolution des personnels de santé du secteur public.csv,Evolution des personnels de santé du secteur public,Pharmaciens,,Nombre,2011,223,Burkina Faso,,,
Sante,Infrastructures,Evolution des personnels de santé du secteur public.csv,Evolution des personnels de santé du secteur public,Pharmaciens,,Nombre,2012,203,Burkina Faso,,,
Sante,Infrastructures,Evolution des personnels de santé du secteur public.csv,Evolution des personnels de santé du secteur public,Pharmaciens,,Nombre,2013,207,Burkina Faso,,,
Sante,Infrastructures,Evolution des personnels de santé du secteur public.csv,Evolution des personnels de santé du secteur public,Pharmaciens,,Nombre,2014,217,Burkina Faso,,,
Sante,Infrastructures,Evolution des personnels de santé du secteur public.csv,Evolution des personnels de santé du secteur public,Pharmaciens,,Nombre,2015,199,Burkina Faso,,,
Sante,Infrastructures,Evolution des personnels de santé du secteur public.csv,Evolution des personnels de santé du secteur public,Pharmaciens,,Nombre,2016,176,Burkina Faso,,,
Sante,Infrastructures,Evolution des personnels de santé du secteur public.csv,Evolution des personnels de santé du secteur public,Infirmiers diplômés d'Etat,,Nombre,1995,794,Burkina Faso,,,
Sante,Infrastructures,Evolution des personnels de santé du secteur public.csv,Evolution des personnels de santé du secteur public,Infirmiers diplômés d'Etat,,Nombre,1996,1309,Burkina Faso,,,
Sante,Infrastructures,Evolution des personnels de santé du secteur public.csv,Evolution des personnels de santé du secteur public,Infirmiers diplômés d'Etat,,Nombre,1997,1514,Burkina Faso,,,
Sante,Infrastructures,Evolution des personnels de santé du secteur public.csv,Evolution des personnels de santé du secteur public,Infirmiers diplômés d'Etat,,Nombre,1998,821,Burkina Faso,,,
Sante,Infrastructures,Evolution des personnels de santé du secteur public.csv,Evolution des personnels de santé du secteur public,Infirmiers diplômés d'Etat,,Nombre,1999,1051,Burkina Faso,,,
Sante,Infrastructures,Evolution des personnels de santé du secteur public.csv,Evolution des personnels de santé du secteur public,Infirmiers diplômés d'Etat,,Nombre,2000,1226,Burkina Faso,,,
Sante,Infrastructures,Evolution des personnels de santé du secteur public.csv,Evolution des personnels de santé du secteur public,Infirmiers diplômés d'Etat,,Nombre,2001,1560,Burkina Faso,,,
Sante,Infrastructures,Evolution des personnels de santé du secteur public.csv,Evolution des personnels de santé du secteur public,Infirmiers diplômés d'Etat,,Nombre,2002,1698,Burkina Faso,,,
Sante,Infrastructures,Evolution des personnels de santé du secteur public.csv,Evolution des personnels de santé du secteur public,Infirmiers diplômés d'Etat,,Nombre,2004,1984,Burkina Faso,,,
Sante,Infrastructures,Evolution des personnels de santé du secteur public.csv,Evolution des personnels de santé du secteur public,Infirmiers diplômés d'Etat,,Nombre,2006,1963,Burkina Faso,,,
Sante,Infrastructures,Evolution des personnels de santé du secteur public.csv,Evolution des personnels de santé du secteur public,Infirmiers diplômés d'Etat,,Nombre,2007,2338,Burkina Faso,,,
Sante,Infrastructures,Evolution des personnels de santé du secteur public.csv,Evolution des personnels de santé du secteur public,Infirmiers diplômés d'Etat,,Nombre,2008,2575,Burkina Faso,,,
Sante,Infrastructures,Evolution des personnels de santé du secteur public.csv,Evolution des personnels de santé du secteur public,Infirmiers diplômés d'Etat,,Nombre,2009,2757,Burkina Faso,,,
Sante,Infrastructures,Evolution des personnels de santé du secteur public.csv,Evolution des personnels de santé du secteur public,Infirmiers diplômés d'Etat,,Nombre,2010,3054,Burkina Faso,,,
Sante,Infrastructures,Evolution des personnels de santé du secteur public.csv,Evolution des personnels de santé du secteur public,Infirmiers diplômés d'Etat,,Nombre,2011,3214,Burkina Faso,,,
Sante,Infrastructures,Evolution des personnels de santé du secteur public.csv,Evolution des personnels de santé du secteur public,Infirmiers diplômés d'Etat,,Nombre,2012,3158,Burkina Faso,,,
Sante,Infrastructures,Evolution des personnels de santé du secteur public.csv,Evolution des personnels de santé du secteur public,Infirmiers diplômés d'Etat,,Nombre,2013,3436,Burkina Faso,,,
Sante,Infrastructures,Evolution des personnels de santé du secteur public.csv,Evolution des personnels de santé du secteur public,Infirmiers diplômés d'Etat,,Nombre,2014,3718,Burkina Faso,,,
Sante,Infrastructures,Evolution des personnels de santé du secteur public.csv,Evolution des personnels de santé du secteur public,Infirmiers diplômés d'Etat,,Nombre,2015,4295,Burkina Faso,,,
Sante,Infrastructures,Evolution des personnels de santé du secteur public.csv,Evolution des personnels de santé du secteur public,Infirmiers diplômés d'Etat,,Nombre,2016,4580,Burkina Faso,,,
Sante,Infrastructures,Evolution des personnels de santé du secteur public.csv,Evolution des personnels de santé du secteur public,Infirmiers brevétés,,Nombre,1995,1284,Burkina Faso,,,
Sante,Infrastructures,Evolution des personnels de santé du secteur public.csv,Evolution des personnels de santé du secteur public,Infirmiers brevétés,,Nombre,1996,1279,Burkina Faso,,,
Sante,Infrastructures,Evolution des personnels de santé du secteur public.csv,Evolution des personnels de santé du secteur public,Infirmiers brevétés,,Nombre,1997,1430,Burkina Faso,,,
Sante,Infrastructures,Evolution des personnels de santé du secteur public.csv,Evolution des personnels de santé du secteur public,Infirmiers brevétés,,Nombre,1998,819,Burkina Faso,,,
Sante,Infrastructures,Evolution des personnels de santé du secteur public.csv,Evolution des personnels de santé du secteur public,Infirmiers brevétés,,Nombre,1999,1191,Burkina Faso,,,
Sante,Infrastructures,Evolution des personnels de santé du secteur public.csv,Evolution des personnels de santé du secteur public,Infirmiers brevétés,,Nombre,2000,1226,Burkina Faso,,,
Sante,Infrastructures,Evolution des personnels de santé du secteur public.csv,Evolution des personnels de santé du secteur public,Infirmiers brevétés,,Nombre,2001,1560,Burkina Faso,,,
Sante,Infrastructures,Evolution des personnels de santé du secteur public.csv,Evolution des personnels de santé du secteur public,Infirmiers brevétés,,Nombre,2002,1698,Burkina Faso,,,
Sante,Infrastructures,Evolution des personnels de santé du secteur public.csv,Evolution des personnels de santé du secteur public,Infirmiers brevétés,,Nombre,2004,1735,Burkina Faso,,,
Sante,Infrastructures,Evolution des personnels de santé du secteur public.csv,Evolution des personnels de santé du secteur public,Infirmiers brevétés,,Nombre,2006,1748,Burkina Faso,,,
Sante,Infrastructures,Evolution des personnels de santé du secteur public.csv,Evolution des personnels de santé du secteur public,Infirmiers brevétés,,Nombre,2007,1924,Burkina Faso,,,
Sante,Infrastructures,Evolution des personnels de santé du secteur public.csv,Evolution des personnels de santé du secteur public,Infirmiers brevétés,,Nombre,2008,2170,Burkina Faso,,,
Sante,Infrastructures,Evolution des personnels de santé du secteur public.csv,Evolution des personnels de santé du secteur public,Infirmiers brevétés,,Nombre,2009,2348,Burkina Faso,,,
Sante,Infrastructures,Evolution des personnels de santé du secteur public.csv,Evolution des personnels de santé du secteur public,Infirmiers brevétés,,Nombre,2010,2558,Burkina Faso,,,
Sante,Infrastructures,Evolution des personnels de santé du secteur public.csv,Evolution des personnels de santé du secteur public,Infirmiers brevétés,,Nombre,2011,2852,Burkina Faso,,,
Sante,Infrastructures,Evolution des personnels de santé du secteur public.csv,Evolution des personnels de santé du secteur public,Infirmiers brevétés,,Nombre,2012,2825,Burkina Faso,,,
Sante,Infrastructures,Evolution des personnels de santé du secteur public.csv,Evolution des personnels de santé du secteur public,Infirmiers brevétés,,Nombre,2013,2650,Burkina Faso,,,
Sante,Infrastructures,Evolution des personnels de santé du secteur public.csv,Evolution des personnels de santé du secteur public,Infirmiers brevétés,,Nombre,2014,2640,Burkina Faso,,,
Sante,Infrastructures,Evolution des personnels de santé du secteur public.csv,Evolution des personnels de santé du secteur public,Infirmiers brevétés,,Nombre,2015,2518,Burkina Faso,,,
Sante,Infrastructures,Evolution des personnels de santé du secteur public.csv,Evolution des personnels de santé du secteur public,Infirmiers brevétés,,Nombre,2016,2470,Burkina Faso,,,
Sante,Infrastructures,Evolution des personnels de santé du secteur public.csv,Evolution des personnels de santé du secteur public,Sages-femmes/Maïeuticiens d'Etat,,Nombre,1995,357,Burkina Faso,,,
Sante,Infrastructures,Evolution des personnels de santé du secteur public.csv,Evolution des personnels de santé du secteur public,Sages-femmes/Maïeuticiens d'Etat,,Nombre,1996,369,Burkina Faso,,,
Sante,Infrastructures,Evolution des personnels de santé du secteur public.csv,Evolution des personnels de santé du secteur public,Sages-femmes/Maïeuticiens d'Etat,,Nombre,1997,460,Burkina Faso,,,
Sante,Infrastructures,Evolution des personnels de santé du secteur public.csv,Evolution des personnels de santé du secteur public,Sages-femmes/Maïeuticiens d'Etat,,Nombre,1998,196,Burkina Faso,,,
Sante,Infrastructures,Evolution des personnels de santé du secteur public.csv,Evolution des personnels de santé du secteur public,Sages-femmes/Maïeuticiens d'Etat,,Nombre,1999,347,Burkina Faso,,,
Sante,Infrastructures,Evolution des personnels de santé du secteur public.csv,Evolution des personnels de santé du secteur public,Sages-femmes/Maïeuticiens d'Etat,,Nombre,2000,280,Burkina Faso,,,
Sante,Infrastructures,Evolution des personnels de santé du secteur public.csv,Evolution des personnels de santé du secteur public,Sages-femmes/Maïeuticiens d'Etat,,Nombre,2001,406,Burkina Faso,,,
Sante,Infrastructures,Evolution des personnels de santé du secteur public.csv,Evolution des personnels de santé du secteur public,Sages-femmes/Maïeuticiens d'Etat,,Nombre,2002,576,Burkina Faso,,,
Sante,Infrastructures,Evolution des personnels de santé du secteur public.csv,Evolution des personnels de santé du secteur public,Sages-femmes/Maïeuticiens d'Etat,,Nombre,2004,504,Burkina Faso,,,
Sante,Infrastructures,Evolution des personnels de santé du secteur public.csv,Evolution des personnels de santé du secteur public,Sages-femmes/Maïeuticiens d'Etat,,Nombre,2006,500,Burkina Faso,,,
Sante,Infrastructures,Evolution des personnels de santé du secteur public.csv,Evolution des personnels de santé du secteur public,Sages-femmes/Maïeuticiens d'Etat,,Nombre,2007,604,Burkina Faso,,,
Sante,Infrastructures,Evolution des personnels de santé du secteur public.csv,Evolution des personnels de santé du secteur public,Sages-femmes/Maïeuticiens d'Etat,,Nombre,2008,697,Burkina Faso,,,
Sante,Infrastructures,Evolution des personnels de santé du secteur public.csv,Evolution des personnels de santé du secteur public,Sages-femmes/Maïeuticiens d'Etat,,Nombre,2009,833,Burkina Faso,,,
Sante,Infrastructures,Evolution des personnels de santé du secteur public.csv,Evolution des personnels de santé du secteur public,Sages-femmes/Maïeuticiens d'Etat,,Nombre,2010,1057,Burkina Faso,,,
Sante,Infrastructures,Evolution des personnels de santé du secteur public.csv,Evolution des personnels de santé du secteur public,Sages-femmes/Maïeuticiens d'Etat,,Nombre,2011,1274,Burkina Faso,,,
Sante,Infrastructures,Evolution des personnels de santé du secteur public.csv,Evolution des personnels de santé du secteur public,Sages-femmes/Maïeuticiens d'Etat,,Nombre,2012,1316,Burkina Faso,,,
Sante,Infrastructures,Evolution des personnels de santé du secteur public.csv,Evolution des personnels de santé du secteur public,Sages-femmes/Maïeuticiens d'Etat,,Nombre,2013,1580,Burkina Faso,,,
Sante,Infrastructures,Evolution des personnels de santé du secteur public.csv,Evolution des personnels de santé du secteur public,Sages-femmes/Maïeuticiens d'Etat,,Nombre,2014,1743,Burkina Faso,,,
Sante,Infrastructures,Evolution des personnels de santé du secteur public.csv,Evolution des personnels de santé du secteur public,Sages-femmes/Maïeuticiens d'Etat,,Nombre,2015,2374,Burkina Faso,,,
Sante,Infrastructures,Evolution des personnels de santé du secteur public.csv,Evolution des personnels de santé du secteur public,Sages-femmes/Maïeuticiens d'Etat,,Nombre,2016,2571,Burkina Faso,,,
Sante,Infrastructures,Evolution des personnels de santé du secteur public.csv,Evolution des personnels de santé du secteur public,Agents itinérants de santé,,Nombre,1995,659,Burkina Faso,,,
Sante,Infrastructures,Evolution des personnels de santé du secteur public.csv,Evolution des personnels de santé du secteur public,Agents itinérants de santé,,Nombre,1996,622,Burkina Faso,,,
Sante,Infrastructures,Evolution des personnels de santé du secteur public.csv,Evolution des personnels de santé du secteur public,Agents itinérants de santé,,Nombre,1997,828,Burkina Faso,,,
Sante,Infrastructures,Evolution des personnels de santé du secteur public.csv,Evolution des personnels de santé du secteur public,Agents itinérants de santé,,Nombre,2004,1202,Burkina Faso,,,
Sante,Infrastructures,Evolution des personnels de santé du secteur public.csv,Evolution des personnels de santé du secteur public,Agents itinérants de santé,,Nombre,2006,1278,Burkina Faso,,,
Sante,Infrastructures,Evolution des personnels de santé du secteur public.csv,Evolution des personnels de santé du secteur public,Agents itinérants de santé,,Nombre,2007,1490,Burkina Faso,,,
Sante,Infrastructures,Evolution des personnels de santé du secteur public.csv,Evolution des personnels de santé du secteur public,Agents itinérants de santé,,Nombre,2008,1583,Burkina Faso,,,
Sante,Infrastructures,Evolution des personnels de santé du secteur public.csv,Evolution des personnels de santé du secteur public,Agents itinérants de santé,,Nombre,2009,1800,Burkina Faso,,,
Sante,Infrastructures,Evolution des personnels de santé du secteur public.csv,Evolution des personnels de santé du secteur public,Agents itinérants de santé,,Nombre,2010,1976,Burkina Faso,,,
Sante,Infrastructures,Evolution des personnels de santé du secteur public.csv,Evolution des personnels de santé du secteur public,Agents itinérants de santé,,Nombre,2011,2102,Burkina Faso,,,
Sante,Infrastructures,Evolution des personnels de santé du secteur public.csv,Evolution des personnels de santé du secteur public,Agents itinérants de santé,,Nombre,2012,2099,Burkina Faso,,,
Sante,Infrastructures,Evolution des personnels de santé du secteur public.csv,Evolution des personnels de santé du secteur public,Agents itinérants de santé,,Nombre,2013,2231,Burkina Faso,,,
Sante,Infrastructures,Evolution des personnels de santé du secteur public.csv,Evolution des personnels de santé du secteur public,Agents itinérants de santé,,Nombre,2014,2812,Burkina Faso,,,
Sante,Infrastructures,Evolution des personnels de santé du secteur public.csv,Evolution des personnels de santé du secteur public,Agents itinérants de santé,,Nombre,2015,2702,Burkina Faso,,,
Sante,Infrastructures,Evolution des personnels de santé du secteur public.csv,Evolution des personnels de santé du secteur public,Agents itinérants de santé,,Nombre,2016,2601,Burkina Faso,,,
Sante,Infrastructures,Evolution des personnels de santé du secteur public.csv,Evolution des personnels de santé du secteur public,Accoucheuses auxiliaires,,Nombre,1995,619,Burkina Faso,,,
Sante,Infrastructures,Evolution des personnels de santé du secteur public.csv,Evolution des personnels de santé du secteur public,Accoucheuses auxiliaires,,Nombre,1996,687,Burkina Faso,,,
Sante,Infrastructures,Evolution des personnels de santé du secteur public.csv,Evolution des personnels de santé du secteur public,Accoucheuses auxiliaires,,Nombre,1997,821,Burkina Faso,,,
Sante,Infrastructures,Evolution des personnels de santé du secteur public.csv,Evolution des personnels de santé du secteur public,Accoucheuses auxiliaires,,Nombre,2004,1746,Burkina Faso,,,
Sante,Infrastructures,Evolution des personnels de santé du secteur public.csv,Evolution des personnels de santé du secteur public,Accoucheuses auxiliaires,,Nombre,2006,1777,Burkina Faso,,,
Sante,Infrastructures,Evolution des personnels de santé du secteur public.csv,Evolution des personnels de santé du secteur public,Accoucheuses auxiliaires,,Nombre,2007,2018,Burkina Faso,,,
Sante,Infrastructures,Evolution des personnels de santé du secteur public.csv,Evolution des personnels de santé du secteur public,Accoucheuses auxiliaires,,Nombre,2008,2101,Burkina Faso,,,
Sante,Infrastructures,Evolution des personnels de santé du secteur public.csv,Evolution des personnels de santé du secteur public,Accoucheuses auxiliaires,,Nombre,2009,2460,Burkina Faso,,,
Sante,Infrastructures,Evolution des personnels de santé du secteur public.csv,Evolution des personnels de santé du secteur public,Accoucheuses auxiliaires,,Nombre,2011,2102,Burkina Faso,,,
Sante,Infrastructures,Evolution des personnels de santé du secteur public.csv,Evolution des personnels de santé du secteur public,Accoucheuses auxiliaires,,Nombre,2012,2982,Burkina Faso,,,
Sante,Infrastructures,Evolution des personnels de santé du secteur public.csv,Evolution des personnels de santé du secteur public,Accoucheuses auxiliaires,,Nombre,2013,2989,Burkina Faso,,,
Sante,Infrastructures,Evolution des personnels de santé du secteur public.csv,Evolution des personnels de santé du secteur public,Accoucheuses auxiliaires,,Nombre,2014,3040,Burkina Faso,,,
Sante,Infrastructures,Evolution des personnels de santé du secteur public.csv,Evolution des personnels de santé du secteur public,Accoucheuses auxiliaires,,Nombre,2015,3380,Burkina Faso,,,
Sante,Infrastructures,Evolution des personnels de santé du secteur public.csv,Evolution des personnels de santé du secteur public,Accoucheuses auxiliaires,,Nombre,2016,3281,Burkina Faso,,,
Sante,Infrastructures,Infrastructures sanitaires par région à partir de 2017.csv,Infrastructures sanitaires par région à partir de 2017,Centre Hospitalier Universitaire,,Nombre,2017,6,Burkina Faso,Burkina Faso,,
Sante,Infrastructures,Infrastructures sanitaires par région à partir de 2017.csv,Infrastructures sanitaires par région à partir de 2017,Centre Hospitalier Universitaire,,Nombre,2018,6,Burkina Faso,Burkina Faso,,
Sante,Infrastructures,Infrastructures sanitaires par région à partir de 2017.csv,Infrastructures sanitaires par région à partir de 2017,Centre Hospitalier Universitaire,,Nombre,2019,6,Burkina Faso,Burkina Faso,,
Sante,Infrastructures,Infrastructures sanitaires par région à partir de 2017.csv,Infrastructures sanitaires par région à partir de 2017,Centre Hospitalier Universitaire,,Nombre,2020,6,Burkina Faso,Burkina Faso,,
Sante,Infrastructures,Infrastructures sanitaires par région à partir de 2017.csv,Infrastructures sanitaires par région à partir de 2017,Centre Hospitalier Universitaire,,Nombre,2021,6,Burkina Faso,Burkina Faso,,
Sante,Infrastructures,Infrastructures sanitaires par région à partir de 2017.csv,Infrastructures sanitaires par région à partir de 2017,Centre Hospitalier Universitaire,,Nombre,2022,6,Burkina Faso,Burkina Faso,,
Sante,Infrastructures,Infrastructures sanitaires par région à partir de 2017.csv,Infrastructures sanitaires par région à partir de 2017,Centre Hospitalier Universitaire,,Nombre,2023,6,Burkina Faso,Burkina Faso,,
Sante,Infrastructures,Infrastructures sanitaires par région à partir de 2017.csv,Infrastructures sanitaires par région à partir de 2017,Centre Hospitalier Régional,,Nombre,2017,8,Burkina Faso,Burkina Faso,,
Sante,Infrastructures,Infrastructures sanitaires par région à partir de 2017.csv,Infrastructures sanitaires par région à partir de 2017,Centre Hospitalier Régional,,Nombre,2018,8,Burkina Faso,Burkina Faso,,
Sante,Infrastructures,Infrastructures sanitaires par région à partir de 2017.csv,Infrastructures sanitaires par région à partir de 2017,Centre Hospitalier Régional,,Nombre,2019,9,Burkina Faso,Burkina Faso,,
Sante,Infrastructures,Infrastructures sanitaires par région à partir de 2017.csv,Infrastructures sanitaires par région à partir de 2017,Centre Hospitalier Régional,,Nombre,2020,9,Burkina Faso,Burkina Faso,,
Sante,Infrastructures,Infrastructures sanitaires par région à partir de 2017.csv,Infrastructures sanitaires par région à partir de 2017,Centre Hospitalier Régional,,Nombre,2021,9,Burkina Faso,Burkina Faso,,
Sante,Infrastructures,Infrastructures sanitaires par région à partir de 2017.csv,Infrastructures sanitaires par région à partir de 2017,Centre Hospitalier Régional,,Nombre,2022,9,Burkina Faso,Burkina Faso,,
Sante,Infrastructures,Infrastructures sanitaires par région à partir de 2017.csv,Infrastructures sanitaires par région à partir de 2017,Centre Hospitalier Régional,,Nombre,2023,9,Burkina Faso,Burkina Faso,,
Sante,Infrastructures,Infrastructures sanitaires par région à partir de 2017.csv,Infrastructures sanitaires par région à partir de 2017,Centre Médical avec Antenne chirurgicale,,Nombre,2017,45,Burkina Faso,Burkina Faso,,
Sante,Infrastructures,Infrastructures sanitaires par région à partir de 2017.csv,Infrastructures sanitaires par région à partir de 2017,Centre Médical avec Antenne chirurgicale,,Nombre,2018,49,Burkina Faso,Burkina Faso,,
Sante,Infrastructures,Infrastructures sanitaires par région à partir de 2017.csv,Infrastructures sanitaires par région à partir de 2017,Centre Médical avec Antenne chirurgicale,,Nombre,2019,45,Burkina Faso,Burkina Faso,,
Sante,Infrastructures,Infrastructures sanitaires par région à partir de 2017.csv,Infrastructures sanitaires par région à partir de 2017,Centre Médical avec Antenne chirurgicale,,Nombre,2020,46,Burkina Faso,Burkina Faso,,
Sante,Infrastructures,Infrastructures sanitaires par région à partir de 2017.csv,Infrastructures sanitaires par région à partir de 2017,Centre Médical avec Antenne chirurgicale,,Nombre,2021,46,Burkina Faso,Burkina Faso,,
Sante,Infrastructures,Infrastructures sanitaires par région à partir de 2017.csv,Infrastructures sanitaires par région à partir de 2017,Centre Médical avec Antenne chirurgicale,,Nombre,2022,46,Burkina Faso,Burkina Faso,,
Sante,Infrastructures,Infrastructures sanitaires par région à partir de 2017.csv,Infrastructures sanitaires par région à partir de 2017,Centre Médical avec Antenne chirurgicale,,Nombre,2023,46,Burkina Faso,Burkina Faso,,
Sante,Infrastructures,Infrastructures sanitaires par région à partir de 2017.csv,Infrastructures sanitaires par région à partir de 2017,Centre Médical,,Nombre,2017,57,Burkina Faso,Burkina Faso,,
Sante,Infrastructures,Infrastructures sanitaires par région à partir de 2017.csv,Infrastructures sanitaires par région à partir de 2017,Centre Médical,,Nombre,2018,118,Burkina Faso,Burkina Faso,,
Sante,Infrastructures,Infrastructures sanitaires par région à partir de 2017.csv,Infrastructures sanitaires par région à partir de 2017,Centre Médical,,Nombre,2019,71,Burkina Faso,Burkina Faso,,
Sante,Infrastructures,Infrastructures sanitaires par région à partir de 2017.csv,Infrastructures sanitaires par région à partir de 2017,Centre Médical,,Nombre,2020,71,Burkina Faso,Burkina Faso,,
Sante,Infrastructures,Infrastructures sanitaires par région à partir de 2017.csv,Infrastructures sanitaires par région à partir de 2017,Centre Médical,,Nombre,2021,83,Burkina Faso,Burkina Faso,,
Sante,Infrastructures,Infrastructures sanitaires par région à partir de 2017.csv,Infrastructures sanitaires par région à partir de 2017,Centre Médical,,Nombre,2022,99,Burkina Faso,Burkina Faso,,
Sante,Infrastructures,Infrastructures sanitaires par région à partir de 2017.csv,Infrastructures sanitaires par région à partir de 2017,Centre Médical,,Nombre,2023,116,Burkina Faso,Burkina Faso,,
Sante,Infrastructures,Infrastructures sanitaires par région à partir de 2017.csv,Infrastructures sanitaires par région à partir de 2017,Centre de Santé et de Promotion Sociale,,Nombre,2017,1839,Burkina Faso,Burkina Faso,,
Sante,Infrastructures,Infrastructures sanitaires par région à partir de 2017.csv,Infrastructures sanitaires par région à partir de 2017,Centre de Santé et de Promotion Sociale,,Nombre,2018,1955,Burkina Faso,Burkina Faso,,
Sante,Infrastructures,Infrastructures sanitaires par région à partir de 2017.csv,Infrastructures sanitaires par région à partir de 2017,Centre de Santé et de Promotion Sociale,,Nombre,2019,1948,Burkina Faso,Burkina Faso,,
Sante,Infrastructures,Infrastructures sanitaires par région à partir de 2017.csv,Infrastructures sanitaires par région à partir de 2017,Centre de Santé et de Promotion Sociale,,Nombre,2020,2041,Burkina Faso,Burkina Faso,,
Sante,Infrastructures,Infrastructures sanitaires par région à partir de 2017.csv,Infrastructures sanitaires par région à partir de 2017,Centre de Santé et de Promotion Sociale,,Nombre,2021,2126,Burkina Faso,Burkina Faso,,
Sante,Infrastructures,Infrastructures sanitaires par région à partir de 2017.csv,Infrastructures sanitaires par région à partir de 2017,Centre de Santé et de Promotion Sociale,,Nombre,2022,2207,Burkina Faso,Burkina Faso,,
Sante,Infrastructures,Infrastructures sanitaires par région à partir de 2017.csv,Infrastructures sanitaires par région à partir de 2017,Centre de Santé et de Promotion Sociale,,Nombre,2023,2233,Burkina Faso,Burkina Faso,,
Sante,Infrastructures,Infrastructures sanitaires par région à partir de 2017.csv,Infrastructures sanitaires par région à partir de 2017,Dispensaire,,Nombre,2017,136,Burkina Faso,Burkina Faso,,
Sante,Infrastructures,Infrastructures sanitaires par région à partir de 2017.csv,Infrastructures sanitaires par région à partir de 2017,Dispensaire,,Nombre,2018,172,Burkina Faso,Burkina Faso,,
Sante,Infrastructures,Infrastructures sanitaires par région à partir de 2017.csv,Infrastructures sanitaires par région à partir de 2017,Dispensaire,,Nombre,2019,131,Burkina Faso,Burkina Faso,,
Sante,Infrastructures,Infrastructures sanitaires par région à partir de 2017.csv,Infrastructures sanitaires par région à partir de 2017,Dispensaire,,Nombre,2020,111,Burkina Faso,Burkina Faso,,
Sante,Infrastructures,Infrastructures sanitaires par région à partir de 2017.csv,Infrastructures sanitaires par région à partir de 2017,Dispensaire,,Nombre,2021,87,Burkina Faso,Burkina Faso,,
Sante,Infrastructures,Infrastructures sanitaires par région à partir de 2017.csv,Infrastructures sanitaires par région à partir de 2017,Dispensaire,,Nombre,2022,51,Burkina Faso,Burkina Faso,,
Sante,Infrastructures,Infrastructures sanitaires par région à partir de 2017.csv,Infrastructures sanitaires par région à partir de 2017,Dispensaire,,Nombre,2023,49,Burkina Faso,Burkina Faso,,
Sante,Infrastructures,Infrastructures sanitaires par région à partir de 2017.csv,Infrastructures sanitaires par région à partir de 2017,Maternités isolées,,Nombre,2017,8,Burkina Faso,Burkina Faso,,
Sante,Infrastructures,Infrastructures sanitaires par région à partir de 2017.csv,Infrastructures sanitaires par région à partir de 2017,Maternités isolées,,Nombre,2018,9,Burkina Faso,Burkina Faso,,
Sante,Infrastructures,Infrastructures sanitaires par région à partir de 2017.csv,Infrastructures sanitaires par région à partir de 2017,Maternités isolées,,Nombre,2019,10,Burkina Faso,Burkina Faso,,
Sante,Infrastructures,Infrastructures sanitaires par région à partir de 2017.csv,Infrastructures sanitaires par région à partir de 2017,Maternités isolées,,Nombre,2020,9,Burkina Faso,Burkina Faso,,
Sante,Infrastructures,Infrastructures sanitaires par région à partir de 2017.csv,Infrastructures sanitaires par région à partir de 2017,Maternités isolées,,Nombre,2021,8,Burkina Faso,Burkina Faso,,
Sante,Infrastructures,Infrastructures sanitaires par région à partir de 2017.csv,Infrastructures sanitaires par région à partir de 2017,Maternités isolées,,Nombre,2022,4,Burkina Faso,Burkina Faso,,
Sante,Infrastructures,Infrastructures sanitaires par région à partir de 2017.csv,Infrastructures sanitaires par région à partir de 2017,Maternités isolées,,Nombre,2023,4,Burkina Faso,Burkina Faso,,
Sante,Infrastructures,Infrastructures sanitaires par région à partir de 2017.csv,Infrastructures sanitaires par région à partir de 2017,Formation Sanitaire Privée,,Nombre,2017,519,Burkina Faso,Burkina Faso,,
Sante,Infrastructures,Infrastructures sanitaires par région à partir de 2017.csv,Infrastructures sanitaires par région à partir de 2017,Formation Sanitaire Privée,,Nombre,2020,641,Burkina Faso,Burkina Faso,,
Sante,Infrastructures,Infrastructures sanitaires par région à partir de 2017.csv,Infrastructures sanitaires par région à partir de 2017,Formation Sanitaire Privée,,Nombre,2021,738,Burkina Faso,Burkina Faso,,
Sante,Infrastructures,Infrastructures sanitaires par région à partir de 2017.csv,Infrastructures sanitaires par région à partir de 2017,Formation Sanitaire Privée,,Nombre,2022,860,Burkina Faso,Burkina Faso,,
Sante,Infrastructures,Infrastructures sanitaires par région à partir de 2017.csv,Infrastructures sanitaires par région à partir de 2017,0fficines et Dépôts privés,,Nombre,2017,863,Burkina Faso,Burkina Faso,,
Sante,Infrastructures,Infrastructures sanitaires par région à partir de 2017.csv,Infrastructures sanitaires par région à partir de 2017,0fficines et Dépôts privés,,Nombre,2018,629,Burkina Faso,Burkina Faso,,
Sante,Infrastructures,Infrastructures sanitaires par région à partir de 2017.csv,Infrastructures sanitaires par région à partir de 2017,0fficines et Dépôts privés,,Nombre,2020,904,Burkina Faso,Burkina Faso,,
Sante,Infrastructures,Infrastructures sanitaires par région à partir de 2017.csv,Infrastructures sanitaires par région à partir de 2017,0fficines et Dépôts privés,,Nombre,2021,908,Burkina Faso,Burkina Faso,,
Sante,Infrastructures,Infrastructures sanitaires par région à partir de 2017.csv,Infrastructures sanitaires par région à partir de 2017,0fficines et Dépôts privés,,Nombre,2022,1123,Burkina Faso,Burkina Faso,,
Sante,Infrastructures,Infrastructures sanitaires par région à partir de 2017.csv,Infrastructures sanitaires par région à partir de 2017,Infirmerie de garnison,,Nombre,2017,19,Burkina Faso,Burkina Faso,,
Sante,Infrastructures,Infrastructures sanitaires par région à partir de 2017.csv,Infrastructures sanitaires par région à partir de 2017,Infirmerie de garnison,,Nombre,2020,2,Burkina Faso,Burkina Faso,,
Sante,Infrastructures,Infrastructures sanitaires par région à partir de 2017.csv,Infrastructures sanitaires par région à partir de 2017,Infirmerie de garnison,,Nombre,2021,18,Burkina Faso,Burkina Faso,,
Sante,Infrastructures,Infrastructures sanitaires par région à partir de 2017.csv,Infrastructures sanitaires par région à partir de 2017,Infirmerie/SST,,Nombre,2017,99,Burkina Faso,Burkina Faso,,
Sante,Infrastructures,Infrastructures sanitaires par région à partir de 2017.csv,Infrastructures sanitaires par région à partir de 2017,Infirmerie/SST,,Nombre,2020,175,Burkina Faso,Burkina Faso,,
Sante,Infrastructures,Infrastructures sanitaires par région à partir de 2017.csv,Infrastructures sanitaires par région à partir de 2017,Infirmerie/SST,,Nombre,2021,183,Burkina Faso,Burkina Faso,,
Sante,Infrastructures,Infrastructures sanitaires par région à partir de 2017.csv,Infrastructures sanitaires par région à partir de 2017,Infirmerie/SST,,Nombre,2022,234,Burkina Faso,Burkina Faso,,
Sante,Infrastructures,Infrastructures sanitaires par région à partir de 2017.csv,Infrastructures sanitaires par région à partir de 2017,Infirmerie/SST,,Nombre,2023,213,Burkina Faso,Burkina Faso,,
Sante,Infrastructures,Infrastructures sanitaires par région à partir de 2017.csv,Infrastructures sanitaires par région à partir de 2017,"Autres (CREN,…)",,Nombre,2017,1,Burkina Faso,Burkina Faso,,
Sante,Infrastructures,Infrastructures sanitaires par région à partir de 2017.csv,Infrastructures sanitaires par région à partir de 2017,Centre Hospitalier Universitaire,,Nombre,2017,0,Burkina Faso,Boucle Du Mouhoun,,
Sante,Infrastructures,Infrastructures sanitaires par région à partir de 2017.csv,Infrastructures sanitaires par région à partir de 2017,Centre Hospitalier Universitaire,,Nombre,2018,0,Burkina Faso,Boucle Du Mouhoun,,
Sante,Infrastructures,Infrastructures sanitaires par région à partir de 2017.csv,Infrastructures sanitaires par région à partir de 2017,Centre Hospitalier Universitaire,,Nombre,2019,0,Burkina Faso,Boucle Du Mouhoun,,
Sante,Infrastructures,Infrastructures sanitaires par région à partir de 2017.csv,Infrastructures sanitaires par région à partir de 2017,Centre Hospitalier Universitaire,,Nombre,2020,0,Burkina Faso,Boucle Du Mouhoun,,
Sante,Infrastructures,Infrastructures sanitaires par région à partir de 2017.csv,Infrastructures sanitaires par région à partir de 2017,Centre Hospitalier Universitaire,,Nombre,2021,0,Burkina Faso,Boucle Du Mouhoun,,
Sante,Infrastructures,Infrastructures sanitaires par région à partir de 2017.csv,Infrastructures sanitaires par région à partir de 2017,Centre Hospitalier Universitaire,,Nombre,2022,0,Burkina Faso,Boucle Du Mouhoun,,
Sante,Infrastructures,Infrastructures sanitaires par région à partir de 2017.csv,Infrastructures sanitaires par région à partir de 2017,Centre Hospitalier Universitaire,,Nombre,2023,0,Burkina Faso,Boucle Du Mouhoun,,
Sante,Infrastructures,Infrastructures sanitaires par région à partir de 2017.csv,Infrastructures sanitaires par région à partir de 2017,Centre Hospitalier Régional,,Nombre,2017,1,Burkina Faso,Boucle Du Mouhoun,,
Sante,Infrastructures,Infrastructures sanitaires par région à partir de 2017.csv,Infrastructures sanitaires par région à partir de 2017,Centre Hospitalier Régional,,Nombre,2018,1,Burkina Faso,Boucle Du Mouhoun,,
Sante,Infrastructures,Infrastructures sanitaires par région à partir de 2017.csv,Infrastructures sanitaires par région à partir de 2017,Centre Hospitalier Régional,,Nombre,2019,1,Burkina Faso,Boucle Du Mouhoun,,
Sante,Infrastructures,Infrastructures sanitaires par région à partir de 2017.csv,Infrastructures sanitaires par région à partir de 2017,Centre Hospitalier Régional,,Nombre,2020,1,Burkina Faso,Boucle Du Mouhoun,,
Sante,Infrastructures,Infrastructures sanitaires par région à partir de 2017.csv,Infrastructures sanitaires par région à partir de 2017,Centre Hospitalier Régional,,Nombre,2021,1,Burkina Faso,Boucle Du Mouhoun,,
Sante,Infrastructures,Infrastructures sanitaires par région à partir de 2017.csv,Infrastructures sanitaires par région à partir de 2017,Centre Hospitalier Régional,,Nombre,2022,1,Burkina Faso,Boucle Du Mouhoun,,
Sante,Infrastructures,Infrastructures sanitaires par région à partir de 2017.csv,Infrastructures sanitaires par région à partir de 2017,Centre Hospitalier Régional,,Nombre,2023,1,Burkina Faso,Boucle Du Mouhoun,,
Sante,Infrastructures,Infrastructures sanitaires par région à partir de 2017.csv,Infrastructures sanitaires par région à partir de 2017,Centre Médical avec Antenne chirurgicale,,Nombre,2017,5,Burkina Faso,Boucle Du Mouhoun,,
Sante,Infrastructures,Infrastructures sanitaires par région à partir de 2017.csv,Infrastructures sanitaires par région à partir de 2017,Centre Médical avec Antenne chirurgicale,,Nombre,2018,5,Burkina Faso,Boucle Du Mouhoun,,
Sante,Infrastructures,Infrastructures sanitaires par région à partir de 2017.csv,Infrastructures sanitaires par région à partir de 2017,Centre Médical avec Antenne chirurgicale,,Nombre,2019,5,Burkina Faso,Boucle Du Mouhoun,,
Sante,Infrastructures,Infrastructures sanitaires par région à partir de 2017.csv,Infrastructures sanitaires par région à partir de 2017,Centre Médical avec Antenne chirurgicale,,Nombre,2020,5,Burkina Faso,Boucle Du Mouhoun,,
Sante,Infrastructures,Infrastructures sanitaires par région à partir de 2017.csv,Infrastructures sanitaires par région à partir de 2017,Centre Médical avec Antenne chirurgicale,,Nombre,2021,5,Burkina Faso,Boucle Du Mouhoun,,
Sante,Infrastructures,Infrastructures sanitaires par région à partir de 2017.csv,Infrastructures sanitaires par région à partir de 2017,Centre Médical avec Antenne chirurgicale,,Nombre,2022,5,Burkina Faso,Boucle Du Mouhoun,,
Sante,Infrastructures,Infrastructures sanitaires par région à partir de 2017.csv,Infrastructures sanitaires par région à partir de 2017,Centre Médical avec Antenne chirurgicale,,Nombre,2023,5,Burkina Faso,Boucle Du Mouhoun,,
Sante,Infrastructures,Infrastructures sanitaires par région à partir de 2017.csv,Infrastructures sanitaires par région à partir de 2017,Centre Médical,,Nombre,2017,6,Burkina Faso,Boucle Du Mouhoun,,
Sante,Infrastructures,Infrastructures sanitaires par région à partir de 2017.csv,Infrastructures sanitaires par région à partir de 2017,Centre Médical,,Nombre,2018,9,Burkina Faso,Boucle Du Mouhoun,,
Sante,Infrastructures,Infrastructures sanitaires par région à partir de 2017.csv,Infrastructures sanitaires par région à partir de 2017,Centre Médical,,Nombre,2019,7,Burkina Faso,Boucle Du Mouhoun,,
Sante,Infrastructures,Infrastructures sanitaires par région à partir de 2017.csv,Infrastructures sanitaires par région à partir de 2017,Centre Médical,,Nombre,2020,7,Burkina Faso,Boucle Du Mouhoun,,
Sante,Infrastructures,Infrastructures sanitaires par région à partir de 2017.csv,Infrastructures sanitaires par région à partir de 2017,Centre Médical,,Nombre,2021,9,Burkina Faso,Boucle Du Mouhoun,,
Sante,Infrastructures,Infrastructures sanitaires par région à partir de 2017.csv,Infrastructures sanitaires par région à partir de 2017,Centre Médical,,Nombre,2022,9,Burkina Faso,Boucle Du Mouhoun,,
Sante,Infrastructures,Infrastructures sanitaires par région à partir de 2017.csv,Infrastructures sanitaires par région à partir de 2017,Centre Médical,,Nombre,2023,9,Burkina Faso,Boucle Du Mouhoun,,
Sante,Infrastructures,Infrastructures sanitaires par région à partir de 2017.csv,Infrastructures sanitaires par région à partir de 2017,Centre de Santé et de Promotion Sociale,,Nombre,2017,223,Burkina Faso,Boucle Du Mouhoun,,
Sante,Infrastructures,Infrastructures sanitaires par région à partir de 2017.csv,Infrastructures sanitaires par région à partir de 2017,Centre de Santé et de Promotion Sociale,,Nombre,2018,227,Burkina Faso,Boucle Du Mouhoun,,
Sante,Infrastructures,Infrastructures sanitaires par région à partir de 2017.csv,Infrastructures sanitaires par région à partir de 2017,Centre de Santé et de Promotion Sociale,,Nombre,2019,228,Burkina Faso,Boucle Du Mouhoun,,
Sante,Infrastructures,Infrastructures sanitaires par région à partir de 2017.csv,Infrastructures sanitaires par région à partir de 2017,Centre de Santé et de Promotion Sociale,,Nombre,2020,233,Burkina Faso,Boucle Du Mouhoun,,
Sante,Infrastructures,Infrastructures sanitaires par région à partir de 2017.csv,Infrastructures sanitaires par région à partir de 2017,Centre de Santé et de Promotion Sociale,,Nombre,2021,257,Burkina Faso,Boucle Du Mouhoun,,
Sante,Infrastructures,Infrastructures sanitaires par région à partir de 2017.csv,Infrastructures sanitaires par région à partir de 2017,Centre de Santé et de Promotion Sociale,,Nombre,2022,262,Burkina Faso,Boucle Du Mouhoun,,
Sante,Infrastructures,Infrastructures sanitaires par région à partir de 2017.csv,Infrastructures sanitaires par région à partir de 2017,Centre de Santé et de Promotion Sociale,,Nombre,2023,264,Burkina Faso,Boucle Du Mouhoun,,
Sante,Infrastructures,Infrastructures sanitaires par région à partir de 2017.csv,Infrastructures sanitaires par région à partir de 2017,Dispensaire,,Nombre,2017,21,Burkina Faso,Boucle Du Mouhoun,,
Sante,Infrastructures,Infrastructures sanitaires par région à partir de 2017.csv,Infrastructures sanitaires par région à partir de 2017,Dispensaire,,Nombre,2018,25,Burkina Faso,Boucle Du Mouhoun,,
Sante,Infrastructures,Infrastructures sanitaires par région à partir de 2017.csv,Infrastructures sanitaires par région à partir de 2017,Dispensaire,,Nombre,2019,21,Burkina Faso,Boucle Du Mouhoun,,
Sante,Infrastructures,Infrastructures sanitaires par région à partir de 2017.csv,Infrastructures sanitaires par région à partir de 2017,Dispensaire,,Nombre,2020,21,Burkina Faso,Boucle Du Mouhoun,,
Sante,Infrastructures,Infrastructures sanitaires par région à partir de 2017.csv,Infrastructures sanitaires par région à partir de 2017,Dispensaire,,Nombre,2021,9,Burkina Faso,Boucle Du Mouhoun,,
Sante,Infrastructures,Infrastructures sanitaires par région à partir de 2017.csv,Infrastructures sanitaires par région à partir de 2017,Dispensaire,,Nombre,2022,5,Burkina Faso,Boucle Du Mouhoun,,
Sante,Infrastructures,Infrastructures sanitaires par région à partir de 2017.csv,Infrastructures sanitaires par région à partir de 2017,Dispensaire,,Nombre,2023,5,Burkina Faso,Boucle Du Mouhoun,,
Sante,Infrastructures,Infrastructures sanitaires par région à partir de 2017.csv,Infrastructures sanitaires par région à partir de 2017,Maternités isolées,,Nombre,2017,1,Burkina Faso,Boucle Du Mouhoun,,
Sante,Infrastructures,Infrastructures sanitaires par région à partir de 2017.csv,Infrastructures sanitaires par région à partir de 2017,Maternités isolées,,Nombre,2018,1,Burkina Faso,Boucle Du Mouhoun,,
Sante,Infrastructures,Infrastructures sanitaires par région à partir de 2017.csv,Infrastructures sanitaires par région à partir de 2017,Maternités isolées,,Nombre,2019,1,Burkina Faso,Boucle Du Mouhoun,,
Sante,Infrastructures,Infrastructures sanitaires par région à partir de 2017.csv,Infrastructures sanitaires par région à partir de 2017,Maternités isolées,,Nombre,2020,1,Burkina Faso,Boucle Du Mouhoun,,
Sante,Infrastructures,Infrastructures sanitaires par région à partir de 2017.csv,Infrastructures sanitaires par région à partir de 2017,Maternités isolées,,Nombre,2021,0,Burkina Faso,Boucle Du Mouhoun,,
Sante,Infrastructures,Infrastructures sanitaires par région à partir de 2017.csv,Infrastructures sanitaires par région à partir de 2017,Maternités isolées,,Nombre,2022,0,Burkina Faso,Boucle Du Mouhoun,,
Sante,Infrastructures,Infrastructures sanitaires par région à partir de 2017.csv,Infrastructures sanitaires par région à partir de 2017,Maternités isolées,,Nombre,2023,0,Burkina Faso,Boucle Du Mouhoun,,
Sante,Infrastructures,Infrastructures sanitaires par région à partir de 2017.csv,Infrastructures sanitaires par région à partir de 2017,Formation Sanitaire Privée,,Nombre,2017,11,Burkina Faso,Boucle Du Mouhoun,,
Sante,Infrastructures,Infrastructures sanitaires par région à partir de 2017.csv,Infrastructures sanitaires par région à partir de 2017,Formation Sanitaire Privée,,Nombre,2020,20,Burkina Faso,Boucle Du Mouhoun,,
Sante,Infrastructures,Infrastructures sanitaires par région à partir de 2017.csv,Infrastructures sanitaires par région à partir de 2017,Formation Sanitaire Privée,,Nombre,2021,21,Burkina Faso,Boucle Du Mouhoun,,
Sante,Infrastructures,Infrastructures sanitaires par région à partir de 2017.csv,Infrastructures sanitaires par région à partir de 2017,Formation Sanitaire Privée,,Nombre,2022,21,Burkina Faso,Boucle Du Mouhoun,,
Sante,Infrastructures,Infrastructures sanitaires par région à partir de 2017.csv,Infrastructures sanitaires par région à partir de 2017,0fficines et Dépôts privés,,Nombre,2017,100,Burkina Faso,Boucle Du Mouhoun,,
Sante,Infrastructures,Infrastructures sanitaires par région à partir de 2017.csv,Infrastructures sanitaires par région à partir de 2017,0fficines et Dépôts privés,,Nombre,2018,58,Burkina Faso,Boucle Du Mouhoun,,
Sante,Infrastructures,Infrastructures sanitaires par région à partir de 2017.csv,Infrastructures sanitaires par région à partir de 2017,0fficines et Dépôts privés,,Nombre,2020,58,Burkina Faso,Boucle Du Mouhoun,,
Sante,Infrastructures,Infrastructures sanitaires par région à partir de 2017.csv,Infrastructures sanitaires par région à partir de 2017,0fficines et Dépôts privés,,Nombre,2021,69,Burkina Faso,Boucle Du Mouhoun,,
Sante,Infrastructures,Infrastructures sanitaires par région à partir de 2017.csv,Infrastructures sanitaires par région à partir de 2017,0fficines et Dépôts privés,,Nombre,2022,76,Burkina Faso,Boucle Du Mouhoun,,
Sante,Infrastructures,Infrastructures sanitaires par région à partir de 2017.csv,Infrastructures sanitaires par région à partir de 2017,Infirmerie de garnison,,Nombre,2017,1,Burkina Faso,Boucle Du Mouhoun,,
Sante,Infrastructures,Infrastructures sanitaires par région à partir de 2017.csv,Infrastructures sanitaires par région à partir de 2017,Infirmerie de garnison,,Nombre,2020,1,Burkina Faso,Boucle Du Mouhoun,,
Sante,Infrastructures,Infrastructures sanitaires par région à partir de 2017.csv,Infrastructures sanitaires par région à partir de 2017,Infirmerie de garnison,,Nombre,2021,1,Burkina Faso,Boucle Du Mouhoun,,
Sante,Infrastructures,Infrastructures sanitaires par région à partir de 2017.csv,Infrastructures sanitaires par région à partir de 2017,Infirmerie/SST,,Nombre,2017,6,Burkina Faso,Boucle Du Mouhoun,,
Sante,Infrastructures,Infrastructures sanitaires par région à partir de 2017.csv,Infrastructures sanitaires par région à partir de 2017,Infirmerie/SST,,Nombre,2020,7,Burkina Faso,Boucle Du Mouhoun,,
Sante,Infrastructures,Infrastructures sanitaires par région à partir de 2017.csv,Infrastructures sanitaires par région à partir de 2017,Infirmerie/SST,,Nombre,2021,6,Burkina Faso,Boucle Du Mouhoun,,
Sante,Infrastructures,Infrastructures sanitaires par région à partir de 2017.csv,Infrastructures sanitaires par région à partir de 2017,Infirmerie/SST,,Nombre,2022,12,Burkina Faso,Boucle Du Mouhoun,,
Sante,Infrastructures,Infrastructures sanitaires par région à partir de 2017.csv,Infrastructures sanitaires par région à partir de 2017,Infirmerie/SST,,Nombre,2023,13,Burkina Faso,Boucle Du Mouhoun,,
Sante,Infrastructures,Infrastructures sanitaires par région à partir de 2017.csv,Infrastructures sanitaires par région à partir de 2017,"Autres (CREN,…)",,Nombre,2017,0,Burkina Faso,Boucle Du Mouhoun,,
Sante,Infrastructures,Infrastructures sanitaires par région à partir de 2017.csv,Infrastructures sanitaires par région à partir de 2017,Centre Hospitalier Universitaire,,Nombre,2017,0,Burkina Faso,Cascades,,
Sante,Infrastructures,Infrastructures sanitaires par région à partir de 2017.csv,Infrastructures sanitaires par région à partir de 2017,Centre Hospitalier Universitaire,,Nombre,2018,0,Burkina Faso,Cascades,,
Sante,Infrastructures,Infrastructures sanitaires par région à partir de 2017.csv,Infrastructures sanitaires par région à partir de 2017,Centre Hospitalier Universitaire,,Nombre,2019,0,Burkina Faso,Cascades,,
Sante,Infrastructures,Infrastructures sanitaires par région à partir de 2017.csv,Infrastructures sanitaires par région à partir de 2017,Centre Hospitalier Universitaire,,Nombre,2020,0,Burkina Faso,Cascades,,
Sante,Infrastructures,Infrastructures sanitaires par région à partir de 2017.csv,Infrastructures sanitaires par région à partir de 2017,Centre Hospitalier Universitaire,,Nombre,2021,0,Burkina Faso,Cascades,,
Sante,Infrastructures,Infrastructures sanitaires par région à partir de 2017.csv,Infrastructures sanitaires par région à partir de 2017,Centre Hospitalier Universitaire,,Nombre,2022,0,Burkina Faso,Cascades,,
Sante,Infrastructures,Infrastructures sanitaires par région à partir de 2017.csv,Infrastructures sanitaires par région à partir de 2017,Centre Hospitalier Universitaire,,Nombre,2023,0,Burkina Faso,Cascades,,
Sante,Infrastructures,Infrastructures sanitaires par région à partir de 2017.csv,Infrastructures sanitaires par région à partir de 2017,Centre Hospitalier Régional,,Nombre,2017,1,Burkina Faso,Cascades,,
Sante,Infrastructures,Infrastructures sanitaires par région à partir de 2017.csv,Infrastructures sanitaires par région à partir de 2017,Centre Hospitalier Régional,,Nombre,2018,1,Burkina Faso,Cascades,,
Sante,Infrastructures,Infrastructures sanitaires par région à partir de 2017.csv,Infrastructures sanitaires par région à partir de 2017,Centre Hospitalier Régional,,Nombre,2019,1,Burkina Faso,Cascades,,
Sante,Infrastructures,Infrastructures sanitaires par région à partir de 2017.csv,Infrastructures sanitaires par région à partir de 2017,Centre Hospitalier Régional,,Nombre,2020,1,Burkina Faso,Cascades,,
Sante,Infrastructures,Infrastructures sanitaires par région à partir de 2017.csv,Infrastructures sanitaires par région à partir de 2017,Centre Hospitalier Régional,,Nombre,2021,1,Burkina Faso,Cascades,,
Sante,Infrastructures,Infrastructures sanitaires par région à partir de 2017.csv,Infrastructures sanitaires par région à partir de 2017,Centre Hospitalier Régional,,Nombre,2022,1,Burkina Faso,Cascades,,
Sante,Infrastructures,Infrastructures sanitaires par région à partir de 2017.csv,Infrastructures sanitaires par région à partir de 2017,Centre Hospitalier Régional,,Nombre,2023,1,Burkina Faso,Cascades,,
Sante,Infrastructures,Infrastructures sanitaires par région à partir de 2017.csv,Infrastructures sanitaires par région à partir de 2017,Centre Médical avec Antenne chirurgicale,,Nombre,2017,1,Burkina Faso,Cascades,,
Sante,Infrastructures,Infrastructures sanitaires par région à partir de 2017.csv,Infrastructures sanitaires par région à partir de 2017,Centre Médical avec Antenne chirurgicale,,Nombre,2018,1,Burkina Faso,Cascades,,
Sante,Infrastructures,Infrastructures sanitaires par région à partir de 2017.csv,Infrastructures sanitaires par région à partir de 2017,Centre Médical avec Antenne chirurgicale,,Nombre,2019,1,Burkina Faso,Cascades,,
Sante,Infrastructures,Infrastructures sanitaires par région à partir de 2017.csv,Infrastructures sanitaires par région à partir de 2017,Centre Médical avec Antenne chirurgicale,,Nombre,2020,1,Burkina Faso,Cascades,,
Sante,Infrastructures,Infrastructures sanitaires par région à partir de 2017.csv,Infrastructures sanitaires par région à partir de 2017,Centre Médical avec Antenne chirurgicale,,Nombre,2021,1,Burkina Faso,Cascades,,
Sante,Infrastructures,Infrastructures sanitaires par région à partir de 2017.csv,Infrastructures sanitaires par région à partir de 2017,Centre Médical avec Antenne chirurgicale,,Nombre,2022,1,Burkina Faso,Cascades,,
Sante,Infrastructures,Infrastructures sanitaires par région à partir de 2017.csv,Infrastructures sanitaires par région à partir de 2017,Centre Médical avec Antenne chirurgicale,,Nombre,2023,1,Burkina Faso,Cascades,,
Sante,Infrastructures,Infrastructures sanitaires par région à partir de 2017.csv,Infrastructures sanitaires par région à partir de 2017,Centre Médical,,Nombre,2017,4,Burkina Faso,Cascades,,
Sante,Infrastructures,Infrastructures sanitaires par région à partir de 2017.csv,Infrastructures sanitaires par région à partir de 2017,Centre Médical,,Nombre,2018,4,Burkina Faso,Cascades,,
Sante,Infrastructures,Infrastructures sanitaires par région à partir de 2017.csv,Infrastructures sanitaires par région à partir de 2017,Centre Médical,,Nombre,2019,5,Burkina Faso,Cascades,,
Sante,Infrastructures,Infrastructures sanitaires par région à partir de 2017.csv,Infrastructures sanitaires par région à partir de 2017,Centre Médical,,Nombre,2020,5,Burkina Faso,Cascades,,
Sante,Infrastructures,Infrastructures sanitaires par région à partir de 2017.csv,Infrastructures sanitaires par région à partir de 2017,Centre Médical,,Nombre,2021,5,Burkina Faso,Cascades,,
Sante,Infrastructures,Infrastructures sanitaires par région à partir de 2017.csv,Infrastructures sanitaires par région à partir de 2017,Centre Médical,,Nombre,2022,5,Burkina Faso,Cascades,,
Sante,Infrastructures,Infrastructures sanitaires par région à partir de 2017.csv,Infrastructures sanitaires par région à partir de 2017,Centre Médical,,Nombre,2023,5,Burkina Faso,Cascades,,
Sante,Infrastructures,Infrastructures sanitaires par région à partir de 2017.csv,Infrastructures sanitaires par région à partir de 2017,Centre de Santé et de Promotion Sociale,,Nombre,2017,89,Burkina Faso,Cascades,,
Sante,Infrastructures,Infrastructures sanitaires par région à partir de 2017.csv,Infrastructures sanitaires par région à partir de 2017,Centre de Santé et de Promotion Sociale,,Nombre,2018,92,Burkina Faso,Cascades,,
Sante,Infrastructures,Infrastructures sanitaires par région à partir de 2017.csv,Infrastructures sanitaires par région à partir de 2017,Centre de Santé et de Promotion Sociale,,Nombre,2019,90,Burkina Faso,Cascades,,
Sante,Infrastructures,Infrastructures sanitaires par région à partir de 2017.csv,Infrastructures sanitaires par région à partir de 2017,Centre de Santé et de Promotion Sociale,,Nombre,2020,91,Burkina Faso,Cascades,,
Sante,Infrastructures,Infrastructures sanitaires par région à partir de 2017.csv,Infrastructures sanitaires par région à partir de 2017,Centre de Santé et de Promotion Sociale,,Nombre,2021,93,Burkina Faso,Cascades,,
Sante,Infrastructures,Infrastructures sanitaires par région à partir de 2017.csv,Infrastructures sanitaires par région à partir de 2017,Centre de Santé et de Promotion Sociale,,Nombre,2022,97,Burkina Faso,Cascades,,
Sante,Infrastructures,Infrastructures sanitaires par région à partir de 2017.csv,Infrastructures sanitaires par région à partir de 2017,Centre de Santé et de Promotion Sociale,,Nombre,2023,98,Burkina Faso,Cascades,,
Sante,Infrastructures,Infrastructures sanitaires par région à partir de 2017.csv,Infrastructures sanitaires par région à partir de 2017,Dispensaire,,Nombre,2017,6,Burkina Faso,Cascades,,
Sante,Infrastructures,Infrastructures sanitaires par région à partir de 2017.csv,Infrastructures sanitaires par région à partir de 2017,Dispensaire,,Nombre,2018,7,Burkina Faso,Cascades,,
Sante,Infrastructures,Infrastructures sanitaires par région à partir de 2017.csv,Infrastructures sanitaires par région à partir de 2017,Dispensaire,,Nombre,2019,6,Burkina Faso,Cascades,,
Sante,Infrastructures,Infrastructures sanitaires par région à partir de 2017.csv,Infrastructures sanitaires par région à partir de 2017,Dispensaire,,Nombre,2020,6,Burkina Faso,Cascades,,
Sante,Infrastructures,Infrastructures sanitaires par région à partir de 2017.csv,Infrastructures sanitaires par région à partir de 2017,Dispensaire,,Nombre,2021,3,Burkina Faso,Cascades,,
Sante,Infrastructures,Infrastructures sanitaires par région à partir de 2017.csv,Infrastructures sanitaires par région à partir de 2017,Dispensaire,,Nombre,2022,2,Burkina Faso,Cascades,,
Sante,Infrastructures,Infrastructures sanitaires par région à partir de 2017.csv,Infrastructures sanitaires par région à partir de 2017,Dispensaire,,Nombre,2023,2,Burkina Faso,Cascades,,
Sante,Infrastructures,Infrastructures sanitaires par région à partir de 2017.csv,Infrastructures sanitaires par région à partir de 2017,Maternités isolées,,Nombre,2017,0,Burkina Faso,Cascades,,
Sante,Infrastructures,Infrastructures sanitaires par région à partir de 2017.csv,Infrastructures sanitaires par région à partir de 2017,Maternités isolées,,Nombre,2018,0,Burkina Faso,Cascades,,
Sante,Infrastructures,Infrastructures sanitaires par région à partir de 2017.csv,Infrastructures sanitaires par région à partir de 2017,Maternités isolées,,Nombre,2019,0,Burkina Faso,Cascades,,
Sante,Infrastructures,Infrastructures sanitaires par région à partir de 2017.csv,Infrastructures sanitaires par région à partir de 2017,Maternités isolées,,Nombre,2020,0,Burkina Faso,Cascades,,
Sante,Infrastructures,Infrastructures sanitaires par région à partir de 2017.csv,Infrastructures sanitaires par région à partir de 2017,Maternités isolées,,Nombre,2021,0,Burkina Faso,Cascades,,
Sante,Infrastructures,Infrastructures sanitaires par région à partir de 2017.csv,Infrastructures sanitaires par région à partir de 2017,Maternités isolées,,Nombre,2022,0,Burkina Faso,Cascades,,
Sante,Infrastructures,Infrastructures sanitaires par région à partir de 2017.csv,Infrastructures sanitaires par région à partir de 2017,Maternités isolées,,Nombre,2023,0,Burkina Faso,Cascades,,
Sante,Infrastructures,Infrastructures sanitaires par région à partir de 2017.csv,Infrastructures sanitaires par région à partir de 2017,Formation Sanitaire Privée,,Nombre,2017,10,Burkina Faso,Cascades,,
Sante,Infrastructures,Infrastructures sanitaires par région à partir de 2017.csv,Infrastructures sanitaires par région à partir de 2017,Formation Sanitaire Privée,,Nombre,2020,20,Burkina Faso,Cascades,,
Sante,Infrastructures,Infrastructures sanitaires par région à partir de 2017.csv,Infrastructures sanitaires par région à partir de 2017,Formation Sanitaire Privée,,Nombre,2021,20,Burkina Faso,Cascades,,
Sante,Infrastructures,Infrastructures sanitaires par région à partir de 2017.csv,Infrastructures sanitaires par région à partir de 2017,Formation Sanitaire Privée,,Nombre,2022,22,Burkina Faso,Cascades,,
Sante,Infrastructures,Infrastructures sanitaires par région à partir de 2017.csv,Infrastructures sanitaires par région à partir de 2017,0fficines et Dépôts privés,,Nombre,2017,41,Burkina Faso,Cascades,,
Sante,Infrastructures,Infrastructures sanitaires par région à partir de 2017.csv,Infrastructures sanitaires par région à partir de 2017,0fficines et Dépôts privés,,Nombre,2018,12,Burkina Faso,Cascades,,
Sante,Infrastructures,Infrastructures sanitaires par région à partir de 2017.csv,Infrastructures sanitaires par région à partir de 2017,0fficines et Dépôts privés,,Nombre,2020,71,Burkina Faso,Cascades,,
Sante,Infrastructures,Infrastructures sanitaires par région à partir de 2017.csv,Infrastructures sanitaires par région à partir de 2017,0fficines et Dépôts privés,,Nombre,2021,28,Burkina Faso,Cascades,,
Sante,Infrastructures,Infrastructures sanitaires par région à partir de 2017.csv,Infrastructures sanitaires par région à partir de 2017,0fficines et Dépôts privés,,Nombre,2022,55,Burkina Faso,Cascades,,
Sante,Infrastructures,Infrastructures sanitaires par région à partir de 2017.csv,Infrastructures sanitaires par région à partir de 2017,Infirmerie de garnison,,Nombre,2017,1,Burkina Faso,Cascades,,
Sante,Infrastructures,Infrastructures sanitaires par région à partir de 2017.csv,Infrastructures sanitaires par région à partir de 2017,Infirmerie de garnison,,Nombre,2020,1,Burkina Faso,Cascades,,
Sante,Infrastructures,Infrastructures sanitaires par région à partir de 2017.csv,Infrastructures sanitaires par région à partir de 2017,Infirmerie de garnison,,Nombre,2021,1,Burkina Faso,Cascades,,
Sante,Infrastructures,Infrastructures sanitaires par région à partir de 2017.csv,Infrastructures sanitaires par région à partir de 2017,Infirmerie/SST,,Nombre,2017,4,Burkina Faso,Cascades,,
Sante,Infrastructures,Infrastructures sanitaires par région à partir de 2017.csv,Infrastructures sanitaires par région à partir de 2017,Infirmerie/SST,,Nombre,2020,6,Burkina Faso,Cascades,,
Sante,Infrastructures,Infrastructures sanitaires par région à partir de 2017.csv,Infrastructures sanitaires par région à partir de 2017,Infirmerie/SST,,Nombre,2021,7,Burkina Faso,Cascades,,
Sante,Infrastructures,Infrastructures sanitaires par région à partir de 2017.csv,Infrastructures sanitaires par région à partir de 2017,Infirmerie/SST,,Nombre,2022,8,Burkina Faso,Cascades,,
Sante,Infrastructures,Infrastructures sanitaires par région à partir de 2017.csv,Infrastructures sanitaires par région à partir de 2017,Infirmerie/SST,,Nombre,2023,9,Burkina Faso,Cascades,,
Sante,Infrastructures,Infrastructures sanitaires par région à partir de 2017.csv,Infrastructures sanitaires par région à partir de 2017,"Autres (CREN,…)",,Nombre,2017,0,Burkina Faso,Cascades,,
Sante,Infrastructures,Infrastructures sanitaires par région à partir de 2017.csv,Infrastructures sanitaires par région à partir de 2017,Centre Hospitalier Universitaire,,Nombre,2017,4,Burkina Faso,Centre,,
Sante,Infrastructures,Infrastructures sanitaires par région à partir de 2017.csv,Infrastructures sanitaires par région à partir de 2017,Centre Hospitalier Universitaire,,Nombre,2018,4,Burkina Faso,Centre,,
Sante,Infrastructures,Infrastructures sanitaires par région à partir de 2017.csv,Infrastructures sanitaires par région à partir de 2017,Centre Hospitalier Universitaire,,Nombre,2019,4,Burkina Faso,Centre,,
Sante,Infrastructures,Infrastructures sanitaires par région à partir de 2017.csv,Infrastructures sanitaires par région à partir de 2017,Centre Hospitalier Universitaire,,Nombre,2020,4,Burkina Faso,Centre,,
Sante,Infrastructures,Infrastructures sanitaires par région à partir de 2017.csv,Infrastructures sanitaires par région à partir de 2017,Centre Hospitalier Universitaire,,Nombre,2021,4,Burkina Faso,Centre,,
Sante,Infrastructures,Infrastructures sanitaires par région à partir de 2017.csv,Infrastructures sanitaires par région à partir de 2017,Centre Hospitalier Universitaire,,Nombre,2022,4,Burkina Faso,Centre,,
Sante,Infrastructures,Infrastructures sanitaires par région à partir de 2017.csv,Infrastructures sanitaires par région à partir de 2017,Centre Hospitalier Universitaire,,Nombre,2023,4,Burkina Faso,Centre,,
Sante,Infrastructures,Infrastructures sanitaires par région à partir de 2017.csv,Infrastructures sanitaires par région à partir de 2017,Centre Hospitalier Régional,,Nombre,2017,0,Burkina Faso,Centre,,
Sante,Infrastructures,Infrastructures sanitaires par région à partir de 2017.csv,Infrastructures sanitaires par région à partir de 2017,Centre Hospitalier Régional,,Nombre,2018,0,Burkina Faso,Centre,,
Sante,Infrastructures,Infrastructures sanitaires par région à partir de 2017.csv,Infrastructures sanitaires par région à partir de 2017,Centre Hospitalier Régional,,Nombre,2019,0,Burkina Faso,Centre,,
Sante,Infrastructures,Infrastructures sanitaires par région à partir de 2017.csv,Infrastructures sanitaires par région à partir de 2017,Centre Hospitalier Régional,,Nombre,2020,0,Burkina Faso,Centre,,
Sante,Infrastructures,Infrastructures sanitaires par région à partir de 2017.csv,Infrastructures sanitaires par région à partir de 2017,Centre Hospitalier Régional,,Nombre,2021,0,Burkina Faso,Centre,,
Sante,Infrastructures,Infrastructures sanitaires par région à partir de 2017.csv,Infrastructures sanitaires par région à partir de 2017,Centre Hospitalier Régional,,Nombre,2022,0,Burkina Faso,Centre,,
Sante,Infrastructures,Infrastructures sanitaires par région à partir de 2017.csv,Infrastructures sanitaires par région à partir de 2017,Centre Hospitalier Régional,,Nombre,2023,0,Burkina Faso,Centre,,
Sante,Infrastructures,Infrastructures sanitaires par région à partir de 2017.csv,Infrastructures sanitaires par région à partir de 2017,Centre Médical avec Antenne chirurgicale,,Nombre,2017,2,Burkina Faso,Centre,,
Sante,Infrastructures,Infrastructures sanitaires par région à partir de 2017.csv,Infrastructures sanitaires par région à partir de 2017,Centre Médical avec Antenne chirurgicale,,Nombre,2018,5,Burkina Faso,Centre,,
Sante,Infrastructures,Infrastructures sanitaires par région à partir de 2017.csv,Infrastructures sanitaires par région à partir de 2017,Centre Médical avec Antenne chirurgicale,,Nombre,2019,2,Burkina Faso,Centre,,
Sante,Infrastructures,Infrastructures sanitaires par région à partir de 2017.csv,Infrastructures sanitaires par région à partir de 2017,Centre Médical avec Antenne chirurgicale,,Nombre,2020,2,Burkina Faso,Centre,,
Sante,Infrastructures,Infrastructures sanitaires par région à partir de 2017.csv,Infrastructures sanitaires par région à partir de 2017,Centre Médical avec Antenne chirurgicale,,Nombre,2021,2,Burkina Faso,Centre,,
Sante,Infrastructures,Infrastructures sanitaires par région à partir de 2017.csv,Infrastructures sanitaires par région à partir de 2017,Centre Médical avec Antenne chirurgicale,,Nombre,2022,2,Burkina Faso,Centre,,
Sante,Infrastructures,Infrastructures sanitaires par région à partir de 2017.csv,Infrastructures sanitaires par région à partir de 2017,Centre Médical avec Antenne chirurgicale,,Nombre,2023,2,Burkina Faso,Centre,,
Sante,Infrastructures,Infrastructures sanitaires par région à partir de 2017.csv,Infrastructures sanitaires par région à partir de 2017,Centre Médical,,Nombre,2017,15,Burkina Faso,Centre,,
Sante,Infrastructures,Infrastructures sanitaires par région à partir de 2017.csv,Infrastructures sanitaires par région à partir de 2017,Centre Médical,,Nombre,2018,41,Burkina Faso,Centre,,
Sante,Infrastructures,Infrastructures sanitaires par région à partir de 2017.csv,Infrastructures sanitaires par région à partir de 2017,Centre Médical,,Nombre,2019,17,Burkina Faso,Centre,,
Sante,Infrastructures,Infrastructures sanitaires par région à partir de 2017.csv,Infrastructures sanitaires par région à partir de 2017,Centre Médical,,Nombre,2020,16,Burkina Faso,Centre,,
Sante,Infrastructures,Infrastructures sanitaires par région à partir de 2017.csv,Infrastructures sanitaires par région à partir de 2017,Centre Médical,,Nombre,2021,16,Burkina Faso,Centre,,
Sante,Infrastructures,Infrastructures sanitaires par région à partir de 2017.csv,Infrastructures sanitaires par région à partir de 2017,Centre Médical,,Nombre,2022,19,Burkina Faso,Centre,,
Sante,Infrastructures,Infrastructures sanitaires par région à partir de 2017.csv,Infrastructures sanitaires par région à partir de 2017,Centre Médical,,Nombre,2023,22,Burkina Faso,Centre,,
Sante,Infrastructures,Infrastructures sanitaires par région à partir de 2017.csv,Infrastructures sanitaires par région à partir de 2017,Centre de Santé et de Promotion Sociale,,Nombre,2017,96,Burkina Faso,Centre,,
Sante,Infrastructures,Infrastructures sanitaires par région à partir de 2017.csv,Infrastructures sanitaires par région à partir de 2017,Centre de Santé et de Promotion Sociale,,Nombre,2018,126,Burkina Faso,Centre,,
Sante,Infrastructures,Infrastructures sanitaires par région à partir de 2017.csv,Infrastructures sanitaires par région à partir de 2017,Centre de Santé et de Promotion Sociale,,Nombre,2019,101,Burkina Faso,Centre,,
Sante,Infrastructures,Infrastructures sanitaires par région à partir de 2017.csv,Infrastructures sanitaires par région à partir de 2017,Centre de Santé et de Promotion Sociale,,Nombre,2020,106,Burkina Faso,Centre,,
Sante,Infrastructures,Infrastructures sanitaires par région à partir de 2017.csv,Infrastructures sanitaires par région à partir de 2017,Centre de Santé et de Promotion Sociale,,Nombre,2021,109,Burkina Faso,Centre,,
Sante,Infrastructures,Infrastructures sanitaires par région à partir de 2017.csv,Infrastructures sanitaires par région à partir de 2017,Centre de Santé et de Promotion Sociale,,Nombre,2022,114,Burkina Faso,Centre,,
Sante,Infrastructures,Infrastructures sanitaires par région à partir de 2017.csv,Infrastructures sanitaires par région à partir de 2017,Centre de Santé et de Promotion Sociale,,Nombre,2023,113,Burkina Faso,Centre,,
Sante,Infrastructures,Infrastructures sanitaires par région à partir de 2017.csv,Infrastructures sanitaires par région à partir de 2017,Dispensaire,,Nombre,2017,7,Burkina Faso,Centre,,
Sante,Infrastructures,Infrastructures sanitaires par région à partir de 2017.csv,Infrastructures sanitaires par région à partir de 2017,Dispensaire,,Nombre,2018,20,Burkina Faso,Centre,,
Sante,Infrastructures,Infrastructures sanitaires par région à partir de 2017.csv,Infrastructures sanitaires par région à partir de 2017,Dispensaire,,Nombre,2019,8,Burkina Faso,Centre,,
Sante,Infrastructures,Infrastructures sanitaires par région à partir de 2017.csv,Infrastructures sanitaires par région à partir de 2017,Dispensaire,,Nombre,2020,7,Burkina Faso,Centre,,
Sante,Infrastructures,Infrastructures sanitaires par région à partir de 2017.csv,Infrastructures sanitaires par région à partir de 2017,Dispensaire,,Nombre,2021,7,Burkina Faso,Centre,,
Sante,Infrastructures,Infrastructures sanitaires par région à partir de 2017.csv,Infrastructures sanitaires par région à partir de 2017,Dispensaire,,Nombre,2022,2,Burkina Faso,Centre,,
Sante,Infrastructures,Infrastructures sanitaires par région à partir de 2017.csv,Infrastructures sanitaires par région à partir de 2017,Dispensaire,,Nombre,2023,2,Burkina Faso,Centre,,
Sante,Infrastructures,Infrastructures sanitaires par région à partir de 2017.csv,Infrastructures sanitaires par région à partir de 2017,Maternités isolées,,Nombre,2017,0,Burkina Faso,Centre,,
Sante,Infrastructures,Infrastructures sanitaires par région à partir de 2017.csv,Infrastructures sanitaires par région à partir de 2017,Maternités isolées,,Nombre,2018,0,Burkina Faso,Centre,,
Sante,Infrastructures,Infrastructures sanitaires par région à partir de 2017.csv,Infrastructures sanitaires par région à partir de 2017,Maternités isolées,,Nombre,2019,0,Burkina Faso,Centre,,
Sante,Infrastructures,Infrastructures sanitaires par région à partir de 2017.csv,Infrastructures sanitaires par région à partir de 2017,Maternités isolées,,Nombre,2020,0,Burkina Faso,Centre,,
Sante,Infrastructures,Infrastructures sanitaires par région à partir de 2017.csv,Infrastructures sanitaires par région à partir de 2017,Maternités isolées,,Nombre,2021,0,Burkina Faso,Centre,,
Sante,Infrastructures,Infrastructures sanitaires par région à partir de 2017.csv,Infrastructures sanitaires par région à partir de 2017,Maternités isolées,,Nombre,2022,0,Burkina Faso,Centre,,
Sante,Infrastructures,Infrastructures sanitaires par région à partir de 2017.csv,Infrastructures sanitaires par région à partir de 2017,Maternités isolées,,Nombre,2023,0,Burkina Faso,Centre,,
Sante,Infrastructures,Infrastructures sanitaires par région à partir de 2017.csv,Infrastructures sanitaires par région à partir de 2017,Formation Sanitaire Privée,,Nombre,2017,300,Burkina Faso,Centre,,
Sante,Infrastructures,Infrastructures sanitaires par région à partir de 2017.csv,Infrastructures sanitaires par région à partir de 2017,Formation Sanitaire Privée,,Nombre,2020,336,Burkina Faso,Centre,,
Sante,Infrastructures,Infrastructures sanitaires par région à partir de 2017.csv,Infrastructures sanitaires par région à partir de 2017,Formation Sanitaire Privée,,Nombre,2021,401,Burkina Faso,Centre,,
Sante,Infrastructures,Infrastructures sanitaires par région à partir de 2017.csv,Infrastructures sanitaires par région à partir de 2017,Formation Sanitaire Privée,,Nombre,2022,487,Burkina Faso,Centre,,
Sante,Infrastructures,Infrastructures sanitaires par région à partir de 2017.csv,Infrastructures sanitaires par région à partir de 2017,0fficines et Dépôts privés,,Nombre,2017,177,Burkina Faso,Centre,,
Sante,Infrastructures,Infrastructures sanitaires par région à partir de 2017.csv,Infrastructures sanitaires par région à partir de 2017,0fficines et Dépôts privés,,Nombre,2018,33,Burkina Faso,Centre,,
Sante,Infrastructures,Infrastructures sanitaires par région à partir de 2017.csv,Infrastructures sanitaires par région à partir de 2017,0fficines et Dépôts privés,,Nombre,2020,137,Burkina Faso,Centre,,
Sante,Infrastructures,Infrastructures sanitaires par région à partir de 2017.csv,Infrastructures sanitaires par région à partir de 2017,0fficines et Dépôts privés,,Nombre,2021,145,Burkina Faso,Centre,,
Sante,Infrastructures,Infrastructures sanitaires par région à partir de 2017.csv,Infrastructures sanitaires par région à partir de 2017,0fficines et Dépôts privés,,Nombre,2022,242,Burkina Faso,Centre,,
Sante,Infrastructures,Infrastructures sanitaires par région à partir de 2017.csv,Infrastructures sanitaires par région à partir de 2017,Infirmerie de garnison,,Nombre,2017,8,Burkina Faso,Centre,,
Sante,Infrastructures,Infrastructures sanitaires par région à partir de 2017.csv,Infrastructures sanitaires par région à partir de 2017,Infirmerie de garnison,,Nombre,2020,0,Burkina Faso,Centre,,
Sante,Infrastructures,Infrastructures sanitaires par région à partir de 2017.csv,Infrastructures sanitaires par région à partir de 2017,Infirmerie de garnison,,Nombre,2021,7,Burkina Faso,Centre,,
Sante,Infrastructures,Infrastructures sanitaires par région à partir de 2017.csv,Infrastructures sanitaires par région à partir de 2017,Infirmerie/SST,,Nombre,2017,29,Burkina Faso,Centre,,
Sante,Infrastructures,Infrastructures sanitaires par région à partir de 2017.csv,Infrastructures sanitaires par région à partir de 2017,Infirmerie/SST,,Nombre,2020,65,Burkina Faso,Centre,,
Sante,Infrastructures,Infrastructures sanitaires par région à partir de 2017.csv,Infrastructures sanitaires par région à partir de 2017,Infirmerie/SST,,Nombre,2021,67,Burkina Faso,Centre,,
Sante,Infrastructures,Infrastructures sanitaires par région à partir de 2017.csv,Infrastructures sanitaires par région à partir de 2017,Infirmerie/SST,,Nombre,2022,80,Burkina Faso,Centre,,
Sante,Infrastructures,Infrastructures sanitaires par région à partir de 2017.csv,Infrastructures sanitaires par région à partir de 2017,Infirmerie/SST,,Nombre,2023,55,Burkina Faso,Centre,,
Sante,Infrastructures,Infrastructures sanitaires par région à partir de 2017.csv,Infrastructures sanitaires par région à partir de 2017,"Autres (CREN,…)",,Nombre,2017,0,Burkina Faso,Centre,,
Sante,Infrastructures,Infrastructures sanitaires par région à partir de 2017.csv,Infrastructures sanitaires par région à partir de 2017,Centre Hospitalier Universitaire,,Nombre,2017,0,Burkina Faso,Centre-Est,,
Sante,Infrastructures,Infrastructures sanitaires par région à partir de 2017.csv,Infrastructures sanitaires par région à partir de 2017,Centre Hospitalier Universitaire,,Nombre,2018,0,Burkina Faso,Centre-Est,,
Sante,Infrastructures,Infrastructures sanitaires par région à partir de 2017.csv,Infrastructures sanitaires par région à partir de 2017,Centre Hospitalier Universitaire,,Nombre,2019,0,Burkina Faso,Centre-Est,,
Sante,Infrastructures,Infrastructures sanitaires par région à partir de 2017.csv,Infrastructures sanitaires par région à partir de 2017,Centre Hospitalier Universitaire,,Nombre,2020,0,Burkina Faso,Centre-Est,,
Sante,Infrastructures,Infrastructures sanitaires par région à partir de 2017.csv,Infrastructures sanitaires par région à partir de 2017,Centre Hospitalier Universitaire,,Nombre,2021,0,Burkina Faso,Centre-Est,,
Sante,Infrastructures,Infrastructures sanitaires par région à partir de 2017.csv,Infrastructures sanitaires par région à partir de 2017,Centre Hospitalier Universitaire,,Nombre,2022,0,Burkina Faso,Centre-Est,,
Sante,Infrastructures,Infrastructures sanitaires par région à partir de 2017.csv,Infrastructures sanitaires par région à partir de 2017,Centre Hospitalier Universitaire,,Nombre,2023,0,Burkina Faso,Centre-Est,,
Sante,Infrastructures,Infrastructures sanitaires par région à partir de 2017.csv,Infrastructures sanitaires par région à partir de 2017,Centre Hospitalier Régional,,Nombre,2017,1,Burkina Faso,Centre-Est,,
Sante,Infrastructures,Infrastructures sanitaires par région à partir de 2017.csv,Infrastructures sanitaires par région à partir de 2017,Centre Hospitalier Régional,,Nombre,2018,1,Burkina Faso,Centre-Est,,
Sante,Infrastructures,Infrastructures sanitaires par région à partir de 2017.csv,Infrastructures sanitaires par région à partir de 2017,Centre Hospitalier Régional,,Nombre,2019,1,Burkina Faso,Centre-Est,,
Sante,Infrastructures,Infrastructures sanitaires par région à partir de 2017.csv,Infrastructures sanitaires par région à partir de 2017,Centre Hospitalier Régional,,Nombre,2020,1,Burkina Faso,Centre-Est,,
Sante,Infrastructures,Infrastructures sanitaires par région à partir de 2017.csv,Infrastructures sanitaires par région à partir de 2017,Centre Hospitalier Régional,,Nombre,2021,1,Burkina Faso,Centre-Est,,
Sante,Infrastructures,Infrastructures sanitaires par région à partir de 2017.csv,Infrastructures sanitaires par région à partir de 2017,Centre Hospitalier Régional,,Nombre,2022,1,Burkina Faso,Centre-Est,,
Sante,Infrastructures,Infrastructures sanitaires par région à partir de 2017.csv,Infrastructures sanitaires par région à partir de 2017,Centre Hospitalier Régional,,Nombre,2023,1,Burkina Faso,Centre-Est,,
Sante,Infrastructures,Infrastructures sanitaires par région à partir de 2017.csv,Infrastructures sanitaires par région à partir de 2017,Centre Médical avec Antenne chirurgicale,,Nombre,2017,6,Burkina Faso,Centre-Est,,
Sante,Infrastructures,Infrastructures sanitaires par région à partir de 2017.csv,Infrastructures sanitaires par région à partir de 2017,Centre Médical avec Antenne chirurgicale,,Nombre,2018,6,Burkina Faso,Centre-Est,,
Sante,Infrastructures,Infrastructures sanitaires par région à partir de 2017.csv,Infrastructures sanitaires par région à partir de 2017,Centre Médical avec Antenne chirurgicale,,Nombre,2019,6,Burkina Faso,Centre-Est,,
Sante,Infrastructures,Infrastructures sanitaires par région à partir de 2017.csv,Infrastructures sanitaires par région à partir de 2017,Centre Médical avec Antenne chirurgicale,,Nombre,2020,6,Burkina Faso,Centre-Est,,
Sante,Infrastructures,Infrastructures sanitaires par région à partir de 2017.csv,Infrastructures sanitaires par région à partir de 2017,Centre Médical avec Antenne chirurgicale,,Nombre,2021,6,Burkina Faso,Centre-Est,,
Sante,Infrastructures,Infrastructures sanitaires par région à partir de 2017.csv,Infrastructures sanitaires par région à partir de 2017,Centre Médical avec Antenne chirurgicale,,Nombre,2022,6,Burkina Faso,Centre-Est,,
Sante,Infrastructures,Infrastructures sanitaires par région à partir de 2017.csv,Infrastructures sanitaires par région à partir de 2017,Centre Médical avec Antenne chirurgicale,,Nombre,2023,6,Burkina Faso,Centre-Est,,
Sante,Infrastructures,Infrastructures sanitaires par région à partir de 2017.csv,Infrastructures sanitaires par région à partir de 2017,Centre Médical,,Nombre,2017,2,Burkina Faso,Centre-Est,,
Sante,Infrastructures,Infrastructures sanitaires par région à partir de 2017.csv,Infrastructures sanitaires par région à partir de 2017,Centre Médical,,Nombre,2018,6,Burkina Faso,Centre-Est,,
Sante,Infrastructures,Infrastructures sanitaires par région à partir de 2017.csv,Infrastructures sanitaires par région à partir de 2017,Centre Médical,,Nombre,2019,2,Burkina Faso,Centre-Est,,
Sante,Infrastructures,Infrastructures sanitaires par région à partir de 2017.csv,Infrastructures sanitaires par région à partir de 2017,Centre Médical,,Nombre,2020,2,Burkina Faso,Centre-Est,,
Sante,Infrastructures,Infrastructures sanitaires par région à partir de 2017.csv,Infrastructures sanitaires par région à partir de 2017,Centre Médical,,Nombre,2021,2,Burkina Faso,Centre-Est,,
Sante,Infrastructures,Infrastructures sanitaires par région à partir de 2017.csv,Infrastructures sanitaires par région à partir de 2017,Centre Médical,,Nombre,2022,2,Burkina Faso,Centre-Est,,
Sante,Infrastructures,Infrastructures sanitaires par région à partir de 2017.csv,Infrastructures sanitaires par région à partir de 2017,Centre Médical,,Nombre,2023,4,Burkina Faso,Centre-Est,,
Sante,Infrastructures,Infrastructures sanitaires par région à partir de 2017.csv,Infrastructures sanitaires par région à partir de 2017,Centre de Santé et de Promotion Sociale,,Nombre,2017,138,Burkina Faso,Centre-Est,,
Sante,Infrastructures,Infrastructures sanitaires par région à partir de 2017.csv,Infrastructures sanitaires par région à partir de 2017,Centre de Santé et de Promotion Sociale,,Nombre,2018,142,Burkina Faso,Centre-Est,,
Sante,Infrastructures,Infrastructures sanitaires par région à partir de 2017.csv,Infrastructures sanitaires par région à partir de 2017,Centre de Santé et de Promotion Sociale,,Nombre,2019,143,Burkina Faso,Centre-Est,,
Sante,Infrastructures,Infrastructures sanitaires par région à partir de 2017.csv,Infrastructures sanitaires par région à partir de 2017,Centre de Santé et de Promotion Sociale,,Nombre,2020,169,Burkina Faso,Centre-Est,,
Sante,Infrastructures,Infrastructures sanitaires par région à partir de 2017.csv,Infrastructures sanitaires par région à partir de 2017,Centre de Santé et de Promotion Sociale,,Nombre,2021,170,Burkina Faso,Centre-Est,,
Sante,Infrastructures,Infrastructures sanitaires par région à partir de 2017.csv,Infrastructures sanitaires par région à partir de 2017,Centre de Santé et de Promotion Sociale,,Nombre,2022,184,Burkina Faso,Centre-Est,,
Sante,Infrastructures,Infrastructures sanitaires par région à partir de 2017.csv,Infrastructures sanitaires par région à partir de 2017,Centre de Santé et de Promotion Sociale,,Nombre,2023,188,Burkina Faso,Centre-Est,,
Sante,Infrastructures,Infrastructures sanitaires par région à partir de 2017.csv,Infrastructures sanitaires par région à partir de 2017,Dispensaire,,Nombre,2017,11,Burkina Faso,Centre-Est,,
Sante,Infrastructures,Infrastructures sanitaires par région à partir de 2017.csv,Infrastructures sanitaires par région à partir de 2017,Dispensaire,,Nombre,2018,13,Burkina Faso,Centre-Est,,
Sante,Infrastructures,Infrastructures sanitaires par région à partir de 2017.csv,Infrastructures sanitaires par région à partir de 2017,Dispensaire,,Nombre,2019,11,Burkina Faso,Centre-Est,,
Sante,Infrastructures,Infrastructures sanitaires par région à partir de 2017.csv,Infrastructures sanitaires par région à partir de 2017,Dispensaire,,Nombre,2020,1,Burkina Faso,Centre-Est,,
Sante,Infrastructures,Infrastructures sanitaires par région à partir de 2017.csv,Infrastructures sanitaires par région à partir de 2017,Dispensaire,,Nombre,2021,2,Burkina Faso,Centre-Est,,
Sante,Infrastructures,Infrastructures sanitaires par région à partir de 2017.csv,Infrastructures sanitaires par région à partir de 2017,Dispensaire,,Nombre,2022,2,Burkina Faso,Centre-Est,,
Sante,Infrastructures,Infrastructures sanitaires par région à partir de 2017.csv,Infrastructures sanitaires par région à partir de 2017,Dispensaire,,Nombre,2023,1,Burkina Faso,Centre-Est,,
Sante,Infrastructures,Infrastructures sanitaires par région à partir de 2017.csv,Infrastructures sanitaires par région à partir de 2017,Maternités isolées,,Nombre,2017,3,Burkina Faso,Centre-Est,,
Sante,Infrastructures,Infrastructures sanitaires par région à partir de 2017.csv,Infrastructures sanitaires par région à partir de 2017,Maternités isolées,,Nombre,2018,4,Burkina Faso,Centre-Est,,
Sante,Infrastructures,Infrastructures sanitaires par région à partir de 2017.csv,Infrastructures sanitaires par région à partir de 2017,Maternités isolées,,Nombre,2019,5,Burkina Faso,Centre-Est,,
Sante,Infrastructures,Infrastructures sanitaires par région à partir de 2017.csv,Infrastructures sanitaires par région à partir de 2017,Maternités isolées,,Nombre,2020,4,Burkina Faso,Centre-Est,,
Sante,Infrastructures,Infrastructures sanitaires par région à partir de 2017.csv,Infrastructures sanitaires par région à partir de 2017,Maternités isolées,,Nombre,2021,4,Burkina Faso,Centre-Est,,
Sante,Infrastructures,Infrastructures sanitaires par région à partir de 2017.csv,Infrastructures sanitaires par région à partir de 2017,Maternités isolées,,Nombre,2022,2,Burkina Faso,Centre-Est,,
Sante,Infrastructures,Infrastructures sanitaires par région à partir de 2017.csv,Infrastructures sanitaires par région à partir de 2017,Maternités isolées,,Nombre,2023,2,Burkina Faso,Centre-Est,,
Sante,Infrastructures,Infrastructures sanitaires par région à partir de 2017.csv,Infrastructures sanitaires par région à partir de 2017,Formation Sanitaire Privée,,Nombre,2017,23,Burkina Faso,Centre-Est,,
Sante,Infrastructures,Infrastructures sanitaires par région à partir de 2017.csv,Infrastructures sanitaires par région à partir de 2017,Formation Sanitaire Privée,,Nombre,2020,40,Burkina Faso,Centre-Est,,
Sante,Infrastructures,Infrastructures sanitaires par région à partir de 2017.csv,Infrastructures sanitaires par région à partir de 2017,Formation Sanitaire Privée,,Nombre,2021,41,Burkina Faso,Centre-Est,,
Sante,Infrastructures,Infrastructures sanitaires par région à partir de 2017.csv,Infrastructures sanitaires par région à partir de 2017,Formation Sanitaire Privée,,Nombre,2022,43,Burkina Faso,Centre-Est,,
Sante,Infrastructures,Infrastructures sanitaires par région à partir de 2017.csv,Infrastructures sanitaires par région à partir de 2017,0fficines et Dépôts privés,,Nombre,2017,54,Burkina Faso,Centre-Est,,
Sante,Infrastructures,Infrastructures sanitaires par région à partir de 2017.csv,Infrastructures sanitaires par région à partir de 2017,0fficines et Dépôts privés,,Nombre,2018,49,Burkina Faso,Centre-Est,,
Sante,Infrastructures,Infrastructures sanitaires par région à partir de 2017.csv,Infrastructures sanitaires par région à partir de 2017,0fficines et Dépôts privés,,Nombre,2020,71,Burkina Faso,Centre-Est,,
Sante,Infrastructures,Infrastructures sanitaires par région à partir de 2017.csv,Infrastructures sanitaires par région à partir de 2017,0fficines et Dépôts privés,,Nombre,2021,78,Burkina Faso,Centre-Est,,
Sante,Infrastructures,Infrastructures sanitaires par région à partir de 2017.csv,Infrastructures sanitaires par région à partir de 2017,0fficines et Dépôts privés,,Nombre,2022,93,Burkina Faso,Centre-Est,,
Sante,Infrastructures,Infrastructures sanitaires par région à partir de 2017.csv,Infrastructures sanitaires par région à partir de 2017,Infirmerie de garnison,,Nombre,2017,1,Burkina Faso,Centre-Est,,
Sante,Infrastructures,Infrastructures sanitaires par région à partir de 2017.csv,Infrastructures sanitaires par région à partir de 2017,Infirmerie de garnison,,Nombre,2020,1,Burkina Faso,Centre-Est,,
Sante,Infrastructures,Infrastructures sanitaires par région à partir de 2017.csv,Infrastructures sanitaires par région à partir de 2017,Infirmerie de garnison,,Nombre,2021,1,Burkina Faso,Centre-Est,,
Sante,Infrastructures,Infrastructures sanitaires par région à partir de 2017.csv,Infrastructures sanitaires par région à partir de 2017,Infirmerie/SST,,Nombre,2017,5,Burkina Faso,Centre-Est,,
Sante,Infrastructures,Infrastructures sanitaires par région à partir de 2017.csv,Infrastructures sanitaires par région à partir de 2017,Infirmerie/SST,,Nombre,2020,10,Burkina Faso,Centre-Est,,
Sante,Infrastructures,Infrastructures sanitaires par région à partir de 2017.csv,Infrastructures sanitaires par région à partir de 2017,Infirmerie/SST,,Nombre,2021,10,Burkina Faso,Centre-Est,,
Sante,Infrastructures,Infrastructures sanitaires par région à partir de 2017.csv,Infrastructures sanitaires par région à partir de 2017,Infirmerie/SST,,Nombre,2022,11,Burkina Faso,Centre-Est,,
Sante,Infrastructures,Infrastructures sanitaires par région à partir de 2017.csv,Infrastructures sanitaires par région à partir de 2017,Infirmerie/SST,,Nombre,2023,12,Burkina Faso,Centre-Est,,
Sante,Infrastructures,Infrastructures sanitaires par région à partir de 2017.csv,Infrastructures sanitaires par région à partir de 2017,"Autres (CREN,…)",,Nombre,2017,0,Burkina Faso,Centre-Est,,
Sante,Infrastructures,Infrastructures sanitaires par région à partir de 2017.csv,Infrastructures sanitaires par région à partir de 2017,Centre Hospitalier Universitaire,,Nombre,2017,0,Burkina Faso,Centre-Nord,,
Sante,Infrastructures,Infrastructures sanitaires par région à partir de 2017.csv,Infrastructures sanitaires par région à partir de 2017,Centre Hospitalier Universitaire,,Nombre,2018,0,Burkina Faso,Centre-Nord,,
Sante,Infrastructures,Infrastructures sanitaires par région à partir de 2017.csv,Infrastructures sanitaires par région à partir de 2017,Centre Hospitalier Universitaire,,Nombre,2019,0,Burkina Faso,Centre-Nord,,
Sante,Infrastructures,Infrastructures sanitaires par région à partir de 2017.csv,Infrastructures sanitaires par région à partir de 2017,Centre Hospitalier Universitaire,,Nombre,2020,0,Burkina Faso,Centre-Nord,,
Sante,Infrastructures,Infrastructures sanitaires par région à partir de 2017.csv,Infrastructures sanitaires par région à partir de 2017,Centre Hospitalier Universitaire,,Nombre,2021,0,Burkina Faso,Centre-Nord,,
Sante,Infrastructures,Infrastructures sanitaires par région à partir de 2017.csv,Infrastructures sanitaires par région à partir de 2017,Centre Hospitalier Universitaire,,Nombre,2022,0,Burkina Faso,Centre-Nord,,
Sante,Infrastructures,Infrastructures sanitaires par région à partir de 2017.csv,Infrastructures sanitaires par région à partir de 2017,Centre Hospitalier Universitaire,,Nombre,2023,0,Burkina Faso,Centre-Nord,,
Sante,Infrastructures,Infrastructures sanitaires par région à partir de 2017.csv,Infrastructures sanitaires par région à partir de 2017,Centre Hospitalier Régional,,Nombre,2017,1,Burkina Faso,Centre-Nord,,
Sante,Infrastructures,Infrastructures sanitaires par région à partir de 2017.csv,Infrastructures sanitaires par région à partir de 2017,Centre Hospitalier Régional,,Nombre,2018,1,Burkina Faso,Centre-Nord,,
Sante,Infrastructures,Infrastructures sanitaires par région à partir de 2017.csv,Infrastructures sanitaires par région à partir de 2017,Centre Hospitalier Régional,,Nombre,2019,1,Burkina Faso,Centre-Nord,,
Sante,Infrastructures,Infrastructures sanitaires par région à partir de 2017.csv,Infrastructures sanitaires par région à partir de 2017,Centre Hospitalier Régional,,Nombre,2020,1,Burkina Faso,Centre-Nord,,
Sante,Infrastructures,Infrastructures sanitaires par région à partir de 2017.csv,Infrastructures sanitaires par région à partir de 2017,Centre Hospitalier Régional,,Nombre,2021,1,Burkina Faso,Centre-Nord,,
Sante,Infrastructures,Infrastructures sanitaires par région à partir de 2017.csv,Infrastructures sanitaires par région à partir de 2017,Centre Hospitalier Régional,,Nombre,2022,1,Burkina Faso,Centre-Nord,,
Sante,Infrastructures,Infrastructures sanitaires par région à partir de 2017.csv,Infrastructures sanitaires par région à partir de 2017,Centre Hospitalier Régional,,Nombre,2023,1,Burkina Faso,Centre-Nord,,
Sante,Infrastructures,Infrastructures sanitaires par région à partir de 2017.csv,Infrastructures sanitaires par région à partir de 2017,Centre Médical avec Antenne chirurgicale,,Nombre,2017,3,Burkina Faso,Centre-Nord,,
Sante,Infrastructures,Infrastructures sanitaires par région à partir de 2017.csv,Infrastructures sanitaires par région à partir de 2017,Centre Médical avec Antenne chirurgicale,,Nombre,2018,3,Burkina Faso,Centre-Nord,,
Sante,Infrastructures,Infrastructures sanitaires par région à partir de 2017.csv,Infrastructures sanitaires par région à partir de 2017,Centre Médical avec Antenne chirurgicale,,Nombre,2019,3,Burkina Faso,Centre-Nord,,
Sante,Infrastructures,Infrastructures sanitaires par région à partir de 2017.csv,Infrastructures sanitaires par région à partir de 2017,Centre Médical avec Antenne chirurgicale,,Nombre,2020,3,Burkina Faso,Centre-Nord,,
Sante,Infrastructures,Infrastructures sanitaires par région à partir de 2017.csv,Infrastructures sanitaires par région à partir de 2017,Centre Médical avec Antenne chirurgicale,,Nombre,2021,3,Burkina Faso,Centre-Nord,,
Sante,Infrastructures,Infrastructures sanitaires par région à partir de 2017.csv,Infrastructures sanitaires par région à partir de 2017,Centre Médical avec Antenne chirurgicale,,Nombre,2022,3,Burkina Faso,Centre-Nord,,
Sante,Infrastructures,Infrastructures sanitaires par région à partir de 2017.csv,Infrastructures sanitaires par région à partir de 2017,Centre Médical avec Antenne chirurgicale,,Nombre,2023,3,Burkina Faso,Centre-Nord,,
Sante,Infrastructures,Infrastructures sanitaires par région à partir de 2017.csv,Infrastructures sanitaires par région à partir de 2017,Centre Médical,,Nombre,2017,4,Burkina Faso,Centre-Nord,,
Sante,Infrastructures,Infrastructures sanitaires par région à partir de 2017.csv,Infrastructures sanitaires par région à partir de 2017,Centre Médical,,Nombre,2018,9,Burkina Faso,Centre-Nord,,
Sante,Infrastructures,Infrastructures sanitaires par région à partir de 2017.csv,Infrastructures sanitaires par région à partir de 2017,Centre Médical,,Nombre,2019,6,Burkina Faso,Centre-Nord,,
Sante,Infrastructures,Infrastructures sanitaires par région à partir de 2017.csv,Infrastructures sanitaires par région à partir de 2017,Centre Médical,,Nombre,2020,6,Burkina Faso,Centre-Nord,,
Sante,Infrastructures,Infrastructures sanitaires par région à partir de 2017.csv,Infrastructures sanitaires par région à partir de 2017,Centre Médical,,Nombre,2021,8,Burkina Faso,Centre-Nord,,
Sante,Infrastructures,Infrastructures sanitaires par région à partir de 2017.csv,Infrastructures sanitaires par région à partir de 2017,Centre Médical,,Nombre,2022,8,Burkina Faso,Centre-Nord,,
Sante,Infrastructures,Infrastructures sanitaires par région à partir de 2017.csv,Infrastructures sanitaires par région à partir de 2017,Centre Médical,,Nombre,2023,9,Burkina Faso,Centre-Nord,,
Sante,Infrastructures,Infrastructures sanitaires par région à partir de 2017.csv,Infrastructures sanitaires par région à partir de 2017,Centre de Santé et de Promotion Sociale,,Nombre,2017,141,Burkina Faso,Centre-Nord,,
Sante,Infrastructures,Infrastructures sanitaires par région à partir de 2017.csv,Infrastructures sanitaires par région à partir de 2017,Centre de Santé et de Promotion Sociale,,Nombre,2018,148,Burkina Faso,Centre-Nord,,
Sante,Infrastructures,Infrastructures sanitaires par région à partir de 2017.csv,Infrastructures sanitaires par région à partir de 2017,Centre de Santé et de Promotion Sociale,,Nombre,2019,144,Burkina Faso,Centre-Nord,,
Sante,Infrastructures,Infrastructures sanitaires par région à partir de 2017.csv,Infrastructures sanitaires par région à partir de 2017,Centre de Santé et de Promotion Sociale,,Nombre,2020,148,Burkina Faso,Centre-Nord,,
Sante,Infrastructures,Infrastructures sanitaires par région à partir de 2017.csv,Infrastructures sanitaires par région à partir de 2017,Centre de Santé et de Promotion Sociale,,Nombre,2021,164,Burkina Faso,Centre-Nord,,
Sante,Infrastructures,Infrastructures sanitaires par région à partir de 2017.csv,Infrastructures sanitaires par région à partir de 2017,Centre de Santé et de Promotion Sociale,,Nombre,2022,171,Burkina Faso,Centre-Nord,,
Sante,Infrastructures,Infrastructures sanitaires par région à partir de 2017.csv,Infrastructures sanitaires par région à partir de 2017,Centre de Santé et de Promotion Sociale,,Nombre,2023,177,Burkina Faso,Centre-Nord,,
Sante,Infrastructures,Infrastructures sanitaires par région à partir de 2017.csv,Infrastructures sanitaires par région à partir de 2017,Dispensaire,,Nombre,2017,14,Burkina Faso,Centre-Nord,,
Sante,Infrastructures,Infrastructures sanitaires par région à partir de 2017.csv,Infrastructures sanitaires par région à partir de 2017,Dispensaire,,Nombre,2018,22,Burkina Faso,Centre-Nord,,
Sante,Infrastructures,Infrastructures sanitaires par région à partir de 2017.csv,Infrastructures sanitaires par région à partir de 2017,Dispensaire,,Nombre,2019,17,Burkina Faso,Centre-Nord,,
Sante,Infrastructures,Infrastructures sanitaires par région à partir de 2017.csv,Infrastructures sanitaires par région à partir de 2017,Dispensaire,,Nombre,2020,17,Burkina Faso,Centre-Nord,,
Sante,Infrastructures,Infrastructures sanitaires par région à partir de 2017.csv,Infrastructures sanitaires par région à partir de 2017,Dispensaire,,Nombre,2021,11,Burkina Faso,Centre-Nord,,
Sante,Infrastructures,Infrastructures sanitaires par région à partir de 2017.csv,Infrastructures sanitaires par région à partir de 2017,Dispensaire,,Nombre,2022,9,Burkina Faso,Centre-Nord,,
Sante,Infrastructures,Infrastructures sanitaires par région à partir de 2017.csv,Infrastructures sanitaires par région à partir de 2017,Dispensaire,,Nombre,2023,6,Burkina Faso,Centre-Nord,,
Sante,Infrastructures,Infrastructures sanitaires par région à partir de 2017.csv,Infrastructures sanitaires par région à partir de 2017,Maternités isolées,,Nombre,2017,0,Burkina Faso,Centre-Nord,,
Sante,Infrastructures,Infrastructures sanitaires par région à partir de 2017.csv,Infrastructures sanitaires par région à partir de 2017,Maternités isolées,,Nombre,2018,0,Burkina Faso,Centre-Nord,,
Sante,Infrastructures,Infrastructures sanitaires par région à partir de 2017.csv,Infrastructures sanitaires par région à partir de 2017,Maternités isolées,,Nombre,2019,0,Burkina Faso,Centre-Nord,,
Sante,Infrastructures,Infrastructures sanitaires par région à partir de 2017.csv,Infrastructures sanitaires par région à partir de 2017,Maternités isolées,,Nombre,2020,0,Burkina Faso,Centre-Nord,,
Sante,Infrastructures,Infrastructures sanitaires par région à partir de 2017.csv,Infrastructures sanitaires par région à partir de 2017,Maternités isolées,,Nombre,2021,0,Burkina Faso,Centre-Nord,,
Sante,Infrastructures,Infrastructures sanitaires par région à partir de 2017.csv,Infrastructures sanitaires par région à partir de 2017,Maternités isolées,,Nombre,2022,0,Burkina Faso,Centre-Nord,,
Sante,Infrastructures,Infrastructures sanitaires par région à partir de 2017.csv,Infrastructures sanitaires par région à partir de 2017,Maternités isolées,,Nombre,2023,0,Burkina Faso,Centre-Nord,,
Sante,Infrastructures,Infrastructures sanitaires par région à partir de 2017.csv,Infrastructures sanitaires par région à partir de 2017,Formation Sanitaire Privée,,Nombre,2017,13,Burkina Faso,Centre-Nord,,
Sante,Infrastructures,Infrastructures sanitaires par région à partir de 2017.csv,Infrastructures sanitaires par région à partir de 2017,Formation Sanitaire Privée,,Nombre,2020,20,Burkina Faso,Centre-Nord,,
Sante,Infrastructures,Infrastructures sanitaires par région à partir de 2017.csv,Infrastructures sanitaires par région à partir de 2017,Formation Sanitaire Privée,,Nombre,2021,20,Burkina Faso,Centre-Nord,,
Sante,Infrastructures,Infrastructures sanitaires par région à partir de 2017.csv,Infrastructures sanitaires par région à partir de 2017,Formation Sanitaire Privée,,Nombre,2022,24,Burkina Faso,Centre-Nord,,
Sante,Infrastructures,Infrastructures sanitaires par région à partir de 2017.csv,Infrastructures sanitaires par région à partir de 2017,0fficines et Dépôts privés,,Nombre,2017,35,Burkina Faso,Centre-Nord,,
Sante,Infrastructures,Infrastructures sanitaires par région à partir de 2017.csv,Infrastructures sanitaires par région à partir de 2017,0fficines et Dépôts privés,,Nombre,2018,44,Burkina Faso,Centre-Nord,,
Sante,Infrastructures,Infrastructures sanitaires par région à partir de 2017.csv,Infrastructures sanitaires par région à partir de 2017,0fficines et Dépôts privés,,Nombre,2020,50,Burkina Faso,Centre-Nord,,
Sante,Infrastructures,Infrastructures sanitaires par région à partir de 2017.csv,Infrastructures sanitaires par région à partir de 2017,0fficines et Dépôts privés,,Nombre,2021,39,Burkina Faso,Centre-Nord,,
Sante,Infrastructures,Infrastructures sanitaires par région à partir de 2017.csv,Infrastructures sanitaires par région à partir de 2017,0fficines et Dépôts privés,,Nombre,2022,61,Burkina Faso,Centre-Nord,,
Sante,Infrastructures,Infrastructures sanitaires par région à partir de 2017.csv,Infrastructures sanitaires par région à partir de 2017,Infirmerie de garnison,,Nombre,2017,1,Burkina Faso,Centre-Nord,,
Sante,Infrastructures,Infrastructures sanitaires par région à partir de 2017.csv,Infrastructures sanitaires par région à partir de 2017,Infirmerie de garnison,,Nombre,2020,1,Burkina Faso,Centre-Nord,,
Sante,Infrastructures,Infrastructures sanitaires par région à partir de 2017.csv,Infrastructures sanitaires par région à partir de 2017,Infirmerie de garnison,,Nombre,2021,1,Burkina Faso,Centre-Nord,,
Sante,Infrastructures,Infrastructures sanitaires par région à partir de 2017.csv,Infrastructures sanitaires par région à partir de 2017,Infirmerie/SST,,Nombre,2017,0,Burkina Faso,Centre-Nord,,
Sante,Infrastructures,Infrastructures sanitaires par région à partir de 2017.csv,Infrastructures sanitaires par région à partir de 2017,Infirmerie/SST,,Nombre,2020,1,Burkina Faso,Centre-Nord,,
Sante,Infrastructures,Infrastructures sanitaires par région à partir de 2017.csv,Infrastructures sanitaires par région à partir de 2017,Infirmerie/SST,,Nombre,2021,1,Burkina Faso,Centre-Nord,,
Sante,Infrastructures,Infrastructures sanitaires par région à partir de 2017.csv,Infrastructures sanitaires par région à partir de 2017,Infirmerie/SST,,Nombre,2022,6,Burkina Faso,Centre-Nord,,
Sante,Infrastructures,Infrastructures sanitaires par région à partir de 2017.csv,Infrastructures sanitaires par région à partir de 2017,Infirmerie/SST,,Nombre,2023,6,Burkina Faso,Centre-Nord,,
Sante,Infrastructures,Infrastructures sanitaires par région à partir de 2017.csv,Infrastructures sanitaires par région à partir de 2017,"Autres (CREN,…)",,Nombre,2017,0,Burkina Faso,Centre-Nord,,
Sante,Infrastructures,Infrastructures sanitaires par région à partir de 2017.csv,Infrastructures sanitaires par région à partir de 2017,Centre Hospitalier Universitaire,,Nombre,2017,0,Burkina Faso,Centre-Ouest,,
Sante,Infrastructures,Infrastructures sanitaires par région à partir de 2017.csv,Infrastructures sanitaires par région à partir de 2017,Centre Hospitalier Universitaire,,Nombre,2018,0,Burkina Faso,Centre-Ouest,,
Sante,Infrastructures,Infrastructures sanitaires par région à partir de 2017.csv,Infrastructures sanitaires par région à partir de 2017,Centre Hospitalier Universitaire,,Nombre,2019,0,Burkina Faso,Centre-Ouest,,
Sante,Infrastructures,Infrastructures sanitaires par région à partir de 2017.csv,Infrastructures sanitaires par région à partir de 2017,Centre Hospitalier Universitaire,,Nombre,2020,0,Burkina Faso,Centre-Ouest,,
Sante,Infrastructures,Infrastructures sanitaires par région à partir de 2017.csv,Infrastructures sanitaires par région à partir de 2017,Centre Hospitalier Universitaire,,Nombre,2021,0,Burkina Faso,Centre-Ouest,,
Sante,Infrastructures,Infrastructures sanitaires par région à partir de 2017.csv,Infrastructures sanitaires par région à partir de 2017,Centre Hospitalier Universitaire,,Nombre,2022,0,Burkina Faso,Centre-Ouest,,
Sante,Infrastructures,Infrastructures sanitaires par région à partir de 2017.csv,Infrastructures sanitaires par région à partir de 2017,Centre Hospitalier Universitaire,,Nombre,2023,0,Burkina Faso,Centre-Ouest,,
Sante,Infrastructures,Infrastructures sanitaires par région à partir de 2017.csv,Infrastructures sanitaires par région à partir de 2017,Centre Hospitalier Régional,,Nombre,2017,1,Burkina Faso,Centre-Ouest,,
Sante,Infrastructures,Infrastructures sanitaires par région à partir de 2017.csv,Infrastructures sanitaires par région à partir de 2017,Centre Hospitalier Régional,,Nombre,2018,1,Burkina Faso,Centre-Ouest,,
Sante,Infrastructures,Infrastructures sanitaires par région à partir de 2017.csv,Infrastructures sanitaires par région à partir de 2017,Centre Hospitalier Régional,,Nombre,2019,1,Burkina Faso,Centre-Ouest,,
Sante,Infrastructures,Infrastructures sanitaires par région à partir de 2017.csv,Infrastructures sanitaires par région à partir de 2017,Centre Hospitalier Régional,,Nombre,2020,1,Burkina Faso,Centre-Ouest,,
Sante,Infrastructures,Infrastructures sanitaires par région à partir de 2017.csv,Infrastructures sanitaires par région à partir de 2017,Centre Hospitalier Régional,,Nombre,2021,1,Burkina Faso,Centre-Ouest,,
Sante,Infrastructures,Infrastructures sanitaires par région à partir de 2017.csv,Infrastructures sanitaires par région à partir de 2017,Centre Hospitalier Régional,,Nombre,2022,1,Burkina Faso,Centre-Ouest,,
Sante,Infrastructures,Infrastructures sanitaires par région à partir de 2017.csv,Infrastructures sanitaires par région à partir de 2017,Centre Hospitalier Régional,,Nombre,2023,1,Burkina Faso,Centre-Ouest,,
Sante,Infrastructures,Infrastructures sanitaires par région à partir de 2017.csv,Infrastructures sanitaires par région à partir de 2017,Centre Médical avec Antenne chirurgicale,,Nombre,2017,2,Burkina Faso,Centre-Ouest,,
Sante,Infrastructures,Infrastructures sanitaires par région à partir de 2017.csv,Infrastructures sanitaires par région à partir de 2017,Centre Médical avec Antenne chirurgicale,,Nombre,2018,3,Burkina Faso,Centre-Ouest,,
Sante,Infrastructures,Infrastructures sanitaires par région à partir de 2017.csv,Infrastructures sanitaires par région à partir de 2017,Centre Médical avec Antenne chirurgicale,,Nombre,2019,2,Burkina Faso,Centre-Ouest,,
Sante,Infrastructures,Infrastructures sanitaires par région à partir de 2017.csv,Infrastructures sanitaires par région à partir de 2017,Centre Médical avec Antenne chirurgicale,,Nombre,2020,3,Burkina Faso,Centre-Ouest,,
Sante,Infrastructures,Infrastructures sanitaires par région à partir de 2017.csv,Infrastructures sanitaires par région à partir de 2017,Centre Médical avec Antenne chirurgicale,,Nombre,2021,3,Burkina Faso,Centre-Ouest,,
Sante,Infrastructures,Infrastructures sanitaires par région à partir de 2017.csv,Infrastructures sanitaires par région à partir de 2017,Centre Médical avec Antenne chirurgicale,,Nombre,2022,3,Burkina Faso,Centre-Ouest,,
Sante,Infrastructures,Infrastructures sanitaires par région à partir de 2017.csv,Infrastructures sanitaires par région à partir de 2017,Centre Médical avec Antenne chirurgicale,,Nombre,2023,3,Burkina Faso,Centre-Ouest,,
Sante,Infrastructures,Infrastructures sanitaires par région à partir de 2017.csv,Infrastructures sanitaires par région à partir de 2017,Centre Médical,,Nombre,2017,7,Burkina Faso,Centre-Ouest,,
Sante,Infrastructures,Infrastructures sanitaires par région à partir de 2017.csv,Infrastructures sanitaires par région à partir de 2017,Centre Médical,,Nombre,2018,10,Burkina Faso,Centre-Ouest,,
Sante,Infrastructures,Infrastructures sanitaires par région à partir de 2017.csv,Infrastructures sanitaires par région à partir de 2017,Centre Médical,,Nombre,2019,11,Burkina Faso,Centre-Ouest,,
Sante,Infrastructures,Infrastructures sanitaires par région à partir de 2017.csv,Infrastructures sanitaires par région à partir de 2017,Centre Médical,,Nombre,2020,10,Burkina Faso,Centre-Ouest,,
Sante,Infrastructures,Infrastructures sanitaires par région à partir de 2017.csv,Infrastructures sanitaires par région à partir de 2017,Centre Médical,,Nombre,2021,14,Burkina Faso,Centre-Ouest,,
Sante,Infrastructures,Infrastructures sanitaires par région à partir de 2017.csv,Infrastructures sanitaires par région à partir de 2017,Centre Médical,,Nombre,2022,14,Burkina Faso,Centre-Ouest,,
Sante,Infrastructures,Infrastructures sanitaires par région à partir de 2017.csv,Infrastructures sanitaires par région à partir de 2017,Centre Médical,,Nombre,2023,14,Burkina Faso,Centre-Ouest,,
Sante,Infrastructures,Infrastructures sanitaires par région à partir de 2017.csv,Infrastructures sanitaires par région à partir de 2017,Centre de Santé et de Promotion Sociale,,Nombre,2017,201,Burkina Faso,Centre-Ouest,,
Sante,Infrastructures,Infrastructures sanitaires par région à partir de 2017.csv,Infrastructures sanitaires par région à partir de 2017,Centre de Santé et de Promotion Sociale,,Nombre,2018,218,Burkina Faso,Centre-Ouest,,
Sante,Infrastructures,Infrastructures sanitaires par région à partir de 2017.csv,Infrastructures sanitaires par région à partir de 2017,Centre de Santé et de Promotion Sociale,,Nombre,2019,214,Burkina Faso,Centre-Ouest,,
Sante,Infrastructures,Infrastructures sanitaires par région à partir de 2017.csv,Infrastructures sanitaires par région à partir de 2017,Centre de Santé et de Promotion Sociale,,Nombre,2020,225,Burkina Faso,Centre-Ouest,,
Sante,Infrastructures,Infrastructures sanitaires par région à partir de 2017.csv,Infrastructures sanitaires par région à partir de 2017,Centre de Santé et de Promotion Sociale,,Nombre,2021,228,Burkina Faso,Centre-Ouest,,
Sante,Infrastructures,Infrastructures sanitaires par région à partir de 2017.csv,Infrastructures sanitaires par région à partir de 2017,Centre de Santé et de Promotion Sociale,,Nombre,2022,233,Burkina Faso,Centre-Ouest,,
Sante,Infrastructures,Infrastructures sanitaires par région à partir de 2017.csv,Infrastructures sanitaires par région à partir de 2017,Centre de Santé et de Promotion Sociale,,Nombre,2023,235,Burkina Faso,Centre-Ouest,,
Sante,Infrastructures,Infrastructures sanitaires par région à partir de 2017.csv,Infrastructures sanitaires par région à partir de 2017,Dispensaire,,Nombre,2017,3,Burkina Faso,Centre-Ouest,,
Sante,Infrastructures,Infrastructures sanitaires par région à partir de 2017.csv,Infrastructures sanitaires par région à partir de 2017,Dispensaire,,Nombre,2018,5,Burkina Faso,Centre-Ouest,,
Sante,Infrastructures,Infrastructures sanitaires par région à partir de 2017.csv,Infrastructures sanitaires par région à partir de 2017,Dispensaire,,Nombre,2019,4,Burkina Faso,Centre-Ouest,,
Sante,Infrastructures,Infrastructures sanitaires par région à partir de 2017.csv,Infrastructures sanitaires par région à partir de 2017,Dispensaire,,Nombre,2020,3,Burkina Faso,Centre-Ouest,,
Sante,Infrastructures,Infrastructures sanitaires par région à partir de 2017.csv,Infrastructures sanitaires par région à partir de 2017,Dispensaire,,Nombre,2021,2,Burkina Faso,Centre-Ouest,,
Sante,Infrastructures,Infrastructures sanitaires par région à partir de 2017.csv,Infrastructures sanitaires par région à partir de 2017,Dispensaire,,Nombre,2022,1,Burkina Faso,Centre-Ouest,,
Sante,Infrastructures,Infrastructures sanitaires par région à partir de 2017.csv,Infrastructures sanitaires par région à partir de 2017,Dispensaire,,Nombre,2023,1,Burkina Faso,Centre-Ouest,,
Sante,Infrastructures,Infrastructures sanitaires par région à partir de 2017.csv,Infrastructures sanitaires par région à partir de 2017,Maternités isolées,,Nombre,2017,0,Burkina Faso,Centre-Ouest,,
Sante,Infrastructures,Infrastructures sanitaires par région à partir de 2017.csv,Infrastructures sanitaires par région à partir de 2017,Maternités isolées,,Nombre,2018,0,Burkina Faso,Centre-Ouest,,
Sante,Infrastructures,Infrastructures sanitaires par région à partir de 2017.csv,Infrastructures sanitaires par région à partir de 2017,Maternités isolées,,Nombre,2019,0,Burkina Faso,Centre-Ouest,,
Sante,Infrastructures,Infrastructures sanitaires par région à partir de 2017.csv,Infrastructures sanitaires par région à partir de 2017,Maternités isolées,,Nombre,2020,0,Burkina Faso,Centre-Ouest,,
Sante,Infrastructures,Infrastructures sanitaires par région à partir de 2017.csv,Infrastructures sanitaires par région à partir de 2017,Maternités isolées,,Nombre,2021,0,Burkina Faso,Centre-Ouest,,
Sante,Infrastructures,Infrastructures sanitaires par région à partir de 2017.csv,Infrastructures sanitaires par région à partir de 2017,Maternités isolées,,Nombre,2022,0,Burkina Faso,Centre-Ouest,,
Sante,Infrastructures,Infrastructures sanitaires par région à partir de 2017.csv,Infrastructures sanitaires par région à partir de 2017,Maternités isolées,,Nombre,2023,0,Burkina Faso,Centre-Ouest,,
Sante,Infrastructures,Infrastructures sanitaires par région à partir de 2017.csv,Infrastructures sanitaires par région à partir de 2017,Formation Sanitaire Privée,,Nombre,2017,23,Burkina Faso,Centre-Ouest,,
Sante,Infrastructures,Infrastructures sanitaires par région à partir de 2017.csv,Infrastructures sanitaires par région à partir de 2017,Formation Sanitaire Privée,,Nombre,2020,28,Burkina Faso,Centre-Ouest,,
Sante,Infrastructures,Infrastructures sanitaires par région à partir de 2017.csv,Infrastructures sanitaires par région à partir de 2017,Formation Sanitaire Privée,,Nombre,2021,31,Burkina Faso,Centre-Ouest,,
Sante,Infrastructures,Infrastructures sanitaires par région à partir de 2017.csv,Infrastructures sanitaires par région à partir de 2017,Formation Sanitaire Privée,,Nombre,2022,34,Burkina Faso,Centre-Ouest,,
Sante,Infrastructures,Infrastructures sanitaires par région à partir de 2017.csv,Infrastructures sanitaires par région à partir de 2017,0fficines et Dépôts privés,,Nombre,2017,63,Burkina Faso,Centre-Ouest,,
Sante,Infrastructures,Infrastructures sanitaires par région à partir de 2017.csv,Infrastructures sanitaires par région à partir de 2017,0fficines et Dépôts privés,,Nombre,2018,45,Burkina Faso,Centre-Ouest,,
Sante,Infrastructures,Infrastructures sanitaires par région à partir de 2017.csv,Infrastructures sanitaires par région à partir de 2017,0fficines et Dépôts privés,,Nombre,2020,71,Burkina Faso,Centre-Ouest,,
Sante,Infrastructures,Infrastructures sanitaires par région à partir de 2017.csv,Infrastructures sanitaires par région à partir de 2017,0fficines et Dépôts privés,,Nombre,2021,78,Burkina Faso,Centre-Ouest,,
Sante,Infrastructures,Infrastructures sanitaires par région à partir de 2017.csv,Infrastructures sanitaires par région à partir de 2017,0fficines et Dépôts privés,,Nombre,2022,76,Burkina Faso,Centre-Ouest,,
Sante,Infrastructures,Infrastructures sanitaires par région à partir de 2017.csv,Infrastructures sanitaires par région à partir de 2017,Infirmerie de garnison,,Nombre,2017,0,Burkina Faso,Centre-Ouest,,
Sante,Infrastructures,Infrastructures sanitaires par région à partir de 2017.csv,Infrastructures sanitaires par région à partir de 2017,Infirmerie de garnison,,Nombre,2020,0,Burkina Faso,Centre-Ouest,,
Sante,Infrastructures,Infrastructures sanitaires par région à partir de 2017.csv,Infrastructures sanitaires par région à partir de 2017,Infirmerie de garnison,,Nombre,2021,0,Burkina Faso,Centre-Ouest,,
Sante,Infrastructures,Infrastructures sanitaires par région à partir de 2017.csv,Infrastructures sanitaires par région à partir de 2017,Infirmerie/SST,,Nombre,2017,10,Burkina Faso,Centre-Ouest,,
Sante,Infrastructures,Infrastructures sanitaires par région à partir de 2017.csv,Infrastructures sanitaires par région à partir de 2017,Infirmerie/SST,,Nombre,2020,15,Burkina Faso,Centre-Ouest,,
Sante,Infrastructures,Infrastructures sanitaires par région à partir de 2017.csv,Infrastructures sanitaires par région à partir de 2017,Infirmerie/SST,,Nombre,2021,14,Burkina Faso,Centre-Ouest,,
Sante,Infrastructures,Infrastructures sanitaires par région à partir de 2017.csv,Infrastructures sanitaires par région à partir de 2017,Infirmerie/SST,,Nombre,2022,14,Burkina Faso,Centre-Ouest,,
Sante,Infrastructures,Infrastructures sanitaires par région à partir de 2017.csv,Infrastructures sanitaires par région à partir de 2017,Infirmerie/SST,,Nombre,2023,15,Burkina Faso,Centre-Ouest,,
Sante,Infrastructures,Infrastructures sanitaires par région à partir de 2017.csv,Infrastructures sanitaires par région à partir de 2017,"Autres (CREN,…)",,Nombre,2017,1,Burkina Faso,Centre-Ouest,,
Sante,Infrastructures,Infrastructures sanitaires par région à partir de 2017.csv,Infrastructures sanitaires par région à partir de 2017,Centre Hospitalier Universitaire,,Nombre,2017,0,Burkina Faso,Centre-Sud,,
Sante,Infrastructures,Infrastructures sanitaires par région à partir de 2017.csv,Infrastructures sanitaires par région à partir de 2017,Centre Hospitalier Universitaire,,Nombre,2018,0,Burkina Faso,Centre-Sud,,
Sante,Infrastructures,Infrastructures sanitaires par région à partir de 2017.csv,Infrastructures sanitaires par région à partir de 2017,Centre Hospitalier Universitaire,,Nombre,2019,0,Burkina Faso,Centre-Sud,,
Sante,Infrastructures,Infrastructures sanitaires par région à partir de 2017.csv,Infrastructures sanitaires par région à partir de 2017,Centre Hospitalier Universitaire,,Nombre,2020,0,Burkina Faso,Centre-Sud,,
Sante,Infrastructures,Infrastructures sanitaires par région à partir de 2017.csv,Infrastructures sanitaires par région à partir de 2017,Centre Hospitalier Universitaire,,Nombre,2021,0,Burkina Faso,Centre-Sud,,
Sante,Infrastructures,Infrastructures sanitaires par région à partir de 2017.csv,Infrastructures sanitaires par région à partir de 2017,Centre Hospitalier Universitaire,,Nombre,2022,0,Burkina Faso,Centre-Sud,,
Sante,Infrastructures,Infrastructures sanitaires par région à partir de 2017.csv,Infrastructures sanitaires par région à partir de 2017,Centre Hospitalier Universitaire,,Nombre,2023,0,Burkina Faso,Centre-Sud,,
Sante,Infrastructures,Infrastructures sanitaires par région à partir de 2017.csv,Infrastructures sanitaires par région à partir de 2017,Centre Hospitalier Régional,,Nombre,2017,0,Burkina Faso,Centre-Sud,,
Sante,Infrastructures,Infrastructures sanitaires par région à partir de 2017.csv,Infrastructures sanitaires par région à partir de 2017,Centre Hospitalier Régional,,Nombre,2018,0,Burkina Faso,Centre-Sud,,
Sante,Infrastructures,Infrastructures sanitaires par région à partir de 2017.csv,Infrastructures sanitaires par région à partir de 2017,Centre Hospitalier Régional,,Nombre,2019,0,Burkina Faso,Centre-Sud,,
Sante,Infrastructures,Infrastructures sanitaires par région à partir de 2017.csv,Infrastructures sanitaires par région à partir de 2017,Centre Hospitalier Régional,,Nombre,2020,0,Burkina Faso,Centre-Sud,,
Sante,Infrastructures,Infrastructures sanitaires par région à partir de 2017.csv,Infrastructures sanitaires par région à partir de 2017,Centre Hospitalier Régional,,Nombre,2021,0,Burkina Faso,Centre-Sud,,
Sante,Infrastructures,Infrastructures sanitaires par région à partir de 2017.csv,Infrastructures sanitaires par région à partir de 2017,Centre Hospitalier Régional,,Nombre,2022,0,Burkina Faso,Centre-Sud,,
Sante,Infrastructures,Infrastructures sanitaires par région à partir de 2017.csv,Infrastructures sanitaires par région à partir de 2017,Centre Hospitalier Régional,,Nombre,2023,0,Burkina Faso,Centre-Sud,,
Sante,Infrastructures,Infrastructures sanitaires par région à partir de 2017.csv,Infrastructures sanitaires par région à partir de 2017,Centre Médical avec Antenne chirurgicale,,Nombre,2017,4,Burkina Faso,Centre-Sud,,
Sante,Infrastructures,Infrastructures sanitaires par région à partir de 2017.csv,Infrastructures sanitaires par région à partir de 2017,Centre Médical avec Antenne chirurgicale,,Nombre,2018,4,Burkina Faso,Centre-Sud,,
Sante,Infrastructures,Infrastructures sanitaires par région à partir de 2017.csv,Infrastructures sanitaires par région à partir de 2017,Centre Médical avec Antenne chirurgicale,,Nombre,2019,4,Burkina Faso,Centre-Sud,,
Sante,Infrastructures,Infrastructures sanitaires par région à partir de 2017.csv,Infrastructures sanitaires par région à partir de 2017,Centre Médical avec Antenne chirurgicale,,Nombre,2020,4,Burkina Faso,Centre-Sud,,
Sante,Infrastructures,Infrastructures sanitaires par région à partir de 2017.csv,Infrastructures sanitaires par région à partir de 2017,Centre Médical avec Antenne chirurgicale,,Nombre,2021,4,Burkina Faso,Centre-Sud,,
Sante,Infrastructures,Infrastructures sanitaires par région à partir de 2017.csv,Infrastructures sanitaires par région à partir de 2017,Centre Médical avec Antenne chirurgicale,,Nombre,2022,4,Burkina Faso,Centre-Sud,,
Sante,Infrastructures,Infrastructures sanitaires par région à partir de 2017.csv,Infrastructures sanitaires par région à partir de 2017,Centre Médical avec Antenne chirurgicale,,Nombre,2023,4,Burkina Faso,Centre-Sud,,
Sante,Infrastructures,Infrastructures sanitaires par région à partir de 2017.csv,Infrastructures sanitaires par région à partir de 2017,Centre Médical,,Nombre,2017,0,Burkina Faso,Centre-Sud,,
Sante,Infrastructures,Infrastructures sanitaires par région à partir de 2017.csv,Infrastructures sanitaires par région à partir de 2017,Centre Médical,,Nombre,2018,0,Burkina Faso,Centre-Sud,,
Sante,Infrastructures,Infrastructures sanitaires par région à partir de 2017.csv,Infrastructures sanitaires par région à partir de 2017,Centre Médical,,Nombre,2019,0,Burkina Faso,Centre-Sud,,
Sante,Infrastructures,Infrastructures sanitaires par région à partir de 2017.csv,Infrastructures sanitaires par région à partir de 2017,Centre Médical,,Nombre,2020,2,Burkina Faso,Centre-Sud,,
Sante,Infrastructures,Infrastructures sanitaires par région à partir de 2017.csv,Infrastructures sanitaires par région à partir de 2017,Centre Médical,,Nombre,2021,4,Burkina Faso,Centre-Sud,,
Sante,Infrastructures,Infrastructures sanitaires par région à partir de 2017.csv,Infrastructures sanitaires par région à partir de 2017,Centre Médical,,Nombre,2022,5,Burkina Faso,Centre-Sud,,
Sante,Infrastructures,Infrastructures sanitaires par région à partir de 2017.csv,Infrastructures sanitaires par région à partir de 2017,Centre Médical,,Nombre,2023,5,Burkina Faso,Centre-Sud,,
Sante,Infrastructures,Infrastructures sanitaires par région à partir de 2017.csv,Infrastructures sanitaires par région à partir de 2017,Centre de Santé et de Promotion Sociale,,Nombre,2017,108,Burkina Faso,Centre-Sud,,
Sante,Infrastructures,Infrastructures sanitaires par région à partir de 2017.csv,Infrastructures sanitaires par région à partir de 2017,Centre de Santé et de Promotion Sociale,,Nombre,2018,113,Burkina Faso,Centre-Sud,,
Sante,Infrastructures,Infrastructures sanitaires par région à partir de 2017.csv,Infrastructures sanitaires par région à partir de 2017,Centre de Santé et de Promotion Sociale,,Nombre,2019,115,Burkina Faso,Centre-Sud,,
Sante,Infrastructures,Infrastructures sanitaires par région à partir de 2017.csv,Infrastructures sanitaires par région à partir de 2017,Centre de Santé et de Promotion Sociale,,Nombre,2020,117,Burkina Faso,Centre-Sud,,
Sante,Infrastructures,Infrastructures sanitaires par région à partir de 2017.csv,Infrastructures sanitaires par région à partir de 2017,Centre de Santé et de Promotion Sociale,,Nombre,2021,122,Burkina Faso,Centre-Sud,,
Sante,Infrastructures,Infrastructures sanitaires par région à partir de 2017.csv,Infrastructures sanitaires par région à partir de 2017,Centre de Santé et de Promotion Sociale,,Nombre,2022,122,Burkina Faso,Centre-Sud,,
Sante,Infrastructures,Infrastructures sanitaires par région à partir de 2017.csv,Infrastructures sanitaires par région à partir de 2017,Centre de Santé et de Promotion Sociale,,Nombre,2023,129,Burkina Faso,Centre-Sud,,
Sante,Infrastructures,Infrastructures sanitaires par région à partir de 2017.csv,Infrastructures sanitaires par région à partir de 2017,Dispensaire,,Nombre,2017,20,Burkina Faso,Centre-Sud,,
Sante,Infrastructures,Infrastructures sanitaires par région à partir de 2017.csv,Infrastructures sanitaires par région à partir de 2017,Dispensaire,,Nombre,2018,17,Burkina Faso,Centre-Sud,,
Sante,Infrastructures,Infrastructures sanitaires par région à partir de 2017.csv,Infrastructures sanitaires par région à partir de 2017,Dispensaire,,Nombre,2019,14,Burkina Faso,Centre-Sud,,
Sante,Infrastructures,Infrastructures sanitaires par région à partir de 2017.csv,Infrastructures sanitaires par région à partir de 2017,Dispensaire,,Nombre,2020,15,Burkina Faso,Centre-Sud,,
Sante,Infrastructures,Infrastructures sanitaires par région à partir de 2017.csv,Infrastructures sanitaires par région à partir de 2017,Dispensaire,,Nombre,2021,14,Burkina Faso,Centre-Sud,,
Sante,Infrastructures,Infrastructures sanitaires par région à partir de 2017.csv,Infrastructures sanitaires par région à partir de 2017,Dispensaire,,Nombre,2022,15,Burkina Faso,Centre-Sud,,
Sante,Infrastructures,Infrastructures sanitaires par région à partir de 2017.csv,Infrastructures sanitaires par région à partir de 2017,Dispensaire,,Nombre,2023,14,Burkina Faso,Centre-Sud,,
Sante,Infrastructures,Infrastructures sanitaires par région à partir de 2017.csv,Infrastructures sanitaires par région à partir de 2017,Maternités isolées,,Nombre,2017,0,Burkina Faso,Centre-Sud,,
Sante,Infrastructures,Infrastructures sanitaires par région à partir de 2017.csv,Infrastructures sanitaires par région à partir de 2017,Maternités isolées,,Nombre,2018,0,Burkina Faso,Centre-Sud,,
Sante,Infrastructures,Infrastructures sanitaires par région à partir de 2017.csv,Infrastructures sanitaires par région à partir de 2017,Maternités isolées,,Nombre,2019,0,Burkina Faso,Centre-Sud,,
Sante,Infrastructures,Infrastructures sanitaires par région à partir de 2017.csv,Infrastructures sanitaires par région à partir de 2017,Maternités isolées,,Nombre,2020,0,Burkina Faso,Centre-Sud,,
Sante,Infrastructures,Infrastructures sanitaires par région à partir de 2017.csv,Infrastructures sanitaires par région à partir de 2017,Maternités isolées,,Nombre,2021,0,Burkina Faso,Centre-Sud,,
Sante,Infrastructures,Infrastructures sanitaires par région à partir de 2017.csv,Infrastructures sanitaires par région à partir de 2017,Maternités isolées,,Nombre,2022,0,Burkina Faso,Centre-Sud,,
Sante,Infrastructures,Infrastructures sanitaires par région à partir de 2017.csv,Infrastructures sanitaires par région à partir de 2017,Maternités isolées,,Nombre,2023,0,Burkina Faso,Centre-Sud,,
Sante,Infrastructures,Infrastructures sanitaires par région à partir de 2017.csv,Infrastructures sanitaires par région à partir de 2017,Formation Sanitaire Privée,,Nombre,2017,3,Burkina Faso,Centre-Sud,,
Sante,Infrastructures,Infrastructures sanitaires par région à partir de 2017.csv,Infrastructures sanitaires par région à partir de 2017,Formation Sanitaire Privée,,Nombre,2020,8,Burkina Faso,Centre-Sud,,
Sante,Infrastructures,Infrastructures sanitaires par région à partir de 2017.csv,Infrastructures sanitaires par région à partir de 2017,Formation Sanitaire Privée,,Nombre,2021,10,Burkina Faso,Centre-Sud,,
Sante,Infrastructures,Infrastructures sanitaires par région à partir de 2017.csv,Infrastructures sanitaires par région à partir de 2017,Formation Sanitaire Privée,,Nombre,2022,12,Burkina Faso,Centre-Sud,,
Sante,Infrastructures,Infrastructures sanitaires par région à partir de 2017.csv,Infrastructures sanitaires par région à partir de 2017,0fficines et Dépôts privés,,Nombre,2017,41,Burkina Faso,Centre-Sud,,
Sante,Infrastructures,Infrastructures sanitaires par région à partir de 2017.csv,Infrastructures sanitaires par région à partir de 2017,0fficines et Dépôts privés,,Nombre,2018,48,Burkina Faso,Centre-Sud,,
Sante,Infrastructures,Infrastructures sanitaires par région à partir de 2017.csv,Infrastructures sanitaires par région à partir de 2017,0fficines et Dépôts privés,,Nombre,2020,68,Burkina Faso,Centre-Sud,,
Sante,Infrastructures,Infrastructures sanitaires par région à partir de 2017.csv,Infrastructures sanitaires par région à partir de 2017,0fficines et Dépôts privés,,Nombre,2021,69,Burkina Faso,Centre-Sud,,
Sante,Infrastructures,Infrastructures sanitaires par région à partir de 2017.csv,Infrastructures sanitaires par région à partir de 2017,0fficines et Dépôts privés,,Nombre,2022,73,Burkina Faso,Centre-Sud,,
Sante,Infrastructures,Infrastructures sanitaires par région à partir de 2017.csv,Infrastructures sanitaires par région à partir de 2017,Infirmerie de garnison,,Nombre,2017,0,Burkina Faso,Centre-Sud,,
Sante,Infrastructures,Infrastructures sanitaires par région à partir de 2017.csv,Infrastructures sanitaires par région à partir de 2017,Infirmerie de garnison,,Nombre,2020,1,Burkina Faso,Centre-Sud,,
Sante,Infrastructures,Infrastructures sanitaires par région à partir de 2017.csv,Infrastructures sanitaires par région à partir de 2017,Infirmerie de garnison,,Nombre,2021,1,Burkina Faso,Centre-Sud,,
Sante,Infrastructures,Infrastructures sanitaires par région à partir de 2017.csv,Infrastructures sanitaires par région à partir de 2017,Infirmerie/SST,,Nombre,2017,1,Burkina Faso,Centre-Sud,,
Sante,Infrastructures,Infrastructures sanitaires par région à partir de 2017.csv,Infrastructures sanitaires par région à partir de 2017,Infirmerie/SST,,Nombre,2020,1,Burkina Faso,Centre-Sud,,
Sante,Infrastructures,Infrastructures sanitaires par région à partir de 2017.csv,Infrastructures sanitaires par région à partir de 2017,Infirmerie/SST,,Nombre,2021,1,Burkina Faso,Centre-Sud,,
Sante,Infrastructures,Infrastructures sanitaires par région à partir de 2017.csv,Infrastructures sanitaires par région à partir de 2017,Infirmerie/SST,,Nombre,2022,2,Burkina Faso,Centre-Sud,,
Sante,Infrastructures,Infrastructures sanitaires par région à partir de 2017.csv,Infrastructures sanitaires par région à partir de 2017,Infirmerie/SST,,Nombre,2023,2,Burkina Faso,Centre-Sud,,
Sante,Infrastructures,Infrastructures sanitaires par région à partir de 2017.csv,Infrastructures sanitaires par région à partir de 2017,"Autres (CREN,…)",,Nombre,2017,0,Burkina Faso,Centre-Sud,,
Sante,Infrastructures,Infrastructures sanitaires par région à partir de 2017.csv,Infrastructures sanitaires par région à partir de 2017,Centre Hospitalier Universitaire,,Nombre,2017,0,Burkina Faso,Est,,
Sante,Infrastructures,Infrastructures sanitaires par région à partir de 2017.csv,Infrastructures sanitaires par région à partir de 2017,Centre Hospitalier Universitaire,,Nombre,2018,0,Burkina Faso,Est,,
Sante,Infrastructures,Infrastructures sanitaires par région à partir de 2017.csv,Infrastructures sanitaires par région à partir de 2017,Centre Hospitalier Universitaire,,Nombre,2019,0,Burkina Faso,Est,,
Sante,Infrastructures,Infrastructures sanitaires par région à partir de 2017.csv,Infrastructures sanitaires par région à partir de 2017,Centre Hospitalier Universitaire,,Nombre,2020,0,Burkina Faso,Est,,
Sante,Infrastructures,Infrastructures sanitaires par région à partir de 2017.csv,Infrastructures sanitaires par région à partir de 2017,Centre Hospitalier Universitaire,,Nombre,2021,0,Burkina Faso,Est,,
Sante,Infrastructures,Infrastructures sanitaires par région à partir de 2017.csv,Infrastructures sanitaires par région à partir de 2017,Centre Hospitalier Universitaire,,Nombre,2022,0,Burkina Faso,Est,,
Sante,Infrastructures,Infrastructures sanitaires par région à partir de 2017.csv,Infrastructures sanitaires par région à partir de 2017,Centre Hospitalier Universitaire,,Nombre,2023,0,Burkina Faso,Est,,
Sante,Infrastructures,Infrastructures sanitaires par région à partir de 2017.csv,Infrastructures sanitaires par région à partir de 2017,Centre Hospitalier Régional,,Nombre,2017,1,Burkina Faso,Est,,
Sante,Infrastructures,Infrastructures sanitaires par région à partir de 2017.csv,Infrastructures sanitaires par région à partir de 2017,Centre Hospitalier Régional,,Nombre,2018,1,Burkina Faso,Est,,
Sante,Infrastructures,Infrastructures sanitaires par région à partir de 2017.csv,Infrastructures sanitaires par région à partir de 2017,Centre Hospitalier Régional,,Nombre,2019,1,Burkina Faso,Est,,
Sante,Infrastructures,Infrastructures sanitaires par région à partir de 2017.csv,Infrastructures sanitaires par région à partir de 2017,Centre Hospitalier Régional,,Nombre,2020,1,Burkina Faso,Est,,
Sante,Infrastructures,Infrastructures sanitaires par région à partir de 2017.csv,Infrastructures sanitaires par région à partir de 2017,Centre Hospitalier Régional,,Nombre,2021,1,Burkina Faso,Est,,
Sante,Infrastructures,Infrastructures sanitaires par région à partir de 2017.csv,Infrastructures sanitaires par région à partir de 2017,Centre Hospitalier Régional,,Nombre,2022,1,Burkina Faso,Est,,
Sante,Infrastructures,Infrastructures sanitaires par région à partir de 2017.csv,Infrastructures sanitaires par région à partir de 2017,Centre Hospitalier Régional,,Nombre,2023,1,Burkina Faso,Est,,
Sante,Infrastructures,Infrastructures sanitaires par région à partir de 2017.csv,Infrastructures sanitaires par région à partir de 2017,Centre Médical avec Antenne chirurgicale,,Nombre,2017,4,Burkina Faso,Est,,
Sante,Infrastructures,Infrastructures sanitaires par région à partir de 2017.csv,Infrastructures sanitaires par région à partir de 2017,Centre Médical avec Antenne chirurgicale,,Nombre,2018,4,Burkina Faso,Est,,
Sante,Infrastructures,Infrastructures sanitaires par région à partir de 2017.csv,Infrastructures sanitaires par région à partir de 2017,Centre Médical avec Antenne chirurgicale,,Nombre,2019,4,Burkina Faso,Est,,
Sante,Infrastructures,Infrastructures sanitaires par région à partir de 2017.csv,Infrastructures sanitaires par région à partir de 2017,Centre Médical avec Antenne chirurgicale,,Nombre,2020,4,Burkina Faso,Est,,
Sante,Infrastructures,Infrastructures sanitaires par région à partir de 2017.csv,Infrastructures sanitaires par région à partir de 2017,Centre Médical avec Antenne chirurgicale,,Nombre,2021,4,Burkina Faso,Est,,
Sante,Infrastructures,Infrastructures sanitaires par région à partir de 2017.csv,Infrastructures sanitaires par région à partir de 2017,Centre Médical avec Antenne chirurgicale,,Nombre,2022,4,Burkina Faso,Est,,
Sante,Infrastructures,Infrastructures sanitaires par région à partir de 2017.csv,Infrastructures sanitaires par région à partir de 2017,Centre Médical avec Antenne chirurgicale,,Nombre,2023,4,Burkina Faso,Est,,
Sante,Infrastructures,Infrastructures sanitaires par région à partir de 2017.csv,Infrastructures sanitaires par région à partir de 2017,Centre Médical,,Nombre,2017,4,Burkina Faso,Est,,
Sante,Infrastructures,Infrastructures sanitaires par région à partir de 2017.csv,Infrastructures sanitaires par région à partir de 2017,Centre Médical,,Nombre,2018,10,Burkina Faso,Est,,
Sante,Infrastructures,Infrastructures sanitaires par région à partir de 2017.csv,Infrastructures sanitaires par région à partir de 2017,Centre Médical,,Nombre,2019,6,Burkina Faso,Est,,
Sante,Infrastructures,Infrastructures sanitaires par région à partir de 2017.csv,Infrastructures sanitaires par région à partir de 2017,Centre Médical,,Nombre,2020,6,Burkina Faso,Est,,
Sante,Infrastructures,Infrastructures sanitaires par région à partir de 2017.csv,Infrastructures sanitaires par région à partir de 2017,Centre Médical,,Nombre,2021,6,Burkina Faso,Est,,
Sante,Infrastructures,Infrastructures sanitaires par région à partir de 2017.csv,Infrastructures sanitaires par région à partir de 2017,Centre Médical,,Nombre,2022,10,Burkina Faso,Est,,
Sante,Infrastructures,Infrastructures sanitaires par région à partir de 2017.csv,Infrastructures sanitaires par région à partir de 2017,Centre Médical,,Nombre,2023,11,Burkina Faso,Est,,
Sante,Infrastructures,Infrastructures sanitaires par région à partir de 2017.csv,Infrastructures sanitaires par région à partir de 2017,Centre de Santé et de Promotion Sociale,,Nombre,2017,140,Burkina Faso,Est,,
Sante,Infrastructures,Infrastructures sanitaires par région à partir de 2017.csv,Infrastructures sanitaires par région à partir de 2017,Centre de Santé et de Promotion Sociale,,Nombre,2018,155,Burkina Faso,Est,,
Sante,Infrastructures,Infrastructures sanitaires par région à partir de 2017.csv,Infrastructures sanitaires par région à partir de 2017,Centre de Santé et de Promotion Sociale,,Nombre,2019,153,Burkina Faso,Est,,
Sante,Infrastructures,Infrastructures sanitaires par région à partir de 2017.csv,Infrastructures sanitaires par région à partir de 2017,Centre de Santé et de Promotion Sociale,,Nombre,2020,157,Burkina Faso,Est,,
Sante,Infrastructures,Infrastructures sanitaires par région à partir de 2017.csv,Infrastructures sanitaires par région à partir de 2017,Centre de Santé et de Promotion Sociale,,Nombre,2021,162,Burkina Faso,Est,,
Sante,Infrastructures,Infrastructures sanitaires par région à partir de 2017.csv,Infrastructures sanitaires par région à partir de 2017,Centre de Santé et de Promotion Sociale,,Nombre,2022,174,Burkina Faso,Est,,
Sante,Infrastructures,Infrastructures sanitaires par région à partir de 2017.csv,Infrastructures sanitaires par région à partir de 2017,Centre de Santé et de Promotion Sociale,,Nombre,2023,173,Burkina Faso,Est,,
Sante,Infrastructures,Infrastructures sanitaires par région à partir de 2017.csv,Infrastructures sanitaires par région à partir de 2017,Dispensaire,,Nombre,2017,0,Burkina Faso,Est,,
Sante,Infrastructures,Infrastructures sanitaires par région à partir de 2017.csv,Infrastructures sanitaires par région à partir de 2017,Dispensaire,,Nombre,2018,4,Burkina Faso,Est,,
Sante,Infrastructures,Infrastructures sanitaires par région à partir de 2017.csv,Infrastructures sanitaires par région à partir de 2017,Dispensaire,,Nombre,2019,0,Burkina Faso,Est,,
Sante,Infrastructures,Infrastructures sanitaires par région à partir de 2017.csv,Infrastructures sanitaires par région à partir de 2017,Dispensaire,,Nombre,2020,0,Burkina Faso,Est,,
Sante,Infrastructures,Infrastructures sanitaires par région à partir de 2017.csv,Infrastructures sanitaires par région à partir de 2017,Dispensaire,,Nombre,2021,0,Burkina Faso,Est,,
Sante,Infrastructures,Infrastructures sanitaires par région à partir de 2017.csv,Infrastructures sanitaires par région à partir de 2017,Dispensaire,,Nombre,2022,0,Burkina Faso,Est,,
Sante,Infrastructures,Infrastructures sanitaires par région à partir de 2017.csv,Infrastructures sanitaires par région à partir de 2017,Dispensaire,,Nombre,2023,1,Burkina Faso,Est,,
Sante,Infrastructures,Infrastructures sanitaires par région à partir de 2017.csv,Infrastructures sanitaires par région à partir de 2017,Maternités isolées,,Nombre,2017,0,Burkina Faso,Est,,
Sante,Infrastructures,Infrastructures sanitaires par région à partir de 2017.csv,Infrastructures sanitaires par région à partir de 2017,Maternités isolées,,Nombre,2018,0,Burkina Faso,Est,,
Sante,Infrastructures,Infrastructures sanitaires par région à partir de 2017.csv,Infrastructures sanitaires par région à partir de 2017,Maternités isolées,,Nombre,2019,0,Burkina Faso,Est,,
Sante,Infrastructures,Infrastructures sanitaires par région à partir de 2017.csv,Infrastructures sanitaires par région à partir de 2017,Maternités isolées,,Nombre,2020,0,Burkina Faso,Est,,
Sante,Infrastructures,Infrastructures sanitaires par région à partir de 2017.csv,Infrastructures sanitaires par région à partir de 2017,Maternités isolées,,Nombre,2021,0,Burkina Faso,Est,,
Sante,Infrastructures,Infrastructures sanitaires par région à partir de 2017.csv,Infrastructures sanitaires par région à partir de 2017,Maternités isolées,,Nombre,2022,0,Burkina Faso,Est,,
Sante,Infrastructures,Infrastructures sanitaires par région à partir de 2017.csv,Infrastructures sanitaires par région à partir de 2017,Maternités isolées,,Nombre,2023,0,Burkina Faso,Est,,
Sante,Infrastructures,Infrastructures sanitaires par région à partir de 2017.csv,Infrastructures sanitaires par région à partir de 2017,Formation Sanitaire Privée,,Nombre,2017,12,Burkina Faso,Est,,
Sante,Infrastructures,Infrastructures sanitaires par région à partir de 2017.csv,Infrastructures sanitaires par région à partir de 2017,Formation Sanitaire Privée,,Nombre,2020,15,Burkina Faso,Est,,
Sante,Infrastructures,Infrastructures sanitaires par région à partir de 2017.csv,Infrastructures sanitaires par région à partir de 2017,Formation Sanitaire Privée,,Nombre,2021,20,Burkina Faso,Est,,
Sante,Infrastructures,Infrastructures sanitaires par région à partir de 2017.csv,Infrastructures sanitaires par région à partir de 2017,Formation Sanitaire Privée,,Nombre,2022,26,Burkina Faso,Est,,
Sante,Infrastructures,Infrastructures sanitaires par région à partir de 2017.csv,Infrastructures sanitaires par région à partir de 2017,0fficines et Dépôts privés,,Nombre,2017,52,Burkina Faso,Est,,
Sante,Infrastructures,Infrastructures sanitaires par région à partir de 2017.csv,Infrastructures sanitaires par région à partir de 2017,0fficines et Dépôts privés,,Nombre,2018,53,Burkina Faso,Est,,
Sante,Infrastructures,Infrastructures sanitaires par région à partir de 2017.csv,Infrastructures sanitaires par région à partir de 2017,0fficines et Dépôts privés,,Nombre,2020,54,Burkina Faso,Est,,
Sante,Infrastructures,Infrastructures sanitaires par région à partir de 2017.csv,Infrastructures sanitaires par région à partir de 2017,0fficines et Dépôts privés,,Nombre,2021,60,Burkina Faso,Est,,
Sante,Infrastructures,Infrastructures sanitaires par région à partir de 2017.csv,Infrastructures sanitaires par région à partir de 2017,0fficines et Dépôts privés,,Nombre,2022,86,Burkina Faso,Est,,
Sante,Infrastructures,Infrastructures sanitaires par région à partir de 2017.csv,Infrastructures sanitaires par région à partir de 2017,Infirmerie de garnison,,Nombre,2017,0,Burkina Faso,Est,,
Sante,Infrastructures,Infrastructures sanitaires par région à partir de 2017.csv,Infrastructures sanitaires par région à partir de 2017,Infirmerie de garnison,,Nombre,2020,0,Burkina Faso,Est,,
Sante,Infrastructures,Infrastructures sanitaires par région à partir de 2017.csv,Infrastructures sanitaires par région à partir de 2017,Infirmerie de garnison,,Nombre,2021,0,Burkina Faso,Est,,
Sante,Infrastructures,Infrastructures sanitaires par région à partir de 2017.csv,Infrastructures sanitaires par région à partir de 2017,Infirmerie/SST,,Nombre,2017,8,Burkina Faso,Est,,
Sante,Infrastructures,Infrastructures sanitaires par région à partir de 2017.csv,Infrastructures sanitaires par région à partir de 2017,Infirmerie/SST,,Nombre,2020,12,Burkina Faso,Est,,
Sante,Infrastructures,Infrastructures sanitaires par région à partir de 2017.csv,Infrastructures sanitaires par région à partir de 2017,Infirmerie/SST,,Nombre,2021,14,Burkina Faso,Est,,
Sante,Infrastructures,Infrastructures sanitaires par région à partir de 2017.csv,Infrastructures sanitaires par région à partir de 2017,Infirmerie/SST,,Nombre,2022,15,Burkina Faso,Est,,
Sante,Infrastructures,Infrastructures sanitaires par région à partir de 2017.csv,Infrastructures sanitaires par région à partir de 2017,Infirmerie/SST,,Nombre,2023,15,Burkina Faso,Est,,
Sante,Infrastructures,Infrastructures sanitaires par région à partir de 2017.csv,Infrastructures sanitaires par région à partir de 2017,"Autres (CREN,…)",,Nombre,2017,0,Burkina Faso,Est,,
Sante,Infrastructures,Infrastructures sanitaires par région à partir de 2017.csv,Infrastructures sanitaires par région à partir de 2017,Centre Hospitalier Universitaire,,Nombre,2017,1,Burkina Faso,Hauts-Bassins,,
Sante,Infrastructures,Infrastructures sanitaires par région à partir de 2017.csv,Infrastructures sanitaires par région à partir de 2017,Centre Hospitalier Universitaire,,Nombre,2018,1,Burkina Faso,Hauts-Bassins,,
Sante,Infrastructures,Infrastructures sanitaires par région à partir de 2017.csv,Infrastructures sanitaires par région à partir de 2017,Centre Hospitalier Universitaire,,Nombre,2019,1,Burkina Faso,Hauts-Bassins,,
Sante,Infrastructures,Infrastructures sanitaires par région à partir de 2017.csv,Infrastructures sanitaires par région à partir de 2017,Centre Hospitalier Universitaire,,Nombre,2020,1,Burkina Faso,Hauts-Bassins,,
Sante,Infrastructures,Infrastructures sanitaires par région à partir de 2017.csv,Infrastructures sanitaires par région à partir de 2017,Centre Hospitalier Universitaire,,Nombre,2021,1,Burkina Faso,Hauts-Bassins,,
Sante,Infrastructures,Infrastructures sanitaires par région à partir de 2017.csv,Infrastructures sanitaires par région à partir de 2017,Centre Hospitalier Universitaire,,Nombre,2022,1,Burkina Faso,Hauts-Bassins,,
Sante,Infrastructures,Infrastructures sanitaires par région à partir de 2017.csv,Infrastructures sanitaires par région à partir de 2017,Centre Hospitalier Universitaire,,Nombre,2023,1,Burkina Faso,Hauts-Bassins,,
Sante,Infrastructures,Infrastructures sanitaires par région à partir de 2017.csv,Infrastructures sanitaires par région à partir de 2017,Centre Hospitalier Régional,,Nombre,2017,0,Burkina Faso,Hauts-Bassins,,
Sante,Infrastructures,Infrastructures sanitaires par région à partir de 2017.csv,Infrastructures sanitaires par région à partir de 2017,Centre Hospitalier Régional,,Nombre,2018,0,Burkina Faso,Hauts-Bassins,,
Sante,Infrastructures,Infrastructures sanitaires par région à partir de 2017.csv,Infrastructures sanitaires par région à partir de 2017,Centre Hospitalier Régional,,Nombre,2019,0,Burkina Faso,Hauts-Bassins,,
Sante,Infrastructures,Infrastructures sanitaires par région à partir de 2017.csv,Infrastructures sanitaires par région à partir de 2017,Centre Hospitalier Régional,,Nombre,2020,0,Burkina Faso,Hauts-Bassins,,
Sante,Infrastructures,Infrastructures sanitaires par région à partir de 2017.csv,Infrastructures sanitaires par région à partir de 2017,Centre Hospitalier Régional,,Nombre,2021,0,Burkina Faso,Hauts-Bassins,,
Sante,Infrastructures,Infrastructures sanitaires par région à partir de 2017.csv,Infrastructures sanitaires par région à partir de 2017,Centre Hospitalier Régional,,Nombre,2022,0,Burkina Faso,Hauts-Bassins,,
Sante,Infrastructures,Infrastructures sanitaires par région à partir de 2017.csv,Infrastructures sanitaires par région à partir de 2017,Centre Hospitalier Régional,,Nombre,2023,0,Burkina Faso,Hauts-Bassins,,
Sante,Infrastructures,Infrastructures sanitaires par région à partir de 2017.csv,Infrastructures sanitaires par région à partir de 2017,Centre Médical avec Antenne chirurgicale,,Nombre,2017,5,Burkina Faso,Hauts-Bassins,,
Sante,Infrastructures,Infrastructures sanitaires par région à partir de 2017.csv,Infrastructures sanitaires par région à partir de 2017,Centre Médical avec Antenne chirurgicale,,Nombre,2018,5,Burkina Faso,Hauts-Bassins,,
Sante,Infrastructures,Infrastructures sanitaires par région à partir de 2017.csv,Infrastructures sanitaires par région à partir de 2017,Centre Médical avec Antenne chirurgicale,,Nombre,2019,5,Burkina Faso,Hauts-Bassins,,
Sante,Infrastructures,Infrastructures sanitaires par région à partir de 2017.csv,Infrastructures sanitaires par région à partir de 2017,Centre Médical avec Antenne chirurgicale,,Nombre,2020,5,Burkina Faso,Hauts-Bassins,,
Sante,Infrastructures,Infrastructures sanitaires par région à partir de 2017.csv,Infrastructures sanitaires par région à partir de 2017,Centre Médical avec Antenne chirurgicale,,Nombre,2021,5,Burkina Faso,Hauts-Bassins,,
Sante,Infrastructures,Infrastructures sanitaires par région à partir de 2017.csv,Infrastructures sanitaires par région à partir de 2017,Centre Médical avec Antenne chirurgicale,,Nombre,2022,5,Burkina Faso,Hauts-Bassins,,
Sante,Infrastructures,Infrastructures sanitaires par région à partir de 2017.csv,Infrastructures sanitaires par région à partir de 2017,Centre Médical avec Antenne chirurgicale,,Nombre,2023,5,Burkina Faso,Hauts-Bassins,,
Sante,Infrastructures,Infrastructures sanitaires par région à partir de 2017.csv,Infrastructures sanitaires par région à partir de 2017,Centre Médical,,Nombre,2017,2,Burkina Faso,Hauts-Bassins,,
Sante,Infrastructures,Infrastructures sanitaires par région à partir de 2017.csv,Infrastructures sanitaires par région à partir de 2017,Centre Médical,,Nombre,2018,9,Burkina Faso,Hauts-Bassins,,
Sante,Infrastructures,Infrastructures sanitaires par région à partir de 2017.csv,Infrastructures sanitaires par région à partir de 2017,Centre Médical,,Nombre,2019,3,Burkina Faso,Hauts-Bassins,,
Sante,Infrastructures,Infrastructures sanitaires par région à partir de 2017.csv,Infrastructures sanitaires par région à partir de 2017,Centre Médical,,Nombre,2020,3,Burkina Faso,Hauts-Bassins,,
Sante,Infrastructures,Infrastructures sanitaires par région à partir de 2017.csv,Infrastructures sanitaires par région à partir de 2017,Centre Médical,,Nombre,2021,4,Burkina Faso,Hauts-Bassins,,
Sante,Infrastructures,Infrastructures sanitaires par région à partir de 2017.csv,Infrastructures sanitaires par région à partir de 2017,Centre Médical,,Nombre,2022,5,Burkina Faso,Hauts-Bassins,,
Sante,Infrastructures,Infrastructures sanitaires par région à partir de 2017.csv,Infrastructures sanitaires par région à partir de 2017,Centre Médical,,Nombre,2023,14,Burkina Faso,Hauts-Bassins,,
Sante,Infrastructures,Infrastructures sanitaires par région à partir de 2017.csv,Infrastructures sanitaires par région à partir de 2017,Centre de Santé et de Promotion Sociale,,Nombre,2017,182,Burkina Faso,Hauts-Bassins,,
Sante,Infrastructures,Infrastructures sanitaires par région à partir de 2017.csv,Infrastructures sanitaires par région à partir de 2017,Centre de Santé et de Promotion Sociale,,Nombre,2018,184,Burkina Faso,Hauts-Bassins,,
Sante,Infrastructures,Infrastructures sanitaires par région à partir de 2017.csv,Infrastructures sanitaires par région à partir de 2017,Centre de Santé et de Promotion Sociale,,Nombre,2019,188,Burkina Faso,Hauts-Bassins,,
Sante,Infrastructures,Infrastructures sanitaires par région à partir de 2017.csv,Infrastructures sanitaires par région à partir de 2017,Centre de Santé et de Promotion Sociale,,Nombre,2020,195,Burkina Faso,Hauts-Bassins,,
Sante,Infrastructures,Infrastructures sanitaires par région à partir de 2017.csv,Infrastructures sanitaires par région à partir de 2017,Centre de Santé et de Promotion Sociale,,Nombre,2021,203,Burkina Faso,Hauts-Bassins,,
Sante,Infrastructures,Infrastructures sanitaires par région à partir de 2017.csv,Infrastructures sanitaires par région à partir de 2017,Centre de Santé et de Promotion Sociale,,Nombre,2022,205,Burkina Faso,Hauts-Bassins,,
Sante,Infrastructures,Infrastructures sanitaires par région à partir de 2017.csv,Infrastructures sanitaires par région à partir de 2017,Centre de Santé et de Promotion Sociale,,Nombre,2023,204,Burkina Faso,Hauts-Bassins,,
Sante,Infrastructures,Infrastructures sanitaires par région à partir de 2017.csv,Infrastructures sanitaires par région à partir de 2017,Dispensaire,,Nombre,2017,2,Burkina Faso,Hauts-Bassins,,
Sante,Infrastructures,Infrastructures sanitaires par région à partir de 2017.csv,Infrastructures sanitaires par région à partir de 2017,Dispensaire,,Nombre,2018,10,Burkina Faso,Hauts-Bassins,,
Sante,Infrastructures,Infrastructures sanitaires par région à partir de 2017.csv,Infrastructures sanitaires par région à partir de 2017,Dispensaire,,Nombre,2019,2,Burkina Faso,Hauts-Bassins,,
Sante,Infrastructures,Infrastructures sanitaires par région à partir de 2017.csv,Infrastructures sanitaires par région à partir de 2017,Dispensaire,,Nombre,2020,2,Burkina Faso,Hauts-Bassins,,
Sante,Infrastructures,Infrastructures sanitaires par région à partir de 2017.csv,Infrastructures sanitaires par région à partir de 2017,Dispensaire,,Nombre,2021,2,Burkina Faso,Hauts-Bassins,,
Sante,Infrastructures,Infrastructures sanitaires par région à partir de 2017.csv,Infrastructures sanitaires par région à partir de 2017,Dispensaire,,Nombre,2022,1,Burkina Faso,Hauts-Bassins,,
Sante,Infrastructures,Infrastructures sanitaires par région à partir de 2017.csv,Infrastructures sanitaires par région à partir de 2017,Dispensaire,,Nombre,2023,2,Burkina Faso,Hauts-Bassins,,
Sante,Infrastructures,Infrastructures sanitaires par région à partir de 2017.csv,Infrastructures sanitaires par région à partir de 2017,Maternités isolées,,Nombre,2017,0,Burkina Faso,Hauts-Bassins,,
Sante,Infrastructures,Infrastructures sanitaires par région à partir de 2017.csv,Infrastructures sanitaires par région à partir de 2017,Maternités isolées,,Nombre,2018,0,Burkina Faso,Hauts-Bassins,,
Sante,Infrastructures,Infrastructures sanitaires par région à partir de 2017.csv,Infrastructures sanitaires par région à partir de 2017,Maternités isolées,,Nombre,2019,0,Burkina Faso,Hauts-Bassins,,
Sante,Infrastructures,Infrastructures sanitaires par région à partir de 2017.csv,Infrastructures sanitaires par région à partir de 2017,Maternités isolées,,Nombre,2020,0,Burkina Faso,Hauts-Bassins,,
Sante,Infrastructures,Infrastructures sanitaires par région à partir de 2017.csv,Infrastructures sanitaires par région à partir de 2017,Maternités isolées,,Nombre,2021,0,Burkina Faso,Hauts-Bassins,,
Sante,Infrastructures,Infrastructures sanitaires par région à partir de 2017.csv,Infrastructures sanitaires par région à partir de 2017,Maternités isolées,,Nombre,2022,0,Burkina Faso,Hauts-Bassins,,
Sante,Infrastructures,Infrastructures sanitaires par région à partir de 2017.csv,Infrastructures sanitaires par région à partir de 2017,Maternités isolées,,Nombre,2023,0,Burkina Faso,Hauts-Bassins,,
Sante,Infrastructures,Infrastructures sanitaires par région à partir de 2017.csv,Infrastructures sanitaires par région à partir de 2017,Formation Sanitaire Privée,,Nombre,2017,82,Burkina Faso,Hauts-Bassins,,
Sante,Infrastructures,Infrastructures sanitaires par région à partir de 2017.csv,Infrastructures sanitaires par région à partir de 2017,Formation Sanitaire Privée,,Nombre,2020,94,Burkina Faso,Hauts-Bassins,,
Sante,Infrastructures,Infrastructures sanitaires par région à partir de 2017.csv,Infrastructures sanitaires par région à partir de 2017,Formation Sanitaire Privée,,Nombre,2021,110,Burkina Faso,Hauts-Bassins,,
Sante,Infrastructures,Infrastructures sanitaires par région à partir de 2017.csv,Infrastructures sanitaires par région à partir de 2017,Formation Sanitaire Privée,,Nombre,2022,118,Burkina Faso,Hauts-Bassins,,
Sante,Infrastructures,Infrastructures sanitaires par région à partir de 2017.csv,Infrastructures sanitaires par région à partir de 2017,0fficines et Dépôts privés,,Nombre,2017,132,Burkina Faso,Hauts-Bassins,,
Sante,Infrastructures,Infrastructures sanitaires par région à partir de 2017.csv,Infrastructures sanitaires par région à partir de 2017,0fficines et Dépôts privés,,Nombre,2018,126,Burkina Faso,Hauts-Bassins,,
Sante,Infrastructures,Infrastructures sanitaires par région à partir de 2017.csv,Infrastructures sanitaires par région à partir de 2017,0fficines et Dépôts privés,,Nombre,2020,141,Burkina Faso,Hauts-Bassins,,
Sante,Infrastructures,Infrastructures sanitaires par région à partir de 2017.csv,Infrastructures sanitaires par région à partir de 2017,0fficines et Dépôts privés,,Nombre,2021,156,Burkina Faso,Hauts-Bassins,,
Sante,Infrastructures,Infrastructures sanitaires par région à partir de 2017.csv,Infrastructures sanitaires par région à partir de 2017,0fficines et Dépôts privés,,Nombre,2022,151,Burkina Faso,Hauts-Bassins,,
Sante,Infrastructures,Infrastructures sanitaires par région à partir de 2017.csv,Infrastructures sanitaires par région à partir de 2017,Infirmerie de garnison,,Nombre,2017,1,Burkina Faso,Hauts-Bassins,,
Sante,Infrastructures,Infrastructures sanitaires par région à partir de 2017.csv,Infrastructures sanitaires par région à partir de 2017,Infirmerie de garnison,,Nombre,2020,1,Burkina Faso,Hauts-Bassins,,
Sante,Infrastructures,Infrastructures sanitaires par région à partir de 2017.csv,Infrastructures sanitaires par région à partir de 2017,Infirmerie de garnison,,Nombre,2021,0,Burkina Faso,Hauts-Bassins,,
Sante,Infrastructures,Infrastructures sanitaires par région à partir de 2017.csv,Infrastructures sanitaires par région à partir de 2017,Infirmerie/SST,,Nombre,2017,13,Burkina Faso,Hauts-Bassins,,
Sante,Infrastructures,Infrastructures sanitaires par région à partir de 2017.csv,Infrastructures sanitaires par région à partir de 2017,Infirmerie/SST,,Nombre,2020,30,Burkina Faso,Hauts-Bassins,,
Sante,Infrastructures,Infrastructures sanitaires par région à partir de 2017.csv,Infrastructures sanitaires par région à partir de 2017,Infirmerie/SST,,Nombre,2021,35,Burkina Faso,Hauts-Bassins,,
Sante,Infrastructures,Infrastructures sanitaires par région à partir de 2017.csv,Infrastructures sanitaires par région à partir de 2017,Infirmerie/SST,,Nombre,2022,42,Burkina Faso,Hauts-Bassins,,
Sante,Infrastructures,Infrastructures sanitaires par région à partir de 2017.csv,Infrastructures sanitaires par région à partir de 2017,Infirmerie/SST,,Nombre,2023,42,Burkina Faso,Hauts-Bassins,,
Sante,Infrastructures,Infrastructures sanitaires par région à partir de 2017.csv,Infrastructures sanitaires par région à partir de 2017,"Autres (CREN,…)",,Nombre,2017,0,Burkina Faso,Hauts-Bassins,,
Sante,Infrastructures,Infrastructures sanitaires par région à partir de 2017.csv,Infrastructures sanitaires par région à partir de 2017,Centre Hospitalier Universitaire,,Nombre,2017,1,Burkina Faso,Nord,,
Sante,Infrastructures,Infrastructures sanitaires par région à partir de 2017.csv,Infrastructures sanitaires par région à partir de 2017,Centre Hospitalier Universitaire,,Nombre,2018,1,Burkina Faso,Nord,,
Sante,Infrastructures,Infrastructures sanitaires par région à partir de 2017.csv,Infrastructures sanitaires par région à partir de 2017,Centre Hospitalier Universitaire,,Nombre,2019,1,Burkina Faso,Nord,,
Sante,Infrastructures,Infrastructures sanitaires par région à partir de 2017.csv,Infrastructures sanitaires par région à partir de 2017,Centre Hospitalier Universitaire,,Nombre,2020,1,Burkina Faso,Nord,,
Sante,Infrastructures,Infrastructures sanitaires par région à partir de 2017.csv,Infrastructures sanitaires par région à partir de 2017,Centre Hospitalier Universitaire,,Nombre,2021,1,Burkina Faso,Nord,,
Sante,Infrastructures,Infrastructures sanitaires par région à partir de 2017.csv,Infrastructures sanitaires par région à partir de 2017,Centre Hospitalier Universitaire,,Nombre,2022,1,Burkina Faso,Nord,,
Sante,Infrastructures,Infrastructures sanitaires par région à partir de 2017.csv,Infrastructures sanitaires par région à partir de 2017,Centre Hospitalier Universitaire,,Nombre,2023,1,Burkina Faso,Nord,,
Sante,Infrastructures,Infrastructures sanitaires par région à partir de 2017.csv,Infrastructures sanitaires par région à partir de 2017,Centre Hospitalier Régional,,Nombre,2017,0,Burkina Faso,Nord,,
Sante,Infrastructures,Infrastructures sanitaires par région à partir de 2017.csv,Infrastructures sanitaires par région à partir de 2017,Centre Hospitalier Régional,,Nombre,2018,0,Burkina Faso,Nord,,
Sante,Infrastructures,Infrastructures sanitaires par région à partir de 2017.csv,Infrastructures sanitaires par région à partir de 2017,Centre Hospitalier Régional,,Nombre,2019,0,Burkina Faso,Nord,,
Sante,Infrastructures,Infrastructures sanitaires par région à partir de 2017.csv,Infrastructures sanitaires par région à partir de 2017,Centre Hospitalier Régional,,Nombre,2020,0,Burkina Faso,Nord,,
Sante,Infrastructures,Infrastructures sanitaires par région à partir de 2017.csv,Infrastructures sanitaires par région à partir de 2017,Centre Hospitalier Régional,,Nombre,2021,0,Burkina Faso,Nord,,
Sante,Infrastructures,Infrastructures sanitaires par région à partir de 2017.csv,Infrastructures sanitaires par région à partir de 2017,Centre Hospitalier Régional,,Nombre,2022,0,Burkina Faso,Nord,,
Sante,Infrastructures,Infrastructures sanitaires par région à partir de 2017.csv,Infrastructures sanitaires par région à partir de 2017,Centre Hospitalier Régional,,Nombre,2023,0,Burkina Faso,Nord,,
Sante,Infrastructures,Infrastructures sanitaires par région à partir de 2017.csv,Infrastructures sanitaires par région à partir de 2017,Centre Médical avec Antenne chirurgicale,,Nombre,2017,4,Burkina Faso,Nord,,
Sante,Infrastructures,Infrastructures sanitaires par région à partir de 2017.csv,Infrastructures sanitaires par région à partir de 2017,Centre Médical avec Antenne chirurgicale,,Nombre,2018,4,Burkina Faso,Nord,,
Sante,Infrastructures,Infrastructures sanitaires par région à partir de 2017.csv,Infrastructures sanitaires par région à partir de 2017,Centre Médical avec Antenne chirurgicale,,Nombre,2019,4,Burkina Faso,Nord,,
Sante,Infrastructures,Infrastructures sanitaires par région à partir de 2017.csv,Infrastructures sanitaires par région à partir de 2017,Centre Médical avec Antenne chirurgicale,,Nombre,2020,4,Burkina Faso,Nord,,
Sante,Infrastructures,Infrastructures sanitaires par région à partir de 2017.csv,Infrastructures sanitaires par région à partir de 2017,Centre Médical avec Antenne chirurgicale,,Nombre,2021,4,Burkina Faso,Nord,,
Sante,Infrastructures,Infrastructures sanitaires par région à partir de 2017.csv,Infrastructures sanitaires par région à partir de 2017,Centre Médical avec Antenne chirurgicale,,Nombre,2022,4,Burkina Faso,Nord,,
Sante,Infrastructures,Infrastructures sanitaires par région à partir de 2017.csv,Infrastructures sanitaires par région à partir de 2017,Centre Médical avec Antenne chirurgicale,,Nombre,2023,4,Burkina Faso,Nord,,
Sante,Infrastructures,Infrastructures sanitaires par région à partir de 2017.csv,Infrastructures sanitaires par région à partir de 2017,Centre Médical,,Nombre,2017,2,Burkina Faso,Nord,,
Sante,Infrastructures,Infrastructures sanitaires par région à partir de 2017.csv,Infrastructures sanitaires par région à partir de 2017,Centre Médical,,Nombre,2018,5,Burkina Faso,Nord,,
Sante,Infrastructures,Infrastructures sanitaires par région à partir de 2017.csv,Infrastructures sanitaires par région à partir de 2017,Centre Médical,,Nombre,2019,3,Burkina Faso,Nord,,
Sante,Infrastructures,Infrastructures sanitaires par région à partir de 2017.csv,Infrastructures sanitaires par région à partir de 2017,Centre Médical,,Nombre,2020,3,Burkina Faso,Nord,,
Sante,Infrastructures,Infrastructures sanitaires par région à partir de 2017.csv,Infrastructures sanitaires par région à partir de 2017,Centre Médical,,Nombre,2021,3,Burkina Faso,Nord,,
Sante,Infrastructures,Infrastructures sanitaires par région à partir de 2017.csv,Infrastructures sanitaires par région à partir de 2017,Centre Médical,,Nombre,2022,8,Burkina Faso,Nord,,
Sante,Infrastructures,Infrastructures sanitaires par région à partir de 2017.csv,Infrastructures sanitaires par région à partir de 2017,Centre Médical,,Nombre,2023,9,Burkina Faso,Nord,,
Sante,Infrastructures,Infrastructures sanitaires par région à partir de 2017.csv,Infrastructures sanitaires par région à partir de 2017,Centre de Santé et de Promotion Sociale,,Nombre,2017,182,Burkina Faso,Nord,,
Sante,Infrastructures,Infrastructures sanitaires par région à partir de 2017.csv,Infrastructures sanitaires par région à partir de 2017,Centre de Santé et de Promotion Sociale,,Nombre,2018,194,Burkina Faso,Nord,,
Sante,Infrastructures,Infrastructures sanitaires par région à partir de 2017.csv,Infrastructures sanitaires par région à partir de 2017,Centre de Santé et de Promotion Sociale,,Nombre,2019,213,Burkina Faso,Nord,,
Sante,Infrastructures,Infrastructures sanitaires par région à partir de 2017.csv,Infrastructures sanitaires par région à partir de 2017,Centre de Santé et de Promotion Sociale,,Nombre,2020,227,Burkina Faso,Nord,,
Sante,Infrastructures,Infrastructures sanitaires par région à partir de 2017.csv,Infrastructures sanitaires par région à partir de 2017,Centre de Santé et de Promotion Sociale,,Nombre,2021,230,Burkina Faso,Nord,,
Sante,Infrastructures,Infrastructures sanitaires par région à partir de 2017.csv,Infrastructures sanitaires par région à partir de 2017,Centre de Santé et de Promotion Sociale,,Nombre,2022,236,Burkina Faso,Nord,,
Sante,Infrastructures,Infrastructures sanitaires par région à partir de 2017.csv,Infrastructures sanitaires par région à partir de 2017,Centre de Santé et de Promotion Sociale,,Nombre,2023,237,Burkina Faso,Nord,,
Sante,Infrastructures,Infrastructures sanitaires par région à partir de 2017.csv,Infrastructures sanitaires par région à partir de 2017,Dispensaire,,Nombre,2017,28,Burkina Faso,Nord,,
Sante,Infrastructures,Infrastructures sanitaires par région à partir de 2017.csv,Infrastructures sanitaires par région à partir de 2017,Dispensaire,,Nombre,2018,23,Burkina Faso,Nord,,
Sante,Infrastructures,Infrastructures sanitaires par région à partir de 2017.csv,Infrastructures sanitaires par région à partir de 2017,Dispensaire,,Nombre,2019,23,Burkina Faso,Nord,,
Sante,Infrastructures,Infrastructures sanitaires par région à partir de 2017.csv,Infrastructures sanitaires par région à partir de 2017,Dispensaire,,Nombre,2020,13,Burkina Faso,Nord,,
Sante,Infrastructures,Infrastructures sanitaires par région à partir de 2017.csv,Infrastructures sanitaires par région à partir de 2017,Dispensaire,,Nombre,2021,13,Burkina Faso,Nord,,
Sante,Infrastructures,Infrastructures sanitaires par région à partir de 2017.csv,Infrastructures sanitaires par région à partir de 2017,Dispensaire,,Nombre,2022,2,Burkina Faso,Nord,,
Sante,Infrastructures,Infrastructures sanitaires par région à partir de 2017.csv,Infrastructures sanitaires par région à partir de 2017,Dispensaire,,Nombre,2023,2,Burkina Faso,Nord,,
Sante,Infrastructures,Infrastructures sanitaires par région à partir de 2017.csv,Infrastructures sanitaires par région à partir de 2017,Maternités isolées,,Nombre,2017,2,Burkina Faso,Nord,,
Sante,Infrastructures,Infrastructures sanitaires par région à partir de 2017.csv,Infrastructures sanitaires par région à partir de 2017,Maternités isolées,,Nombre,2018,2,Burkina Faso,Nord,,
Sante,Infrastructures,Infrastructures sanitaires par région à partir de 2017.csv,Infrastructures sanitaires par région à partir de 2017,Maternités isolées,,Nombre,2019,2,Burkina Faso,Nord,,
Sante,Infrastructures,Infrastructures sanitaires par région à partir de 2017.csv,Infrastructures sanitaires par région à partir de 2017,Maternités isolées,,Nombre,2020,2,Burkina Faso,Nord,,
Sante,Infrastructures,Infrastructures sanitaires par région à partir de 2017.csv,Infrastructures sanitaires par région à partir de 2017,Maternités isolées,,Nombre,2021,2,Burkina Faso,Nord,,
Sante,Infrastructures,Infrastructures sanitaires par région à partir de 2017.csv,Infrastructures sanitaires par région à partir de 2017,Maternités isolées,,Nombre,2022,1,Burkina Faso,Nord,,
Sante,Infrastructures,Infrastructures sanitaires par région à partir de 2017.csv,Infrastructures sanitaires par région à partir de 2017,Maternités isolées,,Nombre,2023,2,Burkina Faso,Nord,,
Sante,Infrastructures,Infrastructures sanitaires par région à partir de 2017.csv,Infrastructures sanitaires par région à partir de 2017,Formation Sanitaire Privée,,Nombre,2017,15,Burkina Faso,Nord,,
Sante,Infrastructures,Infrastructures sanitaires par région à partir de 2017.csv,Infrastructures sanitaires par région à partir de 2017,Formation Sanitaire Privée,,Nombre,2020,22,Burkina Faso,Nord,,
Sante,Infrastructures,Infrastructures sanitaires par région à partir de 2017.csv,Infrastructures sanitaires par région à partir de 2017,Formation Sanitaire Privée,,Nombre,2021,23,Burkina Faso,Nord,,
Sante,Infrastructures,Infrastructures sanitaires par région à partir de 2017.csv,Infrastructures sanitaires par région à partir de 2017,Formation Sanitaire Privée,,Nombre,2022,27,Burkina Faso,Nord,,
Sante,Infrastructures,Infrastructures sanitaires par région à partir de 2017.csv,Infrastructures sanitaires par région à partir de 2017,0fficines et Dépôts privés,,Nombre,2017,87,Burkina Faso,Nord,,
Sante,Infrastructures,Infrastructures sanitaires par région à partir de 2017.csv,Infrastructures sanitaires par région à partir de 2017,0fficines et Dépôts privés,,Nombre,2018,55,Burkina Faso,Nord,,
Sante,Infrastructures,Infrastructures sanitaires par région à partir de 2017.csv,Infrastructures sanitaires par région à partir de 2017,0fficines et Dépôts privés,,Nombre,2020,85,Burkina Faso,Nord,,
Sante,Infrastructures,Infrastructures sanitaires par région à partir de 2017.csv,Infrastructures sanitaires par région à partir de 2017,0fficines et Dépôts privés,,Nombre,2021,85,Burkina Faso,Nord,,
Sante,Infrastructures,Infrastructures sanitaires par région à partir de 2017.csv,Infrastructures sanitaires par région à partir de 2017,0fficines et Dépôts privés,,Nombre,2022,91,Burkina Faso,Nord,,
Sante,Infrastructures,Infrastructures sanitaires par région à partir de 2017.csv,Infrastructures sanitaires par région à partir de 2017,Infirmerie de garnison,,Nombre,2017,1,Burkina Faso,Nord,,
Sante,Infrastructures,Infrastructures sanitaires par région à partir de 2017.csv,Infrastructures sanitaires par région à partir de 2017,Infirmerie de garnison,,Nombre,2020,8,Burkina Faso,Nord,,
Sante,Infrastructures,Infrastructures sanitaires par région à partir de 2017.csv,Infrastructures sanitaires par région à partir de 2017,Infirmerie de garnison,,Nombre,2021,1,Burkina Faso,Nord,,
Sante,Infrastructures,Infrastructures sanitaires par région à partir de 2017.csv,Infrastructures sanitaires par région à partir de 2017,Infirmerie/SST,,Nombre,2017,5,Burkina Faso,Nord,,
Sante,Infrastructures,Infrastructures sanitaires par région à partir de 2017.csv,Infrastructures sanitaires par région à partir de 2017,Infirmerie/SST,,Nombre,2020,6,Burkina Faso,Nord,,
Sante,Infrastructures,Infrastructures sanitaires par région à partir de 2017.csv,Infrastructures sanitaires par région à partir de 2017,Infirmerie/SST,,Nombre,2021,6,Burkina Faso,Nord,,
Sante,Infrastructures,Infrastructures sanitaires par région à partir de 2017.csv,Infrastructures sanitaires par région à partir de 2017,Infirmerie/SST,,Nombre,2022,11,Burkina Faso,Nord,,
Sante,Infrastructures,Infrastructures sanitaires par région à partir de 2017.csv,Infrastructures sanitaires par région à partir de 2017,Infirmerie/SST,,Nombre,2023,11,Burkina Faso,Nord,,
Sante,Infrastructures,Infrastructures sanitaires par région à partir de 2017.csv,Infrastructures sanitaires par région à partir de 2017,"Autres (CREN,…)",,Nombre,2017,0,Burkina Faso,Nord,,
Sante,Infrastructures,Infrastructures sanitaires par région à partir de 2017.csv,Infrastructures sanitaires par région à partir de 2017,Centre Hospitalier Universitaire,,Nombre,2017,0,Burkina Faso,Plateau Central,,
Sante,Infrastructures,Infrastructures sanitaires par région à partir de 2017.csv,Infrastructures sanitaires par région à partir de 2017,Centre Hospitalier Universitaire,,Nombre,2018,0,Burkina Faso,Plateau Central,,
Sante,Infrastructures,Infrastructures sanitaires par région à partir de 2017.csv,Infrastructures sanitaires par région à partir de 2017,Centre Hospitalier Universitaire,,Nombre,2019,0,Burkina Faso,Plateau Central,,
Sante,Infrastructures,Infrastructures sanitaires par région à partir de 2017.csv,Infrastructures sanitaires par région à partir de 2017,Centre Hospitalier Universitaire,,Nombre,2020,0,Burkina Faso,Plateau Central,,
Sante,Infrastructures,Infrastructures sanitaires par région à partir de 2017.csv,Infrastructures sanitaires par région à partir de 2017,Centre Hospitalier Universitaire,,Nombre,2021,0,Burkina Faso,Plateau Central,,
Sante,Infrastructures,Infrastructures sanitaires par région à partir de 2017.csv,Infrastructures sanitaires par région à partir de 2017,Centre Hospitalier Universitaire,,Nombre,2022,0,Burkina Faso,Plateau Central,,
Sante,Infrastructures,Infrastructures sanitaires par région à partir de 2017.csv,Infrastructures sanitaires par région à partir de 2017,Centre Hospitalier Universitaire,,Nombre,2023,0,Burkina Faso,Plateau Central,,
Sante,Infrastructures,Infrastructures sanitaires par région à partir de 2017.csv,Infrastructures sanitaires par région à partir de 2017,Centre Hospitalier Régional,,Nombre,2017,0,Burkina Faso,Plateau Central,,
Sante,Infrastructures,Infrastructures sanitaires par région à partir de 2017.csv,Infrastructures sanitaires par région à partir de 2017,Centre Hospitalier Régional,,Nombre,2018,0,Burkina Faso,Plateau Central,,
Sante,Infrastructures,Infrastructures sanitaires par région à partir de 2017.csv,Infrastructures sanitaires par région à partir de 2017,Centre Hospitalier Régional,,Nombre,2019,1,Burkina Faso,Plateau Central,,
Sante,Infrastructures,Infrastructures sanitaires par région à partir de 2017.csv,Infrastructures sanitaires par région à partir de 2017,Centre Hospitalier Régional,,Nombre,2020,1,Burkina Faso,Plateau Central,,
Sante,Infrastructures,Infrastructures sanitaires par région à partir de 2017.csv,Infrastructures sanitaires par région à partir de 2017,Centre Hospitalier Régional,,Nombre,2021,1,Burkina Faso,Plateau Central,,
Sante,Infrastructures,Infrastructures sanitaires par région à partir de 2017.csv,Infrastructures sanitaires par région à partir de 2017,Centre Hospitalier Régional,,Nombre,2022,1,Burkina Faso,Plateau Central,,
Sante,Infrastructures,Infrastructures sanitaires par région à partir de 2017.csv,Infrastructures sanitaires par région à partir de 2017,Centre Hospitalier Régional,,Nombre,2023,1,Burkina Faso,Plateau Central,,
Sante,Infrastructures,Infrastructures sanitaires par région à partir de 2017.csv,Infrastructures sanitaires par région à partir de 2017,Centre Médical avec Antenne chirurgicale,,Nombre,2017,3,Burkina Faso,Plateau Central,,
Sante,Infrastructures,Infrastructures sanitaires par région à partir de 2017.csv,Infrastructures sanitaires par région à partir de 2017,Centre Médical avec Antenne chirurgicale,,Nombre,2018,3,Burkina Faso,Plateau Central,,
Sante,Infrastructures,Infrastructures sanitaires par région à partir de 2017.csv,Infrastructures sanitaires par région à partir de 2017,Centre Médical avec Antenne chirurgicale,,Nombre,2019,3,Burkina Faso,Plateau Central,,
Sante,Infrastructures,Infrastructures sanitaires par région à partir de 2017.csv,Infrastructures sanitaires par région à partir de 2017,Centre Médical avec Antenne chirurgicale,,Nombre,2020,3,Burkina Faso,Plateau Central,,
Sante,Infrastructures,Infrastructures sanitaires par région à partir de 2017.csv,Infrastructures sanitaires par région à partir de 2017,Centre Médical avec Antenne chirurgicale,,Nombre,2021,3,Burkina Faso,Plateau Central,,
Sante,Infrastructures,Infrastructures sanitaires par région à partir de 2017.csv,Infrastructures sanitaires par région à partir de 2017,Centre Médical avec Antenne chirurgicale,,Nombre,2022,3,Burkina Faso,Plateau Central,,
Sante,Infrastructures,Infrastructures sanitaires par région à partir de 2017.csv,Infrastructures sanitaires par région à partir de 2017,Centre Médical avec Antenne chirurgicale,,Nombre,2023,3,Burkina Faso,Plateau Central,,
Sante,Infrastructures,Infrastructures sanitaires par région à partir de 2017.csv,Infrastructures sanitaires par région à partir de 2017,Centre Médical,,Nombre,2017,3,Burkina Faso,Plateau Central,,
Sante,Infrastructures,Infrastructures sanitaires par région à partir de 2017.csv,Infrastructures sanitaires par région à partir de 2017,Centre Médical,,Nombre,2018,5,Burkina Faso,Plateau Central,,
Sante,Infrastructures,Infrastructures sanitaires par région à partir de 2017.csv,Infrastructures sanitaires par région à partir de 2017,Centre Médical,,Nombre,2019,3,Burkina Faso,Plateau Central,,
Sante,Infrastructures,Infrastructures sanitaires par région à partir de 2017.csv,Infrastructures sanitaires par région à partir de 2017,Centre Médical,,Nombre,2020,3,Burkina Faso,Plateau Central,,
Sante,Infrastructures,Infrastructures sanitaires par région à partir de 2017.csv,Infrastructures sanitaires par région à partir de 2017,Centre Médical,,Nombre,2021,3,Burkina Faso,Plateau Central,,
Sante,Infrastructures,Infrastructures sanitaires par région à partir de 2017.csv,Infrastructures sanitaires par région à partir de 2017,Centre Médical,,Nombre,2022,3,Burkina Faso,Plateau Central,,
Sante,Infrastructures,Infrastructures sanitaires par région à partir de 2017.csv,Infrastructures sanitaires par région à partir de 2017,Centre Médical,,Nombre,2023,3,Burkina Faso,Plateau Central,,
Sante,Infrastructures,Infrastructures sanitaires par région à partir de 2017.csv,Infrastructures sanitaires par région à partir de 2017,Centre de Santé et de Promotion Sociale,,Nombre,2017,134,Burkina Faso,Plateau Central,,
Sante,Infrastructures,Infrastructures sanitaires par région à partir de 2017.csv,Infrastructures sanitaires par région à partir de 2017,Centre de Santé et de Promotion Sociale,,Nombre,2018,141,Burkina Faso,Plateau Central,,
Sante,Infrastructures,Infrastructures sanitaires par région à partir de 2017.csv,Infrastructures sanitaires par région à partir de 2017,Centre de Santé et de Promotion Sociale,,Nombre,2019,139,Burkina Faso,Plateau Central,,
Sante,Infrastructures,Infrastructures sanitaires par région à partir de 2017.csv,Infrastructures sanitaires par région à partir de 2017,Centre de Santé et de Promotion Sociale,,Nombre,2020,146,Burkina Faso,Plateau Central,,
Sante,Infrastructures,Infrastructures sanitaires par région à partir de 2017.csv,Infrastructures sanitaires par région à partir de 2017,Centre de Santé et de Promotion Sociale,,Nombre,2021,151,Burkina Faso,Plateau Central,,
Sante,Infrastructures,Infrastructures sanitaires par région à partir de 2017.csv,Infrastructures sanitaires par région à partir de 2017,Centre de Santé et de Promotion Sociale,,Nombre,2022,164,Burkina Faso,Plateau Central,,
Sante,Infrastructures,Infrastructures sanitaires par région à partir de 2017.csv,Infrastructures sanitaires par région à partir de 2017,Centre de Santé et de Promotion Sociale,,Nombre,2023,169,Burkina Faso,Plateau Central,,
Sante,Infrastructures,Infrastructures sanitaires par région à partir de 2017.csv,Infrastructures sanitaires par région à partir de 2017,Dispensaire,,Nombre,2017,9,Burkina Faso,Plateau Central,,
Sante,Infrastructures,Infrastructures sanitaires par région à partir de 2017.csv,Infrastructures sanitaires par région à partir de 2017,Dispensaire,,Nombre,2018,10,Burkina Faso,Plateau Central,,
Sante,Infrastructures,Infrastructures sanitaires par région à partir de 2017.csv,Infrastructures sanitaires par région à partir de 2017,Dispensaire,,Nombre,2019,10,Burkina Faso,Plateau Central,,
Sante,Infrastructures,Infrastructures sanitaires par région à partir de 2017.csv,Infrastructures sanitaires par région à partir de 2017,Dispensaire,,Nombre,2020,11,Burkina Faso,Plateau Central,,
Sante,Infrastructures,Infrastructures sanitaires par région à partir de 2017.csv,Infrastructures sanitaires par région à partir de 2017,Dispensaire,,Nombre,2021,9,Burkina Faso,Plateau Central,,
Sante,Infrastructures,Infrastructures sanitaires par région à partir de 2017.csv,Infrastructures sanitaires par région à partir de 2017,Dispensaire,,Nombre,2022,4,Burkina Faso,Plateau Central,,
Sante,Infrastructures,Infrastructures sanitaires par région à partir de 2017.csv,Infrastructures sanitaires par région à partir de 2017,Dispensaire,,Nombre,2023,5,Burkina Faso,Plateau Central,,
Sante,Infrastructures,Infrastructures sanitaires par région à partir de 2017.csv,Infrastructures sanitaires par région à partir de 2017,Maternités isolées,,Nombre,2017,1,Burkina Faso,Plateau Central,,
Sante,Infrastructures,Infrastructures sanitaires par région à partir de 2017.csv,Infrastructures sanitaires par région à partir de 2017,Maternités isolées,,Nombre,2018,1,Burkina Faso,Plateau Central,,
Sante,Infrastructures,Infrastructures sanitaires par région à partir de 2017.csv,Infrastructures sanitaires par région à partir de 2017,Maternités isolées,,Nombre,2019,1,Burkina Faso,Plateau Central,,
Sante,Infrastructures,Infrastructures sanitaires par région à partir de 2017.csv,Infrastructures sanitaires par région à partir de 2017,Maternités isolées,,Nombre,2020,1,Burkina Faso,Plateau Central,,
Sante,Infrastructures,Infrastructures sanitaires par région à partir de 2017.csv,Infrastructures sanitaires par région à partir de 2017,Maternités isolées,,Nombre,2021,1,Burkina Faso,Plateau Central,,
Sante,Infrastructures,Infrastructures sanitaires par région à partir de 2017.csv,Infrastructures sanitaires par région à partir de 2017,Maternités isolées,,Nombre,2022,1,Burkina Faso,Plateau Central,,
Sante,Infrastructures,Infrastructures sanitaires par région à partir de 2017.csv,Infrastructures sanitaires par région à partir de 2017,Maternités isolées,,Nombre,2023,0,Burkina Faso,Plateau Central,,
Sante,Infrastructures,Infrastructures sanitaires par région à partir de 2017.csv,Infrastructures sanitaires par région à partir de 2017,Formation Sanitaire Privée,,Nombre,2017,11,Burkina Faso,Plateau Central,,
Sante,Infrastructures,Infrastructures sanitaires par région à partir de 2017.csv,Infrastructures sanitaires par région à partir de 2017,Formation Sanitaire Privée,,Nombre,2020,17,Burkina Faso,Plateau Central,,
Sante,Infrastructures,Infrastructures sanitaires par région à partir de 2017.csv,Infrastructures sanitaires par région à partir de 2017,Formation Sanitaire Privée,,Nombre,2021,17,Burkina Faso,Plateau Central,,
Sante,Infrastructures,Infrastructures sanitaires par région à partir de 2017.csv,Infrastructures sanitaires par région à partir de 2017,Formation Sanitaire Privée,,Nombre,2022,19,Burkina Faso,Plateau Central,,
Sante,Infrastructures,Infrastructures sanitaires par région à partir de 2017.csv,Infrastructures sanitaires par région à partir de 2017,0fficines et Dépôts privés,,Nombre,2017,23,Burkina Faso,Plateau Central,,
Sante,Infrastructures,Infrastructures sanitaires par région à partir de 2017.csv,Infrastructures sanitaires par région à partir de 2017,0fficines et Dépôts privés,,Nombre,2018,44,Burkina Faso,Plateau Central,,
Sante,Infrastructures,Infrastructures sanitaires par région à partir de 2017.csv,Infrastructures sanitaires par région à partir de 2017,0fficines et Dépôts privés,,Nombre,2020,44,Burkina Faso,Plateau Central,,
Sante,Infrastructures,Infrastructures sanitaires par région à partir de 2017.csv,Infrastructures sanitaires par région à partir de 2017,0fficines et Dépôts privés,,Nombre,2021,54,Burkina Faso,Plateau Central,,
Sante,Infrastructures,Infrastructures sanitaires par région à partir de 2017.csv,Infrastructures sanitaires par région à partir de 2017,0fficines et Dépôts privés,,Nombre,2022,49,Burkina Faso,Plateau Central,,
Sante,Infrastructures,Infrastructures sanitaires par région à partir de 2017.csv,Infrastructures sanitaires par région à partir de 2017,Infirmerie de garnison,,Nombre,2017,1,Burkina Faso,Plateau Central,,
Sante,Infrastructures,Infrastructures sanitaires par région à partir de 2017.csv,Infrastructures sanitaires par région à partir de 2017,Infirmerie de garnison,,Nombre,2020,5,Burkina Faso,Plateau Central,,
Sante,Infrastructures,Infrastructures sanitaires par région à partir de 2017.csv,Infrastructures sanitaires par région à partir de 2017,Infirmerie de garnison,,Nombre,2021,1,Burkina Faso,Plateau Central,,
Sante,Infrastructures,Infrastructures sanitaires par région à partir de 2017.csv,Infrastructures sanitaires par région à partir de 2017,Infirmerie/SST,,Nombre,2017,7,Burkina Faso,Plateau Central,,
Sante,Infrastructures,Infrastructures sanitaires par région à partir de 2017.csv,Infrastructures sanitaires par région à partir de 2017,Infirmerie/SST,,Nombre,2020,7,Burkina Faso,Plateau Central,,
Sante,Infrastructures,Infrastructures sanitaires par région à partir de 2017.csv,Infrastructures sanitaires par région à partir de 2017,Infirmerie/SST,,Nombre,2021,7,Burkina Faso,Plateau Central,,
Sante,Infrastructures,Infrastructures sanitaires par région à partir de 2017.csv,Infrastructures sanitaires par région à partir de 2017,Infirmerie/SST,,Nombre,2022,9,Burkina Faso,Plateau Central,,
Sante,Infrastructures,Infrastructures sanitaires par région à partir de 2017.csv,Infrastructures sanitaires par région à partir de 2017,Infirmerie/SST,,Nombre,2023,8,Burkina Faso,Plateau Central,,
Sante,Infrastructures,Infrastructures sanitaires par région à partir de 2017.csv,Infrastructures sanitaires par région à partir de 2017,"Autres (CREN,…)",,Nombre,2017,0,Burkina Faso,Plateau Central,,
Sante,Infrastructures,Infrastructures sanitaires par région à partir de 2017.csv,Infrastructures sanitaires par région à partir de 2017,Centre Hospitalier Universitaire,,Nombre,2017,0,Burkina Faso,Sahel,,
Sante,Infrastructures,Infrastructures sanitaires par région à partir de 2017.csv,Infrastructures sanitaires par région à partir de 2017,Centre Hospitalier Universitaire,,Nombre,2018,0,Burkina Faso,Sahel,,
Sante,Infrastructures,Infrastructures sanitaires par région à partir de 2017.csv,Infrastructures sanitaires par région à partir de 2017,Centre Hospitalier Universitaire,,Nombre,2019,0,Burkina Faso,Sahel,,
Sante,Infrastructures,Infrastructures sanitaires par région à partir de 2017.csv,Infrastructures sanitaires par région à partir de 2017,Centre Hospitalier Universitaire,,Nombre,2020,0,Burkina Faso,Sahel,,
Sante,Infrastructures,Infrastructures sanitaires par région à partir de 2017.csv,Infrastructures sanitaires par région à partir de 2017,Centre Hospitalier Universitaire,,Nombre,2021,0,Burkina Faso,Sahel,,
Sante,Infrastructures,Infrastructures sanitaires par région à partir de 2017.csv,Infrastructures sanitaires par région à partir de 2017,Centre Hospitalier Universitaire,,Nombre,2022,0,Burkina Faso,Sahel,,
Sante,Infrastructures,Infrastructures sanitaires par région à partir de 2017.csv,Infrastructures sanitaires par région à partir de 2017,Centre Hospitalier Universitaire,,Nombre,2023,0,Burkina Faso,Sahel,,
Sante,Infrastructures,Infrastructures sanitaires par région à partir de 2017.csv,Infrastructures sanitaires par région à partir de 2017,Centre Hospitalier Régional,,Nombre,2017,1,Burkina Faso,Sahel,,
Sante,Infrastructures,Infrastructures sanitaires par région à partir de 2017.csv,Infrastructures sanitaires par région à partir de 2017,Centre Hospitalier Régional,,Nombre,2018,1,Burkina Faso,Sahel,,
Sante,Infrastructures,Infrastructures sanitaires par région à partir de 2017.csv,Infrastructures sanitaires par région à partir de 2017,Centre Hospitalier Régional,,Nombre,2019,1,Burkina Faso,Sahel,,
Sante,Infrastructures,Infrastructures sanitaires par région à partir de 2017.csv,Infrastructures sanitaires par région à partir de 2017,Centre Hospitalier Régional,,Nombre,2020,1,Burkina Faso,Sahel,,
Sante,Infrastructures,Infrastructures sanitaires par région à partir de 2017.csv,Infrastructures sanitaires par région à partir de 2017,Centre Hospitalier Régional,,Nombre,2021,1,Burkina Faso,Sahel,,
Sante,Infrastructures,Infrastructures sanitaires par région à partir de 2017.csv,Infrastructures sanitaires par région à partir de 2017,Centre Hospitalier Régional,,Nombre,2022,1,Burkina Faso,Sahel,,
Sante,Infrastructures,Infrastructures sanitaires par région à partir de 2017.csv,Infrastructures sanitaires par région à partir de 2017,Centre Hospitalier Régional,,Nombre,2023,1,Burkina Faso,Sahel,,
Sante,Infrastructures,Infrastructures sanitaires par région à partir de 2017.csv,Infrastructures sanitaires par région à partir de 2017,Centre Médical avec Antenne chirurgicale,,Nombre,2017,3,Burkina Faso,Sahel,,
Sante,Infrastructures,Infrastructures sanitaires par région à partir de 2017.csv,Infrastructures sanitaires par région à partir de 2017,Centre Médical avec Antenne chirurgicale,,Nombre,2018,3,Burkina Faso,Sahel,,
Sante,Infrastructures,Infrastructures sanitaires par région à partir de 2017.csv,Infrastructures sanitaires par région à partir de 2017,Centre Médical avec Antenne chirurgicale,,Nombre,2019,3,Burkina Faso,Sahel,,
Sante,Infrastructures,Infrastructures sanitaires par région à partir de 2017.csv,Infrastructures sanitaires par région à partir de 2017,Centre Médical avec Antenne chirurgicale,,Nombre,2020,3,Burkina Faso,Sahel,,
Sante,Infrastructures,Infrastructures sanitaires par région à partir de 2017.csv,Infrastructures sanitaires par région à partir de 2017,Centre Médical avec Antenne chirurgicale,,Nombre,2021,3,Burkina Faso,Sahel,,
Sante,Infrastructures,Infrastructures sanitaires par région à partir de 2017.csv,Infrastructures sanitaires par région à partir de 2017,Centre Médical avec Antenne chirurgicale,,Nombre,2022,3,Burkina Faso,Sahel,,
Sante,Infrastructures,Infrastructures sanitaires par région à partir de 2017.csv,Infrastructures sanitaires par région à partir de 2017,Centre Médical avec Antenne chirurgicale,,Nombre,2023,3,Burkina Faso,Sahel,,
Sante,Infrastructures,Infrastructures sanitaires par région à partir de 2017.csv,Infrastructures sanitaires par région à partir de 2017,Centre Médical,,Nombre,2017,5,Burkina Faso,Sahel,,
Sante,Infrastructures,Infrastructures sanitaires par région à partir de 2017.csv,Infrastructures sanitaires par région à partir de 2017,Centre Médical,,Nombre,2018,5,Burkina Faso,Sahel,,
Sante,Infrastructures,Infrastructures sanitaires par région à partir de 2017.csv,Infrastructures sanitaires par région à partir de 2017,Centre Médical,,Nombre,2019,5,Burkina Faso,Sahel,,
Sante,Infrastructures,Infrastructures sanitaires par région à partir de 2017.csv,Infrastructures sanitaires par région à partir de 2017,Centre Médical,,Nombre,2020,5,Burkina Faso,Sahel,,
Sante,Infrastructures,Infrastructures sanitaires par région à partir de 2017.csv,Infrastructures sanitaires par région à partir de 2017,Centre Médical,,Nombre,2021,5,Burkina Faso,Sahel,,
Sante,Infrastructures,Infrastructures sanitaires par région à partir de 2017.csv,Infrastructures sanitaires par région à partir de 2017,Centre Médical,,Nombre,2022,6,Burkina Faso,Sahel,,
Sante,Infrastructures,Infrastructures sanitaires par région à partir de 2017.csv,Infrastructures sanitaires par région à partir de 2017,Centre Médical,,Nombre,2023,6,Burkina Faso,Sahel,,
Sante,Infrastructures,Infrastructures sanitaires par région à partir de 2017.csv,Infrastructures sanitaires par région à partir de 2017,Centre de Santé et de Promotion Sociale,,Nombre,2017,98,Burkina Faso,Sahel,,
Sante,Infrastructures,Infrastructures sanitaires par région à partir de 2017.csv,Infrastructures sanitaires par région à partir de 2017,Centre de Santé et de Promotion Sociale,,Nombre,2018,105,Burkina Faso,Sahel,,
Sante,Infrastructures,Infrastructures sanitaires par région à partir de 2017.csv,Infrastructures sanitaires par région à partir de 2017,Centre de Santé et de Promotion Sociale,,Nombre,2019,109,Burkina Faso,Sahel,,
Sante,Infrastructures,Infrastructures sanitaires par région à partir de 2017.csv,Infrastructures sanitaires par région à partir de 2017,Centre de Santé et de Promotion Sociale,,Nombre,2020,116,Burkina Faso,Sahel,,
Sante,Infrastructures,Infrastructures sanitaires par région à partir de 2017.csv,Infrastructures sanitaires par région à partir de 2017,Centre de Santé et de Promotion Sociale,,Nombre,2021,119,Burkina Faso,Sahel,,
Sante,Infrastructures,Infrastructures sanitaires par région à partir de 2017.csv,Infrastructures sanitaires par région à partir de 2017,Centre de Santé et de Promotion Sociale,,Nombre,2022,118,Burkina Faso,Sahel,,
Sante,Infrastructures,Infrastructures sanitaires par région à partir de 2017.csv,Infrastructures sanitaires par région à partir de 2017,Centre de Santé et de Promotion Sociale,,Nombre,2023,118,Burkina Faso,Sahel,,
Sante,Infrastructures,Infrastructures sanitaires par région à partir de 2017.csv,Infrastructures sanitaires par région à partir de 2017,Dispensaire,,Nombre,2017,2,Burkina Faso,Sahel,,
Sante,Infrastructures,Infrastructures sanitaires par région à partir de 2017.csv,Infrastructures sanitaires par région à partir de 2017,Dispensaire,,Nombre,2018,2,Burkina Faso,Sahel,,
Sante,Infrastructures,Infrastructures sanitaires par région à partir de 2017.csv,Infrastructures sanitaires par région à partir de 2017,Dispensaire,,Nombre,2019,2,Burkina Faso,Sahel,,
Sante,Infrastructures,Infrastructures sanitaires par région à partir de 2017.csv,Infrastructures sanitaires par région à partir de 2017,Dispensaire,,Nombre,2020,2,Burkina Faso,Sahel,,
Sante,Infrastructures,Infrastructures sanitaires par région à partir de 2017.csv,Infrastructures sanitaires par région à partir de 2017,Dispensaire,,Nombre,2021,2,Burkina Faso,Sahel,,
Sante,Infrastructures,Infrastructures sanitaires par région à partir de 2017.csv,Infrastructures sanitaires par région à partir de 2017,Dispensaire,,Nombre,2022,0,Burkina Faso,Sahel,,
Sante,Infrastructures,Infrastructures sanitaires par région à partir de 2017.csv,Infrastructures sanitaires par région à partir de 2017,Dispensaire,,Nombre,2023,0,Burkina Faso,Sahel,,
Sante,Infrastructures,Infrastructures sanitaires par région à partir de 2017.csv,Infrastructures sanitaires par région à partir de 2017,Maternités isolées,,Nombre,2017,0,Burkina Faso,Sahel,,
Sante,Infrastructures,Infrastructures sanitaires par région à partir de 2017.csv,Infrastructures sanitaires par région à partir de 2017,Maternités isolées,,Nombre,2018,0,Burkina Faso,Sahel,,
Sante,Infrastructures,Infrastructures sanitaires par région à partir de 2017.csv,Infrastructures sanitaires par région à partir de 2017,Maternités isolées,,Nombre,2019,0,Burkina Faso,Sahel,,
Sante,Infrastructures,Infrastructures sanitaires par région à partir de 2017.csv,Infrastructures sanitaires par région à partir de 2017,Maternités isolées,,Nombre,2020,0,Burkina Faso,Sahel,,
Sante,Infrastructures,Infrastructures sanitaires par région à partir de 2017.csv,Infrastructures sanitaires par région à partir de 2017,Maternités isolées,,Nombre,2021,0,Burkina Faso,Sahel,,
Sante,Infrastructures,Infrastructures sanitaires par région à partir de 2017.csv,Infrastructures sanitaires par région à partir de 2017,Maternités isolées,,Nombre,2022,0,Burkina Faso,Sahel,,
Sante,Infrastructures,Infrastructures sanitaires par région à partir de 2017.csv,Infrastructures sanitaires par région à partir de 2017,Maternités isolées,,Nombre,2023,0,Burkina Faso,Sahel,,
Sante,Infrastructures,Infrastructures sanitaires par région à partir de 2017.csv,Infrastructures sanitaires par région à partir de 2017,Formation Sanitaire Privée,,Nombre,2017,8,Burkina Faso,Sahel,,
Sante,Infrastructures,Infrastructures sanitaires par région à partir de 2017.csv,Infrastructures sanitaires par région à partir de 2017,Formation Sanitaire Privée,,Nombre,2020,9,Burkina Faso,Sahel,,
Sante,Infrastructures,Infrastructures sanitaires par région à partir de 2017.csv,Infrastructures sanitaires par région à partir de 2017,Formation Sanitaire Privée,,Nombre,2021,11,Burkina Faso,Sahel,,
Sante,Infrastructures,Infrastructures sanitaires par région à partir de 2017.csv,Infrastructures sanitaires par région à partir de 2017,Formation Sanitaire Privée,,Nombre,2022,11,Burkina Faso,Sahel,,
Sante,Infrastructures,Infrastructures sanitaires par région à partir de 2017.csv,Infrastructures sanitaires par région à partir de 2017,0fficines et Dépôts privés,,Nombre,2017,34,Burkina Faso,Sahel,,
Sante,Infrastructures,Infrastructures sanitaires par région à partir de 2017.csv,Infrastructures sanitaires par région à partir de 2017,0fficines et Dépôts privés,,Nombre,2018,37,Burkina Faso,Sahel,,
Sante,Infrastructures,Infrastructures sanitaires par région à partir de 2017.csv,Infrastructures sanitaires par région à partir de 2017,0fficines et Dépôts privés,,Nombre,2020,25,Burkina Faso,Sahel,,
Sante,Infrastructures,Infrastructures sanitaires par région à partir de 2017.csv,Infrastructures sanitaires par région à partir de 2017,0fficines et Dépôts privés,,Nombre,2021,15,Burkina Faso,Sahel,,
Sante,Infrastructures,Infrastructures sanitaires par région à partir de 2017.csv,Infrastructures sanitaires par région à partir de 2017,0fficines et Dépôts privés,,Nombre,2022,32,Burkina Faso,Sahel,,
Sante,Infrastructures,Infrastructures sanitaires par région à partir de 2017.csv,Infrastructures sanitaires par région à partir de 2017,Infirmerie de garnison,,Nombre,2017,3,Burkina Faso,Sahel,,
Sante,Infrastructures,Infrastructures sanitaires par région à partir de 2017.csv,Infrastructures sanitaires par région à partir de 2017,Infirmerie de garnison,,Nombre,2020,71,Burkina Faso,Sahel,,
Sante,Infrastructures,Infrastructures sanitaires par région à partir de 2017.csv,Infrastructures sanitaires par région à partir de 2017,Infirmerie de garnison,,Nombre,2021,3,Burkina Faso,Sahel,,
Sante,Infrastructures,Infrastructures sanitaires par région à partir de 2017.csv,Infrastructures sanitaires par région à partir de 2017,Infirmerie/SST,,Nombre,2017,3,Burkina Faso,Sahel,,
Sante,Infrastructures,Infrastructures sanitaires par région à partir de 2017.csv,Infrastructures sanitaires par région à partir de 2017,Infirmerie/SST,,Nombre,2020,4,Burkina Faso,Sahel,,
Sante,Infrastructures,Infrastructures sanitaires par région à partir de 2017.csv,Infrastructures sanitaires par région à partir de 2017,Infirmerie/SST,,Nombre,2021,4,Burkina Faso,Sahel,,
Sante,Infrastructures,Infrastructures sanitaires par région à partir de 2017.csv,Infrastructures sanitaires par région à partir de 2017,Infirmerie/SST,,Nombre,2022,9,Burkina Faso,Sahel,,
Sante,Infrastructures,Infrastructures sanitaires par région à partir de 2017.csv,Infrastructures sanitaires par région à partir de 2017,Infirmerie/SST,,Nombre,2023,9,Burkina Faso,Sahel,,
Sante,Infrastructures,Infrastructures sanitaires par région à partir de 2017.csv,Infrastructures sanitaires par région à partir de 2017,"Autres (CREN,…)",,Nombre,2017,0,Burkina Faso,Sahel,,
Sante,Infrastructures,Infrastructures sanitaires par région à partir de 2017.csv,Infrastructures sanitaires par région à partir de 2017,Centre Hospitalier Universitaire,,Nombre,2017,0,Burkina Faso,Sud-Ouest,,
Sante,Infrastructures,Infrastructures sanitaires par région à partir de 2017.csv,Infrastructures sanitaires par région à partir de 2017,Centre Hospitalier Universitaire,,Nombre,2018,0,Burkina Faso,Sud-Ouest,,
Sante,Infrastructures,Infrastructures sanitaires par région à partir de 2017.csv,Infrastructures sanitaires par région à partir de 2017,Centre Hospitalier Universitaire,,Nombre,2019,0,Burkina Faso,Sud-Ouest,,
Sante,Infrastructures,Infrastructures sanitaires par région à partir de 2017.csv,Infrastructures sanitaires par région à partir de 2017,Centre Hospitalier Universitaire,,Nombre,2020,0,Burkina Faso,Sud-Ouest,,
Sante,Infrastructures,Infrastructures sanitaires par région à partir de 2017.csv,Infrastructures sanitaires par région à partir de 2017,Centre Hospitalier Universitaire,,Nombre,2021,0,Burkina Faso,Sud-Ouest,,
Sante,Infrastructures,Infrastructures sanitaires par région à partir de 2017.csv,Infrastructures sanitaires par région à partir de 2017,Centre Hospitalier Universitaire,,Nombre,2022,0,Burkina Faso,Sud-Ouest,,
Sante,Infrastructures,Infrastructures sanitaires par région à partir de 2017.csv,Infrastructures sanitaires par région à partir de 2017,Centre Hospitalier Universitaire,,Nombre,2023,0,Burkina Faso,Sud-Ouest,,
Sante,Infrastructures,Infrastructures sanitaires par région à partir de 2017.csv,Infrastructures sanitaires par région à partir de 2017,Centre Hospitalier Régional,,Nombre,2017,1,Burkina Faso,Sud-Ouest,,
Sante,Infrastructures,Infrastructures sanitaires par région à partir de 2017.csv,Infrastructures sanitaires par région à partir de 2017,Centre Hospitalier Régional,,Nombre,2018,1,Burkina Faso,Sud-Ouest,,
Sante,Infrastructures,Infrastructures sanitaires par région à partir de 2017.csv,Infrastructures sanitaires par région à partir de 2017,Centre Hospitalier Régional,,Nombre,2019,1,Burkina Faso,Sud-Ouest,,
Sante,Infrastructures,Infrastructures sanitaires par région à partir de 2017.csv,Infrastructures sanitaires par région à partir de 2017,Centre Hospitalier Régional,,Nombre,2020,1,Burkina Faso,Sud-Ouest,,
Sante,Infrastructures,Infrastructures sanitaires par région à partir de 2017.csv,Infrastructures sanitaires par région à partir de 2017,Centre Hospitalier Régional,,Nombre,2021,1,Burkina Faso,Sud-Ouest,,
Sante,Infrastructures,Infrastructures sanitaires par région à partir de 2017.csv,Infrastructures sanitaires par région à partir de 2017,Centre Hospitalier Régional,,Nombre,2022,1,Burkina Faso,Sud-Ouest,,
Sante,Infrastructures,Infrastructures sanitaires par région à partir de 2017.csv,Infrastructures sanitaires par région à partir de 2017,Centre Hospitalier Régional,,Nombre,2023,1,Burkina Faso,Sud-Ouest,,
Sante,Infrastructures,Infrastructures sanitaires par région à partir de 2017.csv,Infrastructures sanitaires par région à partir de 2017,Centre Médical avec Antenne chirurgicale,,Nombre,2017,3,Burkina Faso,Sud-Ouest,,
Sante,Infrastructures,Infrastructures sanitaires par région à partir de 2017.csv,Infrastructures sanitaires par région à partir de 2017,Centre Médical avec Antenne chirurgicale,,Nombre,2018,3,Burkina Faso,Sud-Ouest,,
Sante,Infrastructures,Infrastructures sanitaires par région à partir de 2017.csv,Infrastructures sanitaires par région à partir de 2017,Centre Médical avec Antenne chirurgicale,,Nombre,2019,3,Burkina Faso,Sud-Ouest,,
Sante,Infrastructures,Infrastructures sanitaires par région à partir de 2017.csv,Infrastructures sanitaires par région à partir de 2017,Centre Médical avec Antenne chirurgicale,,Nombre,2020,3,Burkina Faso,Sud-Ouest,,
Sante,Infrastructures,Infrastructures sanitaires par région à partir de 2017.csv,Infrastructures sanitaires par région à partir de 2017,Centre Médical avec Antenne chirurgicale,,Nombre,2021,3,Burkina Faso,Sud-Ouest,,
Sante,Infrastructures,Infrastructures sanitaires par région à partir de 2017.csv,Infrastructures sanitaires par région à partir de 2017,Centre Médical avec Antenne chirurgicale,,Nombre,2022,3,Burkina Faso,Sud-Ouest,,
Sante,Infrastructures,Infrastructures sanitaires par région à partir de 2017.csv,Infrastructures sanitaires par région à partir de 2017,Centre Médical avec Antenne chirurgicale,,Nombre,2023,3,Burkina Faso,Sud-Ouest,,
Sante,Infrastructures,Infrastructures sanitaires par région à partir de 2017.csv,Infrastructures sanitaires par région à partir de 2017,Centre Médical,,Nombre,2017,3,Burkina Faso,Sud-Ouest,,
Sante,Infrastructures,Infrastructures sanitaires par région à partir de 2017.csv,Infrastructures sanitaires par région à partir de 2017,Centre Médical,,Nombre,2018,5,Burkina Faso,Sud-Ouest,,
Sante,Infrastructures,Infrastructures sanitaires par région à partir de 2017.csv,Infrastructures sanitaires par région à partir de 2017,Centre Médical,,Nombre,2019,3,Burkina Faso,Sud-Ouest,,
Sante,Infrastructures,Infrastructures sanitaires par région à partir de 2017.csv,Infrastructures sanitaires par région à partir de 2017,Centre Médical,,Nombre,2020,3,Burkina Faso,Sud-Ouest,,
Sante,Infrastructures,Infrastructures sanitaires par région à partir de 2017.csv,Infrastructures sanitaires par région à partir de 2017,Centre Médical,,Nombre,2021,4,Burkina Faso,Sud-Ouest,,
Sante,Infrastructures,Infrastructures sanitaires par région à partir de 2017.csv,Infrastructures sanitaires par région à partir de 2017,Centre Médical,,Nombre,2022,5,Burkina Faso,Sud-Ouest,,
Sante,Infrastructures,Infrastructures sanitaires par région à partir de 2017.csv,Infrastructures sanitaires par région à partir de 2017,Centre Médical,,Nombre,2023,5,Burkina Faso,Sud-Ouest,,
Sante,Infrastructures,Infrastructures sanitaires par région à partir de 2017.csv,Infrastructures sanitaires par région à partir de 2017,Centre de Santé et de Promotion Sociale,,Nombre,2017,107,Burkina Faso,Sud-Ouest,,
Sante,Infrastructures,Infrastructures sanitaires par région à partir de 2017.csv,Infrastructures sanitaires par région à partir de 2017,Centre de Santé et de Promotion Sociale,,Nombre,2018,110,Burkina Faso,Sud-Ouest,,
Sante,Infrastructures,Infrastructures sanitaires par région à partir de 2017.csv,Infrastructures sanitaires par région à partir de 2017,Centre de Santé et de Promotion Sociale,,Nombre,2019,111,Burkina Faso,Sud-Ouest,,
Sante,Infrastructures,Infrastructures sanitaires par région à partir de 2017.csv,Infrastructures sanitaires par région à partir de 2017,Centre de Santé et de Promotion Sociale,,Nombre,2020,111,Burkina Faso,Sud-Ouest,,
Sante,Infrastructures,Infrastructures sanitaires par région à partir de 2017.csv,Infrastructures sanitaires par région à partir de 2017,Centre de Santé et de Promotion Sociale,,Nombre,2021,118,Burkina Faso,Sud-Ouest,,
Sante,Infrastructures,Infrastructures sanitaires par région à partir de 2017.csv,Infrastructures sanitaires par région à partir de 2017,Centre de Santé et de Promotion Sociale,,Nombre,2022,127,Burkina Faso,Sud-Ouest,,
Sante,Infrastructures,Infrastructures sanitaires par région à partir de 2017.csv,Infrastructures sanitaires par région à partir de 2017,Centre de Santé et de Promotion Sociale,,Nombre,2023,128,Burkina Faso,Sud-Ouest,,
Sante,Infrastructures,Infrastructures sanitaires par région à partir de 2017.csv,Infrastructures sanitaires par région à partir de 2017,Dispensaire,,Nombre,2017,13,Burkina Faso,Sud-Ouest,,
Sante,Infrastructures,Infrastructures sanitaires par région à partir de 2017.csv,Infrastructures sanitaires par région à partir de 2017,Dispensaire,,Nombre,2018,14,Burkina Faso,Sud-Ouest,,
Sante,Infrastructures,Infrastructures sanitaires par région à partir de 2017.csv,Infrastructures sanitaires par région à partir de 2017,Dispensaire,,Nombre,2019,13,Burkina Faso,Sud-Ouest,,
Sante,Infrastructures,Infrastructures sanitaires par région à partir de 2017.csv,Infrastructures sanitaires par région à partir de 2017,Dispensaire,,Nombre,2020,13,Burkina Faso,Sud-Ouest,,
Sante,Infrastructures,Infrastructures sanitaires par région à partir de 2017.csv,Infrastructures sanitaires par région à partir de 2017,Dispensaire,,Nombre,2021,13,Burkina Faso,Sud-Ouest,,
Sante,Infrastructures,Infrastructures sanitaires par région à partir de 2017.csv,Infrastructures sanitaires par région à partir de 2017,Dispensaire,,Nombre,2022,8,Burkina Faso,Sud-Ouest,,
Sante,Infrastructures,Infrastructures sanitaires par région à partir de 2017.csv,Infrastructures sanitaires par région à partir de 2017,Dispensaire,,Nombre,2023,8,Burkina Faso,Sud-Ouest,,
Sante,Infrastructures,Infrastructures sanitaires par région à partir de 2017.csv,Infrastructures sanitaires par région à partir de 2017,Maternités isolées,,Nombre,2017,1,Burkina Faso,Sud-Ouest,,
Sante,Infrastructures,Infrastructures sanitaires par région à partir de 2017.csv,Infrastructures sanitaires par région à partir de 2017,Maternités isolées,,Nombre,2018,1,Burkina Faso,Sud-Ouest,,
Sante,Infrastructures,Infrastructures sanitaires par région à partir de 2017.csv,Infrastructures sanitaires par région à partir de 2017,Maternités isolées,,Nombre,2019,1,Burkina Faso,Sud-Ouest,,
Sante,Infrastructures,Infrastructures sanitaires par région à partir de 2017.csv,Infrastructures sanitaires par région à partir de 2017,Maternités isolées,,Nombre,2020,1,Burkina Faso,Sud-Ouest,,
Sante,Infrastructures,Infrastructures sanitaires par région à partir de 2017.csv,Infrastructures sanitaires par région à partir de 2017,Maternités isolées,,Nombre,2021,1,Burkina Faso,Sud-Ouest,,
Sante,Infrastructures,Infrastructures sanitaires par région à partir de 2017.csv,Infrastructures sanitaires par région à partir de 2017,Maternités isolées,,Nombre,2022,0,Burkina Faso,Sud-Ouest,,
Sante,Infrastructures,Infrastructures sanitaires par région à partir de 2017.csv,Infrastructures sanitaires par région à partir de 2017,Maternités isolées,,Nombre,2023,0,Burkina Faso,Sud-Ouest,,
Sante,Infrastructures,Infrastructures sanitaires par région à partir de 2017.csv,Infrastructures sanitaires par région à partir de 2017,Formation Sanitaire Privée,,Nombre,2017,8,Burkina Faso,Sud-Ouest,,
Sante,Infrastructures,Infrastructures sanitaires par région à partir de 2017.csv,Infrastructures sanitaires par région à partir de 2017,Formation Sanitaire Privée,,Nombre,2020,12,Burkina Faso,Sud-Ouest,,
Sante,Infrastructures,Infrastructures sanitaires par région à partir de 2017.csv,Infrastructures sanitaires par région à partir de 2017,Formation Sanitaire Privée,,Nombre,2021,13,Burkina Faso,Sud-Ouest,,
Sante,Infrastructures,Infrastructures sanitaires par région à partir de 2017.csv,Infrastructures sanitaires par région à partir de 2017,Formation Sanitaire Privée,,Nombre,2022,16,Burkina Faso,Sud-Ouest,,
Sante,Infrastructures,Infrastructures sanitaires par région à partir de 2017.csv,Infrastructures sanitaires par région à partir de 2017,0fficines et Dépôts privés,,Nombre,2017,24,Burkina Faso,Sud-Ouest,,
Sante,Infrastructures,Infrastructures sanitaires par région à partir de 2017.csv,Infrastructures sanitaires par région à partir de 2017,0fficines et Dépôts privés,,Nombre,2018,25,Burkina Faso,Sud-Ouest,,
Sante,Infrastructures,Infrastructures sanitaires par région à partir de 2017.csv,Infrastructures sanitaires par région à partir de 2017,0fficines et Dépôts privés,,Nombre,2020,29,Burkina Faso,Sud-Ouest,,
Sante,Infrastructures,Infrastructures sanitaires par région à partir de 2017.csv,Infrastructures sanitaires par région à partir de 2017,0fficines et Dépôts privés,,Nombre,2021,32,Burkina Faso,Sud-Ouest,,
Sante,Infrastructures,Infrastructures sanitaires par région à partir de 2017.csv,Infrastructures sanitaires par région à partir de 2017,0fficines et Dépôts privés,,Nombre,2022,38,Burkina Faso,Sud-Ouest,,
Sante,Infrastructures,Infrastructures sanitaires par région à partir de 2017.csv,Infrastructures sanitaires par région à partir de 2017,Infirmerie de garnison,,Nombre,2017,1,Burkina Faso,Sud-Ouest,,
Sante,Infrastructures,Infrastructures sanitaires par région à partir de 2017.csv,Infrastructures sanitaires par région à partir de 2017,Infirmerie de garnison,,Nombre,2020,9,Burkina Faso,Sud-Ouest,,
Sante,Infrastructures,Infrastructures sanitaires par région à partir de 2017.csv,Infrastructures sanitaires par région à partir de 2017,Infirmerie de garnison,,Nombre,2021,1,Burkina Faso,Sud-Ouest,,
Sante,Infrastructures,Infrastructures sanitaires par région à partir de 2017.csv,Infrastructures sanitaires par région à partir de 2017,Infirmerie/SST,,Nombre,2017,8,Burkina Faso,Sud-Ouest,,
Sante,Infrastructures,Infrastructures sanitaires par région à partir de 2017.csv,Infrastructures sanitaires par région à partir de 2017,Infirmerie/SST,,Nombre,2020,11,Burkina Faso,Sud-Ouest,,
Sante,Infrastructures,Infrastructures sanitaires par région à partir de 2017.csv,Infrastructures sanitaires par région à partir de 2017,Infirmerie/SST,,Nombre,2021,11,Burkina Faso,Sud-Ouest,,
Sante,Infrastructures,Infrastructures sanitaires par région à partir de 2017.csv,Infrastructures sanitaires par région à partir de 2017,Infirmerie/SST,,Nombre,2022,15,Burkina Faso,Sud-Ouest,,
Sante,Infrastructures,Infrastructures sanitaires par région à partir de 2017.csv,Infrastructures sanitaires par région à partir de 2017,Infirmerie/SST,,Nombre,2023,16,Burkina Faso,Sud-Ouest,,
Sante,Infrastructures,Infrastructures sanitaires par région à partir de 2017.csv,Infrastructures sanitaires par région à partir de 2017,"Autres (CREN,…)",,Nombre,2017,0,Burkina Faso,Sud-Ouest,,
