"indicateur","region","infrastructures","Unit","Date","Value"
"Infrastructures sanitaires par région à partir de 2017","Burkina Faso","Centre Hospitalier Universitaire","Nombre","2017","6"
"Infrastructures sanitaires par région à partir de 2017","Burkina Faso","Centre Hospitalier Universitaire","Nombre","2018","6"
"Infrastructures sanitaires par région à partir de 2017","Burkina Faso","Centre Hospitalier Universitaire","Nombre","2019","6"
"Infrastructures sanitaires par région à partir de 2017","Burkina Faso","Centre Hospitalier Universitaire","Nombre","2020","6"
"Infrastructures sanitaires par région à partir de 2017","Burkina Faso","Centre Hospitalier Universitaire","Nombre","2021","6"
"Infrastructures sanitaires par région à partir de 2017","Burkina Faso","Centre Hospitalier Universitaire","Nombre","2022","6"
"Infrastructures sanitaires par région à partir de 2017","Burkina Faso","Centre Hospitalier Universitaire","Nombre","2023","6"
"Infrastructures sanitaires par région à partir de 2017","Burkina Faso","Centre Hospitalier Régional","Nombre","2017","8"
"Infrastructures sanitaires par région à partir de 2017","Burkina Faso","Centre Hospitalier Régional","Nombre","2018","8"
"Infrastructures sanitaires par région à partir de 2017","Burkina Faso","Centre Hospitalier Régional","Nombre","2019","9"
"Infrastructures sanitaires par région à partir de 2017","Burkina Faso","Centre Hospitalier Régional","Nombre","2020","9"
"Infrastructures sanitaires par région à partir de 2017","Burkina Faso","Centre Hospitalier Régional","Nombre","2021","9"
"Infrastructures sanitaires par région à partir de 2017","Burkina Faso","Centre Hospitalier Régional","Nombre","2022","9"
"Infrastructures sanitaires par région à partir de 2017","Burkina Faso","Centre Hospitalier Régional","Nombre","2023","9"
"Infrastructures sanitaires par région à partir de 2017","Burkina Faso","Centre Médical avec Antenne chirurgicale","Nombre","2017","45"
"Infrastructures sanitaires par région à partir de 2017","Burkina Faso","Centre Médical avec Antenne chirurgicale","Nombre","2018","49"
"Infrastructures sanitaires par région à partir de 2017","Burkina Faso","Centre Médical avec Antenne chirurgicale","Nombre","2019","45"
"Infrastructures sanitaires par région à partir de 2017","Burkina Faso","Centre Médical avec Antenne chirurgicale","Nombre","2020","46"
"Infrastructures sanitaires par région à partir de 2017","Burkina Faso","Centre Médical avec Antenne chirurgicale","Nombre","2021","46"
"Infrastructures sanitaires par région à partir de 2017","Burkina Faso","Centre Médical avec Antenne chirurgicale","Nombre","2022","46"
"Infrastructures sanitaires par région à partir de 2017","Burkina Faso","Centre Médical avec Antenne chirurgicale","Nombre","2023","46"
"Infrastructures sanitaires par région à partir de 2017","Burkina Faso","Centre Médical","Nombre","2017","57"
"Infrastructures sanitaires par région à partir de 2017","Burkina Faso","Centre Médical","Nombre","2018","118"
"Infrastructures sanitaires par région à partir de 2017","Burkina Faso","Centre Médical","Nombre","2019","71"
"Infrastructures sanitaires par région à partir de 2017","Burkina Faso","Centre Médical","Nombre","2020","71"
"Infrastructures sanitaires par région à partir de 2017","Burkina Faso","Centre Médical","Nombre","2021","83"
"Infrastructures sanitaires par région à partir de 2017","Burkina Faso","Centre Médical","Nombre","2022","99"
"Infrastructures sanitaires par région à partir de 2017","Burkina Faso","Centre Médical","Nombre","2023","116"
"Infrastructures sanitaires par région à partir de 2017","Burkina Faso","Centre de Santé et de Promotion Sociale","Nombre","2017","1839"
"Infrastructures sanitaires par région à partir de 2017","Burkina Faso","Centre de Santé et de Promotion Sociale","Nombre","2018","1955"
"Infrastructures sanitaires par région à partir de 2017","Burkina Faso","Centre de Santé et de Promotion Sociale","Nombre","2019","1948"
"Infrastructures sanitaires par région à partir de 2017","Burkina Faso","Centre de Santé et de Promotion Sociale","Nombre","2020","2041"
"Infrastructures sanitaires par région à partir de 2017","Burkina Faso","Centre de Santé et de Promotion Sociale","Nombre","2021","2126"
"Infrastructures sanitaires par région à partir de 2017","Burkina Faso","Centre de Santé et de Promotion Sociale","Nombre","2022","2207"
"Infrastructures sanitaires par région à partir de 2017","Burkina Faso","Centre de Santé et de Promotion Sociale","Nombre","2023","2233"
"Infrastructures sanitaires par région à partir de 2017","Burkina Faso","Dispensaire","Nombre","2017","136"
"Infrastructures sanitaires par région à partir de 2017","Burkina Faso","Dispensaire","Nombre","2018","172"
"Infrastructures sanitaires par région à partir de 2017","Burkina Faso","Dispensaire","Nombre","2019","131"
"Infrastructures sanitaires par région à partir de 2017","Burkina Faso","Dispensaire","Nombre","2020","111"
"Infrastructures sanitaires par région à partir de 2017","Burkina Faso","Dispensaire","Nombre","2021","87"
"Infrastructures sanitaires par région à partir de 2017","Burkina Faso","Dispensaire","Nombre","2022","51"
"Infrastructures sanitaires par région à partir de 2017","Burkina Faso","Dispensaire","Nombre","2023","49"
"Infrastructures sanitaires par région à partir de 2017","Burkina Faso","Maternités isolées","Nombre","2017","8"
"Infrastructures sanitaires par région à partir de 2017","Burkina Faso","Maternités isolées","Nombre","2018","9"
"Infrastructures sanitaires par région à partir de 2017","Burkina Faso","Maternités isolées","Nombre","2019","10"
"Infrastructures sanitaires par région à partir de 2017","Burkina Faso","Maternités isolées","Nombre","2020","9"
"Infrastructures sanitaires par région à partir de 2017","Burkina Faso","Maternités isolées","Nombre","2021","8"
"Infrastructures sanitaires par région à partir de 2017","Burkina Faso","Maternités isolées","Nombre","2022","4"
"Infrastructures sanitaires par région à partir de 2017","Burkina Faso","Maternités isolées","Nombre","2023","4"
"Infrastructures sanitaires par région à partir de 2017","Burkina Faso","Formation Sanitaire Privée","Nombre","2017","519"
"Infrastructures sanitaires par région à partir de 2017","Burkina Faso","Formation Sanitaire Privée","Nombre","2020","641"
"Infrastructures sanitaires par région à partir de 2017","Burkina Faso","Formation Sanitaire Privée","Nombre","2021","738"
"Infrastructures sanitaires par région à partir de 2017","Burkina Faso","Formation Sanitaire Privée","Nombre","2022","860"
"Infrastructures sanitaires par région à partir de 2017","Burkina Faso","0fficines et Dépôts  privés","Nombre","2017","863"
"Infrastructures sanitaires par région à partir de 2017","Burkina Faso","0fficines et Dépôts  privés","Nombre","2018","629"
"Infrastructures sanitaires par région à partir de 2017","Burkina Faso","0fficines et Dépôts  privés","Nombre","2020","904"
"Infrastructures sanitaires par région à partir de 2017","Burkina Faso","0fficines et Dépôts  privés","Nombre","2021","908"
"Infrastructures sanitaires par région à partir de 2017","Burkina Faso","0fficines et Dépôts  privés","Nombre","2022","1123"
"Infrastructures sanitaires par région à partir de 2017","Burkina Faso","Infirmerie de garnison","Nombre","2017","19"
"Infrastructures sanitaires par région à partir de 2017","Burkina Faso","Infirmerie de garnison","Nombre","2020","2"
"Infrastructures sanitaires par région à partir de 2017","Burkina Faso","Infirmerie de garnison","Nombre","2021","18"
"Infrastructures sanitaires par région à partir de 2017","Burkina Faso","Infirmerie/SST","Nombre","2017","99"
"Infrastructures sanitaires par région à partir de 2017","Burkina Faso","Infirmerie/SST","Nombre","2020","175"
"Infrastructures sanitaires par région à partir de 2017","Burkina Faso","Infirmerie/SST","Nombre","2021","183"
"Infrastructures sanitaires par région à partir de 2017","Burkina Faso","Infirmerie/SST","Nombre","2022","234"
"Infrastructures sanitaires par région à partir de 2017","Burkina Faso","Infirmerie/SST","Nombre","2023","213"
"Infrastructures sanitaires par région à partir de 2017","Burkina Faso","Autres (CREN,…)","Nombre","2017","1"
"Infrastructures sanitaires par région à partir de 2017","Boucle du Mouhoun","Centre Hospitalier Universitaire","Nombre","2017","0"
"Infrastructures sanitaires par région à partir de 2017","Boucle du Mouhoun","Centre Hospitalier Universitaire","Nombre","2018","0"
"Infrastructures sanitaires par région à partir de 2017","Boucle du Mouhoun","Centre Hospitalier Universitaire","Nombre","2019","0"
"Infrastructures sanitaires par région à partir de 2017","Boucle du Mouhoun","Centre Hospitalier Universitaire","Nombre","2020","0"
"Infrastructures sanitaires par région à partir de 2017","Boucle du Mouhoun","Centre Hospitalier Universitaire","Nombre","2021","0"
"Infrastructures sanitaires par région à partir de 2017","Boucle du Mouhoun","Centre Hospitalier Universitaire","Nombre","2022","0"
"Infrastructures sanitaires par région à partir de 2017","Boucle du Mouhoun","Centre Hospitalier Universitaire","Nombre","2023","0"
"Infrastructures sanitaires par région à partir de 2017","Boucle du Mouhoun","Centre Hospitalier Régional","Nombre","2017","1"
"Infrastructures sanitaires par région à partir de 2017","Boucle du Mouhoun","Centre Hospitalier Régional","Nombre","2018","1"
"Infrastructures sanitaires par région à partir de 2017","Boucle du Mouhoun","Centre Hospitalier Régional","Nombre","2019","1"
"Infrastructures sanitaires par région à partir de 2017","Boucle du Mouhoun","Centre Hospitalier Régional","Nombre","2020","1"
"Infrastructures sanitaires par région à partir de 2017","Boucle du Mouhoun","Centre Hospitalier Régional","Nombre","2021","1"
"Infrastructures sanitaires par région à partir de 2017","Boucle du Mouhoun","Centre Hospitalier Régional","Nombre","2022","1"
"Infrastructures sanitaires par région à partir de 2017","Boucle du Mouhoun","Centre Hospitalier Régional","Nombre","2023","1"
"Infrastructures sanitaires par région à partir de 2017","Boucle du Mouhoun","Centre Médical avec Antenne chirurgicale","Nombre","2017","5"
"Infrastructures sanitaires par région à partir de 2017","Boucle du Mouhoun","Centre Médical avec Antenne chirurgicale","Nombre","2018","5"
"Infrastructures sanitaires par région à partir de 2017","Boucle du Mouhoun","Centre Médical avec Antenne chirurgicale","Nombre","2019","5"
"Infrastructures sanitaires par région à partir de 2017","Boucle du Mouhoun","Centre Médical avec Antenne chirurgicale","Nombre","2020","5"
"Infrastructures sanitaires par région à partir de 2017","Boucle du Mouhoun","Centre Médical avec Antenne chirurgicale","Nombre","2021","5"
"Infrastructures sanitaires par région à partir de 2017","Boucle du Mouhoun","Centre Médical avec Antenne chirurgicale","Nombre","2022","5"
"Infrastructures sanitaires par région à partir de 2017","Boucle du Mouhoun","Centre Médical avec Antenne chirurgicale","Nombre","2023","5"
"Infrastructures sanitaires par région à partir de 2017","Boucle du Mouhoun","Centre Médical","Nombre","2017","6"
"Infrastructures sanitaires par région à partir de 2017","Boucle du Mouhoun","Centre Médical","Nombre","2018","9"
"Infrastructures sanitaires par région à partir de 2017","Boucle du Mouhoun","Centre Médical","Nombre","2019","7"
"Infrastructures sanitaires par région à partir de 2017","Boucle du Mouhoun","Centre Médical","Nombre","2020","7"
"Infrastructures sanitaires par région à partir de 2017","Boucle du Mouhoun","Centre Médical","Nombre","2021","9"
"Infrastructures sanitaires par région à partir de 2017","Boucle du Mouhoun","Centre Médical","Nombre","2022","9"
"Infrastructures sanitaires par région à partir de 2017","Boucle du Mouhoun","Centre Médical","Nombre","2023","9"
"Infrastructures sanitaires par région à partir de 2017","Boucle du Mouhoun","Centre de Santé et de Promotion Sociale","Nombre","2017","223"
"Infrastructures sanitaires par région à partir de 2017","Boucle du Mouhoun","Centre de Santé et de Promotion Sociale","Nombre","2018","227"
"Infrastructures sanitaires par région à partir de 2017","Boucle du Mouhoun","Centre de Santé et de Promotion Sociale","Nombre","2019","228"
"Infrastructures sanitaires par région à partir de 2017","Boucle du Mouhoun","Centre de Santé et de Promotion Sociale","Nombre","2020","233"
"Infrastructures sanitaires par région à partir de 2017","Boucle du Mouhoun","Centre de Santé et de Promotion Sociale","Nombre","2021","257"
"Infrastructures sanitaires par région à partir de 2017","Boucle du Mouhoun","Centre de Santé et de Promotion Sociale","Nombre","2022","262"
"Infrastructures sanitaires par région à partir de 2017","Boucle du Mouhoun","Centre de Santé et de Promotion Sociale","Nombre","2023","264"
"Infrastructures sanitaires par région à partir de 2017","Boucle du Mouhoun","Dispensaire","Nombre","2017","21"
"Infrastructures sanitaires par région à partir de 2017","Boucle du Mouhoun","Dispensaire","Nombre","2018","25"
"Infrastructures sanitaires par région à partir de 2017","Boucle du Mouhoun","Dispensaire","Nombre","2019","21"
"Infrastructures sanitaires par région à partir de 2017","Boucle du Mouhoun","Dispensaire","Nombre","2020","21"
"Infrastructures sanitaires par région à partir de 2017","Boucle du Mouhoun","Dispensaire","Nombre","2021","9"
"Infrastructures sanitaires par région à partir de 2017","Boucle du Mouhoun","Dispensaire","Nombre","2022","5"
"Infrastructures sanitaires par région à partir de 2017","Boucle du Mouhoun","Dispensaire","Nombre","2023","5"
"Infrastructures sanitaires par région à partir de 2017","Boucle du Mouhoun","Maternités isolées","Nombre","2017","1"
"Infrastructures sanitaires par région à partir de 2017","Boucle du Mouhoun","Maternités isolées","Nombre","2018","1"
"Infrastructures sanitaires par région à partir de 2017","Boucle du Mouhoun","Maternités isolées","Nombre","2019","1"
"Infrastructures sanitaires par région à partir de 2017","Boucle du Mouhoun","Maternités isolées","Nombre","2020","1"
"Infrastructures sanitaires par région à partir de 2017","Boucle du Mouhoun","Maternités isolées","Nombre","2021","0"
"Infrastructures sanitaires par région à partir de 2017","Boucle du Mouhoun","Maternités isolées","Nombre","2022","0"
"Infrastructures sanitaires par région à partir de 2017","Boucle du Mouhoun","Maternités isolées","Nombre","2023","0"
"Infrastructures sanitaires par région à partir de 2017","Boucle du Mouhoun","Formation Sanitaire Privée","Nombre","2017","11"
"Infrastructures sanitaires par région à partir de 2017","Boucle du Mouhoun","Formation Sanitaire Privée","Nombre","2020","20"
"Infrastructures sanitaires par région à partir de 2017","Boucle du Mouhoun","Formation Sanitaire Privée","Nombre","2021","21"
"Infrastructures sanitaires par région à partir de 2017","Boucle du Mouhoun","Formation Sanitaire Privée","Nombre","2022","21"
"Infrastructures sanitaires par région à partir de 2017","Boucle du Mouhoun","0fficines et Dépôts  privés","Nombre","2017","100"
"Infrastructures sanitaires par région à partir de 2017","Boucle du Mouhoun","0fficines et Dépôts  privés","Nombre","2018","58"
"Infrastructures sanitaires par région à partir de 2017","Boucle du Mouhoun","0fficines et Dépôts  privés","Nombre","2020","58"
"Infrastructures sanitaires par région à partir de 2017","Boucle du Mouhoun","0fficines et Dépôts  privés","Nombre","2021","69"
"Infrastructures sanitaires par région à partir de 2017","Boucle du Mouhoun","0fficines et Dépôts  privés","Nombre","2022","76"
"Infrastructures sanitaires par région à partir de 2017","Boucle du Mouhoun","Infirmerie de garnison","Nombre","2017","1"
"Infrastructures sanitaires par région à partir de 2017","Boucle du Mouhoun","Infirmerie de garnison","Nombre","2020","1"
"Infrastructures sanitaires par région à partir de 2017","Boucle du Mouhoun","Infirmerie de garnison","Nombre","2021","1"
"Infrastructures sanitaires par région à partir de 2017","Boucle du Mouhoun","Infirmerie/SST","Nombre","2017","6"
"Infrastructures sanitaires par région à partir de 2017","Boucle du Mouhoun","Infirmerie/SST","Nombre","2020","7"
"Infrastructures sanitaires par région à partir de 2017","Boucle du Mouhoun","Infirmerie/SST","Nombre","2021","6"
"Infrastructures sanitaires par région à partir de 2017","Boucle du Mouhoun","Infirmerie/SST","Nombre","2022","12"
"Infrastructures sanitaires par région à partir de 2017","Boucle du Mouhoun","Infirmerie/SST","Nombre","2023","13"
"Infrastructures sanitaires par région à partir de 2017","Boucle du Mouhoun","Autres (CREN,…)","Nombre","2017","0"
"Infrastructures sanitaires par région à partir de 2017","Cascades","Centre Hospitalier Universitaire","Nombre","2017","0"
"Infrastructures sanitaires par région à partir de 2017","Cascades","Centre Hospitalier Universitaire","Nombre","2018","0"
"Infrastructures sanitaires par région à partir de 2017","Cascades","Centre Hospitalier Universitaire","Nombre","2019","0"
"Infrastructures sanitaires par région à partir de 2017","Cascades","Centre Hospitalier Universitaire","Nombre","2020","0"
"Infrastructures sanitaires par région à partir de 2017","Cascades","Centre Hospitalier Universitaire","Nombre","2021","0"
"Infrastructures sanitaires par région à partir de 2017","Cascades","Centre Hospitalier Universitaire","Nombre","2022","0"
"Infrastructures sanitaires par région à partir de 2017","Cascades","Centre Hospitalier Universitaire","Nombre","2023","0"
"Infrastructures sanitaires par région à partir de 2017","Cascades","Centre Hospitalier Régional","Nombre","2017","1"
"Infrastructures sanitaires par région à partir de 2017","Cascades","Centre Hospitalier Régional","Nombre","2018","1"
"Infrastructures sanitaires par région à partir de 2017","Cascades","Centre Hospitalier Régional","Nombre","2019","1"
"Infrastructures sanitaires par région à partir de 2017","Cascades","Centre Hospitalier Régional","Nombre","2020","1"
"Infrastructures sanitaires par région à partir de 2017","Cascades","Centre Hospitalier Régional","Nombre","2021","1"
"Infrastructures sanitaires par région à partir de 2017","Cascades","Centre Hospitalier Régional","Nombre","2022","1"
"Infrastructures sanitaires par région à partir de 2017","Cascades","Centre Hospitalier Régional","Nombre","2023","1"
"Infrastructures sanitaires par région à partir de 2017","Cascades","Centre Médical avec Antenne chirurgicale","Nombre","2017","1"
"Infrastructures sanitaires par région à partir de 2017","Cascades","Centre Médical avec Antenne chirurgicale","Nombre","2018","1"
"Infrastructures sanitaires par région à partir de 2017","Cascades","Centre Médical avec Antenne chirurgicale","Nombre","2019","1"
"Infrastructures sanitaires par région à partir de 2017","Cascades","Centre Médical avec Antenne chirurgicale","Nombre","2020","1"
"Infrastructures sanitaires par région à partir de 2017","Cascades","Centre Médical avec Antenne chirurgicale","Nombre","2021","1"
"Infrastructures sanitaires par région à partir de 2017","Cascades","Centre Médical avec Antenne chirurgicale","Nombre","2022","1"
"Infrastructures sanitaires par région à partir de 2017","Cascades","Centre Médical avec Antenne chirurgicale","Nombre","2023","1"
"Infrastructures sanitaires par région à partir de 2017","Cascades","Centre Médical","Nombre","2017","4"
"Infrastructures sanitaires par région à partir de 2017","Cascades","Centre Médical","Nombre","2018","4"
"Infrastructures sanitaires par région à partir de 2017","Cascades","Centre Médical","Nombre","2019","5"
"Infrastructures sanitaires par région à partir de 2017","Cascades","Centre Médical","Nombre","2020","5"
"Infrastructures sanitaires par région à partir de 2017","Cascades","Centre Médical","Nombre","2021","5"
"Infrastructures sanitaires par région à partir de 2017","Cascades","Centre Médical","Nombre","2022","5"
"Infrastructures sanitaires par région à partir de 2017","Cascades","Centre Médical","Nombre","2023","5"
"Infrastructures sanitaires par région à partir de 2017","Cascades","Centre de Santé et de Promotion Sociale","Nombre","2017","89"
"Infrastructures sanitaires par région à partir de 2017","Cascades","Centre de Santé et de Promotion Sociale","Nombre","2018","92"
"Infrastructures sanitaires par région à partir de 2017","Cascades","Centre de Santé et de Promotion Sociale","Nombre","2019","90"
"Infrastructures sanitaires par région à partir de 2017","Cascades","Centre de Santé et de Promotion Sociale","Nombre","2020","91"
"Infrastructures sanitaires par région à partir de 2017","Cascades","Centre de Santé et de Promotion Sociale","Nombre","2021","93"
"Infrastructures sanitaires par région à partir de 2017","Cascades","Centre de Santé et de Promotion Sociale","Nombre","2022","97"
"Infrastructures sanitaires par région à partir de 2017","Cascades","Centre de Santé et de Promotion Sociale","Nombre","2023","98"
"Infrastructures sanitaires par région à partir de 2017","Cascades","Dispensaire","Nombre","2017","6"
"Infrastructures sanitaires par région à partir de 2017","Cascades","Dispensaire","Nombre","2018","7"
"Infrastructures sanitaires par région à partir de 2017","Cascades","Dispensaire","Nombre","2019","6"
"Infrastructures sanitaires par région à partir de 2017","Cascades","Dispensaire","Nombre","2020","6"
"Infrastructures sanitaires par région à partir de 2017","Cascades","Dispensaire","Nombre","2021","3"
"Infrastructures sanitaires par région à partir de 2017","Cascades","Dispensaire","Nombre","2022","2"
"Infrastructures sanitaires par région à partir de 2017","Cascades","Dispensaire","Nombre","2023","2"
"Infrastructures sanitaires par région à partir de 2017","Cascades","Maternités isolées","Nombre","2017","0"
"Infrastructures sanitaires par région à partir de 2017","Cascades","Maternités isolées","Nombre","2018","0"
"Infrastructures sanitaires par région à partir de 2017","Cascades","Maternités isolées","Nombre","2019","0"
"Infrastructures sanitaires par région à partir de 2017","Cascades","Maternités isolées","Nombre","2020","0"
"Infrastructures sanitaires par région à partir de 2017","Cascades","Maternités isolées","Nombre","2021","0"
"Infrastructures sanitaires par région à partir de 2017","Cascades","Maternités isolées","Nombre","2022","0"
"Infrastructures sanitaires par région à partir de 2017","Cascades","Maternités isolées","Nombre","2023","0"
"Infrastructures sanitaires par région à partir de 2017","Cascades","Formation Sanitaire Privée","Nombre","2017","10"
"Infrastructures sanitaires par région à partir de 2017","Cascades","Formation Sanitaire Privée","Nombre","2020","20"
"Infrastructures sanitaires par région à partir de 2017","Cascades","Formation Sanitaire Privée","Nombre","2021","20"
"Infrastructures sanitaires par région à partir de 2017","Cascades","Formation Sanitaire Privée","Nombre","2022","22"
"Infrastructures sanitaires par région à partir de 2017","Cascades","0fficines et Dépôts  privés","Nombre","2017","41"
"Infrastructures sanitaires par région à partir de 2017","Cascades","0fficines et Dépôts  privés","Nombre","2018","12"
"Infrastructures sanitaires par région à partir de 2017","Cascades","0fficines et Dépôts  privés","Nombre","2020","71"
"Infrastructures sanitaires par région à partir de 2017","Cascades","0fficines et Dépôts  privés","Nombre","2021","28"
"Infrastructures sanitaires par région à partir de 2017","Cascades","0fficines et Dépôts  privés","Nombre","2022","55"
"Infrastructures sanitaires par région à partir de 2017","Cascades","Infirmerie de garnison","Nombre","2017","1"
"Infrastructures sanitaires par région à partir de 2017","Cascades","Infirmerie de garnison","Nombre","2020","1"
"Infrastructures sanitaires par région à partir de 2017","Cascades","Infirmerie de garnison","Nombre","2021","1"
"Infrastructures sanitaires par région à partir de 2017","Cascades","Infirmerie/SST","Nombre","2017","4"
"Infrastructures sanitaires par région à partir de 2017","Cascades","Infirmerie/SST","Nombre","2020","6"
"Infrastructures sanitaires par région à partir de 2017","Cascades","Infirmerie/SST","Nombre","2021","7"
"Infrastructures sanitaires par région à partir de 2017","Cascades","Infirmerie/SST","Nombre","2022","8"
"Infrastructures sanitaires par région à partir de 2017","Cascades","Infirmerie/SST","Nombre","2023","9"
"Infrastructures sanitaires par région à partir de 2017","Cascades","Autres (CREN,…)","Nombre","2017","0"
"Infrastructures sanitaires par région à partir de 2017","Centre","Centre Hospitalier Universitaire","Nombre","2017","4"
"Infrastructures sanitaires par région à partir de 2017","Centre","Centre Hospitalier Universitaire","Nombre","2018","4"
"Infrastructures sanitaires par région à partir de 2017","Centre","Centre Hospitalier Universitaire","Nombre","2019","4"
"Infrastructures sanitaires par région à partir de 2017","Centre","Centre Hospitalier Universitaire","Nombre","2020","4"
"Infrastructures sanitaires par région à partir de 2017","Centre","Centre Hospitalier Universitaire","Nombre","2021","4"
"Infrastructures sanitaires par région à partir de 2017","Centre","Centre Hospitalier Universitaire","Nombre","2022","4"
"Infrastructures sanitaires par région à partir de 2017","Centre","Centre Hospitalier Universitaire","Nombre","2023","4"
"Infrastructures sanitaires par région à partir de 2017","Centre","Centre Hospitalier Régional","Nombre","2017","0"
"Infrastructures sanitaires par région à partir de 2017","Centre","Centre Hospitalier Régional","Nombre","2018","0"
"Infrastructures sanitaires par région à partir de 2017","Centre","Centre Hospitalier Régional","Nombre","2019","0"
"Infrastructures sanitaires par région à partir de 2017","Centre","Centre Hospitalier Régional","Nombre","2020","0"
"Infrastructures sanitaires par région à partir de 2017","Centre","Centre Hospitalier Régional","Nombre","2021","0"
"Infrastructures sanitaires par région à partir de 2017","Centre","Centre Hospitalier Régional","Nombre","2022","0"
"Infrastructures sanitaires par région à partir de 2017","Centre","Centre Hospitalier Régional","Nombre","2023","0"
"Infrastructures sanitaires par région à partir de 2017","Centre","Centre Médical avec Antenne chirurgicale","Nombre","2017","2"
"Infrastructures sanitaires par région à partir de 2017","Centre","Centre Médical avec Antenne chirurgicale","Nombre","2018","5"
"Infrastructures sanitaires par région à partir de 2017","Centre","Centre Médical avec Antenne chirurgicale","Nombre","2019","2"
"Infrastructures sanitaires par région à partir de 2017","Centre","Centre Médical avec Antenne chirurgicale","Nombre","2020","2"
"Infrastructures sanitaires par région à partir de 2017","Centre","Centre Médical avec Antenne chirurgicale","Nombre","2021","2"
"Infrastructures sanitaires par région à partir de 2017","Centre","Centre Médical avec Antenne chirurgicale","Nombre","2022","2"
"Infrastructures sanitaires par région à partir de 2017","Centre","Centre Médical avec Antenne chirurgicale","Nombre","2023","2"
"Infrastructures sanitaires par région à partir de 2017","Centre","Centre Médical","Nombre","2017","15"
"Infrastructures sanitaires par région à partir de 2017","Centre","Centre Médical","Nombre","2018","41"
"Infrastructures sanitaires par région à partir de 2017","Centre","Centre Médical","Nombre","2019","17"
"Infrastructures sanitaires par région à partir de 2017","Centre","Centre Médical","Nombre","2020","16"
"Infrastructures sanitaires par région à partir de 2017","Centre","Centre Médical","Nombre","2021","16"
"Infrastructures sanitaires par région à partir de 2017","Centre","Centre Médical","Nombre","2022","19"
"Infrastructures sanitaires par région à partir de 2017","Centre","Centre Médical","Nombre","2023","22"
"Infrastructures sanitaires par région à partir de 2017","Centre","Centre de Santé et de Promotion Sociale","Nombre","2017","96"
"Infrastructures sanitaires par région à partir de 2017","Centre","Centre de Santé et de Promotion Sociale","Nombre","2018","126"
"Infrastructures sanitaires par région à partir de 2017","Centre","Centre de Santé et de Promotion Sociale","Nombre","2019","101"
"Infrastructures sanitaires par région à partir de 2017","Centre","Centre de Santé et de Promotion Sociale","Nombre","2020","106"
"Infrastructures sanitaires par région à partir de 2017","Centre","Centre de Santé et de Promotion Sociale","Nombre","2021","109"
"Infrastructures sanitaires par région à partir de 2017","Centre","Centre de Santé et de Promotion Sociale","Nombre","2022","114"
"Infrastructures sanitaires par région à partir de 2017","Centre","Centre de Santé et de Promotion Sociale","Nombre","2023","113"
"Infrastructures sanitaires par région à partir de 2017","Centre","Dispensaire","Nombre","2017","7"
"Infrastructures sanitaires par région à partir de 2017","Centre","Dispensaire","Nombre","2018","20"
"Infrastructures sanitaires par région à partir de 2017","Centre","Dispensaire","Nombre","2019","8"
"Infrastructures sanitaires par région à partir de 2017","Centre","Dispensaire","Nombre","2020","7"
"Infrastructures sanitaires par région à partir de 2017","Centre","Dispensaire","Nombre","2021","7"
"Infrastructures sanitaires par région à partir de 2017","Centre","Dispensaire","Nombre","2022","2"
"Infrastructures sanitaires par région à partir de 2017","Centre","Dispensaire","Nombre","2023","2"
"Infrastructures sanitaires par région à partir de 2017","Centre","Maternités isolées","Nombre","2017","0"
"Infrastructures sanitaires par région à partir de 2017","Centre","Maternités isolées","Nombre","2018","0"
"Infrastructures sanitaires par région à partir de 2017","Centre","Maternités isolées","Nombre","2019","0"
"Infrastructures sanitaires par région à partir de 2017","Centre","Maternités isolées","Nombre","2020","0"
"Infrastructures sanitaires par région à partir de 2017","Centre","Maternités isolées","Nombre","2021","0"
"Infrastructures sanitaires par région à partir de 2017","Centre","Maternités isolées","Nombre","2022","0"
"Infrastructures sanitaires par région à partir de 2017","Centre","Maternités isolées","Nombre","2023","0"
"Infrastructures sanitaires par région à partir de 2017","Centre","Formation Sanitaire Privée","Nombre","2017","300"
"Infrastructures sanitaires par région à partir de 2017","Centre","Formation Sanitaire Privée","Nombre","2020","336"
"Infrastructures sanitaires par région à partir de 2017","Centre","Formation Sanitaire Privée","Nombre","2021","401"
"Infrastructures sanitaires par région à partir de 2017","Centre","Formation Sanitaire Privée","Nombre","2022","487"
"Infrastructures sanitaires par région à partir de 2017","Centre","0fficines et Dépôts  privés","Nombre","2017","177"
"Infrastructures sanitaires par région à partir de 2017","Centre","0fficines et Dépôts  privés","Nombre","2018","33"
"Infrastructures sanitaires par région à partir de 2017","Centre","0fficines et Dépôts  privés","Nombre","2020","137"
"Infrastructures sanitaires par région à partir de 2017","Centre","0fficines et Dépôts  privés","Nombre","2021","145"
"Infrastructures sanitaires par région à partir de 2017","Centre","0fficines et Dépôts  privés","Nombre","2022","242"
"Infrastructures sanitaires par région à partir de 2017","Centre","Infirmerie de garnison","Nombre","2017","8"
"Infrastructures sanitaires par région à partir de 2017","Centre","Infirmerie de garnison","Nombre","2020","0"
"Infrastructures sanitaires par région à partir de 2017","Centre","Infirmerie de garnison","Nombre","2021","7"
"Infrastructures sanitaires par région à partir de 2017","Centre","Infirmerie/SST","Nombre","2017","29"
"Infrastructures sanitaires par région à partir de 2017","Centre","Infirmerie/SST","Nombre","2020","65"
"Infrastructures sanitaires par région à partir de 2017","Centre","Infirmerie/SST","Nombre","2021","67"
"Infrastructures sanitaires par région à partir de 2017","Centre","Infirmerie/SST","Nombre","2022","80"
"Infrastructures sanitaires par région à partir de 2017","Centre","Infirmerie/SST","Nombre","2023","55"
"Infrastructures sanitaires par région à partir de 2017","Centre","Autres (CREN,…)","Nombre","2017","0"
"Infrastructures sanitaires par région à partir de 2017","Centre-Est","Centre Hospitalier Universitaire","Nombre","2017","0"
"Infrastructures sanitaires par région à partir de 2017","Centre-Est","Centre Hospitalier Universitaire","Nombre","2018","0"
"Infrastructures sanitaires par région à partir de 2017","Centre-Est","Centre Hospitalier Universitaire","Nombre","2019","0"
"Infrastructures sanitaires par région à partir de 2017","Centre-Est","Centre Hospitalier Universitaire","Nombre","2020","0"
"Infrastructures sanitaires par région à partir de 2017","Centre-Est","Centre Hospitalier Universitaire","Nombre","2021","0"
"Infrastructures sanitaires par région à partir de 2017","Centre-Est","Centre Hospitalier Universitaire","Nombre","2022","0"
"Infrastructures sanitaires par région à partir de 2017","Centre-Est","Centre Hospitalier Universitaire","Nombre","2023","0"
"Infrastructures sanitaires par région à partir de 2017","Centre-Est","Centre Hospitalier Régional","Nombre","2017","1"
"Infrastructures sanitaires par région à partir de 2017","Centre-Est","Centre Hospitalier Régional","Nombre","2018","1"
"Infrastructures sanitaires par région à partir de 2017","Centre-Est","Centre Hospitalier Régional","Nombre","2019","1"
"Infrastructures sanitaires par région à partir de 2017","Centre-Est","Centre Hospitalier Régional","Nombre","2020","1"
"Infrastructures sanitaires par région à partir de 2017","Centre-Est","Centre Hospitalier Régional","Nombre","2021","1"
"Infrastructures sanitaires par région à partir de 2017","Centre-Est","Centre Hospitalier Régional","Nombre","2022","1"
"Infrastructures sanitaires par région à partir de 2017","Centre-Est","Centre Hospitalier Régional","Nombre","2023","1"
"Infrastructures sanitaires par région à partir de 2017","Centre-Est","Centre Médical avec Antenne chirurgicale","Nombre","2017","6"
"Infrastructures sanitaires par région à partir de 2017","Centre-Est","Centre Médical avec Antenne chirurgicale","Nombre","2018","6"
"Infrastructures sanitaires par région à partir de 2017","Centre-Est","Centre Médical avec Antenne chirurgicale","Nombre","2019","6"
"Infrastructures sanitaires par région à partir de 2017","Centre-Est","Centre Médical avec Antenne chirurgicale","Nombre","2020","6"
"Infrastructures sanitaires par région à partir de 2017","Centre-Est","Centre Médical avec Antenne chirurgicale","Nombre","2021","6"
"Infrastructures sanitaires par région à partir de 2017","Centre-Est","Centre Médical avec Antenne chirurgicale","Nombre","2022","6"
"Infrastructures sanitaires par région à partir de 2017","Centre-Est","Centre Médical avec Antenne chirurgicale","Nombre","2023","6"
"Infrastructures sanitaires par région à partir de 2017","Centre-Est","Centre Médical","Nombre","2017","2"
"Infrastructures sanitaires par région à partir de 2017","Centre-Est","Centre Médical","Nombre","2018","6"
"Infrastructures sanitaires par région à partir de 2017","Centre-Est","Centre Médical","Nombre","2019","2"
"Infrastructures sanitaires par région à partir de 2017","Centre-Est","Centre Médical","Nombre","2020","2"
"Infrastructures sanitaires par région à partir de 2017","Centre-Est","Centre Médical","Nombre","2021","2"
"Infrastructures sanitaires par région à partir de 2017","Centre-Est","Centre Médical","Nombre","2022","2"
"Infrastructures sanitaires par région à partir de 2017","Centre-Est","Centre Médical","Nombre","2023","4"
"Infrastructures sanitaires par région à partir de 2017","Centre-Est","Centre de Santé et de Promotion Sociale","Nombre","2017","138"
"Infrastructures sanitaires par région à partir de 2017","Centre-Est","Centre de Santé et de Promotion Sociale","Nombre","2018","142"
"Infrastructures sanitaires par région à partir de 2017","Centre-Est","Centre de Santé et de Promotion Sociale","Nombre","2019","143"
"Infrastructures sanitaires par région à partir de 2017","Centre-Est","Centre de Santé et de Promotion Sociale","Nombre","2020","169"
"Infrastructures sanitaires par région à partir de 2017","Centre-Est","Centre de Santé et de Promotion Sociale","Nombre","2021","170"
"Infrastructures sanitaires par région à partir de 2017","Centre-Est","Centre de Santé et de Promotion Sociale","Nombre","2022","184"
"Infrastructures sanitaires par région à partir de 2017","Centre-Est","Centre de Santé et de Promotion Sociale","Nombre","2023","188"
"Infrastructures sanitaires par région à partir de 2017","Centre-Est","Dispensaire","Nombre","2017","11"
"Infrastructures sanitaires par région à partir de 2017","Centre-Est","Dispensaire","Nombre","2018","13"
"Infrastructures sanitaires par région à partir de 2017","Centre-Est","Dispensaire","Nombre","2019","11"
"Infrastructures sanitaires par région à partir de 2017","Centre-Est","Dispensaire","Nombre","2020","1"
"Infrastructures sanitaires par région à partir de 2017","Centre-Est","Dispensaire","Nombre","2021","2"
"Infrastructures sanitaires par région à partir de 2017","Centre-Est","Dispensaire","Nombre","2022","2"
"Infrastructures sanitaires par région à partir de 2017","Centre-Est","Dispensaire","Nombre","2023","1"
"Infrastructures sanitaires par région à partir de 2017","Centre-Est","Maternités isolées","Nombre","2017","3"
"Infrastructures sanitaires par région à partir de 2017","Centre-Est","Maternités isolées","Nombre","2018","4"
"Infrastructures sanitaires par région à partir de 2017","Centre-Est","Maternités isolées","Nombre","2019","5"
"Infrastructures sanitaires par région à partir de 2017","Centre-Est","Maternités isolées","Nombre","2020","4"
"Infrastructures sanitaires par région à partir de 2017","Centre-Est","Maternités isolées","Nombre","2021","4"
"Infrastructures sanitaires par région à partir de 2017","Centre-Est","Maternités isolées","Nombre","2022","2"
"Infrastructures sanitaires par région à partir de 2017","Centre-Est","Maternités isolées","Nombre","2023","2"
"Infrastructures sanitaires par région à partir de 2017","Centre-Est","Formation Sanitaire Privée","Nombre","2017","23"
"Infrastructures sanitaires par région à partir de 2017","Centre-Est","Formation Sanitaire Privée","Nombre","2020","40"
"Infrastructures sanitaires par région à partir de 2017","Centre-Est","Formation Sanitaire Privée","Nombre","2021","41"
"Infrastructures sanitaires par région à partir de 2017","Centre-Est","Formation Sanitaire Privée","Nombre","2022","43"
"Infrastructures sanitaires par région à partir de 2017","Centre-Est","0fficines et Dépôts  privés","Nombre","2017","54"
"Infrastructures sanitaires par région à partir de 2017","Centre-Est","0fficines et Dépôts  privés","Nombre","2018","49"
"Infrastructures sanitaires par région à partir de 2017","Centre-Est","0fficines et Dépôts  privés","Nombre","2020","71"
"Infrastructures sanitaires par région à partir de 2017","Centre-Est","0fficines et Dépôts  privés","Nombre","2021","78"
"Infrastructures sanitaires par région à partir de 2017","Centre-Est","0fficines et Dépôts  privés","Nombre","2022","93"
"Infrastructures sanitaires par région à partir de 2017","Centre-Est","Infirmerie de garnison","Nombre","2017","1"
"Infrastructures sanitaires par région à partir de 2017","Centre-Est","Infirmerie de garnison","Nombre","2020","1"
"Infrastructures sanitaires par région à partir de 2017","Centre-Est","Infirmerie de garnison","Nombre","2021","1"
"Infrastructures sanitaires par région à partir de 2017","Centre-Est","Infirmerie/SST","Nombre","2017","5"
"Infrastructures sanitaires par région à partir de 2017","Centre-Est","Infirmerie/SST","Nombre","2020","10"
"Infrastructures sanitaires par région à partir de 2017","Centre-Est","Infirmerie/SST","Nombre","2021","10"
"Infrastructures sanitaires par région à partir de 2017","Centre-Est","Infirmerie/SST","Nombre","2022","11"
"Infrastructures sanitaires par région à partir de 2017","Centre-Est","Infirmerie/SST","Nombre","2023","12"
"Infrastructures sanitaires par région à partir de 2017","Centre-Est","Autres (CREN,…)","Nombre","2017","0"
"Infrastructures sanitaires par région à partir de 2017","Centre-Nord","Centre Hospitalier Universitaire","Nombre","2017","0"
"Infrastructures sanitaires par région à partir de 2017","Centre-Nord","Centre Hospitalier Universitaire","Nombre","2018","0"
"Infrastructures sanitaires par région à partir de 2017","Centre-Nord","Centre Hospitalier Universitaire","Nombre","2019","0"
"Infrastructures sanitaires par région à partir de 2017","Centre-Nord","Centre Hospitalier Universitaire","Nombre","2020","0"
"Infrastructures sanitaires par région à partir de 2017","Centre-Nord","Centre Hospitalier Universitaire","Nombre","2021","0"
"Infrastructures sanitaires par région à partir de 2017","Centre-Nord","Centre Hospitalier Universitaire","Nombre","2022","0"
"Infrastructures sanitaires par région à partir de 2017","Centre-Nord","Centre Hospitalier Universitaire","Nombre","2023","0"
"Infrastructures sanitaires par région à partir de 2017","Centre-Nord","Centre Hospitalier Régional","Nombre","2017","1"
"Infrastructures sanitaires par région à partir de 2017","Centre-Nord","Centre Hospitalier Régional","Nombre","2018","1"
"Infrastructures sanitaires par région à partir de 2017","Centre-Nord","Centre Hospitalier Régional","Nombre","2019","1"
"Infrastructures sanitaires par région à partir de 2017","Centre-Nord","Centre Hospitalier Régional","Nombre","2020","1"
"Infrastructures sanitaires par région à partir de 2017","Centre-Nord","Centre Hospitalier Régional","Nombre","2021","1"
"Infrastructures sanitaires par région à partir de 2017","Centre-Nord","Centre Hospitalier Régional","Nombre","2022","1"
"Infrastructures sanitaires par région à partir de 2017","Centre-Nord","Centre Hospitalier Régional","Nombre","2023","1"
"Infrastructures sanitaires par région à partir de 2017","Centre-Nord","Centre Médical avec Antenne chirurgicale","Nombre","2017","3"
"Infrastructures sanitaires par région à partir de 2017","Centre-Nord","Centre Médical avec Antenne chirurgicale","Nombre","2018","3"
"Infrastructures sanitaires par région à partir de 2017","Centre-Nord","Centre Médical avec Antenne chirurgicale","Nombre","2019","3"
"Infrastructures sanitaires par région à partir de 2017","Centre-Nord","Centre Médical avec Antenne chirurgicale","Nombre","2020","3"
"Infrastructures sanitaires par région à partir de 2017","Centre-Nord","Centre Médical avec Antenne chirurgicale","Nombre","2021","3"
"Infrastructures sanitaires par région à partir de 2017","Centre-Nord","Centre Médical avec Antenne chirurgicale","Nombre","2022","3"
"Infrastructures sanitaires par région à partir de 2017","Centre-Nord","Centre Médical avec Antenne chirurgicale","Nombre","2023","3"
"Infrastructures sanitaires par région à partir de 2017","Centre-Nord","Centre Médical","Nombre","2017","4"
"Infrastructures sanitaires par région à partir de 2017","Centre-Nord","Centre Médical","Nombre","2018","9"
"Infrastructures sanitaires par région à partir de 2017","Centre-Nord","Centre Médical","Nombre","2019","6"
"Infrastructures sanitaires par région à partir de 2017","Centre-Nord","Centre Médical","Nombre","2020","6"
"Infrastructures sanitaires par région à partir de 2017","Centre-Nord","Centre Médical","Nombre","2021","8"
"Infrastructures sanitaires par région à partir de 2017","Centre-Nord","Centre Médical","Nombre","2022","8"
"Infrastructures sanitaires par région à partir de 2017","Centre-Nord","Centre Médical","Nombre","2023","9"
"Infrastructures sanitaires par région à partir de 2017","Centre-Nord","Centre de Santé et de Promotion Sociale","Nombre","2017","141"
"Infrastructures sanitaires par région à partir de 2017","Centre-Nord","Centre de Santé et de Promotion Sociale","Nombre","2018","148"
"Infrastructures sanitaires par région à partir de 2017","Centre-Nord","Centre de Santé et de Promotion Sociale","Nombre","2019","144"
"Infrastructures sanitaires par région à partir de 2017","Centre-Nord","Centre de Santé et de Promotion Sociale","Nombre","2020","148"
"Infrastructures sanitaires par région à partir de 2017","Centre-Nord","Centre de Santé et de Promotion Sociale","Nombre","2021","164"
"Infrastructures sanitaires par région à partir de 2017","Centre-Nord","Centre de Santé et de Promotion Sociale","Nombre","2022","171"
"Infrastructures sanitaires par région à partir de 2017","Centre-Nord","Centre de Santé et de Promotion Sociale","Nombre","2023","177"
"Infrastructures sanitaires par région à partir de 2017","Centre-Nord","Dispensaire","Nombre","2017","14"
"Infrastructures sanitaires par région à partir de 2017","Centre-Nord","Dispensaire","Nombre","2018","22"
"Infrastructures sanitaires par région à partir de 2017","Centre-Nord","Dispensaire","Nombre","2019","17"
"Infrastructures sanitaires par région à partir de 2017","Centre-Nord","Dispensaire","Nombre","2020","17"
"Infrastructures sanitaires par région à partir de 2017","Centre-Nord","Dispensaire","Nombre","2021","11"
"Infrastructures sanitaires par région à partir de 2017","Centre-Nord","Dispensaire","Nombre","2022","9"
"Infrastructures sanitaires par région à partir de 2017","Centre-Nord","Dispensaire","Nombre","2023","6"
"Infrastructures sanitaires par région à partir de 2017","Centre-Nord","Maternités isolées","Nombre","2017","0"
"Infrastructures sanitaires par région à partir de 2017","Centre-Nord","Maternités isolées","Nombre","2018","0"
"Infrastructures sanitaires par région à partir de 2017","Centre-Nord","Maternités isolées","Nombre","2019","0"
"Infrastructures sanitaires par région à partir de 2017","Centre-Nord","Maternités isolées","Nombre","2020","0"
"Infrastructures sanitaires par région à partir de 2017","Centre-Nord","Maternités isolées","Nombre","2021","0"
"Infrastructures sanitaires par région à partir de 2017","Centre-Nord","Maternités isolées","Nombre","2022","0"
"Infrastructures sanitaires par région à partir de 2017","Centre-Nord","Maternités isolées","Nombre","2023","0"
"Infrastructures sanitaires par région à partir de 2017","Centre-Nord","Formation Sanitaire Privée","Nombre","2017","13"
"Infrastructures sanitaires par région à partir de 2017","Centre-Nord","Formation Sanitaire Privée","Nombre","2020","20"
"Infrastructures sanitaires par région à partir de 2017","Centre-Nord","Formation Sanitaire Privée","Nombre","2021","20"
"Infrastructures sanitaires par région à partir de 2017","Centre-Nord","Formation Sanitaire Privée","Nombre","2022","24"
"Infrastructures sanitaires par région à partir de 2017","Centre-Nord","0fficines et Dépôts  privés","Nombre","2017","35"
"Infrastructures sanitaires par région à partir de 2017","Centre-Nord","0fficines et Dépôts  privés","Nombre","2018","44"
"Infrastructures sanitaires par région à partir de 2017","Centre-Nord","0fficines et Dépôts  privés","Nombre","2020","50"
"Infrastructures sanitaires par région à partir de 2017","Centre-Nord","0fficines et Dépôts  privés","Nombre","2021","39"
"Infrastructures sanitaires par région à partir de 2017","Centre-Nord","0fficines et Dépôts  privés","Nombre","2022","61"
"Infrastructures sanitaires par région à partir de 2017","Centre-Nord","Infirmerie de garnison","Nombre","2017","1"
"Infrastructures sanitaires par région à partir de 2017","Centre-Nord","Infirmerie de garnison","Nombre","2020","1"
"Infrastructures sanitaires par région à partir de 2017","Centre-Nord","Infirmerie de garnison","Nombre","2021","1"
"Infrastructures sanitaires par région à partir de 2017","Centre-Nord","Infirmerie/SST","Nombre","2017","0"
"Infrastructures sanitaires par région à partir de 2017","Centre-Nord","Infirmerie/SST","Nombre","2020","1"
"Infrastructures sanitaires par région à partir de 2017","Centre-Nord","Infirmerie/SST","Nombre","2021","1"
"Infrastructures sanitaires par région à partir de 2017","Centre-Nord","Infirmerie/SST","Nombre","2022","6"
"Infrastructures sanitaires par région à partir de 2017","Centre-Nord","Infirmerie/SST","Nombre","2023","6"
"Infrastructures sanitaires par région à partir de 2017","Centre-Nord","Autres (CREN,…)","Nombre","2017","0"
"Infrastructures sanitaires par région à partir de 2017","Centre-Ouest","Centre Hospitalier Universitaire","Nombre","2017","0"
"Infrastructures sanitaires par région à partir de 2017","Centre-Ouest","Centre Hospitalier Universitaire","Nombre","2018","0"
"Infrastructures sanitaires par région à partir de 2017","Centre-Ouest","Centre Hospitalier Universitaire","Nombre","2019","0"
"Infrastructures sanitaires par région à partir de 2017","Centre-Ouest","Centre Hospitalier Universitaire","Nombre","2020","0"
"Infrastructures sanitaires par région à partir de 2017","Centre-Ouest","Centre Hospitalier Universitaire","Nombre","2021","0"
"Infrastructures sanitaires par région à partir de 2017","Centre-Ouest","Centre Hospitalier Universitaire","Nombre","2022","0"
"Infrastructures sanitaires par région à partir de 2017","Centre-Ouest","Centre Hospitalier Universitaire","Nombre","2023","0"
"Infrastructures sanitaires par région à partir de 2017","Centre-Ouest","Centre Hospitalier Régional","Nombre","2017","1"
"Infrastructures sanitaires par région à partir de 2017","Centre-Ouest","Centre Hospitalier Régional","Nombre","2018","1"
"Infrastructures sanitaires par région à partir de 2017","Centre-Ouest","Centre Hospitalier Régional","Nombre","2019","1"
"Infrastructures sanitaires par région à partir de 2017","Centre-Ouest","Centre Hospitalier Régional","Nombre","2020","1"
"Infrastructures sanitaires par région à partir de 2017","Centre-Ouest","Centre Hospitalier Régional","Nombre","2021","1"
"Infrastructures sanitaires par région à partir de 2017","Centre-Ouest","Centre Hospitalier Régional","Nombre","2022","1"
"Infrastructures sanitaires par région à partir de 2017","Centre-Ouest","Centre Hospitalier Régional","Nombre","2023","1"
"Infrastructures sanitaires par région à partir de 2017","Centre-Ouest","Centre Médical avec Antenne chirurgicale","Nombre","2017","2"
"Infrastructures sanitaires par région à partir de 2017","Centre-Ouest","Centre Médical avec Antenne chirurgicale","Nombre","2018","3"
"Infrastructures sanitaires par région à partir de 2017","Centre-Ouest","Centre Médical avec Antenne chirurgicale","Nombre","2019","2"
"Infrastructures sanitaires par région à partir de 2017","Centre-Ouest","Centre Médical avec Antenne chirurgicale","Nombre","2020","3"
"Infrastructures sanitaires par région à partir de 2017","Centre-Ouest","Centre Médical avec Antenne chirurgicale","Nombre","2021","3"
"Infrastructures sanitaires par région à partir de 2017","Centre-Ouest","Centre Médical avec Antenne chirurgicale","Nombre","2022","3"
"Infrastructures sanitaires par région à partir de 2017","Centre-Ouest","Centre Médical avec Antenne chirurgicale","Nombre","2023","3"
"Infrastructures sanitaires par région à partir de 2017","Centre-Ouest","Centre Médical","Nombre","2017","7"
"Infrastructures sanitaires par région à partir de 2017","Centre-Ouest","Centre Médical","Nombre","2018","10"
"Infrastructures sanitaires par région à partir de 2017","Centre-Ouest","Centre Médical","Nombre","2019","11"
"Infrastructures sanitaires par région à partir de 2017","Centre-Ouest","Centre Médical","Nombre","2020","10"
"Infrastructures sanitaires par région à partir de 2017","Centre-Ouest","Centre Médical","Nombre","2021","14"
"Infrastructures sanitaires par région à partir de 2017","Centre-Ouest","Centre Médical","Nombre","2022","14"
"Infrastructures sanitaires par région à partir de 2017","Centre-Ouest","Centre Médical","Nombre","2023","14"
"Infrastructures sanitaires par région à partir de 2017","Centre-Ouest","Centre de Santé et de Promotion Sociale","Nombre","2017","201"
"Infrastructures sanitaires par région à partir de 2017","Centre-Ouest","Centre de Santé et de Promotion Sociale","Nombre","2018","218"
"Infrastructures sanitaires par région à partir de 2017","Centre-Ouest","Centre de Santé et de Promotion Sociale","Nombre","2019","214"
"Infrastructures sanitaires par région à partir de 2017","Centre-Ouest","Centre de Santé et de Promotion Sociale","Nombre","2020","225"
"Infrastructures sanitaires par région à partir de 2017","Centre-Ouest","Centre de Santé et de Promotion Sociale","Nombre","2021","228"
"Infrastructures sanitaires par région à partir de 2017","Centre-Ouest","Centre de Santé et de Promotion Sociale","Nombre","2022","233"
"Infrastructures sanitaires par région à partir de 2017","Centre-Ouest","Centre de Santé et de Promotion Sociale","Nombre","2023","235"
"Infrastructures sanitaires par région à partir de 2017","Centre-Ouest","Dispensaire","Nombre","2017","3"
"Infrastructures sanitaires par région à partir de 2017","Centre-Ouest","Dispensaire","Nombre","2018","5"
"Infrastructures sanitaires par région à partir de 2017","Centre-Ouest","Dispensaire","Nombre","2019","4"
"Infrastructures sanitaires par région à partir de 2017","Centre-Ouest","Dispensaire","Nombre","2020","3"
"Infrastructures sanitaires par région à partir de 2017","Centre-Ouest","Dispensaire","Nombre","2021","2"
"Infrastructures sanitaires par région à partir de 2017","Centre-Ouest","Dispensaire","Nombre","2022","1"
"Infrastructures sanitaires par région à partir de 2017","Centre-Ouest","Dispensaire","Nombre","2023","1"
"Infrastructures sanitaires par région à partir de 2017","Centre-Ouest","Maternités isolées","Nombre","2017","0"
"Infrastructures sanitaires par région à partir de 2017","Centre-Ouest","Maternités isolées","Nombre","2018","0"
"Infrastructures sanitaires par région à partir de 2017","Centre-Ouest","Maternités isolées","Nombre","2019","0"
"Infrastructures sanitaires par région à partir de 2017","Centre-Ouest","Maternités isolées","Nombre","2020","0"
"Infrastructures sanitaires par région à partir de 2017","Centre-Ouest","Maternités isolées","Nombre","2021","0"
"Infrastructures sanitaires par région à partir de 2017","Centre-Ouest","Maternités isolées","Nombre","2022","0"
"Infrastructures sanitaires par région à partir de 2017","Centre-Ouest","Maternités isolées","Nombre","2023","0"
"Infrastructures sanitaires par région à partir de 2017","Centre-Ouest","Formation Sanitaire Privée","Nombre","2017","23"
"Infrastructures sanitaires par région à partir de 2017","Centre-Ouest","Formation Sanitaire Privée","Nombre","2020","28"
"Infrastructures sanitaires par région à partir de 2017","Centre-Ouest","Formation Sanitaire Privée","Nombre","2021","31"
"Infrastructures sanitaires par région à partir de 2017","Centre-Ouest","Formation Sanitaire Privée","Nombre","2022","34"
"Infrastructures sanitaires par région à partir de 2017","Centre-Ouest","0fficines et Dépôts  privés","Nombre","2017","63"
"Infrastructures sanitaires par région à partir de 2017","Centre-Ouest","0fficines et Dépôts  privés","Nombre","2018","45"
"Infrastructures sanitaires par région à partir de 2017","Centre-Ouest","0fficines et Dépôts  privés","Nombre","2020","71"
"Infrastructures sanitaires par région à partir de 2017","Centre-Ouest","0fficines et Dépôts  privés","Nombre","2021","78"
"Infrastructures sanitaires par région à partir de 2017","Centre-Ouest","0fficines et Dépôts  privés","Nombre","2022","76"
"Infrastructures sanitaires par région à partir de 2017","Centre-Ouest","Infirmerie de garnison","Nombre","2017","0"
"Infrastructures sanitaires par région à partir de 2017","Centre-Ouest","Infirmerie de garnison","Nombre","2020","0"
"Infrastructures sanitaires par région à partir de 2017","Centre-Ouest","Infirmerie de garnison","Nombre","2021","0"
"Infrastructures sanitaires par région à partir de 2017","Centre-Ouest","Infirmerie/SST","Nombre","2017","10"
"Infrastructures sanitaires par région à partir de 2017","Centre-Ouest","Infirmerie/SST","Nombre","2020","15"
"Infrastructures sanitaires par région à partir de 2017","Centre-Ouest","Infirmerie/SST","Nombre","2021","14"
"Infrastructures sanitaires par région à partir de 2017","Centre-Ouest","Infirmerie/SST","Nombre","2022","14"
"Infrastructures sanitaires par région à partir de 2017","Centre-Ouest","Infirmerie/SST","Nombre","2023","15"
"Infrastructures sanitaires par région à partir de 2017","Centre-Ouest","Autres (CREN,…)","Nombre","2017","1"
"Infrastructures sanitaires par région à partir de 2017","Centre-Sud","Centre Hospitalier Universitaire","Nombre","2017","0"
"Infrastructures sanitaires par région à partir de 2017","Centre-Sud","Centre Hospitalier Universitaire","Nombre","2018","0"
"Infrastructures sanitaires par région à partir de 2017","Centre-Sud","Centre Hospitalier Universitaire","Nombre","2019","0"
"Infrastructures sanitaires par région à partir de 2017","Centre-Sud","Centre Hospitalier Universitaire","Nombre","2020","0"
"Infrastructures sanitaires par région à partir de 2017","Centre-Sud","Centre Hospitalier Universitaire","Nombre","2021","0"
"Infrastructures sanitaires par région à partir de 2017","Centre-Sud","Centre Hospitalier Universitaire","Nombre","2022","0"
"Infrastructures sanitaires par région à partir de 2017","Centre-Sud","Centre Hospitalier Universitaire","Nombre","2023","0"
"Infrastructures sanitaires par région à partir de 2017","Centre-Sud","Centre Hospitalier Régional","Nombre","2017","0"
"Infrastructures sanitaires par région à partir de 2017","Centre-Sud","Centre Hospitalier Régional","Nombre","2018","0"
"Infrastructures sanitaires par région à partir de 2017","Centre-Sud","Centre Hospitalier Régional","Nombre","2019","0"
"Infrastructures sanitaires par région à partir de 2017","Centre-Sud","Centre Hospitalier Régional","Nombre","2020","0"
"Infrastructures sanitaires par région à partir de 2017","Centre-Sud","Centre Hospitalier Régional","Nombre","2021","0"
"Infrastructures sanitaires par région à partir de 2017","Centre-Sud","Centre Hospitalier Régional","Nombre","2022","0"
"Infrastructures sanitaires par région à partir de 2017","Centre-Sud","Centre Hospitalier Régional","Nombre","2023","0"
"Infrastructures sanitaires par région à partir de 2017","Centre-Sud","Centre Médical avec Antenne chirurgicale","Nombre","2017","4"
"Infrastructures sanitaires par région à partir de 2017","Centre-Sud","Centre Médical avec Antenne chirurgicale","Nombre","2018","4"
"Infrastructures sanitaires par région à partir de 2017","Centre-Sud","Centre Médical avec Antenne chirurgicale","Nombre","2019","4"
"Infrastructures sanitaires par région à partir de 2017","Centre-Sud","Centre Médical avec Antenne chirurgicale","Nombre","2020","4"
"Infrastructures sanitaires par région à partir de 2017","Centre-Sud","Centre Médical avec Antenne chirurgicale","Nombre","2021","4"
"Infrastructures sanitaires par région à partir de 2017","Centre-Sud","Centre Médical avec Antenne chirurgicale","Nombre","2022","4"
"Infrastructures sanitaires par région à partir de 2017","Centre-Sud","Centre Médical avec Antenne chirurgicale","Nombre","2023","4"
"Infrastructures sanitaires par région à partir de 2017","Centre-Sud","Centre Médical","Nombre","2017","0"
"Infrastructures sanitaires par région à partir de 2017","Centre-Sud","Centre Médical","Nombre","2018","0"
"Infrastructures sanitaires par région à partir de 2017","Centre-Sud","Centre Médical","Nombre","2019","0"
"Infrastructures sanitaires par région à partir de 2017","Centre-Sud","Centre Médical","Nombre","2020","2"
"Infrastructures sanitaires par région à partir de 2017","Centre-Sud","Centre Médical","Nombre","2021","4"
"Infrastructures sanitaires par région à partir de 2017","Centre-Sud","Centre Médical","Nombre","2022","5"
"Infrastructures sanitaires par région à partir de 2017","Centre-Sud","Centre Médical","Nombre","2023","5"
"Infrastructures sanitaires par région à partir de 2017","Centre-Sud","Centre de Santé et de Promotion Sociale","Nombre","2017","108"
"Infrastructures sanitaires par région à partir de 2017","Centre-Sud","Centre de Santé et de Promotion Sociale","Nombre","2018","113"
"Infrastructures sanitaires par région à partir de 2017","Centre-Sud","Centre de Santé et de Promotion Sociale","Nombre","2019","115"
"Infrastructures sanitaires par région à partir de 2017","Centre-Sud","Centre de Santé et de Promotion Sociale","Nombre","2020","117"
"Infrastructures sanitaires par région à partir de 2017","Centre-Sud","Centre de Santé et de Promotion Sociale","Nombre","2021","122"
"Infrastructures sanitaires par région à partir de 2017","Centre-Sud","Centre de Santé et de Promotion Sociale","Nombre","2022","122"
"Infrastructures sanitaires par région à partir de 2017","Centre-Sud","Centre de Santé et de Promotion Sociale","Nombre","2023","129"
"Infrastructures sanitaires par région à partir de 2017","Centre-Sud","Dispensaire","Nombre","2017","20"
"Infrastructures sanitaires par région à partir de 2017","Centre-Sud","Dispensaire","Nombre","2018","17"
"Infrastructures sanitaires par région à partir de 2017","Centre-Sud","Dispensaire","Nombre","2019","14"
"Infrastructures sanitaires par région à partir de 2017","Centre-Sud","Dispensaire","Nombre","2020","15"
"Infrastructures sanitaires par région à partir de 2017","Centre-Sud","Dispensaire","Nombre","2021","14"
"Infrastructures sanitaires par région à partir de 2017","Centre-Sud","Dispensaire","Nombre","2022","15"
"Infrastructures sanitaires par région à partir de 2017","Centre-Sud","Dispensaire","Nombre","2023","14"
"Infrastructures sanitaires par région à partir de 2017","Centre-Sud","Maternités isolées","Nombre","2017","0"
"Infrastructures sanitaires par région à partir de 2017","Centre-Sud","Maternités isolées","Nombre","2018","0"
"Infrastructures sanitaires par région à partir de 2017","Centre-Sud","Maternités isolées","Nombre","2019","0"
"Infrastructures sanitaires par région à partir de 2017","Centre-Sud","Maternités isolées","Nombre","2020","0"
"Infrastructures sanitaires par région à partir de 2017","Centre-Sud","Maternités isolées","Nombre","2021","0"
"Infrastructures sanitaires par région à partir de 2017","Centre-Sud","Maternités isolées","Nombre","2022","0"
"Infrastructures sanitaires par région à partir de 2017","Centre-Sud","Maternités isolées","Nombre","2023","0"
"Infrastructures sanitaires par région à partir de 2017","Centre-Sud","Formation Sanitaire Privée","Nombre","2017","3"
"Infrastructures sanitaires par région à partir de 2017","Centre-Sud","Formation Sanitaire Privée","Nombre","2020","8"
"Infrastructures sanitaires par région à partir de 2017","Centre-Sud","Formation Sanitaire Privée","Nombre","2021","10"
"Infrastructures sanitaires par région à partir de 2017","Centre-Sud","Formation Sanitaire Privée","Nombre","2022","12"
"Infrastructures sanitaires par région à partir de 2017","Centre-Sud","0fficines et Dépôts  privés","Nombre","2017","41"
"Infrastructures sanitaires par région à partir de 2017","Centre-Sud","0fficines et Dépôts  privés","Nombre","2018","48"
"Infrastructures sanitaires par région à partir de 2017","Centre-Sud","0fficines et Dépôts  privés","Nombre","2020","68"
"Infrastructures sanitaires par région à partir de 2017","Centre-Sud","0fficines et Dépôts  privés","Nombre","2021","69"
"Infrastructures sanitaires par région à partir de 2017","Centre-Sud","0fficines et Dépôts  privés","Nombre","2022","73"
"Infrastructures sanitaires par région à partir de 2017","Centre-Sud","Infirmerie de garnison","Nombre","2017","0"
"Infrastructures sanitaires par région à partir de 2017","Centre-Sud","Infirmerie de garnison","Nombre","2020","1"
"Infrastructures sanitaires par région à partir de 2017","Centre-Sud","Infirmerie de garnison","Nombre","2021","1"
"Infrastructures sanitaires par région à partir de 2017","Centre-Sud","Infirmerie/SST","Nombre","2017","1"
"Infrastructures sanitaires par région à partir de 2017","Centre-Sud","Infirmerie/SST","Nombre","2020","1"
"Infrastructures sanitaires par région à partir de 2017","Centre-Sud","Infirmerie/SST","Nombre","2021","1"
"Infrastructures sanitaires par région à partir de 2017","Centre-Sud","Infirmerie/SST","Nombre","2022","2"
"Infrastructures sanitaires par région à partir de 2017","Centre-Sud","Infirmerie/SST","Nombre","2023","2"
"Infrastructures sanitaires par région à partir de 2017","Centre-Sud","Autres (CREN,…)","Nombre","2017","0"
"Infrastructures sanitaires par région à partir de 2017","Est","Centre Hospitalier Universitaire","Nombre","2017","0"
"Infrastructures sanitaires par région à partir de 2017","Est","Centre Hospitalier Universitaire","Nombre","2018","0"
"Infrastructures sanitaires par région à partir de 2017","Est","Centre Hospitalier Universitaire","Nombre","2019","0"
"Infrastructures sanitaires par région à partir de 2017","Est","Centre Hospitalier Universitaire","Nombre","2020","0"
"Infrastructures sanitaires par région à partir de 2017","Est","Centre Hospitalier Universitaire","Nombre","2021","0"
"Infrastructures sanitaires par région à partir de 2017","Est","Centre Hospitalier Universitaire","Nombre","2022","0"
"Infrastructures sanitaires par région à partir de 2017","Est","Centre Hospitalier Universitaire","Nombre","2023","0"
"Infrastructures sanitaires par région à partir de 2017","Est","Centre Hospitalier Régional","Nombre","2017","1"
"Infrastructures sanitaires par région à partir de 2017","Est","Centre Hospitalier Régional","Nombre","2018","1"
"Infrastructures sanitaires par région à partir de 2017","Est","Centre Hospitalier Régional","Nombre","2019","1"
"Infrastructures sanitaires par région à partir de 2017","Est","Centre Hospitalier Régional","Nombre","2020","1"
"Infrastructures sanitaires par région à partir de 2017","Est","Centre Hospitalier Régional","Nombre","2021","1"
"Infrastructures sanitaires par région à partir de 2017","Est","Centre Hospitalier Régional","Nombre","2022","1"
"Infrastructures sanitaires par région à partir de 2017","Est","Centre Hospitalier Régional","Nombre","2023","1"
"Infrastructures sanitaires par région à partir de 2017","Est","Centre Médical avec Antenne chirurgicale","Nombre","2017","4"
"Infrastructures sanitaires par région à partir de 2017","Est","Centre Médical avec Antenne chirurgicale","Nombre","2018","4"
"Infrastructures sanitaires par région à partir de 2017","Est","Centre Médical avec Antenne chirurgicale","Nombre","2019","4"
"Infrastructures sanitaires par région à partir de 2017","Est","Centre Médical avec Antenne chirurgicale","Nombre","2020","4"
"Infrastructures sanitaires par région à partir de 2017","Est","Centre Médical avec Antenne chirurgicale","Nombre","2021","4"
"Infrastructures sanitaires par région à partir de 2017","Est","Centre Médical avec Antenne chirurgicale","Nombre","2022","4"
"Infrastructures sanitaires par région à partir de 2017","Est","Centre Médical avec Antenne chirurgicale","Nombre","2023","4"
"Infrastructures sanitaires par région à partir de 2017","Est","Centre Médical","Nombre","2017","4"
"Infrastructures sanitaires par région à partir de 2017","Est","Centre Médical","Nombre","2018","10"
"Infrastructures sanitaires par région à partir de 2017","Est","Centre Médical","Nombre","2019","6"
"Infrastructures sanitaires par région à partir de 2017","Est","Centre Médical","Nombre","2020","6"
"Infrastructures sanitaires par région à partir de 2017","Est","Centre Médical","Nombre","2021","6"
"Infrastructures sanitaires par région à partir de 2017","Est","Centre Médical","Nombre","2022","10"
"Infrastructures sanitaires par région à partir de 2017","Est","Centre Médical","Nombre","2023","11"
"Infrastructures sanitaires par région à partir de 2017","Est","Centre de Santé et de Promotion Sociale","Nombre","2017","140"
"Infrastructures sanitaires par région à partir de 2017","Est","Centre de Santé et de Promotion Sociale","Nombre","2018","155"
"Infrastructures sanitaires par région à partir de 2017","Est","Centre de Santé et de Promotion Sociale","Nombre","2019","153"
"Infrastructures sanitaires par région à partir de 2017","Est","Centre de Santé et de Promotion Sociale","Nombre","2020","157"
"Infrastructures sanitaires par région à partir de 2017","Est","Centre de Santé et de Promotion Sociale","Nombre","2021","162"
"Infrastructures sanitaires par région à partir de 2017","Est","Centre de Santé et de Promotion Sociale","Nombre","2022","174"
"Infrastructures sanitaires par région à partir de 2017","Est","Centre de Santé et de Promotion Sociale","Nombre","2023","173"
"Infrastructures sanitaires par région à partir de 2017","Est","Dispensaire","Nombre","2017","0"
"Infrastructures sanitaires par région à partir de 2017","Est","Dispensaire","Nombre","2018","4"
"Infrastructures sanitaires par région à partir de 2017","Est","Dispensaire","Nombre","2019","0"
"Infrastructures sanitaires par région à partir de 2017","Est","Dispensaire","Nombre","2020","0"
"Infrastructures sanitaires par région à partir de 2017","Est","Dispensaire","Nombre","2021","0"
"Infrastructures sanitaires par région à partir de 2017","Est","Dispensaire","Nombre","2022","0"
"Infrastructures sanitaires par région à partir de 2017","Est","Dispensaire","Nombre","2023","1"
"Infrastructures sanitaires par région à partir de 2017","Est","Maternités isolées","Nombre","2017","0"
"Infrastructures sanitaires par région à partir de 2017","Est","Maternités isolées","Nombre","2018","0"
"Infrastructures sanitaires par région à partir de 2017","Est","Maternités isolées","Nombre","2019","0"
"Infrastructures sanitaires par région à partir de 2017","Est","Maternités isolées","Nombre","2020","0"
"Infrastructures sanitaires par région à partir de 2017","Est","Maternités isolées","Nombre","2021","0"
"Infrastructures sanitaires par région à partir de 2017","Est","Maternités isolées","Nombre","2022","0"
"Infrastructures sanitaires par région à partir de 2017","Est","Maternités isolées","Nombre","2023","0"
"Infrastructures sanitaires par région à partir de 2017","Est","Formation Sanitaire Privée","Nombre","2017","12"
"Infrastructures sanitaires par région à partir de 2017","Est","Formation Sanitaire Privée","Nombre","2020","15"
"Infrastructures sanitaires par région à partir de 2017","Est","Formation Sanitaire Privée","Nombre","2021","20"
"Infrastructures sanitaires par région à partir de 2017","Est","Formation Sanitaire Privée","Nombre","2022","26"
"Infrastructures sanitaires par région à partir de 2017","Est","0fficines et Dépôts  privés","Nombre","2017","52"
"Infrastructures sanitaires par région à partir de 2017","Est","0fficines et Dépôts  privés","Nombre","2018","53"
"Infrastructures sanitaires par région à partir de 2017","Est","0fficines et Dépôts  privés","Nombre","2020","54"
"Infrastructures sanitaires par région à partir de 2017","Est","0fficines et Dépôts  privés","Nombre","2021","60"
"Infrastructures sanitaires par région à partir de 2017","Est","0fficines et Dépôts  privés","Nombre","2022","86"
"Infrastructures sanitaires par région à partir de 2017","Est","Infirmerie de garnison","Nombre","2017","0"
"Infrastructures sanitaires par région à partir de 2017","Est","Infirmerie de garnison","Nombre","2020","0"
"Infrastructures sanitaires par région à partir de 2017","Est","Infirmerie de garnison","Nombre","2021","0"
"Infrastructures sanitaires par région à partir de 2017","Est","Infirmerie/SST","Nombre","2017","8"
"Infrastructures sanitaires par région à partir de 2017","Est","Infirmerie/SST","Nombre","2020","12"
"Infrastructures sanitaires par région à partir de 2017","Est","Infirmerie/SST","Nombre","2021","14"
"Infrastructures sanitaires par région à partir de 2017","Est","Infirmerie/SST","Nombre","2022","15"
"Infrastructures sanitaires par région à partir de 2017","Est","Infirmerie/SST","Nombre","2023","15"
"Infrastructures sanitaires par région à partir de 2017","Est","Autres (CREN,…)","Nombre","2017","0"
"Infrastructures sanitaires par région à partir de 2017","Hauts-Bassins","Centre Hospitalier Universitaire","Nombre","2017","1"
"Infrastructures sanitaires par région à partir de 2017","Hauts-Bassins","Centre Hospitalier Universitaire","Nombre","2018","1"
"Infrastructures sanitaires par région à partir de 2017","Hauts-Bassins","Centre Hospitalier Universitaire","Nombre","2019","1"
"Infrastructures sanitaires par région à partir de 2017","Hauts-Bassins","Centre Hospitalier Universitaire","Nombre","2020","1"
"Infrastructures sanitaires par région à partir de 2017","Hauts-Bassins","Centre Hospitalier Universitaire","Nombre","2021","1"
"Infrastructures sanitaires par région à partir de 2017","Hauts-Bassins","Centre Hospitalier Universitaire","Nombre","2022","1"
"Infrastructures sanitaires par région à partir de 2017","Hauts-Bassins","Centre Hospitalier Universitaire","Nombre","2023","1"
"Infrastructures sanitaires par région à partir de 2017","Hauts-Bassins","Centre Hospitalier Régional","Nombre","2017","0"
"Infrastructures sanitaires par région à partir de 2017","Hauts-Bassins","Centre Hospitalier Régional","Nombre","2018","0"
"Infrastructures sanitaires par région à partir de 2017","Hauts-Bassins","Centre Hospitalier Régional","Nombre","2019","0"
"Infrastructures sanitaires par région à partir de 2017","Hauts-Bassins","Centre Hospitalier Régional","Nombre","2020","0"
"Infrastructures sanitaires par région à partir de 2017","Hauts-Bassins","Centre Hospitalier Régional","Nombre","2021","0"
"Infrastructures sanitaires par région à partir de 2017","Hauts-Bassins","Centre Hospitalier Régional","Nombre","2022","0"
"Infrastructures sanitaires par région à partir de 2017","Hauts-Bassins","Centre Hospitalier Régional","Nombre","2023","0"
"Infrastructures sanitaires par région à partir de 2017","Hauts-Bassins","Centre Médical avec Antenne chirurgicale","Nombre","2017","5"
"Infrastructures sanitaires par région à partir de 2017","Hauts-Bassins","Centre Médical avec Antenne chirurgicale","Nombre","2018","5"
"Infrastructures sanitaires par région à partir de 2017","Hauts-Bassins","Centre Médical avec Antenne chirurgicale","Nombre","2019","5"
"Infrastructures sanitaires par région à partir de 2017","Hauts-Bassins","Centre Médical avec Antenne chirurgicale","Nombre","2020","5"
"Infrastructures sanitaires par région à partir de 2017","Hauts-Bassins","Centre Médical avec Antenne chirurgicale","Nombre","2021","5"
"Infrastructures sanitaires par région à partir de 2017","Hauts-Bassins","Centre Médical avec Antenne chirurgicale","Nombre","2022","5"
"Infrastructures sanitaires par région à partir de 2017","Hauts-Bassins","Centre Médical avec Antenne chirurgicale","Nombre","2023","5"
"Infrastructures sanitaires par région à partir de 2017","Hauts-Bassins","Centre Médical","Nombre","2017","2"
"Infrastructures sanitaires par région à partir de 2017","Hauts-Bassins","Centre Médical","Nombre","2018","9"
"Infrastructures sanitaires par région à partir de 2017","Hauts-Bassins","Centre Médical","Nombre","2019","3"
"Infrastructures sanitaires par région à partir de 2017","Hauts-Bassins","Centre Médical","Nombre","2020","3"
"Infrastructures sanitaires par région à partir de 2017","Hauts-Bassins","Centre Médical","Nombre","2021","4"
"Infrastructures sanitaires par région à partir de 2017","Hauts-Bassins","Centre Médical","Nombre","2022","5"
"Infrastructures sanitaires par région à partir de 2017","Hauts-Bassins","Centre Médical","Nombre","2023","14"
"Infrastructures sanitaires par région à partir de 2017","Hauts-Bassins","Centre de Santé et de Promotion Sociale","Nombre","2017","182"
"Infrastructures sanitaires par région à partir de 2017","Hauts-Bassins","Centre de Santé et de Promotion Sociale","Nombre","2018","184"
"Infrastructures sanitaires par région à partir de 2017","Hauts-Bassins","Centre de Santé et de Promotion Sociale","Nombre","2019","188"
"Infrastructures sanitaires par région à partir de 2017","Hauts-Bassins","Centre de Santé et de Promotion Sociale","Nombre","2020","195"
"Infrastructures sanitaires par région à partir de 2017","Hauts-Bassins","Centre de Santé et de Promotion Sociale","Nombre","2021","203"
"Infrastructures sanitaires par région à partir de 2017","Hauts-Bassins","Centre de Santé et de Promotion Sociale","Nombre","2022","205"
"Infrastructures sanitaires par région à partir de 2017","Hauts-Bassins","Centre de Santé et de Promotion Sociale","Nombre","2023","204"
"Infrastructures sanitaires par région à partir de 2017","Hauts-Bassins","Dispensaire","Nombre","2017","2"
"Infrastructures sanitaires par région à partir de 2017","Hauts-Bassins","Dispensaire","Nombre","2018","10"
"Infrastructures sanitaires par région à partir de 2017","Hauts-Bassins","Dispensaire","Nombre","2019","2"
"Infrastructures sanitaires par région à partir de 2017","Hauts-Bassins","Dispensaire","Nombre","2020","2"
"Infrastructures sanitaires par région à partir de 2017","Hauts-Bassins","Dispensaire","Nombre","2021","2"
"Infrastructures sanitaires par région à partir de 2017","Hauts-Bassins","Dispensaire","Nombre","2022","1"
"Infrastructures sanitaires par région à partir de 2017","Hauts-Bassins","Dispensaire","Nombre","2023","2"
"Infrastructures sanitaires par région à partir de 2017","Hauts-Bassins","Maternités isolées","Nombre","2017","0"
"Infrastructures sanitaires par région à partir de 2017","Hauts-Bassins","Maternités isolées","Nombre","2018","0"
"Infrastructures sanitaires par région à partir de 2017","Hauts-Bassins","Maternités isolées","Nombre","2019","0"
"Infrastructures sanitaires par région à partir de 2017","Hauts-Bassins","Maternités isolées","Nombre","2020","0"
"Infrastructures sanitaires par région à partir de 2017","Hauts-Bassins","Maternités isolées","Nombre","2021","0"
"Infrastructures sanitaires par région à partir de 2017","Hauts-Bassins","Maternités isolées","Nombre","2022","0"
"Infrastructures sanitaires par région à partir de 2017","Hauts-Bassins","Maternités isolées","Nombre","2023","0"
"Infrastructures sanitaires par région à partir de 2017","Hauts-Bassins","Formation Sanitaire Privée","Nombre","2017","82"
"Infrastructures sanitaires par région à partir de 2017","Hauts-Bassins","Formation Sanitaire Privée","Nombre","2020","94"
"Infrastructures sanitaires par région à partir de 2017","Hauts-Bassins","Formation Sanitaire Privée","Nombre","2021","110"
"Infrastructures sanitaires par région à partir de 2017","Hauts-Bassins","Formation Sanitaire Privée","Nombre","2022","118"
"Infrastructures sanitaires par région à partir de 2017","Hauts-Bassins","0fficines et Dépôts  privés","Nombre","2017","132"
"Infrastructures sanitaires par région à partir de 2017","Hauts-Bassins","0fficines et Dépôts  privés","Nombre","2018","126"
"Infrastructures sanitaires par région à partir de 2017","Hauts-Bassins","0fficines et Dépôts  privés","Nombre","2020","141"
"Infrastructures sanitaires par région à partir de 2017","Hauts-Bassins","0fficines et Dépôts  privés","Nombre","2021","156"
"Infrastructures sanitaires par région à partir de 2017","Hauts-Bassins","0fficines et Dépôts  privés","Nombre","2022","151"
"Infrastructures sanitaires par région à partir de 2017","Hauts-Bassins","Infirmerie de garnison","Nombre","2017","1"
"Infrastructures sanitaires par région à partir de 2017","Hauts-Bassins","Infirmerie de garnison","Nombre","2020","1"
"Infrastructures sanitaires par région à partir de 2017","Hauts-Bassins","Infirmerie de garnison","Nombre","2021","0"
"Infrastructures sanitaires par région à partir de 2017","Hauts-Bassins","Infirmerie/SST","Nombre","2017","13"
"Infrastructures sanitaires par région à partir de 2017","Hauts-Bassins","Infirmerie/SST","Nombre","2020","30"
"Infrastructures sanitaires par région à partir de 2017","Hauts-Bassins","Infirmerie/SST","Nombre","2021","35"
"Infrastructures sanitaires par région à partir de 2017","Hauts-Bassins","Infirmerie/SST","Nombre","2022","42"
"Infrastructures sanitaires par région à partir de 2017","Hauts-Bassins","Infirmerie/SST","Nombre","2023","42"
"Infrastructures sanitaires par région à partir de 2017","Hauts-Bassins","Autres (CREN,…)","Nombre","2017","0"
"Infrastructures sanitaires par région à partir de 2017","Nord","Centre Hospitalier Universitaire","Nombre","2017","1"
"Infrastructures sanitaires par région à partir de 2017","Nord","Centre Hospitalier Universitaire","Nombre","2018","1"
"Infrastructures sanitaires par région à partir de 2017","Nord","Centre Hospitalier Universitaire","Nombre","2019","1"
"Infrastructures sanitaires par région à partir de 2017","Nord","Centre Hospitalier Universitaire","Nombre","2020","1"
"Infrastructures sanitaires par région à partir de 2017","Nord","Centre Hospitalier Universitaire","Nombre","2021","1"
"Infrastructures sanitaires par région à partir de 2017","Nord","Centre Hospitalier Universitaire","Nombre","2022","1"
"Infrastructures sanitaires par région à partir de 2017","Nord","Centre Hospitalier Universitaire","Nombre","2023","1"
"Infrastructures sanitaires par région à partir de 2017","Nord","Centre Hospitalier Régional","Nombre","2017","0"
"Infrastructures sanitaires par région à partir de 2017","Nord","Centre Hospitalier Régional","Nombre","2018","0"
"Infrastructures sanitaires par région à partir de 2017","Nord","Centre Hospitalier Régional","Nombre","2019","0"
"Infrastructures sanitaires par région à partir de 2017","Nord","Centre Hospitalier Régional","Nombre","2020","0"
"Infrastructures sanitaires par région à partir de 2017","Nord","Centre Hospitalier Régional","Nombre","2021","0"
"Infrastructures sanitaires par région à partir de 2017","Nord","Centre Hospitalier Régional","Nombre","2022","0"
"Infrastructures sanitaires par région à partir de 2017","Nord","Centre Hospitalier Régional","Nombre","2023","0"
"Infrastructures sanitaires par région à partir de 2017","Nord","Centre Médical avec Antenne chirurgicale","Nombre","2017","4"
"Infrastructures sanitaires par région à partir de 2017","Nord","Centre Médical avec Antenne chirurgicale","Nombre","2018","4"
"Infrastructures sanitaires par région à partir de 2017","Nord","Centre Médical avec Antenne chirurgicale","Nombre","2019","4"
"Infrastructures sanitaires par région à partir de 2017","Nord","Centre Médical avec Antenne chirurgicale","Nombre","2020","4"
"Infrastructures sanitaires par région à partir de 2017","Nord","Centre Médical avec Antenne chirurgicale","Nombre","2021","4"
"Infrastructures sanitaires par région à partir de 2017","Nord","Centre Médical avec Antenne chirurgicale","Nombre","2022","4"
"Infrastructures sanitaires par région à partir de 2017","Nord","Centre Médical avec Antenne chirurgicale","Nombre","2023","4"
"Infrastructures sanitaires par région à partir de 2017","Nord","Centre Médical","Nombre","2017","2"
"Infrastructures sanitaires par région à partir de 2017","Nord","Centre Médical","Nombre","2018","5"
"Infrastructures sanitaires par région à partir de 2017","Nord","Centre Médical","Nombre","2019","3"
"Infrastructures sanitaires par région à partir de 2017","Nord","Centre Médical","Nombre","2020","3"
"Infrastructures sanitaires par région à partir de 2017","Nord","Centre Médical","Nombre","2021","3"
"Infrastructures sanitaires par région à partir de 2017","Nord","Centre Médical","Nombre","2022","8"
"Infrastructures sanitaires par région à partir de 2017","Nord","Centre Médical","Nombre","2023","9"
"Infrastructures sanitaires par région à partir de 2017","Nord","Centre de Santé et de Promotion Sociale","Nombre","2017","182"
"Infrastructures sanitaires par région à partir de 2017","Nord","Centre de Santé et de Promotion Sociale","Nombre","2018","194"
"Infrastructures sanitaires par région à partir de 2017","Nord","Centre de Santé et de Promotion Sociale","Nombre","2019","213"
"Infrastructures sanitaires par région à partir de 2017","Nord","Centre de Santé et de Promotion Sociale","Nombre","2020","227"
"Infrastructures sanitaires par région à partir de 2017","Nord","Centre de Santé et de Promotion Sociale","Nombre","2021","230"
"Infrastructures sanitaires par région à partir de 2017","Nord","Centre de Santé et de Promotion Sociale","Nombre","2022","236"
"Infrastructures sanitaires par région à partir de 2017","Nord","Centre de Santé et de Promotion Sociale","Nombre","2023","237"
"Infrastructures sanitaires par région à partir de 2017","Nord","Dispensaire","Nombre","2017","28"
"Infrastructures sanitaires par région à partir de 2017","Nord","Dispensaire","Nombre","2018","23"
"Infrastructures sanitaires par région à partir de 2017","Nord","Dispensaire","Nombre","2019","23"
"Infrastructures sanitaires par région à partir de 2017","Nord","Dispensaire","Nombre","2020","13"
"Infrastructures sanitaires par région à partir de 2017","Nord","Dispensaire","Nombre","2021","13"
"Infrastructures sanitaires par région à partir de 2017","Nord","Dispensaire","Nombre","2022","2"
"Infrastructures sanitaires par région à partir de 2017","Nord","Dispensaire","Nombre","2023","2"
"Infrastructures sanitaires par région à partir de 2017","Nord","Maternités isolées","Nombre","2017","2"
"Infrastructures sanitaires par région à partir de 2017","Nord","Maternités isolées","Nombre","2018","2"
"Infrastructures sanitaires par région à partir de 2017","Nord","Maternités isolées","Nombre","2019","2"
"Infrastructures sanitaires par région à partir de 2017","Nord","Maternités isolées","Nombre","2020","2"
"Infrastructures sanitaires par région à partir de 2017","Nord","Maternités isolées","Nombre","2021","2"
"Infrastructures sanitaires par région à partir de 2017","Nord","Maternités isolées","Nombre","2022","1"
"Infrastructures sanitaires par région à partir de 2017","Nord","Maternités isolées","Nombre","2023","2"
"Infrastructures sanitaires par région à partir de 2017","Nord","Formation Sanitaire Privée","Nombre","2017","15"
"Infrastructures sanitaires par région à partir de 2017","Nord","Formation Sanitaire Privée","Nombre","2020","22"
"Infrastructures sanitaires par région à partir de 2017","Nord","Formation Sanitaire Privée","Nombre","2021","23"
"Infrastructures sanitaires par région à partir de 2017","Nord","Formation Sanitaire Privée","Nombre","2022","27"
"Infrastructures sanitaires par région à partir de 2017","Nord","0fficines et Dépôts  privés","Nombre","2017","87"
"Infrastructures sanitaires par région à partir de 2017","Nord","0fficines et Dépôts  privés","Nombre","2018","55"
"Infrastructures sanitaires par région à partir de 2017","Nord","0fficines et Dépôts  privés","Nombre","2020","85"
"Infrastructures sanitaires par région à partir de 2017","Nord","0fficines et Dépôts  privés","Nombre","2021","85"
"Infrastructures sanitaires par région à partir de 2017","Nord","0fficines et Dépôts  privés","Nombre","2022","91"
"Infrastructures sanitaires par région à partir de 2017","Nord","Infirmerie de garnison","Nombre","2017","1"
"Infrastructures sanitaires par région à partir de 2017","Nord","Infirmerie de garnison","Nombre","2020","8"
"Infrastructures sanitaires par région à partir de 2017","Nord","Infirmerie de garnison","Nombre","2021","1"
"Infrastructures sanitaires par région à partir de 2017","Nord","Infirmerie/SST","Nombre","2017","5"
"Infrastructures sanitaires par région à partir de 2017","Nord","Infirmerie/SST","Nombre","2020","6"
"Infrastructures sanitaires par région à partir de 2017","Nord","Infirmerie/SST","Nombre","2021","6"
"Infrastructures sanitaires par région à partir de 2017","Nord","Infirmerie/SST","Nombre","2022","11"
"Infrastructures sanitaires par région à partir de 2017","Nord","Infirmerie/SST","Nombre","2023","11"
"Infrastructures sanitaires par région à partir de 2017","Nord","Autres (CREN,…)","Nombre","2017","0"
"Infrastructures sanitaires par région à partir de 2017","Plateau Central","Centre Hospitalier Universitaire","Nombre","2017","0"
"Infrastructures sanitaires par région à partir de 2017","Plateau Central","Centre Hospitalier Universitaire","Nombre","2018","0"
"Infrastructures sanitaires par région à partir de 2017","Plateau Central","Centre Hospitalier Universitaire","Nombre","2019","0"
"Infrastructures sanitaires par région à partir de 2017","Plateau Central","Centre Hospitalier Universitaire","Nombre","2020","0"
"Infrastructures sanitaires par région à partir de 2017","Plateau Central","Centre Hospitalier Universitaire","Nombre","2021","0"
"Infrastructures sanitaires par région à partir de 2017","Plateau Central","Centre Hospitalier Universitaire","Nombre","2022","0"
"Infrastructures sanitaires par région à partir de 2017","Plateau Central","Centre Hospitalier Universitaire","Nombre","2023","0"
"Infrastructures sanitaires par région à partir de 2017","Plateau Central","Centre Hospitalier Régional","Nombre","2017","0"
"Infrastructures sanitaires par région à partir de 2017","Plateau Central","Centre Hospitalier Régional","Nombre","2018","0"
"Infrastructures sanitaires par région à partir de 2017","Plateau Central","Centre Hospitalier Régional","Nombre","2019","1"
"Infrastructures sanitaires par région à partir de 2017","Plateau Central","Centre Hospitalier Régional","Nombre","2020","1"
"Infrastructures sanitaires par région à partir de 2017","Plateau Central","Centre Hospitalier Régional","Nombre","2021","1"
"Infrastructures sanitaires par région à partir de 2017","Plateau Central","Centre Hospitalier Régional","Nombre","2022","1"
"Infrastructures sanitaires par région à partir de 2017","Plateau Central","Centre Hospitalier Régional","Nombre","2023","1"
"Infrastructures sanitaires par région à partir de 2017","Plateau Central","Centre Médical avec Antenne chirurgicale","Nombre","2017","3"
"Infrastructures sanitaires par région à partir de 2017","Plateau Central","Centre Médical avec Antenne chirurgicale","Nombre","2018","3"
"Infrastructures sanitaires par région à partir de 2017","Plateau Central","Centre Médical avec Antenne chirurgicale","Nombre","2019","3"
"Infrastructures sanitaires par région à partir de 2017","Plateau Central","Centre Médical avec Antenne chirurgicale","Nombre","2020","3"
"Infrastructures sanitaires par région à partir de 2017","Plateau Central","Centre Médical avec Antenne chirurgicale","Nombre","2021","3"
"Infrastructures sanitaires par région à partir de 2017","Plateau Central","Centre Médical avec Antenne chirurgicale","Nombre","2022","3"
"Infrastructures sanitaires par région à partir de 2017","Plateau Central","Centre Médical avec Antenne chirurgicale","Nombre","2023","3"
"Infrastructures sanitaires par région à partir de 2017","Plateau Central","Centre Médical","Nombre","2017","3"
"Infrastructures sanitaires par région à partir de 2017","Plateau Central","Centre Médical","Nombre","2018","5"
"Infrastructures sanitaires par région à partir de 2017","Plateau Central","Centre Médical","Nombre","2019","3"
"Infrastructures sanitaires par région à partir de 2017","Plateau Central","Centre Médical","Nombre","2020","3"
"Infrastructures sanitaires par région à partir de 2017","Plateau Central","Centre Médical","Nombre","2021","3"
"Infrastructures sanitaires par région à partir de 2017","Plateau Central","Centre Médical","Nombre","2022","3"
"Infrastructures sanitaires par région à partir de 2017","Plateau Central","Centre Médical","Nombre","2023","3"
"Infrastructures sanitaires par région à partir de 2017","Plateau Central","Centre de Santé et de Promotion Sociale","Nombre","2017","134"
"Infrastructures sanitaires par région à partir de 2017","Plateau Central","Centre de Santé et de Promotion Sociale","Nombre","2018","141"
"Infrastructures sanitaires par région à partir de 2017","Plateau Central","Centre de Santé et de Promotion Sociale","Nombre","2019","139"
"Infrastructures sanitaires par région à partir de 2017","Plateau Central","Centre de Santé et de Promotion Sociale","Nombre","2020","146"
"Infrastructures sanitaires par région à partir de 2017","Plateau Central","Centre de Santé et de Promotion Sociale","Nombre","2021","151"
"Infrastructures sanitaires par région à partir de 2017","Plateau Central","Centre de Santé et de Promotion Sociale","Nombre","2022","164"
"Infrastructures sanitaires par région à partir de 2017","Plateau Central","Centre de Santé et de Promotion Sociale","Nombre","2023","169"
"Infrastructures sanitaires par région à partir de 2017","Plateau Central","Dispensaire","Nombre","2017","9"
"Infrastructures sanitaires par région à partir de 2017","Plateau Central","Dispensaire","Nombre","2018","10"
"Infrastructures sanitaires par région à partir de 2017","Plateau Central","Dispensaire","Nombre","2019","10"
"Infrastructures sanitaires par région à partir de 2017","Plateau Central","Dispensaire","Nombre","2020","11"
"Infrastructures sanitaires par région à partir de 2017","Plateau Central","Dispensaire","Nombre","2021","9"
"Infrastructures sanitaires par région à partir de 2017","Plateau Central","Dispensaire","Nombre","2022","4"
"Infrastructures sanitaires par région à partir de 2017","Plateau Central","Dispensaire","Nombre","2023","5"
"Infrastructures sanitaires par région à partir de 2017","Plateau Central","Maternités isolées","Nombre","2017","1"
"Infrastructures sanitaires par région à partir de 2017","Plateau Central","Maternités isolées","Nombre","2018","1"
"Infrastructures sanitaires par région à partir de 2017","Plateau Central","Maternités isolées","Nombre","2019","1"
"Infrastructures sanitaires par région à partir de 2017","Plateau Central","Maternités isolées","Nombre","2020","1"
"Infrastructures sanitaires par région à partir de 2017","Plateau Central","Maternités isolées","Nombre","2021","1"
"Infrastructures sanitaires par région à partir de 2017","Plateau Central","Maternités isolées","Nombre","2022","1"
"Infrastructures sanitaires par région à partir de 2017","Plateau Central","Maternités isolées","Nombre","2023","0"
"Infrastructures sanitaires par région à partir de 2017","Plateau Central","Formation Sanitaire Privée","Nombre","2017","11"
"Infrastructures sanitaires par région à partir de 2017","Plateau Central","Formation Sanitaire Privée","Nombre","2020","17"
"Infrastructures sanitaires par région à partir de 2017","Plateau Central","Formation Sanitaire Privée","Nombre","2021","17"
"Infrastructures sanitaires par région à partir de 2017","Plateau Central","Formation Sanitaire Privée","Nombre","2022","19"
"Infrastructures sanitaires par région à partir de 2017","Plateau Central","0fficines et Dépôts  privés","Nombre","2017","23"
"Infrastructures sanitaires par région à partir de 2017","Plateau Central","0fficines et Dépôts  privés","Nombre","2018","44"
"Infrastructures sanitaires par région à partir de 2017","Plateau Central","0fficines et Dépôts  privés","Nombre","2020","44"
"Infrastructures sanitaires par région à partir de 2017","Plateau Central","0fficines et Dépôts  privés","Nombre","2021","54"
"Infrastructures sanitaires par région à partir de 2017","Plateau Central","0fficines et Dépôts  privés","Nombre","2022","49"
"Infrastructures sanitaires par région à partir de 2017","Plateau Central","Infirmerie de garnison","Nombre","2017","1"
"Infrastructures sanitaires par région à partir de 2017","Plateau Central","Infirmerie de garnison","Nombre","2020","5"
"Infrastructures sanitaires par région à partir de 2017","Plateau Central","Infirmerie de garnison","Nombre","2021","1"
"Infrastructures sanitaires par région à partir de 2017","Plateau Central","Infirmerie/SST","Nombre","2017","7"
"Infrastructures sanitaires par région à partir de 2017","Plateau Central","Infirmerie/SST","Nombre","2020","7"
"Infrastructures sanitaires par région à partir de 2017","Plateau Central","Infirmerie/SST","Nombre","2021","7"
"Infrastructures sanitaires par région à partir de 2017","Plateau Central","Infirmerie/SST","Nombre","2022","9"
"Infrastructures sanitaires par région à partir de 2017","Plateau Central","Infirmerie/SST","Nombre","2023","8"
"Infrastructures sanitaires par région à partir de 2017","Plateau Central","Autres (CREN,…)","Nombre","2017","0"
"Infrastructures sanitaires par région à partir de 2017","Sahel","Centre Hospitalier Universitaire","Nombre","2017","0"
"Infrastructures sanitaires par région à partir de 2017","Sahel","Centre Hospitalier Universitaire","Nombre","2018","0"
"Infrastructures sanitaires par région à partir de 2017","Sahel","Centre Hospitalier Universitaire","Nombre","2019","0"
"Infrastructures sanitaires par région à partir de 2017","Sahel","Centre Hospitalier Universitaire","Nombre","2020","0"
"Infrastructures sanitaires par région à partir de 2017","Sahel","Centre Hospitalier Universitaire","Nombre","2021","0"
"Infrastructures sanitaires par région à partir de 2017","Sahel","Centre Hospitalier Universitaire","Nombre","2022","0"
"Infrastructures sanitaires par région à partir de 2017","Sahel","Centre Hospitalier Universitaire","Nombre","2023","0"
"Infrastructures sanitaires par région à partir de 2017","Sahel","Centre Hospitalier Régional","Nombre","2017","1"
"Infrastructures sanitaires par région à partir de 2017","Sahel","Centre Hospitalier Régional","Nombre","2018","1"
"Infrastructures sanitaires par région à partir de 2017","Sahel","Centre Hospitalier Régional","Nombre","2019","1"
"Infrastructures sanitaires par région à partir de 2017","Sahel","Centre Hospitalier Régional","Nombre","2020","1"
"Infrastructures sanitaires par région à partir de 2017","Sahel","Centre Hospitalier Régional","Nombre","2021","1"
"Infrastructures sanitaires par région à partir de 2017","Sahel","Centre Hospitalier Régional","Nombre","2022","1"
"Infrastructures sanitaires par région à partir de 2017","Sahel","Centre Hospitalier Régional","Nombre","2023","1"
"Infrastructures sanitaires par région à partir de 2017","Sahel","Centre Médical avec Antenne chirurgicale","Nombre","2017","3"
"Infrastructures sanitaires par région à partir de 2017","Sahel","Centre Médical avec Antenne chirurgicale","Nombre","2018","3"
"Infrastructures sanitaires par région à partir de 2017","Sahel","Centre Médical avec Antenne chirurgicale","Nombre","2019","3"
"Infrastructures sanitaires par région à partir de 2017","Sahel","Centre Médical avec Antenne chirurgicale","Nombre","2020","3"
"Infrastructures sanitaires par région à partir de 2017","Sahel","Centre Médical avec Antenne chirurgicale","Nombre","2021","3"
"Infrastructures sanitaires par région à partir de 2017","Sahel","Centre Médical avec Antenne chirurgicale","Nombre","2022","3"
"Infrastructures sanitaires par région à partir de 2017","Sahel","Centre Médical avec Antenne chirurgicale","Nombre","2023","3"
"Infrastructures sanitaires par région à partir de 2017","Sahel","Centre Médical","Nombre","2017","5"
"Infrastructures sanitaires par région à partir de 2017","Sahel","Centre Médical","Nombre","2018","5"
"Infrastructures sanitaires par région à partir de 2017","Sahel","Centre Médical","Nombre","2019","5"
"Infrastructures sanitaires par région à partir de 2017","Sahel","Centre Médical","Nombre","2020","5"
"Infrastructures sanitaires par région à partir de 2017","Sahel","Centre Médical","Nombre","2021","5"
"Infrastructures sanitaires par région à partir de 2017","Sahel","Centre Médical","Nombre","2022","6"
"Infrastructures sanitaires par région à partir de 2017","Sahel","Centre Médical","Nombre","2023","6"
"Infrastructures sanitaires par région à partir de 2017","Sahel","Centre de Santé et de Promotion Sociale","Nombre","2017","98"
"Infrastructures sanitaires par région à partir de 2017","Sahel","Centre de Santé et de Promotion Sociale","Nombre","2018","105"
"Infrastructures sanitaires par région à partir de 2017","Sahel","Centre de Santé et de Promotion Sociale","Nombre","2019","109"
"Infrastructures sanitaires par région à partir de 2017","Sahel","Centre de Santé et de Promotion Sociale","Nombre","2020","116"
"Infrastructures sanitaires par région à partir de 2017","Sahel","Centre de Santé et de Promotion Sociale","Nombre","2021","119"
"Infrastructures sanitaires par région à partir de 2017","Sahel","Centre de Santé et de Promotion Sociale","Nombre","2022","118"
"Infrastructures sanitaires par région à partir de 2017","Sahel","Centre de Santé et de Promotion Sociale","Nombre","2023","118"
"Infrastructures sanitaires par région à partir de 2017","Sahel","Dispensaire","Nombre","2017","2"
"Infrastructures sanitaires par région à partir de 2017","Sahel","Dispensaire","Nombre","2018","2"
"Infrastructures sanitaires par région à partir de 2017","Sahel","Dispensaire","Nombre","2019","2"
"Infrastructures sanitaires par région à partir de 2017","Sahel","Dispensaire","Nombre","2020","2"
"Infrastructures sanitaires par région à partir de 2017","Sahel","Dispensaire","Nombre","2021","2"
"Infrastructures sanitaires par région à partir de 2017","Sahel","Dispensaire","Nombre","2022","0"
"Infrastructures sanitaires par région à partir de 2017","Sahel","Dispensaire","Nombre","2023","0"
"Infrastructures sanitaires par région à partir de 2017","Sahel","Maternités isolées","Nombre","2017","0"
"Infrastructures sanitaires par région à partir de 2017","Sahel","Maternités isolées","Nombre","2018","0"
"Infrastructures sanitaires par région à partir de 2017","Sahel","Maternités isolées","Nombre","2019","0"
"Infrastructures sanitaires par région à partir de 2017","Sahel","Maternités isolées","Nombre","2020","0"
"Infrastructures sanitaires par région à partir de 2017","Sahel","Maternités isolées","Nombre","2021","0"
"Infrastructures sanitaires par région à partir de 2017","Sahel","Maternités isolées","Nombre","2022","0"
"Infrastructures sanitaires par région à partir de 2017","Sahel","Maternités isolées","Nombre","2023","0"
"Infrastructures sanitaires par région à partir de 2017","Sahel","Formation Sanitaire Privée","Nombre","2017","8"
"Infrastructures sanitaires par région à partir de 2017","Sahel","Formation Sanitaire Privée","Nombre","2020","9"
"Infrastructures sanitaires par région à partir de 2017","Sahel","Formation Sanitaire Privée","Nombre","2021","11"
"Infrastructures sanitaires par région à partir de 2017","Sahel","Formation Sanitaire Privée","Nombre","2022","11"
"Infrastructures sanitaires par région à partir de 2017","Sahel","0fficines et Dépôts  privés","Nombre","2017","34"
"Infrastructures sanitaires par région à partir de 2017","Sahel","0fficines et Dépôts  privés","Nombre","2018","37"
"Infrastructures sanitaires par région à partir de 2017","Sahel","0fficines et Dépôts  privés","Nombre","2020","25"
"Infrastructures sanitaires par région à partir de 2017","Sahel","0fficines et Dépôts  privés","Nombre","2021","15"
"Infrastructures sanitaires par région à partir de 2017","Sahel","0fficines et Dépôts  privés","Nombre","2022","32"
"Infrastructures sanitaires par région à partir de 2017","Sahel","Infirmerie de garnison","Nombre","2017","3"
"Infrastructures sanitaires par région à partir de 2017","Sahel","Infirmerie de garnison","Nombre","2020","71"
"Infrastructures sanitaires par région à partir de 2017","Sahel","Infirmerie de garnison","Nombre","2021","3"
"Infrastructures sanitaires par région à partir de 2017","Sahel","Infirmerie/SST","Nombre","2017","3"
"Infrastructures sanitaires par région à partir de 2017","Sahel","Infirmerie/SST","Nombre","2020","4"
"Infrastructures sanitaires par région à partir de 2017","Sahel","Infirmerie/SST","Nombre","2021","4"
"Infrastructures sanitaires par région à partir de 2017","Sahel","Infirmerie/SST","Nombre","2022","9"
"Infrastructures sanitaires par région à partir de 2017","Sahel","Infirmerie/SST","Nombre","2023","9"
"Infrastructures sanitaires par région à partir de 2017","Sahel","Autres (CREN,…)","Nombre","2017","0"
"Infrastructures sanitaires par région à partir de 2017","Sud-Ouest","Centre Hospitalier Universitaire","Nombre","2017","0"
"Infrastructures sanitaires par région à partir de 2017","Sud-Ouest","Centre Hospitalier Universitaire","Nombre","2018","0"
"Infrastructures sanitaires par région à partir de 2017","Sud-Ouest","Centre Hospitalier Universitaire","Nombre","2019","0"
"Infrastructures sanitaires par région à partir de 2017","Sud-Ouest","Centre Hospitalier Universitaire","Nombre","2020","0"
"Infrastructures sanitaires par région à partir de 2017","Sud-Ouest","Centre Hospitalier Universitaire","Nombre","2021","0"
"Infrastructures sanitaires par région à partir de 2017","Sud-Ouest","Centre Hospitalier Universitaire","Nombre","2022","0"
"Infrastructures sanitaires par région à partir de 2017","Sud-Ouest","Centre Hospitalier Universitaire","Nombre","2023","0"
"Infrastructures sanitaires par région à partir de 2017","Sud-Ouest","Centre Hospitalier Régional","Nombre","2017","1"
"Infrastructures sanitaires par région à partir de 2017","Sud-Ouest","Centre Hospitalier Régional","Nombre","2018","1"
"Infrastructures sanitaires par région à partir de 2017","Sud-Ouest","Centre Hospitalier Régional","Nombre","2019","1"
"Infrastructures sanitaires par région à partir de 2017","Sud-Ouest","Centre Hospitalier Régional","Nombre","2020","1"
"Infrastructures sanitaires par région à partir de 2017","Sud-Ouest","Centre Hospitalier Régional","Nombre","2021","1"
"Infrastructures sanitaires par région à partir de 2017","Sud-Ouest","Centre Hospitalier Régional","Nombre","2022","1"
"Infrastructures sanitaires par région à partir de 2017","Sud-Ouest","Centre Hospitalier Régional","Nombre","2023","1"
"Infrastructures sanitaires par région à partir de 2017","Sud-Ouest","Centre Médical avec Antenne chirurgicale","Nombre","2017","3"
"Infrastructures sanitaires par région à partir de 2017","Sud-Ouest","Centre Médical avec Antenne chirurgicale","Nombre","2018","3"
"Infrastructures sanitaires par région à partir de 2017","Sud-Ouest","Centre Médical avec Antenne chirurgicale","Nombre","2019","3"
"Infrastructures sanitaires par région à partir de 2017","Sud-Ouest","Centre Médical avec Antenne chirurgicale","Nombre","2020","3"
"Infrastructures sanitaires par région à partir de 2017","Sud-Ouest","Centre Médical avec Antenne chirurgicale","Nombre","2021","3"
"Infrastructures sanitaires par région à partir de 2017","Sud-Ouest","Centre Médical avec Antenne chirurgicale","Nombre","2022","3"
"Infrastructures sanitaires par région à partir de 2017","Sud-Ouest","Centre Médical avec Antenne chirurgicale","Nombre","2023","3"
"Infrastructures sanitaires par région à partir de 2017","Sud-Ouest","Centre Médical","Nombre","2017","3"
"Infrastructures sanitaires par région à partir de 2017","Sud-Ouest","Centre Médical","Nombre","2018","5"
"Infrastructures sanitaires par région à partir de 2017","Sud-Ouest","Centre Médical","Nombre","2019","3"
"Infrastructures sanitaires par région à partir de 2017","Sud-Ouest","Centre Médical","Nombre","2020","3"
"Infrastructures sanitaires par région à partir de 2017","Sud-Ouest","Centre Médical","Nombre","2021","4"
"Infrastructures sanitaires par région à partir de 2017","Sud-Ouest","Centre Médical","Nombre","2022","5"
"Infrastructures sanitaires par région à partir de 2017","Sud-Ouest","Centre Médical","Nombre","2023","5"
"Infrastructures sanitaires par région à partir de 2017","Sud-Ouest","Centre de Santé et de Promotion Sociale","Nombre","2017","107"
"Infrastructures sanitaires par région à partir de 2017","Sud-Ouest","Centre de Santé et de Promotion Sociale","Nombre","2018","110"
"Infrastructures sanitaires par région à partir de 2017","Sud-Ouest","Centre de Santé et de Promotion Sociale","Nombre","2019","111"
"Infrastructures sanitaires par région à partir de 2017","Sud-Ouest","Centre de Santé et de Promotion Sociale","Nombre","2020","111"
"Infrastructures sanitaires par région à partir de 2017","Sud-Ouest","Centre de Santé et de Promotion Sociale","Nombre","2021","118"
"Infrastructures sanitaires par région à partir de 2017","Sud-Ouest","Centre de Santé et de Promotion Sociale","Nombre","2022","127"
"Infrastructures sanitaires par région à partir de 2017","Sud-Ouest","Centre de Santé et de Promotion Sociale","Nombre","2023","128"
"Infrastructures sanitaires par région à partir de 2017","Sud-Ouest","Dispensaire","Nombre","2017","13"
"Infrastructures sanitaires par région à partir de 2017","Sud-Ouest","Dispensaire","Nombre","2018","14"
"Infrastructures sanitaires par région à partir de 2017","Sud-Ouest","Dispensaire","Nombre","2019","13"
"Infrastructures sanitaires par région à partir de 2017","Sud-Ouest","Dispensaire","Nombre","2020","13"
"Infrastructures sanitaires par région à partir de 2017","Sud-Ouest","Dispensaire","Nombre","2021","13"
"Infrastructures sanitaires par région à partir de 2017","Sud-Ouest","Dispensaire","Nombre","2022","8"
"Infrastructures sanitaires par région à partir de 2017","Sud-Ouest","Dispensaire","Nombre","2023","8"
"Infrastructures sanitaires par région à partir de 2017","Sud-Ouest","Maternités isolées","Nombre","2017","1"
"Infrastructures sanitaires par région à partir de 2017","Sud-Ouest","Maternités isolées","Nombre","2018","1"
"Infrastructures sanitaires par région à partir de 2017","Sud-Ouest","Maternités isolées","Nombre","2019","1"
"Infrastructures sanitaires par région à partir de 2017","Sud-Ouest","Maternités isolées","Nombre","2020","1"
"Infrastructures sanitaires par région à partir de 2017","Sud-Ouest","Maternités isolées","Nombre","2021","1"
"Infrastructures sanitaires par région à partir de 2017","Sud-Ouest","Maternités isolées","Nombre","2022","0"
"Infrastructures sanitaires par région à partir de 2017","Sud-Ouest","Maternités isolées","Nombre","2023","0"
"Infrastructures sanitaires par région à partir de 2017","Sud-Ouest","Formation Sanitaire Privée","Nombre","2017","8"
"Infrastructures sanitaires par région à partir de 2017","Sud-Ouest","Formation Sanitaire Privée","Nombre","2020","12"
"Infrastructures sanitaires par région à partir de 2017","Sud-Ouest","Formation Sanitaire Privée","Nombre","2021","13"
"Infrastructures sanitaires par région à partir de 2017","Sud-Ouest","Formation Sanitaire Privée","Nombre","2022","16"
"Infrastructures sanitaires par région à partir de 2017","Sud-Ouest","0fficines et Dépôts  privés","Nombre","2017","24"
"Infrastructures sanitaires par région à partir de 2017","Sud-Ouest","0fficines et Dépôts  privés","Nombre","2018","25"
"Infrastructures sanitaires par région à partir de 2017","Sud-Ouest","0fficines et Dépôts  privés","Nombre","2020","29"
"Infrastructures sanitaires par région à partir de 2017","Sud-Ouest","0fficines et Dépôts  privés","Nombre","2021","32"
"Infrastructures sanitaires par région à partir de 2017","Sud-Ouest","0fficines et Dépôts  privés","Nombre","2022","38"
"Infrastructures sanitaires par région à partir de 2017","Sud-Ouest","Infirmerie de garnison","Nombre","2017","1"
"Infrastructures sanitaires par région à partir de 2017","Sud-Ouest","Infirmerie de garnison","Nombre","2020","9"
"Infrastructures sanitaires par région à partir de 2017","Sud-Ouest","Infirmerie de garnison","Nombre","2021","1"
"Infrastructures sanitaires par région à partir de 2017","Sud-Ouest","Infirmerie/SST","Nombre","2017","8"
"Infrastructures sanitaires par région à partir de 2017","Sud-Ouest","Infirmerie/SST","Nombre","2020","11"
"Infrastructures sanitaires par région à partir de 2017","Sud-Ouest","Infirmerie/SST","Nombre","2021","11"
"Infrastructures sanitaires par région à partir de 2017","Sud-Ouest","Infirmerie/SST","Nombre","2022","15"
"Infrastructures sanitaires par région à partir de 2017","Sud-Ouest","Infirmerie/SST","Nombre","2023","16"
"Infrastructures sanitaires par région à partir de 2017","Sud-Ouest","Autres (CREN,…)","Nombre","2017","0"
