"indicateur","provinces","Unit","Date","Value"
"Population du Burkina Faso par province en milieu d'année","Burkina Faso","Nombre","1997","10469337"
"Population du Burkina Faso par province en milieu d'année","Burkina Faso","Nombre","1998","10788389"
"Population du Burkina Faso par province en milieu d'année","Burkina Faso","Nombre","1999","11118961"
"Population du Burkina Faso par province en milieu d'année","Burkina Faso","Nombre","2000","11461547"
"Population du Burkina Faso par province en milieu d'année","Burkina Faso","Nombre","2001","11816668"
"Population du Burkina Faso par province en milieu d'année","Burkina Faso","Nombre","2002","12184859"
"Population du Burkina Faso par province en milieu d'année","Burkina Faso","Nombre","2003","12566683"
"Population du Burkina Faso par province en milieu d'année","Burkina Faso","Nombre","2004","12962750"
"Population du Burkina Faso par province en milieu d'année","Burkina Faso","Nombre","2005","13373670"
"Population du Burkina Faso par province en milieu d'année","Burkina Faso","Nombre","2006","13800105"
"Population du Burkina Faso par province en milieu d'année","Burkina Faso","Nombre","2007","14252012"
"Population du Burkina Faso par province en milieu d'année","Burkina Faso","Nombre","2008","14731167"
"Population du Burkina Faso par province en milieu d'année","Burkina Faso","Nombre","2009","15224780"
"Population du Burkina Faso par province en milieu d'année","Burkina Faso","Nombre","2010","15730977"
"Population du Burkina Faso par province en milieu d'année","Burkina Faso","Nombre","2011","16248558"
"Population du Burkina Faso par province en milieu d'année","Burkina Faso","Nombre","2012","16779206"
"Population du Burkina Faso par province en milieu d'année","Burkina Faso","Nombre","2013","17322796"
"Population du Burkina Faso par province en milieu d'année","Burkina Faso","Nombre","2014","17880386"
"Population du Burkina Faso par province en milieu d'année","Burkina Faso","Nombre","2015","18450494"
"Population du Burkina Faso par province en milieu d'année","Burkina Faso","Nombre","2016","19034397"
"Population du Burkina Faso par province en milieu d'année","Burkina Faso","Nombre","2017","19632147"
"Population du Burkina Faso par province en milieu d'année","Burkina Faso","Nombre","2018","20244080"
"Population du Burkina Faso par province en milieu d'année","Burkina Faso","Nombre","2019","20505155"
"Population du Burkina Faso par province en milieu d'année","Burkina Faso","Nombre","2020","20818036"
"Population du Burkina Faso par province en milieu d'année","Burkina Faso","Nombre","2021","21455644"
"Population du Burkina Faso par province en milieu d'année","Burkina Faso","Nombre","2022","22100874"
"Population du Burkina Faso par province en milieu d'année","Burkina Faso","Nombre","2023","22752315"
"Population du Burkina Faso par province en milieu d'année","Balé","Nombre","1997","170197"
"Population du Burkina Faso par province en milieu d'année","Balé","Nombre","1998","174300"
"Population du Burkina Faso par province en milieu d'année","Balé","Nombre","1999","178502"
"Population du Burkina Faso par province en milieu d'année","Balé","Nombre","2000","182806"
"Population du Burkina Faso par province en milieu d'année","Balé","Nombre","2001","187215"
"Population du Burkina Faso par province en milieu d'année","Balé","Nombre","2002","191729"
"Population du Burkina Faso par province en milieu d'année","Balé","Nombre","2003","196353"
"Population du Burkina Faso par province en milieu d'année","Balé","Nombre","2004","201090"
"Population du Burkina Faso par province en milieu d'année","Balé","Nombre","2005","205941"
"Population du Burkina Faso par province en milieu d'année","Balé","Nombre","2006","210909"
"Population du Burkina Faso par province en milieu d'année","Balé","Nombre","2007","216194"
"Population du Burkina Faso par province en milieu d'année","Balé","Nombre","2008","222654"
"Population du Burkina Faso par province en milieu d'année","Balé","Nombre","2009","229300"
"Population du Burkina Faso par province en milieu d'année","Balé","Nombre","2010","236108"
"Population du Burkina Faso par province en milieu d'année","Balé","Nombre","2011","243059"
"Population du Burkina Faso par province en milieu d'année","Balé","Nombre","2012","250194"
"Population du Burkina Faso par province en milieu d'année","Balé","Nombre","2013","257486"
"Population du Burkina Faso par province en milieu d'année","Balé","Nombre","2014","264980"
"Population du Burkina Faso par province en milieu d'année","Balé","Nombre","2015","272634"
"Population du Burkina Faso par province en milieu d'année","Balé","Nombre","2016","280481"
"Population du Burkina Faso par province en milieu d'année","Balé","Nombre","2017","288516"
"Population du Burkina Faso par province en milieu d'année","Balé","Nombre","2018","296750"
"Population du Burkina Faso par province en milieu d'année","Balé","Nombre","2019","297468"
"Population du Burkina Faso par province en milieu d'année","Balé","Nombre","2020","301065"
"Population du Burkina Faso par province en milieu d'année","Balé","Nombre","2021","309327"
"Population du Burkina Faso par province en milieu d'année","Balé","Nombre","2022","317681"
"Population du Burkina Faso par province en milieu d'année","Balé","Nombre","2023","326099"
"Population du Burkina Faso par province en milieu d'année","Bam","Nombre","1997","214370"
"Population du Burkina Faso par province en milieu d'année","Bam","Nombre","1998","220082"
"Population du Burkina Faso par province en milieu d'année","Bam","Nombre","1999","225946"
"Population du Burkina Faso par province en milieu d'année","Bam","Nombre","2000","231968"
"Population du Burkina Faso par province en milieu d'année","Bam","Nombre","2001","238149"
"Population du Burkina Faso par province en milieu d'année","Bam","Nombre","2002","244496"
"Population du Burkina Faso par province en milieu d'année","Bam","Nombre","2003","251011"
"Population du Burkina Faso par province en milieu d'année","Bam","Nombre","2004","257701"
"Population du Burkina Faso par province en milieu d'année","Bam","Nombre","2005","264568"
"Population du Burkina Faso par province en milieu d'année","Bam","Nombre","2006","271620"
"Population du Burkina Faso par province en milieu d'année","Bam","Nombre","2007","279103"
"Population du Burkina Faso par province en milieu d'année","Bam","Nombre","2008","287775"
"Population du Burkina Faso par province en milieu d'année","Bam","Nombre","2009","296710"
"Population du Burkina Faso par province en milieu d'année","Bam","Nombre","2010","305859"
"Population du Burkina Faso par province en milieu d'année","Bam","Nombre","2011","315199"
"Population du Burkina Faso par province en milieu d'année","Bam","Nombre","2012","324783"
"Population du Burkina Faso par province en milieu d'année","Bam","Nombre","2013","334582"
"Population du Burkina Faso par province en milieu d'année","Bam","Nombre","2014","344628"
"Population du Burkina Faso par province en milieu d'année","Bam","Nombre","2015","354906"
"Population du Burkina Faso par province en milieu d'année","Bam","Nombre","2016","365433"
"Population du Burkina Faso par province en milieu d'année","Bam","Nombre","2017","376211"
"Population du Burkina Faso par province en milieu d'année","Bam","Nombre","2018","387253"
"Population du Burkina Faso par province en milieu d'année","Bam","Nombre","2019","476054"
"Population du Burkina Faso par province en milieu d'année","Bam","Nombre","2020","484023"
"Population du Burkina Faso par province en milieu d'année","Bam","Nombre","2021","499530"
"Population du Burkina Faso par province en milieu d'année","Bam","Nombre","2022","515230"
"Population du Burkina Faso par province en milieu d'année","Bam","Nombre","2023","531079"
"Population du Burkina Faso par province en milieu d'année","Banwa","Nombre","1997","217737"
"Population du Burkina Faso par province en milieu d'année","Banwa","Nombre","1998","222670"
"Population du Burkina Faso par province en milieu d'année","Banwa","Nombre","1999","227715"
"Population du Burkina Faso par province en milieu d'année","Banwa","Nombre","2000","232876"
"Population du Burkina Faso par province en milieu d'année","Banwa","Nombre","2001","238152"
"Population du Burkina Faso par province en milieu d'année","Banwa","Nombre","2002","243550"
"Population du Burkina Faso par province en milieu d'année","Banwa","Nombre","2003","249069"
"Population du Burkina Faso par province en milieu d'année","Banwa","Nombre","2004","254713"
"Population du Burkina Faso par province en milieu d'année","Banwa","Nombre","2005","260487"
"Population du Burkina Faso par province en milieu d'année","Banwa","Nombre","2006","266391"
"Population du Burkina Faso par province en milieu d'année","Banwa","Nombre","2007","272681"
"Population du Burkina Faso par province en milieu d'année","Banwa","Nombre","2008","280636"
"Population du Burkina Faso par province en milieu d'année","Banwa","Nombre","2009","288836"
"Population du Burkina Faso par province en milieu d'année","Banwa","Nombre","2010","297234"
"Population du Burkina Faso par province en milieu d'année","Banwa","Nombre","2011","305809"
"Population du Burkina Faso par province en milieu d'année","Banwa","Nombre","2012","314593"
"Population du Burkina Faso par province en milieu d'année","Banwa","Nombre","2013","323602"
"Population du Burkina Faso par province en milieu d'année","Banwa","Nombre","2014","332828"
"Population du Burkina Faso par province en milieu d'année","Banwa","Nombre","2015","342288"
"Population du Burkina Faso par province en milieu d'année","Banwa","Nombre","2016","351969"
"Population du Burkina Faso par province en milieu d'année","Banwa","Nombre","2017","361883"
"Population du Burkina Faso par province en milieu d'année","Banwa","Nombre","2018","372067"
"Population du Burkina Faso par province en milieu d'année","Banwa","Nombre","2019","346989"
"Population du Burkina Faso par province en milieu d'année","Banwa","Nombre","2020","350541"
"Population du Burkina Faso par province en milieu d'année","Banwa","Nombre","2021","359548"
"Population du Burkina Faso par province en milieu d'année","Banwa","Nombre","2022","368627"
"Population du Burkina Faso par province en milieu d'année","Banwa","Nombre","2023","377794"
"Population du Burkina Faso par province en milieu d'année","Bazèga","Nombre","1997","214995"
"Population du Burkina Faso par province en milieu d'année","Bazèga","Nombre","1998","217348"
"Population du Burkina Faso par province en milieu d'année","Bazèga","Nombre","1999","219728"
"Population du Burkina Faso par province en milieu d'année","Bazèga","Nombre","2000","222134"
"Population du Burkina Faso par province en milieu d'année","Bazèga","Nombre","2001","224566"
"Population du Burkina Faso par province en milieu d'année","Bazèga","Nombre","2002","227025"
"Population du Burkina Faso par province en milieu d'année","Bazèga","Nombre","2003","229511"
"Population du Burkina Faso par province en milieu d'année","Bazèga","Nombre","2004","232024"
"Population du Burkina Faso par province en milieu d'année","Bazèga","Nombre","2005","234565"
"Population du Burkina Faso par province en milieu d'année","Bazèga","Nombre","2006","237134"
"Population du Burkina Faso par province en milieu d'année","Bazèga","Nombre","2007","239998"
"Population du Burkina Faso par province en milieu d'année","Bazèga","Nombre","2008","245646"
"Population du Burkina Faso par province en milieu d'année","Bazèga","Nombre","2009","251481"
"Population du Burkina Faso par province en milieu d'année","Bazèga","Nombre","2010","257478"
"Population du Burkina Faso par province en milieu d'année","Bazèga","Nombre","2011","263603"
"Population du Burkina Faso par province en milieu d'année","Bazèga","Nombre","2012","269905"
"Population du Burkina Faso par province en milieu d'année","Bazèga","Nombre","2013","276377"
"Population du Burkina Faso par province en milieu d'année","Bazèga","Nombre","2014","283035"
"Population du Burkina Faso par province en milieu d'année","Bazèga","Nombre","2015","289866"
"Population du Burkina Faso par province en milieu d'année","Bazèga","Nombre","2016","296892"
"Population du Burkina Faso par province en milieu d'année","Bazèga","Nombre","2017","304120"
"Population du Burkina Faso par province en milieu d'année","Bazèga","Nombre","2018","311554"
"Population du Burkina Faso par province en milieu d'année","Bazèga","Nombre","2019","280870"
"Population du Burkina Faso par province en milieu d'année","Bazèga","Nombre","2020","282453"
"Population du Burkina Faso par province en milieu d'année","Bazèga","Nombre","2021","288437"
"Population du Burkina Faso par province en milieu d'année","Bazèga","Nombre","2022","294482"
"Population du Burkina Faso par province en milieu d'année","Bazèga","Nombre","2023","300578"
"Population du Burkina Faso par province en milieu d'année","Bougouriba","Nombre","1997","77595"
"Population du Burkina Faso par province en milieu d'année","Bougouriba","Nombre","1998","79818"
"Population du Burkina Faso par province en milieu d'année","Bougouriba","Nombre","1999","82105"
"Population du Burkina Faso par province en milieu d'année","Bougouriba","Nombre","2000","84458"
"Population du Burkina Faso par province en milieu d'année","Bougouriba","Nombre","2001","86878"
"Population du Burkina Faso par province en milieu d'année","Bougouriba","Nombre","2002","89369"
"Population du Burkina Faso par province en milieu d'année","Bougouriba","Nombre","2003","91930"
"Population du Burkina Faso par province en milieu d'année","Bougouriba","Nombre","2004","94565"
"Population du Burkina Faso par province en milieu d'année","Bougouriba","Nombre","2005","97277"
"Population du Burkina Faso par province en milieu d'année","Bougouriba","Nombre","2006","100066"
"Population du Burkina Faso par province en milieu d'année","Bougouriba","Nombre","2007","103013"
"Population du Burkina Faso par province en milieu d'année","Bougouriba","Nombre","2008","106308"
"Population du Burkina Faso par province en milieu d'année","Bougouriba","Nombre","2009","109689"
"Population du Burkina Faso par province en milieu d'année","Bougouriba","Nombre","2010","113163"
"Population du Burkina Faso par province en milieu d'année","Bougouriba","Nombre","2011","116708"
"Population du Burkina Faso par province en milieu d'année","Bougouriba","Nombre","2012","120331"
"Population du Burkina Faso par province en milieu d'année","Bougouriba","Nombre","2013","124057"
"Population du Burkina Faso par province en milieu d'année","Bougouriba","Nombre","2014","127857"
"Population du Burkina Faso par province en milieu d'année","Bougouriba","Nombre","2015","131748"
"Population du Burkina Faso par province en milieu d'année","Bougouriba","Nombre","2016","135740"
"Population du Burkina Faso par province en milieu d'année","Bougouriba","Nombre","2017","139824"
"Population du Burkina Faso par province en milieu d'année","Bougouriba","Nombre","2018","144000"
"Population du Burkina Faso par province en milieu d'année","Bougouriba","Nombre","2019","153653"
"Population du Burkina Faso par province en milieu d'année","Bougouriba","Nombre","2020","155908"
"Population du Burkina Faso par province en milieu d'année","Bougouriba","Nombre","2021","160594"
"Population du Burkina Faso par province en milieu d'année","Bougouriba","Nombre","2022","165322"
"Population du Burkina Faso par province en milieu d'année","Bougouriba","Nombre","2023","170100"
"Population du Burkina Faso par province en milieu d'année","Boulgou","Nombre","1997","421234"
"Population du Burkina Faso par province en milieu d'année","Boulgou","Nombre","1998","432691"
"Population du Burkina Faso par province en milieu d'année","Boulgou","Nombre","1999","444461"
"Population du Burkina Faso par province en milieu d'année","Boulgou","Nombre","2000","456552"
"Population du Burkina Faso par province en milieu d'année","Boulgou","Nombre","2001","468974"
"Population du Burkina Faso par province en milieu d'année","Boulgou","Nombre","2002","481735"
"Population du Burkina Faso par province en milieu d'année","Boulgou","Nombre","2003","494846"
"Population du Burkina Faso par province en milieu d'année","Boulgou","Nombre","2004","508315"
"Population du Burkina Faso par province en milieu d'année","Boulgou","Nombre","2005","522151"
"Population du Burkina Faso par province en milieu d'année","Boulgou","Nombre","2006","536367"
"Population du Burkina Faso par province en milieu d'année","Boulgou","Nombre","2007","551439"
"Population du Burkina Faso par province en milieu d'année","Boulgou","Nombre","2008","568719"
"Population du Burkina Faso par province en milieu d'année","Boulgou","Nombre","2009","586513"
"Population du Burkina Faso par province en milieu d'année","Boulgou","Nombre","2010","604733"
"Population du Burkina Faso par province en milieu d'année","Boulgou","Nombre","2011","623345"
"Population du Burkina Faso par province en milieu d'année","Boulgou","Nombre","2012","642401"
"Population du Burkina Faso par province en milieu d'année","Boulgou","Nombre","2013","661928"
"Population du Burkina Faso par province en milieu d'année","Boulgou","Nombre","2014","681954"
"Population du Burkina Faso par province en milieu d'année","Boulgou","Nombre","2015","702413"
"Population du Burkina Faso par province en milieu d'année","Boulgou","Nombre","2016","723352"
"Population du Burkina Faso par province en milieu d'année","Boulgou","Nombre","2017","744823"
"Population du Burkina Faso par province en milieu d'année","Boulgou","Nombre","2018","766784"
"Population du Burkina Faso par province en milieu d'année","Boulgou","Nombre","2019","737843"
"Population du Burkina Faso par province en milieu d'année","Boulgou","Nombre","2020","746943"
"Population du Burkina Faso par province en milieu d'année","Boulgou","Nombre","2021","767642"
"Population du Burkina Faso par province en milieu d'année","Boulgou","Nombre","2022","788568"
"Population du Burkina Faso par province en milieu d'année","Boulgou","Nombre","2023","809655"
"Population du Burkina Faso par province en milieu d'année","Boulkiemdé","Nombre","1997","425162"
"Population du Burkina Faso par province en milieu d'année","Boulkiemdé","Nombre","1998","432952"
"Population du Burkina Faso par province en milieu d'année","Boulkiemdé","Nombre","1999","440885"
"Population du Burkina Faso par province en milieu d'année","Boulkiemdé","Nombre","2000","448964"
"Population du Burkina Faso par province en milieu d'année","Boulkiemdé","Nombre","2001","457192"
"Population du Burkina Faso par province en milieu d'année","Boulkiemdé","Nombre","2002","465571"
"Population du Burkina Faso par province en milieu d'année","Boulkiemdé","Nombre","2003","474104"
"Population du Burkina Faso par province en milieu d'année","Boulkiemdé","Nombre","2004","482795"
"Population du Burkina Faso par province en milieu d'année","Boulkiemdé","Nombre","2005","491646"
"Population du Burkina Faso par province en milieu d'année","Boulkiemdé","Nombre","2006","500658"
"Population du Burkina Faso par province en milieu d'année","Boulkiemdé","Nombre","2007","510302"
"Population du Burkina Faso par province en milieu d'année","Boulkiemdé","Nombre","2008","524064"
"Population du Burkina Faso par province en milieu d'année","Boulkiemdé","Nombre","2009","538267"
"Population du Burkina Faso par province en milieu d'année","Boulkiemdé","Nombre","2010","552817"
"Population du Burkina Faso par province en milieu d'année","Boulkiemdé","Nombre","2011","567680"
"Population du Burkina Faso par province en milieu d'année","Boulkiemdé","Nombre","2012","582898"
"Population du Burkina Faso par province en milieu d'année","Boulkiemdé","Nombre","2013","598510"
"Population du Burkina Faso par province en milieu d'année","Boulkiemdé","Nombre","2014","614531"
"Population du Burkina Faso par province en milieu d'année","Boulkiemdé","Nombre","2015","630922"
"Population du Burkina Faso par province en milieu d'année","Boulkiemdé","Nombre","2016","647784"
"Population du Burkina Faso par province en milieu d'année","Boulkiemdé","Nombre","2017","665028"
"Population du Burkina Faso par province en milieu d'année","Boulkiemdé","Nombre","2018","682747"
"Population du Burkina Faso par province en milieu d'année","Boulkiemdé","Nombre","2019","689709"
"Population du Burkina Faso par province en milieu d'année","Boulkiemdé","Nombre","2020","696694"
"Population du Burkina Faso par province en milieu d'année","Boulkiemdé","Nombre","2021","714501"
"Population du Burkina Faso par province en milieu d'année","Boulkiemdé","Nombre","2022","732470"
"Population du Burkina Faso par province en milieu d'année","Boulkiemdé","Nombre","2023","750567"
"Population du Burkina Faso par province en milieu d'année","Comoé","Nombre","1997","247864"
"Population du Burkina Faso par province en milieu d'année","Comoé","Nombre","1998","261188"
"Population du Burkina Faso par province en milieu d'année","Comoé","Nombre","1999","275229"
"Population du Burkina Faso par province en milieu d'année","Comoé","Nombre","2000","290026"
"Population du Burkina Faso par province en milieu d'année","Comoé","Nombre","2001","305620"
"Population du Burkina Faso par province en milieu d'année","Comoé","Nombre","2002","322054"
"Population du Burkina Faso par province en milieu d'année","Comoé","Nombre","2003","339373"
"Population du Burkina Faso par province en milieu d'année","Comoé","Nombre","2004","357624"
"Population du Burkina Faso par province en milieu d'année","Comoé","Nombre","2005","376858"
"Population du Burkina Faso par province en milieu d'année","Comoé","Nombre","2006","397128"
"Population du Burkina Faso par province en milieu d'année","Comoé","Nombre","2007","418439"
"Population du Burkina Faso par province en milieu d'année","Comoé","Nombre","2008","436614"
"Population du Burkina Faso par province en milieu d'année","Comoé","Nombre","2009","455347"
"Population du Burkina Faso par province en milieu d'année","Comoé","Nombre","2010","474571"
"Population du Burkina Faso par province en milieu d'année","Comoé","Nombre","2011","494267"
"Population du Burkina Faso par province en milieu d'année","Comoé","Nombre","2012","514459"
"Population du Burkina Faso par province en milieu d'année","Comoé","Nombre","2013","535136"
"Population du Burkina Faso par province en milieu d'année","Comoé","Nombre","2014","556354"
"Population du Burkina Faso par province en milieu d'année","Comoé","Nombre","2015","578010"
"Population du Burkina Faso par province en milieu d'année","Comoé","Nombre","2016","600158"
"Population du Burkina Faso par province en milieu d'année","Comoé","Nombre","2017","622816"
"Population du Burkina Faso par province en milieu d'année","Comoé","Nombre","2018","645943"
"Population du Burkina Faso par province en milieu d'année","Comoé","Nombre","2019","633043"
"Population du Burkina Faso par province en milieu d'année","Comoé","Nombre","2020","646302"
"Population du Burkina Faso par province en milieu d'année","Comoé","Nombre","2021","669676"
"Population du Burkina Faso par province en milieu d'année","Comoé","Nombre","2022","693374"
"Population du Burkina Faso par province en milieu d'année","Comoé","Nombre","2023","717334"
"Population du Burkina Faso par province en milieu d'année","Ganzourgou","Nombre","1997","259747"
"Population du Burkina Faso par province en milieu d'année","Ganzourgou","Nombre","1998","265461"
"Population du Burkina Faso par province en milieu d'année","Ganzourgou","Nombre","1999","271301"
"Population du Burkina Faso par province en milieu d'année","Ganzourgou","Nombre","2000","277269"
"Population du Burkina Faso par province en milieu d'année","Ganzourgou","Nombre","2001","283368"
"Population du Burkina Faso par province en milieu d'année","Ganzourgou","Nombre","2002","289602"
"Population du Burkina Faso par province en milieu d'année","Ganzourgou","Nombre","2003","295974"
"Population du Burkina Faso par province en milieu d'année","Ganzourgou","Nombre","2004","302486"
"Population du Burkina Faso par province en milieu d'année","Ganzourgou","Nombre","2005","309142"
"Population du Burkina Faso par province en milieu d'année","Ganzourgou","Nombre","2006","315943"
"Population du Burkina Faso par province en milieu d'année","Ganzourgou","Nombre","2007","323185"
"Population du Burkina Faso par province en milieu d'année","Ganzourgou","Nombre","2008","332541"
"Population du Burkina Faso par province en milieu d'année","Ganzourgou","Nombre","2009","342157"
"Population du Burkina Faso par province en milieu d'année","Ganzourgou","Nombre","2010","352003"
"Population du Burkina Faso par province en milieu d'année","Ganzourgou","Nombre","2011","362062"
"Population du Burkina Faso par province en milieu d'année","Ganzourgou","Nombre","2012","372369"
"Population du Burkina Faso par province en milieu d'année","Ganzourgou","Nombre","2013","382941"
"Population du Burkina Faso par province en milieu d'année","Ganzourgou","Nombre","2014","393778"
"Population du Burkina Faso par province en milieu d'année","Ganzourgou","Nombre","2015","404866"
"Population du Burkina Faso par province en milieu d'année","Ganzourgou","Nombre","2016","416220"
"Population du Burkina Faso par province en milieu d'année","Ganzourgou","Nombre","2017","427892"
"Population du Burkina Faso par province en milieu d'année","Ganzourgou","Nombre","2018","439833"
"Population du Burkina Faso par province en milieu d'année","Ganzourgou","Nombre","2019","482763"
"Population du Burkina Faso par province en milieu d'année","Ganzourgou","Nombre","2020","489042"
"Population du Burkina Faso par province en milieu d'année","Ganzourgou","Nombre","2021","502945"
"Population du Burkina Faso par province en milieu d'année","Ganzourgou","Nombre","2022","516993"
"Population du Burkina Faso par province en milieu d'année","Ganzourgou","Nombre","2023","531147"
"Population du Burkina Faso par province en milieu d'année","Gnagna","Nombre","1997","311813"
"Population du Burkina Faso par province en milieu d'année","Gnagna","Nombre","1998","320822"
"Population du Burkina Faso par province en milieu d'année","Gnagna","Nombre","1999","330091"
"Population du Burkina Faso par province en milieu d'année","Gnagna","Nombre","2000","339628"
"Population du Burkina Faso par province en milieu d'année","Gnagna","Nombre","2001","349441"
"Population du Burkina Faso par province en milieu d'année","Gnagna","Nombre","2002","359539"
"Population du Burkina Faso par province en milieu d'année","Gnagna","Nombre","2003","369927"
"Population du Burkina Faso par province en milieu d'année","Gnagna","Nombre","2004","380616"
"Population du Burkina Faso par province en milieu d'année","Gnagna","Nombre","2005","391615"
"Population du Burkina Faso par province en milieu d'année","Gnagna","Nombre","2006","402931"
"Population du Burkina Faso par province en milieu d'année","Gnagna","Nombre","2007","414848"
"Population du Burkina Faso par province en milieu d'année","Gnagna","Nombre","2008","428119"
"Population du Burkina Faso par province en milieu d'année","Gnagna","Nombre","2009","441739"
"Population du Burkina Faso par province en milieu d'année","Gnagna","Nombre","2010","455719"
"Population du Burkina Faso par province en milieu d'année","Gnagna","Nombre","2011","469970"
"Population du Burkina Faso par province en milieu d'année","Gnagna","Nombre","2012","484561"
"Population du Burkina Faso par province en milieu d'année","Gnagna","Nombre","2013","499511"
"Population du Burkina Faso par province en milieu d'année","Gnagna","Nombre","2014","514821"
"Population du Burkina Faso par province en milieu d'année","Gnagna","Nombre","2015","530467"
"Population du Burkina Faso par province en milieu d'année","Gnagna","Nombre","2016","546503"
"Population du Burkina Faso par province en milieu d'année","Gnagna","Nombre","2017","562892"
"Population du Burkina Faso par province en milieu d'année","Gnagna","Nombre","2018","579680"
"Population du Burkina Faso par province en milieu d'année","Gnagna","Nombre","2019","676476"
"Population du Burkina Faso par province en milieu d'année","Gnagna","Nombre","2020","687542"
"Population du Burkina Faso par province en milieu d'année","Gnagna","Nombre","2021","709308"
"Population du Burkina Faso par province en milieu d'année","Gnagna","Nombre","2022","731329"
"Population du Burkina Faso par province en milieu d'année","Gnagna","Nombre","2023","753553"
"Population du Burkina Faso par province en milieu d'année","Gourma","Nombre","1997","223799"
"Population du Burkina Faso par province en milieu d'année","Gourma","Nombre","1998","231289"
"Population du Burkina Faso par province en milieu d'année","Gourma","Nombre","1999","239030"
"Population du Burkina Faso par province en milieu d'année","Gourma","Nombre","2000","247030"
"Population du Burkina Faso par province en milieu d'année","Gourma","Nombre","2001","255298"
"Population du Burkina Faso par province en milieu d'année","Gourma","Nombre","2002","263843"
"Population du Burkina Faso par province en milieu d'année","Gourma","Nombre","2003","272674"
"Population du Burkina Faso par province en milieu d'année","Gourma","Nombre","2004","281801"
"Population du Burkina Faso par province en milieu d'année","Gourma","Nombre","2005","291234"
"Population du Burkina Faso par province en milieu d'année","Gourma","Nombre","2006","300982"
"Population du Burkina Faso par province en milieu d'année","Gourma","Nombre","2007","311229"
"Population du Burkina Faso par province en milieu d'année","Gourma","Nombre","2008","321834"
"Population du Burkina Faso par province en milieu d'année","Gourma","Nombre","2009","332762"
"Population du Burkina Faso par province en milieu d'année","Gourma","Nombre","2010","343942"
"Population du Burkina Faso par province en milieu d'année","Gourma","Nombre","2011","355366"
"Population du Burkina Faso par province en milieu d'année","Gourma","Nombre","2012","367056"
"Population du Burkina Faso par province en milieu d'année","Gourma","Nombre","2013","379023"
"Population du Burkina Faso par province en milieu d'année","Gourma","Nombre","2014","391282"
"Population du Burkina Faso par province en milieu d'année","Gourma","Nombre","2015","403802"
"Population du Burkina Faso par province en milieu d'année","Gourma","Nombre","2016","416603"
"Population du Burkina Faso par province en milieu d'année","Gourma","Nombre","2017","429709"
"Population du Burkina Faso par province en milieu d'année","Gourma","Nombre","2018","443115"
"Population du Burkina Faso par province en milieu d'année","Gourma","Nombre","2019","437310"
"Population du Burkina Faso par province en milieu d'année","Gourma","Nombre","2020","443725"
"Population du Burkina Faso par province en milieu d'année","Gourma","Nombre","2021","457042"
"Population du Burkina Faso par province en milieu d'année","Gourma","Nombre","2022","470498"
"Population du Burkina Faso par province en milieu d'année","Gourma","Nombre","2023","484078"
"Population du Burkina Faso par province en milieu d'année","Houet","Nombre","1997","684145"
"Population du Burkina Faso par province en milieu d'année","Houet","Nombre","1998","708637"
"Population du Burkina Faso par province en milieu d'année","Houet","Nombre","1999","734006"
"Population du Burkina Faso par province en milieu d'année","Houet","Nombre","2000","760284"
"Population du Burkina Faso par province en milieu d'année","Houet","Nombre","2001","787503"
"Population du Burkina Faso par province en milieu d'année","Houet","Nombre","2002","815697"
"Population du Burkina Faso par province en milieu d'année","Houet","Nombre","2003","844900"
"Population du Burkina Faso par province en milieu d'année","Houet","Nombre","2004","875149"
"Population du Burkina Faso par province en milieu d'année","Houet","Nombre","2005","906483"
"Population du Burkina Faso par province en milieu d'année","Houet","Nombre","2006","938939"
"Population du Burkina Faso par province en milieu d'année","Houet","Nombre","2007","973193"
"Population du Burkina Faso par province en milieu d'année","Houet","Nombre","2008","1007624"
"Population du Burkina Faso par province en milieu d'année","Houet","Nombre","2009","1043057"
"Population du Burkina Faso par province en milieu d'année","Houet","Nombre","2010","1079365"
"Population du Burkina Faso par province en milieu d'année","Houet","Nombre","2011","1116458"
"Population du Burkina Faso par province en milieu d'année","Houet","Nombre","2012","1154449"
"Population du Burkina Faso par province en milieu d'année","Houet","Nombre","2013","1193356"
"Population du Burkina Faso par province en milieu d'année","Houet","Nombre","2014","1233224"
"Population du Burkina Faso par province en milieu d'année","Houet","Nombre","2015","1273939"
"Population du Burkina Faso par province en milieu d'année","Houet","Nombre","2016","1315610"
"Population du Burkina Faso par province en milieu d'année","Houet","Nombre","2017","1358224"
"Population du Burkina Faso par province en milieu d'année","Houet","Nombre","2018","1401805"
"Population du Burkina Faso par province en milieu d'année","Houet","Nombre","2019","1510638"
"Population du Burkina Faso par province en milieu d'année","Houet","Nombre","2020","1536683"
"Population du Burkina Faso par province en milieu d'année","Houet","Nombre","2021","1586697"
"Population du Burkina Faso par province en milieu d'année","Houet","Nombre","2022","1637299"
"Population du Burkina Faso par province en milieu d'année","Houet","Nombre","2023","1688410"
"Population du Burkina Faso par province en milieu d'année","Ioba","Nombre","1997","162907"
"Population du Burkina Faso par province en milieu d'année","Ioba","Nombre","1998","165778"
"Population du Burkina Faso par province en milieu d'année","Ioba","Nombre","1999","168699"
"Population du Burkina Faso par province en milieu d'année","Ioba","Nombre","2000","171672"
"Population du Burkina Faso par province en milieu d'année","Ioba","Nombre","2001","174698"
"Population du Burkina Faso par province en milieu d'année","Ioba","Nombre","2002","177778"
"Population du Burkina Faso par province en milieu d'année","Ioba","Nombre","2003","180913"
"Population du Burkina Faso par province en milieu d'année","Ioba","Nombre","2004","184103"
"Population du Burkina Faso par province en milieu d'année","Ioba","Nombre","2005","187350"
"Population du Burkina Faso par province en milieu d'année","Ioba","Nombre","2006","190654"
"Population du Burkina Faso par province en milieu d'année","Ioba","Nombre","2007","194214"
"Population du Burkina Faso par province en milieu d'année","Ioba","Nombre","2008","199413"
"Population du Burkina Faso par province en milieu d'année","Ioba","Nombre","2009","204772"
"Population du Burkina Faso par province en milieu d'année","Ioba","Nombre","2010","210267"
"Population du Burkina Faso par province en milieu d'année","Ioba","Nombre","2011","215882"
"Population du Burkina Faso par province en milieu d'année","Ioba","Nombre","2012","221633"
"Population du Burkina Faso par province en milieu d'année","Ioba","Nombre","2013","227536"
"Population du Burkina Faso par province en milieu d'année","Ioba","Nombre","2014","233599"
"Population du Burkina Faso par province en milieu d'année","Ioba","Nombre","2015","239801"
"Population du Burkina Faso par province en milieu d'année","Ioba","Nombre","2016","246165"
"Population du Burkina Faso par province en milieu d'année","Ioba","Nombre","2017","252706"
"Population du Burkina Faso par province en milieu d'année","Ioba","Nombre","2018","259413"
"Population du Burkina Faso par province en milieu d'année","Ioba","Nombre","2019","265956"
"Population du Burkina Faso par province en milieu d'année","Ioba","Nombre","2020","268705"
"Population du Burkina Faso par province en milieu d'année","Ioba","Nombre","2021","275633"
"Population du Burkina Faso par province en milieu d'année","Ioba","Nombre","2022","282636"
"Population du Burkina Faso par province en milieu d'année","Ioba","Nombre","2023","289679"
"Population du Burkina Faso par province en milieu d'année","Kadiogo","Nombre","1997","971340"
"Population du Burkina Faso par province en milieu d'année","Kadiogo","Nombre","1998","1032072"
"Population du Burkina Faso par province en milieu d'année","Kadiogo","Nombre","1999","1096600"
"Population du Burkina Faso par province en milieu d'année","Kadiogo","Nombre","2000","1165164"
"Population du Burkina Faso par province en milieu d'année","Kadiogo","Nombre","2001","1238015"
"Population du Burkina Faso par province en milieu d'année","Kadiogo","Nombre","2002","1315420"
"Population du Burkina Faso par province en milieu d'année","Kadiogo","Nombre","2003","1397666"
"Population du Burkina Faso par province en milieu d'année","Kadiogo","Nombre","2004","1485055"
"Population du Burkina Faso par province en milieu d'année","Kadiogo","Nombre","2005","1577907"
"Population du Burkina Faso par province en milieu d'année","Kadiogo","Nombre","2006","1676565"
"Population du Burkina Faso par province en milieu d'année","Kadiogo","Nombre","2007","1781092"
"Population du Burkina Faso par province en milieu d'année","Kadiogo","Nombre","2008","1865966"
"Population du Burkina Faso par province en milieu d'année","Kadiogo","Nombre","2009","1953669"
"Population du Burkina Faso par province en milieu d'année","Kadiogo","Nombre","2010","2043943"
"Population du Burkina Faso par province en milieu d'année","Kadiogo","Nombre","2011","2136581"
"Population du Burkina Faso par province en milieu d'année","Kadiogo","Nombre","2012","2231807"
"Population du Burkina Faso par province en milieu d'année","Kadiogo","Nombre","2013","2329499"
"Population du Burkina Faso par province en milieu d'année","Kadiogo","Nombre","2014","2429718"
"Population du Burkina Faso par province en milieu d'année","Kadiogo","Nombre","2015","2532311"
"Population du Burkina Faso par province en milieu d'année","Kadiogo","Nombre","2016","2637303"
"Population du Burkina Faso par province en milieu d'année","Kadiogo","Nombre","2017","2744666"
"Population du Burkina Faso par province en milieu d'année","Kadiogo","Nombre","2018","2854356"
"Population du Burkina Faso par province en milieu d'année","Kadiogo","Nombre","2019","3030384"
"Population du Burkina Faso par province en milieu d'année","Kadiogo","Nombre","2020","3107564"
"Population du Burkina Faso par province en milieu d'année","Kadiogo","Nombre","2021","3233764"
"Population du Burkina Faso par province en milieu d'année","Kadiogo","Nombre","2022","3362048"
"Population du Burkina Faso par province en milieu d'année","Kadiogo","Nombre","2023","3492132"
"Population du Burkina Faso par province en milieu d'année","Kénédougou","Nombre","1997","202221"
"Population du Burkina Faso par province en milieu d'année","Kénédougou","Nombre","1998","209715"
"Population du Burkina Faso par province en milieu d'année","Kénédougou","Nombre","1999","217488"
"Population du Burkina Faso par province en milieu d'année","Kénédougou","Nombre","2000","225549"
"Population du Burkina Faso par province en milieu d'année","Kénédougou","Nombre","2001","233909"
"Population du Burkina Faso par province en milieu d'année","Kénédougou","Nombre","2002","242578"
"Population du Burkina Faso par province en milieu d'année","Kénédougou","Nombre","2003","251569"
"Population du Burkina Faso par province en milieu d'année","Kénédougou","Nombre","2004","260893"
"Population du Burkina Faso par province en milieu d'année","Kénédougou","Nombre","2005","270562"
"Population du Burkina Faso par province en milieu d'année","Kénédougou","Nombre","2006","280590"
"Population du Burkina Faso par province en milieu d'année","Kénédougou","Nombre","2007","291177"
"Population du Burkina Faso par province en milieu d'année","Kénédougou","Nombre","2008","301635"
"Population du Burkina Faso par province en milieu d'année","Kénédougou","Nombre","2009","312419"
"Population du Burkina Faso par province en milieu d'année","Kénédougou","Nombre","2010","323461"
"Population du Burkina Faso par province en milieu d'année","Kénédougou","Nombre","2011","334751"
"Population du Burkina Faso par province en milieu d'année","Kénédougou","Nombre","2012","346319"
"Population du Burkina Faso par province en milieu d'année","Kénédougou","Nombre","2013","358150"
"Population du Burkina Faso par province en milieu d'année","Kénédougou","Nombre","2014","370272"
"Population du Burkina Faso par province en milieu d'année","Kénédougou","Nombre","2015","382668"
"Population du Burkina Faso par province en milieu d'année","Kénédougou","Nombre","2016","395347"
"Population du Burkina Faso par province en milieu d'année","Kénédougou","Nombre","2017","408308"
"Population du Burkina Faso par province en milieu d'année","Kénédougou","Nombre","2018","421563"
"Population du Burkina Faso par province en milieu d'année","Kénédougou","Nombre","2019","399949"
"Population du Burkina Faso par province en milieu d'année","Kénédougou","Nombre","2020","406042"
"Population du Burkina Faso par province en milieu d'année","Kénédougou","Nombre","2021","418468"
"Population du Burkina Faso par province en milieu d'année","Kénédougou","Nombre","2022","431023"
"Population du Burkina Faso par province en milieu d'année","Kénédougou","Nombre","2023","443686"
"Population du Burkina Faso par province en milieu d'année","Komandjoari","Nombre","1997","51657"
"Population du Burkina Faso par province en milieu d'année","Komandjoari","Nombre","1998","54057"
"Population du Burkina Faso par province en milieu d'année","Komandjoari","Nombre","1999","56568"
"Population du Burkina Faso par province en milieu d'année","Komandjoari","Nombre","2000","59196"
"Population du Burkina Faso par province en milieu d'année","Komandjoari","Nombre","2001","278363"
"Population du Burkina Faso par province en milieu d'année","Komandjoari","Nombre","2002","64825"
"Population du Burkina Faso par province en milieu d'année","Komandjoari","Nombre","2003","67837"
"Population du Burkina Faso par province en milieu d'année","Komandjoari","Nombre","2004","70989"
"Population du Burkina Faso par province en milieu d'année","Komandjoari","Nombre","2005","74289"
"Population du Burkina Faso par province en milieu d'année","Komandjoari","Nombre","2006","77742"
"Population du Burkina Faso par province en milieu d'année","Komandjoari","Nombre","2007","81367"
"Population du Burkina Faso par province en milieu d'année","Komandjoari","Nombre","2008","84639"
"Population du Burkina Faso par province en milieu d'année","Komandjoari","Nombre","2009","88008"
"Population du Burkina Faso par province en milieu d'année","Komandjoari","Nombre","2010","91454"
"Population du Burkina Faso par province en milieu d'année","Komandjoari","Nombre","2011","94983"
"Population du Burkina Faso par province en milieu d'année","Komandjoari","Nombre","2012","98598"
"Population du Burkina Faso par province en milieu d'année","Komandjoari","Nombre","2013","102294"
"Population du Burkina Faso par province en milieu d'année","Komandjoari","Nombre","2014","106089"
"Population du Burkina Faso par province en milieu d'année","Komandjoari","Nombre","2015","109972"
"Population du Burkina Faso par province en milieu d'année","Komandjoari","Nombre","2016","113927"
"Population du Burkina Faso par province en milieu d'année","Komandjoari","Nombre","2017","117973"
"Population du Burkina Faso par province en milieu d'année","Komandjoari","Nombre","2018","122114"
"Population du Burkina Faso par province en milieu d'année","Komandjoari","Nombre","2019","105604"
"Population du Burkina Faso par province en milieu d'année","Komandjoari","Nombre","2020","107324"
"Population du Burkina Faso par province en milieu d'année","Komandjoari","Nombre","2021","110727"
"Population du Burkina Faso par province en milieu d'année","Komandjoari","Nombre","2022","114167"
"Population du Burkina Faso par province en milieu d'année","Komandjoari","Nombre","2023","117636"
"Population du Burkina Faso par province en milieu d'année","Kompienga","Nombre","1997","42073"
"Population du Burkina Faso par province en milieu d'année","Kompienga","Nombre","1998","44768"
"Population du Burkina Faso par province en milieu d'année","Kompienga","Nombre","1999","47636"
"Population du Burkina Faso par province en milieu d'année","Kompienga","Nombre","2000","50689"
"Population du Burkina Faso par province en milieu d'année","Kompienga","Nombre","2001","61946"
"Population du Burkina Faso par province en milieu d'année","Kompienga","Nombre","2002","57393"
"Population du Burkina Faso par province en milieu d'année","Kompienga","Nombre","2003","61072"
"Population du Burkina Faso par province en milieu d'année","Kompienga","Nombre","2004","64986"
"Population du Burkina Faso par province en milieu d'année","Kompienga","Nombre","2005","69151"
"Population du Burkina Faso par province en milieu d'année","Kompienga","Nombre","2006","73583"
"Population du Burkina Faso par province en milieu d'année","Kompienga","Nombre","2007","78271"
"Population du Burkina Faso par province en milieu d'année","Kompienga","Nombre","2008","82039"
"Population du Burkina Faso par province en milieu d'année","Kompienga","Nombre","2009","85941"
"Population du Burkina Faso par province en milieu d'année","Kompienga","Nombre","2010","89955"
"Population du Burkina Faso par province en milieu d'année","Kompienga","Nombre","2011","94075"
"Population du Burkina Faso par province en milieu d'année","Kompienga","Nombre","2012","98308"
"Population du Burkina Faso par province en milieu d'année","Kompienga","Nombre","2013","102645"
"Population du Burkina Faso par province en milieu d'année","Kompienga","Nombre","2014","107100"
"Population du Burkina Faso par province en milieu d'année","Kompienga","Nombre","2015","111656"
"Population du Burkina Faso par province en milieu d'année","Kompienga","Nombre","2016","116317"
"Population du Burkina Faso par province en milieu d'année","Kompienga","Nombre","2017","121092"
"Population du Burkina Faso par province en milieu d'année","Kompienga","Nombre","2018","125961"
"Population du Burkina Faso par province en milieu d'année","Kompienga","Nombre","2019","117682"
"Population du Burkina Faso par province en milieu d'année","Kompienga","Nombre","2020","120440"
"Population du Burkina Faso par province en milieu d'année","Kompienga","Nombre","2021","125074"
"Population du Burkina Faso par province en milieu d'année","Kompienga","Nombre","2022","129788"
"Population du Burkina Faso par province en milieu d'année","Kompienga","Nombre","2023","134567"
"Population du Burkina Faso par province en milieu d'année","Kossi","Nombre","1997","232888"
"Population du Burkina Faso par province en milieu d'année","Kossi","Nombre","1998","237319"
"Population du Burkina Faso par province en milieu d'année","Kossi","Nombre","1999","241835"
"Population du Burkina Faso par province en milieu d'année","Kossi","Nombre","2000","246437"
"Population du Burkina Faso par province en milieu d'année","Kossi","Nombre","2001","251127"
"Population du Burkina Faso par province en milieu d'année","Kossi","Nombre","2002","255905"
"Population du Burkina Faso par province en milieu d'année","Kossi","Nombre","2003","260774"
"Population du Burkina Faso par province en milieu d'année","Kossi","Nombre","2004","265737"
"Population du Burkina Faso par province en milieu d'année","Kossi","Nombre","2005","270793"
"Population du Burkina Faso par province en milieu d'année","Kossi","Nombre","2006","275946"
"Population du Burkina Faso par province en milieu d'année","Kossi","Nombre","2007","281481"
"Population du Burkina Faso par province en milieu d'année","Kossi","Nombre","2008","289216"
"Population du Burkina Faso par province en milieu d'année","Kossi","Nombre","2009","297183"
"Population du Burkina Faso par province en milieu d'année","Kossi","Nombre","2010","305351"
"Population du Burkina Faso par province en milieu d'année","Kossi","Nombre","2011","313693"
"Population du Burkina Faso par province en milieu d'année","Kossi","Nombre","2012","322251"
"Population du Burkina Faso par province en milieu d'année","Kossi","Nombre","2013","331020"
"Population du Burkina Faso par province en milieu d'année","Kossi","Nombre","2014","340024"
"Population du Burkina Faso par province en milieu d'année","Kossi","Nombre","2015","349245"
"Population du Burkina Faso par province en milieu d'année","Kossi","Nombre","2016","358695"
"Population du Burkina Faso par province en milieu d'année","Kossi","Nombre","2017","368395"
"Population du Burkina Faso par province en milieu d'année","Kossi","Nombre","2018","378353"
"Population du Burkina Faso par province en milieu d'année","Kossi","Nombre","2019","357089"
"Population du Burkina Faso par province en milieu d'année","Kossi","Nombre","2020","360409"
"Population du Burkina Faso par province en milieu d'année","Kossi","Nombre","2021","369317"
"Population du Burkina Faso par province en milieu d'année","Kossi","Nombre","2022","378329"
"Population du Burkina Faso par province en milieu d'année","Kossi","Nombre","2023","387389"
"Population du Burkina Faso par province en milieu d'année","Koulpélogo","Nombre","1997","190468"
"Population du Burkina Faso par province en milieu d'année","Koulpélogo","Nombre","1998","196707"
"Population du Burkina Faso par province en milieu d'année","Koulpélogo","Nombre","1999","203150"
"Population du Burkina Faso par province en milieu d'année","Koulpélogo","Nombre","2000","209804"
"Population du Burkina Faso par province en milieu d'année","Koulpélogo","Nombre","2001","216677"
"Population du Burkina Faso par province en milieu d'année","Koulpélogo","Nombre","2002","223774"
"Population du Burkina Faso par province en milieu d'année","Koulpélogo","Nombre","2003","231104"
"Population du Burkina Faso par province en milieu d'année","Koulpélogo","Nombre","2004","238673"
"Population du Burkina Faso par province en milieu d'année","Koulpélogo","Nombre","2005","246492"
"Population du Burkina Faso par province en milieu d'année","Koulpélogo","Nombre","2006","254565"
"Population du Burkina Faso par province en milieu d'année","Koulpélogo","Nombre","2007","263091"
"Population du Burkina Faso par province en milieu d'année","Koulpélogo","Nombre","2008","272021"
"Population du Burkina Faso par province en milieu d'année","Koulpélogo","Nombre","2009","281212"
"Population du Burkina Faso par province en milieu d'année","Koulpélogo","Nombre","2010","290625"
"Population du Burkina Faso par province en milieu d'année","Koulpélogo","Nombre","2011","300242"
"Population du Burkina Faso par province en milieu d'année","Koulpélogo","Nombre","2012","310094"
"Population du Burkina Faso par province en milieu d'année","Koulpélogo","Nombre","2013","320166"
"Population du Burkina Faso par province en milieu d'année","Koulpélogo","Nombre","2014","330503"
"Population du Burkina Faso par province en milieu d'année","Koulpélogo","Nombre","2015","341063"
"Population du Burkina Faso par province en milieu d'année","Koulpélogo","Nombre","2016","351870"
"Population du Burkina Faso par province en milieu d'année","Koulpélogo","Nombre","2017","362918"
"Population du Burkina Faso par province en milieu d'année","Koulpélogo","Nombre","2018","374239"
"Population du Burkina Faso par province en milieu d'année","Koulpélogo","Nombre","2019","362644"
"Population du Burkina Faso par province en milieu d'année","Koulpélogo","Nombre","2020","367814"
"Population du Burkina Faso par province en milieu d'année","Koulpélogo","Nombre","2021","378711"
"Population du Burkina Faso par province en milieu d'année","Koulpélogo","Nombre","2022","389720"
"Population du Burkina Faso par province en milieu d'année","Koulpélogo","Nombre","2023","400822"
"Population du Burkina Faso par province en milieu d'année","Kouritenga","Nombre","1997","253624"
"Population du Burkina Faso par province en milieu d'année","Kouritenga","Nombre","1998","260733"
"Population du Burkina Faso par province en milieu d'année","Kouritenga","Nombre","1999","268043"
"Population du Burkina Faso par province en milieu d'année","Kouritenga","Nombre","2000","275557"
"Population du Burkina Faso par province en milieu d'année","Kouritenga","Nombre","2001","283282"
"Population du Burkina Faso par province en milieu d'année","Kouritenga","Nombre","2002","291224"
"Population du Burkina Faso par province en milieu d'année","Kouritenga","Nombre","2003","299389"
"Population du Burkina Faso par province en milieu d'année","Kouritenga","Nombre","2004","307783"
"Population du Burkina Faso par province en milieu d'année","Kouritenga","Nombre","2005","316412"
"Population du Burkina Faso par province en milieu d'année","Kouritenga","Nombre","2006","325283"
"Population du Burkina Faso par province en milieu d'année","Kouritenga","Nombre","2007","334681"
"Population du Burkina Faso par province en milieu d'année","Kouritenga","Nombre","2008","345303"
"Population du Burkina Faso par province en milieu d'année","Kouritenga","Nombre","2009","356231"
"Population du Burkina Faso par province en milieu d'année","Kouritenga","Nombre","2010","367425"
"Population du Burkina Faso par province en milieu d'année","Kouritenga","Nombre","2011","378862"
"Population du Burkina Faso par province en milieu d'année","Kouritenga","Nombre","2012","390584"
"Population du Burkina Faso par province en milieu d'année","Kouritenga","Nombre","2013","402569"
"Population du Burkina Faso par province en milieu d'année","Kouritenga","Nombre","2014","414863"
"Population du Burkina Faso par province en milieu d'année","Kouritenga","Nombre","2015","427427"
"Population du Burkina Faso par province en milieu d'année","Kouritenga","Nombre","2016","440296"
"Population du Burkina Faso par province en milieu d'année","Kouritenga","Nombre","2017","453467"
"Population du Burkina Faso par province en milieu d'année","Kouritenga","Nombre","2018","466970"
"Population du Burkina Faso par province en milieu d'année","Kouritenga","Nombre","2019","480021"
"Population du Burkina Faso par province en milieu d'année","Kouritenga","Nombre","2020","486656"
"Population du Burkina Faso par province en milieu d'année","Kouritenga","Nombre","2021","500878"
"Population du Burkina Faso par province en milieu d'année","Kouritenga","Nombre","2022","515242"
"Population du Burkina Faso par province en milieu d'année","Kouritenga","Nombre","2023","529730"
"Population du Burkina Faso par province en milieu d'année","Kourwéogo","Nombre","1997","118936"
"Population du Burkina Faso par province en milieu d'année","Kourwéogo","Nombre","1998","120832"
"Population du Burkina Faso par province en milieu d'année","Kourwéogo","Nombre","1999","122758"
"Population du Burkina Faso par province en milieu d'année","Kourwéogo","Nombre","2000","124715"
"Population du Burkina Faso par province en milieu d'année","Kourwéogo","Nombre","2001","126704"
"Population du Burkina Faso par province en milieu d'année","Kourwéogo","Nombre","2002","128725"
"Population du Burkina Faso par province en milieu d'année","Kourwéogo","Nombre","2003","130776"
"Population du Burkina Faso par province en milieu d'année","Kourwéogo","Nombre","2004","132862"
"Population du Burkina Faso par province en milieu d'année","Kourwéogo","Nombre","2005","134980"
"Population du Burkina Faso par province en milieu d'année","Kourwéogo","Nombre","2006","137133"
"Population du Burkina Faso par province en milieu d'année","Kourwéogo","Nombre","2007","139476"
"Population du Burkina Faso par province en milieu d'année","Kourwéogo","Nombre","2008","143101"
"Population du Burkina Faso par province en milieu d'année","Kourwéogo","Nombre","2009","146839"
"Population du Burkina Faso par province en milieu d'année","Kourwéogo","Nombre","2010","150679"
"Population du Burkina Faso par province en milieu d'année","Kourwéogo","Nombre","2011","154611"
"Population du Burkina Faso par province en milieu d'année","Kourwéogo","Nombre","2012","158633"
"Population du Burkina Faso par province en milieu d'année","Kourwéogo","Nombre","2013","162754"
"Population du Burkina Faso par province en milieu d'année","Kourwéogo","Nombre","2014","166999"
"Population du Burkina Faso par province en milieu d'année","Kourwéogo","Nombre","2015","171348"
"Population du Burkina Faso par province en milieu d'année","Kourwéogo","Nombre","2016","175818"
"Population du Burkina Faso par province en milieu d'année","Kourwéogo","Nombre","2017","180393"
"Population du Burkina Faso par province en milieu d'année","Kourwéogo","Nombre","2018","185098"
"Population du Burkina Faso par province en milieu d'année","Kourwéogo","Nombre","2019","181242"
"Population du Burkina Faso par province en milieu d'année","Kourwéogo","Nombre","2020","182860"
"Population du Burkina Faso par province en milieu d'année","Kourwéogo","Nombre","2021","187312"
"Population du Burkina Faso par province en milieu d'année","Kourwéogo","Nombre","2022","191813"
"Population du Burkina Faso par province en milieu d'année","Kourwéogo","Nombre","2023","196345"
"Population du Burkina Faso par province en milieu d'année","Léraba","Nombre","1997","94297"
"Population du Burkina Faso par province en milieu d'année","Léraba","Nombre","1998","97077"
"Population du Burkina Faso par province en milieu d'année","Léraba","Nombre","1999","99940"
"Population du Burkina Faso par province en milieu d'année","Léraba","Nombre","2000","102887"
"Population du Burkina Faso par province en milieu d'année","Léraba","Nombre","2001","105922"
"Population du Burkina Faso par province en milieu d'année","Léraba","Nombre","2002","109047"
"Population du Burkina Faso par province en milieu d'année","Léraba","Nombre","2003","112265"
"Population du Burkina Faso par province en milieu d'année","Léraba","Nombre","2004","115577"
"Population du Burkina Faso par province en milieu d'année","Léraba","Nombre","2005","118987"
"Population du Burkina Faso par province en milieu d'année","Léraba","Nombre","2006","122499"
"Population du Burkina Faso par province en milieu d'année","Léraba","Nombre","2007","126182"
"Population du Burkina Faso par province en milieu d'année","Léraba","Nombre","2008","130229"
"Population du Burkina Faso par province en milieu d'année","Léraba","Nombre","2009","134394"
"Population du Burkina Faso par province en milieu d'année","Léraba","Nombre","2010","138658"
"Population du Burkina Faso par province en milieu d'année","Léraba","Nombre","2011","143012"
"Population du Burkina Faso par province en milieu d'année","Léraba","Nombre","2012","147477"
"Population du Burkina Faso par province en milieu d'année","Léraba","Nombre","2013","152034"
"Population du Burkina Faso par province en milieu d'année","Léraba","Nombre","2014","156705"
"Population du Burkina Faso par province en milieu d'année","Léraba","Nombre","2015","161487"
"Population du Burkina Faso par province en milieu d'année","Léraba","Nombre","2016","166382"
"Population du Burkina Faso par province en milieu d'année","Léraba","Nombre","2017","171376"
"Population du Burkina Faso par province en milieu d'année","Léraba","Nombre","2018","176502"
"Population du Burkina Faso par province en milieu d'année","Léraba","Nombre","2019","179423"
"Population du Burkina Faso par province en milieu d'année","Léraba","Nombre","2020","181903"
"Population du Burkina Faso par province en milieu d'année","Léraba","Nombre","2021","187214"
"Population du Burkina Faso par province en milieu d'année","Léraba","Nombre","2022","192575"
"Population du Burkina Faso par province en milieu d'année","Léraba","Nombre","2023","197984"
"Population du Burkina Faso par province en milieu d'année","Loroum","Nombre","1997","112744"
"Population du Burkina Faso par province en milieu d'année","Loroum","Nombre","1998","115590"
"Population du Burkina Faso par province en milieu d'année","Loroum","Nombre","1999","118506"
"Population du Burkina Faso par province en milieu d'année","Loroum","Nombre","2000","121497"
"Population du Burkina Faso par province en milieu d'année","Loroum","Nombre","2001","124563"
"Population du Burkina Faso par province en milieu d'année","Loroum","Nombre","2002","127706"
"Population du Burkina Faso par province en milieu d'année","Loroum","Nombre","2003","130929"
"Population du Burkina Faso par province en milieu d'année","Loroum","Nombre","2004","134234"
"Population du Burkina Faso par province en milieu d'année","Loroum","Nombre","2005","137622"
"Population du Burkina Faso par province en milieu d'année","Loroum","Nombre","2006","141095"
"Population du Burkina Faso par province en milieu d'année","Loroum","Nombre","2007","144783"
"Population du Burkina Faso par province en milieu d'année","Loroum","Nombre","2008","149183"
"Population du Burkina Faso par province en milieu d'année","Loroum","Nombre","2009","153722"
"Population du Burkina Faso par province en milieu d'année","Loroum","Nombre","2010","158356"
"Population du Burkina Faso par province en milieu d'année","Loroum","Nombre","2011","163093"
"Population du Burkina Faso par province en milieu d'année","Loroum","Nombre","2012","167942"
"Population du Burkina Faso par province en milieu d'année","Loroum","Nombre","2013","172916"
"Population du Burkina Faso par province en milieu d'année","Loroum","Nombre","2014","178017"
"Population du Burkina Faso par province en milieu d'année","Loroum","Nombre","2015","183235"
"Population du Burkina Faso par province en milieu d'année","Loroum","Nombre","2016","188573"
"Population du Burkina Faso par province en milieu d'année","Loroum","Nombre","2017","194040"
"Population du Burkina Faso par province en milieu d'année","Loroum","Nombre","2018","199654"
"Population du Burkina Faso par province en milieu d'année","Loroum","Nombre","2019","198192"
"Population du Burkina Faso par province en milieu d'année","Loroum","Nombre","2020","200616"
"Population du Burkina Faso par province en milieu d'année","Loroum","Nombre","2021","206181"
"Population du Burkina Faso par province en milieu d'année","Loroum","Nombre","2022","211780"
"Population du Burkina Faso par province en milieu d'année","Loroum","Nombre","2023","217438"
"Population du Burkina Faso par province en milieu d'année","Mouhoun","Nombre","1997","238174"
"Population du Burkina Faso par province en milieu d'année","Mouhoun","Nombre","1998","243805"
"Population du Burkina Faso par province en milieu d'année","Mouhoun","Nombre","1999","249568"
"Population du Burkina Faso par province en milieu d'année","Mouhoun","Nombre","2000","255467"
"Population du Burkina Faso par province en milieu d'année","Mouhoun","Nombre","2001","261507"
"Population du Burkina Faso par province en milieu d'année","Mouhoun","Nombre","2002","267690"
"Population du Burkina Faso par province en milieu d'année","Mouhoun","Nombre","2003","274017"
"Population du Burkina Faso par province en milieu d'année","Mouhoun","Nombre","2004","280496"
"Population du Burkina Faso par province en milieu d'année","Mouhoun","Nombre","2005","287128"
"Population du Burkina Faso par province en milieu d'année","Mouhoun","Nombre","2006","293917"
"Population du Burkina Faso par province en milieu d'année","Mouhoun","Nombre","2007","301138"
"Population du Burkina Faso par province en milieu d'année","Mouhoun","Nombre","2008","310070"
"Population du Burkina Faso par province en milieu d'année","Mouhoun","Nombre","2009","319249"
"Population du Burkina Faso par province en milieu d'année","Mouhoun","Nombre","2010","328669"
"Population du Burkina Faso par province en milieu d'année","Mouhoun","Nombre","2011","338293"
"Population du Burkina Faso par province en milieu d'année","Mouhoun","Nombre","2012","348154"
"Population du Burkina Faso par province en milieu d'année","Mouhoun","Nombre","2013","358239"
"Population du Burkina Faso par province en milieu d'année","Mouhoun","Nombre","2014","368606"
"Population du Burkina Faso par province en milieu d'année","Mouhoun","Nombre","2015","379168"
"Population du Burkina Faso par province en milieu d'année","Mouhoun","Nombre","2016","390047"
"Population du Burkina Faso par province en milieu d'année","Mouhoun","Nombre","2017","401168"
"Population du Burkina Faso par province en milieu d'année","Mouhoun","Nombre","2018","412549"
"Population du Burkina Faso par province en milieu d'année","Mouhoun","Nombre","2019","391561"
"Population du Burkina Faso par province en milieu d'année","Mouhoun","Nombre","2020","395815"
"Population du Burkina Faso par province en milieu d'année","Mouhoun","Nombre","2021","406243"
"Population du Burkina Faso par province en milieu d'année","Mouhoun","Nombre","2022","416756"
"Population du Burkina Faso par province en milieu d'année","Mouhoun","Nombre","2023","427366"
"Population du Burkina Faso par province en milieu d'année","Nahouri","Nombre","1997","121386"
"Population du Burkina Faso par province en milieu d'année","Nahouri","Nombre","1998","124725"
"Population du Burkina Faso par province en milieu d'année","Nahouri","Nombre","1999","128155"
"Population du Burkina Faso par province en milieu d'année","Nahouri","Nombre","2000","131680"
"Population du Burkina Faso par province en milieu d'année","Nahouri","Nombre","2001","135303"
"Population du Burkina Faso par province en milieu d'année","Nahouri","Nombre","2002","139025"
"Population du Burkina Faso par province en milieu d'année","Nahouri","Nombre","2003","142850"
"Population du Burkina Faso par province en milieu d'année","Nahouri","Nombre","2004","146780"
"Population du Burkina Faso par province en milieu d'année","Nahouri","Nombre","2005","150818"
"Population du Burkina Faso par province en milieu d'année","Nahouri","Nombre","2006","154969"
"Population du Burkina Faso par province en milieu d'année","Nahouri","Nombre","2007","159348"
"Population du Burkina Faso par province en milieu d'année","Nahouri","Nombre","2008","164340"
"Population du Burkina Faso par province en milieu d'année","Nahouri","Nombre","2009","169484"
"Population du Burkina Faso par province en milieu d'année","Nahouri","Nombre","2010","174748"
"Population du Burkina Faso par province en milieu d'année","Nahouri","Nombre","2011","180128"
"Population du Burkina Faso par province en milieu d'année","Nahouri","Nombre","2012","185632"
"Population du Burkina Faso par province en milieu d'année","Nahouri","Nombre","2013","191275"
"Population du Burkina Faso par province en milieu d'année","Nahouri","Nombre","2014","197053"
"Population du Burkina Faso par province en milieu d'année","Nahouri","Nombre","2015","202956"
"Population du Burkina Faso par province en milieu d'année","Nahouri","Nombre","2016","209007"
"Population du Burkina Faso par province en milieu d'année","Nahouri","Nombre","2017","215197"
"Population du Burkina Faso par province en milieu d'année","Nahouri","Nombre","2018","221543"
"Population du Burkina Faso par province en milieu d'année","Nahouri","Nombre","2019","195816"
"Population du Burkina Faso par province en milieu d'année","Nahouri","Nombre","2020","197910"
"Population du Burkina Faso par province en milieu d'année","Nahouri","Nombre","2021","203077"
"Population du Burkina Faso par province en milieu d'année","Nahouri","Nombre","2022","208297"
"Population du Burkina Faso par province en milieu d'année","Nahouri","Nombre","2023","213550"
"Population du Burkina Faso par province en milieu d'année","Namentenga","Nombre","1997","256108"
"Population du Burkina Faso par province en milieu d'année","Namentenga","Nombre","1998","262937"
"Population du Burkina Faso par province en milieu d'année","Namentenga","Nombre","1999","269948"
"Population du Burkina Faso par province en milieu d'année","Namentenga","Nombre","2000","277146"
"Population du Burkina Faso par province en milieu d'année","Namentenga","Nombre","2001","284536"
"Population du Burkina Faso par province en milieu d'année","Namentenga","Nombre","2002","292124"
"Population du Burkina Faso par province en milieu d'année","Namentenga","Nombre","2003","299913"
"Population du Burkina Faso par province en milieu d'année","Namentenga","Nombre","2004","307910"
"Population du Burkina Faso par province en milieu d'année","Namentenga","Nombre","2005","316120"
"Population du Burkina Faso par province en milieu d'année","Namentenga","Nombre","2006","324550"
"Population du Burkina Faso par province en milieu d'année","Namentenga","Nombre","2007","333497"
"Population du Burkina Faso par province en milieu d'année","Namentenga","Nombre","2008","343863"
"Population du Burkina Faso par province en milieu d'année","Namentenga","Nombre","2009","354540"
"Population du Burkina Faso par province en milieu d'année","Namentenga","Nombre","2010","365473"
"Population du Burkina Faso par province en milieu d'année","Namentenga","Nombre","2011","376638"
"Population du Burkina Faso par province en milieu d'année","Namentenga","Nombre","2012","388091"
"Population du Burkina Faso par province en milieu d'année","Namentenga","Nombre","2013","399806"
"Population du Burkina Faso par province en milieu d'année","Namentenga","Nombre","2014","411815"
"Population du Burkina Faso par province en milieu d'année","Namentenga","Nombre","2015","424097"
"Population du Burkina Faso par province en milieu d'année","Namentenga","Nombre","2016","436683"
"Population du Burkina Faso par province en milieu d'année","Namentenga","Nombre","2017","449564"
"Population du Burkina Faso par province en milieu d'année","Namentenga","Nombre","2018","462757"
"Population du Burkina Faso par province en milieu d'année","Namentenga","Nombre","2019","513796"
"Population du Burkina Faso par province en milieu d'année","Namentenga","Nombre","2020","521411"
"Population du Burkina Faso par province en milieu d'année","Namentenga","Nombre","2021","537150"
"Population du Burkina Faso par province en milieu d'année","Namentenga","Nombre","2022","553051"
"Population du Burkina Faso par province en milieu d'année","Namentenga","Nombre","2023","569092"
"Population du Burkina Faso par province en milieu d'année","Nayala","Nombre","1997","137638"
"Population du Burkina Faso par province en milieu d'année","Nayala","Nombre","1998","140150"
"Population du Burkina Faso par province en milieu d'année","Nayala","Nombre","1999","142708"
"Population du Burkina Faso par province en milieu d'année","Nayala","Nombre","2000","145312"
"Population du Burkina Faso par province en milieu d'année","Nayala","Nombre","2001","147965"
"Population du Burkina Faso par province en milieu d'année","Nayala","Nombre","2002","150665"
"Population du Burkina Faso par province en milieu d'année","Nayala","Nombre","2003","153414"
"Population du Burkina Faso par province en milieu d'année","Nayala","Nombre","2004","156215"
"Population du Burkina Faso par province en milieu d'année","Nayala","Nombre","2005","159066"
"Population du Burkina Faso par province en milieu d'année","Nayala","Nombre","2006","161969"
"Population du Burkina Faso par province en milieu d'année","Nayala","Nombre","2007","165093"
"Population du Burkina Faso par province en milieu d'année","Nayala","Nombre","2008","169574"
"Population du Burkina Faso par province en milieu d'année","Nayala","Nombre","2009","174189"
"Population du Burkina Faso par province en milieu d'année","Nayala","Nombre","2010","178912"
"Population du Burkina Faso par province en milieu d'année","Nayala","Nombre","2011","183742"
"Population du Burkina Faso par province en milieu d'année","Nayala","Nombre","2012","188691"
"Population du Burkina Faso par province en milieu d'année","Nayala","Nombre","2013","193773"
"Population du Burkina Faso par province en milieu d'année","Nayala","Nombre","2014","198987"
"Population du Burkina Faso par province en milieu d'année","Nayala","Nombre","2015","204332"
"Population du Burkina Faso par province en milieu d'année","Nayala","Nombre","2016","209807"
"Population du Burkina Faso par province en milieu d'année","Nayala","Nombre","2017","215429"
"Population du Burkina Faso par province en milieu d'année","Nayala","Nombre","2018","221193"
"Population du Burkina Faso par province en milieu d'année","Nayala","Nombre","2019","223151"
"Population du Burkina Faso par province en milieu d'année","Nayala","Nombre","2020","225439"
"Population du Burkina Faso par province en milieu d'année","Nayala","Nombre","2021","231239"
"Population du Burkina Faso par province en milieu d'année","Nayala","Nombre","2022","237102"
"Population du Burkina Faso par province en milieu d'année","Nayala","Nombre","2023","242992"
"Population du Burkina Faso par province en milieu d'année","Noumbièl","Nombre","1997","52238"
"Population du Burkina Faso par province en milieu d'année","Noumbièl","Nombre","1998","53876"
"Population du Burkina Faso par province en milieu d'année","Noumbièl","Nombre","1999","55564"
"Population du Burkina Faso par province en milieu d'année","Noumbièl","Nombre","2000","57306"
"Population du Burkina Faso par province en milieu d'année","Noumbièl","Nombre","2001","59103"
"Population du Burkina Faso par province en milieu d'année","Noumbièl","Nombre","2002","60957"
"Population du Burkina Faso par province en milieu d'année","Noumbièl","Nombre","2003","62868"
"Population du Burkina Faso par province en milieu d'année","Noumbièl","Nombre","2004","64839"
"Population du Burkina Faso par province en milieu d'année","Noumbièl","Nombre","2005","66873"
"Population du Burkina Faso par province en milieu d'année","Noumbièl","Nombre","2006","68971"
"Population du Burkina Faso par province en milieu d'année","Noumbièl","Nombre","2007","71181"
"Population du Burkina Faso par province en milieu d'année","Noumbièl","Nombre","2008","73550"
"Population du Burkina Faso par province en milieu d'année","Noumbièl","Nombre","2009","75984"
"Population du Burkina Faso par province en milieu d'année","Noumbièl","Nombre","2010","78474"
"Population du Burkina Faso par province en milieu d'année","Noumbièl","Nombre","2011","81023"
"Population du Burkina Faso par province en milieu d'année","Noumbièl","Nombre","2012","83632"
"Population du Burkina Faso par province en milieu d'année","Noumbièl","Nombre","2013","86297"
"Population du Burkina Faso par province en milieu d'année","Noumbièl","Nombre","2014","89036"
"Population du Burkina Faso par province en milieu d'année","Noumbièl","Nombre","2015","91831"
"Population du Burkina Faso par province en milieu d'année","Noumbièl","Nombre","2016","94691"
"Population du Burkina Faso par province en milieu d'année","Noumbièl","Nombre","2017","97614"
"Population du Burkina Faso par province en milieu d'année","Noumbièl","Nombre","2018","100608"
"Population du Burkina Faso par province en milieu d'année","Noumbièl","Nombre","2019","98915"
"Population du Burkina Faso par province en milieu d'année","Noumbièl","Nombre","2020","100303"
"Population du Burkina Faso par province en milieu d'année","Noumbièl","Nombre","2021","103249"
"Population du Burkina Faso par province en milieu d'année","Noumbièl","Nombre","2022","106220"
"Population du Burkina Faso par province en milieu d'année","Noumbièl","Nombre","2023","109231"
"Population du Burkina Faso par province en milieu d'année","Oubritenga","Nombre","1997","199140"
"Population du Burkina Faso par province en milieu d'année","Oubritenga","Nombre","1998","202983"
"Population du Burkina Faso par province en milieu d'année","Oubritenga","Nombre","1999","206899"
"Population du Burkina Faso par province en milieu d'année","Oubritenga","Nombre","2000","210891"
"Population du Burkina Faso par province en milieu d'année","Oubritenga","Nombre","2001","214960"
"Population du Burkina Faso par province en milieu d'année","Oubritenga","Nombre","2002","219108"
"Population du Burkina Faso par province en milieu d'année","Oubritenga","Nombre","2003","223335"
"Population du Burkina Faso par province en milieu d'année","Oubritenga","Nombre","2004","227645"
"Population du Burkina Faso par province en milieu d'année","Oubritenga","Nombre","2005","232038"
"Population du Burkina Faso par province en milieu d'année","Oubritenga","Nombre","2006","236516"
"Population du Burkina Faso par province en milieu d'année","Oubritenga","Nombre","2007","241330"
"Population du Burkina Faso par province en milieu d'année","Oubritenga","Nombre","2008","247986"
"Population du Burkina Faso par province en milieu d'année","Oubritenga","Nombre","2009","254848"
"Population du Burkina Faso par province en milieu d'année","Oubritenga","Nombre","2010","261892"
"Population du Burkina Faso par province en milieu d'année","Oubritenga","Nombre","2011","269073"
"Population du Burkina Faso par province en milieu d'année","Oubritenga","Nombre","2012","276442"
"Population du Burkina Faso par province en milieu d'année","Oubritenga","Nombre","2013","283997"
"Population du Burkina Faso par province en milieu d'année","Oubritenga","Nombre","2014","291759"
"Population du Burkina Faso par province en milieu d'année","Oubritenga","Nombre","2015","299696"
"Population du Burkina Faso par province en milieu d'année","Oubritenga","Nombre","2016","307846"
"Population du Burkina Faso par province en milieu d'année","Oubritenga","Nombre","2017","316189"
"Population du Burkina Faso par province en milieu d'année","Oubritenga","Nombre","2018","324766"
"Population du Burkina Faso par province en milieu d'année","Oubritenga","Nombre","2019","314609"
"Population du Burkina Faso par province en milieu d'année","Oubritenga","Nombre","2020","317702"
"Population du Burkina Faso par province en milieu d'année","Oubritenga","Nombre","2021","325725"
"Population du Burkina Faso par province en milieu d'année","Oubritenga","Nombre","2022","333817"
"Population du Burkina Faso par province en milieu d'année","Oubritenga","Nombre","2023","341976"
"Population du Burkina Faso par province en milieu d'année","Oudalan","Nombre","1997","139651"
"Population du Burkina Faso par province en milieu d'année","Oudalan","Nombre","1998","144723"
"Population du Burkina Faso par province en milieu d'année","Oudalan","Nombre","1999","149979"
"Population du Burkina Faso par province en milieu d'année","Oudalan","Nombre","2000","155427"
"Population du Burkina Faso par province en milieu d'année","Oudalan","Nombre","2001","161073"
"Population du Burkina Faso par province en milieu d'année","Oudalan","Nombre","2002","166923"
"Population du Burkina Faso par province en milieu d'année","Oudalan","Nombre","2003","172987"
"Population du Burkina Faso par province en milieu d'année","Oudalan","Nombre","2004","179270"
"Population du Burkina Faso par province en milieu d'année","Oudalan","Nombre","2005","185782"
"Population du Burkina Faso par province en milieu d'année","Oudalan","Nombre","2006","192530"
"Population du Burkina Faso par province en milieu d'année","Oudalan","Nombre","2007","199647"
"Population du Burkina Faso par province en milieu d'année","Oudalan","Nombre","2008","206748"
"Population du Burkina Faso par province en milieu d'année","Oudalan","Nombre","2009","214061"
"Population du Burkina Faso par province en milieu d'année","Oudalan","Nombre","2010","221565"
"Population du Burkina Faso par province en milieu d'année","Oudalan","Nombre","2011","229222"
"Population du Burkina Faso par province en milieu d'année","Oudalan","Nombre","2012","237064"
"Population du Burkina Faso par province en milieu d'année","Oudalan","Nombre","2013","245087"
"Population du Burkina Faso par province en milieu d'année","Oudalan","Nombre","2014","253325"
"Population du Burkina Faso par province en milieu d'année","Oudalan","Nombre","2015","261723"
"Population du Burkina Faso par province en milieu d'année","Oudalan","Nombre","2016","270317"
"Population du Burkina Faso par province en milieu d'année","Oudalan","Nombre","2017","279047"
"Population du Burkina Faso par province en milieu d'année","Oudalan","Nombre","2018","288036"
"Population du Burkina Faso par province en milieu d'année","Oudalan","Nombre","2019","158206"
"Population du Burkina Faso par province en milieu d'année","Oudalan","Nombre","2020","158903"
"Population du Burkina Faso par province en milieu d'année","Oudalan","Nombre","2021","162068"
"Population du Burkina Faso par province en milieu d'année","Oudalan","Nombre","2022","165274"
"Population du Burkina Faso par province en milieu d'année","Oudalan","Nombre","2023","168486"
"Population du Burkina Faso par province en milieu d'année","Passoré","Nombre","1997","274237"
"Population du Burkina Faso par province en milieu d'année","Passoré","Nombre","1998","279024"
"Population du Burkina Faso par province en milieu d'année","Passoré","Nombre","1999","283893"
"Population du Burkina Faso par province en milieu d'année","Passoré","Nombre","2000","288848"
"Population du Burkina Faso par province en milieu d'année","Passoré","Nombre","2001","293890"
"Population du Burkina Faso par province en milieu d'année","Passoré","Nombre","2002","299019"
"Population du Burkina Faso par province en milieu d'année","Passoré","Nombre","2003","304239"
"Population du Burkina Faso par province en milieu d'année","Passoré","Nombre","2004","309550"
"Population du Burkina Faso par province en milieu d'année","Passoré","Nombre","2005","314952"
"Population du Burkina Faso par province en milieu d'année","Passoré","Nombre","2006","320450"
"Population du Burkina Faso par province en milieu d'année","Passoré","Nombre","2007","326386"
"Population du Burkina Faso par province en milieu d'année","Passoré","Nombre","2008","335106"
"Population du Burkina Faso par province en milieu d'année","Passoré","Nombre","2009","344103"
"Population du Burkina Faso par province en milieu d'année","Passoré","Nombre","2010","353315"
"Population du Burkina Faso par province en milieu d'année","Passoré","Nombre","2011","362742"
"Population du Burkina Faso par province en milieu d'année","Passoré","Nombre","2012","372403"
"Population du Burkina Faso par province en milieu d'année","Passoré","Nombre","2013","382306"
"Population du Burkina Faso par province en milieu d'année","Passoré","Nombre","2014","392489"
"Population du Burkina Faso par province en milieu d'année","Passoré","Nombre","2015","402904"
"Population du Burkina Faso par province en milieu d'année","Passoré","Nombre","2016","413596"
"Population du Burkina Faso par province en milieu d'année","Passoré","Nombre","2017","424577"
"Population du Burkina Faso par province en milieu d'année","Passoré","Nombre","2018","435834"
"Population du Burkina Faso par province en milieu d'année","Passoré","Nombre","2019","457930"
"Population du Burkina Faso par province en milieu d'année","Passoré","Nombre","2020","462873"
"Population du Burkina Faso par province en milieu d'année","Passoré","Nombre","2021","475005"
"Population du Burkina Faso par province en milieu d'année","Passoré","Nombre","2022","487270"
"Population du Burkina Faso par province en milieu d'année","Passoré","Nombre","2023","499617"
"Population du Burkina Faso par province en milieu d'année","Poni","Nombre","1997","198594"
"Population du Burkina Faso par province en milieu d'année","Poni","Nombre","1998","204053"
"Population du Burkina Faso par province en milieu d'année","Poni","Nombre","1999","209663"
"Population du Burkina Faso par province en milieu d'année","Poni","Nombre","2000","215426"
"Population du Burkina Faso par province en milieu d'année","Poni","Nombre","2001","221349"
"Population du Burkina Faso par province en milieu d'année","Poni","Nombre","2002","227434"
"Population du Burkina Faso par province en milieu d'année","Poni","Nombre","2003","233686"
"Population du Burkina Faso par province en milieu d'année","Poni","Nombre","2004","240111"
"Population du Burkina Faso par province en milieu d'année","Poni","Nombre","2005","246711"
"Population du Burkina Faso par province en milieu d'année","Poni","Nombre","2006","253494"
"Population du Burkina Faso par province en milieu d'année","Poni","Nombre","2007","260662"
"Population du Burkina Faso par province en milieu d'année","Poni","Nombre","2008","268852"
"Population du Burkina Faso par province en milieu d'année","Poni","Nombre","2009","277292"
"Population du Burkina Faso par province en milieu d'année","Poni","Nombre","2010","285922"
"Population du Burkina Faso par province en milieu d'année","Poni","Nombre","2011","294723"
"Population du Burkina Faso par province en milieu d'année","Poni","Nombre","2012","303766"
"Population du Burkina Faso par province en milieu d'année","Poni","Nombre","2013","313003"
"Population du Burkina Faso par province en milieu d'année","Poni","Nombre","2014","322481"
"Population du Burkina Faso par province en milieu d'année","Poni","Nombre","2015","332169"
"Population du Burkina Faso par province en milieu d'année","Poni","Nombre","2016","342089"
"Population du Burkina Faso par province en milieu d'année","Poni","Nombre","2017","352238"
"Population du Burkina Faso par province en milieu d'année","Poni","Nombre","2018","362641"
"Population du Burkina Faso par province en milieu d'année","Poni","Nombre","2019","356918"
"Population du Burkina Faso par province en milieu d'année","Poni","Nombre","2020","361483"
"Population du Burkina Faso par province en milieu d'année","Poni","Nombre","2021","371666"
"Population du Burkina Faso par province en milieu d'année","Poni","Nombre","2022","381962"
"Population du Burkina Faso par province en milieu d'année","Poni","Nombre","2023","392327"
"Population du Burkina Faso par province en milieu d'année","Sanguié","Nombre","1997","251775"
"Population du Burkina Faso par province en milieu d'année","Sanguié","Nombre","1998","256195"
"Population du Burkina Faso par province en milieu d'année","Sanguié","Nombre","1999","260694"
"Population du Burkina Faso par province en milieu d'année","Sanguié","Nombre","2000","265271"
"Population du Burkina Faso par province en milieu d'année","Sanguié","Nombre","2001","269928"
"Population du Burkina Faso par province en milieu d'année","Sanguié","Nombre","2002","274668"
"Population du Burkina Faso par province en milieu d'année","Sanguié","Nombre","2003","279491"
"Population du Burkina Faso par province en milieu d'année","Sanguié","Nombre","2004","284399"
"Population du Burkina Faso par province en milieu d'année","Sanguié","Nombre","2005","289392"
"Population du Burkina Faso par province en milieu d'année","Sanguié","Nombre","2006","294473"
"Population du Burkina Faso par province en milieu d'année","Sanguié","Nombre","2007","299920"
"Population du Burkina Faso par province en milieu d'année","Sanguié","Nombre","2008","307916"
"Population du Burkina Faso par province en milieu d'année","Sanguié","Nombre","2009","316139"
"Population du Burkina Faso par province en milieu d'année","Sanguié","Nombre","2010","324578"
"Population du Burkina Faso par province en milieu d'année","Sanguié","Nombre","2011","333195"
"Population du Burkina Faso par province en milieu d'année","Sanguié","Nombre","2012","342026"
"Population du Burkina Faso par province en milieu d'année","Sanguié","Nombre","2013","351085"
"Population du Burkina Faso par province en milieu d'année","Sanguié","Nombre","2014","360386"
"Population du Burkina Faso par province en milieu d'année","Sanguié","Nombre","2015","369908"
"Population du Burkina Faso par province en milieu d'année","Sanguié","Nombre","2016","379664"
"Population du Burkina Faso par province en milieu d'année","Sanguié","Nombre","2017","389697"
"Population du Burkina Faso par province en milieu d'année","Sanguié","Nombre","2018","399993"
"Population du Burkina Faso par province en milieu d'année","Sanguié","Nombre","2019","391617"
"Population du Burkina Faso par province en milieu d'année","Sanguié","Nombre","2020","395251"
"Population du Burkina Faso par province en milieu d'année","Sanguié","Nombre","2021","405034"
"Population du Burkina Faso par province en milieu d'année","Sanguié","Nombre","2022","414903"
"Population du Burkina Faso par province en milieu d'année","Sanguié","Nombre","2023","424847"
"Population du Burkina Faso par province en milieu d'année","Sanmatenga","Nombre","1997","469993"
"Population du Burkina Faso par province en milieu d'année","Sanmatenga","Nombre","1998","482067"
"Population du Burkina Faso par province en milieu d'année","Sanmatenga","Nombre","1999","494452"
"Population du Burkina Faso par province en milieu d'année","Sanmatenga","Nombre","2000","507154"
"Population du Burkina Faso par province en milieu d'année","Sanmatenga","Nombre","2001","520183"
"Population du Burkina Faso par province en milieu d'année","Sanmatenga","Nombre","2002","533547"
"Population du Burkina Faso par province en milieu d'année","Sanmatenga","Nombre","2003","547254"
"Population du Burkina Faso par province en milieu d'année","Sanmatenga","Nombre","2004","561314"
"Population du Burkina Faso par province en milieu d'année","Sanmatenga","Nombre","2005","575734"
"Population du Burkina Faso par province en milieu d'année","Sanmatenga","Nombre","2006","590525"
"Population du Burkina Faso par province en milieu d'année","Sanmatenga","Nombre","2007","606235"
"Population du Burkina Faso par province en milieu d'année","Sanmatenga","Nombre","2008","624826"
"Population du Burkina Faso par province en milieu d'année","Sanmatenga","Nombre","2009","643939"
"Population du Burkina Faso par province en milieu d'année","Sanmatenga","Nombre","2010","663528"
"Population du Burkina Faso par province en milieu d'année","Sanmatenga","Nombre","2011","683543"
"Population du Burkina Faso par province en milieu d'année","Sanmatenga","Nombre","2012","704021"
"Population du Burkina Faso par province en milieu d'année","Sanmatenga","Nombre","2013","725014"
"Population du Burkina Faso par province en milieu d'année","Sanmatenga","Nombre","2014","746551"
"Population du Burkina Faso par province en milieu d'année","Sanmatenga","Nombre","2015","768562"
"Population du Burkina Faso par province en milieu d'année","Sanmatenga","Nombre","2016","791098"
"Population du Burkina Faso par province en milieu d'année","Sanmatenga","Nombre","2017","814191"
"Population du Burkina Faso par province en milieu d'année","Sanmatenga","Nombre","2018","837848"
"Population du Burkina Faso par province en milieu d'année","Sanmatenga","Nombre","2019","884819"
"Population du Burkina Faso par province en milieu d'année","Sanmatenga","Nombre","2020","896818"
"Population du Burkina Faso par province en milieu d'année","Sanmatenga","Nombre","2021","922771"
"Population du Burkina Faso par province en milieu d'année","Sanmatenga","Nombre","2022","948996"
"Population du Burkina Faso par province en milieu d'année","Sanmatenga","Nombre","2023","975434"
"Population du Burkina Faso par province en milieu d'année","Séno","Nombre","1997","204548"
"Population du Burkina Faso par province en milieu d'année","Séno","Nombre","1998","210200"
"Population du Burkina Faso par province en milieu d'année","Séno","Nombre","1999","216009"
"Population du Burkina Faso par province en milieu d'année","Séno","Nombre","2000","221979"
"Population du Burkina Faso par province en milieu d'année","Séno","Nombre","2001","228114"
"Population du Burkina Faso par province en milieu d'année","Séno","Nombre","2002","234418"
"Population du Burkina Faso par province en milieu d'année","Séno","Nombre","2003","240896"
"Population du Burkina Faso par province en milieu d'année","Séno","Nombre","2004","247554"
"Population du Burkina Faso par province en milieu d'année","Séno","Nombre","2005","254396"
"Population du Burkina Faso par province en milieu d'année","Séno","Nombre","2006","261428"
"Population du Burkina Faso par province en milieu d'année","Séno","Nombre","2007","268876"
"Population du Burkina Faso par province en milieu d'année","Séno","Nombre","2008","277350"
"Population du Burkina Faso par province en milieu d'année","Séno","Nombre","2009","286088"
"Population du Burkina Faso par province en milieu d'année","Séno","Nombre","2010","295027"
"Population du Burkina Faso par province en milieu d'année","Séno","Nombre","2011","304151"
"Population du Burkina Faso par province en milieu d'année","Séno","Nombre","2012","313497"
"Population du Burkina Faso par province en milieu d'année","Séno","Nombre","2013","323066"
"Population du Burkina Faso par province en milieu d'année","Séno","Nombre","2014","332886"
"Population du Burkina Faso par province en milieu d'année","Séno","Nombre","2015","342920"
"Population du Burkina Faso par province en milieu d'année","Séno","Nombre","2016","353194"
"Population du Burkina Faso par province en milieu d'année","Séno","Nombre","2017","364080"
"Population du Burkina Faso par province en milieu d'année","Séno","Nombre","2018","374868"
"Population du Burkina Faso par province en milieu d'année","Séno","Nombre","2019","404716"
"Population du Burkina Faso par province en milieu d'année","Séno","Nombre","2020","410512"
"Population du Burkina Faso par province en milieu d'année","Séno","Nombre","2021","422690"
"Population du Burkina Faso par province en milieu d'année","Séno","Nombre","2022","434993"
"Population du Burkina Faso par province en milieu d'année","Séno","Nombre","2023","447409"
"Population du Burkina Faso par province en milieu d'année","Sissili","Nombre","1997","155820"
"Population du Burkina Faso par province en milieu d'année","Sissili","Nombre","1998","160666"
"Population du Burkina Faso par province en milieu d'année","Sissili","Nombre","1999","165662"
"Population du Burkina Faso par province en milieu d'année","Sissili","Nombre","2000","170812"
"Population du Burkina Faso par province en milieu d'année","Sissili","Nombre","2001","176124"
"Population du Burkina Faso par province en milieu d'année","Sissili","Nombre","2002","181601"
"Population du Burkina Faso par province en milieu d'année","Sissili","Nombre","2003","187249"
"Population du Burkina Faso par province en milieu d'année","Sissili","Nombre","2004","193072"
"Population du Burkina Faso par province en milieu d'année","Sissili","Nombre","2005","199076"
"Population du Burkina Faso par province en milieu d'année","Sissili","Nombre","2006","205267"
"Population du Burkina Faso par province en milieu d'année","Sissili","Nombre","2007","211771"
"Population du Burkina Faso par province en milieu d'année","Sissili","Nombre","2008","218767"
"Population du Burkina Faso par province en milieu d'année","Sissili","Nombre","2009","225958"
"Population du Burkina Faso par province en milieu d'année","Sissili","Nombre","2010","233315"
"Population du Burkina Faso par province en milieu d'année","Sissili","Nombre","2011","240830"
"Population du Burkina Faso par province en milieu d'année","Sissili","Nombre","2012","248526"
"Population du Burkina Faso par province en milieu d'année","Sissili","Nombre","2013","256396"
"Population du Burkina Faso par province en milieu d'année","Sissili","Nombre","2014","264473"
"Population du Burkina Faso par province en milieu d'année","Sissili","Nombre","2015","272717"
"Population du Burkina Faso par province en milieu d'année","Sissili","Nombre","2016","281150"
"Population du Burkina Faso par province en milieu d'année","Sissili","Nombre","2017","289793"
"Population du Burkina Faso par province en milieu d'année","Sissili","Nombre","2018","298630"
"Population du Burkina Faso par province en milieu d'année","Sissili","Nombre","2019","337078"
"Population du Burkina Faso par province en milieu d'année","Sissili","Nombre","2020","342590"
"Population du Burkina Faso par province en milieu d'année","Sissili","Nombre","2021","353446"
"Population du Burkina Faso par province en milieu d'année","Sissili","Nombre","2022","364430"
"Population du Burkina Faso par province en milieu d'année","Sissili","Nombre","2023","375501"
"Population du Burkina Faso par province en milieu d'année","Soum","Nombre","1997","257066"
"Population du Burkina Faso par province en milieu d'année","Soum","Nombre","1998","265344"
"Population du Burkina Faso par province en milieu d'année","Soum","Nombre","1999","273889"
"Population du Burkina Faso par province en milieu d'année","Soum","Nombre","2000","282708"
"Population du Burkina Faso par province en milieu d'année","Soum","Nombre","2001","291811"
"Population du Burkina Faso par province en milieu d'année","Soum","Nombre","2002","301208"
"Population du Burkina Faso par province en milieu d'année","Soum","Nombre","2003","310906"
"Population du Burkina Faso par province en milieu d'année","Soum","Nombre","2004","320918"
"Population du Burkina Faso par province en milieu d'année","Soum","Nombre","2005","331251"
"Population du Burkina Faso par province en milieu d'année","Soum","Nombre","2006","341917"
"Population du Burkina Faso par province en milieu d'année","Soum","Nombre","2007","353185"
"Population du Burkina Faso par province en milieu d'année","Soum","Nombre","2008","365095"
"Population du Burkina Faso par province en milieu d'année","Soum","Nombre","2009","377314"
"Population du Burkina Faso par province en milieu d'année","Soum","Nombre","2010","389839"
"Population du Burkina Faso par province en milieu d'année","Soum","Nombre","2011","402646"
"Population du Burkina Faso par province en milieu d'année","Soum","Nombre","2012","415776"
"Population du Burkina Faso par province en milieu d'année","Soum","Nombre","2013","429220"
"Population du Burkina Faso par province en milieu d'année","Soum","Nombre","2014","442973"
"Population du Burkina Faso par province en milieu d'année","Soum","Nombre","2015","457017"
"Population du Burkina Faso par province en milieu d'année","Soum","Nombre","2016","471417"
"Population du Burkina Faso par province en milieu d'année","Soum","Nombre","2017","485935"
"Population du Burkina Faso par province en milieu d'année","Soum","Nombre","2018","500999"
"Population du Burkina Faso par province en milieu d'année","Soum","Nombre","2019","363661"
"Population du Burkina Faso par province en milieu d'année","Soum","Nombre","2020","366677"
"Population du Burkina Faso par province en milieu d'année","Soum","Nombre","2021","375398"
"Population du Burkina Faso par province en milieu d'année","Soum","Nombre","2022","384202"
"Population du Burkina Faso par province en milieu d'année","Soum","Nombre","2023","393061"
"Population du Burkina Faso par province en milieu d'année","Sourou","Nombre","1997","190007"
"Population du Burkina Faso par province en milieu d'année","Sourou","Nombre","1998","193019"
"Population du Burkina Faso par province en milieu d'année","Sourou","Nombre","1999","196079"
"Population du Burkina Faso par province en milieu d'année","Sourou","Nombre","2000","199187"
"Population du Burkina Faso par province en milieu d'année","Sourou","Nombre","2001","202344"
"Population du Burkina Faso par province en milieu d'année","Sourou","Nombre","2002","205552"
"Population du Burkina Faso par province en milieu d'année","Sourou","Nombre","2003","208811"
"Population du Burkina Faso par province en milieu d'année","Sourou","Nombre","2004","212122"
"Population du Burkina Faso par province en milieu d'année","Sourou","Nombre","2005","215485"
"Population du Burkina Faso par province en milieu d'année","Sourou","Nombre","2006","218901"
"Population du Burkina Faso par province en milieu d'année","Sourou","Nombre","2007","222611"
"Population du Burkina Faso par province en milieu d'année","Sourou","Nombre","2008","228392"
"Population du Burkina Faso par province en milieu d'année","Sourou","Nombre","2009","234356"
"Population du Burkina Faso par province en milieu d'année","Sourou","Nombre","2010","240474"
"Population du Burkina Faso par province en milieu d'année","Sourou","Nombre","2011","246725"
"Population du Burkina Faso par province en milieu d'année","Sourou","Nombre","2012","253135"
"Population du Burkina Faso par province en milieu d'année","Sourou","Nombre","2013","259710"
"Population du Burkina Faso par province en milieu d'année","Sourou","Nombre","2014","266471"
"Population du Burkina Faso par province en milieu d'année","Sourou","Nombre","2015","273392"
"Population du Burkina Faso par province en milieu d'année","Sourou","Nombre","2016","280493"
"Population du Burkina Faso par province en milieu d'année","Sourou","Nombre","2017","287801"
"Population du Burkina Faso par province en milieu d'année","Sourou","Nombre","2018","295305"
"Population du Burkina Faso par province en milieu d'année","Sourou","Nombre","2019","285011"
"Population du Burkina Faso par province en milieu d'année","Sourou","Nombre","2020","287479"
"Population du Burkina Faso par province en milieu d'année","Sourou","Nombre","2021","294417"
"Population du Burkina Faso par province en milieu d'année","Sourou","Nombre","2022","301421"
"Population du Burkina Faso par province en milieu d'année","Sourou","Nombre","2023","308475"
"Population du Burkina Faso par province en milieu d'année","Tapoa","Nombre","1997","239473"
"Population du Burkina Faso par province en milieu d'année","Tapoa","Nombre","1998","248653"
"Population du Burkina Faso par province en milieu d'année","Tapoa","Nombre","1999","258186"
"Population du Burkina Faso par province en milieu d'année","Tapoa","Nombre","2000","268085"
"Population du Burkina Faso par province en milieu d'année","Tapoa","Nombre","2001","53938"
"Population du Burkina Faso par province en milieu d'année","Tapoa","Nombre","2002","289036"
"Population du Burkina Faso par province en milieu d'année","Tapoa","Nombre","2003","300119"
"Population du Burkina Faso par province en milieu d'année","Tapoa","Nombre","2004","311627"
"Population du Burkina Faso par province en milieu d'année","Tapoa","Nombre","2005","323577"
"Population du Burkina Faso par province en milieu d'année","Tapoa","Nombre","2006","335985"
"Population du Burkina Faso par province en milieu d'année","Tapoa","Nombre","2007","349023"
"Population du Burkina Faso par province en milieu d'année","Tapoa","Nombre","2008","361720"
"Population du Burkina Faso par province en milieu d'année","Tapoa","Nombre","2009","374784"
"Population du Burkina Faso par province en milieu d'année","Tapoa","Nombre","2010","388163"
"Population du Burkina Faso par province en milieu d'année","Tapoa","Nombre","2011","401835"
"Population du Burkina Faso par province en milieu d'année","Tapoa","Nombre","2012","415843"
"Population du Burkina Faso par province en milieu d'année","Tapoa","Nombre","2013","430169"
"Population du Burkina Faso par province en milieu d'année","Tapoa","Nombre","2014","444852"
"Population du Burkina Faso par province en milieu d'année","Tapoa","Nombre","2015","459843"
"Population du Burkina Faso par province en milieu d'année","Tapoa","Nombre","2016","475170"
"Population du Burkina Faso par province en milieu d'année","Tapoa","Nombre","2017","490847"
"Population du Burkina Faso par province en milieu d'année","Tapoa","Nombre","2018","506868"
"Population du Burkina Faso par province en milieu d'année","Tapoa","Nombre","2019","605733"
"Population du Burkina Faso par province en milieu d'année","Tapoa","Nombre","2020","617753"
"Population du Burkina Faso par province en milieu d'année","Tapoa","Nombre","2021","639452"
"Population du Burkina Faso par province en milieu d'année","Tapoa","Nombre","2022","661426"
"Population du Burkina Faso par province en milieu d'année","Tapoa","Nombre","2023","683621"
"Population du Burkina Faso par province en milieu d'année","Tuy","Nombre","1997","163599"
"Population du Burkina Faso par province en milieu d'année","Tuy","Nombre","1998","169453"
"Population du Burkina Faso par province en milieu d'année","Tuy","Nombre","1999","175518"
"Population du Burkina Faso par province en milieu d'année","Tuy","Nombre","2000","181800"
"Population du Burkina Faso par province en milieu d'année","Tuy","Nombre","2001","188308"
"Population du Burkina Faso par province en milieu d'année","Tuy","Nombre","2002","195047"
"Population du Burkina Faso par province en milieu d'année","Tuy","Nombre","2003","202029"
"Population du Burkina Faso par province en milieu d'année","Tuy","Nombre","2004","209261"
"Population du Burkina Faso par province en milieu d'année","Tuy","Nombre","2005","216752"
"Population du Burkina Faso par province en milieu d'année","Tuy","Nombre","2006","224511"
"Population du Burkina Faso par province en milieu d'année","Tuy","Nombre","2007","232691"
"Population du Burkina Faso par province en milieu d'année","Tuy","Nombre","2008","240936"
"Population du Burkina Faso par province en milieu d'année","Tuy","Nombre","2009","249399"
"Population du Burkina Faso par province en milieu d'année","Tuy","Nombre","2010","258084"
"Population du Burkina Faso par province en milieu d'année","Tuy","Nombre","2011","266952"
"Population du Burkina Faso par province en milieu d'année","Tuy","Nombre","2012","276035"
"Population du Burkina Faso par province en milieu d'année","Tuy","Nombre","2013","285332"
"Population du Burkina Faso par province en milieu d'année","Tuy","Nombre","2014","294865"
"Population du Burkina Faso par province en milieu d'année","Tuy","Nombre","2015","304597"
"Population du Burkina Faso par province en milieu d'année","Tuy","Nombre","2016","314556"
"Population du Burkina Faso par province en milieu d'année","Tuy","Nombre","2017","324750"
"Population du Burkina Faso par province en milieu d'année","Tuy","Nombre","2018","335173"
"Population du Burkina Faso par province en milieu d'année","Tuy","Nombre","2019","329253"
"Population du Burkina Faso par province en milieu d'année","Tuy","Nombre","2020","334356"
"Population du Burkina Faso par province en milieu d'année","Tuy","Nombre","2021","344655"
"Population du Burkina Faso par province en milieu d'année","Tuy","Nombre","2022","355090"
"Population du Burkina Faso par province en milieu d'année","Tuy","Nombre","2023","365602"
"Population du Burkina Faso par province en milieu d'année","Yagha","Nombre","1997","118306"
"Population du Burkina Faso par province en milieu d'année","Yagha","Nombre","1998","122139"
"Population du Burkina Faso par province en milieu d'année","Yagha","Nombre","1999","126097"
"Population du Burkina Faso par province en milieu d'année","Yagha","Nombre","2000","130184"
"Population du Burkina Faso par province en milieu d'année","Yagha","Nombre","2001","134402"
"Population du Burkina Faso par province en milieu d'année","Yagha","Nombre","2002","138757"
"Population du Burkina Faso par province en milieu d'année","Yagha","Nombre","2003","143254"
"Population du Burkina Faso par province en milieu d'année","Yagha","Nombre","2004","147897"
"Population du Burkina Faso par province en milieu d'année","Yagha","Nombre","2005","152691"
"Population du Burkina Faso par province en milieu d'année","Yagha","Nombre","2006","157639"
"Population du Burkina Faso par province en milieu d'année","Yagha","Nombre","2007","162869"
"Population du Burkina Faso par province en milieu d'année","Yagha","Nombre","2008","168357"
"Population du Burkina Faso par province en milieu d'année","Yagha","Nombre","2009","174031"
"Population du Burkina Faso par province en milieu d'année","Yagha","Nombre","2010","179819"
"Population du Burkina Faso par province en milieu d'année","Yagha","Nombre","2011","185745"
"Population du Burkina Faso par province en milieu d'année","Yagha","Nombre","2012","191810"
"Population du Burkina Faso par province en milieu d'année","Yagha","Nombre","2013","198015"
"Population du Burkina Faso par province en milieu d'année","Yagha","Nombre","2014","204375"
"Population du Burkina Faso par province en milieu d'année","Yagha","Nombre","2015","210885"
"Population du Burkina Faso par province en milieu d'année","Yagha","Nombre","2016","217535"
"Population du Burkina Faso par province en milieu d'année","Yagha","Nombre","2017","224245"
"Population du Burkina Faso par province en milieu d'année","Yagha","Nombre","2018","231206"
"Population du Burkina Faso par province en milieu d'année","Yagha","Nombre","2019","171594"
"Population du Burkina Faso par province en milieu d'année","Yagha","Nombre","2020","173106"
"Population du Burkina Faso par province en milieu d'année","Yagha","Nombre","2021","177309"
"Population du Burkina Faso par province en milieu d'année","Yagha","Nombre","2022","181538"
"Population du Burkina Faso par province en milieu d'année","Yagha","Nombre","2023","185806"
"Population du Burkina Faso par province en milieu d'année","Yatenga","Nombre","1997","449474"
"Population du Burkina Faso par province en milieu d'année","Yatenga","Nombre","1998","459405"
"Population du Burkina Faso par province en milieu d'année","Yatenga","Nombre","1999","469556"
"Population du Burkina Faso par province en milieu d'année","Yatenga","Nombre","2000","479931"
"Population du Burkina Faso par province en milieu d'année","Yatenga","Nombre","2001","490536"
"Population du Burkina Faso par province en milieu d'année","Yatenga","Nombre","2002","501375"
"Population du Burkina Faso par province en milieu d'année","Yatenga","Nombre","2003","512454"
"Population du Burkina Faso par province en milieu d'année","Yatenga","Nombre","2004","523778"
"Population du Burkina Faso par province en milieu d'année","Yatenga","Nombre","2005","535353"
"Population du Burkina Faso par province en milieu d'année","Yatenga","Nombre","2006","547184"
"Population du Burkina Faso par province en milieu d'année","Yatenga","Nombre","2007","559804"
"Population du Burkina Faso par province en milieu d'année","Yatenga","Nombre","2008","576006"
"Population du Burkina Faso par province en milieu d'année","Yatenga","Nombre","2009","592654"
"Population du Burkina Faso par province en milieu d'année","Yatenga","Nombre","2010","609749"
"Population du Burkina Faso par province en milieu d'année","Yatenga","Nombre","2011","627193"
"Population du Burkina Faso par province en milieu d'année","Yatenga","Nombre","2012","645080"
"Population du Burkina Faso par province en milieu d'année","Yatenga","Nombre","2013","663393"
"Population du Burkina Faso par province en milieu d'année","Yatenga","Nombre","2014","682184"
"Population du Burkina Faso par province en milieu d'année","Yatenga","Nombre","2015","701410"
"Population du Burkina Faso par province en milieu d'année","Yatenga","Nombre","2016","721136"
"Population du Burkina Faso par province en milieu d'année","Yatenga","Nombre","2017","741337"
"Population du Burkina Faso par province en milieu d'année","Yatenga","Nombre","2018","762041"
"Population du Burkina Faso par province en milieu d'année","Yatenga","Nombre","2019","825975"
"Population du Burkina Faso par province en milieu d'année","Yatenga","Nombre","2020","836622"
"Population du Burkina Faso par province en milieu d'année","Yatenga","Nombre","2021","860286"
"Population du Burkina Faso par province en milieu d'année","Yatenga","Nombre","2022","884192"
"Population du Burkina Faso par province en milieu d'année","Yatenga","Nombre","2023","908292"
"Population du Burkina Faso par province en milieu d'année","Ziro","Nombre","1997","121584"
"Population du Burkina Faso par province en milieu d'année","Ziro","Nombre","1998","126408"
"Population du Burkina Faso par province en milieu d'année","Ziro","Nombre","1999","131423"
"Population du Burkina Faso par province en milieu d'année","Ziro","Nombre","2000","136636"
"Population du Burkina Faso par province en milieu d'année","Ziro","Nombre","2001","142055"
"Population du Burkina Faso par province en milieu d'année","Ziro","Nombre","2002","147691"
"Population du Burkina Faso par province en milieu d'année","Ziro","Nombre","2003","153551"
"Population du Burkina Faso par province en milieu d'année","Ziro","Nombre","2004","159642"
"Population du Burkina Faso par province en milieu d'année","Ziro","Nombre","2005","165976"
"Population du Burkina Faso par province en milieu d'année","Ziro","Nombre","2006","172559"
"Population du Burkina Faso par province en milieu d'année","Ziro","Nombre","2007","179470"
"Population du Burkina Faso par province en milieu d'année","Ziro","Nombre","2008","186108"
"Population du Burkina Faso par province en milieu d'année","Ziro","Nombre","2009","192936"
"Population du Burkina Faso par province en milieu d'année","Ziro","Nombre","2010","199934"
"Population du Burkina Faso par province en milieu d'année","Ziro","Nombre","2011","207079"
"Population du Burkina Faso par province en milieu d'année","Ziro","Nombre","2012","214410"
"Population du Burkina Faso par province en milieu d'année","Ziro","Nombre","2013","221903"
"Population du Burkina Faso par province en milieu d'année","Ziro","Nombre","2014","229576"
"Population du Burkina Faso par province en milieu d'année","Ziro","Nombre","2015","237428"
"Population du Burkina Faso par province en milieu d'année","Ziro","Nombre","2016","245442"
"Population du Burkina Faso par province en milieu d'année","Ziro","Nombre","2017","253641"
"Population du Burkina Faso par province en milieu d'année","Ziro","Nombre","2018","262018"
"Population du Burkina Faso par province en milieu d'année","Ziro","Nombre","2019","241731"
"Population du Burkina Faso par province en milieu d'année","Ziro","Nombre","2020","245437"
"Population du Burkina Faso par province en milieu d'année","Ziro","Nombre","2021","252954"
"Population du Burkina Faso par province en milieu d'année","Ziro","Nombre","2022","260560"
"Population du Burkina Faso par province en milieu d'année","Ziro","Nombre","2023","268241"
"Population du Burkina Faso par province en milieu d'année","Zondoma","Nombre","1997","129375"
"Population du Burkina Faso par province en milieu d'année","Zondoma","Nombre","1998","132862"
"Population du Burkina Faso par province en milieu d'année","Zondoma","Nombre","1999","136443"
"Population du Burkina Faso par province en milieu d'année","Zondoma","Nombre","2000","140121"
"Population du Burkina Faso par province en milieu d'année","Zondoma","Nombre","2001","143898"
"Population du Burkina Faso par province en milieu d'année","Zondoma","Nombre","2002","147778"
"Population du Burkina Faso par province en milieu d'année","Zondoma","Nombre","2003","151762"
"Population du Burkina Faso par province en milieu d'année","Zondoma","Nombre","2004","155854"
"Population du Burkina Faso par province en milieu d'année","Zondoma","Nombre","2005","160055"
"Population du Burkina Faso par province en milieu d'année","Zondoma","Nombre","2006","164371"
"Population du Burkina Faso par province en milieu d'année","Zondoma","Nombre","2007","168940"
"Population du Burkina Faso par province en milieu d'année","Zondoma","Nombre","2008","174211"
"Population du Burkina Faso par province en milieu d'année","Zondoma","Nombre","2009","179646"
"Population du Burkina Faso par province en milieu d'année","Zondoma","Nombre","2010","185199"
"Population du Burkina Faso par province en milieu d'année","Zondoma","Nombre","2011","190869"
"Population du Burkina Faso par province en milieu d'année","Zondoma","Nombre","2012","196686"
"Population du Burkina Faso par province en milieu d'année","Zondoma","Nombre","2013","202638"
"Population du Burkina Faso par province en milieu d'année","Zondoma","Nombre","2014","208740"
"Population du Burkina Faso par province en milieu d'année","Zondoma","Nombre","2015","214978"
"Population du Burkina Faso par province en milieu d'année","Zondoma","Nombre","2016","221372"
"Population du Burkina Faso par province en milieu d'année","Zondoma","Nombre","2017","227912"
"Population du Burkina Faso par province en milieu d'année","Zondoma","Nombre","2018","234620"
"Population du Burkina Faso par province en milieu d'année","Zondoma","Nombre","2019","240018"
"Population du Burkina Faso par province en milieu d'année","Zondoma","Nombre","2020","243237"
"Population du Burkina Faso par province en milieu d'année","Zondoma","Nombre","2021","250224"
"Population du Burkina Faso par province en milieu d'année","Zondoma","Nombre","2022","257295"
"Population du Burkina Faso par province en milieu d'année","Zondoma","Nombre","2023","264420"
"Population du Burkina Faso par province en milieu d'année","Zounwéogo","Nombre","1997","199338"
"Population du Burkina Faso par province en milieu d'année","Zounwéogo","Nombre","1998","203796"
"Population du Burkina Faso par province en milieu d'année","Zounwéogo","Nombre","1999","208354"
"Population du Burkina Faso par province en milieu d'année","Zounwéogo","Nombre","2000","213014"
"Population du Burkina Faso par province en milieu d'année","Zounwéogo","Nombre","2001","217779"
"Population du Burkina Faso par province en milieu d'année","Zounwéogo","Nombre","2002","222651"
"Population du Burkina Faso par province en milieu d'année","Zounwéogo","Nombre","2003","227632"
"Population du Burkina Faso par province en milieu d'année","Zounwéogo","Nombre","2004","232725"
"Population du Burkina Faso par province en milieu d'année","Zounwéogo","Nombre","2005","237932"
"Population du Burkina Faso par province en milieu d'année","Zounwéogo","Nombre","2006","243256"
"Population du Burkina Faso par province en milieu d'année","Zounwéogo","Nombre","2007","248896"
"Population du Burkina Faso par province en milieu d'année","Zounwéogo","Nombre","2008","256115"
"Population du Burkina Faso par province en milieu d'année","Zounwéogo","Nombre","2009","263538"
"Population du Burkina Faso par province en milieu d'année","Zounwéogo","Nombre","2010","271132"
"Population du Burkina Faso par province en milieu d'année","Zounwéogo","Nombre","2011","278900"
"Population du Burkina Faso par province en milieu d'année","Zounwéogo","Nombre","2012","286841"
"Population du Burkina Faso par province en milieu d'année","Zounwéogo","Nombre","2013","294980"
"Population du Burkina Faso par province en milieu d'année","Zounwéogo","Nombre","2014","303342"
"Population du Burkina Faso par province en milieu d'année","Zounwéogo","Nombre","2015","311887"
"Population du Burkina Faso par province en milieu d'année","Zounwéogo","Nombre","2016","320649"
"Population du Burkina Faso par province en milieu d'année","Zounwéogo","Nombre","2017","329623"
"Population du Burkina Faso par province en milieu d'année","Zounwéogo","Nombre","2018","338830"
"Population du Burkina Faso par province en milieu d'année","Zounwéogo","Nombre","2019","312045"
"Population du Burkina Faso par province en milieu d'année","Zounwéogo","Nombre","2020","315105"
"Population du Burkina Faso par province en milieu d'année","Zounwéogo","Nombre","2021","323060"
"Population du Burkina Faso par province en milieu d'année","Zounwéogo","Nombre","2022","331085"
"Population du Burkina Faso par province en milieu d'année","Zounwéogo","Nombre","2023","339167"
