"indicateurs","pays","niveaux-d-enseignement","sexe","type-d-établissement","Unit","Date","Value"
"Taux brut de scolarisation","Burkina Faso","Enseignement préscolaire","Ensemble","n/a","%","2002","1"
"Taux brut de scolarisation","Burkina Faso","Enseignement préscolaire","Ensemble","n/a","%","2003","0.7"
"Taux brut de scolarisation","Burkina Faso","Enseignement préscolaire","Ensemble","n/a","%","2004","1.2"
"Taux brut de scolarisation","Burkina Faso","Enseignement préscolaire","Ensemble","n/a","%","2005","1.3"
"Taux brut de scolarisation","Burkina Faso","Enseignement préscolaire","Ensemble","n/a","%","2006","1.5"
"Taux brut de scolarisation","Burkina Faso","Enseignement préscolaire","Ensemble","n/a","%","2007","2.8"
"Taux brut de scolarisation","Burkina Faso","Enseignement préscolaire","Ensemble","n/a","%","2008","2.7"
"Taux brut de scolarisation","Burkina Faso","Enseignement préscolaire","Ensemble","n/a","%","2009","2.6"
"Taux brut de scolarisation","Burkina Faso","Enseignement préscolaire","Ensemble","n/a","%","2010","2.7"
"Taux brut de scolarisation","Burkina Faso","Enseignement préscolaire","Ensemble","n/a","%","2011","3"
"Taux brut de scolarisation","Burkina Faso","Enseignement préscolaire","Ensemble","n/a","%","2012","3.5"
"Taux brut de scolarisation","Burkina Faso","Enseignement préscolaire","Ensemble","n/a","%","2013","3.8"
"Taux brut de scolarisation","Burkina Faso","Enseignement préscolaire","Ensemble","n/a","%","2014","4"
"Taux brut de scolarisation","Burkina Faso","Enseignement préscolaire","Ensemble","n/a","%","2015","3.9"
"Taux brut de scolarisation","Burkina Faso","Enseignement préscolaire","Ensemble","n/a","%","2016","2.9"
"Taux brut de scolarisation","Burkina Faso","Enseignement préscolaire","Ensemble","n/a","%","2017","3.5"
"Taux brut de scolarisation","Burkina Faso","Enseignement préscolaire","Ensemble","n/a","%","2018","4.1"
"Taux brut de scolarisation","Burkina Faso","Enseignement préscolaire","Ensemble","n/a","%","2019","5.2"
"Taux brut de scolarisation","Burkina Faso","Enseignement préscolaire","Ensemble","n/a","%","2020","6"
"Taux brut de scolarisation","Burkina Faso","Enseignement préscolaire","Ensemble","n/a","%","2021","6.2"
"Taux brut de scolarisation","Burkina Faso","Enseignement préscolaire","Ensemble","n/a","%","2022","6.6"
"Taux brut de scolarisation","Burkina Faso","Enseignement préscolaire","Ensemble","n/a","%","2023","6.6"
"Taux brut de scolarisation","Burkina Faso","Enseignement préscolaire","Ensemble","n/a","%","2024","6.9"
"Taux brut de scolarisation","Burkina Faso","Enseignement préscolaire","Ensemble","n/a","%","2025","8.2"
"Taux brut de scolarisation","Burkina Faso","Enseignement préscolaire","Masculin","n/a","%","2007","2.7"
"Taux brut de scolarisation","Burkina Faso","Enseignement préscolaire","Masculin","n/a","%","2008","2.7"
"Taux brut de scolarisation","Burkina Faso","Enseignement préscolaire","Masculin","n/a","%","2009","2.6"
"Taux brut de scolarisation","Burkina Faso","Enseignement préscolaire","Masculin","n/a","%","2010","2.7"
"Taux brut de scolarisation","Burkina Faso","Enseignement préscolaire","Masculin","n/a","%","2011","3.1"
"Taux brut de scolarisation","Burkina Faso","Enseignement préscolaire","Masculin","n/a","%","2012","3.4"
"Taux brut de scolarisation","Burkina Faso","Enseignement préscolaire","Masculin","n/a","%","2013","3.8"
"Taux brut de scolarisation","Burkina Faso","Enseignement préscolaire","Masculin","n/a","%","2014","3.9"
"Taux brut de scolarisation","Burkina Faso","Enseignement préscolaire","Masculin","n/a","%","2015","3.9"
"Taux brut de scolarisation","Burkina Faso","Enseignement préscolaire","Masculin","n/a","%","2016","2.9"
"Taux brut de scolarisation","Burkina Faso","Enseignement préscolaire","Masculin","n/a","%","2017","3.5"
"Taux brut de scolarisation","Burkina Faso","Enseignement préscolaire","Masculin","n/a","%","2018","4.1"
"Taux brut de scolarisation","Burkina Faso","Enseignement préscolaire","Masculin","n/a","%","2019","5.2"
"Taux brut de scolarisation","Burkina Faso","Enseignement préscolaire","Masculin","n/a","%","2020","5.9"
"Taux brut de scolarisation","Burkina Faso","Enseignement préscolaire","Masculin","n/a","%","2021","6.1"
"Taux brut de scolarisation","Burkina Faso","Enseignement préscolaire","Masculin","n/a","%","2022","6.5"
"Taux brut de scolarisation","Burkina Faso","Enseignement préscolaire","Masculin","n/a","%","2023","6.5"
"Taux brut de scolarisation","Burkina Faso","Enseignement préscolaire","Masculin","n/a","%","2024","6.9"
"Taux brut de scolarisation","Burkina Faso","Enseignement préscolaire","Masculin","n/a","%","2025","8.2"
"Taux brut de scolarisation","Burkina Faso","Enseignement préscolaire","Féminin","n/a","%","2007","2.8"
"Taux brut de scolarisation","Burkina Faso","Enseignement préscolaire","Féminin","n/a","%","2008","2.8"
"Taux brut de scolarisation","Burkina Faso","Enseignement préscolaire","Féminin","n/a","%","2009","2.6"
"Taux brut de scolarisation","Burkina Faso","Enseignement préscolaire","Féminin","n/a","%","2010","2.7"
"Taux brut de scolarisation","Burkina Faso","Enseignement préscolaire","Féminin","n/a","%","2011","2.9"
"Taux brut de scolarisation","Burkina Faso","Enseignement préscolaire","Féminin","n/a","%","2012","3.6"
"Taux brut de scolarisation","Burkina Faso","Enseignement préscolaire","Féminin","n/a","%","2013","3.9"
"Taux brut de scolarisation","Burkina Faso","Enseignement préscolaire","Féminin","n/a","%","2014","4"
"Taux brut de scolarisation","Burkina Faso","Enseignement préscolaire","Féminin","n/a","%","2015","4"
"Taux brut de scolarisation","Burkina Faso","Enseignement préscolaire","Féminin","n/a","%","2016","2.9"
"Taux brut de scolarisation","Burkina Faso","Enseignement préscolaire","Féminin","n/a","%","2017","3.5"
"Taux brut de scolarisation","Burkina Faso","Enseignement préscolaire","Féminin","n/a","%","2018","4.1"
"Taux brut de scolarisation","Burkina Faso","Enseignement préscolaire","Féminin","n/a","%","2019","5.2"
"Taux brut de scolarisation","Burkina Faso","Enseignement préscolaire","Féminin","n/a","%","2020","6"
"Taux brut de scolarisation","Burkina Faso","Enseignement préscolaire","Féminin","n/a","%","2021","6.2"
"Taux brut de scolarisation","Burkina Faso","Enseignement préscolaire","Féminin","n/a","%","2022","6.6"
"Taux brut de scolarisation","Burkina Faso","Enseignement préscolaire","Féminin","n/a","%","2023","6.6"
"Taux brut de scolarisation","Burkina Faso","Enseignement préscolaire","Féminin","n/a","%","2024","7"
"Taux brut de scolarisation","Burkina Faso","Enseignement préscolaire","Féminin","n/a","%","2025","8.2"
"Taux brut de scolarisation","Burkina Faso","Enseignement primaire","Ensemble","n/a","%","1990","28.9"
"Taux brut de scolarisation","Burkina Faso","Enseignement primaire","Ensemble","n/a","%","1991","30"
"Taux brut de scolarisation","Burkina Faso","Enseignement primaire","Ensemble","n/a","%","1992","30.7"
"Taux brut de scolarisation","Burkina Faso","Enseignement primaire","Ensemble","n/a","%","1993","31.7"
"Taux brut de scolarisation","Burkina Faso","Enseignement primaire","Ensemble","n/a","%","1994","33.8"
"Taux brut de scolarisation","Burkina Faso","Enseignement primaire","Ensemble","n/a","%","1995","35.7"
"Taux brut de scolarisation","Burkina Faso","Enseignement primaire","Ensemble","n/a","%","1996","37.5"
"Taux brut de scolarisation","Burkina Faso","Enseignement primaire","Ensemble","n/a","%","1997","38.4"
"Taux brut de scolarisation","Burkina Faso","Enseignement primaire","Ensemble","n/a","%","1998","40.9"
"Taux brut de scolarisation","Burkina Faso","Enseignement primaire","Ensemble","n/a","%","1999","40.5"
"Taux brut de scolarisation","Burkina Faso","Enseignement primaire","Ensemble","n/a","%","2000","41.3"
"Taux brut de scolarisation","Burkina Faso","Enseignement primaire","Ensemble","n/a","%","2001","42.7"
"Taux brut de scolarisation","Burkina Faso","Enseignement primaire","Ensemble","n/a","%","2002","45.1"
"Taux brut de scolarisation","Burkina Faso","Enseignement primaire","Ensemble","n/a","%","2003","48.7"
"Taux brut de scolarisation","Burkina Faso","Enseignement primaire","Ensemble","n/a","%","2004","53.3"
"Taux brut de scolarisation","Burkina Faso","Enseignement primaire","Ensemble","n/a","%","2005","57.7"
"Taux brut de scolarisation","Burkina Faso","Enseignement primaire","Ensemble","n/a","%","2006","61.4"
"Taux brut de scolarisation","Burkina Faso","Enseignement primaire","Ensemble","n/a","%","2007","67"
"Taux brut de scolarisation","Burkina Faso","Enseignement primaire","Ensemble","n/a","%","2008","71.8"
"Taux brut de scolarisation","Burkina Faso","Enseignement primaire","Ensemble","n/a","%","2009","72.4"
"Taux brut de scolarisation","Burkina Faso","Enseignement primaire","Ensemble","n/a","%","2010","74.8"
"Taux brut de scolarisation","Burkina Faso","Enseignement primaire","Ensemble","n/a","%","2011","77.6"
"Taux brut de scolarisation","Burkina Faso","Enseignement primaire","Ensemble","n/a","%","2012","79.6"
"Taux brut de scolarisation","Burkina Faso","Enseignement primaire","Ensemble","n/a","%","2013","81.3"
"Taux brut de scolarisation","Burkina Faso","Enseignement primaire","Ensemble","n/a","%","2014","83"
"Taux brut de scolarisation","Burkina Faso","Enseignement primaire","Ensemble","n/a","%","2015","83.7"
"Taux brut de scolarisation","Burkina Faso","Enseignement primaire","Ensemble","n/a","%","2016","86.1"
"Taux brut de scolarisation","Burkina Faso","Enseignement primaire","Ensemble","n/a","%","2017","88.5"
"Taux brut de scolarisation","Burkina Faso","Enseignement primaire","Ensemble","n/a","%","2018","90.7"
"Taux brut de scolarisation","Burkina Faso","Enseignement primaire","Ensemble","n/a","%","2019","88.8"
"Taux brut de scolarisation","Burkina Faso","Enseignement primaire","Ensemble","n/a","%","2020","86.6"
"Taux brut de scolarisation","Burkina Faso","Enseignement primaire","Ensemble","n/a","%","2021","86.1"
"Taux brut de scolarisation","Burkina Faso","Enseignement primaire","Ensemble","n/a","%","2022","85.8"
"Taux brut de scolarisation","Burkina Faso","Enseignement primaire","Ensemble","n/a","%","2023","74.4"
"Taux brut de scolarisation","Burkina Faso","Enseignement primaire","Ensemble","n/a","%","2024","78.2"
"Taux brut de scolarisation","Burkina Faso","Enseignement primaire","Ensemble","n/a","%","2025","78.7"
"Taux brut de scolarisation","Burkina Faso","Enseignement primaire","Masculin","n/a","%","1990","35"
"Taux brut de scolarisation","Burkina Faso","Enseignement primaire","Masculin","n/a","%","1991","38.1"
"Taux brut de scolarisation","Burkina Faso","Enseignement primaire","Masculin","n/a","%","1992","36.8"
"Taux brut de scolarisation","Burkina Faso","Enseignement primaire","Masculin","n/a","%","1993","38"
"Taux brut de scolarisation","Burkina Faso","Enseignement primaire","Masculin","n/a","%","1994","40.4"
"Taux brut de scolarisation","Burkina Faso","Enseignement primaire","Masculin","n/a","%","1995","42.5"
"Taux brut de scolarisation","Burkina Faso","Enseignement primaire","Masculin","n/a","%","1996","44.6"
"Taux brut de scolarisation","Burkina Faso","Enseignement primaire","Masculin","n/a","%","1997","45.4"
"Taux brut de scolarisation","Burkina Faso","Enseignement primaire","Masculin","n/a","%","1998","48"
"Taux brut de scolarisation","Burkina Faso","Enseignement primaire","Masculin","n/a","%","1999","47.1"
"Taux brut de scolarisation","Burkina Faso","Enseignement primaire","Masculin","n/a","%","2000","47.7"
"Taux brut de scolarisation","Burkina Faso","Enseignement primaire","Masculin","n/a","%","2001","48.9"
"Taux brut de scolarisation","Burkina Faso","Enseignement primaire","Masculin","n/a","%","2002","51.2"
"Taux brut de scolarisation","Burkina Faso","Enseignement primaire","Masculin","n/a","%","2003","56.3"
"Taux brut de scolarisation","Burkina Faso","Enseignement primaire","Masculin","n/a","%","2004","60.5"
"Taux brut de scolarisation","Burkina Faso","Enseignement primaire","Masculin","n/a","%","2005","64.9"
"Taux brut de scolarisation","Burkina Faso","Enseignement primaire","Masculin","n/a","%","2006","68.4"
"Taux brut de scolarisation","Burkina Faso","Enseignement primaire","Masculin","n/a","%","2007","73.8"
"Taux brut de scolarisation","Burkina Faso","Enseignement primaire","Masculin","n/a","%","2008","77.9"
"Taux brut de scolarisation","Burkina Faso","Enseignement primaire","Masculin","n/a","%","2009","77.1"
"Taux brut de scolarisation","Burkina Faso","Enseignement primaire","Masculin","n/a","%","2010","78.3"
"Taux brut de scolarisation","Burkina Faso","Enseignement primaire","Masculin","n/a","%","2011","80.2"
"Taux brut de scolarisation","Burkina Faso","Enseignement primaire","Masculin","n/a","%","2012","81.1"
"Taux brut de scolarisation","Burkina Faso","Enseignement primaire","Masculin","n/a","%","2013","81.6"
"Taux brut de scolarisation","Burkina Faso","Enseignement primaire","Masculin","n/a","%","2014","82.8"
"Taux brut de scolarisation","Burkina Faso","Enseignement primaire","Masculin","n/a","%","2015","83.6"
"Taux brut de scolarisation","Burkina Faso","Enseignement primaire","Masculin","n/a","%","2016","85.9"
"Taux brut de scolarisation","Burkina Faso","Enseignement primaire","Masculin","n/a","%","2017","88.1"
"Taux brut de scolarisation","Burkina Faso","Enseignement primaire","Masculin","n/a","%","2018","90.6"
"Taux brut de scolarisation","Burkina Faso","Enseignement primaire","Masculin","n/a","%","2019","88.4"
"Taux brut de scolarisation","Burkina Faso","Enseignement primaire","Masculin","n/a","%","2020","85.8"
"Taux brut de scolarisation","Burkina Faso","Enseignement primaire","Masculin","n/a","%","2021","84.9"
"Taux brut de scolarisation","Burkina Faso","Enseignement primaire","Masculin","n/a","%","2022","85.2"
"Taux brut de scolarisation","Burkina Faso","Enseignement primaire","Masculin","n/a","%","2023","73"
"Taux brut de scolarisation","Burkina Faso","Enseignement primaire","Masculin","n/a","%","2024","76.6"
"Taux brut de scolarisation","Burkina Faso","Enseignement primaire","Masculin","n/a","%","2025","78.9"
"Taux brut de scolarisation","Burkina Faso","Enseignement primaire","Féminin","n/a","%","1990","22.4"
"Taux brut de scolarisation","Burkina Faso","Enseignement primaire","Féminin","n/a","%","1991","23.6"
"Taux brut de scolarisation","Burkina Faso","Enseignement primaire","Féminin","n/a","%","1992","24.3"
"Taux brut de scolarisation","Burkina Faso","Enseignement primaire","Féminin","n/a","%","1993","25.2"
"Taux brut de scolarisation","Burkina Faso","Enseignement primaire","Féminin","n/a","%","1994","27"
"Taux brut de scolarisation","Burkina Faso","Enseignement primaire","Féminin","n/a","%","1995","28.6"
"Taux brut de scolarisation","Burkina Faso","Enseignement primaire","Féminin","n/a","%","1996","30.1"
"Taux brut de scolarisation","Burkina Faso","Enseignement primaire","Féminin","n/a","%","1997","31.1"
"Taux brut de scolarisation","Burkina Faso","Enseignement primaire","Féminin","n/a","%","1998","33.4"
"Taux brut de scolarisation","Burkina Faso","Enseignement primaire","Féminin","n/a","%","1999","33.6"
"Taux brut de scolarisation","Burkina Faso","Enseignement primaire","Féminin","n/a","%","2000","34.8"
"Taux brut de scolarisation","Burkina Faso","Enseignement primaire","Féminin","n/a","%","2001","36.2"
"Taux brut de scolarisation","Burkina Faso","Enseignement primaire","Féminin","n/a","%","2002","38.6"
"Taux brut de scolarisation","Burkina Faso","Enseignement primaire","Féminin","n/a","%","2003","41.1"
"Taux brut de scolarisation","Burkina Faso","Enseignement primaire","Féminin","n/a","%","2004","46.1"
"Taux brut de scolarisation","Burkina Faso","Enseignement primaire","Féminin","n/a","%","2005","50.5"
"Taux brut de scolarisation","Burkina Faso","Enseignement primaire","Féminin","n/a","%","2006","54.3"
"Taux brut de scolarisation","Burkina Faso","Enseignement primaire","Féminin","n/a","%","2007","60.1"
"Taux brut de scolarisation","Burkina Faso","Enseignement primaire","Féminin","n/a","%","2008","65.7"
"Taux brut de scolarisation","Burkina Faso","Enseignement primaire","Féminin","n/a","%","2009","67.7"
"Taux brut de scolarisation","Burkina Faso","Enseignement primaire","Féminin","n/a","%","2010","71.2"
"Taux brut de scolarisation","Burkina Faso","Enseignement primaire","Féminin","n/a","%","2011","75"
"Taux brut de scolarisation","Burkina Faso","Enseignement primaire","Féminin","n/a","%","2012","78.1"
"Taux brut de scolarisation","Burkina Faso","Enseignement primaire","Féminin","n/a","%","2013","81"
"Taux brut de scolarisation","Burkina Faso","Enseignement primaire","Féminin","n/a","%","2014","83.2"
"Taux brut de scolarisation","Burkina Faso","Enseignement primaire","Féminin","n/a","%","2015","83.9"
"Taux brut de scolarisation","Burkina Faso","Enseignement primaire","Féminin","n/a","%","2016","86.4"
"Taux brut de scolarisation","Burkina Faso","Enseignement primaire","Féminin","n/a","%","2017","89"
"Taux brut de scolarisation","Burkina Faso","Enseignement primaire","Féminin","n/a","%","2018","90.9"
"Taux brut de scolarisation","Burkina Faso","Enseignement primaire","Féminin","n/a","%","2019","89.2"
"Taux brut de scolarisation","Burkina Faso","Enseignement primaire","Féminin","n/a","%","2020","87.5"
"Taux brut de scolarisation","Burkina Faso","Enseignement primaire","Féminin","n/a","%","2021","87.3"
"Taux brut de scolarisation","Burkina Faso","Enseignement primaire","Féminin","n/a","%","2022","86.4"
"Taux brut de scolarisation","Burkina Faso","Enseignement primaire","Féminin","n/a","%","2023","75.8"
"Taux brut de scolarisation","Burkina Faso","Enseignement primaire","Féminin","n/a","%","2024","80"
"Taux brut de scolarisation","Burkina Faso","Enseignement primaire","Féminin","n/a","%","2025","78.5"
"Taux brut de scolarisation","Burkina Faso","Enseignement du premier cycle du secondaire","Ensemble","n/a","%","1998","14"
"Taux brut de scolarisation","Burkina Faso","Enseignement du premier cycle du secondaire","Ensemble","n/a","%","1999","14"
"Taux brut de scolarisation","Burkina Faso","Enseignement du premier cycle du secondaire","Ensemble","n/a","%","2000","14.8"
"Taux brut de scolarisation","Burkina Faso","Enseignement du premier cycle du secondaire","Ensemble","n/a","%","2001","15"
"Taux brut de scolarisation","Burkina Faso","Enseignement du premier cycle du secondaire","Ensemble","n/a","%","2002","15.9"
"Taux brut de scolarisation","Burkina Faso","Enseignement du premier cycle du secondaire","Ensemble","n/a","%","2003","17.6"
"Taux brut de scolarisation","Burkina Faso","Enseignement du premier cycle du secondaire","Ensemble","n/a","%","2004","18.7"
"Taux brut de scolarisation","Burkina Faso","Enseignement du premier cycle du secondaire","Ensemble","n/a","%","2005","20.3"
"Taux brut de scolarisation","Burkina Faso","Enseignement du premier cycle du secondaire","Ensemble","n/a","%","2006","21.1"
"Taux brut de scolarisation","Burkina Faso","Enseignement du premier cycle du secondaire","Ensemble","n/a","%","2007","22.4"
"Taux brut de scolarisation","Burkina Faso","Enseignement du premier cycle du secondaire","Ensemble","n/a","%","2008","26.4"
"Taux brut de scolarisation","Burkina Faso","Enseignement du premier cycle du secondaire","Ensemble","n/a","%","2009","26.4"
"Taux brut de scolarisation","Burkina Faso","Enseignement du premier cycle du secondaire","Ensemble","n/a","%","2010","29.7"
"Taux brut de scolarisation","Burkina Faso","Enseignement du premier cycle du secondaire","Ensemble","n/a","%","2011","32.3"
"Taux brut de scolarisation","Burkina Faso","Enseignement du premier cycle du secondaire","Ensemble","n/a","%","2012","34.9"
"Taux brut de scolarisation","Burkina Faso","Enseignement du premier cycle du secondaire","Ensemble","n/a","%","2013","36.7"
"Taux brut de scolarisation","Burkina Faso","Enseignement du premier cycle du secondaire","Ensemble","n/a","%","2014","40.2"
"Taux brut de scolarisation","Burkina Faso","Enseignement du premier cycle du secondaire","Ensemble","n/a","%","2015","44.9"
"Taux brut de scolarisation","Burkina Faso","Enseignement du premier cycle du secondaire","Ensemble","n/a","%","2016","46.6"
"Taux brut de scolarisation","Burkina Faso","Enseignement du premier cycle du secondaire","Ensemble","n/a","%","2017","49"
"Taux brut de scolarisation","Burkina Faso","Enseignement du premier cycle du secondaire","Ensemble","n/a","%","2018","52"
"Taux brut de scolarisation","Burkina Faso","Enseignement du premier cycle du secondaire","Ensemble","n/a","%","2019","50.6"
"Taux brut de scolarisation","Burkina Faso","Enseignement du premier cycle du secondaire","Ensemble","n/a","%","2020","49.3"
"Taux brut de scolarisation","Burkina Faso","Enseignement du premier cycle du secondaire","Ensemble","n/a","%","2021","47.3"
"Taux brut de scolarisation","Burkina Faso","Enseignement du premier cycle du secondaire","Ensemble","n/a","%","2022","45.2"
"Taux brut de scolarisation","Burkina Faso","Enseignement du premier cycle du secondaire","Ensemble","n/a","%","2023","40.9"
"Taux brut de scolarisation","Burkina Faso","Enseignement du premier cycle du secondaire","Ensemble","n/a","%","2024","40.6"
"Taux brut de scolarisation","Burkina Faso","Enseignement du premier cycle du secondaire","Masculin","n/a","%","1998","17.2"
"Taux brut de scolarisation","Burkina Faso","Enseignement du premier cycle du secondaire","Masculin","n/a","%","1999","17.1"
"Taux brut de scolarisation","Burkina Faso","Enseignement du premier cycle du secondaire","Masculin","n/a","%","2000","17.6"
"Taux brut de scolarisation","Burkina Faso","Enseignement du premier cycle du secondaire","Masculin","n/a","%","2001","17.9"
"Taux brut de scolarisation","Burkina Faso","Enseignement du premier cycle du secondaire","Masculin","n/a","%","2002","19"
"Taux brut de scolarisation","Burkina Faso","Enseignement du premier cycle du secondaire","Masculin","n/a","%","2003","20.8"
"Taux brut de scolarisation","Burkina Faso","Enseignement du premier cycle du secondaire","Masculin","n/a","%","2004","22.1"
"Taux brut de scolarisation","Burkina Faso","Enseignement du premier cycle du secondaire","Masculin","n/a","%","2005","23.2"
"Taux brut de scolarisation","Burkina Faso","Enseignement du premier cycle du secondaire","Masculin","n/a","%","2006","24.6"
"Taux brut de scolarisation","Burkina Faso","Enseignement du premier cycle du secondaire","Masculin","n/a","%","2007","25.9"
"Taux brut de scolarisation","Burkina Faso","Enseignement du premier cycle du secondaire","Masculin","n/a","%","2008","30.4"
"Taux brut de scolarisation","Burkina Faso","Enseignement du premier cycle du secondaire","Masculin","n/a","%","2009","30.4"
"Taux brut de scolarisation","Burkina Faso","Enseignement du premier cycle du secondaire","Masculin","n/a","%","2010","33.6"
"Taux brut de scolarisation","Burkina Faso","Enseignement du premier cycle du secondaire","Masculin","n/a","%","2011","36"
"Taux brut de scolarisation","Burkina Faso","Enseignement du premier cycle du secondaire","Masculin","n/a","%","2012","38.1"
"Taux brut de scolarisation","Burkina Faso","Enseignement du premier cycle du secondaire","Masculin","n/a","%","2013","39"
"Taux brut de scolarisation","Burkina Faso","Enseignement du premier cycle du secondaire","Masculin","n/a","%","2014","41.9"
"Taux brut de scolarisation","Burkina Faso","Enseignement du premier cycle du secondaire","Masculin","n/a","%","2015","45.3"
"Taux brut de scolarisation","Burkina Faso","Enseignement du premier cycle du secondaire","Masculin","n/a","%","2016","46"
"Taux brut de scolarisation","Burkina Faso","Enseignement du premier cycle du secondaire","Masculin","n/a","%","2017","47.7"
"Taux brut de scolarisation","Burkina Faso","Enseignement du premier cycle du secondaire","Masculin","n/a","%","2018","49.6"
"Taux brut de scolarisation","Burkina Faso","Enseignement du premier cycle du secondaire","Masculin","n/a","%","2019","47.2"
"Taux brut de scolarisation","Burkina Faso","Enseignement du premier cycle du secondaire","Masculin","n/a","%","2020","45.3"
"Taux brut de scolarisation","Burkina Faso","Enseignement du premier cycle du secondaire","Masculin","n/a","%","2021","42.5"
"Taux brut de scolarisation","Burkina Faso","Enseignement du premier cycle du secondaire","Masculin","n/a","%","2022","41.8"
"Taux brut de scolarisation","Burkina Faso","Enseignement du premier cycle du secondaire","Masculin","n/a","%","2023","37.2"
"Taux brut de scolarisation","Burkina Faso","Enseignement du premier cycle du secondaire","Masculin","n/a","%","2024","36.2"
"Taux brut de scolarisation","Burkina Faso","Enseignement du premier cycle du secondaire","Féminin","n/a","%","1998","10.9"
"Taux brut de scolarisation","Burkina Faso","Enseignement du premier cycle du secondaire","Féminin","n/a","%","1999","10.9"
"Taux brut de scolarisation","Burkina Faso","Enseignement du premier cycle du secondaire","Féminin","n/a","%","2000","11.9"
"Taux brut de scolarisation","Burkina Faso","Enseignement du premier cycle du secondaire","Féminin","n/a","%","2001","12.1"
"Taux brut de scolarisation","Burkina Faso","Enseignement du premier cycle du secondaire","Féminin","n/a","%","2002","12.8"
"Taux brut de scolarisation","Burkina Faso","Enseignement du premier cycle du secondaire","Féminin","n/a","%","2003","14.4"
"Taux brut de scolarisation","Burkina Faso","Enseignement du premier cycle du secondaire","Féminin","n/a","%","2004","15.4"
"Taux brut de scolarisation","Burkina Faso","Enseignement du premier cycle du secondaire","Féminin","n/a","%","2005","17.3"
"Taux brut de scolarisation","Burkina Faso","Enseignement du premier cycle du secondaire","Féminin","n/a","%","2006","17.7"
"Taux brut de scolarisation","Burkina Faso","Enseignement du premier cycle du secondaire","Féminin","n/a","%","2007","19"
"Taux brut de scolarisation","Burkina Faso","Enseignement du premier cycle du secondaire","Féminin","n/a","%","2008","22.5"
"Taux brut de scolarisation","Burkina Faso","Enseignement du premier cycle du secondaire","Féminin","n/a","%","2009","22.5"
"Taux brut de scolarisation","Burkina Faso","Enseignement du premier cycle du secondaire","Féminin","n/a","%","2010","25.8"
"Taux brut de scolarisation","Burkina Faso","Enseignement du premier cycle du secondaire","Féminin","n/a","%","2011","28.6"
"Taux brut de scolarisation","Burkina Faso","Enseignement du premier cycle du secondaire","Féminin","n/a","%","2012","31.7"
"Taux brut de scolarisation","Burkina Faso","Enseignement du premier cycle du secondaire","Féminin","n/a","%","2013","34.4"
"Taux brut de scolarisation","Burkina Faso","Enseignement du premier cycle du secondaire","Féminin","n/a","%","2014","38.4"
"Taux brut de scolarisation","Burkina Faso","Enseignement du premier cycle du secondaire","Féminin","n/a","%","2015","44.4"
"Taux brut de scolarisation","Burkina Faso","Enseignement du premier cycle du secondaire","Féminin","n/a","%","2016","47.2"
"Taux brut de scolarisation","Burkina Faso","Enseignement du premier cycle du secondaire","Féminin","n/a","%","2017","50.5"
"Taux brut de scolarisation","Burkina Faso","Enseignement du premier cycle du secondaire","Féminin","n/a","%","2018","54.6"
"Taux brut de scolarisation","Burkina Faso","Enseignement du premier cycle du secondaire","Féminin","n/a","%","2019","54.2"
"Taux brut de scolarisation","Burkina Faso","Enseignement du premier cycle du secondaire","Féminin","n/a","%","2020","53.6"
"Taux brut de scolarisation","Burkina Faso","Enseignement du premier cycle du secondaire","Féminin","n/a","%","2021","52.5"
"Taux brut de scolarisation","Burkina Faso","Enseignement du premier cycle du secondaire","Féminin","n/a","%","2022","48.5"
"Taux brut de scolarisation","Burkina Faso","Enseignement du premier cycle du secondaire","Féminin","n/a","%","2023","44.6"
"Taux brut de scolarisation","Burkina Faso","Enseignement du premier cycle du secondaire","Féminin","n/a","%","2024","45"
"Taux brut de scolarisation","Burkina Faso","Enseignement du deuxième cycle du secondaire","Ensemble","n/a","%","1998","5"
"Taux brut de scolarisation","Burkina Faso","Enseignement du deuxième cycle du secondaire","Ensemble","n/a","%","1999","5.2"
"Taux brut de scolarisation","Burkina Faso","Enseignement du deuxième cycle du secondaire","Ensemble","n/a","%","2000","5.7"
"Taux brut de scolarisation","Burkina Faso","Enseignement du deuxième cycle du secondaire","Ensemble","n/a","%","2001","5.9"
"Taux brut de scolarisation","Burkina Faso","Enseignement du deuxième cycle du secondaire","Ensemble","n/a","%","2002","5.6"
"Taux brut de scolarisation","Burkina Faso","Enseignement du deuxième cycle du secondaire","Ensemble","n/a","%","2003","5.6"
"Taux brut de scolarisation","Burkina Faso","Enseignement du deuxième cycle du secondaire","Ensemble","n/a","%","2004","6.7"
"Taux brut de scolarisation","Burkina Faso","Enseignement du deuxième cycle du secondaire","Ensemble","n/a","%","2005","8"
"Taux brut de scolarisation","Burkina Faso","Enseignement du deuxième cycle du secondaire","Ensemble","n/a","%","2006","7.7"
"Taux brut de scolarisation","Burkina Faso","Enseignement du deuxième cycle du secondaire","Ensemble","n/a","%","2007","8.5"
"Taux brut de scolarisation","Burkina Faso","Enseignement du deuxième cycle du secondaire","Ensemble","n/a","%","2008","9.1"
"Taux brut de scolarisation","Burkina Faso","Enseignement du deuxième cycle du secondaire","Ensemble","n/a","%","2009","10.2"
"Taux brut de scolarisation","Burkina Faso","Enseignement du deuxième cycle du secondaire","Ensemble","n/a","%","2010","10.4"
"Taux brut de scolarisation","Burkina Faso","Enseignement du deuxième cycle du secondaire","Ensemble","n/a","%","2011","10.7"
"Taux brut de scolarisation","Burkina Faso","Enseignement du deuxième cycle du secondaire","Ensemble","n/a","%","2012","11.3"
"Taux brut de scolarisation","Burkina Faso","Enseignement du deuxième cycle du secondaire","Ensemble","n/a","%","2013","13.9"
"Taux brut de scolarisation","Burkina Faso","Enseignement du deuxième cycle du secondaire","Ensemble","n/a","%","2014","12.8"
"Taux brut de scolarisation","Burkina Faso","Enseignement du deuxième cycle du secondaire","Ensemble","n/a","%","2015","13.2"
"Taux brut de scolarisation","Burkina Faso","Enseignement du deuxième cycle du secondaire","Ensemble","n/a","%","2016","15"
"Taux brut de scolarisation","Burkina Faso","Enseignement du deuxième cycle du secondaire","Ensemble","n/a","%","2017","16.2"
"Taux brut de scolarisation","Burkina Faso","Enseignement du deuxième cycle du secondaire","Ensemble","n/a","%","2018","17.6"
"Taux brut de scolarisation","Burkina Faso","Enseignement du deuxième cycle du secondaire","Ensemble","n/a","%","2019","21.6"
"Taux brut de scolarisation","Burkina Faso","Enseignement du deuxième cycle du secondaire","Ensemble","n/a","%","2020","21.9"
"Taux brut de scolarisation","Burkina Faso","Enseignement du deuxième cycle du secondaire","Ensemble","n/a","%","2021","22.3"
"Taux brut de scolarisation","Burkina Faso","Enseignement du deuxième cycle du secondaire","Ensemble","n/a","%","2022","21.6"
"Taux brut de scolarisation","Burkina Faso","Enseignement du deuxième cycle du secondaire","Ensemble","n/a","%","2023","20.7"
"Taux brut de scolarisation","Burkina Faso","Enseignement du deuxième cycle du secondaire","Ensemble","n/a","%","2024","19"
"Taux brut de scolarisation","Burkina Faso","Enseignement du deuxième cycle du secondaire","Masculin","n/a","%","1998","7.3"
"Taux brut de scolarisation","Burkina Faso","Enseignement du deuxième cycle du secondaire","Masculin","n/a","%","1999","7.6"
"Taux brut de scolarisation","Burkina Faso","Enseignement du deuxième cycle du secondaire","Masculin","n/a","%","2000","8.1"
"Taux brut de scolarisation","Burkina Faso","Enseignement du deuxième cycle du secondaire","Masculin","n/a","%","2001","8.3"
"Taux brut de scolarisation","Burkina Faso","Enseignement du deuxième cycle du secondaire","Masculin","n/a","%","2002","7.7"
"Taux brut de scolarisation","Burkina Faso","Enseignement du deuxième cycle du secondaire","Masculin","n/a","%","2003","7.8"
"Taux brut de scolarisation","Burkina Faso","Enseignement du deuxième cycle du secondaire","Masculin","n/a","%","2004","9.2"
"Taux brut de scolarisation","Burkina Faso","Enseignement du deuxième cycle du secondaire","Masculin","n/a","%","2005","10.6"
"Taux brut de scolarisation","Burkina Faso","Enseignement du deuxième cycle du secondaire","Masculin","n/a","%","2006","10.4"
"Taux brut de scolarisation","Burkina Faso","Enseignement du deuxième cycle du secondaire","Masculin","n/a","%","2007","11.4"
"Taux brut de scolarisation","Burkina Faso","Enseignement du deuxième cycle du secondaire","Masculin","n/a","%","2008","12.2"
"Taux brut de scolarisation","Burkina Faso","Enseignement du deuxième cycle du secondaire","Masculin","n/a","%","2009","12.9"
"Taux brut de scolarisation","Burkina Faso","Enseignement du deuxième cycle du secondaire","Masculin","n/a","%","2010","13.3"
"Taux brut de scolarisation","Burkina Faso","Enseignement du deuxième cycle du secondaire","Masculin","n/a","%","2011","13.9"
"Taux brut de scolarisation","Burkina Faso","Enseignement du deuxième cycle du secondaire","Masculin","n/a","%","2012","14.4"
"Taux brut de scolarisation","Burkina Faso","Enseignement du deuxième cycle du secondaire","Masculin","n/a","%","2013","17.2"
"Taux brut de scolarisation","Burkina Faso","Enseignement du deuxième cycle du secondaire","Masculin","n/a","%","2014","15.9"
"Taux brut de scolarisation","Burkina Faso","Enseignement du deuxième cycle du secondaire","Masculin","n/a","%","2015","16.3"
"Taux brut de scolarisation","Burkina Faso","Enseignement du deuxième cycle du secondaire","Masculin","n/a","%","2016","18.2"
"Taux brut de scolarisation","Burkina Faso","Enseignement du deuxième cycle du secondaire","Masculin","n/a","%","2017","19.4"
"Taux brut de scolarisation","Burkina Faso","Enseignement du deuxième cycle du secondaire","Masculin","n/a","%","2018","20.6"
"Taux brut de scolarisation","Burkina Faso","Enseignement du deuxième cycle du secondaire","Masculin","n/a","%","2019","24.2"
"Taux brut de scolarisation","Burkina Faso","Enseignement du deuxième cycle du secondaire","Masculin","n/a","%","2020","24"
"Taux brut de scolarisation","Burkina Faso","Enseignement du deuxième cycle du secondaire","Masculin","n/a","%","2021","23.4"
"Taux brut de scolarisation","Burkina Faso","Enseignement du deuxième cycle du secondaire","Masculin","n/a","%","2022","23.3"
"Taux brut de scolarisation","Burkina Faso","Enseignement du deuxième cycle du secondaire","Masculin","n/a","%","2023","21.6"
"Taux brut de scolarisation","Burkina Faso","Enseignement du deuxième cycle du secondaire","Masculin","n/a","%","2024","19.2"
"Taux brut de scolarisation","Burkina Faso","Enseignement du deuxième cycle du secondaire","Féminin","n/a","%","1998","2.8"
"Taux brut de scolarisation","Burkina Faso","Enseignement du deuxième cycle du secondaire","Féminin","n/a","%","1999","3.1"
"Taux brut de scolarisation","Burkina Faso","Enseignement du deuxième cycle du secondaire","Féminin","n/a","%","2000","3.5"
"Taux brut de scolarisation","Burkina Faso","Enseignement du deuxième cycle du secondaire","Féminin","n/a","%","2001","3.8"
"Taux brut de scolarisation","Burkina Faso","Enseignement du deuxième cycle du secondaire","Féminin","n/a","%","2002","3.8"
"Taux brut de scolarisation","Burkina Faso","Enseignement du deuxième cycle du secondaire","Féminin","n/a","%","2003","3.7"
"Taux brut de scolarisation","Burkina Faso","Enseignement du deuxième cycle du secondaire","Féminin","n/a","%","2004","4.6"
"Taux brut de scolarisation","Burkina Faso","Enseignement du deuxième cycle du secondaire","Féminin","n/a","%","2005","5.6"
"Taux brut de scolarisation","Burkina Faso","Enseignement du deuxième cycle du secondaire","Féminin","n/a","%","2006","5.4"
"Taux brut de scolarisation","Burkina Faso","Enseignement du deuxième cycle du secondaire","Féminin","n/a","%","2007","6"
"Taux brut de scolarisation","Burkina Faso","Enseignement du deuxième cycle du secondaire","Féminin","n/a","%","2008","6.4"
"Taux brut de scolarisation","Burkina Faso","Enseignement du deuxième cycle du secondaire","Féminin","n/a","%","2009","7.5"
"Taux brut de scolarisation","Burkina Faso","Enseignement du deuxième cycle du secondaire","Féminin","n/a","%","2010","7.6"
"Taux brut de scolarisation","Burkina Faso","Enseignement du deuxième cycle du secondaire","Féminin","n/a","%","2011","7.7"
"Taux brut de scolarisation","Burkina Faso","Enseignement du deuxième cycle du secondaire","Féminin","n/a","%","2012","8.3"
"Taux brut de scolarisation","Burkina Faso","Enseignement du deuxième cycle du secondaire","Féminin","n/a","%","2013","10.6"
"Taux brut de scolarisation","Burkina Faso","Enseignement du deuxième cycle du secondaire","Féminin","n/a","%","2014","9.8"
"Taux brut de scolarisation","Burkina Faso","Enseignement du deuxième cycle du secondaire","Féminin","n/a","%","2015","10.1"
"Taux brut de scolarisation","Burkina Faso","Enseignement du deuxième cycle du secondaire","Féminin","n/a","%","2016","11.8"
"Taux brut de scolarisation","Burkina Faso","Enseignement du deuxième cycle du secondaire","Féminin","n/a","%","2017","13.1"
"Taux brut de scolarisation","Burkina Faso","Enseignement du deuxième cycle du secondaire","Féminin","n/a","%","2018","14.5"
"Taux brut de scolarisation","Burkina Faso","Enseignement du deuxième cycle du secondaire","Féminin","n/a","%","2019","19"
"Taux brut de scolarisation","Burkina Faso","Enseignement du deuxième cycle du secondaire","Féminin","n/a","%","2020","19.8"
"Taux brut de scolarisation","Burkina Faso","Enseignement du deuxième cycle du secondaire","Féminin","n/a","%","2021","21.2"
"Taux brut de scolarisation","Burkina Faso","Enseignement du deuxième cycle du secondaire","Féminin","n/a","%","2022","20"
"Taux brut de scolarisation","Burkina Faso","Enseignement du deuxième cycle du secondaire","Féminin","n/a","%","2023","19.9"
"Taux brut de scolarisation","Burkina Faso","Enseignement du deuxième cycle du secondaire","Féminin","n/a","%","2024","18.9"
"Effectifs des enfants  scolarisés","Burkina Faso","Enseignement préscolaire","Ensemble","Ensemble","Milliers enfants","2001","12.4"
"Effectifs des enfants  scolarisés","Burkina Faso","Enseignement préscolaire","Ensemble","Ensemble","Milliers enfants","2002","12.7"
"Effectifs des enfants  scolarisés","Burkina Faso","Enseignement préscolaire","Ensemble","Ensemble","Milliers enfants","2003","13"
"Effectifs des enfants  scolarisés","Burkina Faso","Enseignement préscolaire","Ensemble","Ensemble","Milliers enfants","2004","20.8"
"Effectifs des enfants  scolarisés","Burkina Faso","Enseignement préscolaire","Ensemble","Ensemble","Milliers enfants","2005","24.4"
"Effectifs des enfants  scolarisés","Burkina Faso","Enseignement préscolaire","Ensemble","Ensemble","Milliers enfants","2006","27.2"
"Effectifs des enfants  scolarisés","Burkina Faso","Enseignement préscolaire","Ensemble","Ensemble","Milliers enfants","2007","40.7"
"Effectifs des enfants  scolarisés","Burkina Faso","Enseignement préscolaire","Ensemble","Ensemble","Milliers enfants","2008","41.3"
"Effectifs des enfants  scolarisés","Burkina Faso","Enseignement préscolaire","Ensemble","Ensemble","Milliers enfants","2009","40.6"
"Effectifs des enfants  scolarisés","Burkina Faso","Enseignement préscolaire","Ensemble","Ensemble","Milliers enfants","2010","43.2"
"Effectifs des enfants  scolarisés","Burkina Faso","Enseignement préscolaire","Ensemble","Ensemble","Milliers enfants","2011","48.9"
"Effectifs des enfants  scolarisés","Burkina Faso","Enseignement préscolaire","Ensemble","Ensemble","Milliers enfants","2012","59.5"
"Effectifs des enfants  scolarisés","Burkina Faso","Enseignement préscolaire","Ensemble","Ensemble","Milliers enfants","2013","67.3"
"Effectifs des enfants  scolarisés","Burkina Faso","Enseignement préscolaire","Ensemble","Ensemble","Milliers enfants","2014","72.2"
"Effectifs des enfants  scolarisés","Burkina Faso","Enseignement préscolaire","Ensemble","Ensemble","Milliers enfants","2015","73.1"
"Effectifs des enfants  scolarisés","Burkina Faso","Enseignement préscolaire","Ensemble","Ensemble","Milliers enfants","2016","55"
"Effectifs des enfants  scolarisés","Burkina Faso","Enseignement préscolaire","Ensemble","Ensemble","Milliers enfants","2017","67.7"
"Effectifs des enfants  scolarisés","Burkina Faso","Enseignement préscolaire","Ensemble","Ensemble","Milliers enfants","2018","81.9"
"Effectifs des enfants  scolarisés","Burkina Faso","Enseignement préscolaire","Ensemble","Ensemble","Milliers enfants","2019","105.5"
"Effectifs des enfants  scolarisés","Burkina Faso","Enseignement préscolaire","Ensemble","Ensemble","Milliers enfants","2020","124"
"Effectifs des enfants  scolarisés","Burkina Faso","Enseignement préscolaire","Ensemble","Ensemble","Milliers enfants","2021","130.4"
"Effectifs des enfants  scolarisés","Burkina Faso","Enseignement préscolaire","Ensemble","Ensemble","Milliers enfants","2022","138.7"
"Effectifs des enfants  scolarisés","Burkina Faso","Enseignement préscolaire","Ensemble","Ensemble","Milliers enfants","2023","142.3"
"Effectifs des enfants  scolarisés","Burkina Faso","Enseignement préscolaire","Ensemble","Ensemble","Milliers enfants","2024","153.7"
"Effectifs des enfants  scolarisés","Burkina Faso","Enseignement préscolaire","Ensemble","Ensemble","Milliers enfants","2025","190.5"
"Effectifs des enfants  scolarisés","Burkina Faso","Enseignement préscolaire","Masculin","n/a","Milliers enfants","2001","6.4"
"Effectifs des enfants  scolarisés","Burkina Faso","Enseignement préscolaire","Masculin","n/a","Milliers enfants","2002","6.5"
"Effectifs des enfants  scolarisés","Burkina Faso","Enseignement préscolaire","Masculin","n/a","Milliers enfants","2003","6.6"
"Effectifs des enfants  scolarisés","Burkina Faso","Enseignement préscolaire","Masculin","n/a","Milliers enfants","2004","10.4"
"Effectifs des enfants  scolarisés","Burkina Faso","Enseignement préscolaire","Masculin","n/a","Milliers enfants","2005","12.4"
"Effectifs des enfants  scolarisés","Burkina Faso","Enseignement préscolaire","Masculin","n/a","Milliers enfants","2006","14.1"
"Effectifs des enfants  scolarisés","Burkina Faso","Enseignement préscolaire","Masculin","n/a","Milliers enfants","2007","20.6"
"Effectifs des enfants  scolarisés","Burkina Faso","Enseignement préscolaire","Masculin","n/a","Milliers enfants","2008","20.8"
"Effectifs des enfants  scolarisés","Burkina Faso","Enseignement préscolaire","Masculin","n/a","Milliers enfants","2009","20.8"
"Effectifs des enfants  scolarisés","Burkina Faso","Enseignement préscolaire","Masculin","n/a","Milliers enfants","2010","21.9"
"Effectifs des enfants  scolarisés","Burkina Faso","Enseignement préscolaire","Masculin","n/a","Milliers enfants","2011","24.8"
"Effectifs des enfants  scolarisés","Burkina Faso","Enseignement préscolaire","Masculin","n/a","Milliers enfants","2012","30.1"
"Effectifs des enfants  scolarisés","Burkina Faso","Enseignement préscolaire","Masculin","n/a","Milliers enfants","2013","34.1"
"Effectifs des enfants  scolarisés","Burkina Faso","Enseignement préscolaire","Masculin","n/a","Milliers enfants","2014","36.5"
"Effectifs des enfants  scolarisés","Burkina Faso","Enseignement préscolaire","Masculin","n/a","Milliers enfants","2015","36.8"
"Effectifs des enfants  scolarisés","Burkina Faso","Enseignement préscolaire","Masculin","n/a","Milliers enfants","2016","28"
"Effectifs des enfants  scolarisés","Burkina Faso","Enseignement préscolaire","Masculin","n/a","Milliers enfants","2017","33.2"
"Effectifs des enfants  scolarisés","Burkina Faso","Enseignement préscolaire","Masculin","n/a","Milliers enfants","2018","41.8"
"Effectifs des enfants  scolarisés","Burkina Faso","Enseignement préscolaire","Masculin","n/a","Milliers enfants","2019","53.8"
"Effectifs des enfants  scolarisés","Burkina Faso","Enseignement préscolaire","Masculin","n/a","Milliers enfants","2020","62.9"
"Effectifs des enfants  scolarisés","Burkina Faso","Enseignement préscolaire","Masculin","n/a","Milliers enfants","2021","66.1"
"Effectifs des enfants  scolarisés","Burkina Faso","Enseignement préscolaire","Masculin","n/a","Milliers enfants","2022","70.7"
"Effectifs des enfants  scolarisés","Burkina Faso","Enseignement préscolaire","Masculin","n/a","Milliers enfants","2023","72.4"
"Effectifs des enfants  scolarisés","Burkina Faso","Enseignement préscolaire","Masculin","n/a","Milliers enfants","2024","78.1"
"Effectifs des enfants  scolarisés","Burkina Faso","Enseignement préscolaire","Masculin","n/a","Milliers enfants","2025","96.8"
"Effectifs des enfants  scolarisés","Burkina Faso","Enseignement préscolaire","Féminin","n/a","Milliers enfants","2001","6"
"Effectifs des enfants  scolarisés","Burkina Faso","Enseignement préscolaire","Féminin","n/a","Milliers enfants","2002","6.2"
"Effectifs des enfants  scolarisés","Burkina Faso","Enseignement préscolaire","Féminin","n/a","Milliers enfants","2003","6.4"
"Effectifs des enfants  scolarisés","Burkina Faso","Enseignement préscolaire","Féminin","n/a","Milliers enfants","2004","10.4"
"Effectifs des enfants  scolarisés","Burkina Faso","Enseignement préscolaire","Féminin","n/a","Milliers enfants","2005","12"
"Effectifs des enfants  scolarisés","Burkina Faso","Enseignement préscolaire","Féminin","n/a","Milliers enfants","2006","13.1"
"Effectifs des enfants  scolarisés","Burkina Faso","Enseignement préscolaire","Féminin","n/a","Milliers enfants","2007","20.1"
"Effectifs des enfants  scolarisés","Burkina Faso","Enseignement préscolaire","Féminin","n/a","Milliers enfants","2008","20.4"
"Effectifs des enfants  scolarisés","Burkina Faso","Enseignement préscolaire","Féminin","n/a","Milliers enfants","2009","19.8"
"Effectifs des enfants  scolarisés","Burkina Faso","Enseignement préscolaire","Féminin","n/a","Milliers enfants","2010","21.3"
"Effectifs des enfants  scolarisés","Burkina Faso","Enseignement préscolaire","Féminin","n/a","Milliers enfants","2011","24.1"
"Effectifs des enfants  scolarisés","Burkina Faso","Enseignement préscolaire","Féminin","n/a","Milliers enfants","2012","29.4"
"Effectifs des enfants  scolarisés","Burkina Faso","Enseignement préscolaire","Féminin","n/a","Milliers enfants","2013","33.3"
"Effectifs des enfants  scolarisés","Burkina Faso","Enseignement préscolaire","Féminin","n/a","Milliers enfants","2014","35.7"
"Effectifs des enfants  scolarisés","Burkina Faso","Enseignement préscolaire","Féminin","n/a","Milliers enfants","2015","36.2"
"Effectifs des enfants  scolarisés","Burkina Faso","Enseignement préscolaire","Féminin","n/a","Milliers enfants","2016","27"
"Effectifs des enfants  scolarisés","Burkina Faso","Enseignement préscolaire","Féminin","n/a","Milliers enfants","2017","34.6"
"Effectifs des enfants  scolarisés","Burkina Faso","Enseignement préscolaire","Féminin","n/a","Milliers enfants","2018","40.1"
"Effectifs des enfants  scolarisés","Burkina Faso","Enseignement préscolaire","Féminin","n/a","Milliers enfants","2019","51.7"
"Effectifs des enfants  scolarisés","Burkina Faso","Enseignement préscolaire","Féminin","n/a","Milliers enfants","2020","61.1"
"Effectifs des enfants  scolarisés","Burkina Faso","Enseignement préscolaire","Féminin","n/a","Milliers enfants","2021","64.3"
"Effectifs des enfants  scolarisés","Burkina Faso","Enseignement préscolaire","Féminin","n/a","Milliers enfants","2022","68"
"Effectifs des enfants  scolarisés","Burkina Faso","Enseignement préscolaire","Féminin","n/a","Milliers enfants","2023","69.9"
"Effectifs des enfants  scolarisés","Burkina Faso","Enseignement préscolaire","Féminin","n/a","Milliers enfants","2024","75.6"
"Effectifs des enfants  scolarisés","Burkina Faso","Enseignement préscolaire","Féminin","n/a","Milliers enfants","2025","93.7"
"Effectifs des enfants  scolarisés","Burkina Faso","Enseignement préscolaire","n/a","Etablissement public","Milliers enfants","1990","4.8"
"Effectifs des enfants  scolarisés","Burkina Faso","Enseignement préscolaire","n/a","Etablissement public","Milliers enfants","1991","4.9"
"Effectifs des enfants  scolarisés","Burkina Faso","Enseignement préscolaire","n/a","Etablissement public","Milliers enfants","1992","4.9"
"Effectifs des enfants  scolarisés","Burkina Faso","Enseignement préscolaire","n/a","Etablissement public","Milliers enfants","2006","8.7"
"Effectifs des enfants  scolarisés","Burkina Faso","Enseignement préscolaire","n/a","Etablissement public","Milliers enfants","2007","9.6"
"Effectifs des enfants  scolarisés","Burkina Faso","Enseignement préscolaire","n/a","Etablissement public","Milliers enfants","2008","12"
"Effectifs des enfants  scolarisés","Burkina Faso","Enseignement préscolaire","n/a","Etablissement public","Milliers enfants","2009","10.3"
"Effectifs des enfants  scolarisés","Burkina Faso","Enseignement préscolaire","n/a","Etablissement public","Milliers enfants","2011","12"
"Effectifs des enfants  scolarisés","Burkina Faso","Enseignement préscolaire","n/a","Etablissement public","Milliers enfants","2012","13"
"Effectifs des enfants  scolarisés","Burkina Faso","Enseignement préscolaire","n/a","Etablissement public","Milliers enfants","2013","12.9"
"Effectifs des enfants  scolarisés","Burkina Faso","Enseignement préscolaire","n/a","Etablissement public","Milliers enfants","2014","14.2"
"Effectifs des enfants  scolarisés","Burkina Faso","Enseignement préscolaire","n/a","Etablissement public","Milliers enfants","2015","14.5"
"Effectifs des enfants  scolarisés","Burkina Faso","Enseignement préscolaire","n/a","Etablissement public","Milliers enfants","2016","14"
"Effectifs des enfants  scolarisés","Burkina Faso","Enseignement préscolaire","n/a","Etablissement public","Milliers enfants","2017","18.7"
"Effectifs des enfants  scolarisés","Burkina Faso","Enseignement préscolaire","n/a","Etablissement public","Milliers enfants","2018","20.1"
"Effectifs des enfants  scolarisés","Burkina Faso","Enseignement préscolaire","n/a","Etablissement public","Milliers enfants","2019","22.3"
"Effectifs des enfants  scolarisés","Burkina Faso","Enseignement préscolaire","n/a","Etablissement public","Milliers enfants","2020","23.9"
"Effectifs des enfants  scolarisés","Burkina Faso","Enseignement préscolaire","n/a","Etablissement public","Milliers enfants","2021","25.8"
"Effectifs des enfants  scolarisés","Burkina Faso","Enseignement préscolaire","n/a","Etablissement public","Milliers enfants","2022","28.4"
"Effectifs des enfants  scolarisés","Burkina Faso","Enseignement préscolaire","n/a","Etablissement public","Milliers enfants","2023","30.1"
"Effectifs des enfants  scolarisés","Burkina Faso","Enseignement préscolaire","n/a","Etablissement public","Milliers enfants","2024","31.6"
"Effectifs des enfants  scolarisés","Burkina Faso","Enseignement préscolaire","n/a","Etablissement public","Milliers enfants","2025","70.1"
"Effectifs des enfants  scolarisés","Burkina Faso","Enseignement préscolaire","n/a","Etablissement privé","Milliers enfants","2006","18.5"
"Effectifs des enfants  scolarisés","Burkina Faso","Enseignement préscolaire","n/a","Etablissement privé","Milliers enfants","2007","31"
"Effectifs des enfants  scolarisés","Burkina Faso","Enseignement préscolaire","n/a","Etablissement privé","Milliers enfants","2008","29.3"
"Effectifs des enfants  scolarisés","Burkina Faso","Enseignement préscolaire","n/a","Etablissement privé","Milliers enfants","2009","30.2"
"Effectifs des enfants  scolarisés","Burkina Faso","Enseignement préscolaire","n/a","Etablissement privé","Milliers enfants","2011","36.9"
"Effectifs des enfants  scolarisés","Burkina Faso","Enseignement préscolaire","n/a","Etablissement privé","Milliers enfants","2012","46.5"
"Effectifs des enfants  scolarisés","Burkina Faso","Enseignement préscolaire","n/a","Etablissement privé","Milliers enfants","2013","54.5"
"Effectifs des enfants  scolarisés","Burkina Faso","Enseignement préscolaire","n/a","Etablissement privé","Milliers enfants","2014","58"
"Effectifs des enfants  scolarisés","Burkina Faso","Enseignement préscolaire","n/a","Etablissement privé","Milliers enfants","2015","58.6"
"Effectifs des enfants  scolarisés","Burkina Faso","Enseignement préscolaire","n/a","Etablissement privé","Milliers enfants","2016","41"
"Effectifs des enfants  scolarisés","Burkina Faso","Enseignement préscolaire","n/a","Etablissement privé","Milliers enfants","2017","49"
"Effectifs des enfants  scolarisés","Burkina Faso","Enseignement préscolaire","n/a","Etablissement privé","Milliers enfants","2018","61.9"
"Effectifs des enfants  scolarisés","Burkina Faso","Enseignement préscolaire","n/a","Etablissement privé","Milliers enfants","2019","83.2"
"Effectifs des enfants  scolarisés","Burkina Faso","Enseignement préscolaire","n/a","Etablissement privé","Milliers enfants","2020","100.1"
"Effectifs des enfants  scolarisés","Burkina Faso","Enseignement préscolaire","n/a","Etablissement privé","Milliers enfants","2021","104.6"
"Effectifs des enfants  scolarisés","Burkina Faso","Enseignement préscolaire","n/a","Etablissement privé","Milliers enfants","2022","110.3"
"Effectifs des enfants  scolarisés","Burkina Faso","Enseignement préscolaire","n/a","Etablissement privé","Milliers enfants","2023","112.2"
"Effectifs des enfants  scolarisés","Burkina Faso","Enseignement préscolaire","n/a","Etablissement privé","Milliers enfants","2024","122.1"
"Effectifs des enfants  scolarisés","Burkina Faso","Enseignement préscolaire","n/a","Etablissement privé","Milliers enfants","2025","120.4"
"Effectifs des enfants  scolarisés","Burkina Faso","Enseignement primaire","Ensemble","Ensemble","Milliers enfants","1990","473"
"Effectifs des enfants  scolarisés","Burkina Faso","Enseignement primaire","Ensemble","Ensemble","Milliers enfants","1991","504.4"
"Effectifs des enfants  scolarisés","Burkina Faso","Enseignement primaire","Ensemble","Ensemble","Milliers enfants","1992","530"
"Effectifs des enfants  scolarisés","Burkina Faso","Enseignement primaire","Ensemble","Ensemble","Milliers enfants","1993","562.6"
"Effectifs des enfants  scolarisés","Burkina Faso","Enseignement primaire","Ensemble","Ensemble","Milliers enfants","1994","600"
"Effectifs des enfants  scolarisés","Burkina Faso","Enseignement primaire","Ensemble","Ensemble","Milliers enfants","1995","650.2"
"Effectifs des enfants  scolarisés","Burkina Faso","Enseignement primaire","Ensemble","Ensemble","Milliers enfants","1996","701"
"Effectifs des enfants  scolarisés","Burkina Faso","Enseignement primaire","Ensemble","Ensemble","Milliers enfants","1997","738.1"
"Effectifs des enfants  scolarisés","Burkina Faso","Enseignement primaire","Ensemble","Ensemble","Milliers enfants","1998","777.7"
"Effectifs des enfants  scolarisés","Burkina Faso","Enseignement primaire","Ensemble","Ensemble","Milliers enfants","1999","816.4"
"Effectifs des enfants  scolarisés","Burkina Faso","Enseignement primaire","Ensemble","Ensemble","Milliers enfants","2000","852.2"
"Effectifs des enfants  scolarisés","Burkina Faso","Enseignement primaire","Ensemble","Ensemble","Milliers enfants","2001","901.3"
"Effectifs des enfants  scolarisés","Burkina Faso","Enseignement primaire","Ensemble","Ensemble","Milliers enfants","2002","938.2"
"Effectifs des enfants  scolarisés","Burkina Faso","Enseignement primaire","Ensemble","Ensemble","Milliers enfants","2003","1012.2"
"Effectifs des enfants  scolarisés","Burkina Faso","Enseignement primaire","Ensemble","Ensemble","Milliers enfants","2004","1139.5"
"Effectifs des enfants  scolarisés","Burkina Faso","Enseignement primaire","Ensemble","Ensemble","Milliers enfants","2005","1270.8"
"Effectifs des enfants  scolarisés","Burkina Faso","Enseignement primaire","Ensemble","Ensemble","Milliers enfants","2006","1390.6"
"Effectifs des enfants  scolarisés","Burkina Faso","Enseignement primaire","Ensemble","Ensemble","Milliers enfants","2007","1561.3"
"Effectifs des enfants  scolarisés","Burkina Faso","Enseignement primaire","Ensemble","Ensemble","Milliers enfants","2008","1742.4"
"Effectifs des enfants  scolarisés","Burkina Faso","Enseignement primaire","Ensemble","Ensemble","Milliers enfants","2009","1906.3"
"Effectifs des enfants  scolarisés","Burkina Faso","Enseignement primaire","Ensemble","Ensemble","Milliers enfants","2010","2047.6"
"Effectifs des enfants  scolarisés","Burkina Faso","Enseignement primaire","Ensemble","Ensemble","Milliers enfants","2011","2205.3"
"Effectifs des enfants  scolarisés","Burkina Faso","Enseignement primaire","Ensemble","Ensemble","Milliers enfants","2012","2344"
"Effectifs des enfants  scolarisés","Burkina Faso","Enseignement primaire","Ensemble","Ensemble","Milliers enfants","2013","2466.4"
"Effectifs des enfants  scolarisés","Burkina Faso","Enseignement primaire","Ensemble","Ensemble","Milliers enfants","2014","2594"
"Effectifs des enfants  scolarisés","Burkina Faso","Enseignement primaire","Ensemble","Ensemble","Milliers enfants","2015","2706.8"
"Effectifs des enfants  scolarisés","Burkina Faso","Enseignement primaire","Ensemble","Ensemble","Milliers enfants","2016","2873"
"Effectifs des enfants  scolarisés","Burkina Faso","Enseignement primaire","Ensemble","Ensemble","Milliers enfants","2017","3040.8"
"Effectifs des enfants  scolarisés","Burkina Faso","Enseignement primaire","Ensemble","Ensemble","Milliers enfants","2018","3206.1"
"Effectifs des enfants  scolarisés","Burkina Faso","Enseignement primaire","Ensemble","Ensemble","Milliers enfants","2019","3233.8"
"Effectifs des enfants  scolarisés","Burkina Faso","Enseignement primaire","Ensemble","Ensemble","Milliers enfants","2020","3240.3"
"Effectifs des enfants  scolarisés","Burkina Faso","Enseignement primaire","Ensemble","Ensemble","Milliers enfants","2021","3289.7"
"Effectifs des enfants  scolarisés","Burkina Faso","Enseignement primaire","Ensemble","Ensemble","Milliers enfants","2022","3174.9"
"Effectifs des enfants  scolarisés","Burkina Faso","Enseignement primaire","Ensemble","Ensemble","Milliers enfants","2023","2835.5"
"Effectifs des enfants  scolarisés","Burkina Faso","Enseignement primaire","Ensemble","Ensemble","Milliers enfants","2024","3067.5"
"Effectifs des enfants  scolarisés","Burkina Faso","Enseignement primaire","Ensemble","Ensemble","Milliers enfants","2025","3308.1"
"Effectifs des enfants  scolarisés","Burkina Faso","Enseignement primaire","Masculin","n/a","Milliers enfants","1990","293.3"
"Effectifs des enfants  scolarisés","Burkina Faso","Enseignement primaire","Masculin","n/a","Milliers enfants","1991","310.8"
"Effectifs des enfants  scolarisés","Burkina Faso","Enseignement primaire","Masculin","n/a","Milliers enfants","1992","324.7"
"Effectifs des enfants  scolarisés","Burkina Faso","Enseignement primaire","Masculin","n/a","Milliers enfants","1993","344.2"
"Effectifs des enfants  scolarisés","Burkina Faso","Enseignement primaire","Masculin","n/a","Milliers enfants","1994","366.2"
"Effectifs des enfants  scolarisés","Burkina Faso","Enseignement primaire","Masculin","n/a","Milliers enfants","1995","395.9"
"Effectifs des enfants  scolarisés","Burkina Faso","Enseignement primaire","Masculin","n/a","Milliers enfants","1996","426.2"
"Effectifs des enfants  scolarisés","Burkina Faso","Enseignement primaire","Masculin","n/a","Milliers enfants","1997","447.1"
"Effectifs des enfants  scolarisés","Burkina Faso","Enseignement primaire","Masculin","n/a","Milliers enfants","1998","467.2"
"Effectifs des enfants  scolarisés","Burkina Faso","Enseignement primaire","Masculin","n/a","Milliers enfants","1999","486.3"
"Effectifs des enfants  scolarisés","Burkina Faso","Enseignement primaire","Masculin","n/a","Milliers enfants","2000","504.4"
"Effectifs des enfants  scolarisés","Burkina Faso","Enseignement primaire","Masculin","n/a","Milliers enfants","2001","529.2"
"Effectifs des enfants  scolarisés","Burkina Faso","Enseignement primaire","Masculin","n/a","Milliers enfants","2002","546.1"
"Effectifs des enfants  scolarisés","Burkina Faso","Enseignement primaire","Masculin","n/a","Milliers enfants","2003","585.6"
"Effectifs des enfants  scolarisés","Burkina Faso","Enseignement primaire","Masculin","n/a","Milliers enfants","2004","647"
"Effectifs des enfants  scolarisés","Burkina Faso","Enseignement primaire","Masculin","n/a","Milliers enfants","2005","715.3"
"Effectifs des enfants  scolarisés","Burkina Faso","Enseignement primaire","Masculin","n/a","Milliers enfants","2006","775.8"
"Effectifs des enfants  scolarisés","Burkina Faso","Enseignement primaire","Masculin","n/a","Milliers enfants","2007","861.4"
"Effectifs des enfants  scolarisés","Burkina Faso","Enseignement primaire","Masculin","n/a","Milliers enfants","2008","947.8"
"Effectifs des enfants  scolarisés","Burkina Faso","Enseignement primaire","Masculin","n/a","Milliers enfants","2009","1026.6"
"Effectifs des enfants  scolarisés","Burkina Faso","Enseignement primaire","Masculin","n/a","Milliers enfants","2010","1089.9"
"Effectifs des enfants  scolarisés","Burkina Faso","Enseignement primaire","Masculin","n/a","Milliers enfants","2011","1163.8"
"Effectifs des enfants  scolarisés","Burkina Faso","Enseignement primaire","Masculin","n/a","Milliers enfants","2012","1225"
"Effectifs des enfants  scolarisés","Burkina Faso","Enseignement primaire","Masculin","n/a","Milliers enfants","2013","1276.3"
"Effectifs des enfants  scolarisés","Burkina Faso","Enseignement primaire","Masculin","n/a","Milliers enfants","2014","1337.7"
"Effectifs des enfants  scolarisés","Burkina Faso","Enseignement primaire","Masculin","n/a","Milliers enfants","2015","1395.4"
"Effectifs des enfants  scolarisés","Burkina Faso","Enseignement primaire","Masculin","n/a","Milliers enfants","2016","1477.8"
"Effectifs des enfants  scolarisés","Burkina Faso","Enseignement primaire","Masculin","n/a","Milliers enfants","2017","1558.5"
"Effectifs des enfants  scolarisés","Burkina Faso","Enseignement primaire","Masculin","n/a","Milliers enfants","2018","1644.2"
"Effectifs des enfants  scolarisés","Burkina Faso","Enseignement primaire","Masculin","n/a","Milliers enfants","2019","1649.3"
"Effectifs des enfants  scolarisés","Burkina Faso","Enseignement primaire","Masculin","n/a","Milliers enfants","2020","1641.2"
"Effectifs des enfants  scolarisés","Burkina Faso","Enseignement primaire","Masculin","n/a","Milliers enfants","2021","1659.8"
"Effectifs des enfants  scolarisés","Burkina Faso","Enseignement primaire","Masculin","n/a","Milliers enfants","2022","1593.5"
"Effectifs des enfants  scolarisés","Burkina Faso","Enseignement primaire","Masculin","n/a","Milliers enfants","2023","1416.3"
"Effectifs des enfants  scolarisés","Burkina Faso","Enseignement primaire","Masculin","n/a","Milliers enfants","2024","1535.5"
"Effectifs des enfants  scolarisés","Burkina Faso","Enseignement primaire","Masculin","n/a","Milliers enfants","2025","1665.6"
"Effectifs des enfants  scolarisés","Burkina Faso","Enseignement primaire","Féminin","n/a","Milliers enfants","1990","179.6"
"Effectifs des enfants  scolarisés","Burkina Faso","Enseignement primaire","Féminin","n/a","Milliers enfants","1991","193.7"
"Effectifs des enfants  scolarisés","Burkina Faso","Enseignement primaire","Féminin","n/a","Milliers enfants","1992","205.3"
"Effectifs des enfants  scolarisés","Burkina Faso","Enseignement primaire","Féminin","n/a","Milliers enfants","1993","218.4"
"Effectifs des enfants  scolarisés","Burkina Faso","Enseignement primaire","Féminin","n/a","Milliers enfants","1994","233.8"
"Effectifs des enfants  scolarisés","Burkina Faso","Enseignement primaire","Féminin","n/a","Milliers enfants","1995","254.3"
"Effectifs des enfants  scolarisés","Burkina Faso","Enseignement primaire","Féminin","n/a","Milliers enfants","1996","274.8"
"Effectifs des enfants  scolarisés","Burkina Faso","Enseignement primaire","Féminin","n/a","Milliers enfants","1997","291"
"Effectifs des enfants  scolarisés","Burkina Faso","Enseignement primaire","Féminin","n/a","Milliers enfants","1998","310.5"
"Effectifs des enfants  scolarisés","Burkina Faso","Enseignement primaire","Féminin","n/a","Milliers enfants","1999","330.1"
"Effectifs des enfants  scolarisés","Burkina Faso","Enseignement primaire","Féminin","n/a","Milliers enfants","2000","347.8"
"Effectifs des enfants  scolarisés","Burkina Faso","Enseignement primaire","Féminin","n/a","Milliers enfants","2001","372"
"Effectifs des enfants  scolarisés","Burkina Faso","Enseignement primaire","Féminin","n/a","Milliers enfants","2002","392.1"
"Effectifs des enfants  scolarisés","Burkina Faso","Enseignement primaire","Féminin","n/a","Milliers enfants","2003","426.6"
"Effectifs des enfants  scolarisés","Burkina Faso","Enseignement primaire","Féminin","n/a","Milliers enfants","2004","492.5"
"Effectifs des enfants  scolarisés","Burkina Faso","Enseignement primaire","Féminin","n/a","Milliers enfants","2005","555.5"
"Effectifs des enfants  scolarisés","Burkina Faso","Enseignement primaire","Féminin","n/a","Milliers enfants","2006","614.8"
"Effectifs des enfants  scolarisés","Burkina Faso","Enseignement primaire","Féminin","n/a","Milliers enfants","2007","699.8"
"Effectifs des enfants  scolarisés","Burkina Faso","Enseignement primaire","Féminin","n/a","Milliers enfants","2008","794.6"
"Effectifs des enfants  scolarisés","Burkina Faso","Enseignement primaire","Féminin","n/a","Milliers enfants","2009","879.7"
"Effectifs des enfants  scolarisés","Burkina Faso","Enseignement primaire","Féminin","n/a","Milliers enfants","2010","957.7"
"Effectifs des enfants  scolarisés","Burkina Faso","Enseignement primaire","Féminin","n/a","Milliers enfants","2011","1041.5"
"Effectifs des enfants  scolarisés","Burkina Faso","Enseignement primaire","Féminin","n/a","Milliers enfants","2012","1119"
"Effectifs des enfants  scolarisés","Burkina Faso","Enseignement primaire","Féminin","n/a","Milliers enfants","2013","1190"
"Effectifs des enfants  scolarisés","Burkina Faso","Enseignement primaire","Féminin","n/a","Milliers enfants","2014","1256.4"
"Effectifs des enfants  scolarisés","Burkina Faso","Enseignement primaire","Féminin","n/a","Milliers enfants","2015","1311.4"
"Effectifs des enfants  scolarisés","Burkina Faso","Enseignement primaire","Féminin","n/a","Milliers enfants","2016","1395.2"
"Effectifs des enfants  scolarisés","Burkina Faso","Enseignement primaire","Féminin","n/a","Milliers enfants","2017","1482.3"
"Effectifs des enfants  scolarisés","Burkina Faso","Enseignement primaire","Féminin","n/a","Milliers enfants","2018","1561.8"
"Effectifs des enfants  scolarisés","Burkina Faso","Enseignement primaire","Féminin","n/a","Milliers enfants","2019","1584.5"
"Effectifs des enfants  scolarisés","Burkina Faso","Enseignement primaire","Féminin","n/a","Milliers enfants","2020","1599.1"
"Effectifs des enfants  scolarisés","Burkina Faso","Enseignement primaire","Féminin","n/a","Milliers enfants","2021","1629.9"
"Effectifs des enfants  scolarisés","Burkina Faso","Enseignement primaire","Féminin","n/a","Milliers enfants","2022","1581.5"
"Effectifs des enfants  scolarisés","Burkina Faso","Enseignement primaire","Féminin","n/a","Milliers enfants","2023","1419.3"
"Effectifs des enfants  scolarisés","Burkina Faso","Enseignement primaire","Féminin","n/a","Milliers enfants","2024","1532.4"
"Effectifs des enfants  scolarisés","Burkina Faso","Enseignement primaire","Féminin","n/a","Milliers enfants","2025","1642.5"
"Effectifs des enfants  scolarisés","Burkina Faso","Enseignement primaire","n/a","Etablissement public","Milliers enfants","1990","429.9"
"Effectifs des enfants  scolarisés","Burkina Faso","Enseignement primaire","n/a","Etablissement public","Milliers enfants","1991","460.8"
"Effectifs des enfants  scolarisés","Burkina Faso","Enseignement primaire","n/a","Etablissement public","Milliers enfants","1992","487.8"
"Effectifs des enfants  scolarisés","Burkina Faso","Enseignement primaire","n/a","Etablissement public","Milliers enfants","1993","522.5"
"Effectifs des enfants  scolarisés","Burkina Faso","Enseignement primaire","n/a","Etablissement public","Milliers enfants","1994","556.3"
"Effectifs des enfants  scolarisés","Burkina Faso","Enseignement primaire","n/a","Etablissement public","Milliers enfants","1995","600.9"
"Effectifs des enfants  scolarisés","Burkina Faso","Enseignement primaire","n/a","Etablissement public","Milliers enfants","1996","642"
"Effectifs des enfants  scolarisés","Burkina Faso","Enseignement primaire","n/a","Etablissement public","Milliers enfants","1997","670.8"
"Effectifs des enfants  scolarisés","Burkina Faso","Enseignement primaire","n/a","Etablissement public","Milliers enfants","1998","698.5"
"Effectifs des enfants  scolarisés","Burkina Faso","Enseignement primaire","n/a","Etablissement public","Milliers enfants","1999","728"
"Effectifs des enfants  scolarisés","Burkina Faso","Enseignement primaire","n/a","Etablissement public","Milliers enfants","2000","755.1"
"Effectifs des enfants  scolarisés","Burkina Faso","Enseignement primaire","n/a","Etablissement public","Milliers enfants","2001","792.9"
"Effectifs des enfants  scolarisés","Burkina Faso","Enseignement primaire","n/a","Etablissement public","Milliers enfants","2002","819.3"
"Effectifs des enfants  scolarisés","Burkina Faso","Enseignement primaire","n/a","Etablissement public","Milliers enfants","2003","880.2"
"Effectifs des enfants  scolarisés","Burkina Faso","Enseignement primaire","n/a","Etablissement public","Milliers enfants","2004","991.8"
"Effectifs des enfants  scolarisés","Burkina Faso","Enseignement primaire","n/a","Etablissement public","Milliers enfants","2005","1096.1"
"Effectifs des enfants  scolarisés","Burkina Faso","Enseignement primaire","n/a","Etablissement public","Milliers enfants","2006","1200.7"
"Effectifs des enfants  scolarisés","Burkina Faso","Enseignement primaire","n/a","Etablissement public","Milliers enfants","2007","1349.2"
"Effectifs des enfants  scolarisés","Burkina Faso","Enseignement primaire","n/a","Etablissement public","Milliers enfants","2008","1514.2"
"Effectifs des enfants  scolarisés","Burkina Faso","Enseignement primaire","n/a","Etablissement public","Milliers enfants","2009","1634.7"
"Effectifs des enfants  scolarisés","Burkina Faso","Enseignement primaire","n/a","Etablissement public","Milliers enfants","2010","1757.6"
"Effectifs des enfants  scolarisés","Burkina Faso","Enseignement primaire","n/a","Etablissement public","Milliers enfants","2011","1886"
"Effectifs des enfants  scolarisés","Burkina Faso","Enseignement primaire","n/a","Etablissement public","Milliers enfants","2012","1979"
"Effectifs des enfants  scolarisés","Burkina Faso","Enseignement primaire","n/a","Etablissement public","Milliers enfants","2013","2059.9"
"Effectifs des enfants  scolarisés","Burkina Faso","Enseignement primaire","n/a","Etablissement public","Milliers enfants","2014","2144.8"
"Effectifs des enfants  scolarisés","Burkina Faso","Enseignement primaire","n/a","Etablissement public","Milliers enfants","2015","2211.9"
"Effectifs des enfants  scolarisés","Burkina Faso","Enseignement primaire","n/a","Etablissement public","Milliers enfants","2016","2314.1"
"Effectifs des enfants  scolarisés","Burkina Faso","Enseignement primaire","n/a","Etablissement public","Milliers enfants","2017","2429.8"
"Effectifs des enfants  scolarisés","Burkina Faso","Enseignement primaire","n/a","Etablissement public","Milliers enfants","2018","2555.3"
"Effectifs des enfants  scolarisés","Burkina Faso","Enseignement primaire","n/a","Etablissement public","Milliers enfants","2019","2538.9"
"Effectifs des enfants  scolarisés","Burkina Faso","Enseignement primaire","n/a","Etablissement public","Milliers enfants","2020","2482.5"
"Effectifs des enfants  scolarisés","Burkina Faso","Enseignement primaire","n/a","Etablissement public","Milliers enfants","2021","2486.8"
"Effectifs des enfants  scolarisés","Burkina Faso","Enseignement primaire","n/a","Etablissement public","Milliers enfants","2022","2338.8"
"Effectifs des enfants  scolarisés","Burkina Faso","Enseignement primaire","n/a","Etablissement public","Milliers enfants","2023","1993.8"
"Effectifs des enfants  scolarisés","Burkina Faso","Enseignement primaire","n/a","Etablissement public","Milliers enfants","2024","2203.4"
"Effectifs des enfants  scolarisés","Burkina Faso","Enseignement primaire","n/a","Etablissement public","Milliers enfants","2025","2391.3"
"Effectifs des enfants  scolarisés","Burkina Faso","Enseignement primaire","n/a","Etablissement privé","Milliers enfants","1990","43.1"
"Effectifs des enfants  scolarisés","Burkina Faso","Enseignement primaire","n/a","Etablissement privé","Milliers enfants","1991","43.6"
"Effectifs des enfants  scolarisés","Burkina Faso","Enseignement primaire","n/a","Etablissement privé","Milliers enfants","1992","42.2"
"Effectifs des enfants  scolarisés","Burkina Faso","Enseignement primaire","n/a","Etablissement privé","Milliers enfants","1993","40.1"
"Effectifs des enfants  scolarisés","Burkina Faso","Enseignement primaire","n/a","Etablissement privé","Milliers enfants","1994","43.7"
"Effectifs des enfants  scolarisés","Burkina Faso","Enseignement primaire","n/a","Etablissement privé","Milliers enfants","1995","49.3"
"Effectifs des enfants  scolarisés","Burkina Faso","Enseignement primaire","n/a","Etablissement privé","Milliers enfants","1996","59"
"Effectifs des enfants  scolarisés","Burkina Faso","Enseignement primaire","n/a","Etablissement privé","Milliers enfants","1997","67.3"
"Effectifs des enfants  scolarisés","Burkina Faso","Enseignement primaire","n/a","Etablissement privé","Milliers enfants","1998","79.2"
"Effectifs des enfants  scolarisés","Burkina Faso","Enseignement primaire","n/a","Etablissement privé","Milliers enfants","1999","88.4"
"Effectifs des enfants  scolarisés","Burkina Faso","Enseignement primaire","n/a","Etablissement privé","Milliers enfants","2000","97.1"
"Effectifs des enfants  scolarisés","Burkina Faso","Enseignement primaire","n/a","Etablissement privé","Milliers enfants","2001","108.4"
"Effectifs des enfants  scolarisés","Burkina Faso","Enseignement primaire","n/a","Etablissement privé","Milliers enfants","2002","118.9"
"Effectifs des enfants  scolarisés","Burkina Faso","Enseignement primaire","n/a","Etablissement privé","Milliers enfants","2003","131.9"
"Effectifs des enfants  scolarisés","Burkina Faso","Enseignement primaire","n/a","Etablissement privé","Milliers enfants","2004","147.7"
"Effectifs des enfants  scolarisés","Burkina Faso","Enseignement primaire","n/a","Etablissement privé","Milliers enfants","2005","174.8"
"Effectifs des enfants  scolarisés","Burkina Faso","Enseignement primaire","n/a","Etablissement privé","Milliers enfants","2006","189.9"
"Effectifs des enfants  scolarisés","Burkina Faso","Enseignement primaire","n/a","Etablissement privé","Milliers enfants","2007","212"
"Effectifs des enfants  scolarisés","Burkina Faso","Enseignement primaire","n/a","Etablissement privé","Milliers enfants","2008","228.2"
"Effectifs des enfants  scolarisés","Burkina Faso","Enseignement primaire","n/a","Etablissement privé","Milliers enfants","2009","271.6"
"Effectifs des enfants  scolarisés","Burkina Faso","Enseignement primaire","n/a","Etablissement privé","Milliers enfants","2010","290.1"
"Effectifs des enfants  scolarisés","Burkina Faso","Enseignement primaire","n/a","Etablissement privé","Milliers enfants","2011","319.3"
"Effectifs des enfants  scolarisés","Burkina Faso","Enseignement primaire","n/a","Etablissement privé","Milliers enfants","2012","364.5"
"Effectifs des enfants  scolarisés","Burkina Faso","Enseignement primaire","n/a","Etablissement privé","Milliers enfants","2013","406"
"Effectifs des enfants  scolarisés","Burkina Faso","Enseignement primaire","n/a","Etablissement privé","Milliers enfants","2014","447.9"
"Effectifs des enfants  scolarisés","Burkina Faso","Enseignement primaire","n/a","Etablissement privé","Milliers enfants","2015","493.5"
"Effectifs des enfants  scolarisés","Burkina Faso","Enseignement primaire","n/a","Etablissement privé","Milliers enfants","2016","557.4"
"Effectifs des enfants  scolarisés","Burkina Faso","Enseignement primaire","n/a","Etablissement privé","Milliers enfants","2017","608.9"
"Effectifs des enfants  scolarisés","Burkina Faso","Enseignement primaire","n/a","Etablissement privé","Milliers enfants","2018","648.5"
"Effectifs des enfants  scolarisés","Burkina Faso","Enseignement primaire","n/a","Etablissement privé","Milliers enfants","2019","692.4"
"Effectifs des enfants  scolarisés","Burkina Faso","Enseignement primaire","n/a","Etablissement privé","Milliers enfants","2020","755.5"
"Effectifs des enfants  scolarisés","Burkina Faso","Enseignement primaire","n/a","Etablissement privé","Milliers enfants","2021","796.8"
"Effectifs des enfants  scolarisés","Burkina Faso","Enseignement primaire","n/a","Etablissement privé","Milliers enfants","2022","834.7"
"Effectifs des enfants  scolarisés","Burkina Faso","Enseignement primaire","n/a","Etablissement privé","Milliers enfants","2023","841.3"
"Effectifs des enfants  scolarisés","Burkina Faso","Enseignement primaire","n/a","Etablissement privé","Milliers enfants","2024","864.5"
"Effectifs des enfants  scolarisés","Burkina Faso","Enseignement primaire","n/a","Etablissement privé","Milliers enfants","2025","916.8"
"Effectifs des enfants  scolarisés","Burkina Faso","Enseignement primaire","n/a","Etablissement communautaire","Milliers enfants","2012","0.5"
"Effectifs des enfants  scolarisés","Burkina Faso","Enseignement primaire","n/a","Etablissement communautaire","Milliers enfants","2013","0.5"
"Effectifs des enfants  scolarisés","Burkina Faso","Enseignement primaire","n/a","Etablissement communautaire","Milliers enfants","2014","1.3"
"Effectifs des enfants  scolarisés","Burkina Faso","Enseignement primaire","n/a","Etablissement communautaire","Milliers enfants","2015","1.4"
"Effectifs des enfants  scolarisés","Burkina Faso","Enseignement primaire","n/a","Etablissement communautaire","Milliers enfants","2016","1.6"
"Effectifs des enfants  scolarisés","Burkina Faso","Enseignement primaire","n/a","Etablissement communautaire","Milliers enfants","2017","2.1"
"Effectifs des enfants  scolarisés","Burkina Faso","Enseignement primaire","n/a","Etablissement communautaire","Milliers enfants","2018","2.2"
"Effectifs des enfants  scolarisés","Burkina Faso","Enseignement primaire","n/a","Etablissement communautaire","Milliers enfants","2019","2.4"
"Effectifs des enfants  scolarisés","Burkina Faso","Enseignement primaire","n/a","Etablissement communautaire","Milliers enfants","2020","2.3"
"Effectifs des enfants  scolarisés","Burkina Faso","Enseignement primaire","n/a","Etablissement communautaire","Milliers enfants","2021","6.2"
"Effectifs des enfants  scolarisés","Burkina Faso","Enseignement primaire","n/a","Etablissement communautaire","Milliers enfants","2022","1.5"
"Effectifs des enfants  scolarisés","Burkina Faso","Enseignement primaire","n/a","Etablissement communautaire","Milliers enfants","2023","0.5"
"Effectifs des enfants  scolarisés","Burkina Faso","Enseignement primaire","n/a","Etablissement communautaire","Milliers enfants","2024","0"
"Effectifs des enfants  scolarisés","Burkina Faso","Enseignement primaire","n/a","Etablissement communautaire","Milliers enfants","2025","0"
"Effectifs des enfants  scolarisés","Burkina Faso","Enseignement du premier cycle du secondaire","Ensemble","Ensemble","Milliers enfants","1990","68.9"
"Effectifs des enfants  scolarisés","Burkina Faso","Enseignement du premier cycle du secondaire","Ensemble","Ensemble","Milliers enfants","1991","77.5"
"Effectifs des enfants  scolarisés","Burkina Faso","Enseignement du premier cycle du secondaire","Ensemble","Ensemble","Milliers enfants","1992","84.7"
"Effectifs des enfants  scolarisés","Burkina Faso","Enseignement du premier cycle du secondaire","Ensemble","Ensemble","Milliers enfants","1993","92.6"
"Effectifs des enfants  scolarisés","Burkina Faso","Enseignement du premier cycle du secondaire","Ensemble","Ensemble","Milliers enfants","1994","99.7"
"Effectifs des enfants  scolarisés","Burkina Faso","Enseignement du premier cycle du secondaire","Ensemble","Ensemble","Milliers enfants","1995","108.1"
"Effectifs des enfants  scolarisés","Burkina Faso","Enseignement du premier cycle du secondaire","Ensemble","Ensemble","Milliers enfants","1996","116.2"
"Effectifs des enfants  scolarisés","Burkina Faso","Enseignement du premier cycle du secondaire","Ensemble","Ensemble","Milliers enfants","1997","122.6"
"Effectifs des enfants  scolarisés","Burkina Faso","Enseignement du premier cycle du secondaire","Ensemble","Ensemble","Milliers enfants","1998","130.2"
"Effectifs des enfants  scolarisés","Burkina Faso","Enseignement du premier cycle du secondaire","Ensemble","Ensemble","Milliers enfants","1999","133.5"
"Effectifs des enfants  scolarisés","Burkina Faso","Enseignement du premier cycle du secondaire","Ensemble","Ensemble","Milliers enfants","2000","145.3"
"Effectifs des enfants  scolarisés","Burkina Faso","Enseignement du premier cycle du secondaire","Ensemble","Ensemble","Milliers enfants","2001","152"
"Effectifs des enfants  scolarisés","Burkina Faso","Enseignement du premier cycle du secondaire","Ensemble","Ensemble","Milliers enfants","2002","166.7"
"Effectifs des enfants  scolarisés","Burkina Faso","Enseignement du premier cycle du secondaire","Ensemble","Ensemble","Milliers enfants","2003","189.7"
"Effectifs des enfants  scolarisés","Burkina Faso","Enseignement du premier cycle du secondaire","Ensemble","Ensemble","Milliers enfants","2004","208.2"
"Effectifs des enfants  scolarisés","Burkina Faso","Enseignement du premier cycle du secondaire","Ensemble","Ensemble","Milliers enfants","2005","229.8"
"Effectifs des enfants  scolarisés","Burkina Faso","Enseignement du premier cycle du secondaire","Ensemble","Ensemble","Milliers enfants","2006","250.3"
"Effectifs des enfants  scolarisés","Burkina Faso","Enseignement du premier cycle du secondaire","Ensemble","Ensemble","Milliers enfants","2007","274.4"
"Effectifs des enfants  scolarisés","Burkina Faso","Enseignement du premier cycle du secondaire","Ensemble","Ensemble","Milliers enfants","2008","337.3"
"Effectifs des enfants  scolarisés","Burkina Faso","Enseignement du premier cycle du secondaire","Ensemble","Ensemble","Milliers enfants","2009","368.8"
"Effectifs des enfants  scolarisés","Burkina Faso","Enseignement du premier cycle du secondaire","Ensemble","Ensemble","Milliers enfants","2010","432.4"
"Effectifs des enfants  scolarisés","Burkina Faso","Enseignement du premier cycle du secondaire","Ensemble","Ensemble","Milliers enfants","2011","491.5"
"Effectifs des enfants  scolarisés","Burkina Faso","Enseignement du premier cycle du secondaire","Ensemble","Ensemble","Milliers enfants","2012","552.9"
"Effectifs des enfants  scolarisés","Burkina Faso","Enseignement du premier cycle du secondaire","Ensemble","Ensemble","Milliers enfants","2013","606.8"
"Effectifs des enfants  scolarisés","Burkina Faso","Enseignement du premier cycle du secondaire","Ensemble","Ensemble","Milliers enfants","2014","661.8"
"Effectifs des enfants  scolarisés","Burkina Faso","Enseignement du premier cycle du secondaire","Ensemble","Ensemble","Milliers enfants","2015","773.2"
"Effectifs des enfants  scolarisés","Burkina Faso","Enseignement du premier cycle du secondaire","Ensemble","Ensemble","Milliers enfants","2016","667.5"
"Effectifs des enfants  scolarisés","Burkina Faso","Enseignement du premier cycle du secondaire","Ensemble","Ensemble","Milliers enfants","2017","920"
"Effectifs des enfants  scolarisés","Burkina Faso","Enseignement du premier cycle du secondaire","Ensemble","Ensemble","Milliers enfants","2018","1016.5"
"Effectifs des enfants  scolarisés","Burkina Faso","Enseignement du premier cycle du secondaire","Ensemble","Ensemble","Milliers enfants","2019","1014.4"
"Effectifs des enfants  scolarisés","Burkina Faso","Enseignement du premier cycle du secondaire","Ensemble","Ensemble","Milliers enfants","2020","1017.1"
"Effectifs des enfants  scolarisés","Burkina Faso","Enseignement du premier cycle du secondaire","Ensemble","Ensemble","Milliers enfants","2021","1012"
"Effectifs des enfants  scolarisés","Burkina Faso","Enseignement du premier cycle du secondaire","Ensemble","Ensemble","Milliers enfants","2022","924.1"
"Effectifs des enfants  scolarisés","Burkina Faso","Enseignement du premier cycle du secondaire","Ensemble","Ensemble","Milliers enfants","2023","861.9"
"Effectifs des enfants  scolarisés","Burkina Faso","Enseignement du premier cycle du secondaire","Ensemble","Ensemble","Milliers enfants","2024","885.3"
"Effectifs des enfants  scolarisés","Burkina Faso","Enseignement du premier cycle du secondaire","Masculin","n/a","Milliers enfants","1990","45.1"
"Effectifs des enfants  scolarisés","Burkina Faso","Enseignement du premier cycle du secondaire","Masculin","n/a","Milliers enfants","1991","50.6"
"Effectifs des enfants  scolarisés","Burkina Faso","Enseignement du premier cycle du secondaire","Masculin","n/a","Milliers enfants","1992","54.9"
"Effectifs des enfants  scolarisés","Burkina Faso","Enseignement du premier cycle du secondaire","Masculin","n/a","Milliers enfants","1993","59.7"
"Effectifs des enfants  scolarisés","Burkina Faso","Enseignement du premier cycle du secondaire","Masculin","n/a","Milliers enfants","1994","64.1"
"Effectifs des enfants  scolarisés","Burkina Faso","Enseignement du premier cycle du secondaire","Masculin","n/a","Milliers enfants","1995","69.3"
"Effectifs des enfants  scolarisés","Burkina Faso","Enseignement du premier cycle du secondaire","Masculin","n/a","Milliers enfants","1996","73.8"
"Effectifs des enfants  scolarisés","Burkina Faso","Enseignement du premier cycle du secondaire","Masculin","n/a","Milliers enfants","1997","77.1"
"Effectifs des enfants  scolarisés","Burkina Faso","Enseignement du premier cycle du secondaire","Masculin","n/a","Milliers enfants","1998","80.6"
"Effectifs des enfants  scolarisés","Burkina Faso","Enseignement du premier cycle du secondaire","Masculin","n/a","Milliers enfants","1999","82.3"
"Effectifs des enfants  scolarisés","Burkina Faso","Enseignement du premier cycle du secondaire","Masculin","n/a","Milliers enfants","2000","87.3"
"Effectifs des enfants  scolarisés","Burkina Faso","Enseignement du premier cycle du secondaire","Masculin","n/a","Milliers enfants","2001","91.1"
"Effectifs des enfants  scolarisés","Burkina Faso","Enseignement du premier cycle du secondaire","Masculin","n/a","Milliers enfants","2002","100"
"Effectifs des enfants  scolarisés","Burkina Faso","Enseignement du premier cycle du secondaire","Masculin","n/a","Milliers enfants","2003","111.9"
"Effectifs des enfants  scolarisés","Burkina Faso","Enseignement du premier cycle du secondaire","Masculin","n/a","Milliers enfants","2004","122.4"
"Effectifs des enfants  scolarisés","Burkina Faso","Enseignement du premier cycle du secondaire","Masculin","n/a","Milliers enfants","2005","134"
"Effectifs des enfants  scolarisés","Burkina Faso","Enseignement du premier cycle du secondaire","Masculin","n/a","Milliers enfants","2006","144.5"
"Effectifs des enfants  scolarisés","Burkina Faso","Enseignement du premier cycle du secondaire","Masculin","n/a","Milliers enfants","2007","157.3"
"Effectifs des enfants  scolarisés","Burkina Faso","Enseignement du premier cycle du secondaire","Masculin","n/a","Milliers enfants","2008","192.3"
"Effectifs des enfants  scolarisés","Burkina Faso","Enseignement du premier cycle du secondaire","Masculin","n/a","Milliers enfants","2009","209.8"
"Effectifs des enfants  scolarisés","Burkina Faso","Enseignement du premier cycle du secondaire","Masculin","n/a","Milliers enfants","2010","243"
"Effectifs des enfants  scolarisés","Burkina Faso","Enseignement du premier cycle du secondaire","Masculin","n/a","Milliers enfants","2011","273.1"
"Effectifs des enfants  scolarisés","Burkina Faso","Enseignement du premier cycle du secondaire","Masculin","n/a","Milliers enfants","2012","302.2"
"Effectifs des enfants  scolarisés","Burkina Faso","Enseignement du premier cycle du secondaire","Masculin","n/a","Milliers enfants","2013","324.1"
"Effectifs des enfants  scolarisés","Burkina Faso","Enseignement du premier cycle du secondaire","Masculin","n/a","Milliers enfants","2014","348.9"
"Effectifs des enfants  scolarisés","Burkina Faso","Enseignement du premier cycle du secondaire","Masculin","n/a","Milliers enfants","2015","396.4"
"Effectifs des enfants  scolarisés","Burkina Faso","Enseignement du premier cycle du secondaire","Masculin","n/a","Milliers enfants","2016","332.3"
"Effectifs des enfants  scolarisés","Burkina Faso","Enseignement du premier cycle du secondaire","Masculin","n/a","Milliers enfants","2017","458.1"
"Effectifs des enfants  scolarisés","Burkina Faso","Enseignement du premier cycle du secondaire","Masculin","n/a","Milliers enfants","2018","498.6"
"Effectifs des enfants  scolarisés","Burkina Faso","Enseignement du premier cycle du secondaire","Masculin","n/a","Milliers enfants","2019","488.4"
"Effectifs des enfants  scolarisés","Burkina Faso","Enseignement du premier cycle du secondaire","Masculin","n/a","Milliers enfants","2020","482.9"
"Effectifs des enfants  scolarisés","Burkina Faso","Enseignement du premier cycle du secondaire","Masculin","n/a","Milliers enfants","2021","467.5"
"Effectifs des enfants  scolarisés","Burkina Faso","Enseignement du premier cycle du secondaire","Masculin","n/a","Milliers enfants","2022","416.4"
"Effectifs des enfants  scolarisés","Burkina Faso","Enseignement du premier cycle du secondaire","Masculin","n/a","Milliers enfants","2023","382.7"
"Effectifs des enfants  scolarisés","Burkina Faso","Enseignement du premier cycle du secondaire","Masculin","n/a","Milliers enfants","2024","388.1"
"Effectifs des enfants  scolarisés","Burkina Faso","Enseignement du premier cycle du secondaire","Féminin","n/a","Milliers enfants","1990","23.8"
"Effectifs des enfants  scolarisés","Burkina Faso","Enseignement du premier cycle du secondaire","Féminin","n/a","Milliers enfants","1991","26.9"
"Effectifs des enfants  scolarisés","Burkina Faso","Enseignement du premier cycle du secondaire","Féminin","n/a","Milliers enfants","1992","29.8"
"Effectifs des enfants  scolarisés","Burkina Faso","Enseignement du premier cycle du secondaire","Féminin","n/a","Milliers enfants","1993","32.9"
"Effectifs des enfants  scolarisés","Burkina Faso","Enseignement du premier cycle du secondaire","Féminin","n/a","Milliers enfants","1994","35.6"
"Effectifs des enfants  scolarisés","Burkina Faso","Enseignement du premier cycle du secondaire","Féminin","n/a","Milliers enfants","1995","38.8"
"Effectifs des enfants  scolarisés","Burkina Faso","Enseignement du premier cycle du secondaire","Féminin","n/a","Milliers enfants","1996","42.4"
"Effectifs des enfants  scolarisés","Burkina Faso","Enseignement du premier cycle du secondaire","Féminin","n/a","Milliers enfants","1997","45.5"
"Effectifs des enfants  scolarisés","Burkina Faso","Enseignement du premier cycle du secondaire","Féminin","n/a","Milliers enfants","1998","49.7"
"Effectifs des enfants  scolarisés","Burkina Faso","Enseignement du premier cycle du secondaire","Féminin","n/a","Milliers enfants","1999","51.3"
"Effectifs des enfants  scolarisés","Burkina Faso","Enseignement du premier cycle du secondaire","Féminin","n/a","Milliers enfants","2000","58.1"
"Effectifs des enfants  scolarisés","Burkina Faso","Enseignement du premier cycle du secondaire","Féminin","n/a","Milliers enfants","2001","61"
"Effectifs des enfants  scolarisés","Burkina Faso","Enseignement du premier cycle du secondaire","Féminin","n/a","Milliers enfants","2002","66.7"
"Effectifs des enfants  scolarisés","Burkina Faso","Enseignement du premier cycle du secondaire","Féminin","n/a","Milliers enfants","2003","77.8"
"Effectifs des enfants  scolarisés","Burkina Faso","Enseignement du premier cycle du secondaire","Féminin","n/a","Milliers enfants","2004","85.8"
"Effectifs des enfants  scolarisés","Burkina Faso","Enseignement du premier cycle du secondaire","Féminin","n/a","Milliers enfants","2005","95.8"
"Effectifs des enfants  scolarisés","Burkina Faso","Enseignement du premier cycle du secondaire","Féminin","n/a","Milliers enfants","2006","105.8"
"Effectifs des enfants  scolarisés","Burkina Faso","Enseignement du premier cycle du secondaire","Féminin","n/a","Milliers enfants","2007","117"
"Effectifs des enfants  scolarisés","Burkina Faso","Enseignement du premier cycle du secondaire","Féminin","n/a","Milliers enfants","2008","145"
"Effectifs des enfants  scolarisés","Burkina Faso","Enseignement du premier cycle du secondaire","Féminin","n/a","Milliers enfants","2009","159.1"
"Effectifs des enfants  scolarisés","Burkina Faso","Enseignement du premier cycle du secondaire","Féminin","n/a","Milliers enfants","2010","189.4"
"Effectifs des enfants  scolarisés","Burkina Faso","Enseignement du premier cycle du secondaire","Féminin","n/a","Milliers enfants","2011","218.4"
"Effectifs des enfants  scolarisés","Burkina Faso","Enseignement du premier cycle du secondaire","Féminin","n/a","Milliers enfants","2012","250.7"
"Effectifs des enfants  scolarisés","Burkina Faso","Enseignement du premier cycle du secondaire","Féminin","n/a","Milliers enfants","2013","282.7"
"Effectifs des enfants  scolarisés","Burkina Faso","Enseignement du premier cycle du secondaire","Féminin","n/a","Milliers enfants","2014","313"
"Effectifs des enfants  scolarisés","Burkina Faso","Enseignement du premier cycle du secondaire","Féminin","n/a","Milliers enfants","2015","376.8"
"Effectifs des enfants  scolarisés","Burkina Faso","Enseignement du premier cycle du secondaire","Féminin","n/a","Milliers enfants","2016","335.3"
"Effectifs des enfants  scolarisés","Burkina Faso","Enseignement du premier cycle du secondaire","Féminin","n/a","Milliers enfants","2017","461.8"
"Effectifs des enfants  scolarisés","Burkina Faso","Enseignement du premier cycle du secondaire","Féminin","n/a","Milliers enfants","2018","517.9"
"Effectifs des enfants  scolarisés","Burkina Faso","Enseignement du premier cycle du secondaire","Féminin","n/a","Milliers enfants","2019","526"
"Effectifs des enfants  scolarisés","Burkina Faso","Enseignement du premier cycle du secondaire","Féminin","n/a","Milliers enfants","2020","534.2"
"Effectifs des enfants  scolarisés","Burkina Faso","Enseignement du premier cycle du secondaire","Féminin","n/a","Milliers enfants","2021","544.5"
"Effectifs des enfants  scolarisés","Burkina Faso","Enseignement du premier cycle du secondaire","Féminin","n/a","Milliers enfants","2022","507.7"
"Effectifs des enfants  scolarisés","Burkina Faso","Enseignement du premier cycle du secondaire","Féminin","n/a","Milliers enfants","2023","479.2"
"Effectifs des enfants  scolarisés","Burkina Faso","Enseignement du premier cycle du secondaire","Féminin","n/a","Milliers enfants","2024","494.2"
"Effectifs des enfants  scolarisés","Burkina Faso","Enseignement du premier cycle du secondaire","n/a","Etablissement public","Milliers enfants","1991","47.1"
"Effectifs des enfants  scolarisés","Burkina Faso","Enseignement du premier cycle du secondaire","n/a","Etablissement public","Milliers enfants","1992","51.8"
"Effectifs des enfants  scolarisés","Burkina Faso","Enseignement du premier cycle du secondaire","n/a","Etablissement public","Milliers enfants","1993","59"
"Effectifs des enfants  scolarisés","Burkina Faso","Enseignement du premier cycle du secondaire","n/a","Etablissement public","Milliers enfants","1994","67.8"
"Effectifs des enfants  scolarisés","Burkina Faso","Enseignement du premier cycle du secondaire","n/a","Etablissement public","Milliers enfants","1995","72.3"
"Effectifs des enfants  scolarisés","Burkina Faso","Enseignement du premier cycle du secondaire","n/a","Etablissement public","Milliers enfants","1996","77.3"
"Effectifs des enfants  scolarisés","Burkina Faso","Enseignement du premier cycle du secondaire","n/a","Etablissement public","Milliers enfants","2001","103.8"
"Effectifs des enfants  scolarisés","Burkina Faso","Enseignement du premier cycle du secondaire","n/a","Etablissement public","Milliers enfants","2004","135.2"
"Effectifs des enfants  scolarisés","Burkina Faso","Enseignement du premier cycle du secondaire","n/a","Etablissement public","Milliers enfants","2006","159.1"
"Effectifs des enfants  scolarisés","Burkina Faso","Enseignement du premier cycle du secondaire","n/a","Etablissement public","Milliers enfants","2007","175.1"
"Effectifs des enfants  scolarisés","Burkina Faso","Enseignement du premier cycle du secondaire","n/a","Etablissement public","Milliers enfants","2008","198.9"
"Effectifs des enfants  scolarisés","Burkina Faso","Enseignement du premier cycle du secondaire","n/a","Etablissement public","Milliers enfants","2009","221.3"
"Effectifs des enfants  scolarisés","Burkina Faso","Enseignement du premier cycle du secondaire","n/a","Etablissement public","Milliers enfants","2010","259.8"
"Effectifs des enfants  scolarisés","Burkina Faso","Enseignement du premier cycle du secondaire","n/a","Etablissement public","Milliers enfants","2011","298.8"
"Effectifs des enfants  scolarisés","Burkina Faso","Enseignement du premier cycle du secondaire","n/a","Etablissement public","Milliers enfants","2012","335.7"
"Effectifs des enfants  scolarisés","Burkina Faso","Enseignement du premier cycle du secondaire","n/a","Etablissement public","Milliers enfants","2013","373.2"
"Effectifs des enfants  scolarisés","Burkina Faso","Enseignement du premier cycle du secondaire","n/a","Etablissement public","Milliers enfants","2014","438.8"
"Effectifs des enfants  scolarisés","Burkina Faso","Enseignement du premier cycle du secondaire","n/a","Etablissement public","Milliers enfants","2015","501.9"
"Effectifs des enfants  scolarisés","Burkina Faso","Enseignement du premier cycle du secondaire","n/a","Etablissement public","Milliers enfants","2016","467.8"
"Effectifs des enfants  scolarisés","Burkina Faso","Enseignement du premier cycle du secondaire","n/a","Etablissement public","Milliers enfants","2017","578.6"
"Effectifs des enfants  scolarisés","Burkina Faso","Enseignement du premier cycle du secondaire","n/a","Etablissement public","Milliers enfants","2018","646.6"
"Effectifs des enfants  scolarisés","Burkina Faso","Enseignement du premier cycle du secondaire","n/a","Etablissement public","Milliers enfants","2019","634.6"
"Effectifs des enfants  scolarisés","Burkina Faso","Enseignement du premier cycle du secondaire","n/a","Etablissement public","Milliers enfants","2020","615.6"
"Effectifs des enfants  scolarisés","Burkina Faso","Enseignement du premier cycle du secondaire","n/a","Etablissement public","Milliers enfants","2021","632.1"
"Effectifs des enfants  scolarisés","Burkina Faso","Enseignement du premier cycle du secondaire","n/a","Etablissement public","Milliers enfants","2022","565.3"
"Effectifs des enfants  scolarisés","Burkina Faso","Enseignement du premier cycle du secondaire","n/a","Etablissement public","Milliers enfants","2023","523.1"
"Effectifs des enfants  scolarisés","Burkina Faso","Enseignement du premier cycle du secondaire","n/a","Etablissement public","Milliers enfants","2024","551"
"Effectifs des enfants  scolarisés","Burkina Faso","Enseignement du premier cycle du secondaire","n/a","Etablissement privé","Milliers enfants","1991","30.5"
"Effectifs des enfants  scolarisés","Burkina Faso","Enseignement du premier cycle du secondaire","n/a","Etablissement privé","Milliers enfants","1992","32.8"
"Effectifs des enfants  scolarisés","Burkina Faso","Enseignement du premier cycle du secondaire","n/a","Etablissement privé","Milliers enfants","1993","33.6"
"Effectifs des enfants  scolarisés","Burkina Faso","Enseignement du premier cycle du secondaire","n/a","Etablissement privé","Milliers enfants","1994","31.9"
"Effectifs des enfants  scolarisés","Burkina Faso","Enseignement du premier cycle du secondaire","n/a","Etablissement privé","Milliers enfants","1995","35.8"
"Effectifs des enfants  scolarisés","Burkina Faso","Enseignement du premier cycle du secondaire","n/a","Etablissement privé","Milliers enfants","1996","38.9"
"Effectifs des enfants  scolarisés","Burkina Faso","Enseignement du premier cycle du secondaire","n/a","Etablissement privé","Milliers enfants","2001","48.2"
"Effectifs des enfants  scolarisés","Burkina Faso","Enseignement du premier cycle du secondaire","n/a","Etablissement privé","Milliers enfants","2004","73"
"Effectifs des enfants  scolarisés","Burkina Faso","Enseignement du premier cycle du secondaire","n/a","Etablissement privé","Milliers enfants","2006","91.2"
"Effectifs des enfants  scolarisés","Burkina Faso","Enseignement du premier cycle du secondaire","n/a","Etablissement privé","Milliers enfants","2007","99.3"
"Effectifs des enfants  scolarisés","Burkina Faso","Enseignement du premier cycle du secondaire","n/a","Etablissement privé","Milliers enfants","2008","138.4"
"Effectifs des enfants  scolarisés","Burkina Faso","Enseignement du premier cycle du secondaire","n/a","Etablissement privé","Milliers enfants","2009","147.6"
"Effectifs des enfants  scolarisés","Burkina Faso","Enseignement du premier cycle du secondaire","n/a","Etablissement privé","Milliers enfants","2010","172.6"
"Effectifs des enfants  scolarisés","Burkina Faso","Enseignement du premier cycle du secondaire","n/a","Etablissement privé","Milliers enfants","2011","192.7"
"Effectifs des enfants  scolarisés","Burkina Faso","Enseignement du premier cycle du secondaire","n/a","Etablissement privé","Milliers enfants","2012","217.2"
"Effectifs des enfants  scolarisés","Burkina Faso","Enseignement du premier cycle du secondaire","n/a","Etablissement privé","Milliers enfants","2013","233.6"
"Effectifs des enfants  scolarisés","Burkina Faso","Enseignement du premier cycle du secondaire","n/a","Etablissement privé","Milliers enfants","2014","223.1"
"Effectifs des enfants  scolarisés","Burkina Faso","Enseignement du premier cycle du secondaire","n/a","Etablissement privé","Milliers enfants","2015","271.2"
"Effectifs des enfants  scolarisés","Burkina Faso","Enseignement du premier cycle du secondaire","n/a","Etablissement privé","Milliers enfants","2016","199.7"
"Effectifs des enfants  scolarisés","Burkina Faso","Enseignement du premier cycle du secondaire","n/a","Etablissement privé","Milliers enfants","2017","341.4"
"Effectifs des enfants  scolarisés","Burkina Faso","Enseignement du premier cycle du secondaire","n/a","Etablissement privé","Milliers enfants","2018","369.9"
"Effectifs des enfants  scolarisés","Burkina Faso","Enseignement du premier cycle du secondaire","n/a","Etablissement privé","Milliers enfants","2019","379.8"
"Effectifs des enfants  scolarisés","Burkina Faso","Enseignement du premier cycle du secondaire","n/a","Etablissement privé","Milliers enfants","2020","401.6"
"Effectifs des enfants  scolarisés","Burkina Faso","Enseignement du premier cycle du secondaire","n/a","Etablissement privé","Milliers enfants","2021","379.9"
"Effectifs des enfants  scolarisés","Burkina Faso","Enseignement du premier cycle du secondaire","n/a","Etablissement privé","Milliers enfants","2022","358.8"
"Effectifs des enfants  scolarisés","Burkina Faso","Enseignement du premier cycle du secondaire","n/a","Etablissement privé","Milliers enfants","2023","338.8"
"Effectifs des enfants  scolarisés","Burkina Faso","Enseignement du premier cycle du secondaire","n/a","Etablissement privé","Milliers enfants","2024","334.3"
"Effectifs des enfants  scolarisés","Burkina Faso","Enseignement du deuxième cycle du secondaire","Ensemble","Ensemble","Milliers enfants","1990","12.6"
"Effectifs des enfants  scolarisés","Burkina Faso","Enseignement du deuxième cycle du secondaire","Ensemble","Ensemble","Milliers enfants","1991","12.9"
"Effectifs des enfants  scolarisés","Burkina Faso","Enseignement du deuxième cycle du secondaire","Ensemble","Ensemble","Milliers enfants","1992","12.5"
"Effectifs des enfants  scolarisés","Burkina Faso","Enseignement du deuxième cycle du secondaire","Ensemble","Ensemble","Milliers enfants","1993","14.4"
"Effectifs des enfants  scolarisés","Burkina Faso","Enseignement du deuxième cycle du secondaire","Ensemble","Ensemble","Milliers enfants","1994","16.3"
"Effectifs des enfants  scolarisés","Burkina Faso","Enseignement du deuxième cycle du secondaire","Ensemble","Ensemble","Milliers enfants","1995","18.1"
"Effectifs des enfants  scolarisés","Burkina Faso","Enseignement du deuxième cycle du secondaire","Ensemble","Ensemble","Milliers enfants","1996","21.1"
"Effectifs des enfants  scolarisés","Burkina Faso","Enseignement du deuxième cycle du secondaire","Ensemble","Ensemble","Milliers enfants","1997","21.8"
"Effectifs des enfants  scolarisés","Burkina Faso","Enseignement du deuxième cycle du secondaire","Ensemble","Ensemble","Milliers enfants","1998","24.6"
"Effectifs des enfants  scolarisés","Burkina Faso","Enseignement du deuxième cycle du secondaire","Ensemble","Ensemble","Milliers enfants","1999","26.6"
"Effectifs des enfants  scolarisés","Burkina Faso","Enseignement du deuxième cycle du secondaire","Ensemble","Ensemble","Milliers enfants","2000","29.2"
"Effectifs des enfants  scolarisés","Burkina Faso","Enseignement du deuxième cycle du secondaire","Ensemble","Ensemble","Milliers enfants","2001","30"
"Effectifs des enfants  scolarisés","Burkina Faso","Enseignement du deuxième cycle du secondaire","Ensemble","Ensemble","Milliers enfants","2002","30.1"
"Effectifs des enfants  scolarisés","Burkina Faso","Enseignement du deuxième cycle du secondaire","Ensemble","Ensemble","Milliers enfants","2003","30"
"Effectifs des enfants  scolarisés","Burkina Faso","Enseignement du deuxième cycle du secondaire","Ensemble","Ensemble","Milliers enfants","2004","38"
"Effectifs des enfants  scolarisés","Burkina Faso","Enseignement du deuxième cycle du secondaire","Ensemble","Ensemble","Milliers enfants","2005","43.1"
"Effectifs des enfants  scolarisés","Burkina Faso","Enseignement du deuxième cycle du secondaire","Ensemble","Ensemble","Milliers enfants","2006","46.4"
"Effectifs des enfants  scolarisés","Burkina Faso","Enseignement du deuxième cycle du secondaire","Ensemble","Ensemble","Milliers enfants","2007","53.4"
"Effectifs des enfants  scolarisés","Burkina Faso","Enseignement du deuxième cycle du secondaire","Ensemble","Ensemble","Milliers enfants","2008","60.6"
"Effectifs des enfants  scolarisés","Burkina Faso","Enseignement du deuxième cycle du secondaire","Ensemble","Ensemble","Milliers enfants","2009","73"
"Effectifs des enfants  scolarisés","Burkina Faso","Enseignement du deuxième cycle du secondaire","Ensemble","Ensemble","Milliers enfants","2010","79.2"
"Effectifs des enfants  scolarisés","Burkina Faso","Enseignement du deuxième cycle du secondaire","Ensemble","Ensemble","Milliers enfants","2011","86.8"
"Effectifs des enfants  scolarisés","Burkina Faso","Enseignement du deuxième cycle du secondaire","Ensemble","Ensemble","Milliers enfants","2012","96"
"Effectifs des enfants  scolarisés","Burkina Faso","Enseignement du deuxième cycle du secondaire","Ensemble","Ensemble","Milliers enfants","2013","125.9"
"Effectifs des enfants  scolarisés","Burkina Faso","Enseignement du deuxième cycle du secondaire","Ensemble","Ensemble","Milliers enfants","2014","116.9"
"Effectifs des enfants  scolarisés","Burkina Faso","Enseignement du deuxième cycle du secondaire","Ensemble","Ensemble","Milliers enfants","2015","126.3"
"Effectifs des enfants  scolarisés","Burkina Faso","Enseignement du deuxième cycle du secondaire","Ensemble","Ensemble","Milliers enfants","2016","154.5"
"Effectifs des enfants  scolarisés","Burkina Faso","Enseignement du deuxième cycle du secondaire","Ensemble","Ensemble","Milliers enfants","2017","176"
"Effectifs des enfants  scolarisés","Burkina Faso","Enseignement du deuxième cycle du secondaire","Ensemble","Ensemble","Milliers enfants","2018","203.7"
"Effectifs des enfants  scolarisés","Burkina Faso","Enseignement du deuxième cycle du secondaire","Ensemble","Ensemble","Milliers enfants","2019","263.9"
"Effectifs des enfants  scolarisés","Burkina Faso","Enseignement du deuxième cycle du secondaire","Ensemble","Ensemble","Milliers enfants","2020","276.4"
"Effectifs des enfants  scolarisés","Burkina Faso","Enseignement du deuxième cycle du secondaire","Ensemble","Ensemble","Milliers enfants","2021","287.8"
"Effectifs des enfants  scolarisés","Burkina Faso","Enseignement du deuxième cycle du secondaire","Ensemble","Ensemble","Milliers enfants","2022","258.2"
"Effectifs des enfants  scolarisés","Burkina Faso","Enseignement du deuxième cycle du secondaire","Ensemble","Ensemble","Milliers enfants","2023","247.4"
"Effectifs des enfants  scolarisés","Burkina Faso","Enseignement du deuxième cycle du secondaire","Ensemble","Ensemble","Milliers enfants","2024","228.8"
"Effectifs des enfants  scolarisés","Burkina Faso","Enseignement du deuxième cycle du secondaire","Masculin","n/a","Milliers enfants","1990","9.5"
"Effectifs des enfants  scolarisés","Burkina Faso","Enseignement du deuxième cycle du secondaire","Masculin","n/a","Milliers enfants","1991","9.8"
"Effectifs des enfants  scolarisés","Burkina Faso","Enseignement du deuxième cycle du secondaire","Masculin","n/a","Milliers enfants","1992","9.7"
"Effectifs des enfants  scolarisés","Burkina Faso","Enseignement du deuxième cycle du secondaire","Masculin","n/a","Milliers enfants","1993","11"
"Effectifs des enfants  scolarisés","Burkina Faso","Enseignement du deuxième cycle du secondaire","Masculin","n/a","Milliers enfants","1994","12.4"
"Effectifs des enfants  scolarisés","Burkina Faso","Enseignement du deuxième cycle du secondaire","Masculin","n/a","Milliers enfants","1995","13.7"
"Effectifs des enfants  scolarisés","Burkina Faso","Enseignement du deuxième cycle du secondaire","Masculin","n/a","Milliers enfants","1996","15.8"
"Effectifs des enfants  scolarisés","Burkina Faso","Enseignement du deuxième cycle du secondaire","Masculin","n/a","Milliers enfants","1997","16.5"
"Effectifs des enfants  scolarisés","Burkina Faso","Enseignement du deuxième cycle du secondaire","Masculin","n/a","Milliers enfants","1998","18.4"
"Effectifs des enfants  scolarisés","Burkina Faso","Enseignement du deuxième cycle du secondaire","Masculin","n/a","Milliers enfants","1999","19.7"
"Effectifs des enfants  scolarisés","Burkina Faso","Enseignement du deuxième cycle du secondaire","Masculin","n/a","Milliers enfants","2000","21.3"
"Effectifs des enfants  scolarisés","Burkina Faso","Enseignement du deuxième cycle du secondaire","Masculin","n/a","Milliers enfants","2001","21.7"
"Effectifs des enfants  scolarisés","Burkina Faso","Enseignement du deuxième cycle du secondaire","Masculin","n/a","Milliers enfants","2002","21.2"
"Effectifs des enfants  scolarisés","Burkina Faso","Enseignement du deuxième cycle du secondaire","Masculin","n/a","Milliers enfants","2003","21.3"
"Effectifs des enfants  scolarisés","Burkina Faso","Enseignement du deuxième cycle du secondaire","Masculin","n/a","Milliers enfants","2004","26.4"
"Effectifs des enfants  scolarisés","Burkina Faso","Enseignement du deuxième cycle du secondaire","Masculin","n/a","Milliers enfants","2005","29.7"
"Effectifs des enfants  scolarisés","Burkina Faso","Enseignement du deuxième cycle du secondaire","Masculin","n/a","Milliers enfants","2006","31.6"
"Effectifs des enfants  scolarisés","Burkina Faso","Enseignement du deuxième cycle du secondaire","Masculin","n/a","Milliers enfants","2007","36.2"
"Effectifs des enfants  scolarisés","Burkina Faso","Enseignement du deuxième cycle du secondaire","Masculin","n/a","Milliers enfants","2008","40.8"
"Effectifs des enfants  scolarisés","Burkina Faso","Enseignement du deuxième cycle du secondaire","Masculin","n/a","Milliers enfants","2009","48.5"
"Effectifs des enfants  scolarisés","Burkina Faso","Enseignement du deuxième cycle du secondaire","Masculin","n/a","Milliers enfants","2010","52.5"
"Effectifs des enfants  scolarisés","Burkina Faso","Enseignement du deuxième cycle du secondaire","Masculin","n/a","Milliers enfants","2011","57.3"
"Effectifs des enfants  scolarisés","Burkina Faso","Enseignement du deuxième cycle du secondaire","Masculin","n/a","Milliers enfants","2012","62.2"
"Effectifs des enfants  scolarisés","Burkina Faso","Enseignement du deuxième cycle du secondaire","Masculin","n/a","Milliers enfants","2013","79.6"
"Effectifs des enfants  scolarisés","Burkina Faso","Enseignement du deuxième cycle du secondaire","Masculin","n/a","Milliers enfants","2014","73.4"
"Effectifs des enfants  scolarisés","Burkina Faso","Enseignement du deuxième cycle du secondaire","Masculin","n/a","Milliers enfants","2015","79.3"
"Effectifs des enfants  scolarisés","Burkina Faso","Enseignement du deuxième cycle du secondaire","Masculin","n/a","Milliers enfants","2016","95.5"
"Effectifs des enfants  scolarisés","Burkina Faso","Enseignement du deuxième cycle du secondaire","Masculin","n/a","Milliers enfants","2017","106.6"
"Effectifs des enfants  scolarisés","Burkina Faso","Enseignement du deuxième cycle du secondaire","Masculin","n/a","Milliers enfants","2018","121"
"Effectifs des enfants  scolarisés","Burkina Faso","Enseignement du deuxième cycle du secondaire","Masculin","n/a","Milliers enfants","2019","149.2"
"Effectifs des enfants  scolarisés","Burkina Faso","Enseignement du deuxième cycle du secondaire","Masculin","n/a","Milliers enfants","2020","152.9"
"Effectifs des enfants  scolarisés","Burkina Faso","Enseignement du deuxième cycle du secondaire","Masculin","n/a","Milliers enfants","2021","152"
"Effectifs des enfants  scolarisés","Burkina Faso","Enseignement du deuxième cycle du secondaire","Masculin","n/a","Milliers enfants","2022","130.9"
"Effectifs des enfants  scolarisés","Burkina Faso","Enseignement du deuxième cycle du secondaire","Masculin","n/a","Milliers enfants","2023","119.6"
"Effectifs des enfants  scolarisés","Burkina Faso","Enseignement du deuxième cycle du secondaire","Masculin","n/a","Milliers enfants","2024","106.9"
"Effectifs des enfants  scolarisés","Burkina Faso","Enseignement du deuxième cycle du secondaire","Féminin","n/a","Milliers enfants","1990","3.1"
"Effectifs des enfants  scolarisés","Burkina Faso","Enseignement du deuxième cycle du secondaire","Féminin","n/a","Milliers enfants","1991","3.1"
"Effectifs des enfants  scolarisés","Burkina Faso","Enseignement du deuxième cycle du secondaire","Féminin","n/a","Milliers enfants","1992","2.8"
"Effectifs des enfants  scolarisés","Burkina Faso","Enseignement du deuxième cycle du secondaire","Féminin","n/a","Milliers enfants","1993","3.4"
"Effectifs des enfants  scolarisés","Burkina Faso","Enseignement du deuxième cycle du secondaire","Féminin","n/a","Milliers enfants","1994","3.9"
"Effectifs des enfants  scolarisés","Burkina Faso","Enseignement du deuxième cycle du secondaire","Féminin","n/a","Milliers enfants","1995","4.3"
"Effectifs des enfants  scolarisés","Burkina Faso","Enseignement du deuxième cycle du secondaire","Féminin","n/a","Milliers enfants","1996","5.3"
"Effectifs des enfants  scolarisés","Burkina Faso","Enseignement du deuxième cycle du secondaire","Féminin","n/a","Milliers enfants","1997","5.3"
"Effectifs des enfants  scolarisés","Burkina Faso","Enseignement du deuxième cycle du secondaire","Féminin","n/a","Milliers enfants","1998","6.2"
"Effectifs des enfants  scolarisés","Burkina Faso","Enseignement du deuxième cycle du secondaire","Féminin","n/a","Milliers enfants","1999","6.9"
"Effectifs des enfants  scolarisés","Burkina Faso","Enseignement du deuxième cycle du secondaire","Féminin","n/a","Milliers enfants","2000","7.9"
"Effectifs des enfants  scolarisés","Burkina Faso","Enseignement du deuxième cycle du secondaire","Féminin","n/a","Milliers enfants","2001","8.3"
"Effectifs des enfants  scolarisés","Burkina Faso","Enseignement du deuxième cycle du secondaire","Féminin","n/a","Milliers enfants","2002","8.9"
"Effectifs des enfants  scolarisés","Burkina Faso","Enseignement du deuxième cycle du secondaire","Féminin","n/a","Milliers enfants","2003","8.7"
"Effectifs des enfants  scolarisés","Burkina Faso","Enseignement du deuxième cycle du secondaire","Féminin","n/a","Milliers enfants","2004","11.6"
"Effectifs des enfants  scolarisés","Burkina Faso","Enseignement du deuxième cycle du secondaire","Féminin","n/a","Milliers enfants","2005","13.5"
"Effectifs des enfants  scolarisés","Burkina Faso","Enseignement du deuxième cycle du secondaire","Féminin","n/a","Milliers enfants","2006","14.8"
"Effectifs des enfants  scolarisés","Burkina Faso","Enseignement du deuxième cycle du secondaire","Féminin","n/a","Milliers enfants","2007","17.3"
"Effectifs des enfants  scolarisés","Burkina Faso","Enseignement du deuxième cycle du secondaire","Féminin","n/a","Milliers enfants","2008","19.8"
"Effectifs des enfants  scolarisés","Burkina Faso","Enseignement du deuxième cycle du secondaire","Féminin","n/a","Milliers enfants","2009","24.4"
"Effectifs des enfants  scolarisés","Burkina Faso","Enseignement du deuxième cycle du secondaire","Féminin","n/a","Milliers enfants","2010","26.7"
"Effectifs des enfants  scolarisés","Burkina Faso","Enseignement du deuxième cycle du secondaire","Féminin","n/a","Milliers enfants","2011","29.4"
"Effectifs des enfants  scolarisés","Burkina Faso","Enseignement du deuxième cycle du secondaire","Féminin","n/a","Milliers enfants","2012","33.8"
"Effectifs des enfants  scolarisés","Burkina Faso","Enseignement du deuxième cycle du secondaire","Féminin","n/a","Milliers enfants","2013","46.4"
"Effectifs des enfants  scolarisés","Burkina Faso","Enseignement du deuxième cycle du secondaire","Féminin","n/a","Milliers enfants","2014","43.5"
"Effectifs des enfants  scolarisés","Burkina Faso","Enseignement du deuxième cycle du secondaire","Féminin","n/a","Milliers enfants","2015","47"
"Effectifs des enfants  scolarisés","Burkina Faso","Enseignement du deuxième cycle du secondaire","Féminin","n/a","Milliers enfants","2016","59"
"Effectifs des enfants  scolarisés","Burkina Faso","Enseignement du deuxième cycle du secondaire","Féminin","n/a","Milliers enfants","2017","69.4"
"Effectifs des enfants  scolarisés","Burkina Faso","Enseignement du deuxième cycle du secondaire","Féminin","n/a","Milliers enfants","2018","82.8"
"Effectifs des enfants  scolarisés","Burkina Faso","Enseignement du deuxième cycle du secondaire","Féminin","n/a","Milliers enfants","2019","114.7"
"Effectifs des enfants  scolarisés","Burkina Faso","Enseignement du deuxième cycle du secondaire","Féminin","n/a","Milliers enfants","2020","123.5"
"Effectifs des enfants  scolarisés","Burkina Faso","Enseignement du deuxième cycle du secondaire","Féminin","n/a","Milliers enfants","2021","135.8"
"Effectifs des enfants  scolarisés","Burkina Faso","Enseignement du deuxième cycle du secondaire","Féminin","n/a","Milliers enfants","2022","127.3"
"Effectifs des enfants  scolarisés","Burkina Faso","Enseignement du deuxième cycle du secondaire","Féminin","n/a","Milliers enfants","2023","127.8"
"Effectifs des enfants  scolarisés","Burkina Faso","Enseignement du deuxième cycle du secondaire","Féminin","n/a","Milliers enfants","2024","121.9"
"Effectifs des enfants  scolarisés","Burkina Faso","Enseignement du deuxième cycle du secondaire","n/a","Etablissement public","Milliers enfants","1991","8.9"
"Effectifs des enfants  scolarisés","Burkina Faso","Enseignement du deuxième cycle du secondaire","n/a","Etablissement public","Milliers enfants","1992","8.8"
"Effectifs des enfants  scolarisés","Burkina Faso","Enseignement du deuxième cycle du secondaire","n/a","Etablissement public","Milliers enfants","1993","10.5"
"Effectifs des enfants  scolarisés","Burkina Faso","Enseignement du deuxième cycle du secondaire","n/a","Etablissement public","Milliers enfants","1994","12.3"
"Effectifs des enfants  scolarisés","Burkina Faso","Enseignement du deuxième cycle du secondaire","n/a","Etablissement public","Milliers enfants","1995","13.5"
"Effectifs des enfants  scolarisés","Burkina Faso","Enseignement du deuxième cycle du secondaire","n/a","Etablissement public","Milliers enfants","1996","15.3"
"Effectifs des enfants  scolarisés","Burkina Faso","Enseignement du deuxième cycle du secondaire","n/a","Etablissement public","Milliers enfants","2001","22.3"
"Effectifs des enfants  scolarisés","Burkina Faso","Enseignement du deuxième cycle du secondaire","n/a","Etablissement public","Milliers enfants","2004","26.1"
"Effectifs des enfants  scolarisés","Burkina Faso","Enseignement du deuxième cycle du secondaire","n/a","Etablissement public","Milliers enfants","2006","31.4"
"Effectifs des enfants  scolarisés","Burkina Faso","Enseignement du deuxième cycle du secondaire","n/a","Etablissement public","Milliers enfants","2007","35.3"
"Effectifs des enfants  scolarisés","Burkina Faso","Enseignement du deuxième cycle du secondaire","n/a","Etablissement public","Milliers enfants","2008","36.7"
"Effectifs des enfants  scolarisés","Burkina Faso","Enseignement du deuxième cycle du secondaire","n/a","Etablissement public","Milliers enfants","2009","43.5"
"Effectifs des enfants  scolarisés","Burkina Faso","Enseignement du deuxième cycle du secondaire","n/a","Etablissement public","Milliers enfants","2010","46.2"
"Effectifs des enfants  scolarisés","Burkina Faso","Enseignement du deuxième cycle du secondaire","n/a","Etablissement public","Milliers enfants","2011","49.8"
"Effectifs des enfants  scolarisés","Burkina Faso","Enseignement du deuxième cycle du secondaire","n/a","Etablissement public","Milliers enfants","2012","54.9"
"Effectifs des enfants  scolarisés","Burkina Faso","Enseignement du deuxième cycle du secondaire","n/a","Etablissement public","Milliers enfants","2013","67.2"
"Effectifs des enfants  scolarisés","Burkina Faso","Enseignement du deuxième cycle du secondaire","n/a","Etablissement public","Milliers enfants","2014","65.9"
"Effectifs des enfants  scolarisés","Burkina Faso","Enseignement du deuxième cycle du secondaire","n/a","Etablissement public","Milliers enfants","2015","71.1"
"Effectifs des enfants  scolarisés","Burkina Faso","Enseignement du deuxième cycle du secondaire","n/a","Etablissement public","Milliers enfants","2016","86.6"
"Effectifs des enfants  scolarisés","Burkina Faso","Enseignement du deuxième cycle du secondaire","n/a","Etablissement public","Milliers enfants","2017","98.1"
"Effectifs des enfants  scolarisés","Burkina Faso","Enseignement du deuxième cycle du secondaire","n/a","Etablissement public","Milliers enfants","2018","112.7"
"Effectifs des enfants  scolarisés","Burkina Faso","Enseignement du deuxième cycle du secondaire","n/a","Etablissement public","Milliers enfants","2019","138"
"Effectifs des enfants  scolarisés","Burkina Faso","Enseignement du deuxième cycle du secondaire","n/a","Etablissement public","Milliers enfants","2020","138.8"
"Effectifs des enfants  scolarisés","Burkina Faso","Enseignement du deuxième cycle du secondaire","n/a","Etablissement public","Milliers enfants","2021","144.1"
"Effectifs des enfants  scolarisés","Burkina Faso","Enseignement du deuxième cycle du secondaire","n/a","Etablissement public","Milliers enfants","2022","127"
"Effectifs des enfants  scolarisés","Burkina Faso","Enseignement du deuxième cycle du secondaire","n/a","Etablissement public","Milliers enfants","2023","126.1"
"Effectifs des enfants  scolarisés","Burkina Faso","Enseignement du deuxième cycle du secondaire","n/a","Etablissement public","Milliers enfants","2024","121.9"
"Effectifs des enfants  scolarisés","Burkina Faso","Enseignement du deuxième cycle du secondaire","n/a","Etablissement privé","Milliers enfants","1991","4"
"Effectifs des enfants  scolarisés","Burkina Faso","Enseignement du deuxième cycle du secondaire","n/a","Etablissement privé","Milliers enfants","1992","3.7"
"Effectifs des enfants  scolarisés","Burkina Faso","Enseignement du deuxième cycle du secondaire","n/a","Etablissement privé","Milliers enfants","1993","3.9"
"Effectifs des enfants  scolarisés","Burkina Faso","Enseignement du deuxième cycle du secondaire","n/a","Etablissement privé","Milliers enfants","1994","4"
"Effectifs des enfants  scolarisés","Burkina Faso","Enseignement du deuxième cycle du secondaire","n/a","Etablissement privé","Milliers enfants","1995","4.6"
"Effectifs des enfants  scolarisés","Burkina Faso","Enseignement du deuxième cycle du secondaire","n/a","Etablissement privé","Milliers enfants","1996","5.8"
"Effectifs des enfants  scolarisés","Burkina Faso","Enseignement du deuxième cycle du secondaire","n/a","Etablissement privé","Milliers enfants","2001","7.4"
"Effectifs des enfants  scolarisés","Burkina Faso","Enseignement du deuxième cycle du secondaire","n/a","Etablissement privé","Milliers enfants","2004","11.8"
"Effectifs des enfants  scolarisés","Burkina Faso","Enseignement du deuxième cycle du secondaire","n/a","Etablissement privé","Milliers enfants","2006","15"
"Effectifs des enfants  scolarisés","Burkina Faso","Enseignement du deuxième cycle du secondaire","n/a","Etablissement privé","Milliers enfants","2007","18.1"
"Effectifs des enfants  scolarisés","Burkina Faso","Enseignement du deuxième cycle du secondaire","n/a","Etablissement privé","Milliers enfants","2008","23.9"
"Effectifs des enfants  scolarisés","Burkina Faso","Enseignement du deuxième cycle du secondaire","n/a","Etablissement privé","Milliers enfants","2009","29.4"
"Effectifs des enfants  scolarisés","Burkina Faso","Enseignement du deuxième cycle du secondaire","n/a","Etablissement privé","Milliers enfants","2010","33"
"Effectifs des enfants  scolarisés","Burkina Faso","Enseignement du deuxième cycle du secondaire","n/a","Etablissement privé","Milliers enfants","2011","37"
"Effectifs des enfants  scolarisés","Burkina Faso","Enseignement du deuxième cycle du secondaire","n/a","Etablissement privé","Milliers enfants","2012","41.2"
"Effectifs des enfants  scolarisés","Burkina Faso","Enseignement du deuxième cycle du secondaire","n/a","Etablissement privé","Milliers enfants","2013","58.7"
"Effectifs des enfants  scolarisés","Burkina Faso","Enseignement du deuxième cycle du secondaire","n/a","Etablissement privé","Milliers enfants","2014","51"
"Effectifs des enfants  scolarisés","Burkina Faso","Enseignement du deuxième cycle du secondaire","n/a","Etablissement privé","Milliers enfants","2015","55.2"
"Effectifs des enfants  scolarisés","Burkina Faso","Enseignement du deuxième cycle du secondaire","n/a","Etablissement privé","Milliers enfants","2016","67.8"
"Effectifs des enfants  scolarisés","Burkina Faso","Enseignement du deuxième cycle du secondaire","n/a","Etablissement privé","Milliers enfants","2017","77.9"
"Effectifs des enfants  scolarisés","Burkina Faso","Enseignement du deuxième cycle du secondaire","n/a","Etablissement privé","Milliers enfants","2018","91.1"
"Effectifs des enfants  scolarisés","Burkina Faso","Enseignement du deuxième cycle du secondaire","n/a","Etablissement privé","Milliers enfants","2019","125.9"
"Effectifs des enfants  scolarisés","Burkina Faso","Enseignement du deuxième cycle du secondaire","n/a","Etablissement privé","Milliers enfants","2020","137.6"
"Effectifs des enfants  scolarisés","Burkina Faso","Enseignement du deuxième cycle du secondaire","n/a","Etablissement privé","Milliers enfants","2021","143.7"
"Effectifs des enfants  scolarisés","Burkina Faso","Enseignement du deuxième cycle du secondaire","n/a","Etablissement privé","Milliers enfants","2022","131.2"
"Effectifs des enfants  scolarisés","Burkina Faso","Enseignement du deuxième cycle du secondaire","n/a","Etablissement privé","Milliers enfants","2023","121.4"
"Effectifs des enfants  scolarisés","Burkina Faso","Enseignement du deuxième cycle du secondaire","n/a","Etablissement privé","Milliers enfants","2024","106.9"
"Effectifs des enfants  scolarisés","Burkina Faso","Enseignement technique","Ensemble","Ensemble","Milliers enfants","1990","6.4"
"Effectifs des enfants  scolarisés","Burkina Faso","Enseignement technique","Ensemble","Ensemble","Milliers enfants","1991","2"
"Effectifs des enfants  scolarisés","Burkina Faso","Enseignement technique","Ensemble","Ensemble","Milliers enfants","1992","8"
"Effectifs des enfants  scolarisés","Burkina Faso","Enseignement technique","Ensemble","Ensemble","Milliers enfants","1993","8.4"
"Effectifs des enfants  scolarisés","Burkina Faso","Enseignement technique","Ensemble","Ensemble","Milliers enfants","1994","8.8"
"Effectifs des enfants  scolarisés","Burkina Faso","Enseignement technique","Ensemble","Ensemble","Milliers enfants","1995","9.4"
"Effectifs des enfants  scolarisés","Burkina Faso","Enseignement technique","Ensemble","Ensemble","Milliers enfants","1996","9.6"
"Effectifs des enfants  scolarisés","Burkina Faso","Enseignement technique","Ensemble","Ensemble","Milliers enfants","1997","10.4"
"Effectifs des enfants  scolarisés","Burkina Faso","Enseignement technique","Ensemble","Ensemble","Milliers enfants","1998","12.1"
"Effectifs des enfants  scolarisés","Burkina Faso","Enseignement technique","Ensemble","Ensemble","Milliers enfants","1999","13.1"
"Effectifs des enfants  scolarisés","Burkina Faso","Enseignement technique","Ensemble","Ensemble","Milliers enfants","2000","15.2"
"Effectifs des enfants  scolarisés","Burkina Faso","Enseignement technique","Ensemble","Ensemble","Milliers enfants","2001","17.4"
"Effectifs des enfants  scolarisés","Burkina Faso","Enseignement technique","Ensemble","Ensemble","Milliers enfants","2002","15.8"
"Effectifs des enfants  scolarisés","Burkina Faso","Enseignement technique","Ensemble","Ensemble","Milliers enfants","2003","18.2"
"Effectifs des enfants  scolarisés","Burkina Faso","Enseignement technique","Ensemble","Ensemble","Milliers enfants","2004","19.9"
"Effectifs des enfants  scolarisés","Burkina Faso","Enseignement technique","Ensemble","Ensemble","Milliers enfants","2005","22.4"
"Effectifs des enfants  scolarisés","Burkina Faso","Enseignement technique","Ensemble","Ensemble","Milliers enfants","2006","23"
"Effectifs des enfants  scolarisés","Burkina Faso","Enseignement technique","Ensemble","Ensemble","Milliers enfants","2007","24.6"
"Effectifs des enfants  scolarisés","Burkina Faso","Enseignement technique","Ensemble","Ensemble","Milliers enfants","2008","25.6"
"Effectifs des enfants  scolarisés","Burkina Faso","Enseignement technique","Ensemble","Ensemble","Milliers enfants","2009","25.9"
"Effectifs des enfants  scolarisés","Burkina Faso","Enseignement technique","Ensemble","Ensemble","Milliers enfants","2010","25.8"
"Effectifs des enfants  scolarisés","Burkina Faso","Enseignement technique","Ensemble","Ensemble","Milliers enfants","2011","25.9"
"Effectifs des enfants  scolarisés","Burkina Faso","Enseignement technique","Ensemble","Ensemble","Milliers enfants","2012","27.4"
"Effectifs des enfants  scolarisés","Burkina Faso","Enseignement technique","Ensemble","Ensemble","Milliers enfants","2013","29.7"
"Effectifs des enfants  scolarisés","Burkina Faso","Enseignement technique","Ensemble","Ensemble","Milliers enfants","2014","28.2"
"Effectifs des enfants  scolarisés","Burkina Faso","Enseignement technique","Ensemble","Ensemble","Milliers enfants","2015","30"
"Effectifs des enfants  scolarisés","Burkina Faso","Enseignement technique","Ensemble","Ensemble","Milliers enfants","2016","30"
"Effectifs des enfants  scolarisés","Burkina Faso","Enseignement technique","Ensemble","Ensemble","Milliers enfants","2017","30"
"Effectifs des enfants  scolarisés","Burkina Faso","Enseignement technique","Ensemble","Ensemble","Milliers enfants","2018","28.6"
"Effectifs des enfants  scolarisés","Burkina Faso","Enseignement technique","Ensemble","Ensemble","Milliers enfants","2019","32.5"
"Effectifs des enfants  scolarisés","Burkina Faso","Enseignement technique","Ensemble","Ensemble","Milliers enfants","2020","36.4"
"Effectifs des enfants  scolarisés","Burkina Faso","Enseignement technique","Ensemble","Ensemble","Milliers enfants","2021","42.9"
"Effectifs des enfants  scolarisés","Burkina Faso","Enseignement technique","Ensemble","Ensemble","Milliers enfants","2022","48.6"
"Effectifs des enfants  scolarisés","Burkina Faso","Enseignement technique","Ensemble","Ensemble","Milliers enfants","2023","57.7"
"Effectifs des enfants  scolarisés","Burkina Faso","Enseignement technique","Ensemble","Ensemble","Milliers enfants","2024","59.8"
"Effectifs des enfants  scolarisés","Burkina Faso","Enseignement technique","Masculin","n/a","Milliers enfants","1991","1.3"
"Effectifs des enfants  scolarisés","Burkina Faso","Enseignement technique","Masculin","n/a","Milliers enfants","1992","4.4"
"Effectifs des enfants  scolarisés","Burkina Faso","Enseignement technique","Masculin","n/a","Milliers enfants","1993","4.4"
"Effectifs des enfants  scolarisés","Burkina Faso","Enseignement technique","Masculin","n/a","Milliers enfants","1994","4.5"
"Effectifs des enfants  scolarisés","Burkina Faso","Enseignement technique","Masculin","n/a","Milliers enfants","1995","4.9"
"Effectifs des enfants  scolarisés","Burkina Faso","Enseignement technique","Masculin","n/a","Milliers enfants","1996","4.9"
"Effectifs des enfants  scolarisés","Burkina Faso","Enseignement technique","Masculin","n/a","Milliers enfants","1997","5"
"Effectifs des enfants  scolarisés","Burkina Faso","Enseignement technique","Masculin","n/a","Milliers enfants","1998","5.8"
"Effectifs des enfants  scolarisés","Burkina Faso","Enseignement technique","Masculin","n/a","Milliers enfants","1999","6.2"
"Effectifs des enfants  scolarisés","Burkina Faso","Enseignement technique","Masculin","n/a","Milliers enfants","2000","7.3"
"Effectifs des enfants  scolarisés","Burkina Faso","Enseignement technique","Masculin","n/a","Milliers enfants","2001","8.6"
"Effectifs des enfants  scolarisés","Burkina Faso","Enseignement technique","Masculin","n/a","Milliers enfants","2002","7.5"
"Effectifs des enfants  scolarisés","Burkina Faso","Enseignement technique","Masculin","n/a","Milliers enfants","2003","9.1"
"Effectifs des enfants  scolarisés","Burkina Faso","Enseignement technique","Masculin","n/a","Milliers enfants","2004","10.1"
"Effectifs des enfants  scolarisés","Burkina Faso","Enseignement technique","Masculin","n/a","Milliers enfants","2005","11.4"
"Effectifs des enfants  scolarisés","Burkina Faso","Enseignement technique","Masculin","n/a","Milliers enfants","2006","11.6"
"Effectifs des enfants  scolarisés","Burkina Faso","Enseignement technique","Masculin","n/a","Milliers enfants","2007","12.4"
"Effectifs des enfants  scolarisés","Burkina Faso","Enseignement technique","Masculin","n/a","Milliers enfants","2008","13.2"
"Effectifs des enfants  scolarisés","Burkina Faso","Enseignement technique","Masculin","n/a","Milliers enfants","2009","13.4"
"Effectifs des enfants  scolarisés","Burkina Faso","Enseignement technique","Masculin","n/a","Milliers enfants","2010","13.6"
"Effectifs des enfants  scolarisés","Burkina Faso","Enseignement technique","Masculin","n/a","Milliers enfants","2011","13.9"
"Effectifs des enfants  scolarisés","Burkina Faso","Enseignement technique","Masculin","n/a","Milliers enfants","2012","14.7"
"Effectifs des enfants  scolarisés","Burkina Faso","Enseignement technique","Masculin","n/a","Milliers enfants","2013","15.8"
"Effectifs des enfants  scolarisés","Burkina Faso","Enseignement technique","Masculin","n/a","Milliers enfants","2014","15.8"
"Effectifs des enfants  scolarisés","Burkina Faso","Enseignement technique","Masculin","n/a","Milliers enfants","2015","16.8"
"Effectifs des enfants  scolarisés","Burkina Faso","Enseignement technique","Masculin","n/a","Milliers enfants","2016","17.1"
"Effectifs des enfants  scolarisés","Burkina Faso","Enseignement technique","Masculin","n/a","Milliers enfants","2017","17.6"
"Effectifs des enfants  scolarisés","Burkina Faso","Enseignement technique","Masculin","n/a","Milliers enfants","2018","17.4"
"Effectifs des enfants  scolarisés","Burkina Faso","Enseignement technique","Masculin","n/a","Milliers enfants","2019","20.3"
"Effectifs des enfants  scolarisés","Burkina Faso","Enseignement technique","Masculin","n/a","Milliers enfants","2020","23.1"
"Effectifs des enfants  scolarisés","Burkina Faso","Enseignement technique","Masculin","n/a","Milliers enfants","2021","27.4"
"Effectifs des enfants  scolarisés","Burkina Faso","Enseignement technique","Masculin","n/a","Milliers enfants","2022","31.5"
"Effectifs des enfants  scolarisés","Burkina Faso","Enseignement technique","Masculin","n/a","Milliers enfants","2023","37.4"
"Effectifs des enfants  scolarisés","Burkina Faso","Enseignement technique","Masculin","n/a","Milliers enfants","2024","37.8"
"Effectifs des enfants  scolarisés","Burkina Faso","Enseignement technique","Féminin","n/a","Milliers enfants","1991","0.7"
"Effectifs des enfants  scolarisés","Burkina Faso","Enseignement technique","Féminin","n/a","Milliers enfants","1992","3.6"
"Effectifs des enfants  scolarisés","Burkina Faso","Enseignement technique","Féminin","n/a","Milliers enfants","1993","4"
"Effectifs des enfants  scolarisés","Burkina Faso","Enseignement technique","Féminin","n/a","Milliers enfants","1994","4.3"
"Effectifs des enfants  scolarisés","Burkina Faso","Enseignement technique","Féminin","n/a","Milliers enfants","1995","4.5"
"Effectifs des enfants  scolarisés","Burkina Faso","Enseignement technique","Féminin","n/a","Milliers enfants","1996","4.7"
"Effectifs des enfants  scolarisés","Burkina Faso","Enseignement technique","Féminin","n/a","Milliers enfants","1997","5.4"
"Effectifs des enfants  scolarisés","Burkina Faso","Enseignement technique","Féminin","n/a","Milliers enfants","1998","6.3"
"Effectifs des enfants  scolarisés","Burkina Faso","Enseignement technique","Féminin","n/a","Milliers enfants","1999","6.9"
"Effectifs des enfants  scolarisés","Burkina Faso","Enseignement technique","Féminin","n/a","Milliers enfants","2000","7.9"
"Effectifs des enfants  scolarisés","Burkina Faso","Enseignement technique","Féminin","n/a","Milliers enfants","2001","8.8"
"Effectifs des enfants  scolarisés","Burkina Faso","Enseignement technique","Féminin","n/a","Milliers enfants","2002","8.3"
"Effectifs des enfants  scolarisés","Burkina Faso","Enseignement technique","Féminin","n/a","Milliers enfants","2003","9.1"
"Effectifs des enfants  scolarisés","Burkina Faso","Enseignement technique","Féminin","n/a","Milliers enfants","2004","9.7"
"Effectifs des enfants  scolarisés","Burkina Faso","Enseignement technique","Féminin","n/a","Milliers enfants","2005","11"
"Effectifs des enfants  scolarisés","Burkina Faso","Enseignement technique","Féminin","n/a","Milliers enfants","2006","11.4"
"Effectifs des enfants  scolarisés","Burkina Faso","Enseignement technique","Féminin","n/a","Milliers enfants","2007","12.1"
"Effectifs des enfants  scolarisés","Burkina Faso","Enseignement technique","Féminin","n/a","Milliers enfants","2008","12.4"
"Effectifs des enfants  scolarisés","Burkina Faso","Enseignement technique","Féminin","n/a","Milliers enfants","2009","12.5"
"Effectifs des enfants  scolarisés","Burkina Faso","Enseignement technique","Féminin","n/a","Milliers enfants","2010","12.2"
"Effectifs des enfants  scolarisés","Burkina Faso","Enseignement technique","Féminin","n/a","Milliers enfants","2011","11.9"
"Effectifs des enfants  scolarisés","Burkina Faso","Enseignement technique","Féminin","n/a","Milliers enfants","2012","12.7"
"Effectifs des enfants  scolarisés","Burkina Faso","Enseignement technique","Féminin","n/a","Milliers enfants","2013","13.9"
"Effectifs des enfants  scolarisés","Burkina Faso","Enseignement technique","Féminin","n/a","Milliers enfants","2014","12.5"
"Effectifs des enfants  scolarisés","Burkina Faso","Enseignement technique","Féminin","n/a","Milliers enfants","2015","13.2"
"Effectifs des enfants  scolarisés","Burkina Faso","Enseignement technique","Féminin","n/a","Milliers enfants","2016","13"
"Effectifs des enfants  scolarisés","Burkina Faso","Enseignement technique","Féminin","n/a","Milliers enfants","2017","12.4"
"Effectifs des enfants  scolarisés","Burkina Faso","Enseignement technique","Féminin","n/a","Milliers enfants","2018","11.2"
"Effectifs des enfants  scolarisés","Burkina Faso","Enseignement technique","Féminin","n/a","Milliers enfants","2019","12.2"
"Effectifs des enfants  scolarisés","Burkina Faso","Enseignement technique","Féminin","n/a","Milliers enfants","2020","13.4"
"Effectifs des enfants  scolarisés","Burkina Faso","Enseignement technique","Féminin","n/a","Milliers enfants","2021","15.5"
"Effectifs des enfants  scolarisés","Burkina Faso","Enseignement technique","Féminin","n/a","Milliers enfants","2022","17.1"
"Effectifs des enfants  scolarisés","Burkina Faso","Enseignement technique","Féminin","n/a","Milliers enfants","2023","20.3"
"Effectifs des enfants  scolarisés","Burkina Faso","Enseignement technique","Féminin","n/a","Milliers enfants","2024","22"
"Effectifs des enfants  scolarisés","Burkina Faso","Enseignement supérieur","Ensemble","Ensemble","Etudiants","1990","5675"
"Effectifs des enfants  scolarisés","Burkina Faso","Enseignement supérieur","Ensemble","Ensemble","Etudiants","1991","5425"
"Effectifs des enfants  scolarisés","Burkina Faso","Enseignement supérieur","Ensemble","Ensemble","Etudiants","1992","7387"
"Effectifs des enfants  scolarisés","Burkina Faso","Enseignement supérieur","Ensemble","Ensemble","Etudiants","1993","8813"
"Effectifs des enfants  scolarisés","Burkina Faso","Enseignement supérieur","Ensemble","Ensemble","Etudiants","1994","8808"
"Effectifs des enfants  scolarisés","Burkina Faso","Enseignement supérieur","Ensemble","Ensemble","Etudiants","1995","9452"
"Effectifs des enfants  scolarisés","Burkina Faso","Enseignement supérieur","Ensemble","Ensemble","Etudiants","1996","9531"
"Effectifs des enfants  scolarisés","Burkina Faso","Enseignement supérieur","Ensemble","Ensemble","Etudiants","1997","9000"
"Effectifs des enfants  scolarisés","Burkina Faso","Enseignement supérieur","Ensemble","Ensemble","Etudiants","1998","8871"
"Effectifs des enfants  scolarisés","Burkina Faso","Enseignement supérieur","Ensemble","Ensemble","Etudiants","1999","9878"
"Effectifs des enfants  scolarisés","Burkina Faso","Enseignement supérieur","Ensemble","Ensemble","Etudiants","2001","12322"
"Effectifs des enfants  scolarisés","Burkina Faso","Enseignement supérieur","Ensemble","Ensemble","Etudiants","2002","15676"
"Effectifs des enfants  scolarisés","Burkina Faso","Enseignement supérieur","Ensemble","Ensemble","Etudiants","2003","18198"
"Effectifs des enfants  scolarisés","Burkina Faso","Enseignement supérieur","Ensemble","Ensemble","Etudiants","2004","19355"
"Effectifs des enfants  scolarisés","Burkina Faso","Enseignement supérieur","Ensemble","Ensemble","Etudiants","2005","27942"
"Effectifs des enfants  scolarisés","Burkina Faso","Enseignement supérieur","Ensemble","Ensemble","Etudiants","2006","30472"
"Effectifs des enfants  scolarisés","Burkina Faso","Enseignement supérieur","Ensemble","Ensemble","Etudiants","2007","33515"
"Effectifs des enfants  scolarisés","Burkina Faso","Enseignement supérieur","Ensemble","Ensemble","Etudiants","2008","41779"
"Effectifs des enfants  scolarisés","Burkina Faso","Enseignement supérieur","Ensemble","Ensemble","Etudiants","2009","47755"
"Effectifs des enfants  scolarisés","Burkina Faso","Enseignement supérieur","Ensemble","Ensemble","Etudiants","2010","51166"
"Effectifs des enfants  scolarisés","Burkina Faso","Enseignement supérieur","Ensemble","Ensemble","Etudiants","2011","60998"
"Effectifs des enfants  scolarisés","Burkina Faso","Enseignement supérieur","Ensemble","Ensemble","Etudiants","2012","68894"
"Effectifs des enfants  scolarisés","Burkina Faso","Enseignement supérieur","Ensemble","Ensemble","Etudiants","2013","74276"
"Effectifs des enfants  scolarisés","Burkina Faso","Enseignement supérieur","Ensemble","Ensemble","Etudiants","2014","81314"
"Effectifs des enfants  scolarisés","Burkina Faso","Enseignement supérieur","Ensemble","Ensemble","Etudiants","2015","83598"
"Effectifs des enfants  scolarisés","Burkina Faso","Enseignement supérieur","Ensemble","Ensemble","Etudiants","2016","94728"
"Effectifs des enfants  scolarisés","Burkina Faso","Enseignement supérieur","Ensemble","Ensemble","Etudiants","2017","105404"
"Effectifs des enfants  scolarisés","Burkina Faso","Enseignement supérieur","Ensemble","Ensemble","Etudiants","2018","117725"
"Effectifs des enfants  scolarisés","Burkina Faso","Enseignement supérieur","Ensemble","Ensemble","Etudiants","2019","132569"
"Effectifs des enfants  scolarisés","Burkina Faso","Enseignement supérieur","Ensemble","Ensemble","Etudiants","2020","151305"
"Effectifs des enfants  scolarisés","Burkina Faso","Enseignement supérieur","Ensemble","Ensemble","Etudiants","2021","190218"
"Effectifs des enfants  scolarisés","Burkina Faso","Enseignement supérieur","Ensemble","Ensemble","Etudiants","2022","203936"
"Effectifs des enfants  scolarisés","Burkina Faso","Enseignement supérieur","Ensemble","Ensemble","Etudiants","2023","220128"
"Effectifs des enfants  scolarisés","Burkina Faso","Enseignement supérieur","Ensemble","Ensemble","Etudiants","2024","225902"
"Effectifs des enfants  scolarisés","Burkina Faso","Enseignement supérieur","Masculin","n/a","Etudiants","1991","4202"
"Effectifs des enfants  scolarisés","Burkina Faso","Enseignement supérieur","Masculin","n/a","Etudiants","1992","5721"
"Effectifs des enfants  scolarisés","Burkina Faso","Enseignement supérieur","Masculin","n/a","Etudiants","1993","6800"
"Effectifs des enfants  scolarisés","Burkina Faso","Enseignement supérieur","Masculin","n/a","Etudiants","1994","4473"
"Effectifs des enfants  scolarisés","Burkina Faso","Enseignement supérieur","Masculin","n/a","Etudiants","1995","7363"
"Effectifs des enfants  scolarisés","Burkina Faso","Enseignement supérieur","Masculin","n/a","Etudiants","1996","7245"
"Effectifs des enfants  scolarisés","Burkina Faso","Enseignement supérieur","Masculin","n/a","Etudiants","1997","6967"
"Effectifs des enfants  scolarisés","Burkina Faso","Enseignement supérieur","Masculin","n/a","Etudiants","1998","6877"
"Effectifs des enfants  scolarisés","Burkina Faso","Enseignement supérieur","Masculin","n/a","Etudiants","1999","7627"
"Effectifs des enfants  scolarisés","Burkina Faso","Enseignement supérieur","Masculin","n/a","Etudiants","2002","11716"
"Effectifs des enfants  scolarisés","Burkina Faso","Enseignement supérieur","Masculin","n/a","Etudiants","2005","19355"
"Effectifs des enfants  scolarisés","Burkina Faso","Enseignement supérieur","Masculin","n/a","Etudiants","2006","21023"
"Effectifs des enfants  scolarisés","Burkina Faso","Enseignement supérieur","Masculin","n/a","Etudiants","2007","23154"
"Effectifs des enfants  scolarisés","Burkina Faso","Enseignement supérieur","Masculin","n/a","Etudiants","2008","28138"
"Effectifs des enfants  scolarisés","Burkina Faso","Enseignement supérieur","Masculin","n/a","Etudiants","2009","32466"
"Effectifs des enfants  scolarisés","Burkina Faso","Enseignement supérieur","Masculin","n/a","Etudiants","2010","34868"
"Effectifs des enfants  scolarisés","Burkina Faso","Enseignement supérieur","Masculin","n/a","Etudiants","2011","41112"
"Effectifs des enfants  scolarisés","Burkina Faso","Enseignement supérieur","Masculin","n/a","Etudiants","2012","46462"
"Effectifs des enfants  scolarisés","Burkina Faso","Enseignement supérieur","Masculin","n/a","Etudiants","2013","50202"
"Effectifs des enfants  scolarisés","Burkina Faso","Enseignement supérieur","Masculin","n/a","Etudiants","2014","55214"
"Effectifs des enfants  scolarisés","Burkina Faso","Enseignement supérieur","Masculin","n/a","Etudiants","2015","55432"
"Effectifs des enfants  scolarisés","Burkina Faso","Enseignement supérieur","Masculin","n/a","Etudiants","2016","63260"
"Effectifs des enfants  scolarisés","Burkina Faso","Enseignement supérieur","Masculin","n/a","Etudiants","2017","69994"
"Effectifs des enfants  scolarisés","Burkina Faso","Enseignement supérieur","Masculin","n/a","Etudiants","2018","75243"
"Effectifs des enfants  scolarisés","Burkina Faso","Enseignement supérieur","Masculin","n/a","Etudiants","2019","85834"
"Effectifs des enfants  scolarisés","Burkina Faso","Enseignement supérieur","Masculin","n/a","Etudiants","2020","98526"
"Effectifs des enfants  scolarisés","Burkina Faso","Enseignement supérieur","Masculin","n/a","Etudiants","2021","120616"
"Effectifs des enfants  scolarisés","Burkina Faso","Enseignement supérieur","Masculin","n/a","Etudiants","2022","126603"
"Effectifs des enfants  scolarisés","Burkina Faso","Enseignement supérieur","Masculin","n/a","Etudiants","2023","132462"
"Effectifs des enfants  scolarisés","Burkina Faso","Enseignement supérieur","Masculin","n/a","Etudiants","2024","130920"
"Effectifs des enfants  scolarisés","Burkina Faso","Enseignement supérieur","Féminin","n/a","Etudiants","1991","1223"
"Effectifs des enfants  scolarisés","Burkina Faso","Enseignement supérieur","Féminin","n/a","Etudiants","1992","1666"
"Effectifs des enfants  scolarisés","Burkina Faso","Enseignement supérieur","Féminin","n/a","Etudiants","1993","2013"
"Effectifs des enfants  scolarisés","Burkina Faso","Enseignement supérieur","Féminin","n/a","Etudiants","1994","4335"
"Effectifs des enfants  scolarisés","Burkina Faso","Enseignement supérieur","Féminin","n/a","Etudiants","1995","2089"
"Effectifs des enfants  scolarisés","Burkina Faso","Enseignement supérieur","Féminin","n/a","Etudiants","1996","2286"
"Effectifs des enfants  scolarisés","Burkina Faso","Enseignement supérieur","Féminin","n/a","Etudiants","1997","2033"
"Effectifs des enfants  scolarisés","Burkina Faso","Enseignement supérieur","Féminin","n/a","Etudiants","1998","1994"
"Effectifs des enfants  scolarisés","Burkina Faso","Enseignement supérieur","Féminin","n/a","Etudiants","1999","2251"
"Effectifs des enfants  scolarisés","Burkina Faso","Enseignement supérieur","Féminin","n/a","Etudiants","2002","3960"
"Effectifs des enfants  scolarisés","Burkina Faso","Enseignement supérieur","Féminin","n/a","Etudiants","2005","8587"
"Effectifs des enfants  scolarisés","Burkina Faso","Enseignement supérieur","Féminin","n/a","Etudiants","2006","9449"
"Effectifs des enfants  scolarisés","Burkina Faso","Enseignement supérieur","Féminin","n/a","Etudiants","2007","10361"
"Effectifs des enfants  scolarisés","Burkina Faso","Enseignement supérieur","Féminin","n/a","Etudiants","2008","13641"
"Effectifs des enfants  scolarisés","Burkina Faso","Enseignement supérieur","Féminin","n/a","Etudiants","2009","15289"
"Effectifs des enfants  scolarisés","Burkina Faso","Enseignement supérieur","Féminin","n/a","Etudiants","2010","16298"
"Effectifs des enfants  scolarisés","Burkina Faso","Enseignement supérieur","Féminin","n/a","Etudiants","2011","19886"
"Effectifs des enfants  scolarisés","Burkina Faso","Enseignement supérieur","Féminin","n/a","Etudiants","2012","22432"
"Effectifs des enfants  scolarisés","Burkina Faso","Enseignement supérieur","Féminin","n/a","Etudiants","2013","24074"
"Effectifs des enfants  scolarisés","Burkina Faso","Enseignement supérieur","Féminin","n/a","Etudiants","2014","26100"
"Effectifs des enfants  scolarisés","Burkina Faso","Enseignement supérieur","Féminin","n/a","Etudiants","2015","28166"
"Effectifs des enfants  scolarisés","Burkina Faso","Enseignement supérieur","Féminin","n/a","Etudiants","2016","31468"
"Effectifs des enfants  scolarisés","Burkina Faso","Enseignement supérieur","Féminin","n/a","Etudiants","2017","35410"
"Effectifs des enfants  scolarisés","Burkina Faso","Enseignement supérieur","Féminin","n/a","Etudiants","2018","42482"
"Effectifs des enfants  scolarisés","Burkina Faso","Enseignement supérieur","Féminin","n/a","Etudiants","2019","46735"
"Effectifs des enfants  scolarisés","Burkina Faso","Enseignement supérieur","Féminin","n/a","Etudiants","2020","52779"
"Effectifs des enfants  scolarisés","Burkina Faso","Enseignement supérieur","Féminin","n/a","Etudiants","2021","69602"
"Effectifs des enfants  scolarisés","Burkina Faso","Enseignement supérieur","Féminin","n/a","Etudiants","2022","77333"
"Effectifs des enfants  scolarisés","Burkina Faso","Enseignement supérieur","Féminin","n/a","Etudiants","2023","87666"
"Effectifs des enfants  scolarisés","Burkina Faso","Enseignement supérieur","Féminin","n/a","Etudiants","2024","94982"
"Effectifs des enfants  scolarisés","Burkina Faso","Enseignement supérieur","n/a","Etablissement public","Etudiants","1990","5675"
"Effectifs des enfants  scolarisés","Burkina Faso","Enseignement supérieur","n/a","Etablissement public","Etudiants","1991","5425"
"Effectifs des enfants  scolarisés","Burkina Faso","Enseignement supérieur","n/a","Etablissement public","Etudiants","1992","7387"
"Effectifs des enfants  scolarisés","Burkina Faso","Enseignement supérieur","n/a","Etablissement public","Etudiants","1993","8813"
"Effectifs des enfants  scolarisés","Burkina Faso","Enseignement supérieur","n/a","Etablissement public","Etudiants","1994","8808"
"Effectifs des enfants  scolarisés","Burkina Faso","Enseignement supérieur","n/a","Etablissement public","Etudiants","1995","9452"
"Effectifs des enfants  scolarisés","Burkina Faso","Enseignement supérieur","n/a","Etablissement public","Etudiants","1996","9531"
"Effectifs des enfants  scolarisés","Burkina Faso","Enseignement supérieur","n/a","Etablissement public","Etudiants","1997","9000"
"Effectifs des enfants  scolarisés","Burkina Faso","Enseignement supérieur","n/a","Etablissement public","Etudiants","1998","8871"
"Effectifs des enfants  scolarisés","Burkina Faso","Enseignement supérieur","n/a","Etablissement public","Etudiants","1999","9878"
"Effectifs des enfants  scolarisés","Burkina Faso","Enseignement supérieur","n/a","Etablissement public","Etudiants","2002","14089"
"Effectifs des enfants  scolarisés","Burkina Faso","Enseignement supérieur","n/a","Etablissement public","Etudiants","2003","16421"
"Effectifs des enfants  scolarisés","Burkina Faso","Enseignement supérieur","n/a","Etablissement public","Etudiants","2004","17248"
"Effectifs des enfants  scolarisés","Burkina Faso","Enseignement supérieur","n/a","Etablissement public","Etudiants","2005","23363"
"Effectifs des enfants  scolarisés","Burkina Faso","Enseignement supérieur","n/a","Etablissement public","Etudiants","2006","25982"
"Effectifs des enfants  scolarisés","Burkina Faso","Enseignement supérieur","n/a","Etablissement public","Etudiants","2007","27935"
"Effectifs des enfants  scolarisés","Burkina Faso","Enseignement supérieur","n/a","Etablissement public","Etudiants","2008","34586"
"Effectifs des enfants  scolarisés","Burkina Faso","Enseignement supérieur","n/a","Etablissement public","Etudiants","2009","39297"
"Effectifs des enfants  scolarisés","Burkina Faso","Enseignement supérieur","n/a","Etablissement public","Etudiants","2010","41498"
"Effectifs des enfants  scolarisés","Burkina Faso","Enseignement supérieur","n/a","Etablissement public","Etudiants","2011","47604"
"Effectifs des enfants  scolarisés","Burkina Faso","Enseignement supérieur","n/a","Etablissement public","Etudiants","2012","54099"
"Effectifs des enfants  scolarisés","Burkina Faso","Enseignement supérieur","n/a","Etablissement public","Etudiants","2013","58566"
"Effectifs des enfants  scolarisés","Burkina Faso","Enseignement supérieur","n/a","Etablissement public","Etudiants","2014","63942"
"Effectifs des enfants  scolarisés","Burkina Faso","Enseignement supérieur","n/a","Etablissement public","Etudiants","2015","64477"
"Effectifs des enfants  scolarisés","Burkina Faso","Enseignement supérieur","n/a","Etablissement public","Etudiants","2016","71501"
"Effectifs des enfants  scolarisés","Burkina Faso","Enseignement supérieur","n/a","Etablissement public","Etudiants","2017","82587"
"Effectifs des enfants  scolarisés","Burkina Faso","Enseignement supérieur","n/a","Etablissement public","Etudiants","2018","91645"
"Effectifs des enfants  scolarisés","Burkina Faso","Enseignement supérieur","n/a","Etablissement public","Etudiants","2019","104704"
"Effectifs des enfants  scolarisés","Burkina Faso","Enseignement supérieur","n/a","Etablissement public","Etudiants","2020","121591"
"Effectifs des enfants  scolarisés","Burkina Faso","Enseignement supérieur","n/a","Etablissement public","Etudiants","2021","156674"
"Effectifs des enfants  scolarisés","Burkina Faso","Enseignement supérieur","n/a","Etablissement public","Etudiants","2022","167059"
"Effectifs des enfants  scolarisés","Burkina Faso","Enseignement supérieur","n/a","Etablissement public","Etudiants","2023","176851"
"Effectifs des enfants  scolarisés","Burkina Faso","Enseignement supérieur","n/a","Etablissement public","Etudiants","2024","178710"
"Effectifs des enfants  scolarisés","Burkina Faso","Enseignement supérieur","n/a","Etablissement privé","Etudiants","2002","1587"
"Effectifs des enfants  scolarisés","Burkina Faso","Enseignement supérieur","n/a","Etablissement privé","Etudiants","2003","1777"
"Effectifs des enfants  scolarisés","Burkina Faso","Enseignement supérieur","n/a","Etablissement privé","Etudiants","2004","2107"
"Effectifs des enfants  scolarisés","Burkina Faso","Enseignement supérieur","n/a","Etablissement privé","Etudiants","2005","4579"
"Effectifs des enfants  scolarisés","Burkina Faso","Enseignement supérieur","n/a","Etablissement privé","Etudiants","2006","4490"
"Effectifs des enfants  scolarisés","Burkina Faso","Enseignement supérieur","n/a","Etablissement privé","Etudiants","2007","5580"
"Effectifs des enfants  scolarisés","Burkina Faso","Enseignement supérieur","n/a","Etablissement privé","Etudiants","2008","7193"
"Effectifs des enfants  scolarisés","Burkina Faso","Enseignement supérieur","n/a","Etablissement privé","Etudiants","2009","8458"
"Effectifs des enfants  scolarisés","Burkina Faso","Enseignement supérieur","n/a","Etablissement privé","Etudiants","2010","9668"
"Effectifs des enfants  scolarisés","Burkina Faso","Enseignement supérieur","n/a","Etablissement privé","Etudiants","2011","13394"
"Effectifs des enfants  scolarisés","Burkina Faso","Enseignement supérieur","n/a","Etablissement privé","Etudiants","2012","14795"
"Effectifs des enfants  scolarisés","Burkina Faso","Enseignement supérieur","n/a","Etablissement privé","Etudiants","2013","15710"
"Effectifs des enfants  scolarisés","Burkina Faso","Enseignement supérieur","n/a","Etablissement privé","Etudiants","2014","17372"
"Effectifs des enfants  scolarisés","Burkina Faso","Enseignement supérieur","n/a","Etablissement privé","Etudiants","2015","19121"
"Effectifs des enfants  scolarisés","Burkina Faso","Enseignement supérieur","n/a","Etablissement privé","Etudiants","2016","23227"
"Effectifs des enfants  scolarisés","Burkina Faso","Enseignement supérieur","n/a","Etablissement privé","Etudiants","2017","22817"
"Effectifs des enfants  scolarisés","Burkina Faso","Enseignement supérieur","n/a","Etablissement privé","Etudiants","2018","26080"
"Effectifs des enfants  scolarisés","Burkina Faso","Enseignement supérieur","n/a","Etablissement privé","Etudiants","2019","27865"
"Effectifs des enfants  scolarisés","Burkina Faso","Enseignement supérieur","n/a","Etablissement privé","Etudiants","2020","29714"
"Effectifs des enfants  scolarisés","Burkina Faso","Enseignement supérieur","n/a","Etablissement privé","Etudiants","2021","33544"
"Effectifs des enfants  scolarisés","Burkina Faso","Enseignement supérieur","n/a","Etablissement privé","Etudiants","2022","36877"
"Effectifs des enfants  scolarisés","Burkina Faso","Enseignement supérieur","n/a","Etablissement privé","Etudiants","2023","43277"
"Effectifs des enfants  scolarisés","Burkina Faso","Enseignement supérieur","n/a","Etablissement privé","Etudiants","2024","47192"
"Nombre d'établissements","Burkina Faso","Enseignement préscolaire","n/a","n/a","Etablissements","2001","170"
"Nombre d'établissements","Burkina Faso","Enseignement préscolaire","n/a","n/a","Etablissements","2002","173"
"Nombre d'établissements","Burkina Faso","Enseignement préscolaire","n/a","n/a","Etablissements","2003","202"
"Nombre d'établissements","Burkina Faso","Enseignement préscolaire","n/a","n/a","Etablissements","2004","265"
"Nombre d'établissements","Burkina Faso","Enseignement préscolaire","n/a","n/a","Etablissements","2005","313"
"Nombre d'établissements","Burkina Faso","Enseignement préscolaire","n/a","n/a","Etablissements","2006","345"
"Nombre d'établissements","Burkina Faso","Enseignement préscolaire","n/a","n/a","Etablissements","2007","426"
"Nombre d'établissements","Burkina Faso","Enseignement préscolaire","n/a","n/a","Etablissements","2008","490"
"Nombre d'établissements","Burkina Faso","Enseignement préscolaire","n/a","n/a","Etablissements","2009","515"
"Nombre d'établissements","Burkina Faso","Enseignement préscolaire","n/a","n/a","Etablissements","2010","573"
"Nombre d'établissements","Burkina Faso","Enseignement préscolaire","n/a","n/a","Etablissements","2011","628"
"Nombre d'établissements","Burkina Faso","Enseignement préscolaire","n/a","n/a","Etablissements","2012","797"
"Nombre d'établissements","Burkina Faso","Enseignement préscolaire","n/a","n/a","Etablissements","2013","923"
"Nombre d'établissements","Burkina Faso","Enseignement préscolaire","n/a","n/a","Etablissements","2014","1006"
"Nombre d'établissements","Burkina Faso","Enseignement préscolaire","n/a","n/a","Etablissements","2015","1047"
"Nombre d'établissements","Burkina Faso","Enseignement préscolaire","n/a","n/a","Etablissements","2016","668"
"Nombre d'établissements","Burkina Faso","Enseignement préscolaire","n/a","n/a","Etablissements","2017","958"
"Nombre d'établissements","Burkina Faso","Enseignement préscolaire","n/a","n/a","Etablissements","2018","1049"
"Nombre d'établissements","Burkina Faso","Enseignement préscolaire","n/a","n/a","Etablissements","2019","1348"
"Nombre d'établissements","Burkina Faso","Enseignement préscolaire","n/a","n/a","Etablissements","2020","1597"
"Nombre d'établissements","Burkina Faso","Enseignement préscolaire","n/a","n/a","Etablissements","2021","1681"
"Nombre d'établissements","Burkina Faso","Enseignement préscolaire","n/a","n/a","Etablissements","2022","1769"
"Nombre d'établissements","Burkina Faso","Enseignement préscolaire","n/a","n/a","Etablissements","2023","1864"
"Nombre d'établissements","Burkina Faso","Enseignement préscolaire","n/a","n/a","Etablissements","2024","2039"
"Nombre d'établissements","Burkina Faso","Enseignement préscolaire","n/a","n/a","Etablissements","2025","2501"
"Nombre d'établissements","Burkina Faso","Enseignement primaire","n/a","n/a","Etablissements","1990","2362"
"Nombre d'établissements","Burkina Faso","Enseignement primaire","n/a","n/a","Etablissements","1991","2486"
"Nombre d'établissements","Burkina Faso","Enseignement primaire","n/a","n/a","Etablissements","1992","2587"
"Nombre d'établissements","Burkina Faso","Enseignement primaire","n/a","n/a","Etablissements","1993","2741"
"Nombre d'établissements","Burkina Faso","Enseignement primaire","n/a","n/a","Etablissements","1994","2971"
"Nombre d'établissements","Burkina Faso","Enseignement primaire","n/a","n/a","Etablissements","1995","3233"
"Nombre d'établissements","Burkina Faso","Enseignement primaire","n/a","n/a","Etablissements","1996","3534"
"Nombre d'établissements","Burkina Faso","Enseignement primaire","n/a","n/a","Etablissements","1997","3819"
"Nombre d'établissements","Burkina Faso","Enseignement primaire","n/a","n/a","Etablissements","1998","4132"
"Nombre d'établissements","Burkina Faso","Enseignement primaire","n/a","n/a","Etablissements","1999","4519"
"Nombre d'établissements","Burkina Faso","Enseignement primaire","n/a","n/a","Etablissements","2000","4860"
"Nombre d'établissements","Burkina Faso","Enseignement primaire","n/a","n/a","Etablissements","2001","5131"
"Nombre d'établissements","Burkina Faso","Enseignement primaire","n/a","n/a","Etablissements","2002","5389"
"Nombre d'établissements","Burkina Faso","Enseignement primaire","n/a","n/a","Etablissements","2003","5804"
"Nombre d'établissements","Burkina Faso","Enseignement primaire","n/a","n/a","Etablissements","2004","6266"
"Nombre d'établissements","Burkina Faso","Enseignement primaire","n/a","n/a","Etablissements","2005","6917"
"Nombre d'établissements","Burkina Faso","Enseignement primaire","n/a","n/a","Etablissements","2006","7579"
"Nombre d'établissements","Burkina Faso","Enseignement primaire","n/a","n/a","Etablissements","2007","8182"
"Nombre d'établissements","Burkina Faso","Enseignement primaire","n/a","n/a","Etablissements","2008","8778"
"Nombre d'établissements","Burkina Faso","Enseignement primaire","n/a","n/a","Etablissements","2009","9726"
"Nombre d'établissements","Burkina Faso","Enseignement primaire","n/a","n/a","Etablissements","2010","10198"
"Nombre d'établissements","Burkina Faso","Enseignement primaire","n/a","n/a","Etablissements","2011","10796"
"Nombre d'établissements","Burkina Faso","Enseignement primaire","n/a","n/a","Etablissements","2012","11545"
"Nombre d'établissements","Burkina Faso","Enseignement primaire","n/a","n/a","Etablissements","2013","12394"
"Nombre d'établissements","Burkina Faso","Enseignement primaire","n/a","n/a","Etablissements","2014","13204"
"Nombre d'établissements","Burkina Faso","Enseignement primaire","n/a","n/a","Etablissements","2015","13831"
"Nombre d'établissements","Burkina Faso","Enseignement primaire","n/a","n/a","Etablissements","2016","14655"
"Nombre d'établissements","Burkina Faso","Enseignement primaire","n/a","n/a","Etablissements","2017","15330"
"Nombre d'établissements","Burkina Faso","Enseignement primaire","n/a","n/a","Etablissements","2018","15756"
"Nombre d'établissements","Burkina Faso","Enseignement primaire","n/a","n/a","Etablissements","2019","15345"
"Nombre d'établissements","Burkina Faso","Enseignement primaire","n/a","n/a","Etablissements","2020","14863"
"Nombre d'établissements","Burkina Faso","Enseignement primaire","n/a","n/a","Etablissements","2021","15077"
"Nombre d'établissements","Burkina Faso","Enseignement primaire","n/a","n/a","Etablissements","2022","15077"
"Nombre d'établissements","Burkina Faso","Enseignement primaire","n/a","n/a","Etablissements","2023","12780"
"Nombre d'établissements","Burkina Faso","Enseignement primaire","n/a","n/a","Etablissements","2024","13558"
"Nombre d'établissements","Burkina Faso","Enseignement primaire","n/a","n/a","Etablissements","2025","14276"
"Nombre d'établissements","Burkina Faso","Enseignement du premier cycle du secondaire","n/a","n/a","Etablissements","2004","495"
"Nombre d'établissements","Burkina Faso","Enseignement du premier cycle du secondaire","n/a","n/a","Etablissements","2006","594"
"Nombre d'établissements","Burkina Faso","Enseignement du premier cycle du secondaire","n/a","n/a","Etablissements","2008","753"
"Nombre d'établissements","Burkina Faso","Enseignement du premier cycle du secondaire","n/a","n/a","Etablissements","2009","855"
"Nombre d'établissements","Burkina Faso","Enseignement du premier cycle du secondaire","n/a","n/a","Etablissements","2010","959"
"Nombre d'établissements","Burkina Faso","Enseignement du premier cycle du secondaire","n/a","n/a","Etablissements","2011","1089"
"Nombre d'établissements","Burkina Faso","Enseignement du premier cycle du secondaire","n/a","n/a","Etablissements","2012","1212"
"Nombre d'établissements","Burkina Faso","Enseignement du premier cycle du secondaire","n/a","n/a","Etablissements","2013","1381"
"Nombre d'établissements","Burkina Faso","Enseignement du premier cycle du secondaire","n/a","n/a","Etablissements","2014","1589"
"Nombre d'établissements","Burkina Faso","Enseignement du premier cycle du secondaire","n/a","n/a","Etablissements","2015","1759"
"Nombre d'établissements","Burkina Faso","Enseignement du premier cycle du secondaire","n/a","n/a","Etablissements","2019","3665"
"Nombre d'établissements","Burkina Faso","Enseignement du premier cycle du secondaire","n/a","n/a","Etablissements","2020","3883"
"Nombre d'établissements","Burkina Faso","Enseignement du premier cycle du secondaire","n/a","n/a","Etablissements","2021","4043"
"Nombre d'établissements","Burkina Faso","Enseignement du deuxième cycle du secondaire","n/a","n/a","Etablissements","2004","186"
"Nombre d'établissements","Burkina Faso","Enseignement du deuxième cycle du secondaire","n/a","n/a","Etablissements","2006","220"
"Nombre d'établissements","Burkina Faso","Enseignement du deuxième cycle du secondaire","n/a","n/a","Etablissements","2008","270"
"Nombre d'établissements","Burkina Faso","Enseignement du deuxième cycle du secondaire","n/a","n/a","Etablissements","2009","306"
"Nombre d'établissements","Burkina Faso","Enseignement du deuxième cycle du secondaire","n/a","n/a","Etablissements","2010","341"
"Nombre d'établissements","Burkina Faso","Enseignement du deuxième cycle du secondaire","n/a","n/a","Etablissements","2011","402"
"Nombre d'établissements","Burkina Faso","Enseignement du deuxième cycle du secondaire","n/a","n/a","Etablissements","2012","446"
"Nombre d'établissements","Burkina Faso","Enseignement du deuxième cycle du secondaire","n/a","n/a","Etablissements","2013","546"
"Nombre d'établissements","Burkina Faso","Enseignement du deuxième cycle du secondaire","n/a","n/a","Etablissements","2014","571"
"Nombre d'établissements","Burkina Faso","Enseignement du deuxième cycle du secondaire","n/a","n/a","Etablissements","2019","1355"
"Nombre d'établissements","Burkina Faso","Enseignement du deuxième cycle du secondaire","n/a","n/a","Etablissements","2020","1457"
"Nombre d'établissements","Burkina Faso","Enseignement du deuxième cycle du secondaire","n/a","n/a","Etablissements","2021","1577"
"Nombre d'établissements","Burkina Faso","Enseignement technique","n/a","n/a","Etablissements","1990","19"
"Nombre d'établissements","Burkina Faso","Enseignement technique","n/a","n/a","Etablissements","1991","20"
"Nombre d'établissements","Burkina Faso","Enseignement technique","n/a","n/a","Etablissements","1992","22"
"Nombre d'établissements","Burkina Faso","Enseignement technique","n/a","n/a","Etablissements","1993","23"
"Nombre d'établissements","Burkina Faso","Enseignement technique","n/a","n/a","Etablissements","1994","29"
"Nombre d'établissements","Burkina Faso","Enseignement technique","n/a","n/a","Etablissements","1995","33"
"Nombre d'établissements","Burkina Faso","Enseignement technique","n/a","n/a","Etablissements","1996","41"
"Nombre d'établissements","Burkina Faso","Enseignement technique","n/a","n/a","Etablissements","1997","42"
"Nombre d'établissements","Burkina Faso","Enseignement technique","n/a","n/a","Etablissements","1998","51"
"Nombre d'établissements","Burkina Faso","Enseignement technique","n/a","n/a","Etablissements","1999","51"
"Nombre d'établissements","Burkina Faso","Enseignement technique","n/a","n/a","Etablissements","2000","57"
"Nombre d'établissements","Burkina Faso","Enseignement technique","n/a","n/a","Etablissements","2001","62"
"Nombre d'établissements","Burkina Faso","Enseignement technique","n/a","n/a","Etablissements","2002","69"
"Nombre d'établissements","Burkina Faso","Enseignement technique","n/a","n/a","Etablissements","2003","73"
"Nombre d'établissements","Burkina Faso","Enseignement technique","n/a","n/a","Etablissements","2004","67"
"Nombre d'établissements","Burkina Faso","Enseignement technique","n/a","n/a","Etablissements","2005","77"
"Nombre d'établissements","Burkina Faso","Enseignement technique","n/a","n/a","Etablissements","2006","84"
"Nombre d'établissements","Burkina Faso","Enseignement technique","n/a","n/a","Etablissements","2007","100"
"Nombre d'établissements","Burkina Faso","Enseignement technique","n/a","n/a","Etablissements","2008","114"
"Nombre d'établissements","Burkina Faso","Enseignement technique","n/a","n/a","Etablissements","2009","119"
"Nombre d'établissements","Burkina Faso","Enseignement technique","n/a","n/a","Etablissements","2010","115"
"Nombre d'établissements","Burkina Faso","Enseignement technique","n/a","n/a","Etablissements","2011","124"
"Nombre d'établissements","Burkina Faso","Enseignement technique","n/a","n/a","Etablissements","2012","134"
"Nombre d'établissements","Burkina Faso","Enseignement technique","n/a","n/a","Etablissements","2013","141"
"Nombre d'établissements","Burkina Faso","Enseignement technique","n/a","n/a","Etablissements","2014","150"
"Nombre d'établissements","Burkina Faso","Enseignement technique","n/a","n/a","Etablissements","2015","147"
"Nombre d'établissements","Burkina Faso","Enseignement technique","n/a","n/a","Etablissements","2016","163"
"Nombre d'établissements","Burkina Faso","Enseignement technique","n/a","n/a","Etablissements","2017","167"
"Nombre d'établissements","Burkina Faso","Enseignement technique","n/a","n/a","Etablissements","2018","150"
"Nombre d'établissements","Burkina Faso","Enseignement technique","n/a","n/a","Etablissements","2019","146"
"Nombre d'établissements","Burkina Faso","Enseignement technique","n/a","n/a","Etablissements","2020","161"
"Nombre d'établissements","Burkina Faso","Enseignement technique","n/a","n/a","Etablissements","2021","178"
"Nombre d'établissements","Burkina Faso","Enseignement technique","n/a","n/a","Etablissements","2022","162"
"Nombre d'établissements","Burkina Faso","Enseignement technique","n/a","n/a","Etablissements","2023","170"
"Nombre d'établissements","Burkina Faso","Enseignement technique","n/a","n/a","Etablissements","2024","171"
"Nombre d'établissements","Burkina Faso","Enseignement supérieur","n/a","n/a","Etablissements","1991","12"
"Nombre d'établissements","Burkina Faso","Enseignement supérieur","n/a","n/a","Etablissements","1992","9"
"Nombre d'établissements","Burkina Faso","Enseignement supérieur","n/a","n/a","Etablissements","1994","9"
"Nombre d'établissements","Burkina Faso","Enseignement supérieur","n/a","n/a","Etablissements","1995","9"
"Nombre d'établissements","Burkina Faso","Enseignement supérieur","n/a","n/a","Etablissements","1996","9"
"Nombre d'établissements","Burkina Faso","Enseignement supérieur","n/a","n/a","Etablissements","1997","9"
"Nombre d'établissements","Burkina Faso","Enseignement supérieur","n/a","n/a","Etablissements","1998","9"
"Nombre d'établissements","Burkina Faso","Enseignement supérieur","n/a","n/a","Etablissements","1999","9"
"Nombre d'établissements","Burkina Faso","Enseignement supérieur","n/a","n/a","Etablissements","2001","11"
"Nombre d'établissements","Burkina Faso","Enseignement supérieur","n/a","n/a","Etablissements","2002","21"
"Nombre d'établissements","Burkina Faso","Enseignement supérieur","n/a","n/a","Etablissements","2003","21"
"Nombre d'établissements","Burkina Faso","Enseignement supérieur","n/a","n/a","Etablissements","2005","35"
"Nombre d'établissements","Burkina Faso","Enseignement supérieur","n/a","n/a","Etablissements","2006","36"
"Nombre d'établissements","Burkina Faso","Enseignement supérieur","n/a","n/a","Etablissements","2007","44"
"Nombre d'établissements","Burkina Faso","Enseignement supérieur","n/a","n/a","Etablissements","2008","49"
"Nombre d'établissements","Burkina Faso","Enseignement supérieur","n/a","n/a","Etablissements","2009","54"
"Nombre d'établissements","Burkina Faso","Enseignement supérieur","n/a","n/a","Etablissements","2010","60"
"Nombre d'établissements","Burkina Faso","Enseignement supérieur","n/a","n/a","Etablissements","2011","78"
"Nombre d'établissements","Burkina Faso","Enseignement supérieur","n/a","n/a","Etablissements","2012","82"
"Nombre d'établissements","Burkina Faso","Enseignement supérieur","n/a","n/a","Etablissements","2013","86"
"Nombre d'établissements","Burkina Faso","Enseignement supérieur","n/a","n/a","Etablissements","2014","113"
"Nombre d'établissements","Burkina Faso","Enseignement supérieur","n/a","n/a","Etablissements","2015","123"
"Nombre d'établissements","Burkina Faso","Enseignement supérieur","n/a","n/a","Etablissements","2016","120"
"Nombre d'établissements","Burkina Faso","Enseignement supérieur","n/a","n/a","Etablissements","2017","146"
"Nombre d'établissements","Burkina Faso","Enseignement supérieur","n/a","n/a","Etablissements","2018","157"
"Nombre d'établissements","Burkina Faso","Enseignement supérieur","n/a","n/a","Etablissements","2019","169"
"Nombre d'établissements","Burkina Faso","Enseignement supérieur","n/a","n/a","Etablissements","2020","171"
"Nombre d'établissements","Burkina Faso","Enseignement supérieur","n/a","n/a","Etablissements","2021","186"
"Nombre d'établissements","Burkina Faso","Enseignement supérieur","n/a","n/a","Etablissements","2022","184"
"Nombre d'établissements","Burkina Faso","Enseignement supérieur","n/a","n/a","Etablissements","2023","197"
"Nombre d'établissements","Burkina Faso","Enseignement supérieur","n/a","n/a","Etablissements","2024","191"
"Nombre de salles de classe","Burkina Faso","Enseignement préscolaire","n/a","n/a","salles de classe","2008","1147"
"Nombre de salles de classe","Burkina Faso","Enseignement préscolaire","n/a","n/a","salles de classe","2009","1199"
"Nombre de salles de classe","Burkina Faso","Enseignement préscolaire","n/a","n/a","salles de classe","2010","1251"
"Nombre de salles de classe","Burkina Faso","Enseignement préscolaire","n/a","n/a","salles de classe","2012","1729"
"Nombre de salles de classe","Burkina Faso","Enseignement préscolaire","n/a","n/a","salles de classe","2013","1916"
"Nombre de salles de classe","Burkina Faso","Enseignement préscolaire","n/a","n/a","salles de classe","2014","2095"
"Nombre de salles de classe","Burkina Faso","Enseignement préscolaire","n/a","n/a","salles de classe","2015","2216"
"Nombre de salles de classe","Burkina Faso","Enseignement préscolaire","n/a","n/a","salles de classe","2016","1536"
"Nombre de salles de classe","Burkina Faso","Enseignement préscolaire","n/a","n/a","salles de classe","2017","2017"
"Nombre de salles de classe","Burkina Faso","Enseignement préscolaire","n/a","n/a","salles de classe","2018","2657"
"Nombre de salles de classe","Burkina Faso","Enseignement préscolaire","n/a","n/a","salles de classe","2019","3271"
"Nombre de salles de classe","Burkina Faso","Enseignement préscolaire","n/a","n/a","salles de classe","2020","3883"
"Nombre de salles de classe","Burkina Faso","Enseignement préscolaire","n/a","n/a","salles de classe","2021","4174"
"Nombre de salles de classe","Burkina Faso","Enseignement préscolaire","n/a","n/a","salles de classe","2022","4323"
"Nombre de salles de classe","Burkina Faso","Enseignement préscolaire","n/a","n/a","salles de classe","2023","4689"
"Nombre de salles de classe","Burkina Faso","Enseignement préscolaire","n/a","n/a","salles de classe","2024","5182"
"Nombre de salles de classe","Burkina Faso","Enseignement préscolaire","n/a","n/a","salles de classe","2025","5812"
"Nombre de salles de classe","Burkina Faso","Enseignement primaire","n/a","n/a","salles de classe","1990","7928"
"Nombre de salles de classe","Burkina Faso","Enseignement primaire","n/a","n/a","salles de classe","1991","8603"
"Nombre de salles de classe","Burkina Faso","Enseignement primaire","n/a","n/a","salles de classe","1992","8953"
"Nombre de salles de classe","Burkina Faso","Enseignement primaire","n/a","n/a","salles de classe","1993","9536"
"Nombre de salles de classe","Burkina Faso","Enseignement primaire","n/a","n/a","salles de classe","1994","10286"
"Nombre de salles de classe","Burkina Faso","Enseignement primaire","n/a","n/a","salles de classe","1995","11262"
"Nombre de salles de classe","Burkina Faso","Enseignement primaire","n/a","n/a","salles de classe","1996","12261"
"Nombre de salles de classe","Burkina Faso","Enseignement primaire","n/a","n/a","salles de classe","1997","13413"
"Nombre de salles de classe","Burkina Faso","Enseignement primaire","n/a","n/a","salles de classe","1998","15104"
"Nombre de salles de classe","Burkina Faso","Enseignement primaire","n/a","n/a","salles de classe","1999","15983"
"Nombre de salles de classe","Burkina Faso","Enseignement primaire","n/a","n/a","salles de classe","2000","17037"
"Nombre de salles de classe","Burkina Faso","Enseignement primaire","n/a","n/a","salles de classe","2001","17456"
"Nombre de salles de classe","Burkina Faso","Enseignement primaire","n/a","n/a","salles de classe","2002","19252"
"Nombre de salles de classe","Burkina Faso","Enseignement primaire","n/a","n/a","salles de classe","2003","20621"
"Nombre de salles de classe","Burkina Faso","Enseignement primaire","n/a","n/a","salles de classe","2004","22330"
"Nombre de salles de classe","Burkina Faso","Enseignement primaire","n/a","n/a","salles de classe","2005","24403"
"Nombre de salles de classe","Burkina Faso","Enseignement primaire","n/a","n/a","salles de classe","2006","26444"
"Nombre de salles de classe","Burkina Faso","Enseignement primaire","n/a","n/a","salles de classe","2007","28925"
"Nombre de salles de classe","Burkina Faso","Enseignement primaire","n/a","n/a","salles de classe","2008","31809"
"Nombre de salles de classe","Burkina Faso","Enseignement primaire","n/a","n/a","salles de classe","2009","35129"
"Nombre de salles de classe","Burkina Faso","Enseignement primaire","n/a","n/a","salles de classe","2010","38269"
"Nombre de salles de classe","Burkina Faso","Enseignement primaire","n/a","n/a","salles de classe","2011","40912"
"Nombre de salles de classe","Burkina Faso","Enseignement primaire","n/a","n/a","salles de classe","2012","43661"
"Nombre de salles de classe","Burkina Faso","Enseignement primaire","n/a","n/a","salles de classe","2013","47709"
"Nombre de salles de classe","Burkina Faso","Enseignement primaire","n/a","n/a","salles de classe","2014","50429"
"Nombre de salles de classe","Burkina Faso","Enseignement primaire","n/a","n/a","salles de classe","2015","55098"
"Nombre de salles de classe","Burkina Faso","Enseignement primaire","n/a","n/a","salles de classe","2016","59938"
"Nombre de salles de classe","Burkina Faso","Enseignement primaire","n/a","n/a","salles de classe","2017","64218"
"Nombre de salles de classe","Burkina Faso","Enseignement primaire","n/a","n/a","salles de classe","2018","67709"
"Nombre de salles de classe","Burkina Faso","Enseignement primaire","n/a","n/a","salles de classe","2019","67238"
"Nombre de salles de classe","Burkina Faso","Enseignement primaire","n/a","n/a","salles de classe","2020","66870"
"Nombre de salles de classe","Burkina Faso","Enseignement primaire","n/a","n/a","salles de classe","2021","66466"
"Nombre de salles de classe","Burkina Faso","Enseignement primaire","n/a","n/a","salles de classe","2022","66466"
"Nombre de salles de classe","Burkina Faso","Enseignement primaire","n/a","n/a","salles de classe","2023","59013"
"Nombre de salles de classe","Burkina Faso","Enseignement primaire","n/a","n/a","salles de classe","2024","63082"
"Nombre de salles de classe","Burkina Faso","Enseignement primaire","n/a","n/a","salles de classe","2025","66887"
"Nombre de salles de classe","Burkina Faso","Enseignement du premier cycle du secondaire","n/a","n/a","salles de classe","1991","1253"
"Nombre de salles de classe","Burkina Faso","Enseignement du premier cycle du secondaire","n/a","n/a","salles de classe","1992","1347"
"Nombre de salles de classe","Burkina Faso","Enseignement du premier cycle du secondaire","n/a","n/a","salles de classe","1993","1417"
"Nombre de salles de classe","Burkina Faso","Enseignement du premier cycle du secondaire","n/a","n/a","salles de classe","1994","1534"
"Nombre de salles de classe","Burkina Faso","Enseignement du premier cycle du secondaire","n/a","n/a","salles de classe","1995","1684"
"Nombre de salles de classe","Burkina Faso","Enseignement du premier cycle du secondaire","n/a","n/a","salles de classe","1996","1824"
"Nombre de salles de classe","Burkina Faso","Enseignement du premier cycle du secondaire","n/a","n/a","salles de classe","1997","1954"
"Nombre de salles de classe","Burkina Faso","Enseignement du premier cycle du secondaire","n/a","n/a","salles de classe","1998","2042"
"Nombre de salles de classe","Burkina Faso","Enseignement du premier cycle du secondaire","n/a","n/a","salles de classe","1999","2107"
"Nombre de salles de classe","Burkina Faso","Enseignement du premier cycle du secondaire","n/a","n/a","salles de classe","2001","2341"
"Nombre de salles de classe","Burkina Faso","Enseignement du premier cycle du secondaire","n/a","n/a","salles de classe","2002","2523"
"Nombre de salles de classe","Burkina Faso","Enseignement du premier cycle du secondaire","n/a","n/a","salles de classe","2003","2802"
"Nombre de salles de classe","Burkina Faso","Enseignement du premier cycle du secondaire","n/a","n/a","salles de classe","2004","2981"
"Nombre de salles de classe","Burkina Faso","Enseignement du premier cycle du secondaire","n/a","n/a","salles de classe","2006","3574"
"Nombre de salles de classe","Burkina Faso","Enseignement du premier cycle du secondaire","n/a","n/a","salles de classe","2008","4394"
"Nombre de salles de classe","Burkina Faso","Enseignement du premier cycle du secondaire","n/a","n/a","salles de classe","2009","4897"
"Nombre de salles de classe","Burkina Faso","Enseignement du premier cycle du secondaire","n/a","n/a","salles de classe","2010","5581"
"Nombre de salles de classe","Burkina Faso","Enseignement du premier cycle du secondaire","n/a","n/a","salles de classe","2011","6321"
"Nombre de salles de classe","Burkina Faso","Enseignement du premier cycle du secondaire","n/a","n/a","salles de classe","2012","7216"
"Nombre de salles de classe","Burkina Faso","Enseignement du premier cycle du secondaire","n/a","n/a","salles de classe","2013","8057"
"Nombre de salles de classe","Burkina Faso","Enseignement du premier cycle du secondaire","n/a","n/a","salles de classe","2014","9408"
"Nombre de salles de classe","Burkina Faso","Enseignement du premier cycle du secondaire","n/a","n/a","salles de classe","2015","11676"
"Nombre de salles de classe","Burkina Faso","Enseignement du premier cycle du secondaire","n/a","n/a","salles de classe","2019","18006"
"Nombre de salles de classe","Burkina Faso","Enseignement du premier cycle du secondaire","n/a","n/a","salles de classe","2020","18374"
"Nombre de salles de classe","Burkina Faso","Enseignement du premier cycle du secondaire","n/a","n/a","salles de classe","2021","18933"
"Nombre de salles de classe","Burkina Faso","Enseignement du deuxième cycle du secondaire","n/a","n/a","salles de classe","1991","304"
"Nombre de salles de classe","Burkina Faso","Enseignement du deuxième cycle du secondaire","n/a","n/a","salles de classe","1992","278"
"Nombre de salles de classe","Burkina Faso","Enseignement du deuxième cycle du secondaire","n/a","n/a","salles de classe","1993","300"
"Nombre de salles de classe","Burkina Faso","Enseignement du deuxième cycle du secondaire","n/a","n/a","salles de classe","1994","331"
"Nombre de salles de classe","Burkina Faso","Enseignement du deuxième cycle du secondaire","n/a","n/a","salles de classe","1995","382"
"Nombre de salles de classe","Burkina Faso","Enseignement du deuxième cycle du secondaire","n/a","n/a","salles de classe","1996","432"
"Nombre de salles de classe","Burkina Faso","Enseignement du deuxième cycle du secondaire","n/a","n/a","salles de classe","1997","482"
"Nombre de salles de classe","Burkina Faso","Enseignement du deuxième cycle du secondaire","n/a","n/a","salles de classe","1998","513"
"Nombre de salles de classe","Burkina Faso","Enseignement du deuxième cycle du secondaire","n/a","n/a","salles de classe","1999","549"
"Nombre de salles de classe","Burkina Faso","Enseignement du deuxième cycle du secondaire","n/a","n/a","salles de classe","2001","614"
"Nombre de salles de classe","Burkina Faso","Enseignement du deuxième cycle du secondaire","n/a","n/a","salles de classe","2002","628"
"Nombre de salles de classe","Burkina Faso","Enseignement du deuxième cycle du secondaire","n/a","n/a","salles de classe","2003","703"
"Nombre de salles de classe","Burkina Faso","Enseignement du deuxième cycle du secondaire","n/a","n/a","salles de classe","2004","750"
"Nombre de salles de classe","Burkina Faso","Enseignement du deuxième cycle du secondaire","n/a","n/a","salles de classe","2006","936"
"Nombre de salles de classe","Burkina Faso","Enseignement du deuxième cycle du secondaire","n/a","n/a","salles de classe","2008","1169"
"Nombre de salles de classe","Burkina Faso","Enseignement du deuxième cycle du secondaire","n/a","n/a","salles de classe","2009","1337"
"Nombre de salles de classe","Burkina Faso","Enseignement du deuxième cycle du secondaire","n/a","n/a","salles de classe","2010","1486"
"Nombre de salles de classe","Burkina Faso","Enseignement du deuxième cycle du secondaire","n/a","n/a","salles de classe","2011","1677"
"Nombre de salles de classe","Burkina Faso","Enseignement du deuxième cycle du secondaire","n/a","n/a","salles de classe","2012","1874"
"Nombre de salles de classe","Burkina Faso","Enseignement du deuxième cycle du secondaire","n/a","n/a","salles de classe","2013","2264"
"Nombre de salles de classe","Burkina Faso","Enseignement du deuxième cycle du secondaire","n/a","n/a","salles de classe","2014","2503"
"Nombre de salles de classe","Burkina Faso","Enseignement du deuxième cycle du secondaire","n/a","n/a","salles de classe","2015","2917"
"Nombre de salles de classe","Burkina Faso","Enseignement du deuxième cycle du secondaire","n/a","n/a","salles de classe","2019","5614"
"Nombre de salles de classe","Burkina Faso","Enseignement du deuxième cycle du secondaire","n/a","n/a","salles de classe","2020","6381"
"Nombre de salles de classe","Burkina Faso","Enseignement du deuxième cycle du secondaire","n/a","n/a","salles de classe","2021","6939"
"Nombre de salles de classe","Burkina Faso","Enseignement technique","n/a","n/a","salles de classe","1990","129"
"Nombre de salles de classe","Burkina Faso","Enseignement technique","n/a","n/a","salles de classe","1992","176"
"Nombre de salles de classe","Burkina Faso","Enseignement technique","n/a","n/a","salles de classe","1993","283"
"Nombre de salles de classe","Burkina Faso","Enseignement technique","n/a","n/a","salles de classe","1994","217"
"Nombre de salles de classe","Burkina Faso","Enseignement technique","n/a","n/a","salles de classe","1995","223"
"Nombre de salles de classe","Burkina Faso","Enseignement technique","n/a","n/a","salles de classe","1996","251"
"Nombre de salles de classe","Burkina Faso","Enseignement technique","n/a","n/a","salles de classe","1997","266"
"Nombre de salles de classe","Burkina Faso","Enseignement technique","n/a","n/a","salles de classe","1998","306"
"Nombre de salles de classe","Burkina Faso","Enseignement technique","n/a","n/a","salles de classe","1999","285"
"Nombre de salles de classe","Burkina Faso","Enseignement technique","n/a","n/a","salles de classe","2000","355"
"Nombre de salles de classe","Burkina Faso","Enseignement technique","n/a","n/a","salles de classe","2001","390"
"Nombre de salles de classe","Burkina Faso","Enseignement technique","n/a","n/a","salles de classe","2002","458"
"Nombre de salles de classe","Burkina Faso","Enseignement technique","n/a","n/a","salles de classe","2003","516"
"Nombre de salles de classe","Burkina Faso","Enseignement technique","n/a","n/a","salles de classe","2004","529"
"Nombre de salles de classe","Burkina Faso","Enseignement technique","n/a","n/a","salles de classe","2005","569"
"Nombre de salles de classe","Burkina Faso","Enseignement technique","n/a","n/a","salles de classe","2006","630"
"Nombre de salles de classe","Burkina Faso","Enseignement technique","n/a","n/a","salles de classe","2007","676"
"Nombre de salles de classe","Burkina Faso","Enseignement technique","n/a","n/a","salles de classe","2008","722"
"Nombre de salles de classe","Burkina Faso","Enseignement technique","n/a","n/a","salles de classe","2009","754"
"Nombre de salles de classe","Burkina Faso","Enseignement technique","n/a","n/a","salles de classe","2010","781"
"Nombre de salles de classe","Burkina Faso","Enseignement technique","n/a","n/a","salles de classe","2011","784"
"Nombre de salles de classe","Burkina Faso","Enseignement technique","n/a","n/a","salles de classe","2012","817"
"Nombre de salles de classe","Burkina Faso","Enseignement technique","n/a","n/a","salles de classe","2013","883"
"Nombre de salles de classe","Burkina Faso","Enseignement technique","n/a","n/a","salles de classe","2014","906"
"Nombre de salles de classe","Burkina Faso","Enseignement technique","n/a","n/a","salles de classe","2015","905"
"Nombre de salles de classe","Burkina Faso","Enseignement technique","n/a","n/a","salles de classe","2016","986"
"Nombre de salles de classe","Burkina Faso","Enseignement technique","n/a","n/a","salles de classe","2017","989"
"Nombre de salles de classe","Burkina Faso","Enseignement technique","n/a","n/a","salles de classe","2018","990"
"Nombre de salles de classe","Burkina Faso","Enseignement technique","n/a","n/a","salles de classe","2019","1023"
"Nombre de salles de classe","Burkina Faso","Enseignement technique","n/a","n/a","salles de classe","2020","1103"
"Nombre de salles de classe","Burkina Faso","Enseignement technique","n/a","n/a","salles de classe","2021","1166"
"Nombre de salles de classe","Burkina Faso","Enseignement technique","n/a","n/a","salles de classe","2022","1255"
"Nombre de salles de classe","Burkina Faso","Enseignement technique","n/a","n/a","salles de classe","2023","1457"
"Nombre de salles de classe","Burkina Faso","Enseignement technique","n/a","n/a","salles de classe","2024","1616"
"Effectif d'enseignants","Burkina Faso","Enseignement préscolaire","Ensemble","Ensemble","Enseignants","2001","699"
"Effectif d'enseignants","Burkina Faso","Enseignement préscolaire","Ensemble","Ensemble","Enseignants","2002","787"
"Effectif d'enseignants","Burkina Faso","Enseignement préscolaire","Ensemble","Ensemble","Enseignants","2003","886"
"Effectif d'enseignants","Burkina Faso","Enseignement préscolaire","Ensemble","Ensemble","Enseignants","2004","1135"
"Effectif d'enseignants","Burkina Faso","Enseignement préscolaire","Ensemble","Ensemble","Enseignants","2005","1263"
"Effectif d'enseignants","Burkina Faso","Enseignement préscolaire","Ensemble","Ensemble","Enseignants","2006","1374"
"Effectif d'enseignants","Burkina Faso","Enseignement préscolaire","Ensemble","Ensemble","Enseignants","2007","1158"
"Effectif d'enseignants","Burkina Faso","Enseignement préscolaire","Ensemble","Ensemble","Enseignants","2008","1235"
"Effectif d'enseignants","Burkina Faso","Enseignement préscolaire","Ensemble","Ensemble","Enseignants","2009","1844"
"Effectif d'enseignants","Burkina Faso","Enseignement préscolaire","Ensemble","Ensemble","Enseignants","2010","1865"
"Effectif d'enseignants","Burkina Faso","Enseignement préscolaire","Ensemble","Ensemble","Enseignants","2011","2097"
"Effectif d'enseignants","Burkina Faso","Enseignement préscolaire","Ensemble","Ensemble","Enseignants","2012","2527"
"Effectif d'enseignants","Burkina Faso","Enseignement préscolaire","Ensemble","Ensemble","Enseignants","2013","2729"
"Effectif d'enseignants","Burkina Faso","Enseignement préscolaire","Ensemble","Ensemble","Enseignants","2014","3037"
"Effectif d'enseignants","Burkina Faso","Enseignement préscolaire","Ensemble","Ensemble","Enseignants","2015","3237"
"Effectif d'enseignants","Burkina Faso","Enseignement préscolaire","Ensemble","Ensemble","Enseignants","2016","3181"
"Effectif d'enseignants","Burkina Faso","Enseignement préscolaire","Ensemble","Ensemble","Enseignants","2017","3905"
"Effectif d'enseignants","Burkina Faso","Enseignement préscolaire","Ensemble","Ensemble","Enseignants","2018","4760"
"Effectif d'enseignants","Burkina Faso","Enseignement préscolaire","Ensemble","Ensemble","Enseignants","2019","5030"
"Effectif d'enseignants","Burkina Faso","Enseignement préscolaire","Ensemble","Ensemble","Enseignants","2020","6013"
"Effectif d'enseignants","Burkina Faso","Enseignement préscolaire","Ensemble","Ensemble","Enseignants","2021","6242"
"Effectif d'enseignants","Burkina Faso","Enseignement préscolaire","Ensemble","Ensemble","Enseignants","2022","6863"
"Effectif d'enseignants","Burkina Faso","Enseignement préscolaire","Ensemble","Ensemble","Enseignants","2023","7189"
"Effectif d'enseignants","Burkina Faso","Enseignement préscolaire","Ensemble","Ensemble","Enseignants","2024","7907"
"Effectif d'enseignants","Burkina Faso","Enseignement préscolaire","Ensemble","Ensemble","Enseignants","2025","8178"
"Effectif d'enseignants","Burkina Faso","Enseignement préscolaire","Masculin","n/a","Enseignants","2007","311"
"Effectif d'enseignants","Burkina Faso","Enseignement préscolaire","Masculin","n/a","Enseignants","2008","260"
"Effectif d'enseignants","Burkina Faso","Enseignement préscolaire","Masculin","n/a","Enseignants","2009","355"
"Effectif d'enseignants","Burkina Faso","Enseignement préscolaire","Masculin","n/a","Enseignants","2010","372"
"Effectif d'enseignants","Burkina Faso","Enseignement préscolaire","Masculin","n/a","Enseignants","2011","387"
"Effectif d'enseignants","Burkina Faso","Enseignement préscolaire","Masculin","n/a","Enseignants","2012","423"
"Effectif d'enseignants","Burkina Faso","Enseignement préscolaire","Masculin","n/a","Enseignants","2013","401"
"Effectif d'enseignants","Burkina Faso","Enseignement préscolaire","Masculin","n/a","Enseignants","2014","434"
"Effectif d'enseignants","Burkina Faso","Enseignement préscolaire","Masculin","n/a","Enseignants","2015","484"
"Effectif d'enseignants","Burkina Faso","Enseignement préscolaire","Masculin","n/a","Enseignants","2016","618"
"Effectif d'enseignants","Burkina Faso","Enseignement préscolaire","Masculin","n/a","Enseignants","2017","726"
"Effectif d'enseignants","Burkina Faso","Enseignement préscolaire","Masculin","n/a","Enseignants","2018","767"
"Effectif d'enseignants","Burkina Faso","Enseignement préscolaire","Masculin","n/a","Enseignants","2019","728"
"Effectif d'enseignants","Burkina Faso","Enseignement préscolaire","Masculin","n/a","Enseignants","2020","777"
"Effectif d'enseignants","Burkina Faso","Enseignement préscolaire","Masculin","n/a","Enseignants","2021","820"
"Effectif d'enseignants","Burkina Faso","Enseignement préscolaire","Masculin","n/a","Enseignants","2022","911"
"Effectif d'enseignants","Burkina Faso","Enseignement préscolaire","Masculin","n/a","Enseignants","2023","1016"
"Effectif d'enseignants","Burkina Faso","Enseignement préscolaire","Masculin","n/a","Enseignants","2024","1313"
"Effectif d'enseignants","Burkina Faso","Enseignement préscolaire","Masculin","n/a","Enseignants","2025","1515"
"Effectif d'enseignants","Burkina Faso","Enseignement préscolaire","Féminin","n/a","Enseignants","2007","847"
"Effectif d'enseignants","Burkina Faso","Enseignement préscolaire","Féminin","n/a","Enseignants","2008","975"
"Effectif d'enseignants","Burkina Faso","Enseignement préscolaire","Féminin","n/a","Enseignants","2009","1489"
"Effectif d'enseignants","Burkina Faso","Enseignement préscolaire","Féminin","n/a","Enseignants","2010","1493"
"Effectif d'enseignants","Burkina Faso","Enseignement préscolaire","Féminin","n/a","Enseignants","2011","1710"
"Effectif d'enseignants","Burkina Faso","Enseignement préscolaire","Féminin","n/a","Enseignants","2012","2104"
"Effectif d'enseignants","Burkina Faso","Enseignement préscolaire","Féminin","n/a","Enseignants","2013","2328"
"Effectif d'enseignants","Burkina Faso","Enseignement préscolaire","Féminin","n/a","Enseignants","2014","2603"
"Effectif d'enseignants","Burkina Faso","Enseignement préscolaire","Féminin","n/a","Enseignants","2015","2753"
"Effectif d'enseignants","Burkina Faso","Enseignement préscolaire","Féminin","n/a","Enseignants","2016","2563"
"Effectif d'enseignants","Burkina Faso","Enseignement préscolaire","Féminin","n/a","Enseignants","2017","3179"
"Effectif d'enseignants","Burkina Faso","Enseignement préscolaire","Féminin","n/a","Enseignants","2018","3993"
"Effectif d'enseignants","Burkina Faso","Enseignement préscolaire","Féminin","n/a","Enseignants","2019","4302"
"Effectif d'enseignants","Burkina Faso","Enseignement préscolaire","Féminin","n/a","Enseignants","2020","5236"
"Effectif d'enseignants","Burkina Faso","Enseignement préscolaire","Féminin","n/a","Enseignants","2021","5422"
"Effectif d'enseignants","Burkina Faso","Enseignement préscolaire","Féminin","n/a","Enseignants","2022","5952"
"Effectif d'enseignants","Burkina Faso","Enseignement préscolaire","Féminin","n/a","Enseignants","2023","6173"
"Effectif d'enseignants","Burkina Faso","Enseignement préscolaire","Féminin","n/a","Enseignants","2024","6594"
"Effectif d'enseignants","Burkina Faso","Enseignement préscolaire","Féminin","n/a","Enseignants","2025","6663"
"Effectif d'enseignants","Burkina Faso","Enseignement primaire","Ensemble","Ensemble","Enseignants","1990","8572"
"Effectif d'enseignants","Burkina Faso","Enseignement primaire","Ensemble","Ensemble","Enseignants","1991","8903"
"Effectif d'enseignants","Burkina Faso","Enseignement primaire","Ensemble","Ensemble","Enseignants","1992","8565"
"Effectif d'enseignants","Burkina Faso","Enseignement primaire","Ensemble","Ensemble","Enseignants","1993","9412"
"Effectif d'enseignants","Burkina Faso","Enseignement primaire","Ensemble","Ensemble","Enseignants","1994","10300"
"Effectif d'enseignants","Burkina Faso","Enseignement primaire","Ensemble","Ensemble","Enseignants","1995","12754"
"Effectif d'enseignants","Burkina Faso","Enseignement primaire","Ensemble","Ensemble","Enseignants","1996","14093"
"Effectif d'enseignants","Burkina Faso","Enseignement primaire","Ensemble","Ensemble","Enseignants","1997","13943"
"Effectif d'enseignants","Burkina Faso","Enseignement primaire","Ensemble","Ensemble","Enseignants","1998","14492"
"Effectif d'enseignants","Burkina Faso","Enseignement primaire","Ensemble","Ensemble","Enseignants","1999","15073"
"Effectif d'enseignants","Burkina Faso","Enseignement primaire","Ensemble","Ensemble","Enseignants","2000","16762"
"Effectif d'enseignants","Burkina Faso","Enseignement primaire","Ensemble","Ensemble","Enseignants","2001","17294"
"Effectif d'enseignants","Burkina Faso","Enseignement primaire","Ensemble","Ensemble","Enseignants","2002","18176"
"Effectif d'enseignants","Burkina Faso","Enseignement primaire","Ensemble","Ensemble","Enseignants","2003","19740"
"Effectif d'enseignants","Burkina Faso","Enseignement primaire","Ensemble","Ensemble","Enseignants","2004","21815"
"Effectif d'enseignants","Burkina Faso","Enseignement primaire","Ensemble","Ensemble","Enseignants","2005","24350"
"Effectif d'enseignants","Burkina Faso","Enseignement primaire","Ensemble","Ensemble","Enseignants","2006","26558"
"Effectif d'enseignants","Burkina Faso","Enseignement primaire","Ensemble","Ensemble","Enseignants","2007","28886"
"Effectif d'enseignants","Burkina Faso","Enseignement primaire","Ensemble","Ensemble","Enseignants","2008","31520"
"Effectif d'enseignants","Burkina Faso","Enseignement primaire","Ensemble","Ensemble","Enseignants","2009","34837"
"Effectif d'enseignants","Burkina Faso","Enseignement primaire","Ensemble","Ensemble","Enseignants","2010","37814"
"Effectif d'enseignants","Burkina Faso","Enseignement primaire","Ensemble","Ensemble","Enseignants","2011","40639"
"Effectif d'enseignants","Burkina Faso","Enseignement primaire","Ensemble","Ensemble","Enseignants","2012","43330"
"Effectif d'enseignants","Burkina Faso","Enseignement primaire","Ensemble","Ensemble","Enseignants","2013","47271"
"Effectif d'enseignants","Burkina Faso","Enseignement primaire","Ensemble","Ensemble","Enseignants","2014","50582"
"Effectif d'enseignants","Burkina Faso","Enseignement primaire","Ensemble","Ensemble","Enseignants","2015","54610"
"Effectif d'enseignants","Burkina Faso","Enseignement primaire","Ensemble","Ensemble","Enseignants","2016","59001"
"Effectif d'enseignants","Burkina Faso","Enseignement primaire","Ensemble","Ensemble","Enseignants","2017","62761"
"Effectif d'enseignants","Burkina Faso","Enseignement primaire","Ensemble","Ensemble","Enseignants","2018","66082"
"Effectif d'enseignants","Burkina Faso","Enseignement primaire","Ensemble","Ensemble","Enseignants","2019","65824"
"Effectif d'enseignants","Burkina Faso","Enseignement primaire","Ensemble","Ensemble","Enseignants","2020","65341"
"Effectif d'enseignants","Burkina Faso","Enseignement primaire","Ensemble","Ensemble","Enseignants","2021","66497"
"Effectif d'enseignants","Burkina Faso","Enseignement primaire","Ensemble","Ensemble","Enseignants","2022","64233"
"Effectif d'enseignants","Burkina Faso","Enseignement primaire","Ensemble","Ensemble","Enseignants","2023","57440"
"Effectif d'enseignants","Burkina Faso","Enseignement primaire","Ensemble","Ensemble","Enseignants","2024","61486"
"Effectif d'enseignants","Burkina Faso","Enseignement primaire","Ensemble","Ensemble","Enseignants","2025","65019"
"Effectif d'enseignants","Burkina Faso","Enseignement primaire","Masculin","n/a","Enseignants","1992","6354"
"Effectif d'enseignants","Burkina Faso","Enseignement primaire","Masculin","n/a","Enseignants","1993","7114"
"Effectif d'enseignants","Burkina Faso","Enseignement primaire","Masculin","n/a","Enseignants","1994","9384"
"Effectif d'enseignants","Burkina Faso","Enseignement primaire","Masculin","n/a","Enseignants","1995","9631"
"Effectif d'enseignants","Burkina Faso","Enseignement primaire","Masculin","n/a","Enseignants","1996","10676"
"Effectif d'enseignants","Burkina Faso","Enseignement primaire","Masculin","n/a","Enseignants","1998","11311"
"Effectif d'enseignants","Burkina Faso","Enseignement primaire","Masculin","n/a","Enseignants","1999","11568"
"Effectif d'enseignants","Burkina Faso","Enseignement primaire","Masculin","n/a","Enseignants","2001","13407"
"Effectif d'enseignants","Burkina Faso","Enseignement primaire","Masculin","n/a","Enseignants","2002","13998"
"Effectif d'enseignants","Burkina Faso","Enseignement primaire","Masculin","n/a","Enseignants","2003","14843"
"Effectif d'enseignants","Burkina Faso","Enseignement primaire","Masculin","n/a","Enseignants","2004","16162"
"Effectif d'enseignants","Burkina Faso","Enseignement primaire","Masculin","n/a","Enseignants","2005","17857"
"Effectif d'enseignants","Burkina Faso","Enseignement primaire","Masculin","n/a","Enseignants","2006","19264"
"Effectif d'enseignants","Burkina Faso","Enseignement primaire","Masculin","n/a","Enseignants","2007","20664"
"Effectif d'enseignants","Burkina Faso","Enseignement primaire","Masculin","n/a","Enseignants","2008","21736"
"Effectif d'enseignants","Burkina Faso","Enseignement primaire","Masculin","n/a","Enseignants","2009","23686"
"Effectif d'enseignants","Burkina Faso","Enseignement primaire","Masculin","n/a","Enseignants","2010","24861"
"Effectif d'enseignants","Burkina Faso","Enseignement primaire","Masculin","n/a","Enseignants","2011","25868"
"Effectif d'enseignants","Burkina Faso","Enseignement primaire","Masculin","n/a","Enseignants","2012","27418"
"Effectif d'enseignants","Burkina Faso","Enseignement primaire","Masculin","n/a","Enseignants","2013","29099"
"Effectif d'enseignants","Burkina Faso","Enseignement primaire","Masculin","n/a","Enseignants","2014","29969"
"Effectif d'enseignants","Burkina Faso","Enseignement primaire","Masculin","n/a","Enseignants","2015","30939"
"Effectif d'enseignants","Burkina Faso","Enseignement primaire","Masculin","n/a","Enseignants","2016","32479"
"Effectif d'enseignants","Burkina Faso","Enseignement primaire","Masculin","n/a","Enseignants","2017","33997"
"Effectif d'enseignants","Burkina Faso","Enseignement primaire","Masculin","n/a","Enseignants","2018","35640"
"Effectif d'enseignants","Burkina Faso","Enseignement primaire","Masculin","n/a","Enseignants","2019","35041"
"Effectif d'enseignants","Burkina Faso","Enseignement primaire","Masculin","n/a","Enseignants","2020","34558"
"Effectif d'enseignants","Burkina Faso","Enseignement primaire","Masculin","n/a","Enseignants","2021","35993"
"Effectif d'enseignants","Burkina Faso","Enseignement primaire","Masculin","n/a","Enseignants","2022","34011"
"Effectif d'enseignants","Burkina Faso","Enseignement primaire","Masculin","n/a","Enseignants","2023","29489"
"Effectif d'enseignants","Burkina Faso","Enseignement primaire","Masculin","n/a","Enseignants","2024","32042"
"Effectif d'enseignants","Burkina Faso","Enseignement primaire","Masculin","n/a","Enseignants","2025","34256"
"Effectif d'enseignants","Burkina Faso","Enseignement primaire","Féminin","n/a","Enseignants","1992","2211"
"Effectif d'enseignants","Burkina Faso","Enseignement primaire","Féminin","n/a","Enseignants","1993","2298"
"Effectif d'enseignants","Burkina Faso","Enseignement primaire","Féminin","n/a","Enseignants","1994","916"
"Effectif d'enseignants","Burkina Faso","Enseignement primaire","Féminin","n/a","Enseignants","1995","3123"
"Effectif d'enseignants","Burkina Faso","Enseignement primaire","Féminin","n/a","Enseignants","1996","3417"
"Effectif d'enseignants","Burkina Faso","Enseignement primaire","Féminin","n/a","Enseignants","1998","3181"
"Effectif d'enseignants","Burkina Faso","Enseignement primaire","Féminin","n/a","Enseignants","1999","3505"
"Effectif d'enseignants","Burkina Faso","Enseignement primaire","Féminin","n/a","Enseignants","2001","3887"
"Effectif d'enseignants","Burkina Faso","Enseignement primaire","Féminin","n/a","Enseignants","2002","4178"
"Effectif d'enseignants","Burkina Faso","Enseignement primaire","Féminin","n/a","Enseignants","2003","4897"
"Effectif d'enseignants","Burkina Faso","Enseignement primaire","Féminin","n/a","Enseignants","2004","5653"
"Effectif d'enseignants","Burkina Faso","Enseignement primaire","Féminin","n/a","Enseignants","2005","6493"
"Effectif d'enseignants","Burkina Faso","Enseignement primaire","Féminin","n/a","Enseignants","2006","7294"
"Effectif d'enseignants","Burkina Faso","Enseignement primaire","Féminin","n/a","Enseignants","2007","8222"
"Effectif d'enseignants","Burkina Faso","Enseignement primaire","Féminin","n/a","Enseignants","2008","9784"
"Effectif d'enseignants","Burkina Faso","Enseignement primaire","Féminin","n/a","Enseignants","2009","11151"
"Effectif d'enseignants","Burkina Faso","Enseignement primaire","Féminin","n/a","Enseignants","2010","12953"
"Effectif d'enseignants","Burkina Faso","Enseignement primaire","Féminin","n/a","Enseignants","2011","14771"
"Effectif d'enseignants","Burkina Faso","Enseignement primaire","Féminin","n/a","Enseignants","2012","15912"
"Effectif d'enseignants","Burkina Faso","Enseignement primaire","Féminin","n/a","Enseignants","2013","18172"
"Effectif d'enseignants","Burkina Faso","Enseignement primaire","Féminin","n/a","Enseignants","2014","20613"
"Effectif d'enseignants","Burkina Faso","Enseignement primaire","Féminin","n/a","Enseignants","2015","23671"
"Effectif d'enseignants","Burkina Faso","Enseignement primaire","Féminin","n/a","Enseignants","2016","26522"
"Effectif d'enseignants","Burkina Faso","Enseignement primaire","Féminin","n/a","Enseignants","2017","28764"
"Effectif d'enseignants","Burkina Faso","Enseignement primaire","Féminin","n/a","Enseignants","2018","30442"
"Effectif d'enseignants","Burkina Faso","Enseignement primaire","Féminin","n/a","Enseignants","2019","30783"
"Effectif d'enseignants","Burkina Faso","Enseignement primaire","Féminin","n/a","Enseignants","2020","30783"
"Effectif d'enseignants","Burkina Faso","Enseignement primaire","Féminin","n/a","Enseignants","2021","30504"
"Effectif d'enseignants","Burkina Faso","Enseignement primaire","Féminin","n/a","Enseignants","2022","30222"
"Effectif d'enseignants","Burkina Faso","Enseignement primaire","Féminin","n/a","Enseignants","2023","27951"
"Effectif d'enseignants","Burkina Faso","Enseignement primaire","Féminin","n/a","Enseignants","2024","29444"
"Effectif d'enseignants","Burkina Faso","Enseignement primaire","Féminin","n/a","Enseignants","2025","30763"
"Effectif d'enseignants","Burkina Faso","Enseignement secondaire","Ensemble","Ensemble","Enseignants","1990","2306"
"Effectif d'enseignants","Burkina Faso","Enseignement secondaire","Ensemble","Ensemble","Enseignants","1991","2953"
"Effectif d'enseignants","Burkina Faso","Enseignement secondaire","Ensemble","Ensemble","Enseignants","1992","2419"
"Effectif d'enseignants","Burkina Faso","Enseignement secondaire","Ensemble","Ensemble","Enseignants","1993","2786"
"Effectif d'enseignants","Burkina Faso","Enseignement secondaire","Ensemble","Ensemble","Enseignants","1994","3346"
"Effectif d'enseignants","Burkina Faso","Enseignement secondaire","Ensemble","Ensemble","Enseignants","1995","3458"
"Effectif d'enseignants","Burkina Faso","Enseignement secondaire","Ensemble","Ensemble","Enseignants","1996","4162"
"Effectif d'enseignants","Burkina Faso","Enseignement secondaire","Ensemble","Ensemble","Enseignants","1997","4674"
"Effectif d'enseignants","Burkina Faso","Enseignement secondaire","Ensemble","Ensemble","Enseignants","1998","4638"
"Effectif d'enseignants","Burkina Faso","Enseignement secondaire","Ensemble","Ensemble","Enseignants","1999","5122"
"Effectif d'enseignants","Burkina Faso","Enseignement secondaire","Ensemble","Ensemble","Enseignants","2000","5357"
"Effectif d'enseignants","Burkina Faso","Enseignement secondaire","Ensemble","Ensemble","Enseignants","2001","5195"
"Effectif d'enseignants","Burkina Faso","Enseignement secondaire","Ensemble","Ensemble","Enseignants","2002","5935"
"Effectif d'enseignants","Burkina Faso","Enseignement secondaire","Ensemble","Ensemble","Enseignants","2003","6194"
"Effectif d'enseignants","Burkina Faso","Enseignement secondaire","Ensemble","Ensemble","Enseignants","2004","4436"
"Effectif d'enseignants","Burkina Faso","Enseignement secondaire","Ensemble","Ensemble","Enseignants","2005","3969"
"Effectif d'enseignants","Burkina Faso","Enseignement secondaire","Ensemble","Ensemble","Enseignants","2006","4563"
"Effectif d'enseignants","Burkina Faso","Enseignement secondaire","Ensemble","Ensemble","Enseignants","2007","5167"
"Effectif d'enseignants","Burkina Faso","Enseignement secondaire","Ensemble","Ensemble","Enseignants","2008","5888"
"Effectif d'enseignants","Burkina Faso","Enseignement secondaire","Ensemble","Ensemble","Enseignants","2009","6446"
"Effectif d'enseignants","Burkina Faso","Enseignement secondaire","Ensemble","Ensemble","Enseignants","2010","7412"
"Effectif d'enseignants","Burkina Faso","Enseignement secondaire","Ensemble","Ensemble","Enseignants","2011","8592"
"Effectif d'enseignants","Burkina Faso","Enseignement secondaire","Ensemble","Ensemble","Enseignants","2012","9532"
"Effectif d'enseignants","Burkina Faso","Enseignement secondaire","Ensemble","Ensemble","Enseignants","2013","11086"
"Effectif d'enseignants","Burkina Faso","Enseignement secondaire","Ensemble","Ensemble","Enseignants","2014","12627"
"Effectif d'enseignants","Burkina Faso","Enseignement secondaire","Ensemble","Ensemble","Enseignants","2015","17485"
"Effectif d'enseignants","Burkina Faso","Enseignement secondaire","Ensemble","Ensemble","Enseignants","2016","21830"
"Effectif d'enseignants","Burkina Faso","Enseignement secondaire","Ensemble","Ensemble","Enseignants","2017","22601"
"Effectif d'enseignants","Burkina Faso","Enseignement secondaire","Ensemble","Ensemble","Enseignants","2018","25308"
"Effectif d'enseignants","Burkina Faso","Enseignement secondaire","Ensemble","Ensemble","Enseignants","2019","27052"
"Effectif d'enseignants","Burkina Faso","Enseignement secondaire","Ensemble","Ensemble","Enseignants","2020","28570"
"Effectif d'enseignants","Burkina Faso","Enseignement secondaire","Ensemble","Ensemble","Enseignants","2021","30156"
"Effectif d'enseignants","Burkina Faso","Enseignement secondaire","Ensemble","Ensemble","Enseignants","2022","29634"
"Effectif d'enseignants","Burkina Faso","Enseignement secondaire","Ensemble","Ensemble","Enseignants","2023","30930"
"Effectif d'enseignants","Burkina Faso","Enseignement secondaire","Ensemble","Ensemble","Enseignants","2024","32182"
"Effectif d'enseignants","Burkina Faso","Enseignement secondaire","Masculin","n/a","Enseignants","1997","3895"
"Effectif d'enseignants","Burkina Faso","Enseignement secondaire","Masculin","n/a","Enseignants","1998","3808"
"Effectif d'enseignants","Burkina Faso","Enseignement secondaire","Masculin","n/a","Enseignants","1999","4255"
"Effectif d'enseignants","Burkina Faso","Enseignement secondaire","Masculin","n/a","Enseignants","2000","4491"
"Effectif d'enseignants","Burkina Faso","Enseignement secondaire","Masculin","n/a","Enseignants","2001","4212"
"Effectif d'enseignants","Burkina Faso","Enseignement secondaire","Masculin","n/a","Enseignants","2002","4811"
"Effectif d'enseignants","Burkina Faso","Enseignement secondaire","Masculin","n/a","Enseignants","2003","5068"
"Effectif d'enseignants","Burkina Faso","Enseignement secondaire","Masculin","n/a","Enseignants","2004","3594"
"Effectif d'enseignants","Burkina Faso","Enseignement secondaire","Masculin","n/a","Enseignants","2005","3229"
"Effectif d'enseignants","Burkina Faso","Enseignement secondaire","Masculin","n/a","Enseignants","2006","3730"
"Effectif d'enseignants","Burkina Faso","Enseignement secondaire","Masculin","n/a","Enseignants","2007","4215"
"Effectif d'enseignants","Burkina Faso","Enseignement secondaire","Masculin","n/a","Enseignants","2008","4782"
"Effectif d'enseignants","Burkina Faso","Enseignement secondaire","Masculin","n/a","Enseignants","2009","5291"
"Effectif d'enseignants","Burkina Faso","Enseignement secondaire","Masculin","n/a","Enseignants","2010","6058"
"Effectif d'enseignants","Burkina Faso","Enseignement secondaire","Masculin","n/a","Enseignants","2011","6963"
"Effectif d'enseignants","Burkina Faso","Enseignement secondaire","Masculin","n/a","Enseignants","2012","7684"
"Effectif d'enseignants","Burkina Faso","Enseignement secondaire","Masculin","n/a","Enseignants","2013","8960"
"Effectif d'enseignants","Burkina Faso","Enseignement secondaire","Masculin","n/a","Enseignants","2014","10238"
"Effectif d'enseignants","Burkina Faso","Enseignement secondaire","Masculin","n/a","Enseignants","2015","14254"
"Effectif d'enseignants","Burkina Faso","Enseignement secondaire","Masculin","n/a","Enseignants","2016","17904"
"Effectif d'enseignants","Burkina Faso","Enseignement secondaire","Masculin","n/a","Enseignants","2017","18056"
"Effectif d'enseignants","Burkina Faso","Enseignement secondaire","Masculin","n/a","Enseignants","2018","20234"
"Effectif d'enseignants","Burkina Faso","Enseignement secondaire","Masculin","n/a","Enseignants","2019","21312"
"Effectif d'enseignants","Burkina Faso","Enseignement secondaire","Masculin","n/a","Enseignants","2020","22585"
"Effectif d'enseignants","Burkina Faso","Enseignement secondaire","Masculin","n/a","Enseignants","2021","23780"
"Effectif d'enseignants","Burkina Faso","Enseignement secondaire","Masculin","n/a","Enseignants","2022","23035"
"Effectif d'enseignants","Burkina Faso","Enseignement secondaire","Masculin","n/a","Enseignants","2023","23997"
"Effectif d'enseignants","Burkina Faso","Enseignement secondaire","Masculin","n/a","Enseignants","2024","25014"
"Effectif d'enseignants","Burkina Faso","Enseignement secondaire","Féminin","n/a","Enseignants","1997","779"
"Effectif d'enseignants","Burkina Faso","Enseignement secondaire","Féminin","n/a","Enseignants","1998","830"
"Effectif d'enseignants","Burkina Faso","Enseignement secondaire","Féminin","n/a","Enseignants","1999","867"
"Effectif d'enseignants","Burkina Faso","Enseignement secondaire","Féminin","n/a","Enseignants","2000","866"
"Effectif d'enseignants","Burkina Faso","Enseignement secondaire","Féminin","n/a","Enseignants","2001","983"
"Effectif d'enseignants","Burkina Faso","Enseignement secondaire","Féminin","n/a","Enseignants","2002","1124"
"Effectif d'enseignants","Burkina Faso","Enseignement secondaire","Féminin","n/a","Enseignants","2003","1126"
"Effectif d'enseignants","Burkina Faso","Enseignement secondaire","Féminin","n/a","Enseignants","2004","842"
"Effectif d'enseignants","Burkina Faso","Enseignement secondaire","Féminin","n/a","Enseignants","2005","740"
"Effectif d'enseignants","Burkina Faso","Enseignement secondaire","Féminin","n/a","Enseignants","2006","833"
"Effectif d'enseignants","Burkina Faso","Enseignement secondaire","Féminin","n/a","Enseignants","2007","952"
"Effectif d'enseignants","Burkina Faso","Enseignement secondaire","Féminin","n/a","Enseignants","2008","1106"
"Effectif d'enseignants","Burkina Faso","Enseignement secondaire","Féminin","n/a","Enseignants","2009","1155"
"Effectif d'enseignants","Burkina Faso","Enseignement secondaire","Féminin","n/a","Enseignants","2010","1354"
"Effectif d'enseignants","Burkina Faso","Enseignement secondaire","Féminin","n/a","Enseignants","2011","1629"
"Effectif d'enseignants","Burkina Faso","Enseignement secondaire","Féminin","n/a","Enseignants","2012","1848"
"Effectif d'enseignants","Burkina Faso","Enseignement secondaire","Féminin","n/a","Enseignants","2013","2126"
"Effectif d'enseignants","Burkina Faso","Enseignement secondaire","Féminin","n/a","Enseignants","2014","2389"
"Effectif d'enseignants","Burkina Faso","Enseignement secondaire","Féminin","n/a","Enseignants","2015","3231"
"Effectif d'enseignants","Burkina Faso","Enseignement secondaire","Féminin","n/a","Enseignants","2016","3926"
"Effectif d'enseignants","Burkina Faso","Enseignement secondaire","Féminin","n/a","Enseignants","2017","4545"
"Effectif d'enseignants","Burkina Faso","Enseignement secondaire","Féminin","n/a","Enseignants","2018","5074"
"Effectif d'enseignants","Burkina Faso","Enseignement secondaire","Féminin","n/a","Enseignants","2019","5740"
"Effectif d'enseignants","Burkina Faso","Enseignement secondaire","Féminin","n/a","Enseignants","2020","5985"
"Effectif d'enseignants","Burkina Faso","Enseignement secondaire","Féminin","n/a","Enseignants","2021","6376"
"Effectif d'enseignants","Burkina Faso","Enseignement secondaire","Féminin","n/a","Enseignants","2022","6599"
"Effectif d'enseignants","Burkina Faso","Enseignement secondaire","Féminin","n/a","Enseignants","2023","6933"
"Effectif d'enseignants","Burkina Faso","Enseignement secondaire","Féminin","n/a","Enseignants","2024","7168"
"Effectif d'enseignants","Burkina Faso","Enseignement technique","Ensemble","Ensemble","Enseignants","1990","341"
"Effectif d'enseignants","Burkina Faso","Enseignement technique","Ensemble","Ensemble","Enseignants","1991","474"
"Effectif d'enseignants","Burkina Faso","Enseignement technique","Ensemble","Ensemble","Enseignants","1992","537"
"Effectif d'enseignants","Burkina Faso","Enseignement technique","Ensemble","Ensemble","Enseignants","1993","493"
"Effectif d'enseignants","Burkina Faso","Enseignement technique","Ensemble","Ensemble","Enseignants","1994","639"
"Effectif d'enseignants","Burkina Faso","Enseignement technique","Ensemble","Ensemble","Enseignants","1995","542"
"Effectif d'enseignants","Burkina Faso","Enseignement technique","Ensemble","Ensemble","Enseignants","1996","731"
"Effectif d'enseignants","Burkina Faso","Enseignement technique","Ensemble","Ensemble","Enseignants","1997","906"
"Effectif d'enseignants","Burkina Faso","Enseignement technique","Ensemble","Ensemble","Enseignants","1998","1019"
"Effectif d'enseignants","Burkina Faso","Enseignement technique","Ensemble","Ensemble","Enseignants","1999","1093"
"Effectif d'enseignants","Burkina Faso","Enseignement technique","Ensemble","Ensemble","Enseignants","2000","1184"
"Effectif d'enseignants","Burkina Faso","Enseignement technique","Ensemble","Ensemble","Enseignants","2001","1027"
"Effectif d'enseignants","Burkina Faso","Enseignement technique","Ensemble","Ensemble","Enseignants","2002","1138"
"Effectif d'enseignants","Burkina Faso","Enseignement technique","Ensemble","Ensemble","Enseignants","2003","1365"
"Effectif d'enseignants","Burkina Faso","Enseignement technique","Ensemble","Ensemble","Enseignants","2004","796"
"Effectif d'enseignants","Burkina Faso","Enseignement technique","Ensemble","Ensemble","Enseignants","2005","660"
"Effectif d'enseignants","Burkina Faso","Enseignement technique","Ensemble","Ensemble","Enseignants","2006","680"
"Effectif d'enseignants","Burkina Faso","Enseignement technique","Ensemble","Ensemble","Enseignants","2007","739"
"Effectif d'enseignants","Burkina Faso","Enseignement technique","Ensemble","Ensemble","Enseignants","2008","804"
"Effectif d'enseignants","Burkina Faso","Enseignement technique","Ensemble","Ensemble","Enseignants","2009","825"
"Effectif d'enseignants","Burkina Faso","Enseignement technique","Ensemble","Ensemble","Enseignants","2010","897"
"Effectif d'enseignants","Burkina Faso","Enseignement technique","Ensemble","Ensemble","Enseignants","2011","988"
"Effectif d'enseignants","Burkina Faso","Enseignement technique","Ensemble","Ensemble","Enseignants","2012","1087"
"Effectif d'enseignants","Burkina Faso","Enseignement technique","Ensemble","Ensemble","Enseignants","2013","1338"
"Effectif d'enseignants","Burkina Faso","Enseignement technique","Ensemble","Ensemble","Enseignants","2014","1283"
"Effectif d'enseignants","Burkina Faso","Enseignement technique","Ensemble","Ensemble","Enseignants","2015","1431"
"Effectif d'enseignants","Burkina Faso","Enseignement technique","Ensemble","Ensemble","Enseignants","2016","1600"
"Effectif d'enseignants","Burkina Faso","Enseignement technique","Ensemble","Ensemble","Enseignants","2017","1665"
"Effectif d'enseignants","Burkina Faso","Enseignement technique","Ensemble","Ensemble","Enseignants","2018","1786"
"Effectif d'enseignants","Burkina Faso","Enseignement technique","Ensemble","Ensemble","Enseignants","2019","2143"
"Effectif d'enseignants","Burkina Faso","Enseignement technique","Ensemble","Ensemble","Enseignants","2020","2877"
"Effectif d'enseignants","Burkina Faso","Enseignement technique","Ensemble","Ensemble","Enseignants","2021","6077"
"Effectif d'enseignants","Burkina Faso","Enseignement technique","Ensemble","Ensemble","Enseignants","2022","5786"
"Effectif d'enseignants","Burkina Faso","Enseignement technique","Ensemble","Ensemble","Enseignants","2023","6248"
"Effectif d'enseignants","Burkina Faso","Enseignement technique","Ensemble","Ensemble","Enseignants","2024","6744"
"Effectif d'enseignants","Burkina Faso","Enseignement technique","Masculin","n/a","Enseignants","1997","696"
"Effectif d'enseignants","Burkina Faso","Enseignement technique","Masculin","n/a","Enseignants","1998","817"
"Effectif d'enseignants","Burkina Faso","Enseignement technique","Masculin","n/a","Enseignants","1999","861"
"Effectif d'enseignants","Burkina Faso","Enseignement technique","Masculin","n/a","Enseignants","2000","944"
"Effectif d'enseignants","Burkina Faso","Enseignement technique","Masculin","n/a","Enseignants","2001","814"
"Effectif d'enseignants","Burkina Faso","Enseignement technique","Masculin","n/a","Enseignants","2002","940"
"Effectif d'enseignants","Burkina Faso","Enseignement technique","Masculin","n/a","Enseignants","2003","1110"
"Effectif d'enseignants","Burkina Faso","Enseignement technique","Masculin","n/a","Enseignants","2004","614"
"Effectif d'enseignants","Burkina Faso","Enseignement technique","Masculin","n/a","Enseignants","2005","509"
"Effectif d'enseignants","Burkina Faso","Enseignement technique","Masculin","n/a","Enseignants","2006","522"
"Effectif d'enseignants","Burkina Faso","Enseignement technique","Masculin","n/a","Enseignants","2007","566"
"Effectif d'enseignants","Burkina Faso","Enseignement technique","Masculin","n/a","Enseignants","2008","609"
"Effectif d'enseignants","Burkina Faso","Enseignement technique","Masculin","n/a","Enseignants","2009","618"
"Effectif d'enseignants","Burkina Faso","Enseignement technique","Masculin","n/a","Enseignants","2010","698"
"Effectif d'enseignants","Burkina Faso","Enseignement technique","Masculin","n/a","Enseignants","2011","771"
"Effectif d'enseignants","Burkina Faso","Enseignement technique","Masculin","n/a","Enseignants","2012","852"
"Effectif d'enseignants","Burkina Faso","Enseignement technique","Masculin","n/a","Enseignants","2013","1068"
"Effectif d'enseignants","Burkina Faso","Enseignement technique","Masculin","n/a","Enseignants","2014","1015"
"Effectif d'enseignants","Burkina Faso","Enseignement technique","Masculin","n/a","Enseignants","2015","1129"
"Effectif d'enseignants","Burkina Faso","Enseignement technique","Masculin","n/a","Enseignants","2016","1283"
"Effectif d'enseignants","Burkina Faso","Enseignement technique","Masculin","n/a","Enseignants","2017","1320"
"Effectif d'enseignants","Burkina Faso","Enseignement technique","Masculin","n/a","Enseignants","2018","1369"
"Effectif d'enseignants","Burkina Faso","Enseignement technique","Masculin","n/a","Enseignants","2019","1668"
"Effectif d'enseignants","Burkina Faso","Enseignement technique","Masculin","n/a","Enseignants","2020","2233"
"Effectif d'enseignants","Burkina Faso","Enseignement technique","Masculin","n/a","Enseignants","2021","5067"
"Effectif d'enseignants","Burkina Faso","Enseignement technique","Masculin","n/a","Enseignants","2022","4834"
"Effectif d'enseignants","Burkina Faso","Enseignement technique","Masculin","n/a","Enseignants","2023","5216"
"Effectif d'enseignants","Burkina Faso","Enseignement technique","Masculin","n/a","Enseignants","2024","5652"
"Effectif d'enseignants","Burkina Faso","Enseignement technique","Féminin","n/a","Enseignants","1997","210"
"Effectif d'enseignants","Burkina Faso","Enseignement technique","Féminin","n/a","Enseignants","1998","202"
"Effectif d'enseignants","Burkina Faso","Enseignement technique","Féminin","n/a","Enseignants","1999","232"
"Effectif d'enseignants","Burkina Faso","Enseignement technique","Féminin","n/a","Enseignants","2000","240"
"Effectif d'enseignants","Burkina Faso","Enseignement technique","Féminin","n/a","Enseignants","2001","213"
"Effectif d'enseignants","Burkina Faso","Enseignement technique","Féminin","n/a","Enseignants","2002","198"
"Effectif d'enseignants","Burkina Faso","Enseignement technique","Féminin","n/a","Enseignants","2003","255"
"Effectif d'enseignants","Burkina Faso","Enseignement technique","Féminin","n/a","Enseignants","2004","182"
"Effectif d'enseignants","Burkina Faso","Enseignement technique","Féminin","n/a","Enseignants","2005","151"
"Effectif d'enseignants","Burkina Faso","Enseignement technique","Féminin","n/a","Enseignants","2006","158"
"Effectif d'enseignants","Burkina Faso","Enseignement technique","Féminin","n/a","Enseignants","2007","173"
"Effectif d'enseignants","Burkina Faso","Enseignement technique","Féminin","n/a","Enseignants","2008","195"
"Effectif d'enseignants","Burkina Faso","Enseignement technique","Féminin","n/a","Enseignants","2009","207"
"Effectif d'enseignants","Burkina Faso","Enseignement technique","Féminin","n/a","Enseignants","2010","199"
"Effectif d'enseignants","Burkina Faso","Enseignement technique","Féminin","n/a","Enseignants","2011","217"
"Effectif d'enseignants","Burkina Faso","Enseignement technique","Féminin","n/a","Enseignants","2012","235"
"Effectif d'enseignants","Burkina Faso","Enseignement technique","Féminin","n/a","Enseignants","2013","270"
"Effectif d'enseignants","Burkina Faso","Enseignement technique","Féminin","n/a","Enseignants","2014","268"
"Effectif d'enseignants","Burkina Faso","Enseignement technique","Féminin","n/a","Enseignants","2015","302"
"Effectif d'enseignants","Burkina Faso","Enseignement technique","Féminin","n/a","Enseignants","2016","317"
"Effectif d'enseignants","Burkina Faso","Enseignement technique","Féminin","n/a","Enseignants","2017","345"
"Effectif d'enseignants","Burkina Faso","Enseignement technique","Féminin","n/a","Enseignants","2018","417"
"Effectif d'enseignants","Burkina Faso","Enseignement technique","Féminin","n/a","Enseignants","2019","475"
"Effectif d'enseignants","Burkina Faso","Enseignement technique","Féminin","n/a","Enseignants","2020","644"
"Effectif d'enseignants","Burkina Faso","Enseignement technique","Féminin","n/a","Enseignants","2021","1010"
"Effectif d'enseignants","Burkina Faso","Enseignement technique","Féminin","n/a","Enseignants","2022","952"
"Effectif d'enseignants","Burkina Faso","Enseignement technique","Féminin","n/a","Enseignants","2023","1032"
"Effectif d'enseignants","Burkina Faso","Enseignement technique","Féminin","n/a","Enseignants","2024","1092"
"Effectif d'enseignants","Burkina Faso","Enseignement supérieur","Ensemble","Ensemble","Enseignants","1991","387"
"Effectif d'enseignants","Burkina Faso","Enseignement supérieur","Ensemble","Ensemble","Enseignants","1992","437"
"Effectif d'enseignants","Burkina Faso","Enseignement supérieur","Ensemble","Ensemble","Enseignants","1993","547"
"Effectif d'enseignants","Burkina Faso","Enseignement supérieur","Ensemble","Ensemble","Enseignants","1994","571"
"Effectif d'enseignants","Burkina Faso","Enseignement supérieur","Ensemble","Ensemble","Enseignants","1995","650"
"Effectif d'enseignants","Burkina Faso","Enseignement supérieur","Ensemble","Ensemble","Enseignants","1996","632"
"Effectif d'enseignants","Burkina Faso","Enseignement supérieur","Ensemble","Ensemble","Enseignants","1997","745"
"Effectif d'enseignants","Burkina Faso","Enseignement supérieur","Ensemble","Ensemble","Enseignants","1998","492"
"Effectif d'enseignants","Burkina Faso","Enseignement supérieur","Ensemble","Ensemble","Enseignants","1999","773"
"Effectif d'enseignants","Burkina Faso","Enseignement supérieur","Ensemble","Ensemble","Enseignants","2005","645"
"Effectif d'enseignants","Burkina Faso","Enseignement supérieur","Ensemble","Ensemble","Enseignants","2006","478"
"Effectif d'enseignants","Burkina Faso","Enseignement supérieur","Ensemble","Ensemble","Enseignants","2007","1886"
"Effectif d'enseignants","Burkina Faso","Enseignement supérieur","Ensemble","Ensemble","Enseignants","2008","2245"
"Effectif d'enseignants","Burkina Faso","Enseignement supérieur","Ensemble","Ensemble","Enseignants","2009","2677"
"Effectif d'enseignants","Burkina Faso","Enseignement supérieur","Ensemble","Ensemble","Enseignants","2010","2889"
"Effectif d'enseignants","Burkina Faso","Enseignement supérieur","Ensemble","Ensemble","Enseignants","2011","3629"
"Effectif d'enseignants","Burkina Faso","Enseignement supérieur","Ensemble","Ensemble","Enseignants","2012","3671"
"Effectif d'enseignants","Burkina Faso","Enseignement supérieur","Ensemble","Ensemble","Enseignants","2013","3786"
"Effectif d'enseignants","Burkina Faso","Enseignement supérieur","Ensemble","Ensemble","Enseignants","2014","4121"
"Effectif d'enseignants","Burkina Faso","Enseignement supérieur","Ensemble","Ensemble","Enseignants","2015","4557"
"Effectif d'enseignants","Burkina Faso","Enseignement supérieur","Ensemble","Ensemble","Enseignants","2016","4929"
"Effectif d'enseignants","Burkina Faso","Enseignement supérieur","Ensemble","Ensemble","Enseignants","2017","5413"
"Effectif d'enseignants","Burkina Faso","Enseignement supérieur","Ensemble","Ensemble","Enseignants","2018","6797"
"Effectif d'enseignants","Burkina Faso","Enseignement supérieur","Ensemble","Ensemble","Enseignants","2019","7132"
"Effectif d'enseignants","Burkina Faso","Enseignement supérieur","Ensemble","Ensemble","Enseignants","2020","7475"
"Effectif d'enseignants","Burkina Faso","Enseignement supérieur","Ensemble","Ensemble","Enseignants","2021","8758"
"Effectif d'enseignants","Burkina Faso","Enseignement supérieur","Ensemble","Ensemble","Enseignants","2022","8969"
"Effectif d'enseignants","Burkina Faso","Enseignement supérieur","Ensemble","Ensemble","Enseignants","2023","10229"
"Effectif d'enseignants","Burkina Faso","Enseignement supérieur","Ensemble","Ensemble","Enseignants","2024","10818"
"Effectif d'enseignants","Burkina Faso","Enseignement supérieur","Masculin","n/a","Enseignants","2007","1725"
"Effectif d'enseignants","Burkina Faso","Enseignement supérieur","Masculin","n/a","Enseignants","2008","2062"
"Effectif d'enseignants","Burkina Faso","Enseignement supérieur","Masculin","n/a","Enseignants","2009","2469"
"Effectif d'enseignants","Burkina Faso","Enseignement supérieur","Masculin","n/a","Enseignants","2010","2643"
"Effectif d'enseignants","Burkina Faso","Enseignement supérieur","Masculin","n/a","Enseignants","2011","3323"
"Effectif d'enseignants","Burkina Faso","Enseignement supérieur","Masculin","n/a","Enseignants","2012","3344"
"Effectif d'enseignants","Burkina Faso","Enseignement supérieur","Masculin","n/a","Enseignants","2013","3470"
"Effectif d'enseignants","Burkina Faso","Enseignement supérieur","Masculin","n/a","Enseignants","2014","3765"
"Effectif d'enseignants","Burkina Faso","Enseignement supérieur","Masculin","n/a","Enseignants","2015","4140"
"Effectif d'enseignants","Burkina Faso","Enseignement supérieur","Masculin","n/a","Enseignants","2016","4485"
"Effectif d'enseignants","Burkina Faso","Enseignement supérieur","Masculin","n/a","Enseignants","2017","4892"
"Effectif d'enseignants","Burkina Faso","Enseignement supérieur","Masculin","n/a","Enseignants","2018","6142"
"Effectif d'enseignants","Burkina Faso","Enseignement supérieur","Masculin","n/a","Enseignants","2019","6503"
"Effectif d'enseignants","Burkina Faso","Enseignement supérieur","Masculin","n/a","Enseignants","2020","6823"
"Effectif d'enseignants","Burkina Faso","Enseignement supérieur","Masculin","n/a","Enseignants","2021","7991"
"Effectif d'enseignants","Burkina Faso","Enseignement supérieur","Masculin","n/a","Enseignants","2022","8155"
"Effectif d'enseignants","Burkina Faso","Enseignement supérieur","Masculin","n/a","Enseignants","2023","9279"
"Effectif d'enseignants","Burkina Faso","Enseignement supérieur","Masculin","n/a","Enseignants","2024","9780"
"Effectif d'enseignants","Burkina Faso","Enseignement supérieur","Féminin","n/a","Enseignants","2007","161"
"Effectif d'enseignants","Burkina Faso","Enseignement supérieur","Féminin","n/a","Enseignants","2008","183"
"Effectif d'enseignants","Burkina Faso","Enseignement supérieur","Féminin","n/a","Enseignants","2009","208"
"Effectif d'enseignants","Burkina Faso","Enseignement supérieur","Féminin","n/a","Enseignants","2010","246"
"Effectif d'enseignants","Burkina Faso","Enseignement supérieur","Féminin","n/a","Enseignants","2011","306"
"Effectif d'enseignants","Burkina Faso","Enseignement supérieur","Féminin","n/a","Enseignants","2012","327"
"Effectif d'enseignants","Burkina Faso","Enseignement supérieur","Féminin","n/a","Enseignants","2013","316"
"Effectif d'enseignants","Burkina Faso","Enseignement supérieur","Féminin","n/a","Enseignants","2014","356"
"Effectif d'enseignants","Burkina Faso","Enseignement supérieur","Féminin","n/a","Enseignants","2015","417"
"Effectif d'enseignants","Burkina Faso","Enseignement supérieur","Féminin","n/a","Enseignants","2016","444"
"Effectif d'enseignants","Burkina Faso","Enseignement supérieur","Féminin","n/a","Enseignants","2017","521"
"Effectif d'enseignants","Burkina Faso","Enseignement supérieur","Féminin","n/a","Enseignants","2018","655"
"Effectif d'enseignants","Burkina Faso","Enseignement supérieur","Féminin","n/a","Enseignants","2019","629"
"Effectif d'enseignants","Burkina Faso","Enseignement supérieur","Féminin","n/a","Enseignants","2020","652"
"Effectif d'enseignants","Burkina Faso","Enseignement supérieur","Féminin","n/a","Enseignants","2021","767"
"Effectif d'enseignants","Burkina Faso","Enseignement supérieur","Féminin","n/a","Enseignants","2022","814"
"Effectif d'enseignants","Burkina Faso","Enseignement supérieur","Féminin","n/a","Enseignants","2023","950"
"Effectif d'enseignants","Burkina Faso","Enseignement supérieur","Féminin","n/a","Enseignants","2024","1038"
"Taux brut d’admission","Burkina Faso","Enseignement primaire","Ensemble","n/a","%","1995","33.5"
"Taux brut d’admission","Burkina Faso","Enseignement primaire","Ensemble","n/a","%","1996","33.1"
"Taux brut d’admission","Burkina Faso","Enseignement primaire","Ensemble","n/a","%","1997","34.4"
"Taux brut d’admission","Burkina Faso","Enseignement primaire","Ensemble","n/a","%","1998","34"
"Taux brut d’admission","Burkina Faso","Enseignement primaire","Ensemble","n/a","%","1999","38.1"
"Taux brut d’admission","Burkina Faso","Enseignement primaire","Ensemble","n/a","%","2000","36.8"
"Taux brut d’admission","Burkina Faso","Enseignement primaire","Ensemble","n/a","%","2001","38.6"
"Taux brut d’admission","Burkina Faso","Enseignement primaire","Ensemble","n/a","%","2002","46.9"
"Taux brut d’admission","Burkina Faso","Enseignement primaire","Ensemble","n/a","%","2003","55.4"
"Taux brut d’admission","Burkina Faso","Enseignement primaire","Ensemble","n/a","%","2004","68.8"
"Taux brut d’admission","Burkina Faso","Enseignement primaire","Ensemble","n/a","%","2005","72.7"
"Taux brut d’admission","Burkina Faso","Enseignement primaire","Ensemble","n/a","%","2006","73.2"
"Taux brut d’admission","Burkina Faso","Enseignement primaire","Ensemble","n/a","%","2007","80.7"
"Taux brut d’admission","Burkina Faso","Enseignement primaire","Ensemble","n/a","%","2008","86.9"
"Taux brut d’admission","Burkina Faso","Enseignement primaire","Ensemble","n/a","%","2009","78"
"Taux brut d’admission","Burkina Faso","Enseignement primaire","Ensemble","n/a","%","2010","85.8"
"Taux brut d’admission","Burkina Faso","Enseignement primaire","Ensemble","n/a","%","2011","85.7"
"Taux brut d’admission","Burkina Faso","Enseignement primaire","Ensemble","n/a","%","2012","88.3"
"Taux brut d’admission","Burkina Faso","Enseignement primaire","Ensemble","n/a","%","2013","92.8"
"Taux brut d’admission","Burkina Faso","Enseignement primaire","Ensemble","n/a","%","2014","97"
"Taux brut d’admission","Burkina Faso","Enseignement primaire","Ensemble","n/a","%","2015","98.8"
"Taux brut d’admission","Burkina Faso","Enseignement primaire","Ensemble","n/a","%","2016","100.1"
"Taux brut d’admission","Burkina Faso","Enseignement primaire","Ensemble","n/a","%","2017","102.6"
"Taux brut d’admission","Burkina Faso","Enseignement primaire","Ensemble","n/a","%","2018","104.8"
"Taux brut d’admission","Burkina Faso","Enseignement primaire","Ensemble","n/a","%","2019","98"
"Taux brut d’admission","Burkina Faso","Enseignement primaire","Ensemble","n/a","%","2020","94.9"
"Taux brut d’admission","Burkina Faso","Enseignement primaire","Ensemble","n/a","%","2021","97.3"
"Taux brut d’admission","Burkina Faso","Enseignement primaire","Ensemble","n/a","%","2022","95.2"
"Taux brut d’admission","Burkina Faso","Enseignement primaire","Ensemble","n/a","%","2023","84.7"
"Taux brut d’admission","Burkina Faso","Enseignement primaire","Ensemble","n/a","%","2024","100.5"
"Taux brut d’admission","Burkina Faso","Enseignement primaire","Ensemble","n/a","%","2025","101.4"
"Taux brut d’admission","Burkina Faso","Enseignement primaire","Masculin","n/a","%","1995","41.4"
"Taux brut d’admission","Burkina Faso","Enseignement primaire","Masculin","n/a","%","1996","40.7"
"Taux brut d’admission","Burkina Faso","Enseignement primaire","Masculin","n/a","%","1997","41"
"Taux brut d’admission","Burkina Faso","Enseignement primaire","Masculin","n/a","%","1998","40.3"
"Taux brut d’admission","Burkina Faso","Enseignement primaire","Masculin","n/a","%","1999","41.8"
"Taux brut d’admission","Burkina Faso","Enseignement primaire","Masculin","n/a","%","2000","42.3"
"Taux brut d’admission","Burkina Faso","Enseignement primaire","Masculin","n/a","%","2001","44.1"
"Taux brut d’admission","Burkina Faso","Enseignement primaire","Masculin","n/a","%","2002","53.2"
"Taux brut d’admission","Burkina Faso","Enseignement primaire","Masculin","n/a","%","2003","63.2"
"Taux brut d’admission","Burkina Faso","Enseignement primaire","Masculin","n/a","%","2004","73.7"
"Taux brut d’admission","Burkina Faso","Enseignement primaire","Masculin","n/a","%","2005","78.9"
"Taux brut d’admission","Burkina Faso","Enseignement primaire","Masculin","n/a","%","2006","79.4"
"Taux brut d’admission","Burkina Faso","Enseignement primaire","Masculin","n/a","%","2007","86.2"
"Taux brut d’admission","Burkina Faso","Enseignement primaire","Masculin","n/a","%","2008","81.1"
"Taux brut d’admission","Burkina Faso","Enseignement primaire","Masculin","n/a","%","2009","80.3"
"Taux brut d’admission","Burkina Faso","Enseignement primaire","Masculin","n/a","%","2010","87.6"
"Taux brut d’admission","Burkina Faso","Enseignement primaire","Masculin","n/a","%","2011","86.9"
"Taux brut d’admission","Burkina Faso","Enseignement primaire","Masculin","n/a","%","2012","89.3"
"Taux brut d’admission","Burkina Faso","Enseignement primaire","Masculin","n/a","%","2013","93.2"
"Taux brut d’admission","Burkina Faso","Enseignement primaire","Masculin","n/a","%","2014","99"
"Taux brut d’admission","Burkina Faso","Enseignement primaire","Masculin","n/a","%","2015","101.3"
"Taux brut d’admission","Burkina Faso","Enseignement primaire","Masculin","n/a","%","2016","102.3"
"Taux brut d’admission","Burkina Faso","Enseignement primaire","Masculin","n/a","%","2017","104.5"
"Taux brut d’admission","Burkina Faso","Enseignement primaire","Masculin","n/a","%","2018","106.9"
"Taux brut d’admission","Burkina Faso","Enseignement primaire","Masculin","n/a","%","2019","100.2"
"Taux brut d’admission","Burkina Faso","Enseignement primaire","Masculin","n/a","%","2020","96.3"
"Taux brut d’admission","Burkina Faso","Enseignement primaire","Masculin","n/a","%","2021","98.5"
"Taux brut d’admission","Burkina Faso","Enseignement primaire","Masculin","n/a","%","2022","96.7"
"Taux brut d’admission","Burkina Faso","Enseignement primaire","Masculin","n/a","%","2023","85.4"
"Taux brut d’admission","Burkina Faso","Enseignement primaire","Masculin","n/a","%","2024","100.9"
"Taux brut d’admission","Burkina Faso","Enseignement primaire","Masculin","n/a","%","2025","103.8"
"Taux brut d’admission","Burkina Faso","Enseignement primaire","Féminin","n/a","%","1995","25.6"
"Taux brut d’admission","Burkina Faso","Enseignement primaire","Féminin","n/a","%","1996","25.6"
"Taux brut d’admission","Burkina Faso","Enseignement primaire","Féminin","n/a","%","1997","27.6"
"Taux brut d’admission","Burkina Faso","Enseignement primaire","Féminin","n/a","%","1998","27.6"
"Taux brut d’admission","Burkina Faso","Enseignement primaire","Féminin","n/a","%","1999","30.2"
"Taux brut d’admission","Burkina Faso","Enseignement primaire","Féminin","n/a","%","2000","31.1"
"Taux brut d’admission","Burkina Faso","Enseignement primaire","Féminin","n/a","%","2001","32.9"
"Taux brut d’admission","Burkina Faso","Enseignement primaire","Féminin","n/a","%","2002","40.3"
"Taux brut d’admission","Burkina Faso","Enseignement primaire","Féminin","n/a","%","2003","47.4"
"Taux brut d’admission","Burkina Faso","Enseignement primaire","Féminin","n/a","%","2004","63.8"
"Taux brut d’admission","Burkina Faso","Enseignement primaire","Féminin","n/a","%","2005","66.3"
"Taux brut d’admission","Burkina Faso","Enseignement primaire","Féminin","n/a","%","2006","66.8"
"Taux brut d’admission","Burkina Faso","Enseignement primaire","Féminin","n/a","%","2007","75"
"Taux brut d’admission","Burkina Faso","Enseignement primaire","Féminin","n/a","%","2008","92.9"
"Taux brut d’admission","Burkina Faso","Enseignement primaire","Féminin","n/a","%","2009","75.5"
"Taux brut d’admission","Burkina Faso","Enseignement primaire","Féminin","n/a","%","2010","83.8"
"Taux brut d’admission","Burkina Faso","Enseignement primaire","Féminin","n/a","%","2011","84.4"
"Taux brut d’admission","Burkina Faso","Enseignement primaire","Féminin","n/a","%","2012","87.3"
"Taux brut d’admission","Burkina Faso","Enseignement primaire","Féminin","n/a","%","2013","92.3"
"Taux brut d’admission","Burkina Faso","Enseignement primaire","Féminin","n/a","%","2014","94.8"
"Taux brut d’admission","Burkina Faso","Enseignement primaire","Féminin","n/a","%","2015","96.2"
"Taux brut d’admission","Burkina Faso","Enseignement primaire","Féminin","n/a","%","2016","97.8"
"Taux brut d’admission","Burkina Faso","Enseignement primaire","Féminin","n/a","%","2017","100.6"
"Taux brut d’admission","Burkina Faso","Enseignement primaire","Féminin","n/a","%","2018","102.7"
"Taux brut d’admission","Burkina Faso","Enseignement primaire","Féminin","n/a","%","2019","95.7"
"Taux brut d’admission","Burkina Faso","Enseignement primaire","Féminin","n/a","%","2020","93.5"
"Taux brut d’admission","Burkina Faso","Enseignement primaire","Féminin","n/a","%","2021","96"
"Taux brut d’admission","Burkina Faso","Enseignement primaire","Féminin","n/a","%","2022","93.7"
"Taux brut d’admission","Burkina Faso","Enseignement primaire","Féminin","n/a","%","2023","84"
"Taux brut d’admission","Burkina Faso","Enseignement primaire","Féminin","n/a","%","2024","99.9"
"Taux brut d’admission","Burkina Faso","Enseignement primaire","Féminin","n/a","%","2025","99"
"Taux brut d’admission","Burkina Faso","Enseignement du premier cycle du secondaire","Ensemble","n/a","%","1998","15"
"Taux brut d’admission","Burkina Faso","Enseignement du premier cycle du secondaire","Ensemble","n/a","%","1999","13.1"
"Taux brut d’admission","Burkina Faso","Enseignement du premier cycle du secondaire","Ensemble","n/a","%","2000","16"
"Taux brut d’admission","Burkina Faso","Enseignement du premier cycle du secondaire","Ensemble","n/a","%","2001","15.4"
"Taux brut d’admission","Burkina Faso","Enseignement du premier cycle du secondaire","Ensemble","n/a","%","2002","17.4"
"Taux brut d’admission","Burkina Faso","Enseignement du premier cycle du secondaire","Ensemble","n/a","%","2003","18.4"
"Taux brut d’admission","Burkina Faso","Enseignement du premier cycle du secondaire","Ensemble","n/a","%","2004","20.5"
"Taux brut d’admission","Burkina Faso","Enseignement du premier cycle du secondaire","Ensemble","n/a","%","2005","22.1"
"Taux brut d’admission","Burkina Faso","Enseignement du premier cycle du secondaire","Ensemble","n/a","%","2006","21"
"Taux brut d’admission","Burkina Faso","Enseignement du premier cycle du secondaire","Ensemble","n/a","%","2007","22.2"
"Taux brut d’admission","Burkina Faso","Enseignement du premier cycle du secondaire","Ensemble","n/a","%","2008","26.7"
"Taux brut d’admission","Burkina Faso","Enseignement du premier cycle du secondaire","Ensemble","n/a","%","2009","25.1"
"Taux brut d’admission","Burkina Faso","Enseignement du premier cycle du secondaire","Ensemble","n/a","%","2010","31.4"
"Taux brut d’admission","Burkina Faso","Enseignement du premier cycle du secondaire","Ensemble","n/a","%","2011","32.6"
"Taux brut d’admission","Burkina Faso","Enseignement du premier cycle du secondaire","Ensemble","n/a","%","2012","35.7"
"Taux brut d’admission","Burkina Faso","Enseignement du premier cycle du secondaire","Ensemble","n/a","%","2013","38.6"
"Taux brut d’admission","Burkina Faso","Enseignement du premier cycle du secondaire","Ensemble","n/a","%","2014","41.7"
"Taux brut d’admission","Burkina Faso","Enseignement du premier cycle du secondaire","Ensemble","n/a","%","2015","49.6"
"Taux brut d’admission","Burkina Faso","Enseignement du premier cycle du secondaire","Ensemble","n/a","%","2016","44.5"
"Taux brut d’admission","Burkina Faso","Enseignement du premier cycle du secondaire","Ensemble","n/a","%","2017","41.8"
"Taux brut d’admission","Burkina Faso","Enseignement du premier cycle du secondaire","Ensemble","n/a","%","2018","49.9"
"Taux brut d’admission","Burkina Faso","Enseignement du premier cycle du secondaire","Ensemble","n/a","%","2019","45.8"
"Taux brut d’admission","Burkina Faso","Enseignement du premier cycle du secondaire","Ensemble","n/a","%","2020","40.3"
"Taux brut d’admission","Burkina Faso","Enseignement du premier cycle du secondaire","Ensemble","n/a","%","2021","42.9"
"Taux brut d’admission","Burkina Faso","Enseignement du premier cycle du secondaire","Ensemble","n/a","%","2022","42.5"
"Taux brut d’admission","Burkina Faso","Enseignement du premier cycle du secondaire","Ensemble","n/a","%","2023","40.8"
"Taux brut d’admission","Burkina Faso","Enseignement du premier cycle du secondaire","Ensemble","n/a","%","2024","42.1"
"Taux brut d’admission","Burkina Faso","Enseignement du premier cycle du secondaire","Masculin","n/a","%","1998","18.8"
"Taux brut d’admission","Burkina Faso","Enseignement du premier cycle du secondaire","Masculin","n/a","%","1999","16.9"
"Taux brut d’admission","Burkina Faso","Enseignement du premier cycle du secondaire","Masculin","n/a","%","2000","19.4"
"Taux brut d’admission","Burkina Faso","Enseignement du premier cycle du secondaire","Masculin","n/a","%","2001","19"
"Taux brut d’admission","Burkina Faso","Enseignement du premier cycle du secondaire","Masculin","n/a","%","2002","21.7"
"Taux brut d’admission","Burkina Faso","Enseignement du premier cycle du secondaire","Masculin","n/a","%","2003","22.5"
"Taux brut d’admission","Burkina Faso","Enseignement du premier cycle du secondaire","Masculin","n/a","%","2004","24.7"
"Taux brut d’admission","Burkina Faso","Enseignement du premier cycle du secondaire","Masculin","n/a","%","2005","25.3"
"Taux brut d’admission","Burkina Faso","Enseignement du premier cycle du secondaire","Masculin","n/a","%","2006","24.7"
"Taux brut d’admission","Burkina Faso","Enseignement du premier cycle du secondaire","Masculin","n/a","%","2007","26.2"
"Taux brut d’admission","Burkina Faso","Enseignement du premier cycle du secondaire","Masculin","n/a","%","2008","31.4"
"Taux brut d’admission","Burkina Faso","Enseignement du premier cycle du secondaire","Masculin","n/a","%","2009","29.5"
"Taux brut d’admission","Burkina Faso","Enseignement du premier cycle du secondaire","Masculin","n/a","%","2010","35.2"
"Taux brut d’admission","Burkina Faso","Enseignement du premier cycle du secondaire","Masculin","n/a","%","2011","35.6"
"Taux brut d’admission","Burkina Faso","Enseignement du premier cycle du secondaire","Masculin","n/a","%","2012","38.9"
"Taux brut d’admission","Burkina Faso","Enseignement du premier cycle du secondaire","Masculin","n/a","%","2013","40.7"
"Taux brut d’admission","Burkina Faso","Enseignement du premier cycle du secondaire","Masculin","n/a","%","2014","43.1"
"Taux brut d’admission","Burkina Faso","Enseignement du premier cycle du secondaire","Masculin","n/a","%","2015","48.5"
"Taux brut d’admission","Burkina Faso","Enseignement du premier cycle du secondaire","Masculin","n/a","%","2016","43.4"
"Taux brut d’admission","Burkina Faso","Enseignement du premier cycle du secondaire","Masculin","n/a","%","2017","40.7"
"Taux brut d’admission","Burkina Faso","Enseignement du premier cycle du secondaire","Masculin","n/a","%","2018","47.1"
"Taux brut d’admission","Burkina Faso","Enseignement du premier cycle du secondaire","Masculin","n/a","%","2019","43.6"
"Taux brut d’admission","Burkina Faso","Enseignement du premier cycle du secondaire","Masculin","n/a","%","2020","38.6"
"Taux brut d’admission","Burkina Faso","Enseignement du premier cycle du secondaire","Masculin","n/a","%","2021","39.3"
"Taux brut d’admission","Burkina Faso","Enseignement du premier cycle du secondaire","Masculin","n/a","%","2022","40.5"
"Taux brut d’admission","Burkina Faso","Enseignement du premier cycle du secondaire","Masculin","n/a","%","2023","37.9"
"Taux brut d’admission","Burkina Faso","Enseignement du premier cycle du secondaire","Masculin","n/a","%","2024","38.3"
"Taux brut d’admission","Burkina Faso","Enseignement du premier cycle du secondaire","Féminin","n/a","%","1998","11.2"
"Taux brut d’admission","Burkina Faso","Enseignement du premier cycle du secondaire","Féminin","n/a","%","1999","9.5"
"Taux brut d’admission","Burkina Faso","Enseignement du premier cycle du secondaire","Féminin","n/a","%","2000","12.7"
"Taux brut d’admission","Burkina Faso","Enseignement du premier cycle du secondaire","Féminin","n/a","%","2001","11.9"
"Taux brut d’admission","Burkina Faso","Enseignement du premier cycle du secondaire","Féminin","n/a","%","2002","13.3"
"Taux brut d’admission","Burkina Faso","Enseignement du premier cycle du secondaire","Féminin","n/a","%","2003","14.5"
"Taux brut d’admission","Burkina Faso","Enseignement du premier cycle du secondaire","Féminin","n/a","%","2004","16.4"
"Taux brut d’admission","Burkina Faso","Enseignement du premier cycle du secondaire","Féminin","n/a","%","2005","18.8"
"Taux brut d’admission","Burkina Faso","Enseignement du premier cycle du secondaire","Féminin","n/a","%","2006","17.4"
"Taux brut d’admission","Burkina Faso","Enseignement du premier cycle du secondaire","Féminin","n/a","%","2007","18.3"
"Taux brut d’admission","Burkina Faso","Enseignement du premier cycle du secondaire","Féminin","n/a","%","2008","22.1"
"Taux brut d’admission","Burkina Faso","Enseignement du premier cycle du secondaire","Féminin","n/a","%","2009","20.8"
"Taux brut d’admission","Burkina Faso","Enseignement du premier cycle du secondaire","Féminin","n/a","%","2010","27.6"
"Taux brut d’admission","Burkina Faso","Enseignement du premier cycle du secondaire","Féminin","n/a","%","2011","29.5"
"Taux brut d’admission","Burkina Faso","Enseignement du premier cycle du secondaire","Féminin","n/a","%","2012","32.5"
"Taux brut d’admission","Burkina Faso","Enseignement du premier cycle du secondaire","Féminin","n/a","%","2013","36.5"
"Taux brut d’admission","Burkina Faso","Enseignement du premier cycle du secondaire","Féminin","n/a","%","2014","40.3"
"Taux brut d’admission","Burkina Faso","Enseignement du premier cycle du secondaire","Féminin","n/a","%","2015","50.8"
"Taux brut d’admission","Burkina Faso","Enseignement du premier cycle du secondaire","Féminin","n/a","%","2016","45.7"
"Taux brut d’admission","Burkina Faso","Enseignement du premier cycle du secondaire","Féminin","n/a","%","2017","43"
"Taux brut d’admission","Burkina Faso","Enseignement du premier cycle du secondaire","Féminin","n/a","%","2018","52.9"
"Taux brut d’admission","Burkina Faso","Enseignement du premier cycle du secondaire","Féminin","n/a","%","2019","48.2"
"Taux brut d’admission","Burkina Faso","Enseignement du premier cycle du secondaire","Féminin","n/a","%","2020","42.1"
"Taux brut d’admission","Burkina Faso","Enseignement du premier cycle du secondaire","Féminin","n/a","%","2021","46.5"
"Taux brut d’admission","Burkina Faso","Enseignement du premier cycle du secondaire","Féminin","n/a","%","2022","44.5"
"Taux brut d’admission","Burkina Faso","Enseignement du premier cycle du secondaire","Féminin","n/a","%","2023","43.7"
"Taux brut d’admission","Burkina Faso","Enseignement du premier cycle du secondaire","Féminin","n/a","%","2024","46"
"Taux brut d’admission","Burkina Faso","Enseignement du deuxième cycle du secondaire","Ensemble","n/a","%","2005","8.4"
"Taux brut d’admission","Burkina Faso","Enseignement du deuxième cycle du secondaire","Ensemble","n/a","%","2006","6.9"
"Taux brut d’admission","Burkina Faso","Enseignement du deuxième cycle du secondaire","Ensemble","n/a","%","2007","8.2"
"Taux brut d’admission","Burkina Faso","Enseignement du deuxième cycle du secondaire","Ensemble","n/a","%","2008","8.5"
"Taux brut d’admission","Burkina Faso","Enseignement du deuxième cycle du secondaire","Ensemble","n/a","%","2009","10.5"
"Taux brut d’admission","Burkina Faso","Enseignement du deuxième cycle du secondaire","Ensemble","n/a","%","2010","8.5"
"Taux brut d’admission","Burkina Faso","Enseignement du deuxième cycle du secondaire","Ensemble","n/a","%","2011","9.6"
"Taux brut d’admission","Burkina Faso","Enseignement du deuxième cycle du secondaire","Ensemble","n/a","%","2012","10.5"
"Taux brut d’admission","Burkina Faso","Enseignement du deuxième cycle du secondaire","Ensemble","n/a","%","2013","16.6"
"Taux brut d’admission","Burkina Faso","Enseignement du deuxième cycle du secondaire","Ensemble","n/a","%","2014","9.1"
"Taux brut d’admission","Burkina Faso","Enseignement du deuxième cycle du secondaire","Ensemble","n/a","%","2015","12.1"
"Taux brut d’admission","Burkina Faso","Enseignement du deuxième cycle du secondaire","Ensemble","n/a","%","2016","17"
"Taux brut d’admission","Burkina Faso","Enseignement du deuxième cycle du secondaire","Ensemble","n/a","%","2017","15.2"
"Taux brut d’admission","Burkina Faso","Enseignement du deuxième cycle du secondaire","Ensemble","n/a","%","2018","16.6"
"Taux brut d’admission","Burkina Faso","Enseignement du deuxième cycle du secondaire","Ensemble","n/a","%","2019","25"
"Taux brut d’admission","Burkina Faso","Enseignement du deuxième cycle du secondaire","Ensemble","n/a","%","2020","16.7"
"Taux brut d’admission","Burkina Faso","Enseignement du deuxième cycle du secondaire","Ensemble","n/a","%","2021","19.5"
"Taux brut d’admission","Burkina Faso","Enseignement du deuxième cycle du secondaire","Ensemble","n/a","%","2022","16.2"
"Taux brut d’admission","Burkina Faso","Enseignement du deuxième cycle du secondaire","Ensemble","n/a","%","2023","18.8"
"Taux brut d’admission","Burkina Faso","Enseignement du deuxième cycle du secondaire","Ensemble","n/a","%","2024","15.5"
"Taux brut d’admission","Burkina Faso","Enseignement du deuxième cycle du secondaire","Masculin","n/a","%","2005","10.7"
"Taux brut d’admission","Burkina Faso","Enseignement du deuxième cycle du secondaire","Masculin","n/a","%","2006","9.2"
"Taux brut d’admission","Burkina Faso","Enseignement du deuxième cycle du secondaire","Masculin","n/a","%","2007","10.7"
"Taux brut d’admission","Burkina Faso","Enseignement du deuxième cycle du secondaire","Masculin","n/a","%","2008","11"
"Taux brut d’admission","Burkina Faso","Enseignement du deuxième cycle du secondaire","Masculin","n/a","%","2009","13.3"
"Taux brut d’admission","Burkina Faso","Enseignement du deuxième cycle du secondaire","Masculin","n/a","%","2010","11.2"
"Taux brut d’admission","Burkina Faso","Enseignement du deuxième cycle du secondaire","Masculin","n/a","%","2011","12.3"
"Taux brut d’admission","Burkina Faso","Enseignement du deuxième cycle du secondaire","Masculin","n/a","%","2012","13"
"Taux brut d’admission","Burkina Faso","Enseignement du deuxième cycle du secondaire","Masculin","n/a","%","2013","20"
"Taux brut d’admission","Burkina Faso","Enseignement du deuxième cycle du secondaire","Masculin","n/a","%","2014","11.4"
"Taux brut d’admission","Burkina Faso","Enseignement du deuxième cycle du secondaire","Masculin","n/a","%","2015","14.5"
"Taux brut d’admission","Burkina Faso","Enseignement du deuxième cycle du secondaire","Masculin","n/a","%","2016","20"
"Taux brut d’admission","Burkina Faso","Enseignement du deuxième cycle du secondaire","Masculin","n/a","%","2017","17.8"
"Taux brut d’admission","Burkina Faso","Enseignement du deuxième cycle du secondaire","Masculin","n/a","%","2018","18.9"
"Taux brut d’admission","Burkina Faso","Enseignement du deuxième cycle du secondaire","Masculin","n/a","%","2019","26.8"
"Taux brut d’admission","Burkina Faso","Enseignement du deuxième cycle du secondaire","Masculin","n/a","%","2020","17.8"
"Taux brut d’admission","Burkina Faso","Enseignement du deuxième cycle du secondaire","Masculin","n/a","%","2021","19.4"
"Taux brut d’admission","Burkina Faso","Enseignement du deuxième cycle du secondaire","Masculin","n/a","%","2022","17.2"
"Taux brut d’admission","Burkina Faso","Enseignement du deuxième cycle du secondaire","Masculin","n/a","%","2023","19"
"Taux brut d’admission","Burkina Faso","Enseignement du deuxième cycle du secondaire","Masculin","n/a","%","2024","15.5"
"Taux brut d’admission","Burkina Faso","Enseignement du deuxième cycle du secondaire","Féminin","n/a","%","2005","6.3"
"Taux brut d’admission","Burkina Faso","Enseignement du deuxième cycle du secondaire","Féminin","n/a","%","2006","4.8"
"Taux brut d’admission","Burkina Faso","Enseignement du deuxième cycle du secondaire","Féminin","n/a","%","2007","5.9"
"Taux brut d’admission","Burkina Faso","Enseignement du deuxième cycle du secondaire","Féminin","n/a","%","2008","6.1"
"Taux brut d’admission","Burkina Faso","Enseignement du deuxième cycle du secondaire","Féminin","n/a","%","2009","7.8"
"Taux brut d’admission","Burkina Faso","Enseignement du deuxième cycle du secondaire","Féminin","n/a","%","2010","6"
"Taux brut d’admission","Burkina Faso","Enseignement du deuxième cycle du secondaire","Féminin","n/a","%","2011","6.9"
"Taux brut d’admission","Burkina Faso","Enseignement du deuxième cycle du secondaire","Féminin","n/a","%","2012","8"
"Taux brut d’admission","Burkina Faso","Enseignement du deuxième cycle du secondaire","Féminin","n/a","%","2013","13.2"
"Taux brut d’admission","Burkina Faso","Enseignement du deuxième cycle du secondaire","Féminin","n/a","%","2014","6.9"
"Taux brut d’admission","Burkina Faso","Enseignement du deuxième cycle du secondaire","Féminin","n/a","%","2015","9.6"
"Taux brut d’admission","Burkina Faso","Enseignement du deuxième cycle du secondaire","Féminin","n/a","%","2016","13.9"
"Taux brut d’admission","Burkina Faso","Enseignement du deuxième cycle du secondaire","Féminin","n/a","%","2017","12.5"
"Taux brut d’admission","Burkina Faso","Enseignement du deuxième cycle du secondaire","Féminin","n/a","%","2018","14.2"
"Taux brut d’admission","Burkina Faso","Enseignement du deuxième cycle du secondaire","Féminin","n/a","%","2019","23.2"
"Taux brut d’admission","Burkina Faso","Enseignement du deuxième cycle du secondaire","Féminin","n/a","%","2020","15.4"
"Taux brut d’admission","Burkina Faso","Enseignement du deuxième cycle du secondaire","Féminin","n/a","%","2021","19.6"
"Taux brut d’admission","Burkina Faso","Enseignement du deuxième cycle du secondaire","Féminin","n/a","%","2022","15.2"
"Taux brut d’admission","Burkina Faso","Enseignement du deuxième cycle du secondaire","Féminin","n/a","%","2023","18.7"
"Taux brut d’admission","Burkina Faso","Enseignement du deuxième cycle du secondaire","Féminin","n/a","%","2024","15.5"
"Taux net d’admission","Burkina Faso","Enseignement primaire","Ensemble","n/a","%","2025","39.3"
"Taux net d’admission","Burkina Faso","Enseignement primaire","Masculin","n/a","%","2025","40"
"Taux net d’admission","Burkina Faso","Enseignement primaire","Féminin","n/a","%","2025","38.6"
"Taux d’achèvement","Burkina Faso","Enseignement primaire","Ensemble","n/a","%","1996","22.9"
"Taux d’achèvement","Burkina Faso","Enseignement primaire","Ensemble","n/a","%","1997","23.7"
"Taux d’achèvement","Burkina Faso","Enseignement primaire","Ensemble","n/a","%","1998","24"
"Taux d’achèvement","Burkina Faso","Enseignement primaire","Ensemble","n/a","%","1999","23.8"
"Taux d’achèvement","Burkina Faso","Enseignement primaire","Ensemble","n/a","%","2000","25.9"
"Taux d’achèvement","Burkina Faso","Enseignement primaire","Ensemble","n/a","%","2001","27.2"
"Taux d’achèvement","Burkina Faso","Enseignement primaire","Ensemble","n/a","%","2002","28"
"Taux d’achèvement","Burkina Faso","Enseignement primaire","Ensemble","n/a","%","2003","29.5"
"Taux d’achèvement","Burkina Faso","Enseignement primaire","Ensemble","n/a","%","2004","31"
"Taux d’achèvement","Burkina Faso","Enseignement primaire","Ensemble","n/a","%","2005","32.2"
"Taux d’achèvement","Burkina Faso","Enseignement primaire","Ensemble","n/a","%","2006","33.3"
"Taux d’achèvement","Burkina Faso","Enseignement primaire","Ensemble","n/a","%","2007","35.4"
"Taux d’achèvement","Burkina Faso","Enseignement primaire","Ensemble","n/a","%","2008","38.9"
"Taux d’achèvement","Burkina Faso","Enseignement primaire","Ensemble","n/a","%","2009","41.7"
"Taux d’achèvement","Burkina Faso","Enseignement primaire","Ensemble","n/a","%","2010","45.9"
"Taux d’achèvement","Burkina Faso","Enseignement primaire","Ensemble","n/a","%","2011","52.1"
"Taux d’achèvement","Burkina Faso","Enseignement primaire","Ensemble","n/a","%","2012","55.1"
"Taux d’achèvement","Burkina Faso","Enseignement primaire","Ensemble","n/a","%","2013","59.5"
"Taux d’achèvement","Burkina Faso","Enseignement primaire","Ensemble","n/a","%","2014","57.6"
"Taux d’achèvement","Burkina Faso","Enseignement primaire","Ensemble","n/a","%","2015","59.3"
"Taux d’achèvement","Burkina Faso","Enseignement primaire","Ensemble","n/a","%","2016","58.2"
"Taux d’achèvement","Burkina Faso","Enseignement primaire","Ensemble","n/a","%","2017","60.3"
"Taux d’achèvement","Burkina Faso","Enseignement primaire","Ensemble","n/a","%","2018","63"
"Taux d’achèvement","Burkina Faso","Enseignement primaire","Ensemble","n/a","%","2019","61.7"
"Taux d’achèvement","Burkina Faso","Enseignement primaire","Ensemble","n/a","%","2020","60.3"
"Taux d’achèvement","Burkina Faso","Enseignement primaire","Ensemble","n/a","%","2021","62.4"
"Taux d’achèvement","Burkina Faso","Enseignement primaire","Ensemble","n/a","%","2022","62"
"Taux d’achèvement","Burkina Faso","Enseignement primaire","Ensemble","n/a","%","2023","54.6"
"Taux d’achèvement","Burkina Faso","Enseignement primaire","Ensemble","n/a","%","2024","54.5"
"Taux d’achèvement","Burkina Faso","Enseignement primaire","Ensemble","n/a","%","2025","51.6"
"Taux d’achèvement","Burkina Faso","Enseignement primaire","Masculin","n/a","%","1997","27.1"
"Taux d’achèvement","Burkina Faso","Enseignement primaire","Masculin","n/a","%","1998","28.4"
"Taux d’achèvement","Burkina Faso","Enseignement primaire","Masculin","n/a","%","1999","27.7"
"Taux d’achèvement","Burkina Faso","Enseignement primaire","Masculin","n/a","%","2000","30"
"Taux d’achèvement","Burkina Faso","Enseignement primaire","Masculin","n/a","%","2001","31.8"
"Taux d’achèvement","Burkina Faso","Enseignement primaire","Masculin","n/a","%","2002","33.5"
"Taux d’achèvement","Burkina Faso","Enseignement primaire","Masculin","n/a","%","2003","34.7"
"Taux d’achèvement","Burkina Faso","Enseignement primaire","Masculin","n/a","%","2004","36.1"
"Taux d’achèvement","Burkina Faso","Enseignement primaire","Masculin","n/a","%","2005","37.4"
"Taux d’achèvement","Burkina Faso","Enseignement primaire","Masculin","n/a","%","2006","38.2"
"Taux d’achèvement","Burkina Faso","Enseignement primaire","Masculin","n/a","%","2007","40.6"
"Taux d’achèvement","Burkina Faso","Enseignement primaire","Masculin","n/a","%","2008","44.3"
"Taux d’achèvement","Burkina Faso","Enseignement primaire","Masculin","n/a","%","2009","45.6"
"Taux d’achèvement","Burkina Faso","Enseignement primaire","Masculin","n/a","%","2010","49.2"
"Taux d’achèvement","Burkina Faso","Enseignement primaire","Masculin","n/a","%","2011","55.1"
"Taux d’achèvement","Burkina Faso","Enseignement primaire","Masculin","n/a","%","2012","56.6"
"Taux d’achèvement","Burkina Faso","Enseignement primaire","Masculin","n/a","%","2013","59.3"
"Taux d’achèvement","Burkina Faso","Enseignement primaire","Masculin","n/a","%","2014","55.7"
"Taux d’achèvement","Burkina Faso","Enseignement primaire","Masculin","n/a","%","2015","57.4"
"Taux d’achèvement","Burkina Faso","Enseignement primaire","Masculin","n/a","%","2016","55.3"
"Taux d’achèvement","Burkina Faso","Enseignement primaire","Masculin","n/a","%","2017","56.6"
"Taux d’achèvement","Burkina Faso","Enseignement primaire","Masculin","n/a","%","2018","58.8"
"Taux d’achèvement","Burkina Faso","Enseignement primaire","Masculin","n/a","%","2019","57.4"
"Taux d’achèvement","Burkina Faso","Enseignement primaire","Masculin","n/a","%","2020","56"
"Taux d’achèvement","Burkina Faso","Enseignement primaire","Masculin","n/a","%","2021","57.3"
"Taux d’achèvement","Burkina Faso","Enseignement primaire","Masculin","n/a","%","2022","57.5"
"Taux d’achèvement","Burkina Faso","Enseignement primaire","Masculin","n/a","%","2023","49.5"
"Taux d’achèvement","Burkina Faso","Enseignement primaire","Masculin","n/a","%","2024","49.3"
"Taux d’achèvement","Burkina Faso","Enseignement primaire","Masculin","n/a","%","2025","47.7"
"Taux d’achèvement","Burkina Faso","Enseignement primaire","Féminin","n/a","%","1997","20.1"
"Taux d’achèvement","Burkina Faso","Enseignement primaire","Féminin","n/a","%","1998","19.4"
"Taux d’achèvement","Burkina Faso","Enseignement primaire","Féminin","n/a","%","1999","19.8"
"Taux d’achèvement","Burkina Faso","Enseignement primaire","Féminin","n/a","%","2000","21.5"
"Taux d’achèvement","Burkina Faso","Enseignement primaire","Féminin","n/a","%","2001","22.4"
"Taux d’achèvement","Burkina Faso","Enseignement primaire","Féminin","n/a","%","2002","22.6"
"Taux d’achèvement","Burkina Faso","Enseignement primaire","Féminin","n/a","%","2003","24.5"
"Taux d’achèvement","Burkina Faso","Enseignement primaire","Féminin","n/a","%","2004","25.9"
"Taux d’achèvement","Burkina Faso","Enseignement primaire","Féminin","n/a","%","2005","27.1"
"Taux d’achèvement","Burkina Faso","Enseignement primaire","Féminin","n/a","%","2006","28.5"
"Taux d’achèvement","Burkina Faso","Enseignement primaire","Féminin","n/a","%","2007","30.2"
"Taux d’achèvement","Burkina Faso","Enseignement primaire","Féminin","n/a","%","2008","33.5"
"Taux d’achèvement","Burkina Faso","Enseignement primaire","Féminin","n/a","%","2009","37.8"
"Taux d’achèvement","Burkina Faso","Enseignement primaire","Féminin","n/a","%","2010","42.5"
"Taux d’achèvement","Burkina Faso","Enseignement primaire","Féminin","n/a","%","2011","49.1"
"Taux d’achèvement","Burkina Faso","Enseignement primaire","Féminin","n/a","%","2012","53.7"
"Taux d’achèvement","Burkina Faso","Enseignement primaire","Féminin","n/a","%","2013","59.7"
"Taux d’achèvement","Burkina Faso","Enseignement primaire","Féminin","n/a","%","2014","59.7"
"Taux d’achèvement","Burkina Faso","Enseignement primaire","Féminin","n/a","%","2015","61.3"
"Taux d’achèvement","Burkina Faso","Enseignement primaire","Féminin","n/a","%","2016","61.3"
"Taux d’achèvement","Burkina Faso","Enseignement primaire","Féminin","n/a","%","2017","64.3"
"Taux d’achèvement","Burkina Faso","Enseignement primaire","Féminin","n/a","%","2018","67.6"
"Taux d’achèvement","Burkina Faso","Enseignement primaire","Féminin","n/a","%","2019","66.3"
"Taux d’achèvement","Burkina Faso","Enseignement primaire","Féminin","n/a","%","2020","64.9"
"Taux d’achèvement","Burkina Faso","Enseignement primaire","Féminin","n/a","%","2021","67.7"
"Taux d’achèvement","Burkina Faso","Enseignement primaire","Féminin","n/a","%","2022","66.5"
"Taux d’achèvement","Burkina Faso","Enseignement primaire","Féminin","n/a","%","2023","59.8"
"Taux d’achèvement","Burkina Faso","Enseignement primaire","Féminin","n/a","%","2024","59.9"
"Taux d’achèvement","Burkina Faso","Enseignement primaire","Féminin","n/a","%","2025","55.5"
"Taux net de scolarisation","Burkina Faso","Enseignement primaire","Ensemble","n/a","%","1994","35.3"
"Taux net de scolarisation","Burkina Faso","Enseignement primaire","Ensemble","n/a","%","1996","31.3"
"Taux net de scolarisation","Burkina Faso","Enseignement primaire","Ensemble","n/a","%","1997","31.3"
"Taux net de scolarisation","Burkina Faso","Enseignement primaire","Ensemble","n/a","%","1998","33.8"
"Taux net de scolarisation","Burkina Faso","Enseignement primaire","Ensemble","n/a","%","1999","32.5"
"Taux net de scolarisation","Burkina Faso","Enseignement primaire","Ensemble","n/a","%","2000","33.4"
"Taux net de scolarisation","Burkina Faso","Enseignement primaire","Ensemble","n/a","%","2001","34.3"
"Taux net de scolarisation","Burkina Faso","Enseignement primaire","Ensemble","n/a","%","2002","35.2"
"Taux net de scolarisation","Burkina Faso","Enseignement primaire","Ensemble","n/a","%","2003","37.4"
"Taux net de scolarisation","Burkina Faso","Enseignement primaire","Ensemble","n/a","%","2004","40.7"
"Taux net de scolarisation","Burkina Faso","Enseignement primaire","Ensemble","n/a","%","2005","45.3"
"Taux net de scolarisation","Burkina Faso","Enseignement primaire","Ensemble","n/a","%","2006","48.2"
"Taux net de scolarisation","Burkina Faso","Enseignement primaire","Ensemble","n/a","%","2007","53.5"
"Taux net de scolarisation","Burkina Faso","Enseignement primaire","Ensemble","n/a","%","2008","58.8"
"Taux net de scolarisation","Burkina Faso","Enseignement primaire","Ensemble","n/a","%","2009","57.9"
"Taux net de scolarisation","Burkina Faso","Enseignement primaire","Ensemble","n/a","%","2010","57.4"
"Taux net de scolarisation","Burkina Faso","Enseignement primaire","Ensemble","n/a","%","2011","60.9"
"Taux net de scolarisation","Burkina Faso","Enseignement primaire","Ensemble","n/a","%","2012","62.2"
"Taux net de scolarisation","Burkina Faso","Enseignement primaire","Ensemble","n/a","%","2013","63.2"
"Taux net de scolarisation","Burkina Faso","Enseignement primaire","Ensemble","n/a","%","2014","64.4"
"Taux net de scolarisation","Burkina Faso","Enseignement primaire","Ensemble","n/a","%","2015","65.7"
"Taux net de scolarisation","Burkina Faso","Enseignement primaire","Ensemble","n/a","%","2016","71.1"
"Taux net de scolarisation","Burkina Faso","Enseignement primaire","Ensemble","n/a","%","2017","72.2"
"Taux net de scolarisation","Burkina Faso","Enseignement primaire","Ensemble","n/a","%","2018","74.3"
"Taux net de scolarisation","Burkina Faso","Enseignement primaire","Ensemble","n/a","%","2019","72.7"
"Taux net de scolarisation","Burkina Faso","Enseignement primaire","Ensemble","n/a","%","2020","69.9"
"Taux net de scolarisation","Burkina Faso","Enseignement primaire","Ensemble","n/a","%","2021","69.4"
"Taux net de scolarisation","Burkina Faso","Enseignement primaire","Ensemble","n/a","%","2022","69.9"
"Taux net de scolarisation","Burkina Faso","Enseignement primaire","Ensemble","n/a","%","2023","61.5"
"Taux net de scolarisation","Burkina Faso","Enseignement primaire","Ensemble","n/a","%","2024","65.8"
"Taux net de scolarisation","Burkina Faso","Enseignement primaire","Ensemble","n/a","%","2025","67.4"
"Taux net de scolarisation","Burkina Faso","Enseignement primaire","Masculin","n/a","%","1994","40.3"
"Taux net de scolarisation","Burkina Faso","Enseignement primaire","Masculin","n/a","%","1996","37.1"
"Taux net de scolarisation","Burkina Faso","Enseignement primaire","Masculin","n/a","%","1997","37.1"
"Taux net de scolarisation","Burkina Faso","Enseignement primaire","Masculin","n/a","%","1998","39.7"
"Taux net de scolarisation","Burkina Faso","Enseignement primaire","Masculin","n/a","%","1999","37.9"
"Taux net de scolarisation","Burkina Faso","Enseignement primaire","Masculin","n/a","%","2000","38.6"
"Taux net de scolarisation","Burkina Faso","Enseignement primaire","Masculin","n/a","%","2001","39.4"
"Taux net de scolarisation","Burkina Faso","Enseignement primaire","Masculin","n/a","%","2002","40.1"
"Taux net de scolarisation","Burkina Faso","Enseignement primaire","Masculin","n/a","%","2003","43.3"
"Taux net de scolarisation","Burkina Faso","Enseignement primaire","Masculin","n/a","%","2004","46.5"
"Taux net de scolarisation","Burkina Faso","Enseignement primaire","Masculin","n/a","%","2005","51.5"
"Taux net de scolarisation","Burkina Faso","Enseignement primaire","Masculin","n/a","%","2006","53.8"
"Taux net de scolarisation","Burkina Faso","Enseignement primaire","Masculin","n/a","%","2007","59.1"
"Taux net de scolarisation","Burkina Faso","Enseignement primaire","Masculin","n/a","%","2008","63.8"
"Taux net de scolarisation","Burkina Faso","Enseignement primaire","Masculin","n/a","%","2009","61.3"
"Taux net de scolarisation","Burkina Faso","Enseignement primaire","Masculin","n/a","%","2010","59.8"
"Taux net de scolarisation","Burkina Faso","Enseignement primaire","Masculin","n/a","%","2011","62.6"
"Taux net de scolarisation","Burkina Faso","Enseignement primaire","Masculin","n/a","%","2012","63.2"
"Taux net de scolarisation","Burkina Faso","Enseignement primaire","Masculin","n/a","%","2013","63.5"
"Taux net de scolarisation","Burkina Faso","Enseignement primaire","Masculin","n/a","%","2014","64.7"
"Taux net de scolarisation","Burkina Faso","Enseignement primaire","Masculin","n/a","%","2015","65.9"
"Taux net de scolarisation","Burkina Faso","Enseignement primaire","Masculin","n/a","%","2016","71.2"
"Taux net de scolarisation","Burkina Faso","Enseignement primaire","Masculin","n/a","%","2017","72.2"
"Taux net de scolarisation","Burkina Faso","Enseignement primaire","Masculin","n/a","%","2018","74.4"
"Taux net de scolarisation","Burkina Faso","Enseignement primaire","Masculin","n/a","%","2019","72.8"
"Taux net de scolarisation","Burkina Faso","Enseignement primaire","Masculin","n/a","%","2020","69.7"
"Taux net de scolarisation","Burkina Faso","Enseignement primaire","Masculin","n/a","%","2021","68.9"
"Taux net de scolarisation","Burkina Faso","Enseignement primaire","Masculin","n/a","%","2022","70"
"Taux net de scolarisation","Burkina Faso","Enseignement primaire","Masculin","n/a","%","2023","60.8"
"Taux net de scolarisation","Burkina Faso","Enseignement primaire","Masculin","n/a","%","2024","64.8"
"Taux net de scolarisation","Burkina Faso","Enseignement primaire","Masculin","n/a","%","2025","68"
"Taux net de scolarisation","Burkina Faso","Enseignement primaire","Féminin","n/a","%","1994","29.7"
"Taux net de scolarisation","Burkina Faso","Enseignement primaire","Féminin","n/a","%","1996","25.1"
"Taux net de scolarisation","Burkina Faso","Enseignement primaire","Féminin","n/a","%","1997","25.1"
"Taux net de scolarisation","Burkina Faso","Enseignement primaire","Féminin","n/a","%","1998","27.7"
"Taux net de scolarisation","Burkina Faso","Enseignement primaire","Féminin","n/a","%","1999","26.8"
"Taux net de scolarisation","Burkina Faso","Enseignement primaire","Féminin","n/a","%","2000","27.8"
"Taux net de scolarisation","Burkina Faso","Enseignement primaire","Féminin","n/a","%","2001","28.9"
"Taux net de scolarisation","Burkina Faso","Enseignement primaire","Féminin","n/a","%","2002","30.1"
"Taux net de scolarisation","Burkina Faso","Enseignement primaire","Féminin","n/a","%","2003","31.5"
"Taux net de scolarisation","Burkina Faso","Enseignement primaire","Féminin","n/a","%","2004","34.9"
"Taux net de scolarisation","Burkina Faso","Enseignement primaire","Féminin","n/a","%","2005","39.5"
"Taux net de scolarisation","Burkina Faso","Enseignement primaire","Féminin","n/a","%","2006","42.6"
"Taux net de scolarisation","Burkina Faso","Enseignement primaire","Féminin","n/a","%","2007","47.9"
"Taux net de scolarisation","Burkina Faso","Enseignement primaire","Féminin","n/a","%","2008","53.7"
"Taux net de scolarisation","Burkina Faso","Enseignement primaire","Féminin","n/a","%","2009","54.5"
"Taux net de scolarisation","Burkina Faso","Enseignement primaire","Féminin","n/a","%","2010","55"
"Taux net de scolarisation","Burkina Faso","Enseignement primaire","Féminin","n/a","%","2011","59.1"
"Taux net de scolarisation","Burkina Faso","Enseignement primaire","Féminin","n/a","%","2012","61.1"
"Taux net de scolarisation","Burkina Faso","Enseignement primaire","Féminin","n/a","%","2013","62.8"
"Taux net de scolarisation","Burkina Faso","Enseignement primaire","Féminin","n/a","%","2014","64.2"
"Taux net de scolarisation","Burkina Faso","Enseignement primaire","Féminin","n/a","%","2015","65.5"
"Taux net de scolarisation","Burkina Faso","Enseignement primaire","Féminin","n/a","%","2016","71"
"Taux net de scolarisation","Burkina Faso","Enseignement primaire","Féminin","n/a","%","2017","72.2"
"Taux net de scolarisation","Burkina Faso","Enseignement primaire","Féminin","n/a","%","2018","74.1"
"Taux net de scolarisation","Burkina Faso","Enseignement primaire","Féminin","n/a","%","2019","72.7"
"Taux net de scolarisation","Burkina Faso","Enseignement primaire","Féminin","n/a","%","2020","70.2"
"Taux net de scolarisation","Burkina Faso","Enseignement primaire","Féminin","n/a","%","2021","70"
"Taux net de scolarisation","Burkina Faso","Enseignement primaire","Féminin","n/a","%","2022","69.9"
"Taux net de scolarisation","Burkina Faso","Enseignement primaire","Féminin","n/a","%","2023","62.2"
"Taux net de scolarisation","Burkina Faso","Enseignement primaire","Féminin","n/a","%","2024","66.8"
"Taux net de scolarisation","Burkina Faso","Enseignement primaire","Féminin","n/a","%","2025","66.8"
"Nombre d’étudiants  pour 100.000 habitants","Burkina Faso","Enseignement supérieur","Ensemble","Ensemble","Etudiants pour 100000 habitants","1990","63"
"Nombre d’étudiants  pour 100.000 habitants","Burkina Faso","Enseignement supérieur","Ensemble","Ensemble","Etudiants pour 100000 habitants","1991","59"
"Nombre d’étudiants  pour 100.000 habitants","Burkina Faso","Enseignement supérieur","Ensemble","Ensemble","Etudiants pour 100000 habitants","1992","78"
"Nombre d’étudiants  pour 100.000 habitants","Burkina Faso","Enseignement supérieur","Ensemble","Ensemble","Etudiants pour 100000 habitants","1993","91"
"Nombre d’étudiants  pour 100.000 habitants","Burkina Faso","Enseignement supérieur","Ensemble","Ensemble","Etudiants pour 100000 habitants","1994","89"
"Nombre d’étudiants  pour 100.000 habitants","Burkina Faso","Enseignement supérieur","Ensemble","Ensemble","Etudiants pour 100000 habitants","1995","93"
"Nombre d’étudiants  pour 100.000 habitants","Burkina Faso","Enseignement supérieur","Ensemble","Ensemble","Etudiants pour 100000 habitants","1996","92"
"Nombre d’étudiants  pour 100.000 habitants","Burkina Faso","Enseignement supérieur","Ensemble","Ensemble","Etudiants pour 100000 habitants","1997","86"
"Nombre d’étudiants  pour 100.000 habitants","Burkina Faso","Enseignement supérieur","Ensemble","Ensemble","Etudiants pour 100000 habitants","1998","82"
"Nombre d’étudiants  pour 100.000 habitants","Burkina Faso","Enseignement supérieur","Ensemble","Ensemble","Etudiants pour 100000 habitants","1999","89"
"Nombre d’étudiants  pour 100.000 habitants","Burkina Faso","Enseignement supérieur","Ensemble","Ensemble","Etudiants pour 100000 habitants","2001","104"
"Nombre d’étudiants  pour 100.000 habitants","Burkina Faso","Enseignement supérieur","Ensemble","Ensemble","Etudiants pour 100000 habitants","2002","129"
"Nombre d’étudiants  pour 100.000 habitants","Burkina Faso","Enseignement supérieur","Ensemble","Ensemble","Etudiants pour 100000 habitants","2003","145"
"Nombre d’étudiants  pour 100.000 habitants","Burkina Faso","Enseignement supérieur","Ensemble","Ensemble","Etudiants pour 100000 habitants","2004","149"
"Nombre d’étudiants  pour 100.000 habitants","Burkina Faso","Enseignement supérieur","Ensemble","Ensemble","Etudiants pour 100000 habitants","2005","209"
"Nombre d’étudiants  pour 100.000 habitants","Burkina Faso","Enseignement supérieur","Ensemble","Ensemble","Etudiants pour 100000 habitants","2006","221"
"Nombre d’étudiants  pour 100.000 habitants","Burkina Faso","Enseignement supérieur","Ensemble","Ensemble","Etudiants pour 100000 habitants","2007","236"
"Nombre d’étudiants  pour 100.000 habitants","Burkina Faso","Enseignement supérieur","Ensemble","Ensemble","Etudiants pour 100000 habitants","2008","286"
"Nombre d’étudiants  pour 100.000 habitants","Burkina Faso","Enseignement supérieur","Ensemble","Ensemble","Etudiants pour 100000 habitants","2009","317"
"Nombre d’étudiants  pour 100.000 habitants","Burkina Faso","Enseignement supérieur","Ensemble","Ensemble","Etudiants pour 100000 habitants","2010","330"
"Nombre d’étudiants  pour 100.000 habitants","Burkina Faso","Enseignement supérieur","Ensemble","Ensemble","Etudiants pour 100000 habitants","2011","382"
"Nombre d’étudiants  pour 100.000 habitants","Burkina Faso","Enseignement supérieur","Ensemble","Ensemble","Etudiants pour 100000 habitants","2012","419"
"Nombre d’étudiants  pour 100.000 habitants","Burkina Faso","Enseignement supérieur","Ensemble","Ensemble","Etudiants pour 100000 habitants","2013","439"
"Nombre d’étudiants  pour 100.000 habitants","Burkina Faso","Enseignement supérieur","Ensemble","Ensemble","Etudiants pour 100000 habitants","2014","466"
"Nombre d’étudiants  pour 100.000 habitants","Burkina Faso","Enseignement supérieur","Ensemble","Ensemble","Etudiants pour 100000 habitants","2015","466"
"Nombre d’étudiants  pour 100.000 habitants","Burkina Faso","Enseignement supérieur","Ensemble","Ensemble","Etudiants pour 100000 habitants","2016","512"
"Nombre d’étudiants  pour 100.000 habitants","Burkina Faso","Enseignement supérieur","Ensemble","Ensemble","Etudiants pour 100000 habitants","2017","554"
"Nombre d’étudiants  pour 100.000 habitants","Burkina Faso","Enseignement supérieur","Ensemble","Ensemble","Etudiants pour 100000 habitants","2018","600"
"Nombre d’étudiants  pour 100.000 habitants","Burkina Faso","Enseignement supérieur","Ensemble","Ensemble","Etudiants pour 100000 habitants","2019","657"
"Nombre d’étudiants  pour 100.000 habitants","Burkina Faso","Enseignement supérieur","Ensemble","Ensemble","Etudiants pour 100000 habitants","2020","726"
"Nombre d’étudiants  pour 100.000 habitants","Burkina Faso","Enseignement supérieur","Ensemble","Ensemble","Etudiants pour 100000 habitants","2021","884"
"Nombre d’étudiants  pour 100.000 habitants","Burkina Faso","Enseignement supérieur","Ensemble","Ensemble","Etudiants pour 100000 habitants","2022","919"
"Nombre d’étudiants  pour 100.000 habitants","Burkina Faso","Enseignement supérieur","Ensemble","Ensemble","Etudiants pour 100000 habitants","2023","963"
"Nombre d’étudiants  pour 100.000 habitants","Burkina Faso","Enseignement supérieur","Ensemble","Ensemble","Etudiants pour 100000 habitants","2024","959"
"Nombre d’étudiants  pour 100.000 habitants","Burkina Faso","Enseignement supérieur","Masculin","n/a","Etudiants pour 100000 habitants","1991","46"
"Nombre d’étudiants  pour 100.000 habitants","Burkina Faso","Enseignement supérieur","Masculin","n/a","Etudiants pour 100000 habitants","1992","61"
"Nombre d’étudiants  pour 100.000 habitants","Burkina Faso","Enseignement supérieur","Masculin","n/a","Etudiants pour 100000 habitants","1993","70"
"Nombre d’étudiants  pour 100.000 habitants","Burkina Faso","Enseignement supérieur","Masculin","n/a","Etudiants pour 100000 habitants","1994","45"
"Nombre d’étudiants  pour 100.000 habitants","Burkina Faso","Enseignement supérieur","Masculin","n/a","Etudiants pour 100000 habitants","1995","72"
"Nombre d’étudiants  pour 100.000 habitants","Burkina Faso","Enseignement supérieur","Masculin","n/a","Etudiants pour 100000 habitants","1996","70"
"Nombre d’étudiants  pour 100.000 habitants","Burkina Faso","Enseignement supérieur","Masculin","n/a","Etudiants pour 100000 habitants","1997","67"
"Nombre d’étudiants  pour 100.000 habitants","Burkina Faso","Enseignement supérieur","Masculin","n/a","Etudiants pour 100000 habitants","1998","64"
"Nombre d’étudiants  pour 100.000 habitants","Burkina Faso","Enseignement supérieur","Masculin","n/a","Etudiants pour 100000 habitants","1999","69"
"Nombre d’étudiants  pour 100.000 habitants","Burkina Faso","Enseignement supérieur","Masculin","n/a","Etudiants pour 100000 habitants","2002","96"
"Nombre d’étudiants  pour 100.000 habitants","Burkina Faso","Enseignement supérieur","Masculin","n/a","Etudiants pour 100000 habitants","2005","145"
"Nombre d’étudiants  pour 100.000 habitants","Burkina Faso","Enseignement supérieur","Masculin","n/a","Etudiants pour 100000 habitants","2006","152"
"Nombre d’étudiants  pour 100.000 habitants","Burkina Faso","Enseignement supérieur","Masculin","n/a","Etudiants pour 100000 habitants","2007","163"
"Nombre d’étudiants  pour 100.000 habitants","Burkina Faso","Enseignement supérieur","Masculin","n/a","Etudiants pour 100000 habitants","2008","192"
"Nombre d’étudiants  pour 100.000 habitants","Burkina Faso","Enseignement supérieur","Masculin","n/a","Etudiants pour 100000 habitants","2009","215"
"Nombre d’étudiants  pour 100.000 habitants","Burkina Faso","Enseignement supérieur","Masculin","n/a","Etudiants pour 100000 habitants","2010","225"
"Nombre d’étudiants  pour 100.000 habitants","Burkina Faso","Enseignement supérieur","Masculin","n/a","Etudiants pour 100000 habitants","2011","257"
"Nombre d’étudiants  pour 100.000 habitants","Burkina Faso","Enseignement supérieur","Masculin","n/a","Etudiants pour 100000 habitants","2012","282"
"Nombre d’étudiants  pour 100.000 habitants","Burkina Faso","Enseignement supérieur","Masculin","n/a","Etudiants pour 100000 habitants","2013","296"
"Nombre d’étudiants  pour 100.000 habitants","Burkina Faso","Enseignement supérieur","Masculin","n/a","Etudiants pour 100000 habitants","2014","317"
"Nombre d’étudiants  pour 100.000 habitants","Burkina Faso","Enseignement supérieur","Masculin","n/a","Etudiants pour 100000 habitants","2015","309"
"Nombre d’étudiants  pour 100.000 habitants","Burkina Faso","Enseignement supérieur","Masculin","n/a","Etudiants pour 100000 habitants","2016","342"
"Nombre d’étudiants  pour 100.000 habitants","Burkina Faso","Enseignement supérieur","Masculin","n/a","Etudiants pour 100000 habitants","2017","368"
"Nombre d’étudiants  pour 100.000 habitants","Burkina Faso","Enseignement supérieur","Masculin","n/a","Etudiants pour 100000 habitants","2018","384"
"Nombre d’étudiants  pour 100.000 habitants","Burkina Faso","Enseignement supérieur","Masculin","n/a","Etudiants pour 100000 habitants","2019","425"
"Nombre d’étudiants  pour 100.000 habitants","Burkina Faso","Enseignement supérieur","Masculin","n/a","Etudiants pour 100000 habitants","2020","473"
"Nombre d’étudiants  pour 100.000 habitants","Burkina Faso","Enseignement supérieur","Masculin","n/a","Etudiants pour 100000 habitants","2021","561"
"Nombre d’étudiants  pour 100.000 habitants","Burkina Faso","Enseignement supérieur","Masculin","n/a","Etudiants pour 100000 habitants","2022","571"
"Nombre d’étudiants  pour 100.000 habitants","Burkina Faso","Enseignement supérieur","Masculin","n/a","Etudiants pour 100000 habitants","2023","579"
"Nombre d’étudiants  pour 100.000 habitants","Burkina Faso","Enseignement supérieur","Masculin","n/a","Etudiants pour 100000 habitants","2024","556"
"Nombre d’étudiants  pour 100.000 habitants","Burkina Faso","Enseignement supérieur","Féminin","n/a","Etudiants pour 100000 habitants","1991","13"
"Nombre d’étudiants  pour 100.000 habitants","Burkina Faso","Enseignement supérieur","Féminin","n/a","Etudiants pour 100000 habitants","1992","18"
"Nombre d’étudiants  pour 100.000 habitants","Burkina Faso","Enseignement supérieur","Féminin","n/a","Etudiants pour 100000 habitants","1993","21"
"Nombre d’étudiants  pour 100.000 habitants","Burkina Faso","Enseignement supérieur","Féminin","n/a","Etudiants pour 100000 habitants","1994","44"
"Nombre d’étudiants  pour 100.000 habitants","Burkina Faso","Enseignement supérieur","Féminin","n/a","Etudiants pour 100000 habitants","1995","20"
"Nombre d’étudiants  pour 100.000 habitants","Burkina Faso","Enseignement supérieur","Féminin","n/a","Etudiants pour 100000 habitants","1996","22"
"Nombre d’étudiants  pour 100.000 habitants","Burkina Faso","Enseignement supérieur","Féminin","n/a","Etudiants pour 100000 habitants","1997","19"
"Nombre d’étudiants  pour 100.000 habitants","Burkina Faso","Enseignement supérieur","Féminin","n/a","Etudiants pour 100000 habitants","1998","18"
"Nombre d’étudiants  pour 100.000 habitants","Burkina Faso","Enseignement supérieur","Féminin","n/a","Etudiants pour 100000 habitants","1999","20"
"Nombre d’étudiants  pour 100.000 habitants","Burkina Faso","Enseignement supérieur","Féminin","n/a","Etudiants pour 100000 habitants","2002","32"
"Nombre d’étudiants  pour 100.000 habitants","Burkina Faso","Enseignement supérieur","Féminin","n/a","Etudiants pour 100000 habitants","2005","64"
"Nombre d’étudiants  pour 100.000 habitants","Burkina Faso","Enseignement supérieur","Féminin","n/a","Etudiants pour 100000 habitants","2006","68"
"Nombre d’étudiants  pour 100.000 habitants","Burkina Faso","Enseignement supérieur","Féminin","n/a","Etudiants pour 100000 habitants","2007","73"
"Nombre d’étudiants  pour 100.000 habitants","Burkina Faso","Enseignement supérieur","Féminin","n/a","Etudiants pour 100000 habitants","2008","93"
"Nombre d’étudiants  pour 100.000 habitants","Burkina Faso","Enseignement supérieur","Féminin","n/a","Etudiants pour 100000 habitants","2009","101"
"Nombre d’étudiants  pour 100.000 habitants","Burkina Faso","Enseignement supérieur","Féminin","n/a","Etudiants pour 100000 habitants","2010","105"
"Nombre d’étudiants  pour 100.000 habitants","Burkina Faso","Enseignement supérieur","Féminin","n/a","Etudiants pour 100000 habitants","2011","124"
"Nombre d’étudiants  pour 100.000 habitants","Burkina Faso","Enseignement supérieur","Féminin","n/a","Etudiants pour 100000 habitants","2012","136"
"Nombre d’étudiants  pour 100.000 habitants","Burkina Faso","Enseignement supérieur","Féminin","n/a","Etudiants pour 100000 habitants","2013","142"
"Nombre d’étudiants  pour 100.000 habitants","Burkina Faso","Enseignement supérieur","Féminin","n/a","Etudiants pour 100000 habitants","2014","150"
"Nombre d’étudiants  pour 100.000 habitants","Burkina Faso","Enseignement supérieur","Féminin","n/a","Etudiants pour 100000 habitants","2015","157"
"Nombre d’étudiants  pour 100.000 habitants","Burkina Faso","Enseignement supérieur","Féminin","n/a","Etudiants pour 100000 habitants","2016","170"
"Nombre d’étudiants  pour 100.000 habitants","Burkina Faso","Enseignement supérieur","Féminin","n/a","Etudiants pour 100000 habitants","2017","186"
"Nombre d’étudiants  pour 100.000 habitants","Burkina Faso","Enseignement supérieur","Féminin","n/a","Etudiants pour 100000 habitants","2018","217"
"Nombre d’étudiants  pour 100.000 habitants","Burkina Faso","Enseignement supérieur","Féminin","n/a","Etudiants pour 100000 habitants","2019","232"
"Nombre d’étudiants  pour 100.000 habitants","Burkina Faso","Enseignement supérieur","Féminin","n/a","Etudiants pour 100000 habitants","2020","253"
"Nombre d’étudiants  pour 100.000 habitants","Burkina Faso","Enseignement supérieur","Féminin","n/a","Etudiants pour 100000 habitants","2021","324"
"Nombre d’étudiants  pour 100.000 habitants","Burkina Faso","Enseignement supérieur","Féminin","n/a","Etudiants pour 100000 habitants","2022","349"
"Nombre d’étudiants  pour 100.000 habitants","Burkina Faso","Enseignement supérieur","Féminin","n/a","Etudiants pour 100000 habitants","2023","383"
"Nombre d’étudiants  pour 100.000 habitants","Burkina Faso","Enseignement supérieur","Féminin","n/a","Etudiants pour 100000 habitants","2024","403"
"Taux d'alphabétisation des personnes de 15 ans et  plus","Burkina Faso","Alphabétisation","Ensemble","Ensemble","%","1991","15.5"
"Taux d'alphabétisation des personnes de 15 ans et  plus","Burkina Faso","Alphabétisation","Ensemble","Ensemble","%","1992","16"
"Taux d'alphabétisation des personnes de 15 ans et  plus","Burkina Faso","Alphabétisation","Ensemble","Ensemble","%","1994","18.9"
"Taux d'alphabétisation des personnes de 15 ans et  plus","Burkina Faso","Alphabétisation","Ensemble","Ensemble","%","1996","19.5"
"Taux d'alphabétisation des personnes de 15 ans et  plus","Burkina Faso","Alphabétisation","Ensemble","Ensemble","%","1998","18.4"
"Taux d'alphabétisation des personnes de 15 ans et  plus","Burkina Faso","Alphabétisation","Ensemble","Ensemble","%","2003","22.3"
"Taux d'alphabétisation des personnes de 15 ans et  plus","Burkina Faso","Alphabétisation","Ensemble","Ensemble","%","2005","23.6"
"Taux d'alphabétisation des personnes de 15 ans et  plus","Burkina Faso","Alphabétisation","Ensemble","Ensemble","%","2006","22.5"
"Taux d'alphabétisation des personnes de 15 ans et  plus","Burkina Faso","Alphabétisation","Ensemble","Ensemble","%","2007","28.3"
"Taux d'alphabétisation des personnes de 15 ans et  plus","Burkina Faso","Alphabétisation","Ensemble","Ensemble","%","2009","28.2"
"Taux d'alphabétisation des personnes de 15 ans et  plus","Burkina Faso","Alphabétisation","Ensemble","Ensemble","%","2014","34.5"
"Taux d'alphabétisation des personnes de 15 ans et  plus","Burkina Faso","Alphabétisation","Ensemble","Ensemble","%","2015","34.6"
"Taux d'alphabétisation des personnes de 15 ans et  plus","Burkina Faso","Alphabétisation","Ensemble","Ensemble","%","2018","39.3"
"Taux d'alphabétisation des personnes de 15 ans et  plus","Burkina Faso","Alphabétisation","Ensemble","Ensemble","%","2019","29.7"
"Taux d'alphabétisation des personnes de 15 ans et  plus","Burkina Faso","Alphabétisation","Ensemble","Ensemble","%","2021","43.6"
"Taux d'alphabétisation des personnes de 15 ans et  plus","Burkina Faso","Alphabétisation","Masculin","n/a","%","1991","21.3"
"Taux d'alphabétisation des personnes de 15 ans et  plus","Burkina Faso","Alphabétisation","Masculin","n/a","%","1992","21"
"Taux d'alphabétisation des personnes de 15 ans et  plus","Burkina Faso","Alphabétisation","Masculin","n/a","%","1994","27.1"
"Taux d'alphabétisation des personnes de 15 ans et  plus","Burkina Faso","Alphabétisation","Masculin","n/a","%","1996","26.6"
"Taux d'alphabétisation des personnes de 15 ans et  plus","Burkina Faso","Alphabétisation","Masculin","n/a","%","1998","24.8"
"Taux d'alphabétisation des personnes de 15 ans et  plus","Burkina Faso","Alphabétisation","Masculin","n/a","%","2003","29.4"
"Taux d'alphabétisation des personnes de 15 ans et  plus","Burkina Faso","Alphabétisation","Masculin","n/a","%","2005","31.5"
"Taux d'alphabétisation des personnes de 15 ans et  plus","Burkina Faso","Alphabétisation","Masculin","n/a","%","2006","29.7"
"Taux d'alphabétisation des personnes de 15 ans et  plus","Burkina Faso","Alphabétisation","Masculin","n/a","%","2007","36.7"
"Taux d'alphabétisation des personnes de 15 ans et  plus","Burkina Faso","Alphabétisation","Masculin","n/a","%","2009","37.4"
"Taux d'alphabétisation des personnes de 15 ans et  plus","Burkina Faso","Alphabétisation","Masculin","n/a","%","2014","44.3"
"Taux d'alphabétisation des personnes de 15 ans et  plus","Burkina Faso","Alphabétisation","Masculin","n/a","%","2015","44.2"
"Taux d'alphabétisation des personnes de 15 ans et  plus","Burkina Faso","Alphabétisation","Masculin","n/a","%","2018","49.2"
"Taux d'alphabétisation des personnes de 15 ans et  plus","Burkina Faso","Alphabétisation","Masculin","n/a","%","2019","35.4"
"Taux d'alphabétisation des personnes de 15 ans et  plus","Burkina Faso","Alphabétisation","Masculin","n/a","%","2021","48.6"
"Taux d'alphabétisation des personnes de 15 ans et  plus","Burkina Faso","Alphabétisation","Féminin","n/a","%","1991","10.1"
"Taux d'alphabétisation des personnes de 15 ans et  plus","Burkina Faso","Alphabétisation","Féminin","n/a","%","1992","10"
"Taux d'alphabétisation des personnes de 15 ans et  plus","Burkina Faso","Alphabétisation","Féminin","n/a","%","1994","11.4"
"Taux d'alphabétisation des personnes de 15 ans et  plus","Burkina Faso","Alphabétisation","Féminin","n/a","%","1996","12.8"
"Taux d'alphabétisation des personnes de 15 ans et  plus","Burkina Faso","Alphabétisation","Féminin","n/a","%","1998","12.9"
"Taux d'alphabétisation des personnes de 15 ans et  plus","Burkina Faso","Alphabétisation","Féminin","n/a","%","2003","15.2"
"Taux d'alphabétisation des personnes de 15 ans et  plus","Burkina Faso","Alphabétisation","Féminin","n/a","%","2005","16.6"
"Taux d'alphabétisation des personnes de 15 ans et  plus","Burkina Faso","Alphabétisation","Féminin","n/a","%","2006","16.3"
"Taux d'alphabétisation des personnes de 15 ans et  plus","Burkina Faso","Alphabétisation","Féminin","n/a","%","2007","21"
"Taux d'alphabétisation des personnes de 15 ans et  plus","Burkina Faso","Alphabétisation","Féminin","n/a","%","2009","20.4"
"Taux d'alphabétisation des personnes de 15 ans et  plus","Burkina Faso","Alphabétisation","Féminin","n/a","%","2014","26.1"
"Taux d'alphabétisation des personnes de 15 ans et  plus","Burkina Faso","Alphabétisation","Féminin","n/a","%","2015","26.8"
"Taux d'alphabétisation des personnes de 15 ans et  plus","Burkina Faso","Alphabétisation","Féminin","n/a","%","2018","31"
"Taux d'alphabétisation des personnes de 15 ans et  plus","Burkina Faso","Alphabétisation","Féminin","n/a","%","2019","24.7"
"Taux d'alphabétisation des personnes de 15 ans et  plus","Burkina Faso","Alphabétisation","Féminin","n/a","%","2021","38.6"
"Taux d'alphabétisation des personnes de 15 à 24 ans","Burkina Faso","Alphabétisation","Ensemble","Ensemble","%","2006","32.7"
"Taux d'alphabétisation des personnes de 15 à 24 ans","Burkina Faso","Alphabétisation","Ensemble","Ensemble","%","2009","41.2"
"Taux d'alphabétisation des personnes de 15 à 24 ans","Burkina Faso","Alphabétisation","Ensemble","Ensemble","%","2014","49.9"
"Taux d'alphabétisation des personnes de 15 à 24 ans","Burkina Faso","Alphabétisation","Ensemble","Ensemble","%","2015","53.6"
"Taux d'alphabétisation des personnes de 15 à 24 ans","Burkina Faso","Alphabétisation","Ensemble","Ensemble","%","2018","58.9"
"Taux d'alphabétisation des personnes de 15 à 24 ans","Burkina Faso","Alphabétisation","Ensemble","Ensemble","%","2019","47"
"Taux d'alphabétisation des personnes de 15 à 24 ans","Burkina Faso","Alphabétisation","Ensemble","Ensemble","%","2021","62.9"
"Taux d'alphabétisation des personnes de 15 à 24 ans","Burkina Faso","Alphabétisation","Masculin","n/a","%","2006","39.8"
"Taux d'alphabétisation des personnes de 15 à 24 ans","Burkina Faso","Alphabétisation","Masculin","n/a","%","2009","48.7"
"Taux d'alphabétisation des personnes de 15 à 24 ans","Burkina Faso","Alphabétisation","Masculin","n/a","%","2014","56.8"
"Taux d'alphabétisation des personnes de 15 à 24 ans","Burkina Faso","Alphabétisation","Masculin","n/a","%","2018","63.9"
"Taux d'alphabétisation des personnes de 15 à 24 ans","Burkina Faso","Alphabétisation","Masculin","n/a","%","2019","51.1"
"Taux d'alphabétisation des personnes de 15 à 24 ans","Burkina Faso","Alphabétisation","Masculin","n/a","%","2021","66.9"
"Taux d'alphabétisation des personnes de 15 à 24 ans","Burkina Faso","Alphabétisation","Féminin","n/a","%","2006","26.5"
"Taux d'alphabétisation des personnes de 15 à 24 ans","Burkina Faso","Alphabétisation","Féminin","n/a","%","2009","34.6"
"Taux d'alphabétisation des personnes de 15 à 24 ans","Burkina Faso","Alphabétisation","Féminin","n/a","%","2014","43.8"
"Taux d'alphabétisation des personnes de 15 à 24 ans","Burkina Faso","Alphabétisation","Féminin","n/a","%","2018","54.5"
"Taux d'alphabétisation des personnes de 15 à 24 ans","Burkina Faso","Alphabétisation","Féminin","n/a","%","2019","43.6"
"Taux d'alphabétisation des personnes de 15 à 24 ans","Burkina Faso","Alphabétisation","Féminin","n/a","%","2021","58.8"
"Pourcentage du budget national consacré à l'éducation","Burkina Faso","n/a","n/a","n/a","%","1996","18"
"Pourcentage du budget national consacré à l'éducation","Burkina Faso","n/a","n/a","n/a","%","1997","19.4"
"Pourcentage du budget national consacré à l'éducation","Burkina Faso","n/a","n/a","n/a","%","1998","19.8"
"Pourcentage du budget national consacré à l'éducation","Burkina Faso","n/a","n/a","n/a","%","1999","21.8"
"Pourcentage du budget national consacré à l'éducation","Burkina Faso","n/a","n/a","n/a","%","2000","23.7"
"Pourcentage du budget national consacré à l'éducation","Burkina Faso","n/a","n/a","n/a","%","2001","19.6"
"Pourcentage du budget national consacré à l'éducation","Burkina Faso","n/a","n/a","n/a","%","2002","21.1"
"Pourcentage du budget national consacré à l'éducation","Burkina Faso","n/a","n/a","n/a","%","2003","26.8"
"Pourcentage du budget national consacré à l'éducation","Burkina Faso","n/a","n/a","n/a","%","2004","16.3"
"Pourcentage du budget national consacré à l'éducation","Burkina Faso","n/a","n/a","n/a","%","2005","14.7"
"Pourcentage du budget national consacré à l'éducation","Burkina Faso","n/a","n/a","n/a","%","2006","16.7"
"Pourcentage du budget national consacré à l'éducation","Burkina Faso","n/a","n/a","n/a","%","2007","17.3"
"Pourcentage du budget national consacré à l'éducation","Burkina Faso","n/a","n/a","n/a","%","2008","18.2"
"Pourcentage du budget national consacré à l'éducation","Burkina Faso","n/a","n/a","n/a","%","2009","16.2"
"Pourcentage du budget national consacré à l'éducation","Burkina Faso","n/a","n/a","n/a","%","2010","19.2"
"Pourcentage du budget national consacré à l'éducation","Burkina Faso","n/a","n/a","n/a","%","2011","18"
"Pourcentage du budget national consacré à l'éducation","Burkina Faso","n/a","n/a","n/a","%","2012","16.1"
"Pourcentage du budget national consacré à l'éducation","Burkina Faso","n/a","n/a","n/a","%","2013","15.9"
"Pourcentage du budget national consacré à l'éducation","Burkina Faso","n/a","n/a","n/a","%","2014","19"
"Pourcentage du budget national consacré à l'éducation","Burkina Faso","n/a","n/a","n/a","%","2015","18.7"
"Pourcentage du budget national consacré à l'éducation","Burkina Faso","n/a","n/a","n/a","%","2016","22.5"
"Pourcentage du budget national consacré à l'éducation","Burkina Faso","n/a","n/a","n/a","%","2017","22.2"
"Pourcentage du budget national consacré à l'éducation","Burkina Faso","n/a","n/a","n/a","%","2018","24.3"
"Pourcentage du budget national consacré à l'éducation","Burkina Faso","n/a","n/a","n/a","%","2019","25.6"
"Pourcentage du budget national consacré à l'éducation","Burkina Faso","n/a","n/a","n/a","%","2020","24.4"
"Pourcentage du budget national consacré à l'éducation","Burkina Faso","n/a","n/a","n/a","%","2021","24.7"
"Pourcentage du budget national consacré à l'éducation","Burkina Faso","n/a","n/a","n/a","%","2022","22.4"
"Pourcentage du budget national consacré à l'éducation","Burkina Faso","n/a","n/a","n/a","%","2023","20.9"
"Pourcentage du budget national consacré à l'éducation","Burkina Faso","n/a","n/a","n/a","%","2024","19.3"
