"Tableau: Répartition de la population résidente par sexe et par groupe d’âge selon la région, la province, la commune, l’arrondissement, le village et le secteur",,,,,,,,,,,,,,,,,,,
,,,,,,,,,,,,,,,,,,,
LOCALITES,Hommes,Femmes,Ensemble,Groupes d'âges (ans),,,,,,,,,,,,,,,
,,,,0,1,2,3,4,5,6-11,12-14,15,16,17,18-19,20-24,25-35,36-64,65 et plus
,,,,,,,,,,,,,,,,,,,
Burkina Faso,9 900 847,10 604 308,20 505 155,587 191,597 021,721 773,707 273,705 806,721 056,3 694 158,1 551 985,492 193,416 865,423 426,816 162,1 717 424,3 130 601,3 534 546,687 675
,,,,,,,,,,,,,,,,,,,
REGION: BOUCLE DU MOUHOUN,946 183,955 086,1 901 269,56 124,55 309,67 114,64 537,66 765,71 193,356 976,146 452,44 908,38 670,37 315,73 766,153 970,276 829,330 289,61 052
,,,,,,,,,,,,,,,,,,,
PROVINCE: BALE,148 040,149 428,297 468,8 239,7 931,9 772,9 328,9 742,10 362,53 376,22 326,6 950,6 117,5 875,11 942,25 638,48 062,53 091,8 717
,,,,,,,,,,,,,,,,,,,
"""COMMUNE: BAGASSI - Rural""",20 937,21 487,42 424,1 100,1 132,1 342,1 287,1 316,1 475,7 662,3 201,938,876,795,1 750,3 720,6 980,7 770,1 080
Assio,748,801,1 549,20,41,31,56,35,63,300,116,37,27,17,58,121,240,344,43
Badié,588,536,1 124,101,23,31,45,31,38,172,67,22,18,26,74,99,203,156,18
Bagassi,1 978,2 014,3 992,103,102,143,121,104,117,672,227,78,66,80,167,431,711,765,105
Bandio,898,923,1 821,51,61,44,71,53,69,342,160,41,40,30,80,148,271,305,55
Banou,697,699,1 396,29,47,57,53,51,49,255,91,27,13,15,57,125,260,232,35
Bassouan,366,378,744,26,22,33,24,23,28,142,56,11,19,13,23,66,99,142,17
Bounou,1 478,1 462,2 940,44,74,74,66,67,99,498,257,82,70,66,143,227,467,580,126
Doussi,1 435,1 537,2 972,88,70,107,70,91,101,436,210,61,62,61,173,371,544,473,54
Haho,247,265,512,7,14,16,11,26,8,106,37,10,10,11,17,43,87,102,7
Kahin,817,791,1 608,40,29,40,48,59,47,306,136,43,54,43,72,117,229,292,53
Kaho,577,574,1 151,30,38,29,40,39,36,208,90,25,18,28,42,109,162,234,23
Kana,513,551,1 064,21,29,35,22,46,42,246,53,18,31,16,31,75,174,190,35
Kayio,694,724,1 418,34,32,48,22,53,43,249,117,31,38,35,70,126,233,262,25
Koussaro,642,722,1 364,30,33,47,38,33,50,282,110,27,31,22,38,106,217,274,26
Mana,1 168,1 144,2 312,39,45,51,64,69,84,438,177,61,47,35,77,189,397,476,63
Manzoulé,241,252,493,17,15,25,14,14,19,103,35,12,10,7,14,39,72,87,10
Moko,577,628,1 205,39,40,44,49,34,48,227,106,19,24,21,28,105,182,205,34
Niaga,408,427,835,33,21,26,23,27,42,199,63,19,10,12,20,49,116,151,24
Niakongo,666,716,1 382,9,50,58,44,52,46,285,113,29,17,25,44,106,224,231,49
Ouanga,410,445,855,28,28,35,42,29,41,166,59,24,16,14,25,63,136,137,12
Pahin,986,860,1 846,53,44,48,37,55,50,324,148,45,39,41,98,196,323,309,36
Sayaro,598,624,1 222,25,29,41,35,44,47,234,90,33,23,18,52,89,202,242,18
Sipohin,652,668,1 320,36,43,38,46,39,50,266,126,21,39,25,43,109,164,250,25
Sokoura,289,348,637,18,18,22,20,29,36,107,48,18,15,9,22,38,104,126,7
Virwe,431,431,862,14,22,31,35,24,38,157,69,13,15,12,23,72,166,157,14
Vy,1 676,1 838,3 514,109,83,117,115,112,103,537,265,80,84,76,172,332,619,611,99
Yaro,1 157,1 129,2 286,56,79,71,76,77,81,405,175,51,40,37,87,169,378,437,67
,,,,,,,,,,,,,,,,,,,
"""COMMUNE: BANA - Rural""",10 198,9 589,19 787,547,539,681,632,711,659,3 575,1 463,442,399,370,736,1 740,3 382,3 357,554
Bana,2 153,1 973,4 126,114,111,115,116,152,113,753,299,96,93,77,163,371,714,707,132
Bassana,772,670,1 442,56,24,43,50,63,55,273,103,35,33,23,58,120,224,239,43
Bissa,358,357,715,30,18,27,26,22,21,136,47,25,8,7,25,74,114,117,18
Danou,972,885,1 857,41,60,58,54,71,82,335,135,29,34,36,70,148,296,346,62
Fofina,200,172,372,15,5,12,9,13,10,71,30,12,5,11,16,50,55,49,9
Ouona,2 802,2 696,5 498,127,166,175,173,154,172,982,407,118,109,117,213,475,1 039,955,116
Sienkoro,349,375,724,15,21,20,25,14,33,148,53,14,18,15,31,55,109,131,22
Solonso,610,581,1 191,24,31,49,44,38,56,242,98,33,19,22,33,76,188,193,45
Somona,424,396,820,24,23,31,28,36,25,137,55,14,23,15,19,70,147,155,18
Yona,1 558,1 484,3 042,101,80,151,107,148,92,498,236,66,57,47,108,301,496,465,89
,,,,,,,,,,,,,,,,,,,
"""COMMUNE: BOROMO """,20 056,20 173,40 229,1 076,1 057,1 232,1 192,1 221,1 322,6 664,2 866,909,846,796,1 699,3 854,6 814,7 468,1 213
,,,,,,,,,,,,,,,,,,,
"""COMMUNE: BOROMO -Rural""",9 940,10 096,20 036,552,569,629,658,685,750,3 750,1 557,481,427,364,736,1 560,2 810,3 813,695
Koho,1 047,1 011,2 058,51,61,38,46,70,61,386,199,50,55,32,100,129,274,440,66
Lapara,645,786,1 431,48,47,38,54,70,57,293,99,33,36,20,53,101,191,248,43
Nanou,1 647,1 661,3 308,85,79,122,130,87,149,608,225,95,69,51,84,280,502,627,115
Ouahabou,3 224,3 100,6 324,176,158,206,194,222,201,1 077,465,127,117,107,250,582,985,1 245,212
Ouako,671,674,1 345,40,49,44,49,48,47,253,113,42,36,34,44,101,178,215,52
Ouroubono,1 334,1 358,2 692,76,93,77,79,88,110,464,205,56,56,64,120,205,335,552,112
Siguinoguin,691,754,1 445,40,42,62,62,53,70,340,124,43,27,25,42,80,173,222,40
Virou,681,752,1 433,36,40,42,44,47,55,329,127,35,31,31,43,82,172,264,55
,,,,,,,,,,,,,,,,,,,
"""COMMUNE: BOROMO - Urbain""",10 116,10 077,20 193,524,488,603,534,536,572,2 914,1 309,428,419,432,963,2 294,4 004,3 655,518
Secteur 1,3 302,3 226,6 528,143,158,190,157,175,190,973,421,142,128,139,320,758,1 300,1 148,186
Secteur 2,1 967,2 127,4 094,112,98,125,107,121,115,565,270,77,78,88,207,487,783,758,103
Secteur 3,2 953,2 927,5 880,182,143,200,182,134,158,810,364,124,137,127,283,662,1 231,1 019,124
Secteur 4,1 894,1 797,3 691,87,89,88,88,106,109,566,254,85,76,78,153,387,690,730,105
,,,,,,,,,,,,,,,,,,,
"""COMMUNE: FARA - Rural""",29 897,31 104,61 001,1 710,1 695,2 151,1 904,2 152,2 248,11 237,4 687,1 448,1 215,1 269,2 586,5 492,9 599,10 022,1 586
Bilatio,298,272,570,19,14,26,24,18,20,117,52,11,16,12,25,35,83,86,12
Bouzourou,776,843,1 619,82,52,27,65,65,51,310,119,37,32,34,45,142,261,261,36
Daho,469,581,1 050,20,31,59,45,57,28,189,76,16,20,20,67,121,142,149,10
Dakayes,589,581,1 170,30,43,34,38,36,38,238,99,32,16,26,41,98,145,205,51
Diansi,168,189,357,10,7,5,16,9,14,79,36,4,7,2,11,23,55,71,8
Fara,10 213,10 221,20 434,710,614,718,615,691,709,3 379,1 468,462,391,460,976,2 195,3 408,3 152,486
Fitien,428,502,930,33,46,54,13,27,43,198,64,23,9,14,37,61,145,144,19
Kabourou,2 271,2 638,4 909,104,123,134,115,153,173,972,416,148,130,103,206,377,724,840,191
Kapa,267,268,535,10,16,20,19,29,26,109,45,13,8,10,26,31,96,71,6
Karaba,1 027,1 068,2 095,55,46,79,68,67,81,435,141,44,41,32,78,186,305,374,63
Konzena,258,210,468,9,7,9,15,5,11,95,47,10,20,8,18,39,69,96,10
Koumbia,492,537,1 029,11,24,23,35,24,41,208,102,28,21,32,45,62,143,201,29
Laro,2 001,2 137,4 138,124,133,141,174,171,180,810,275,92,72,67,136,318,650,645,150
Nabou-nouni,779,800,1 579,46,50,66,54,53,53,242,105,39,30,31,66,121,222,337,64
Nabou-peulh,462,419,881,31,25,29,22,21,32,155,65,19,15,30,33,84,154,141,25
Nanano,1 150,1 051,2 201,17,36,106,48,90,65,404,198,41,45,34,95,173,362,423,64
Naouya,1 008,1 041,2 049,56,70,73,68,69,71,324,143,64,52,54,109,199,325,307,65
Nasma,557,499,1 056,29,31,50,36,45,57,221,72,33,21,19,37,98,136,162,9
Nasséné,834,831,1 665,35,43,102,58,84,115,306,115,59,27,39,43,135,186,283,35
Pia,188,193,381,17,8,31,15,22,27,73,12,10,3,3,16,18,60,61,5
Pomain,882,918,1 800,34,42,41,59,61,60,365,186,24,46,44,73,171,338,231,25
Sadon-bobo,844,1 004,1 848,36,49,49,61,53,75,385,180,61,41,59,67,141,251,301,39
Tialla,432,573,1 005,12,17,26,27,15,43,204,75,23,14,13,46,80,221,176,13
Ton,1 543,1 512,3 055,71,70,145,104,111,119,597,240,51,41,46,106,204,491,586,73
Toné,1 961,2 216,4 177,109,98,104,110,176,116,822,356,104,97,77,184,380,627,719,98
,,,,,,,,,,,,,,,,,,,
"""COMMUNE: OURY - Rural""",18 238,17 726,35 964,916,1 024,1 158,1 139,1 181,1 275,6 713,2 870,888,744,649,1 287,2 571,5 144,6 970,1 435
Bandiara,399,435,834,12,24,30,21,28,32,179,75,21,30,16,28,44,106,162,26
Da,1 488,1 333,2 821,86,75,120,108,93,97,537,216,80,49,53,88,207,416,501,95
Dablara,337,314,651,17,12,21,32,16,25,129,56,21,19,11,19,56,81,123,13
Habé,540,494,1 034,32,19,39,37,43,40,219,94,26,19,16,22,52,138,195,43
Koena,641,656,1 297,45,56,30,57,42,48,271,85,9,17,16,26,68,223,252,52
Koupelo,555,612,1 167,36,26,43,34,36,47,233,101,27,12,17,32,60,175,236,52
Lasso,666,664,1 330,39,39,40,41,41,38,219,123,41,30,25,50,106,159,263,76
Momina,403,387,790,19,33,36,39,40,35,154,39,10,11,12,19,55,131,138,19
Mou,703,721,1 424,39,49,50,46,60,50,282,83,31,18,15,43,88,215,300,55
Oullo,1 536,1 628,3 164,76,85,83,67,78,100,528,284,93,97,81,148,249,421,618,156
Oury,3 282,3 161,6 443,137,151,216,179,179,212,1 054,540,165,159,152,332,511,890,1 287,279
Sanfo,412,401,813,15,16,37,24,36,27,159,68,20,17,12,24,73,126,135,24
Sani,1 043,999,2 042,42,68,72,81,75,83,389,185,56,38,39,65,115,282,378,74
Séréna,1 543,1 536,3 079,70,71,78,91,105,106,666,243,96,59,48,93,179,419,592,163
Seyou,900,885,1 785,60,73,61,56,72,77,354,131,23,28,18,42,138,266,314,72
Siou,1 763,1 691,3 454,64,124,92,101,121,133,658,251,90,65,60,139,256,482,700,118
Soubouy,829,673,1 502,33,37,29,46,46,52,264,117,17,37,21,51,106,271,334,41
Tapélara,263,253,516,8,8,18,8,12,18,102,40,12,12,6,16,60,87,100,9
Zinakongo,935,883,1 818,86,58,63,71,58,55,316,139,50,27,31,50,148,256,342,68
,,,,,,,,,,,,,,,,,,,
"""COMMUNE: PA - Rural""",13 052,13 959,27 011,698,760,878,897,869,922,4 962,2 124,681,612,590,1 049,2 272,3 962,4 878,857
Boro,917,883,1 800,34,32,62,52,43,42,374,152,58,50,39,74,183,278,269,58
Didié,928,937,1 865,39,53,54,57,59,60,369,142,36,37,34,72,124,261,403,65
Hérédougou,639,552,1 191,18,39,38,58,33,44,226,90,38,29,17,47,99,169,209,37
Kopoï,968,1 051,2 019,36,48,66,60,61,57,357,117,39,39,35,62,193,296,484,69
Koupelé,474,529,1 003,32,38,47,40,41,48,174,91,14,20,19,34,81,147,143,34
Pa,7 223,7 947,15 170,408,439,467,457,478,533,2 717,1 236,412,368,354,639,1 284,2 235,2 681,462
Voho,494,537,1 031,32,29,27,43,37,29,187,75,16,23,18,21,65,135,249,45
Yamané,1 409,1 523,2 932,99,82,117,130,117,109,558,221,68,46,74,100,243,441,440,87
,,,,,,,,,,,,,,,,,,,
"""COMMUNE: POMPOI - Rural""",7 196,6 871,14 067,394,371,490,489,451,524,2 610,1 044,334,310,251,534,1 152,2 214,2 532,367
Battiti,409,421,830,35,13,33,37,34,33,163,60,21,22,16,23,62,99,157,22
Fegué,107,117,224,11,6,10,9,3,10,40,12,5,4,3,8,26,38,35,4
Kietou,290,266,556,12,13,19,29,9,20,102,36,18,10,5,28,43,104,96,12
Kokoï,743,677,1 420,38,29,48,45,49,63,276,112,28,25,24,45,129,234,258,17
Konkoliko,1 248,1 103,2 351,81,58,78,82,71,85,409,191,45,52,43,88,199,413,406,50
Pana,635,577,1 212,36,39,50,37,50,55,239,74,22,12,28,45,92,171,222,40
Pani,126,128,254,4,11,10,13,11,10,49,11,5,4,2,10,26,47,38,3
Pompoï,1 912,1 743,3 655,89,104,105,114,108,126,629,275,91,100,63,147,302,622,664,116
Pompoï-gare,498,612,1 110,27,27,36,40,40,36,247,97,36,32,14,46,61,122,201,48
San,769,838,1 607,35,38,64,68,34,48,290,134,55,35,38,68,127,214,320,39
Sio,459,389,848,26,33,37,15,42,38,166,42,8,14,15,26,85,150,135,16
,,,,,,,,,,,,,,,,,,,
"""COMMUNE: POURA - Rural""",9 433,9 623,19 056,808,570,604,585,609,607,3 149,1 266,437,350,365,783,1 787,3 632,3 054,450
Basnéré,230,295,525,10,18,16,18,16,18,94,47,14,20,11,24,46,73,72,28
Darsalam,483,459,942,27,27,26,33,38,35,193,77,24,22,19,42,64,131,160,24
Kankélé,595,643,1 238,39,48,41,49,44,47,247,82,31,20,23,46,106,175,189,51
Mouhoun III,275,325,600,18,18,17,21,28,17,118,44,11,24,12,31,43,74,101,23
Ping-poré,388,456,844,20,26,27,18,26,27,182,86,20,19,17,20,43,119,156,38
Bama,6 185,6 142,12 327,620,349,375,391,353,373,1 846,746,280,194,233,525,1 282,2 648,1 900,212
Poura-village,847,860,1 707,42,47,56,35,71,49,307,125,40,32,34,77,132,268,340,52
Toécin,430,443,873,32,37,46,20,33,41,162,59,17,19,16,18,71,144,136,22
,,,,,,,,,,,,,,,,,,,
"""COMMUNE: SIBY -Rural""",9 427,9 132,18 559,486,339,646,554,585,582,3 080,1 355,423,386,426,881,1 719,3 111,3 396,590
Ballao,957,899,1 856,72,24,82,60,57,76,331,141,56,34,36,75,163,315,258,76
Bitiako,907,830,1 737,31,35,58,59,59,57,336,135,33,25,25,52,144,314,341,33
Boromissi,406,408,814,36,19,34,30,34,31,155,69,14,11,11,23,51,139,130,27
Kalembouly,941,989,1 930,44,44,52,55,60,52,334,161,50,51,66,96,159,249,394,63
Sécaco,1 908,1 716,3 624,59,45,179,113,132,138,608,217,67,58,67,199,363,602,673,104
Siby,3 364,3 457,6 821,206,152,190,181,194,181,1 028,481,150,151,170,355,676,1 208,1 268,230
Sorobouly,337,339,676,20,10,22,25,20,15,95,44,22,18,21,16,61,117,136,34
Souho,607,494,1 101,18,10,29,31,29,32,193,107,31,38,30,65,102,167,196,23
,,,,,,,,,,,,,,,,,,,
"""COMMUNE: YAHO - Rural""",9 606,9 764,19 370,504,444,590,649,647,748,3 724,1 450,450,379,364,637,1 331,3 224,3 644,585
Bondo,1 077,1 122,2 199,43,43,71,87,91,99,493,180,45,39,39,63,135,311,375,85
Fobiri,1 271,1 228,2 499,55,49,85,88,76,90,461,227,91,53,58,78,188,426,413,61
Grand-balé,92,81,173,6,5,1,11,0,6,38,7,4,4,2,3,17,24,40,5
Kongoba,373,395,768,25,19,27,22,27,30,143,58,15,20,12,28,48,139,130,25
Madou,1 142,1 184,2 326,94,48,65,70,67,99,461,171,53,39,31,61,127,415,442,83
,1 715,1 799,3 514,79,111,93,124,132,128,705,253,70,72,65,127,214,610,634,97
Maoula,479,486,965,37,15,30,28,34,36,183,64,16,23,12,39,81,182,165,20
Mina,329,352,681,16,21,18,23,24,37,139,43,8,11,18,24,45,97,142,15
Mouni,947,992,1 939,54,36,81,63,71,83,351,136,56,36,37,66,150,332,317,70
Yaho,2 181,2 125,4 306,95,97,119,133,125,140,750,311,92,82,90,148,326,688,986,124
,,,,,,,,,,,,,,,,,,,
PROVINCE: BANWA,169 820,177 169,346 989,11 405,10 606,13 018,12 385,13 338,13 950,66 571,26 617,8 038,6 617,6 899,13 320,28 063,49 671,56 800,9 691
,,,,,,,,,,,,,,,,,,,
"""COMMUNE: BALAVE - Rural""",11 943,12 160,24 103,928,817,884,778,950,974,4 704,1 810,556,475,540,988,1 990,3 245,3 863,601
Badinga,1 413,1 641,3 054,133,111,139,110,146,118,643,225,57,73,58,88,192,380,483,98
Balavé,3 931,3 951,7 882,290,274,253,240,298,294,1 451,610,195,148,198,376,681,1 053,1 306,215
Doga,602,520,1 122,44,31,38,50,42,50,243,70,20,13,16,40,96,141,199,29
Gama,668,690,1 358,54,57,41,40,44,56,267,112,23,21,22,61,157,219,165,19
Hasbialaye,703,745,1 448,54,51,59,57,51,61,276,144,33,38,40,68,105,170,207,34
Lago,772,750,1 522,71,65,53,49,65,78,300,117,38,37,63,70,142,167,180,27
Tangouna,825,752,1 577,64,38,49,64,68,75,362,103,33,26,26,58,122,192,273,24
Yasso,3 029,3 111,6 140,218,190,252,168,236,242,1 162,429,157,119,117,227,495,923,1 050,155
,,,,,,,,,,,,,,,,,,,
"""COMMUNE: KOUKA - Rural""",35 170,38 577,73 747,2 382,2 231,2 739,2 723,2 758,3 008,14 134,5 763,1 700,1 395,1 481,2 755,5 728,10 350,12 309,2 291
Bankouma,1 575,1 733,3 308,103,99,150,126,147,141,583,236,76,67,64,123,273,535,493,92
Bourawali,325,392,717,39,21,14,42,36,35,149,61,8,10,8,13,51,106,110,14
Diontala,2 356,2 636,4 992,140,148,168,161,195,181,989,416,121,95,99,195,333,707,852,192
Fini,1 042,1 137,2 179,50,68,59,75,87,80,404,141,52,52,57,100,174,308,393,79
Houna,2 676,2 892,5 568,190,154,209,223,180,223,1 066,455,115,95,135,226,461,733,925,178
Kouelworo,779,776,1 555,53,48,61,50,53,56,293,133,36,27,45,64,141,191,255,49
Kouka,8 332,8 954,17 286,587,472,547,542,551,599,2 977,1 420,486,408,417,828,1 593,2 378,2 935,546
Koulakou,737,885,1 622,33,42,82,33,46,68,341,161,50,35,39,65,90,223,260,54
Kouroumani,1 860,2 070,3 930,150,125,156,152,132,167,771,292,91,72,87,147,263,490,716,119
Liaba,292,332,624,16,20,25,34,29,28,127,42,12,11,8,13,51,94,100,14
Mahouana,3 086,3 022,6 108,213,159,250,240,246,290,1 172,461,140,104,92,202,501,909,962,167
Mollé,2 340,2 568,4 908,168,172,167,179,196,207,963,397,111,82,116,190,354,630,838,138
Saint-Michel,437,527,964,28,43,37,34,27,37,204,85,21,20,23,25,58,110,175,37
Sallé,1 655,2 014,3 669,119,141,132,188,199,152,666,244,60,51,54,104,297,536,620,106
Sama,2 616,2 964,5 580,138,154,250,191,209,250,1 166,443,138,112,102,195,363,715,947,207
Sélenkoro,760,847,1 607,72,53,62,77,64,89,337,103,27,24,17,43,81,226,294,38
Sirabadara,1 281,1 366,2 647,69,79,106,125,103,119,537,194,62,35,37,80,215,434,391,61
Siwi,3 021,3 462,6 483,214,233,264,251,258,286,1 389,479,94,95,81,142,429,1 025,1 043,200
,,,,,,,,,,,,,,,,,,,
"""COMMUNE: SAMI - Rural""",6 711,6 885,13 596,416,432,547,517,580,563,2 762,1 098,326,267,229,520,995,1 943,2 123,278
Basnéré,446,470,916,46,16,40,33,46,54,181,65,25,11,17,45,59,129,136,13
Bonkorowé,413,377,790,24,20,34,32,34,40,170,67,17,19,11,37,53,117,105,10
Déré,433,465,898,10,40,43,23,40,62,181,50,23,12,11,30,62,139,151,21
Dima,1 213,1 171,2 384,45,79,92,108,104,86,493,230,62,63,37,97,178,301,382,27
Dimibo,365,393,758,39,19,32,29,32,24,150,66,21,9,9,37,49,99,124,19
Féléwé,344,375,719,26,20,37,25,37,28,159,50,19,5,13,20,47,94,114,25
Priwé,1 493,1 596,3 089,116,102,133,106,137,130,630,255,79,64,50,101,220,449,448,69
Sagoéta,675,690,1 365,45,58,55,73,58,46,282,100,16,24,19,43,109,192,219,26
Sami,370,351,721,18,26,18,15,23,22,102,70,33,35,31,45,68,93,103,19
Seindé,168,243,411,19,10,4,13,17,13,91,39,3,3,13,17,33,66,66,4
Sigui,128,136,264,6,8,10,14,5,10,65,18,10,2,3,7,18,49,34,5
Sogodjankoli,663,618,1 281,22,34,49,46,47,48,258,88,18,20,15,41,99,215,241,40
,,,,,,,,,,,,,,,,,,,
"""COMMUNE: SANABA - Rural""",19 032,19 005,38 037,1 080,1 132,1 393,1 144,1 404,1 436,7 217,3 011,941,756,778,1 405,3 054,5 378,6 748,1 160
Bendougou,1 954,2 007,3 961,112,125,150,142,157,131,712,302,90,65,89,178,369,590,656,93
Bérenkuy,364,381,745,25,18,24,21,26,26,158,66,24,16,16,18,40,74,161,32
Dio,1 518,1 560,3 078,109,160,164,114,121,101,575,218,69,55,36,97,273,428,484,74
Founa,838,907,1 745,44,49,55,65,65,94,328,150,48,48,46,60,106,218,310,59
Gnoumakuy,269,272,541,15,24,19,7,28,19,122,37,14,13,9,15,40,69,98,12
Gombio,183,178,361,15,1,9,14,10,14,63,28,6,11,11,15,31,52,76,5
Koba,952,904,1 856,44,50,78,44,64,93,391,155,47,33,34,56,119,236,340,72
Kosso,994,993,1 987,48,52,71,64,94,86,414,169,59,29,40,59,143,277,331,51
Kossoba,1 005,992,1 997,41,38,113,56,61,72,370,146,45,26,34,60,151,341,379,64
Kounla,361,363,724,20,18,15,14,30,30,148,77,20,10,8,20,42,99,152,21
Moussakuy,776,781,1 557,40,51,52,53,60,55,299,155,48,27,22,40,105,196,304,50
Namassa,542,586,1 128,41,39,44,51,49,36,215,82,29,23,22,45,92,174,165,21
Néména,652,679,1 331,33,31,44,40,49,56,266,117,37,31,37,39,83,186,245,37
Ouarakuy,564,591,1 155,46,32,37,29,53,50,232,94,22,19,23,54,86,174,176,28
Pekuy,356,311,667,14,28,19,27,20,24,142,50,15,16,5,22,43,89,132,21
Sanaba,3 736,3 834,7 570,214,198,232,183,247,278,1 360,626,197,183,196,355,686,974,1 375,266
Sora,329,319,648,20,16,20,12,28,25,118,39,14,18,11,18,63,95,127,24
Soumakuy,401,345,746,29,16,22,27,26,29,144,75,25,13,15,34,43,97,128,23
Timba,91,39,130,0,0,0,0,2,1,11,10,0,0,1,0,20,41,37,7
Yenkuy,265,277,542,12,19,14,9,23,29,131,25,9,9,12,17,45,71,98,19
Ziga,2 882,2 686,5 568,158,167,211,172,191,187,1 018,390,123,111,111,203,474,897,974,181
,,,,,,,,,,,,,,,,,,,
"""COMMUNE: SOLENZO""",77 823,80 940,158 763,5 448,4 856,6 099,5 787,6 166,6 356,30 064,11 832,3 529,2 935,3 146,6 160,13 339,23 169,25 573,4 304
,,,,,,,,,,,,,,,,,,,
"""COMMUNE: SOLENZO - Rural""",65 343,68 637,133 980,4 760,4 267,5 405,5 130,5 469,5 676,25 934,9 706,2 780,2 228,2 441,4 730,10 628,19 686,21 437,3 703
Bama,629,693,1 322,56,41,53,62,51,58,260,92,36,28,30,52,104,187,181,31
Ban,5 695,6 048,11 743,533,417,510,458,472,499,1 923,754,195,190,256,501,1 213,1 888,1 653,281
Bayé,3 368,3 492,6 860,201,235,312,270,264,312,1 277,530,180,101,128,276,587,1 075,950,162
Bèna,7 092,7 370,14 462,419,405,570,512,551,622,2 738,1 063,300,267,294,539,1 189,2 264,2 319,410
Bialé,1 208,1 217,2 425,97,74,108,104,107,103,460,189,43,37,54,74,184,386,343,62
Bonza,3 321,3 769,7 090,280,211,295,290,289,352,1 419,516,128,123,111,214,490,1 050,1 118,204
Daboura,4 287,4 569,8 856,297,266,346,297,347,326,1 770,751,227,212,179,340,601,1 168,1 464,265
Darsalam,2 569,2 696,5 265,167,215,256,297,296,256,929,335,72,74,77,201,434,770,772,114
Denkoro,1 648,1 702,3 350,115,133,148,132,126,130,688,214,60,48,36,101,261,459,585,114
Dèssè,1 108,1 020,2 128,52,49,76,55,95,104,437,135,41,19,19,48,150,345,425,78
Dinkiéna,2 633,2 795,5 428,167,171,173,213,210,218,1 182,466,124,117,102,171,432,723,828,131
Dira,1 932,1 893,3 825,90,112,116,90,106,129,732,325,75,81,74,128,256,577,787,147
Dissankuy,2 125,2 164,4 289,123,95,165,130,148,161,831,363,91,81,94,162,311,613,778,143
Gnassoumadougou,1 939,1 860,3 799,174,117,140,138,149,152,676,227,76,45,70,101,286,661,680,107
Hèrèdougou,2 178,2 441,4 619,217,158,209,207,191,235,891,338,99,59,89,146,379,600,674,127
Kiè,4 582,4 877,9 459,314,326,390,376,399,412,1 836,672,201,148,191,366,786,1 323,1 458,261
Koakoa,563,601,1 164,48,38,56,38,55,49,254,65,17,26,18,26,93,172,184,25
Koma,1 365,1 438,2 803,78,85,96,96,115,104,583,203,54,46,42,110,184,398,511,98
Lanfiéra,358,336,694,25,13,29,24,19,35,123,57,27,10,20,25,68,93,113,13
Lèkoro,1 505,1 650,3 155,79,87,145,106,169,130,705,211,67,48,26,105,190,456,537,94
Masso,1 912,2 011,3 923,163,143,171,154,260,116,772,288,103,65,58,102,263,535,620,110
Mawé,1 143,1 342,2 485,72,70,125,89,119,107,472,166,57,42,39,116,188,399,352,72
Montionkuy,564,562,1 126,33,32,60,35,50,48,245,69,21,11,18,21,89,171,193,30
Moussakongo,2 523,2 774,5 297,218,197,176,185,204,233,1 078,429,123,88,93,157,377,676,921,142
Pouy,693,649,1 342,33,27,39,41,46,60,291,105,31,24,14,35,98,213,256,29
Sanakuy,1 162,1 168,2 330,86,70,74,86,74,90,480,172,57,36,47,78,171,331,412,66
Siguinonghin,2 613,2 673,5 286,216,132,208,195,187,225,1 012,357,112,65,120,218,451,848,804,136
Toukoro,3 037,3 212,6 249,288,234,252,298,244,279,1 217,374,109,81,99,230,526,888,981,149
Yèrèssoro,1 591,1 615,3 206,119,114,107,152,126,131,653,240,54,56,43,87,267,417,538,102
,,,,,,,,,,,,,,,,,,,
"""COMMUNE: SOLENZO - Urbain""",12 480,12 303,24 783,688,589,694,657,697,680,4 130,2 126,749,707,705,1 430,2 711,3 483,4 136,601
Secteur 1,2 745,2 563,5 308,127,116,154,150,150,149,924,452,150,156,156,321,598,631,939,135
Secteur 2,2 635,2 504,5 139,116,108,123,140,150,117,904,504,209,165,155,256,479,709,881,123
Secteur 3,2 897,2 874,5 771,231,151,153,138,156,168,858,461,159,144,147,364,643,903,951,144
Secteur 4,4 203,4 362,8 565,214,214,264,229,241,246,1 444,709,231,242,247,489,991,1 240,1 365,199
,,,,,,,,,,,,,,,,,,,
"""COMMUNE: TANSILA - Rural""",19 141,19 602,38 743,1 151,1 138,1 356,1 436,1 480,1 613,7 690,3 103,986,789,725,1 492,2 957,5 586,6 184,1 057
Ben,599,649,1 248,48,50,59,47,61,63,274,66,14,11,15,40,95,162,212,31
Bouan,505,512,1 017,30,40,35,33,50,45,224,61,14,17,18,29,82,144,164,31
Darsalam,437,489,926,37,38,35,40,29,65,158,76,17,13,17,36,51,137,151,26
Douma,869,935,1 804,55,41,56,69,55,102,349,145,40,38,26,62,132,239,342,53
Driko,788,820,1 608,29,45,71,75,79,71,331,117,38,29,20,48,97,254,256,48
Faso-benkadi,446,468,914,23,19,35,44,30,45,221,84,8,18,6,34,65,129,136,17
Féléwé,352,406,758,18,31,29,39,32,45,166,45,13,11,11,19,58,125,102,14
Gui,451,436,887,28,34,40,46,38,26,169,50,11,14,8,27,68,170,144,14
Kéllé,891,909,1 800,62,39,62,68,65,78,341,153,39,23,35,65,117,289,324,40
Kira,537,514,1 051,34,32,38,44,50,36,209,77,24,32,24,40,83,145,153,30
Kokouna,914,982,1 896,74,51,80,73,83,93,398,140,31,35,28,51,140,283,282,54
Korani,517,536,1 053,32,32,39,35,41,45,225,78,22,9,20,34,78,123,211,29
Kounéni,813,796,1 609,36,29,30,43,47,70,303,166,94,78,56,104,121,179,224,29
Moara,723,727,1 450,47,50,52,71,81,50,280,104,41,13,27,52,110,210,213,49
Nangouna,943,972,1 915,82,57,61,70,77,70,433,144,29,32,38,63,128,285,302,44
Ouléni,144,158,302,9,2,4,4,6,3,30,9,3,7,6,12,36,77,75,19
Ouorowé,1 555,1 624,3 179,103,115,148,120,141,106,610,273,71,42,44,102,217,470,515,102
Tamouga,403,389,792,23,24,19,30,31,26,155,54,18,27,20,37,59,126,115,28
Tansila,2 717,2 790,5 507,122,102,122,117,126,161,1 020,612,254,195,151,322,493,708,842,160
Thy,293,292,585,17,20,24,24,31,18,120,52,14,12,16,14,48,78,87,10
Tillé,571,559,1 130,32,31,42,28,43,61,240,100,33,27,18,39,84,153,170,29
Toma,1 030,950,1 980,80,52,69,94,72,88,375,148,47,36,33,62,178,321,282,43
Toma Koura,465,520,985,37,26,45,51,38,43,222,66,14,14,18,30,64,139,146,32
Toula,877,911,1 788,43,55,62,70,76,76,350,128,47,28,40,79,144,276,265,49
Toungo,855,863,1 718,25,92,65,73,56,84,294,92,38,18,23,75,159,253,316,55
Triko,446,395,841,25,31,34,28,42,43,193,63,12,10,7,16,50,111,155,21
,,,,,,,,,,,,,,,,,,,
PROVINCE: KOSSI,180 802,176 287,357 089,10 058,11 255,12 975,13 003,13 401,13 900,68 031,26 353,8 105,6 934,6 300,13 134,28 190,52 516,62 127,10 807
,,,,,,,,,,,,,,,,,,,
"""COMMUNE: BARANI** - Rural""",27 745,27 003,54 748,1 446,1 946,2 282,2 213,2 195,2 233,10 097,3 713,1 136,959,909,2 052,4 346,8 511,9 157,1 553
Babakuy,978,910,1 888,50,67,78,76,76,77,349,128,40,33,31,71,150,293,316,53
Bangassi-Koro,423,388,811,22,28,33,33,33,33,149,55,17,14,14,30,64,126,136,24
Bangassi-Koura,342,358,700,19,25,29,29,28,29,126,48,15,13,12,26,55,109,117,20
Barani,3 136,3 046,6 182,161,218,256,253,246,253,1 138,416,129,110,103,234,491,962,1 035,177
Barikala*,104,100,204,6,8,9,8,8,8,38,13,4,4,3,8,16,32,34,5
Berma,1 094,1 058,2 152,57,76,90,87,86,87,398,146,44,38,36,80,171,335,360,61
Bogo,254,223,477,13,17,20,19,20,20,85,32,10,9,8,18,38,74,80,14
Boulé,1 256,1 327,2 583,68,92,108,104,103,105,477,175,53,45,43,96,205,404,432,73
Boulemporo*,258,250,508,14,18,21,20,21,21,94,35,11,9,9,18,40,78,85,14
Cissé,404,391,795,21,29,34,32,32,32,146,54,16,14,13,30,63,123,133,23
Diamahoun,1 126,1 103,2 229,59,79,93,90,90,91,412,151,46,39,37,83,177,346,373,63
Dienwely,442,434,876,23,31,36,36,35,36,162,60,18,15,14,33,70,136,146,25
Djallo,370,364,734,19,27,31,30,29,30,134,50,16,13,12,27,58,114,123,21
Douré,279,287,566,15,20,23,23,23,23,106,38,11,10,10,20,45,88,95,16
Gnimanou,1 391,1 370,2 761,73,98,115,112,111,113,507,187,57,49,46,104,219,430,462,78
Illa*,233,226,459,12,16,19,18,19,19,86,31,9,8,8,17,36,71,77,13
Kamankadougou,671,620,1 291,34,46,54,52,52,52,238,88,27,23,21,49,103,200,216,36
Karekuy,649,712,1 361,36,49,56,55,55,56,249,92,28,23,23,51,108,213,228,39
Kessekuy,857,911,1 768,47,63,73,71,70,72,328,119,37,30,29,66,141,276,296,50
Kinseré*,262,254,516,14,18,21,20,21,21,98,35,11,9,8,19,41,80,86,14
Kolonkan Goure Ba,482,466,948,25,33,40,38,38,38,176,65,19,16,16,36,75,147,159,27
Kolonkan Goure Diallo,887,883,1 770,47,63,74,71,71,73,325,120,37,31,29,67,141,275,296,50
Konkoro,357,269,626,16,22,27,25,25,26,116,43,13,11,10,24,49,96,105,18
Koroni,584,574,1 158,31,41,48,46,46,47,214,79,24,20,19,43,92,181,194,33
Koubé*,75,73,148,4,6,6,6,6,6,27,10,3,2,2,6,12,23,25,4
Koulerou*,400,392,792,21,29,33,32,32,32,144,54,16,14,13,30,63,124,132,23
Manekuy,173,131,304,8,11,13,12,12,12,58,20,6,5,6,11,24,46,51,9
Mantamou,841,811,1 652,44,58,69,67,66,68,304,112,35,29,27,62,131,257,276,47
Medougou,1 133,1 041,2 174,57,77,91,88,87,89,403,147,45,38,36,82,172,337,363,62
Nabasso,725,695,1 420,38,51,59,57,57,58,261,96,30,25,24,53,113,220,238,40
Niako,260,237,497,13,18,20,20,20,20,93,34,10,9,8,19,39,77,83,14
Ouemboye,330,359,689,18,24,28,28,28,28,127,47,15,12,11,26,54,108,115,20
Oueressé*,119,115,234,6,8,10,10,9,9,42,16,5,4,4,9,19,37,39,7
Pampakuy,455,537,992,27,35,41,40,40,40,183,67,21,17,16,37,80,155,165,28
Sekuy,449,392,841,23,30,36,34,34,34,155,57,17,15,14,32,66,130,140,24
Sekuy-Ira,59,76,135,4,5,6,5,5,6,26,9,2,2,3,4,10,21,23,4
Sokoura,1 724,1 606,3 330,88,118,139,135,133,136,615,226,69,58,55,125,264,517,557,95
Soudogo,686,645,1 331,36,47,56,53,53,54,246,90,28,23,22,50,106,207,222,38
Tira,542,494,1 036,27,36,44,42,41,42,192,71,22,18,17,39,82,161,173,29
Torokoto,2 155,2 136,4 291,110,155,179,175,174,176,789,293,89,75,71,161,342,666,717,119
Waribèrè*,169,165,334,8,12,14,14,13,13,63,23,7,6,6,12,27,52,55,9
Yalankoro,611,574,1 185,32,42,50,47,47,48,218,81,24,21,20,44,94,184,199,34
,,,,,,,,,,,,,,,,,,,
"""COMMUNE: BOMBOROKUY - Rural""",10 051,9 853,19 904,552,604,686,697,713,765,3 883,1 495,442,400,393,783,1 520,2 878,3 465,628
Banakoro,815,767,1 582,54,50,69,62,63,54,297,103,28,38,28,68,112,237,277,42
Bogo,279,304,583,17,25,23,19,21,19,123,44,11,10,13,10,47,85,95,21
Bomborokuy,2 670,2 695,5 365,128,120,151,153,181,198,966,420,136,130,129,232,410,856,970,185
Borekuy,667,638,1 305,46,44,39,57,50,67,288,72,15,16,27,44,91,178,232,39
Danekuy,325,329,654,19,30,18,14,22,21,141,62,15,13,14,31,40,98,100,16
Gombèlé,842,780,1 622,41,65,68,59,56,67,330,112,45,35,27,78,102,233,254,50
Komonkuy,438,485,923,24,48,45,44,47,47,180,83,16,20,11,28,49,112,150,19
Mariasso,227,275,502,9,8,14,22,14,16,108,60,13,7,15,18,32,53,100,13
Niankouini,462,465,927,32,21,29,38,37,30,184,73,26,15,22,28,64,125,165,38
Sadigan,280,286,566,9,22,21,22,17,31,113,28,6,3,6,25,49,85,104,25
Sako,363,321,684,15,24,26,29,30,27,141,56,10,12,13,24,49,102,112,14
Souankuy,664,618,1 282,39,35,50,42,45,38,251,104,32,30,23,55,113,173,215,37
Tirakuy,493,472,965,24,20,28,34,24,34,209,67,15,15,13,29,99,133,184,37
Yabana,137,142,279,10,11,16,16,10,9,48,16,10,5,2,9,27,34,43,13
Yallo,520,455,975,26,28,35,40,28,48,174,80,23,16,22,53,92,129,153,28
Yérédougou,869,821,1 690,59,53,54,46,68,59,330,115,41,35,28,51,144,245,311,51
,,,,,,,,,,,,,,,,,,,
"""COMMUNE: BOURASSO** - Rural""",10 117,9 998,20 115,651,622,683,588,713,834,3 906,1 645,534,407,398,700,1 569,2 750,3 589,526
Barakuy,174,158,332,11,10,11,10,12,14,62,27,9,7,7,12,26,45,60,9
Biron-Bobo,106,104,210,6,7,7,6,8,8,42,17,6,4,4,7,16,29,38,5
Biron-Marka*,1 934,1 915,3 849,125,122,129,114,135,160,746,315,103,75,75,133,302,527,688,100
Bouni*,584,578,1 162,37,36,40,34,41,48,224,95,31,24,23,41,91,159,207,31
Bourasso,1 468,1 436,2 904,94,89,99,85,103,121,563,237,77,59,59,100,227,397,518,76
Diamasso,556,529,1 085,36,34,37,31,39,45,210,88,29,22,21,38,85,148,194,28
Kamiankoro,661,636,1 297,42,40,44,38,46,53,252,106,35,27,26,45,101,177,231,34
Kodougou,957,991,1 948,63,60,66,57,69,81,376,159,52,40,38,68,152,267,348,52
Labarani,473,496,969,31,30,33,28,35,41,187,80,25,20,19,34,75,133,173,25
Lekuy,519,484,1 003,32,31,34,29,35,41,197,82,27,21,20,35,78,137,178,26
Lemini*,422,409,831,27,25,28,24,30,34,163,68,22,17,17,29,64,113,148,22
Nokuy,932,1 012,1 944,63,59,67,57,69,81,378,159,51,39,38,67,152,266,347,51
Sikoro,865,821,1 686,54,52,58,49,59,70,331,138,44,34,33,59,131,230,300,44
Sirakorosso,157,140,297,10,9,10,9,11,12,56,25,7,6,6,11,23,41,53,8
Zonakuy*,309,289,598,20,18,20,17,21,25,119,49,16,12,12,21,46,81,106,15
,,,,,,,,,,,,,,,,,,,
"""COMMUNE: DJIBASSO - Rural""",31 919,31 364,63 283,1 822,2 028,2 418,2 636,2 482,2 568,12 237,4 723,1 484,1 234,1 057,2 180,4 836,8 989,10 578,2 011
Ba,1 032,971,2 003,71,79,100,89,89,95,360,129,33,19,24,35,147,306,365,62
Banana,344,337,681,38,28,27,37,26,35,161,36,12,12,12,16,42,70,102,27
Bankoumana,368,377,745,12,21,23,29,24,33,143,74,26,12,14,27,53,90,153,11
Bara,355,387,742,24,23,34,29,24,41,166,51,14,10,9,16,43,101,130,27
Berkoué,464,527,991,0,25,38,44,42,40,228,102,17,15,19,15,53,133,174,46
Bida,436,465,901,31,34,34,41,45,48,191,67,20,14,7,29,48,126,147,19
Bokoro,97,85,182,0,8,6,2,7,10,31,15,5,7,3,10,11,25,39,3
Bonoua,299,273,572,11,18,12,19,29,22,119,46,8,16,8,22,29,98,102,13
Bouakuy,611,628,1 239,45,29,44,46,41,36,237,94,24,27,27,61,113,166,225,24
Bourio,567,570,1 137,30,40,52,49,42,52,231,52,24,21,15,26,62,160,238,43
Diékan,229,226,455,17,13,20,25,25,23,90,23,6,7,2,12,44,45,83,20
Diekuini,269,285,554,7,33,27,27,23,22,97,41,14,11,7,15,35,78,107,10
Diena,780,783,1 563,59,53,58,77,73,72,334,105,30,16,26,40,100,219,236,65
Djibasso,4 771,4 721,9 492,390,245,312,319,281,309,1 588,795,283,267,216,489,899,1 336,1 520,243
Donkoro,164,165,329,15,8,7,12,11,14,79,31,2,5,6,12,25,35,59,8
Foni-Boronkin,196,139,335,0,4,0,4,1,4,36,13,6,3,6,12,37,55,118,36
Gnimini,731,675,1 406,49,47,70,55,91,45,267,93,32,14,33,42,126,174,233,35
Ira,1 774,1 645,3 419,61,87,174,168,114,118,617,261,77,82,47,134,272,612,487,108
Kansara,391,384,775,11,21,24,34,33,24,152,68,21,18,15,27,71,93,142,21
Kiè,571,496,1 067,15,40,56,51,57,38,177,33,17,4,8,18,42,266,202,43
Kienekuy,816,819,1 635,38,41,37,40,49,62,349,150,42,26,27,54,119,218,324,59
Kira,687,658,1 345,33,33,42,59,44,53,263,105,41,26,28,41,107,150,271,49
Kolonkan,330,277,607,14,12,20,22,22,27,127,59,25,17,13,23,38,62,104,22
Kolonkani,261,247,508,9,16,13,21,21,27,101,26,12,14,3,20,23,80,99,23
Kolonzo,554,522,1 076,40,46,31,46,36,40,218,77,20,17,19,23,88,157,177,41
Kombori,952,907,1 859,58,61,82,65,69,70,360,149,40,44,39,66,162,209,299,86
Mandara,493,497,990,25,44,45,54,33,47,207,52,17,10,13,24,70,134,199,16
Maoulena,440,426,866,30,21,25,37,33,52,196,68,19,9,8,21,54,125,151,17
Massakuy,224,245,469,13,7,12,24,26,12,106,39,8,13,5,12,35,82,57,18
Mouna,50,49,99,2,3,5,4,4,0,21,10,7,3,2,2,6,5,19,6
Nairena,663,648,1 311,19,29,62,44,48,62,257,122,38,22,22,55,101,166,225,39
Ouarokuy,553,582,1 135,32,24,52,36,42,48,225,90,22,19,26,36,85,165,198,35
Oura,772,785,1 557,49,58,39,79,50,71,260,100,29,27,24,68,132,258,267,46
Ourouko,562,542,1 104,11,39,39,39,40,40,212,71,32,26,19,54,73,177,201,31
Parakuy,148,149,297,4,4,9,13,13,10,57,29,12,4,7,9,19,35,64,8
Paranzo,276,251,527,5,11,19,17,18,25,93,47,18,9,18,23,45,76,92,11
Pia n° 1,1 583,1 687,3 270,125,141,131,148,173,121,684,243,70,54,42,111,216,408,509,94
Saba,1 137,1 124,2 261,60,72,77,103,94,87,449,194,51,61,30,69,165,363,316,70
Sadignakono,288,268,556,12,18,22,25,25,25,91,30,21,10,8,23,47,87,89,23
Sakuy,265,225,490,5,21,26,21,16,23,110,28,11,13,13,13,39,60,75,16
Samekuy,674,656,1 330,46,41,38,55,49,69,281,93,23,17,15,39,98,189,221,56
Sarakoro,480,438,918,13,34,27,55,33,48,187,67,24,18,11,20,61,128,164,28
Senoulo,44,47,91,0,4,5,5,5,1,21,6,1,2,1,3,5,15,11,6
Siedougou,116,140,256,6,3,11,7,6,11,54,21,6,5,6,9,21,41,45,4
Soumoukuy,257,212,469,7,27,15,20,25,18,88,34,10,9,3,16,34,71,70,22
Sounè,426,358,784,18,27,43,45,44,28,174,40,16,15,5,33,70,131,81,14
Soye,1 676,1 764,3 440,88,117,159,155,139,170,657,232,67,64,62,104,325,476,514,111
Tiemè,2 117,2 117,4 234,124,182,167,182,204,192,830,328,106,75,65,108,265,566,680,160
Voro,626,585,1 211,50,36,47,58,43,48,255,84,25,25,19,43,81,167,194,36
,,,,,,,,,,,,,,,,,,,
"""COMMUNE: DOKUY - Rural""",20 601,19 987,40 588,1 089,1 308,1 504,1 526,1 538,1 695,7 913,3 171,945,783,687,1 493,3 028,6 011,6 713,1 184
Ayoubakolon,895,899,1 794,70,44,70,75,74,94,383,101,33,40,31,63,134,252,275,55
Bonikuy,500,425,925,20,15,41,31,38,35,196,71,12,17,13,44,80,152,128,32
Dar-Es-Salam,651,688,1 339,47,42,57,60,74,67,274,89,37,10,16,45,90,202,201,28
Dassi,421,468,889,28,32,35,41,44,41,186,66,15,7,5,26,70,133,136,24
Denissa-Marka,247,236,483,19,16,20,15,26,17,93,26,7,8,11,9,34,78,89,15
Denissa-Mossi,399,416,815,20,38,21,30,27,34,146,75,9,20,25,25,75,123,129,18
Dokoura,299,284,583,17,24,20,29,27,16,116,51,16,17,4,20,46,69,102,9
Dokuy,2 439,2 364,4 803,107,156,205,193,174,219,935,339,116,73,72,160,374,705,816,159
Doubalé,149,141,290,1,1,8,1,7,5,24,19,8,4,4,16,16,92,78,6
Gassingo,710,727,1 437,45,20,40,41,29,42,193,95,68,30,26,62,86,274,334,52
Goni,2 005,1 822,3 827,101,117,126,121,118,144,686,328,83,63,72,160,260,541,776,131
Ilabekolon,882,937,1 819,20,60,59,70,68,72,358,149,28,36,40,83,170,319,245,42
Kamadena,1 316,1 332,2 648,62,82,76,83,105,110,524,226,64,68,46,91,187,376,470,78
Kanadougou,909,850,1 759,49,30,75,75,67,72,380,141,51,31,38,69,115,241,287,38
Karasso,1 273,1 228,2 501,82,122,99,105,99,109,490,202,53,49,48,85,190,364,346,58
Kemenso,452,442,894,23,29,35,28,35,36,157,80,23,18,17,31,66,127,157,32
Kenekuy,2 104,1 912,4 016,111,152,132,129,171,158,795,341,92,81,55,155,306,580,669,89
Kolonidara,900,887,1 787,74,73,56,73,56,84,350,135,45,39,33,74,125,241,264,65
Kolonkoura,739,772,1 511,41,37,75,74,41,76,291,107,32,25,20,63,132,214,226,57
Makuy,375,348,723,17,22,23,20,31,30,156,50,16,14,11,21,38,100,144,30
Nereko,1 001,961,1 962,49,61,61,69,61,69,428,201,48,42,35,56,130,264,310,78
Sokoura,537,480,1 017,27,27,48,32,51,44,211,56,17,28,14,38,78,153,168,25
Soum,466,495,961,4,34,53,45,50,52,203,59,20,19,15,29,90,152,118,18
Soumakoro,374,368,742,25,29,28,35,30,31,154,56,14,12,14,26,55,103,117,13
Tomikoroni,558,505,1 063,30,45,41,51,35,38,184,108,38,32,22,42,81,156,128,32
,,,,,,,,,,,,,,,,,,,
"""COMMUNE: DOUMBALA - Rural""",16 620,16 706,33 326,961,950,1 149,1 188,1 300,1 274,6 514,2 555,747,673,591,1 113,2 559,4 876,5 918,958
Bamperla,375,424,799,37,23,26,38,38,26,141,57,25,12,22,24,76,122,112,20
Bangassi-Bobo,266,284,550,10,8,13,15,23,16,120,35,11,10,14,24,48,114,79,10
Bangassi-Illa,1 211,1 177,2 388,97,85,107,81,109,96,444,184,49,46,54,82,204,333,365,52
Bangassi-Mamoudougou,134,144,278,17,12,11,8,6,6,22,9,2,0,6,6,23,64,80,6
Bankuy,78,53,131,0,2,4,0,5,6,20,4,3,3,5,5,12,33,27,2
Bassam,111,114,225,5,1,2,7,5,6,56,20,3,4,5,6,19,41,41,4
Boanekuy,559,603,1 162,29,34,39,46,43,46,280,69,24,31,16,29,65,142,229,40
Bokuy,167,165,332,9,13,20,10,13,11,68,24,9,2,6,8,16,51,62,10
Boukuy,287,300,587,7,19,33,20,27,27,119,40,9,12,6,20,43,95,98,12
Dakuy,499,536,1 035,22,25,23,37,30,24,185,91,22,28,14,51,102,163,190,28
Doumbala,1 373,1 488,2 861,74,78,75,70,95,100,513,263,106,83,107,123,227,317,518,112
Henlekuy,441,502,943,30,24,35,36,27,48,224,73,15,11,7,24,46,136,179,28
Karekuy,352,333,685,18,18,24,30,27,27,132,55,16,10,5,23,69,103,116,12
Kimba,225,223,448,15,9,13,20,11,20,103,41,13,11,7,11,25,62,79,8
Kini-Kini,104,100,204,7,4,11,8,8,7,28,18,8,1,2,8,28,27,30,9
Koa,902,908,1 810,56,57,56,67,98,78,376,134,42,34,23,52,110,249,334,44
Kodara,728,703,1 431,21,43,55,46,54,59,319,125,27,36,26,45,78,234,231,32
Kolonzo,439,443,882,20,37,18,37,40,35,228,76,9,10,5,15,48,129,152,23
Konkuy-Boho,236,237,473,14,17,13,21,12,23,96,41,6,7,9,13,35,63,88,15
Konkuy-Koro,1 110,1 194,2 304,50,52,63,79,78,83,415,261,78,56,55,87,176,298,413,60
Kouroukuy,166,118,284,2,9,4,10,16,9,67,17,11,4,6,12,13,35,62,7
Lanfiera,387,387,774,23,23,26,23,28,30,149,59,27,19,17,37,57,103,138,15
Montionkuy,417,410,827,13,7,25,24,16,30,173,61,23,18,24,29,78,92,187,27
Mounakoro,835,824,1 659,21,55,61,51,64,75,302,137,40,32,17,59,108,249,301,87
Nian,1 233,1 227,2 460,71,83,86,105,95,99,479,148,37,35,27,95,189,405,426,80
Porokuy,154,124,278,9,5,9,8,10,6,32,10,11,4,6,13,30,62,59,4
Saint-Camille,139,130,269,9,8,22,15,25,4,33,7,1,1,2,5,22,47,56,12
Saint-Martin,395,371,766,28,21,32,43,42,25,131,35,6,17,1,21,70,142,141,11
Saint-Paul,48,59,107,3,3,1,4,4,6,29,8,0,0,2,7,3,14,18,5
Saworokuy,160,174,334,0,2,6,3,5,10,52,36,9,11,5,10,40,62,75,8
Simbora,603,615,1 218,84,52,73,51,65,40,208,46,14,9,7,20,101,204,199,45
Teni,1 106,1 051,2 157,79,64,77,80,84,86,434,165,52,58,43,54,156,331,348,46
Teni-Peulh,173,135,308,9,7,17,15,9,17,60,25,2,2,7,11,25,48,48,6
Tiourkuy,193,171,364,14,2,7,22,8,20,82,31,1,8,4,19,33,58,53,2
Wanzan,307,317,624,26,7,23,18,24,25,145,40,7,8,7,16,67,79,112,20
Zekuy,707,662,1 369,32,41,39,40,56,48,249,110,29,40,22,49,117,169,272,56
,,,,,,,,,,,,,,,,,,,
"""COMMUNE: KOMBORI - Rural""",7 328,7 790,15 118,518,608,653,735,733,720,2 993,1 015,316,245,256,436,1 061,2 035,2 351,443
Abaye,79,82,161,11,7,8,1,10,9,30,10,6,1,1,2,9,23,31,2
Aourèma,597,698,1 295,49,60,71,43,73,51,304,109,23,19,12,28,84,145,200,24
Ba-Peulh,60,60,120,4,5,9,3,11,3,10,7,3,0,4,6,8,18,27,2
Daga,211,243,454,17,19,19,28,36,25,95,24,3,6,2,6,22,66,71,15
Gani,385,354,739,17,30,30,36,35,40,139,50,20,14,9,23,45,86,122,43
Kolonkani-Ba,154,171,325,9,20,16,22,14,23,49,13,4,2,7,6,35,51,47,7
Kombori,1 745,1 856,3 601,101,147,149,178,151,166,711,240,81,64,68,121,273,492,567,92
Konna,598,649,1 247,62,43,50,57,64,52,231,79,30,11,21,26,85,180,204,52
Lonani,73,78,151,5,7,3,15,4,8,29,5,4,3,5,9,2,26,23,3
Mangadian,929,962,1 891,81,73,95,88,96,95,392,118,37,26,27,54,110,248,293,58
Ouori,396,447,843,0,56,39,58,40,48,160,58,22,8,15,25,63,111,122,18
Sanakadougou,837,855,1 692,79,44,64,66,66,75,314,105,35,48,42,66,137,221,286,44
Sassambari,298,308,606,31,20,27,24,27,31,136,43,8,9,7,17,34,89,83,20
Siekoro,389,403,792,36,19,23,40,43,38,156,68,10,19,21,19,55,105,121,19
Siewali,176,175,351,2,17,19,18,18,17,67,33,10,4,2,8,20,52,47,17
Siguidé,150,162,312,11,4,17,22,21,14,60,12,6,8,4,9,35,50,30,9
Yaran,251,287,538,3,37,14,36,24,25,110,41,14,3,9,11,44,72,77,18
,,,,,,,,,,,,,,,,,,,
"""COMMUNE: MADOUBA - Rural""",5 099,5 051,10 150,313,343,398,344,374,418,2 153,872,230,203,161,306,603,1 313,1 744,375
Bankoumani,685,713,1 398,54,52,60,44,60,63,273,109,35,28,34,50,108,182,207,39
Bokuy,304,266,570,11,22,27,22,23,23,116,46,8,10,3,24,30,66,110,29
Dina,180,235,415,9,10,10,19,9,10,96,38,14,17,9,8,16,60,75,15
Kiko,281,278,559,10,25,19,18,13,26,115,58,13,11,7,13,47,67,94,23
Kolokan,1 190,1 217,2 407,86,90,102,84,101,101,503,194,54,48,31,68,144,316,411,74
Madouba,169,171,340,4,9,8,10,10,2,58,40,6,9,4,12,30,56,66,16
Pia n°2,849,844,1 693,75,54,86,71,62,85,365,121,31,19,25,41,93,208,296,61
Poro,486,471,957,33,36,28,28,36,38,201,88,25,23,9,41,50,118,156,47
Sinthyorokuy,76,70,146,1,4,3,5,9,2,37,13,4,4,2,2,6,17,27,10
Touba,625,542,1 167,13,29,41,21,42,44,258,131,29,22,25,38,56,154,223,41
Yourouna,254,244,498,17,12,14,22,9,24,131,34,11,12,12,9,23,69,79,20
,,,,,,,,,,,,,,,,,,,
"""COMMUNE: NOUNA""",45 804,43 938,89 742,2 501,2 518,2 881,2 763,2 976,3 059,16 262,6 475,2 024,1 798,1 725,3 666,7 776,13 802,16 679,2 837
,,,,,,,,,,,,,,,,,,,
"""COMMUNE: NOUNA - Rural""",29 411,27 903,57 314,1 682,1 706,2 041,1 986,2 190,2 244,11 344,4 055,1 181,1 010,897,1 946,4 497,8 519,10 367,1 649
Aourèma,221,225,446,13,17,17,12,18,18,90,27,8,8,14,17,39,58,77,13
Babekolon,452,446,898,22,20,58,21,34,49,179,61,19,20,13,30,53,106,186,27
Bagala,809,794,1 603,45,26,45,40,59,46,336,116,29,37,31,43,107,224,347,72
Bankoumani,923,910,1 833,41,35,45,53,72,62,345,146,49,49,44,65,130,266,356,75
Bare,950,917,1 867,86,69,87,83,97,67,379,104,33,21,25,66,141,276,292,41
Bisso,420,399,819,21,33,36,24,24,33,163,71,23,13,17,26,61,103,143,28
Bonkuy,39,39,78,1,0,0,2,1,4,25,4,1,1,0,3,8,8,18,2
Boron,423,396,819,29,31,27,32,28,31,146,54,13,8,14,29,79,114,158,26
Damandigui,327,349,676,28,17,25,23,32,33,120,42,17,17,13,23,56,87,121,22
Dantiéra,280,281,561,14,17,21,23,28,19,122,26,12,10,6,25,49,82,95,12
Dara,1 327,1 360,2 687,43,38,79,81,114,78,558,216,65,60,45,100,181,369,554,106
Dembelela,279,237,516,12,19,10,19,15,23,99,26,9,9,15,22,47,72,103,16
Dembo,474,448,922,23,31,34,29,26,42,137,73,24,24,16,46,76,121,181,39
Digani,1 148,1 083,2 231,73,80,87,104,95,99,475,171,39,26,16,55,146,373,347,45
Dina,132,122,254,21,9,9,10,9,8,39,16,4,5,4,11,27,33,43,6
Diondougou,154,135,289,13,6,12,10,13,14,57,28,3,7,5,8,24,34,47,8
Dionkongo,407,347,754,40,28,27,24,28,23,134,44,12,14,16,23,45,127,157,12
Farakuy,266,266,532,20,18,18,23,24,21,108,45,7,14,5,18,36,72,91,12
Kaki,778,731,1 509,53,83,65,54,73,57,241,109,30,28,20,64,126,278,199,29
Kalfadougou,56,51,107,3,0,3,4,3,4,22,8,4,4,0,1,13,13,20,5
Kansara,475,512,987,15,29,44,43,34,37,191,67,16,16,8,23,85,163,169,47
Karekuy,307,284,591,6,30,18,17,29,36,126,42,12,4,11,26,44,73,101,16
Kemena,1 010,1 001,2 011,64,65,69,76,77,86,439,134,32,27,17,67,138,322,363,35
Kerena,533,529,1 062,25,25,31,31,31,49,211,94,23,22,16,40,85,183,168,28
Kolonkoura,148,121,269,7,12,8,12,5,16,43,14,15,13,2,6,18,47,46,5
Kombara,536,515,1 051,38,25,42,37,42,40,200,65,27,15,25,32,95,192,160,16
Konankoira,1 016,997,2 013,36,71,60,55,87,100,428,135,36,27,25,61,181,265,381,65
Konkuini,224,239,463,15,16,21,12,16,15,92,45,14,5,7,13,28,71,79,14
Kononiba,329,294,623,26,23,31,21,32,28,124,38,9,15,7,15,42,94,104,14
Koredougou,105,116,221,12,5,10,5,8,6,44,17,3,7,6,7,14,33,35,9
Koro,693,656,1 349,40,41,48,46,51,53,267,95,28,24,20,47,105,201,244,39
Lei,79,75,154,4,4,6,6,6,6,31,11,3,3,2,5,12,23,28,4
Mani,587,528,1 115,27,29,39,44,49,45,221,68,16,14,16,34,96,178,203,36
Moinsi,86,93,179,10,5,7,3,7,7,37,9,6,3,6,9,14,19,30,7
Mourdie,650,573,1 223,21,24,35,38,27,36,182,91,26,16,25,76,131,222,245,28
Niankuy,172,158,330,5,12,21,11,14,12,64,18,3,3,5,10,22,51,69,10
Ouette,227,216,443,13,13,16,15,17,18,88,31,9,8,7,15,35,65,80,13
Pa,821,729,1 550,42,58,48,49,58,55,307,134,37,33,25,50,125,212,276,41
Patiarakuy,226,240,466,22,13,19,20,18,15,96,35,11,6,6,14,41,63,74,13
Saint-Jean,193,169,362,10,9,10,9,16,23,77,25,5,10,1,8,37,50,62,10
Saint-Louis,633,615,1 248,28,32,47,49,45,55,224,97,27,27,18,35,107,199,226,32
Sampopo,619,400,1 019,35,28,28,43,28,48,171,51,15,20,8,29,95,195,199,26
Seré,564,516,1 080,28,32,33,33,31,31,214,82,24,22,19,46,81,142,203,59
Seriba,260,247,507,15,15,18,17,19,20,100,36,10,9,7,18,40,76,92,15
Sien,272,260,532,10,36,39,25,32,25,94,18,5,5,2,19,44,111,65,2
Simbadougou,1 041,1 037,2 078,84,54,85,92,86,93,452,139,38,26,29,54,136,290,359,61
Soa,403,385,788,18,11,27,28,20,36,173,62,14,13,13,24,69,125,136,19
Sobon,821,773,1 594,59,43,45,50,52,77,306,111,26,23,36,49,146,250,268,53
Soin,969,928,1 897,68,76,73,83,68,59,354,130,42,36,37,67,170,269,301,64
Sokoro,616,542,1 158,26,38,42,32,49,35,238,69,36,10,15,38,81,191,229,29
Solimana,238,226,464,14,13,16,16,18,18,92,33,10,8,7,16,37,69,84,13
Tébéré,529,504,1 033,32,35,49,36,39,43,212,67,28,11,23,40,75,164,152,27
Tenou,930,838,1 768,33,39,73,57,59,69,346,125,45,35,27,79,177,238,332,34
Thia,126,141,267,13,20,10,16,10,15,51,19,2,2,4,4,14,39,38,10
Tissi,513,488,1 001,14,6,15,11,21,16,229,117,32,36,22,31,40,110,280,21
Tombodougou,483,456,939,27,26,31,37,48,40,193,86,15,12,14,42,72,116,162,18
Toni,1 242,1 134,2 376,85,63,75,77,88,87,511,145,51,36,31,64,179,342,468,74
Tonkoroni,215,222,437,12,9,17,14,15,16,116,28,5,3,8,7,27,61,94,5
Tonseré,270,254,524,16,23,14,20,20,21,102,34,9,12,8,22,41,70,94,18
Zoun,385,356,741,26,21,16,29,25,26,123,51,15,18,13,29,74,119,133,23
,,,,,,,,,,,,,,,,,,,
"""COMMUNE: NOUNA - Urbain""",16 393,16 035,32 428,819,812,840,777,786,815,4 918,2 420,843,788,828,1 720,3 279,5 283,6 312,1 188
Secteur 1,2 306,2 286,4 592,119,109,74,103,90,115,631,337,122,119,106,266,507,748,963,183
Secteur 2,2 059,2 052,4 111,99,93,118,102,108,96,705,332,121,93,114,204,355,624,776,171
Secteur 3,1 276,1 127,2 403,62,44,45,53,30,47,254,155,64,74,73,169,324,561,395,53
Secteur 4,3 841,3 764,7 605,198,224,215,180,207,211,1 223,596,215,186,191,388,787,1 126,1 400,258
Secteur 5,2 692,2 566,5 258,140,116,153,131,107,125,764,377,118,112,118,266,581,891,1 053,206
Secteur 6,2 930,3 115,6 045,156,168,155,139,159,148,919,461,163,152,169,336,523,970,1 194,233
Secteur 7,1 289,1 125,2 414,45,58,80,69,85,73,422,162,40,52,57,91,202,363,531,84
,,,,,,,,,,,,,,,,,,,
"""COMMUNE: SONO** - Rural""",5 518,4 597,10 115,205,328,321,313,377,334,2 073,689,247,232,123,405,892,1 351,1 933,292
Bantombo,396,339,735,15,24,24,23,28,25,147,50,18,17,9,30,65,99,140,21
Botte*,122,101,223,4,7,7,7,8,7,49,15,5,5,3,8,19,30,42,7
Dankoumana*,496,407,903,18,30,29,28,34,30,185,61,22,21,11,36,80,120,172,26
Kallé*,664,553,1 217,25,39,39,37,45,40,248,83,30,28,15,49,107,163,233,36
Koury*,502,419,921,19,30,29,28,34,30,189,63,23,21,11,37,81,123,176,27
Lanfiera-Koura*,47,33,80,2,2,2,2,3,3,18,5,2,2,1,3,7,11,15,2
Siéla*,403,331,734,15,24,24,22,27,24,151,50,18,17,9,29,65,98,140,21
Sono*,2 553,2 128,4 681,94,152,148,147,175,154,956,320,114,107,57,188,413,624,897,135
Soro*,200,166,366,7,12,11,11,14,12,77,25,9,9,4,15,32,49,69,10
Zampana,135,120,255,6,8,8,8,9,9,53,17,6,5,3,10,23,34,49,7
,,,,,,,,,,,,,,,,,,,
PROVINCE: MOUHOUN,194 617,196 944,391 561,11 237,11 040,13 912,12 672,13 182,14 118,71 565,30 281,9 398,7 971,7 635,15 646,33 382,60 166,67 453,11 903
,,,,,,,,,,,,,,,,,,,
"""COMMUNE: BONDOKUY - Rural""",30 919,31 295,62 214,2 041,1 983,2 317,2 110,2 314,2 389,11 748,4 840,1 376,1 278,1 278,2 395,5 039,9 438,9 928,1 740
Anekuy,520,568,1 088,25,44,42,49,47,40,219,101,27,23,26,37,91,150,158,9
Bankouma,681,704,1 385,40,52,47,46,54,47,273,114,25,23,33,57,109,192,237,36
Bladi,381,438,819,13,12,33,37,56,23,159,83,17,19,6,15,39,125,152,30
Blomakoté,2 327,2 499,4 826,130,130,220,199,216,201,1 008,366,105,81,77,147,330,713,702,201
Bokuy,396,363,759,30,24,35,15,26,24,142,53,12,14,12,26,74,124,127,21
Bondokuy,2 471,2 667,5 138,124,125,119,124,127,166,874,522,164,167,160,279,454,623,936,174
Bonzawa,612,715,1 327,61,55,48,52,65,55,294,78,16,21,24,26,134,185,175,38
Bouan,681,675,1 356,53,36,48,25,54,56,222,104,20,30,34,50,116,210,263,35
Bouenivouhoun,552,554,1 106,31,36,40,30,41,32,240,100,31,11,22,33,85,146,189,39
Dampan,2 015,2 122,4 137,83,101,149,125,158,193,767,340,100,88,77,196,345,679,674,62
Diekuy,655,747,1 402,57,44,64,65,52,67,271,91,29,32,24,32,112,220,204,38
Dora,1 319,1 419,2 738,48,100,83,84,83,85,559,244,80,64,45,107,210,366,491,89
Farakuy,110,73,183,6,4,1,3,1,2,13,6,5,2,1,14,15,50,57,3
Gargabouli,855,734,1 589,54,87,53,105,64,71,295,85,19,26,19,67,116,224,285,19
Hité,686,517,1 203,118,129,20,26,77,27,150,36,7,6,21,36,145,254,137,14
Kera,1 412,1 371,2 783,75,52,85,71,82,93,575,250,75,61,60,138,204,379,486,97
Kinimou,642,732,1 374,65,28,54,60,54,59,288,103,34,23,26,45,102,203,186,44
Koko,811,828,1 639,50,52,83,59,55,77,331,128,37,29,31,52,130,231,251,43
Koumana,3 124,3 140,6 264,235,227,273,218,263,224,1 210,475,115,127,142,196,474,966,952,167
Moukouna,1 854,1 861,3 715,173,73,150,162,127,162,715,332,77,82,109,152,295,548,453,105
Ouakara,711,546,1 257,20,15,17,18,14,22,83,40,34,15,14,49,141,373,363,39
Silmimossi,1 213,1 337,2 550,144,92,122,125,106,112,491,155,59,45,37,77,213,359,333,80
Syn-Bekuy,371,398,769,15,18,20,25,19,41,155,69,25,11,16,29,53,109,146,18
Syn-Dombokuy,328,286,614,17,24,27,15,32,29,109,47,13,15,15,28,57,72,102,12
Syn-Donkuy,274,273,547,16,22,27,13,13,24,98,47,8,18,3,36,43,82,85,12
Tankuy,802,799,1 601,41,53,43,35,57,56,287,133,37,34,40,81,145,232,280,47
Tia,1 146,1 130,2 276,79,70,121,80,98,90,431,170,36,38,32,84,163,400,331,53
Toun,502,423,925,6,22,17,30,19,35,179,87,21,19,27,39,87,151,156,30
Wakuy,1 006,920,1 926,45,76,72,63,71,80,442,146,38,37,40,80,154,259,279,44
Wouzabri,427,516,943,33,30,26,29,24,37,119,45,8,14,17,22,93,203,208,35
Zanzaka,1 487,1 386,2 873,101,107,127,86,103,120,546,209,80,80,70,127,222,427,387,81
Zoromtenga,548,554,1 102,53,43,51,36,56,39,203,81,22,23,18,38,88,183,143,25
,,,,,,,,,,,,,,,,,,,
"""COMMUNE: DEDOUGOU""",60 577,63 396,123 973,3 505,3 145,3 911,3 508,3 631,3 865,20 854,9 564,3 068,2 722,2 781,5 836,12 511,19 993,21 267,3 812
,,,,,,,,,,,,,,,,,,,
"""COMMUNE: DEDOUGOU - Rural""",30 202,30 154,60 356,1 919,1 674,2 214,2 125,2 166,2 330,11 892,4 917,1 428,1 176,1 187,2 302,4 696,8 350,9 765,2 215
Bana,241,254,495,18,11,18,12,27,18,91,45,9,8,12,16,36,79,79,16
Bokuy,603,544,1 147,32,29,41,32,33,47,235,103,33,26,20,50,88,139,204,35
Boron,468,458,926,4,27,39,37,36,28,189,67,22,27,16,33,73,135,157,36
Dakuy,368,309,677,23,16,24,33,19,29,125,51,17,9,16,24,47,103,119,22
Debe,298,280,578,22,26,24,20,17,20,118,42,12,7,12,25,46,80,92,15
Fakouna,1 721,1 861,3 582,130,96,166,152,130,151,689,289,71,43,69,128,307,465,571,125
Haperekuy,71,74,145,0,4,4,7,6,7,27,14,5,3,3,6,3,16,32,8
Kamandena,773,780,1 553,75,38,46,56,37,73,325,114,31,30,42,42,89,227,276,52
Kari,1 283,1 356,2 639,71,75,67,88,78,95,477,232,83,62,49,109,217,378,473,85
Karo,2 530,2 458,4 988,209,122,187,194,208,194,897,436,122,103,93,188,387,763,743,142
Koran,369,330,699,28,12,23,19,12,33,146,59,20,12,16,27,41,89,143,19
Kore,1 191,1 377,2 568,56,84,92,102,87,92,580,200,67,53,71,95,158,316,424,91
Koukatenga,671,779,1 450,35,38,51,32,49,49,333,140,45,34,38,41,77,143,266,79
Kouna,150,135,285,8,5,9,13,7,10,55,23,8,2,5,14,16,50,47,13
Kounandia,983,945,1 928,83,30,69,85,62,96,372,133,55,35,32,60,158,298,299,61
Lonkakuy,235,202,437,12,9,17,18,14,17,88,37,5,6,19,16,42,63,65,9
Magnimasso,933,818,1 751,46,44,71,69,50,76,319,132,42,26,34,67,149,259,310,57
Makuy,166,185,351,6,13,12,7,19,7,70,34,8,7,13,8,20,50,69,8
Massala,1 567,1 504,3 071,93,83,118,97,109,103,759,231,55,51,47,87,226,356,382,274
Noakuy,1 015,834,1 849,60,32,46,47,48,59,310,123,51,35,34,152,285,245,272,50
Oulani,838,812,1 650,17,40,41,58,62,50,292,121,36,21,24,80,139,255,276,138
Parade,581,561,1 142,58,35,53,42,41,47,198,68,25,24,24,30,102,205,157,33
Passakongo,2 213,2 071,4 284,126,115,160,143,158,167,837,325,108,92,79,150,307,625,696,196
Sagala,271,307,578,17,19,16,14,23,23,134,61,13,10,12,17,28,65,110,16
Soakuy,120,115,235,5,6,7,3,7,6,43,19,11,5,4,9,31,27,42,10
Sokoura,824,961,1 785,50,57,67,73,53,58,361,140,38,33,58,94,118,241,301,43
Soukuy,765,707,1 472,48,39,60,48,51,39,274,126,40,40,24,54,79,200,297,53
Souri,2 997,3 158,6 155,189,195,208,227,219,240,1 186,519,147,130,115,222,526,841,997,194
Tare,238,241,479,21,18,15,17,31,20,91,38,14,12,6,14,41,63,67,11
Tiankuy,389,363,752,20,13,30,24,25,30,149,74,17,14,7,23,64,130,110,22
Tourouba,3 194,3 308,6 502,252,216,286,223,291,296,1 281,571,121,119,104,243,472,870,1 002,155
Wetina,314,327,641,19,19,32,17,33,23,124,46,20,13,9,27,37,91,111,20
Worokuy,461,433,894,7,27,23,25,25,35,179,73,26,16,29,39,69,125,156,40
Yonkuy,530,477,1 007,40,25,35,38,42,39,204,90,15,22,26,38,85,115,162,31
Zakuy,136,131,267,12,9,8,9,9,9,46,23,3,8,2,14,14,43,48,10
Zeoula,473,489,962,20,30,33,32,35,30,196,83,30,23,19,42,76,137,146,30
Zéoulé,222,210,432,7,17,16,12,13,14,92,35,3,15,4,18,43,63,64,16
,,,,,,,,,,,,,,,,,,,
"""COMMUNE: DEDOUGOU - Urbain""",30 375,33 242,63 617,1 586,1 471,1 697,1 383,1 465,1 535,8 962,4 647,1 640,1 546,1 594,3 534,7 815,11 643,11 502,1 597
Secteur 1,1 229,1 426,2 655,47,61,62,48,48,46,358,211,81,48,61,137,261,512,540,134
Secteur 2,7 969,8 936,16 905,433,456,457,370,395,415,2 323,1 205,397,402,420,869,1 994,3 171,3 205,393
Secteur 3,4 337,4 590,8 927,208,208,288,197,232,223,1 263,638,234,205,219,511,1 108,1 652,1 522,219
Secteur 4,1 057,914,1 971,35,19,40,33,34,27,242,110,43,34,35,92,258,477,421,71
Secteur 5,7 269,8 026,15 295,392,315,395,338,345,352,2 208,1 059,399,396,366,894,1 862,2 749,2 846,379
Secteur 6,7 883,8 865,16 748,439,379,414,369,385,431,2 391,1 283,445,432,452,979,2 239,2 895,2 821,394
Secteur 7,631,485,1 116,32,33,41,28,26,41,177,141,41,29,41,52,93,187,147,7
,,,,,,,,,,,,,,,,,,,
"""COMMUNE: DOUROULA - Rural""",9 344,9 074,18 418,566,545,730,648,611,751,3 604,1 390,466,393,337,677,1 437,2 444,3 210,609
Bladi,1 750,1 626,3 376,114,89,142,109,115,129,643,248,86,63,57,118,286,481,588,108
Douroula,2 236,2 023,4 259,111,138,125,147,121,156,747,327,123,102,88,181,379,530,798,186
Kankono,490,475,965,32,33,37,38,43,40,200,60,17,25,8,28,56,154,165,29
Kassakongo,466,519,985,24,41,56,27,25,37,179,72,24,24,18,52,87,140,155,24
Kerebe,836,751,1 587,57,52,74,51,51,71,330,121,37,37,27,71,115,216,237,40
Kirikongo,870,873,1 743,76,47,76,64,54,78,344,146,39,34,40,63,130,204,287,61
Koussiri,256,251,507,14,16,20,20,16,23,108,32,20,17,14,13,33,63,85,13
Noraotenga,455,558,1 013,33,26,56,32,31,59,240,85,21,24,16,25,50,112,174,29
Sa,512,513,1 025,35,28,28,41,47,47,200,91,18,18,16,25,77,132,193,29
Souma,409,447,856,17,23,26,26,38,28,199,48,22,20,16,26,56,117,168,26
Tora,326,319,645,19,13,28,24,22,30,121,63,18,13,12,27,50,88,98,19
Toroba,738,719,1 457,34,39,62,69,48,53,293,97,41,16,25,48,118,207,262,45
,,,,,,,,,,,,,,,,,,,
"""COMMUNE: KONA - Rural""",13 798,13 366,27 164,817,771,966,954,1 007,980,5 178,2 022,690,511,446,1 010,2 080,4 258,4 729,745
Blé,646,601,1 247,42,38,48,41,43,47,214,108,39,24,22,40,98,191,226,26
Dafina,632,580,1 212,26,14,29,44,32,40,228,83,25,24,18,37,123,210,233,46
Dangouna,975,995,1 970,58,55,59,68,72,67,393,137,47,41,30,68,143,325,346,61
Goulo,794,838,1 632,57,64,81,59,76,87,340,110,41,35,36,69,128,198,231,20
Kona,2 249,2 161,4 410,119,111,148,144,159,144,845,361,117,96,74,177,324,668,772,151
Kouana,1 073,999,2 072,54,59,73,66,73,88,398,167,47,36,17,100,157,355,339,43
Lah,2 377,2 292,4 669,130,157,159,178,163,162,889,311,130,76,78,190,355,738,830,123
Nana,671,661,1 332,80,40,39,39,42,37,230,89,32,20,25,54,76,228,269,32
Pie,1 388,1 339,2 727,100,97,117,95,105,111,536,201,64,53,36,83,230,391,436,72
Sanfle,428,447,875,29,14,31,32,29,39,164,72,21,14,21,29,67,147,143,23
Soungoule,167,169,336,7,8,11,13,16,12,52,24,13,4,9,9,27,50,69,12
Tâ,619,574,1 193,41,42,42,45,48,34,239,98,28,24,22,46,81,192,177,34
Tena,353,366,719,8,12,31,36,40,23,138,61,19,17,7,33,48,110,110,26
Tona,644,629,1 273,32,37,38,42,35,44,239,100,33,27,28,40,93,197,242,46
Yankoro,91,94,185,5,2,5,10,5,5,39,12,2,6,4,9,16,31,31,3
Yoana,501,443,944,21,12,44,33,52,30,165,56,24,8,14,14,81,166,203,21
Zina,190,178,368,8,9,11,9,17,10,69,32,8,6,5,12,33,61,72,6
,,,,,,,,,,,,,,,,,,,
"""COMMUNE: OUARKOYE - Rural""",21 839,22 777,44 616,1 369,1 320,1 682,1 653,1 560,1 903,8 579,3 432,1 087,866,799,1 589,3 396,6 456,7 539,1 386
Bekuy,387,367,754,34,24,31,33,27,26,117,63,24,11,20,24,62,108,118,32
Dankuy,619,566,1 185,14,29,41,48,30,58,210,81,22,27,21,33,109,173,226,63
Darou,328,327,655,11,22,33,20,37,33,125,49,18,12,10,18,50,114,92,11
Doudou,1 848,2 069,3 917,87,139,149,158,153,178,823,308,85,79,66,126,263,507,656,140
Fakena,2 352,2 440,4 792,82,114,150,173,148,191,973,351,118,96,84,160,397,779,863,113
Fouankuy,658,637,1 295,32,29,45,49,39,58,265,114,35,24,19,64,101,187,188,46
Kamako,94,74,168,7,3,7,5,7,10,29,9,8,4,7,3,14,16,34,5
Kekaba,647,659,1 306,32,36,70,57,45,48,212,107,19,17,13,46,115,213,231,45
Koena,1 306,1 264,2 570,205,90,114,106,106,115,470,192,51,46,46,62,189,330,385,63
Kosso,3 034,3 248,6 282,213,157,267,239,239,265,1 243,486,174,115,124,212,452,834,1 081,181
Lokinde,233,233,466,6,22,8,32,16,30,78,26,13,6,4,24,29,72,87,13
Miana,406,393,799,29,28,38,21,21,34,164,80,24,13,17,26,50,116,124,14
Monkuy,1 469,1 600,3 069,84,89,130,109,96,153,653,266,71,65,53,95,185,439,500,81
Ouanabekuy,682,651,1 333,38,41,50,53,42,45,310,113,54,18,32,48,90,175,197,27
Ouarkoye,2 193,2 287,4 480,127,141,125,105,98,134,720,357,122,111,115,263,409,642,844,167
Oue,198,214,412,0,8,16,9,16,21,92,29,14,7,5,12,30,70,74,9
Perakuy,173,183,356,3,6,14,18,19,15,59,12,4,5,3,14,22,78,67,17
Pouankuy,1 177,1 263,2 440,101,101,90,110,103,134,410,184,48,42,37,96,194,354,382,54
Poundou,1 785,2 072,3 857,118,129,133,153,141,173,797,290,89,79,56,102,281,564,609,143
Samakuy,231,261,492,35,16,7,15,14,20,83,38,10,8,4,18,44,69,89,22
Soana,272,253,525,7,18,23,20,23,21,107,34,10,16,9,21,47,53,106,10
Sokongo,941,963,1 904,70,46,75,64,81,74,376,150,41,40,31,68,148,263,305,72
Syn n°1,202,178,380,0,7,14,16,18,18,49,21,8,2,6,21,36,88,68,8
Tiokuy,604,575,1 179,34,25,52,40,41,49,214,72,25,23,17,33,79,212,213,50
,,,,,,,,,,,,,,,,,,,
"""COMMUNE: SAFANE - Rural""",31 602,30 446,62 048,1 704,1 700,2 402,2 028,2 260,2 265,11 514,4 814,1 376,1 121,1 112,2 192,4 733,9 646,11 333,1 848
Banga,337,383,720,25,9,37,36,28,27,141,68,12,11,13,24,53,127,102,7
Banou,1 122,1 050,2 172,76,60,97,81,99,76,404,152,38,34,28,71,155,350,384,67
Bara,1 170,1 141,2 311,90,56,100,72,82,77,429,168,61,49,50,71,168,345,425,68
Bara-Yankasso,708,701,1 409,36,39,64,46,58,46,284,119,30,23,16,40,110,208,245,45
Biforo,1 282,1 188,2 470,69,67,95,97,88,104,445,183,55,42,46,96,211,391,407,74
Bilakongo,549,488,1 037,29,33,47,36,40,42,220,94,14,13,15,20,54,143,199,38
Bomboila,731,687,1 418,44,41,70,47,57,59,257,117,29,35,18,45,124,202,251,22
Bominasso,210,196,406,17,14,20,17,12,17,63,28,3,6,5,25,33,61,79,6
Bona,1 322,1 358,2 680,88,83,111,80,112,98,522,207,75,46,45,88,216,446,410,53
Bossien,558,560,1 118,37,37,41,43,50,48,218,91,20,12,16,30,109,178,164,24
Datomo,2 416,2 338,4 754,92,103,163,144,137,154,791,350,168,100,100,240,385,770,898,159
Doumakélé,158,154,312,2,4,6,0,16,12,62,29,11,6,8,16,11,57,62,10
Guizigoron,90,96,186,11,7,6,6,8,8,34,10,5,2,3,6,12,39,27,2
Kienséré,706,626,1 332,29,33,53,45,43,58,256,113,39,23,22,37,76,219,247,39
Kira,582,508,1 090,44,33,45,46,41,51,199,77,15,18,13,35,84,172,194,23
Kokoun,988,1 058,2 046,85,45,84,75,96,72,418,140,31,24,22,59,159,320,358,58
Kongoba,935,946,1 881,62,65,64,76,60,73,363,179,33,40,28,64,124,271,330,49
Kongodiana,203,182,385,9,16,22,11,20,17,76,21,7,4,3,8,28,67,66,10
Kongosso,297,235,532,23,22,24,25,22,11,108,19,14,5,4,12,47,106,82,8
Lanfièra,745,884,1 629,51,49,62,49,54,59,346,142,40,27,30,65,96,196,303,60
Makongo,1 105,1 013,2 118,44,51,70,69,70,63,407,180,44,37,52,59,147,298,443,84
Missakongo,232,210,442,8,17,20,14,16,23,84,46,8,6,5,7,36,67,76,9
Nounou,1 136,1 095,2 231,72,65,131,67,122,78,396,144,29,28,36,71,148,330,419,95
Pakolé,304,307,611,23,19,26,22,21,25,118,49,13,8,19,23,34,103,97,11
Pakoro,112,104,216,2,7,8,3,8,9,44,14,4,2,4,7,24,34,36,10
Safané,5 329,5 136,10 465,238,246,310,308,311,302,1 712,928,246,257,206,451,896,1 673,2 045,336
Sikorosso,12,10,22,0,0,3,1,0,0,7,0,0,2,0,1,1,3,4,0
Sin,847,843,1 690,47,57,73,58,63,73,341,129,39,24,51,58,111,244,274,48
Sirakorosso,145,117,262,8,10,7,9,10,12,45,10,6,4,1,14,30,39,47,10
Siralo,818,804,1 622,38,22,51,40,57,59,304,133,39,27,26,58,116,297,300,55
Sodien,935,907,1 842,39,46,52,73,59,66,360,129,42,39,33,63,143,278,370,50
Sokoula,353,340,693,26,29,30,16,31,24,121,50,14,11,7,24,59,103,132,16
Sokoulani,478,440,918,20,13,37,28,40,42,193,52,21,14,23,26,56,137,195,21
Tiekuy,209,230,439,2,14,16,10,8,8,90,44,9,13,15,13,29,56,82,30
Tounou,958,876,1 834,62,69,83,53,74,64,364,123,33,25,33,53,158,315,283,42
Tuena,403,275,678,10,13,39,21,34,19,91,23,6,10,3,27,42,121,201,18
Yamou,441,404,845,13,33,24,24,33,37,147,70,19,18,16,25,59,131,149,47
Yankasso,1 232,1 215,2 447,46,93,116,83,86,111,488,188,44,36,38,66,179,349,461,63
Ziasso,610,568,1 178,37,25,48,40,37,64,243,77,24,17,20,53,82,161,213,37
Zienkuy,834,773,1 607,50,55,47,57,57,77,323,118,36,23,39,41,128,239,273,44
,,,,,,,,,,,,,,,,,,,
"""COMMUNE: TCHERIBA - Rural""",26 538,26 590,53 128,1 235,1 576,1 904,1 771,1 799,1 965,10 088,4 219,1 335,1 080,882,1 947,4 186,7 931,9 447,1 763
Bankorosso,271,267,538,14,24,13,23,17,22,114,52,8,12,5,9,40,90,78,17
Banouba,365,344,709,27,20,10,31,31,29,146,55,20,13,14,18,50,111,108,26
Bekeyou,826,940,1 766,25,65,80,66,89,76,376,162,43,24,24,44,85,234,318,55
Beneyou,164,131,295,1,3,22,9,13,5,53,33,9,7,4,10,30,35,49,12
Bissanderou,981,906,1 887,18,35,50,55,58,71,412,175,79,38,34,64,122,328,296,52
Dah,352,320,672,27,17,31,25,30,28,136,51,15,16,7,23,58,93,92,23
Didie,294,337,631,21,16,24,40,20,30,118,43,11,12,12,23,52,103,81,25
Djissasso,984,929,1 913,72,56,69,38,71,62,377,154,45,46,31,68,128,262,357,77
Douroukou,1 069,991,2 060,41,61,94,69,63,79,403,172,61,52,42,80,148,285,360,50
Etouayou,417,427,844,13,31,31,37,23,32,172,68,17,19,20,27,57,108,166,23
Gamadougou,518,597,1 115,27,37,48,40,24,48,226,92,34,25,15,32,89,159,190,29
Kana,121,114,235,9,6,2,13,5,11,43,18,3,4,1,13,23,35,39,10
Kari,655,592,1 247,37,31,57,50,48,56,231,88,19,15,17,33,100,187,239,39
Labien,969,1 005,1 974,37,52,65,79,70,109,417,129,47,29,30,78,180,305,301,46
Lan,944,923,1 867,32,58,72,73,72,85,342,137,55,33,31,91,143,258,343,42
Nerekorosso,786,753,1 539,42,37,55,55,57,52,320,125,36,26,21,51,91,213,295,63
Oualou,874,948,1 822,68,45,62,74,58,65,294,134,35,46,19,95,191,288,305,43
Oualoubié,114,94,208,1,3,4,4,3,6,35,13,4,6,4,10,21,46,41,7
Ouezala,754,786,1 540,42,50,50,39,49,57,301,111,47,24,26,64,134,236,253,57
Oula,924,884,1 808,40,49,74,77,78,69,347,127,43,26,40,58,155,267,307,51
Sao,1 833,1 737,3 570,88,130,152,128,162,134,681,254,91,74,50,105,245,453,690,133
Sirakélé,632,599,1 231,48,27,29,42,48,42,232,101,34,21,27,61,106,171,206,36
Tchériba,3 949,3 922,7 871,139,259,220,196,212,197,1 284,632,211,189,152,360,740,1 322,1 471,287
Tierkou,1 283,1 290,2 573,55,54,86,47,75,100,482,229,63,61,54,93,187,421,469,97
Tikan,2 480,2 451,4 931,125,157,174,184,153,190,930,355,113,79,82,182,377,737,930,163
Tissé,1 589,1 742,3 331,49,125,121,129,105,116,630,305,83,93,50,113,195,487,604,126
Yeyon,121,121,242,7,9,7,6,12,7,56,19,4,4,3,5,27,36,33,7
Youlou,675,692,1 367,38,18,68,49,37,56,268,104,27,28,21,36,155,191,234,37
Zekuy,1 594,1 748,3 342,92,101,134,93,116,131,662,281,78,58,46,101,257,470,592,130
,,,,,,,,,,,,,,,,,,,
PROVINCE: NAYALA,110 674,112 477,223 151,6 753,6 448,7 538,7 595,7 525,8 159,42 562,18 874,5 646,5 151,4 802,8 967,17 053,28 501,38 787,8 790
,,,,,,,,,,,,,,,,,,,
"""COMMUNE: GASSAN - Rural""",22 498,21 641,44 139,1 428,1 329,1 537,1 541,1 404,1 570,7 992,3 388,1 048,949,925,1 768,3 506,5 958,7 938,1 858
Balanso,331,370,701,23,26,24,18,15,29,153,57,12,20,18,25,39,81,137,24
Dièrè,1 651,1 526,3 177,97,94,83,119,116,96,603,248,64,80,65,129,253,396,583,151
Djimbara,1 339,1 262,2 601,79,82,88,91,84,91,454,207,71,62,50,127,212,304,497,102
Djin,496,483,979,35,31,36,33,34,31,197,65,15,21,20,35,78,126,169,53
Gassan,5 240,5 324,10 564,327,287,348,322,304,345,1 865,866,292,239,262,467,875,1 576,1 784,405
Goni,654,640,1 294,41,60,65,44,46,74,255,93,23,26,15,38,95,161,214,44
Korombéré,620,603,1 223,47,51,70,56,47,70,223,76,27,18,24,42,88,162,175,47
Kossé,1 382,1 279,2 661,75,70,89,126,92,101,557,194,52,56,36,77,157,362,502,115
Koussiba,231,199,430,12,12,7,14,19,11,67,39,6,14,9,21,25,64,86,24
Koussidian,378,346,724,19,13,26,18,20,16,106,51,19,18,13,34,81,118,142,30
Laraba,961,972,1 933,67,50,54,62,54,81,335,156,60,32,52,77,151,256,357,89
Larè,855,750,1 605,63,46,61,74,46,62,298,111,41,29,25,60,150,205,281,53
Léry,782,788,1 570,53,54,60,58,59,53,278,127,31,39,30,40,123,179,323,63
Lesséré,588,543,1 131,43,34,42,49,41,19,195,84,19,20,21,41,93,162,203,65
Moara-Grand,1 012,917,1 929,78,58,97,68,75,78,317,126,40,27,38,66,177,301,320,63
Moara-Petit,481,451,932,25,29,37,34,25,37,190,87,31,19,20,20,61,113,163,41
Soni,418,353,771,31,15,28,35,20,30,129,49,13,14,16,29,62,134,127,39
Soro,858,815,1 673,40,39,43,49,48,37,283,123,40,50,47,72,143,204,353,102
Soroni,396,437,833,27,33,32,24,29,30,163,62,19,12,16,28,64,104,154,36
Téri-Rimaïbé,308,289,597,15,21,23,15,21,29,110,48,7,10,6,24,30,81,133,24
Téri-Samo,246,254,500,22,19,16,29,17,29,87,35,11,7,17,14,36,71,69,21
Tissi,945,899,1 844,53,75,70,58,65,74,323,147,39,30,28,72,172,248,343,47
Toubani,496,431,927,38,34,33,44,24,42,152,60,20,18,18,59,57,141,148,39
Warou,406,373,779,22,24,30,29,25,34,142,63,15,11,23,42,56,101,122,40
Zaba,1 424,1 337,2 761,96,72,75,72,78,71,510,214,81,77,56,129,228,308,553,141
,,,,,,,,,,,,,,,,,,,
"""COMMUNE: GOSSINA - Rural""",12 606,13 635,26 241,919,857,1 016,1 024,1 049,1 106,5 466,2 386,664,559,510,997,1 706,3 006,4 057,919
Bosson,442,475,917,32,30,33,22,33,37,184,82,27,22,26,45,64,86,151,43
Boum,85,78,163,3,9,5,8,6,6,34,23,7,2,4,4,12,19,17,4
Gossina,2 937,2 937,5 874,217,188,202,207,238,212,1 151,539,144,130,133,227,424,769,909,184
Kalabo,635,656,1 291,46,40,68,40,51,57,248,93,42,38,27,44,97,158,201,41
Koayo,850,782,1 632,44,50,53,53,70,70,313,163,40,27,20,66,131,179,300,53
Kwon,2 163,2 557,4 720,139,147,221,162,180,185,1 078,463,127,107,97,209,273,459,693,180
Lekoun,349,393,742,31,17,20,45,41,39,161,62,20,12,15,25,45,87,101,21
Madamao,472,479,951,27,32,34,44,31,43,228,86,20,23,27,34,45,100,154,23
Massako,669,706,1 375,41,45,44,62,46,64,284,135,31,35,36,60,90,141,214,47
Naboro,346,423,769,19,18,28,29,29,34,182,93,25,12,7,23,27,66,135,42
Nianankoré,165,150,315,7,11,12,13,14,14,75,25,6,5,5,9,15,41,52,11
Nyfou,580,714,1 294,45,47,55,57,55,55,282,131,32,19,16,41,90,154,176,39
Sui,958,1 093,2 051,68,63,61,78,80,102,436,209,47,49,40,91,92,201,344,90
Tandou,236,293,529,16,26,18,26,25,22,121,40,16,15,6,13,33,65,73,14
Tarba,449,429,878,34,32,31,43,38,41,188,70,19,20,14,16,56,98,151,27
Zelassé,1 270,1 470,2 740,150,102,131,135,112,125,501,172,61,43,37,90,212,383,386,100
,,,,,,,,,,,,,,,,,,,
"""COMMUNE: KOUGNY - Rural""",11 416,10 907,22 323,704,636,733,780,732,824,4 202,1 836,568,586,494,927,1 638,2 779,3 949,935
Goin,1 040,1 001,2 041,68,48,42,63,59,71,394,188,79,61,52,80,138,230,384,84
Gounian,1 175,1 123,2 298,90,63,98,89,81,109,417,164,48,43,48,101,178,319,370,80
Gouri,867,852,1 719,53,46,74,61,75,66,319,127,39,46,37,66,135,214,298,63
Kamba,654,688,1 342,38,33,43,44,43,52,282,118,36,28,24,54,73,148,257,69
Kibiri,455,457,912,29,41,36,39,36,38,192,56,13,36,8,32,64,115,148,29
Kougny,2 810,2 599,5 409,181,157,170,183,158,177,956,424,131,148,126,256,453,722,939,228
Niaré,1 415,1 375,2 790,78,84,98,100,95,105,544,220,72,61,70,105,205,318,522,113
Nimina,1 164,1 010,2 174,57,51,54,75,57,86,401,225,56,60,59,89,153,250,388,113
Sebéré,1 001,1 001,2 002,53,52,58,80,65,79,406,168,55,49,36,82,109,240,384,86
Tiouma,835,801,1 636,57,61,60,46,63,41,291,146,39,54,34,62,130,223,259,70
,,,,,,,,,,,,,,,,,,,
"""COMMUNE: TOMA""",19 310,19 799,39 109,976,960,1 141,1 087,1 156,1 240,6 991,3 500,1 058,979,970,1 860,3 481,4 812,7 208,1 690
,,,,,,,,,,,,,,,,,,,
"""COMMUNE: TOMA - Rural""",11 565,11 693,23 258,619,640,774,749,739,832,4 597,2 215,648,595,559,925,1 731,2 582,4 030,1 023
Goa,471,442,913,25,27,27,33,27,38,183,95,24,31,20,37,59,101,149,37
Goussi,355,406,761,27,17,29,33,29,38,178,76,23,15,21,16,24,79,126,30
Koin,2 374,2 230,4 604,130,117,122,115,136,152,815,419,147,124,105,202,414,544,839,223
Kolan,695,753,1 448,41,48,73,49,68,46,301,128,25,31,30,52,92,160,252,52
Konti,186,244,430,13,19,12,12,17,22,88,39,10,9,8,19,25,48,66,23
Niémé,476,454,930,24,24,25,24,32,38,179,86,25,29,20,41,71,104,163,45
Nyon,403,350,753,18,19,25,29,16,31,153,70,17,22,19,27,47,80,134,46
Pankélé,1 441,1 511,2 952,73,97,114,113,105,103,604,301,69,77,71,120,199,310,484,112
Raotenga,109,168,277,7,8,11,16,9,6,54,24,8,3,5,4,22,44,46,10
Sawa,629,520,1 149,32,26,34,38,33,48,212,115,35,21,25,54,76,129,200,71
Semba,316,388,704,29,23,20,26,16,30,163,79,19,16,23,22,39,60,117,22
Sien,564,554,1 118,20,23,38,27,31,40,224,109,38,28,28,51,99,124,192,46
Siépa,459,498,957,15,33,35,35,41,35,211,101,27,22,19,34,46,108,167,28
Tô,898,847,1 745,45,34,51,48,46,61,349,154,40,47,41,65,139,179,348,98
Yayo,109,127,236,6,9,8,5,12,6,59,21,5,2,2,7,20,24,42,8
Zouma,2 080,2 201,4 281,114,116,150,146,121,138,824,398,136,118,122,174,359,488,705,172
,,,,,,,,,,,,,,,,,,,
"""COMMUNE: TOMA - Urbain""",7 745,8 106,15 851,357,320,367,338,417,408,2 394,1 285,410,384,411,935,1 750,2 230,3 178,667
Secteur 1,1 415,1 561,2 976,59,74,67,68,94,73,478,245,79,74,71,125,291,426,613,139
Secteur 2,627,673,1 300,33,29,20,24,41,24,199,109,32,23,31,67,137,160,300,71
Secteur 3,1 009,1 091,2 100,53,45,53,52,55,60,310,176,62,51,58,114,213,281,437,80
Secteur 4,1 101,1 094,2 195,55,57,46,45,39,47,267,173,51,45,60,164,285,387,409,65
Secteur 5,1 157,1 214,2 371,49,38,76,44,59,55,349,196,66,68,71,168,281,357,421,73
Secteur 6,280,320,600,10,15,6,14,14,3,100,53,19,22,16,32,38,64,155,39
Secteur 7,1 723,1 696,3 419,74,49,73,63,88,112,520,256,75,85,83,221,433,456,681,150
Secteur 8,433,457,890,24,13,26,28,27,34,171,77,26,16,21,44,72,99,162,50
,,,,,,,,,,,,,,,,,,,
"""COMMUNE: YABA - Rural""",20 141,21 240,41 381,1 143,1 256,1 362,1 316,1 398,1 594,8 226,3 698,1 018,955,887,1 501,2 862,4 914,7 441,1 810
Bagnontenga,772,871,1 643,44,64,61,64,57,60,382,146,32,36,25,33,79,179,313,68
Basnéré,155,185,340,5,5,18,13,6,11,63,29,12,7,6,6,17,55,74,13
Biba,2 584,2 560,5 144,173,156,162,158,154,196,897,428,141,99,120,211,439,653,940,217
Bo,693,612,1 305,31,40,20,47,38,58,254,129,26,26,27,35,78,151,276,69
Bounou,2 118,2 154,4 272,97,110,120,139,117,163,814,375,94,130,114,186,363,493,772,185
Doloba,51,69,120,2,1,5,5,1,5,31,13,3,5,3,3,5,9,23,6
Issapougo,527,679,1 206,40,32,48,44,28,72,245,107,26,29,25,31,89,123,216,51
Kera,467,551,1 018,15,20,28,27,27,38,180,127,24,34,19,36,77,138,190,38
Lah,277,274,551,22,16,13,9,15,16,118,57,14,12,16,24,37,53,109,20
Largogo,172,174,346,11,8,9,12,12,7,82,30,9,6,8,8,23,44,62,15
Loguin,909,1 005,1 914,56,59,71,63,80,76,376,159,41,38,31,64,116,256,342,86
Pangogo,646,839,1 485,30,43,64,62,53,60,322,150,39,30,27,41,72,159,257,76
Pasnam,264,358,622,14,22,23,19,21,29,124,75,20,18,11,28,39,59,101,19
Sapala,764,849,1 613,39,47,54,49,49,68,314,166,48,34,30,68,95,162,309,81
Saran,779,760,1 539,41,43,46,45,53,66,310,135,38,38,33,56,101,194,265,75
Siellé,1 411,1 687,3 098,95,113,96,95,136,101,733,281,80,52,63,94,159,354,522,124
Siena,823,817,1 640,43,57,36,50,78,53,318,140,52,36,43,54,109,190,305,76
Tiema,271,299,570,9,24,16,17,25,10,150,55,11,12,7,13,31,61,111,18
Toba,866,879,1 745,45,49,71,53,83,64,375,156,47,46,37,57,98,204,291,69
Tosson,711,643,1 354,44,45,52,61,44,56,267,105,29,41,22,57,82,168,224,57
Yaba,4 570,4 615,9 185,286,290,322,257,301,354,1 720,774,212,211,213,379,713,1 135,1 608,410
Zaré,311,360,671,1,12,27,27,20,31,151,61,20,15,7,17,40,74,131,37
,,,,,,,,,,,,,,,,,,,
"""COMMUNE: YE - Rural""",24 703,25 255,49 958,1 583,1 410,1 749,1 847,1 786,1 825,9 685,4 066,1 290,1 123,1 016,1 914,3 860,7 032,8 194,1 578
Bondaogtenga,765,792,1 557,46,37,45,69,46,60,324,153,44,45,39,59,94,191,247,58
Bouna,1 036,881,1 917,47,51,63,67,70,57,380,170,50,55,32,73,144,241,340,77
Daman,3 020,2 938,5 958,191,155,224,247,200,235,1 143,450,141,112,105,206,475,978,958,138
Doumbassa,576,562,1 138,38,37,35,42,30,39,221,105,32,23,22,42,81,128,215,48
Goersa,1 035,1 071,2 106,47,61,59,78,82,76,397,178,55,69,53,62,161,287,363,78
Kangotenga,518,634,1 152,31,47,35,37,40,61,240,111,36,25,35,54,56,114,198,32
Kobé,123,98,221,3,6,6,7,7,10,42,20,5,3,8,15,20,26,38,5
Mélou,1 639,1 807,3 446,107,91,151,163,144,116,644,282,89,57,70,121,273,482,541,115
Mobgowindtenga,798,933,1 731,42,50,65,65,61,70,387,153,43,42,43,52,98,207,287,66
Nabonswindé,916,997,1 913,49,41,75,69,86,65,417,156,51,47,41,67,130,231,311,77
Niempourou,862,836,1 698,95,85,66,69,47,49,305,117,40,37,32,62,123,217,276,78
Noagtenga,498,570,1 068,31,34,47,50,34,50,227,80,12,34,18,47,80,156,138,30
Sankoué,2 565,2 474,5 039,177,121,187,188,209,181,973,430,126,92,89,168,376,758,831,133
Saoura,1 853,1 753,3 606,126,99,123,118,128,130,746,296,74,72,55,121,280,547,583,108
Sidikitenga,457,521,978,36,43,34,38,28,38,206,82,33,24,12,37,72,116,145,34
Siguinvoussé,491,578,1 069,37,35,39,37,33,39,208,86,28,20,23,37,85,137,183,42
Tani,2 090,2 164,4 254,185,136,177,165,182,149,729,260,92,67,75,184,442,644,663,104
Watinoma,775,908,1 683,45,46,48,73,70,69,356,144,53,43,43,56,102,220,258,57
Yambatenga,353,372,725,35,18,26,30,20,43,169,33,21,21,13,23,44,81,126,22
Yé,4 333,4 366,8 699,215,217,244,235,269,288,1 571,760,265,235,208,428,724,1 271,1 493,276
,,,,,,,,,,,,,,,,,,,
PROVINCE: SOUROU,142 230,142 781,285 011,8 432,8 029,9 899,9 554,9 577,10 704,54 871,22 001,6 771,5 880,5 804,10 757,21 644,37 913,52 031,11 144
,,,,,,,,,,,,,,,,,,,
"""COMMUNE: DI - Rural""",19 498,18 589,38 087,1 282,1 302,1 437,1 325,1 338,1 380,7 088,2 721,761,745,726,1 392,3 083,5 683,6 834,990
Benkadi,645,632,1 277,43,38,63,42,48,42,266,95,28,19,24,54,94,170,221,30
Bossé,623,565,1 188,22,39,53,33,44,35,219,83,12,23,20,38,83,149,251,84
Bouna,749,626,1 375,38,42,61,48,57,56,269,84,21,41,30,54,106,225,207,36
Débé,2 510,2 360,4 870,127,168,183,172,176,172,895,382,106,110,120,181,410,718,850,100
Di,6 193,6 039,12 232,438,434,464,434,428,424,2 128,853,268,223,217,478,1 087,1 968,2 096,292
Donon,313,326,639,21,22,19,17,15,29,145,55,8,9,14,11,35,62,131,46
Koromé,89,91,180,3,5,6,2,4,10,31,15,4,5,5,10,15,10,45,10
Lo,166,161,327,8,6,10,11,12,16,63,29,6,2,6,12,21,40,74,11
Niassan,3 192,2 940,6 132,223,201,195,189,175,190,1 104,411,120,135,122,231,487,960,1 275,114
Niassari,127,118,245,8,5,11,11,5,12,52,18,8,5,3,9,15,17,53,13
Oué,2 180,2 077,4 257,143,154,167,168,160,174,842,317,85,89,79,133,342,621,681,102
Poro,760,807,1 567,70,57,65,62,74,58,321,112,29,17,18,31,89,216,293,55
Poura,538,563,1 101,30,43,35,34,30,46,231,81,23,20,20,37,82,116,226,47
Toma-Ile,301,313,614,15,27,34,27,32,31,111,23,0,10,12,18,51,107,109,7
Toma-koura,238,253,491,21,16,14,17,20,20,89,45,9,11,2,23,36,75,78,15
Tourou,311,254,565,30,20,21,20,21,31,126,39,8,6,14,17,27,65,108,12
Touroukoro,563,464,1 027,42,25,36,38,37,34,196,79,26,20,20,55,103,164,136,16
,,,,,,,,,,,,,,,,,,,
"""COMMUNE: GOMBORO - Rural""",6 097,6 559,12 656,389,382,483,400,424,540,2 751,1 044,286,231,212,298,702,1 417,2 492,605
Bassagoulo,354,364,718,29,32,39,29,13,28,146,64,16,24,12,20,38,83,120,25
Bouli,356,351,707,26,19,31,31,22,35,141,46,20,13,12,12,64,112,108,15
Dogna,104,103,207,5,10,3,10,5,7,41,21,4,5,6,5,11,25,40,9
Gala,412,509,921,30,23,46,36,36,39,202,80,20,8,23,24,58,107,153,36
Ganagoulo,63,61,124,4,4,4,4,4,4,25,9,3,2,2,4,10,19,22,4
Gani,222,209,431,13,13,16,15,16,17,85,30,9,7,9,13,34,64,78,12
Gomboro,3 035,3 316,6 351,182,208,255,170,211,272,1 418,517,133,113,90,132,304,629,1 365,352
Konga,812,953,1 765,76,53,45,60,66,87,380,139,37,29,24,40,76,196,346,111
Sia,700,654,1 354,22,18,42,43,48,47,297,133,42,28,32,46,101,170,246,39
Talbayiri,39,39,78,2,2,2,2,3,4,16,5,2,2,2,2,6,12,14,2
,,,,,,,,,,,,,,,,,,,
"""COMMUNE: KASSOUM - Rural""",13 129,12 565,25 694,680,787,970,865,962,924,4 924,1 849,551,470,433,950,1 912,3 328,5 051,1 038
Ban,264,242,506,18,16,18,12,15,20,68,26,8,6,15,32,46,92,80,34
Bangassi,579,579,1 158,36,44,39,35,51,46,241,78,25,18,7,29,75,145,249,40
Bao,457,479,936,37,33,26,39,39,40,195,79,7,14,18,30,61,120,173,25
Bassan,831,777,1 608,39,31,61,44,61,65,312,112,48,36,33,55,130,202,311,68
Bonro,388,389,777,25,33,20,27,28,27,171,58,23,14,12,29,64,58,154,34
Bourgou,320,309,629,16,19,41,15,35,21,117,37,15,11,3,19,43,96,111,30
Daré,234,205,439,16,12,11,16,10,22,89,24,11,4,9,20,25,59,96,15
Dialla,143,138,281,9,6,19,11,11,15,56,18,5,4,5,10,20,37,49,6
Dian,409,429,838,30,28,28,24,43,30,162,62,17,10,12,35,46,91,191,29
Dianra,235,207,442,12,15,8,20,8,18,83,33,11,12,12,12,43,49,86,20
Diélé,518,510,1 028,43,37,36,29,39,30,187,90,26,26,21,42,75,122,190,35
Douban,596,449,1 045,10,21,35,28,31,21,103,85,36,13,14,57,101,247,213,30
Doussoula,324,300,624,8,28,22,28,19,18,121,42,12,10,15,28,46,87,109,31
Kankani,300,297,597,22,28,38,17,29,17,98,36,12,11,15,35,39,72,105,23
Kassoum,725,680,1 405,37,31,40,50,55,46,267,104,30,31,18,40,83,169,347,57
Koulara,104,115,219,0,7,9,8,11,5,45,10,8,5,3,11,23,32,35,7
Kourani,303,296,599,7,12,17,20,28,21,135,41,13,10,11,27,39,72,116,30
Mara-Grand,566,549,1 115,24,41,34,38,36,47,226,67,19,14,16,32,73,136,245,67
Mara-petit,127,134,261,7,11,11,9,6,4,40,18,6,3,2,15,22,46,50,11
Naré,214,225,439,10,14,10,15,17,22,93,31,8,5,12,18,33,57,81,13
Ninlare,384,413,797,31,29,33,34,25,30,159,75,16,10,13,18,49,86,158,31
Ourkoum,294,247,541,1,20,21,20,20,20,119,35,8,12,5,25,45,94,87,9
Pini,593,596,1 189,48,37,58,45,52,35,262,77,10,17,5,38,90,125,226,64
Sorona,139,146,285,12,8,17,8,12,12,55,18,4,5,5,11,32,32,46,8
Soumara-Boumba,1 293,1 127,2 420,52,67,82,113,87,91,461,200,55,45,57,74,184,302,467,83
Soumarani,405,425,830,31,33,40,21,28,35,177,51,17,14,9,25,52,86,174,37
Tani,180,156,336,17,10,12,12,8,15,62,18,3,6,5,15,22,53,68,10
Tianra,132,143,275,0,5,7,7,10,8,58,26,8,9,7,8,24,38,51,9
Tiao,661,635,1 296,26,27,31,39,41,43,237,102,31,31,32,54,122,162,269,49
Toeré,374,311,685,18,16,32,27,33,25,141,44,13,15,12,14,46,85,143,21
Tombila,419,381,800,12,17,38,23,27,30,165,55,21,25,15,25,54,96,157,40
Torosso,127,135,262,9,10,14,7,7,11,49,19,2,7,2,17,32,26,45,5
Toungourou,217,216,433,2,22,30,14,21,8,66,29,11,6,6,25,32,67,72,22
Wawara,145,164,309,4,13,12,8,8,15,55,31,5,7,2,7,20,45,54,23
Yo,129,161,290,11,6,20,2,11,11,49,18,7,4,5,18,21,42,43,22
,,,,,,,,,,,,,,,,,,,
"""COMMUNE: KIEMBARA - Rural""",19 114,20 175,39 289,1 140,1 076,1 438,1 432,1 398,1 492,7 847,3 106,995,853,830,1 410,2 779,5 060,6 807,1 626
Bambara,1 012,1 049,2 061,66,76,90,74,80,93,433,149,50,37,45,70,129,228,372,69
Bangassogo,2 895,3 007,5 902,207,224,230,232,240,280,1 319,322,78,54,59,122,341,778,1 116,300
Dio,2 312,2 340,4 652,154,114,139,171,158,167,953,374,136,98,91,167,367,625,740,198
Gan,622,661,1 283,33,31,47,43,37,57,303,87,19,13,17,22,68,160,268,78
Gorgaré,1 315,1 585,2 900,109,79,150,117,122,99,568,226,61,54,54,91,219,397,455,99
Goueré,943,986,1 929,58,36,90,63,74,92,394,141,45,40,41,67,124,284,315,65
Gouyalé,1 463,1 523,2 986,85,115,107,135,107,132,597,205,63,60,56,95,219,381,528,101
Kiembara,3 383,3 358,6 741,106,139,186,189,157,180,1 040,672,238,249,218,389,617,928,1 156,277
Kirio,961,1 194,2 155,65,57,86,89,113,74,433,179,53,45,47,63,128,265,362,96
Kouygoulo,429,524,953,30,22,41,28,35,35,186,97,36,21,27,45,76,111,147,16
Niassono,612,620,1 232,44,27,40,49,39,33,254,91,35,22,43,55,84,169,186,61
Ouéllé,2 120,2 184,4 304,119,100,133,152,146,165,929,389,123,118,93,144,254,485,763,191
Sissile,641,766,1 407,41,48,55,52,44,55,304,128,38,29,24,49,80,142,266,52
Zabo,406,378,784,23,8,44,38,46,30,134,46,20,13,15,31,73,107,133,23
,,,,,,,,,,,,,,,,,,,
"""COMMUNE: LANFIERA - Rural""",13 069,12 417,25 486,781,773,940,843,815,917,4 493,1 786,595,475,446,964,2 101,4 033,4 685,839
Bissan,453,357,810,27,30,31,23,24,26,130,47,25,21,18,30,70,137,140,31
Doule,335,291,626,18,17,19,26,11,28,100,43,13,11,12,22,59,82,125,40
Gouran,1 786,1 610,3 396,74,82,131,103,84,105,493,206,72,66,60,136,365,720,632,67
Guiedougou,4 757,4 592,9 349,322,307,344,298,318,341,1 683,647,200,170,141,321,763,1 469,1 735,290
Kamina,650,616,1 266,35,35,41,34,32,38,247,99,31,19,28,46,100,176,238,67
Koumbara,1 352,1 305,2 657,65,81,107,85,93,101,466,185,64,39,45,99,234,411,445,137
Lanfièra,531,568,1 099,33,39,34,35,24,34,187,76,31,20,26,45,66,156,234,59
Nion,735,768,1 503,64,38,54,71,71,83,271,117,44,31,24,57,88,216,239,35
Ouerin,427,425,852,29,32,34,30,33,33,153,65,19,10,15,37,76,113,155,18
Toumani,244,222,466,16,13,17,12,10,10,90,36,9,10,18,24,23,64,92,22
Yaran,1 207,1 098,2 305,56,49,82,80,82,73,462,168,53,59,39,113,175,323,443,48
Yayo,592,565,1 157,42,50,46,46,33,45,211,97,34,19,20,34,82,166,207,25
,,,,,,,,,,,,,,,,,,,
"""COMMUNE: LANKOUE - Rural""",10 569,11 341,21 910,708,644,739,727,800,856,4 583,1 917,587,442,449,725,1 451,2 614,3 797,871
Gourbala,1 137,1 211,2 348,72,52,77,69,96,101,532,224,69,47,43,71,140,253,425,77
Gourbassa,865,928,1 793,48,69,78,76,72,85,390,134,42,25,47,52,108,210,293,64
Komyargo,891,946,1 837,59,60,72,76,63,86,394,168,43,29,36,52,126,224,292,57
Lankoué,3 446,3 657,7 103,215,196,233,216,255,271,1 411,612,175,157,142,231,531,950,1 217,291
Ouori,1 078,1 180,2 258,76,68,72,83,91,97,461,173,64,47,52,77,137,271,385,104
Peterkoué,350,402,752,30,25,25,32,14,31,163,57,34,21,18,35,40,91,115,21
Rassouly,1 597,1 834,3 431,118,98,104,110,130,101,719,326,97,57,71,117,240,380,628,135
Tourouba,1 205,1 183,2 388,90,76,78,65,79,84,513,223,63,59,40,90,129,235,442,122
,,,,,,,,,,,,,,,,,,,
"""COMMUNE: TOENI** - Rural""",16 432,16 276,32 708,1 039,919,1 200,1 287,1 202,1 494,6 797,2 302,670,544,516,985,2 044,3 904,6 394,1 411
Boussouré*,378,374,752,24,22,28,30,28,34,155,53,16,12,12,22,47,90,147,32
Dagale,860,854,1 714,54,48,63,67,63,78,358,120,35,29,27,52,107,204,335,74
Domoni,596,572,1 168,37,33,43,46,43,53,243,83,24,19,19,35,73,139,228,50
Dounkou,905,849,1 754,56,49,65,69,64,80,364,124,36,30,28,53,110,209,342,75
Ganagoulo*,511,507,1 018,33,28,38,40,38,46,210,72,21,17,16,30,64,122,199,44
Gome,312,255,567,18,16,21,23,20,26,117,41,12,10,9,18,35,66,110,25
Gon,996,969,1 965,63,55,72,77,72,90,408,139,40,33,31,59,123,234,384,85
Kanega,317,398,715,23,20,26,28,27,32,148,49,14,11,11,21,45,88,141,31
Koreguere,62,66,128,4,4,4,5,4,6,28,9,3,2,2,4,8,15,25,5
Kwaremenguel,1 747,1 763,3 510,110,99,128,138,132,161,722,247,74,59,55,106,220,420,688,151
Kwaretocksel,106,142,248,8,7,9,9,9,12,52,17,5,4,4,7,15,30,49,11
Lanfiéra*,148,146,294,10,8,11,11,10,14,61,21,6,5,5,9,18,35,57,13
Loroni,968,1 087,2 055,66,58,75,81,75,94,428,142,41,33,32,61,128,248,404,89
Louta,932,924,1 856,59,52,68,73,68,85,388,130,38,30,29,56,116,221,363,80
Manga*,507,503,1 010,33,28,37,40,38,46,209,71,21,17,16,30,63,120,198,43
Nehourou*,1 072,1 062,2 134,68,60,78,84,78,97,445,150,44,35,33,64,134,255,417,92
Ouargaye*,203,199,402,13,12,15,15,14,18,86,28,8,6,7,12,25,48,78,17
Ouorou,587,541,1 128,36,31,42,44,41,52,234,80,24,19,18,34,70,134,220,49
Pérèga*,121,120,241,8,6,9,10,8,11,50,17,5,4,4,7,15,29,47,11
Sané*,476,471,947,30,26,34,38,34,44,198,67,19,15,15,29,59,113,185,41
Sanga,351,283,634,20,18,24,25,23,29,132,46,13,11,10,20,39,74,123,27
Sanghai*,389,386,775,25,22,28,31,28,36,158,54,16,13,12,24,49,93,152,34
Santelma*,230,227,457,14,12,17,18,16,20,97,33,10,8,7,14,29,54,89,19
Seme*,1 113,1 103,2 216,66,64,80,88,86,101,461,156,42,38,35,68,138,264,433,96
Sindie*,886,879,1 765,56,50,65,69,64,81,366,124,36,29,28,53,111,211,345,77
Soro*,642,638,1 280,41,36,47,50,47,58,268,90,26,21,20,38,80,153,250,55
Toéni,898,844,1 742,56,49,64,69,64,80,360,123,36,30,28,52,109,207,340,75
Yarin,119,114,233,8,6,9,9,8,10,51,16,5,4,3,7,14,28,45,10
,,,,,,,,,,,,,,,,,,,
"""COMMUNE: TOUGAN""",44 322,44 859,89 181,2 413,2 146,2 692,2 675,2 638,3 101,16 388,7 276,2 326,2 120,2 192,4 033,7 572,11 874,15 971,3 764
,,,,,,,,,,,,,,,,,,,
"""COMMUNE: TOUGAN - Rural""",31 159,31 675,62 834,1 843,1 631,2 117,2 102,2 068,2 473,12 482,4 995,1 504,1 335,1 254,2 265,4 510,7 928,11 586,2 741
Basbatenga,498,587,1 085,65,34,40,47,30,55,182,81,19,26,13,57,89,165,151,31
Boaré,862,839,1 701,42,49,58,65,46,74,348,145,42,39,25,56,113,236,283,80
Bompela,408,490,898,17,21,35,22,33,42,171,80,29,10,19,31,63,127,153,45
Bonou,1 234,1 249,2 483,52,61,88,52,67,94,452,212,80,50,80,125,201,313,433,123
Boussoum,2 333,2 452,4 785,173,136,182,153,168,187,917,375,110,124,97,188,404,607,809,155
Da,1 256,1 308,2 564,43,79,68,73,88,89,481,200,67,79,64,125,218,287,475,128
Daka,1 866,1 888,3 754,107,113,106,132,130,132,693,339,112,85,77,121,234,431,720,222
Dalo,419,410,829,31,25,28,43,20,49,178,58,8,11,8,29,61,108,136,36
Dimboro,745,647,1 392,41,27,37,33,43,54,275,133,38,35,23,59,89,193,249,63
Diouroum,1 262,1 096,2 358,66,47,75,67,75,68,462,189,68,51,40,97,202,330,444,77
Dissi,920,899,1 819,68,53,84,80,59,70,375,124,35,25,19,47,116,222,373,69
Gonon,366,393,759,30,23,28,30,31,35,133,56,7,12,12,27,52,107,141,35
Gorombouli,236,252,488,1,1,0,2,0,8,59,83,27,29,21,37,13,54,127,26
Goron,775,767,1 542,29,37,54,55,64,70,301,120,50,42,36,57,89,217,270,51
Gosson,512,432,944,33,23,32,36,32,28,208,81,15,15,23,33,62,113,173,37
Guimou,1 071,1 013,2 084,73,35,71,80,75,85,393,136,46,35,38,91,153,283,395,95
Kassan,2 182,2 083,4 265,112,88,134,129,111,150,828,317,98,100,100,187,380,525,803,203
Kawara,1 676,1 732,3 408,111,95,99,94,92,122,747,265,88,71,86,134,263,434,584,123
Kirstenga,245,267,512,33,5,19,24,18,22,115,29,15,9,4,13,40,67,78,21
Kouy,1 876,1 854,3 730,96,94,139,122,108,120,736,307,77,66,58,126,265,448,786,182
Namassa,860,1 065,1 925,65,41,71,80,100,84,411,139,50,33,34,62,89,226,340,100
Nassan,959,841,1 800,28,33,32,55,61,65,341,166,39,39,47,83,165,233,340,73
Niankore,2 951,3 101,6 052,211,206,231,235,238,301,1 271,414,93,80,60,109,331,827,1 157,288
Panian,375,431,806,71,28,37,35,39,29,141,45,14,9,17,17,61,95,133,35
Papale,256,206,462,6,7,11,8,18,20,106,53,7,14,9,12,26,35,115,15
Sissile,507,582,1 089,24,27,29,38,42,43,224,114,40,24,27,35,55,112,208,47
Toaga,1 253,1 345,2 598,62,68,77,73,51,99,503,200,65,76,73,109,194,332,483,133
Touaré,1 337,1 513,2 850,69,87,116,99,110,125,633,219,67,60,71,82,184,367,474,87
Toungare,490,432,922,21,29,42,36,28,43,183,59,22,11,15,21,65,117,179,51
Wattinoma,122,136,258,4,8,6,9,12,10,53,26,4,7,12,8,12,29,45,13
Yeguere,1 021,1 036,2 057,48,33,68,75,68,83,442,183,55,56,33,68,159,217,399,70
Zinzin,286,329,615,11,18,20,20,11,17,120,47,17,12,13,19,62,71,130,27
,,,,,,,,,,,,,,,,,,,
"""COMMUNE: TOUGAN - Urbain""",13 163,13 184,26 347,570,515,575,573,570,628,3 906,2 281,822,785,938,1 768,3 062,3 946,4 385,1 023
Secteur 1,493,450,943,20,18,18,8,18,15,105,86,40,27,31,65,108,138,206,40
Secteur 2,2 827,3 010,5 837,113,93,129,108,139,129,844,503,151,186,220,431,707,860,981,243
Secteur 3,2 210,2 285,4 495,82,83,92,100,106,114,709,402,176,125,165,256,453,668,745,219
Secteur 4,1 804,1 696,3 500,99,74,84,83,81,85,539,327,95,116,115,239,405,522,521,115
Secteur 5,1 612,1 583,3 195,97,76,78,84,77,92,577,241,79,68,83,164,298,461,571,149
Secteur 6,1 546,1 578,3 124,53,55,56,73,70,79,453,269,91,90,110,192,399,442,559,133
Secteur 7,2 671,2 582,5 253,106,116,118,117,79,114,679,453,190,173,214,421,692,855,802,124
,,,,,,,,,,,,,,,,,,,
REGION: CASCADES,391 906,420 560,812 466,25 916,26 153,30 255,28 889,28 842,29 020,150 638,60 201,18 603,16 883,16 016,33 813,65 713,122 884,136 465,22 175
,,,,,,,,,,,,,,,,,,,
PROVINCE: COMOE,306 851,326 192,633 043,20 202,20 209,23 716,22 431,22 685,22 636,115 954,46 130,14 325,12 910,12 388,26 262,51 893,97 729,107 026,16 547
,,,,,,,,,,,,,,,,,,,
"""COMMUNE: BANFORA""",77 234,83 068,160 302,4 013,4 227,4 702,4 492,4 678,4 679,26 293,11 752,3 808,3 658,3 485,7 419,14 606,27 085,30 674,4 731
,,,,,,,,,,,,,,,,,,,
"""COMMUNE: BANFORA - Rural""",20 359,22 491,42 850,1 069,1 246,1 449,1 481,1 573,1 558,8 428,3 408,1 023,960,853,1 615,2 974,5 914,7 854,1 445
Bodadiougou,1 034,1 168,2 202,73,86,89,77,100,78,426,152,35,43,35,80,133,280,415,100
Bombora,736,926,1 662,55,59,60,82,79,77,376,110,40,31,36,31,96,207,289,34
Diarabakoko,1 228,1 296,2 524,63,34,83,85,91,105,508,176,72,56,61,86,179,388,460,77
Diongolo,1 259,1 435,2 694,73,92,101,87,86,89,454,199,57,69,47,124,241,394,488,93
Dionouna,1 017,1 113,2 130,61,69,85,71,88,87,425,147,58,42,47,74,162,322,343,49
Karfiguela,532,650,1 182,37,34,37,38,32,38,235,112,24,20,23,50,83,157,212,50
Kitobama,108,125,233,8,6,8,3,9,12,48,19,6,2,1,7,13,37,46,8
Korokora,162,221,383,4,63,2,5,21,13,87,19,7,4,4,4,19,51,62,18
Lemouroudougou,675,697,1 372,60,40,43,52,47,42,245,122,31,29,32,64,109,186,232,38
Marebama,151,205,356,8,9,12,6,10,23,71,33,13,3,6,15,17,60,66,4
Nekanklou,547,591,1 138,43,38,59,62,109,19,174,84,34,12,18,36,43,152,226,29
Niankar,945,991,1 936,15,25,73,54,58,71,389,201,37,35,37,75,111,328,386,41
Niarebama,169,189,358,5,18,9,14,7,26,80,20,10,9,6,14,25,66,44,5
Siniena,3 038,3 178,6 216,149,140,176,198,202,200,1 088,528,153,153,148,313,559,780,1 179,250
Sitiena,931,1 087,2 018,30,78,68,86,68,81,450,126,34,39,27,28,107,362,345,89
Tangora,1 587,1 679,3 266,76,90,97,114,98,124,740,270,80,72,57,121,196,396,640,95
Tengrela,2 769,2 983,5 752,153,137,207,177,201,207,1 151,477,172,164,117,218,386,786,1 006,193
Tiekouna,547,624,1 171,14,52,33,38,41,46,240,104,34,27,32,40,73,154,211,32
Tiempagora,576,672,1 248,28,24,53,44,39,67,252,89,27,26,18,43,95,176,230,37
Tionouna,574,630,1 204,44,33,38,47,32,44,271,90,20,38,26,44,61,142,233,41
Tiontionmana,223,222,445,10,17,15,27,13,22,91,47,7,14,4,11,19,61,73,14
Toumousseni,1 551,1 809,3 360,60,102,101,114,142,87,627,283,72,72,71,137,247,429,668,148
,,,,,,,,,,,,,,,,,,,
"""COMMUNE: BANFORA - Urbain""",56 875,60 577,117 452,2 944,2 981,3 253,3 011,3 105,3 121,17 865,8 344,2 785,2 698,2 632,5 804,11 632,21 171,22 820,3 286
Secteur 01,585,740,1 325,14,19,32,23,19,27,191,102,45,42,53,83,126,199,300,50
Secteur 02,2 380,2 507,4 887,120,127,119,105,119,114,712,321,120,108,105,223,460,830,1 064,240
Secteur 03,4 861,5 148,10 009,279,225,264,277,273,245,1 535,733,257,215,202,475,939,1 714,2 000,376
Secteur 04,1 979,2 365,4 344,110,88,115,94,114,113,616,287,96,116,80,177,391,815,980,152
Secteur 05,9 147,9 873,19 020,506,481,474,442,512,526,2 860,1 295,444,393,485,970,2 055,3 475,3 604,498
Secteur 06,2 917,3 196,6 113,145,142,158,132,163,154,877,402,147,136,131,310,616,1 176,1 234,190
Secteur 07,3 373,4 179,7 552,174,199,182,193,139,175,1 083,582,173,185,178,400,783,1 466,1 488,152
Secteur 08,11 193,11 699,22 892,535,594,658,554,578,619,3 361,1 592,518,521,467,1 153,2 449,4 329,4 386,578
Secteur 09,4 880,4 874,9 754,286,256,357,304,291,276,1 470,643,232,241,167,511,917,1 781,1 790,232
Secteur 10,4 863,4 813,9 676,273,274,288,265,289,292,1 681,712,222,228,212,440,819,1 698,1 732,251
Secteur 11,1 134,1 199,2 333,44,45,58,61,76,63,391,198,67,54,56,93,171,309,501,146
Secteur 12,776,894,1 670,30,30,29,46,37,34,266,160,46,46,41,66,133,197,392,117
Secteur 13,693,606,1 299,12,35,36,46,32,48,212,96,20,20,43,76,120,184,286,33
Secteur 14,1 341,1 377,2 718,72,67,71,83,92,74,473,212,50,68,69,118,244,429,530,66
Secteur 15,6 753,7 107,13 860,344,399,412,386,371,361,2 137,1 009,348,325,343,709,1 409,2 569,2 533,205
,,,,,,,,,,,,,,,,,,,
"""COMMUNE: BEREGADOUGOU - Rural""",7 309,7 855,15 164,313,355,389,335,376,369,2 492,1 175,370,343,371,760,1 261,2 188,3 316,751
Bérégadougou,5 951,6 261,12 212,243,291,272,245,286,275,1 935,948,326,303,315,646,1 092,1 786,2 670,579
Fabedougou,389,486,875,17,17,35,25,25,25,166,68,14,12,17,28,43,109,208,66
Malon,90,102,192,9,3,15,4,6,2,25,18,1,1,5,10,9,30,41,13
Serefedougou,447,530,977,21,24,36,32,35,37,189,69,20,13,16,41,61,155,195,33
Takaledougou-Koko,432,476,908,23,20,31,29,24,30,177,72,9,14,18,35,56,108,202,60
,,,,,,,,,,,,,,,,,,,
"""COMMUNE: MANGODARA - Rural""",33 629,33 969,67 598,1 967,2 366,2 741,2 384,2 625,2 457,12 517,5 014,1 587,1 365,1 305,2 867,5 590,10 411,10 775,1 627
Banakelesso,117,113,230,5,6,6,5,12,7,40,11,3,4,7,14,21,37,41,11
Bondokoro-Dioula,166,192,358,0,10,12,23,7,10,64,39,6,8,3,17,34,62,57,6
Bondokoro-Dogosse,757,881,1 638,64,42,92,68,86,44,300,97,31,26,18,57,119,275,269,50
Bounouba,704,701,1 405,17,160,81,75,56,33,199,59,52,28,21,68,97,228,211,20
Dabokiri,102,84,186,6,4,4,9,6,12,39,16,5,3,4,8,9,32,26,3
Dandougou,1 785,1 870,3 655,40,150,216,151,164,204,884,288,66,34,52,74,199,595,501,37
Diaradougou,564,588,1 152,56,29,80,60,66,35,215,66,24,12,13,40,102,176,154,24
Diarakorosso,1 215,1 239,2 454,101,126,135,65,87,114,459,161,46,33,30,108,189,332,416,52
Diaya,978,969,1 947,92,80,66,73,100,76,357,113,44,33,35,79,167,300,294,38
Diomanidougou,170,170,340,8,2,10,6,15,8,68,34,10,9,6,14,36,37,63,14
Farakorosso,1 404,1 410,2 814,65,60,114,116,96,113,547,192,83,48,62,97,209,446,481,85
Ganso,466,420,886,28,28,33,29,28,29,188,84,33,15,18,31,62,106,153,21
Gnaminadougou,134,139,273,9,14,6,7,16,10,45,19,9,4,3,12,9,44,56,10
Gontiedougou,1 045,981,2 026,110,59,78,64,81,76,393,137,48,41,35,63,177,284,313,67
Kando,113,101,214,7,4,7,6,7,10,37,11,4,2,5,5,19,34,50,6
Koflande,1 491,1 233,2 724,80,169,92,103,70,60,299,139,74,49,26,180,347,544,437,55
Larabin,523,570,1 093,24,37,30,30,39,50,214,90,26,34,16,48,65,164,194,32
Lenguékoro,655,598,1 253,56,68,54,48,36,37,217,73,19,19,24,66,110,184,196,46
Logogniegue,1 144,1 133,2 277,82,73,103,76,117,91,419,149,54,32,36,94,205,348,351,47
Madiasso,3 479,3 721,7 200,214,228,290,262,322,308,1 440,587,186,140,153,243,583,1 000,1 087,157
Mangodara,4 647,4 479,9 126,269,221,274,268,258,257,1 561,777,239,251,242,504,846,1 532,1 415,212
Massade – Yirikoro,176,185,361,6,4,10,6,13,11,74,33,6,12,4,23,36,49,66,8
Mouroukoudougou,419,406,825,14,37,38,26,47,31,160,52,10,22,12,32,68,127,127,22
Nerekorosso,145,150,295,14,9,7,16,6,11,37,22,6,6,6,14,35,35,64,7
Niamango,414,440,854,23,37,28,30,32,41,169,69,13,11,16,29,63,124,156,13
Niambrigo,816,774,1 590,70,47,57,51,71,72,319,131,22,38,39,48,105,251,230,39
Noumoutiedougou,1 311,1 502,2 813,92,86,100,99,124,101,470,168,46,47,44,123,250,492,505,66
Sakedougou,196,216,412,16,19,16,11,20,13,77,17,17,6,8,19,35,64,63,11
Sirakoro,492,446,938,31,27,23,26,25,33,161,89,21,23,18,48,59,114,197,43
Sokoura I,1 103,1 150,2 253,54,89,105,79,100,78,432,174,50,56,52,73,182,323,347,59
Sokoura II,2 013,2 027,4 040,69,156,167,144,151,139,787,309,99,82,96,180,319,588,651,103
Tiebata,571,621,1 192,38,47,45,33,68,51,212,83,35,25,15,35,102,169,200,34
Tomikorosso,450,495,945,28,32,27,32,38,30,188,88,27,27,19,51,81,120,134,23
Torandougou,880,913,1 793,27,24,59,66,44,68,316,128,37,38,26,85,128,304,371,72
Touroukoro,2 984,3 052,6 036,152,182,276,221,217,194,1 130,509,136,147,141,285,522,891,899,134
,,,,,,,,,,,,,,,,,,,
"""COMMUNE: MOUSSODOUGOU - Rural""",8 122,9 166,17 288,444,461,546,526,519,583,3 341,1 400,406,382,347,712,1 220,2 302,3 292,807
Diamon,671,672,1 343,48,71,70,38,67,35,294,95,23,9,3,48,79,196,248,19
Kolokolo,1 196,1 306,2 502,64,58,69,81,66,74,490,211,64,59,57,80,151,316,512,150
Mondon,1 237,1 303,2 540,52,69,56,70,74,71,463,242,73,66,58,88,134,330,522,172
Moussodougou,5 018,5 885,10 903,280,263,351,337,312,403,2 094,852,246,248,229,496,856,1 460,2 010,466
,,,,,,,,,,,,,,,,,,,
"""COMMUNE: NIANGOLOKO """,37 756,39 099,76 855,2 151,2 098,2 785,2 616,2 564,2 676,14 059,5 617,1 750,1 676,1 546,3 376,6 662,12 337,13 138,1 804
,,,,,,,,,,,,,,,,,,,
"""COMMUNE: NIANGOLOKO - Rural""",21 502,22 061,43 563,1 322,1 278,1 743,1 621,1 608,1 673,8 357,3 116,972,898,798,1 720,3 501,6 691,7 264,1 001
Bokouo,1 150,1 221,2 371,53,66,132,112,121,97,458,154,51,45,47,94,182,352,365,42
Dangouindougou,1 457,1 532,2 989,81,80,107,91,73,126,600,231,59,82,50,110,245,442,543,69
Diefoula,1 540,1 576,3 116,88,134,127,147,123,152,581,196,76,50,55,131,249,451,483,73
Folonzo,946,912,1 858,50,94,81,57,82,83,344,99,21,32,23,76,151,317,315,33
Kakoumana,194,200,394,6,7,12,10,4,6,81,31,9,9,8,17,40,73,67,14
Karaborosso,386,473,859,44,16,38,27,24,44,180,59,20,16,12,20,52,110,173,24
Kimini,1 995,2 145,4 140,150,113,159,160,171,179,821,349,96,84,80,146,315,593,632,92
Koutoura,2 169,2 004,4 173,111,111,145,127,112,115,632,276,71,86,74,163,319,805,879,147
Mitieridougou,1 374,1 512,2 886,76,83,129,91,122,107,580,244,71,56,60,111,224,364,497,71
Nofesso,561,611,1 172,29,33,53,47,53,55,219,72,21,26,21,35,84,188,207,29
Ouangolodougou,3 991,3 999,7 990,248,273,334,344,290,307,1 591,567,192,182,155,337,664,1 150,1 230,126
Tierkora,1 189,1 252,2 441,115,56,99,114,119,105,472,143,50,43,36,80,203,407,355,44
Timperba,1 289,1 367,2 656,97,73,131,85,95,107,548,203,64,39,41,91,179,410,424,69
Tondoura,631,697,1 328,30,31,48,52,58,49,278,122,35,26,19,51,99,173,237,20
Yendere,2 630,2 560,5 190,144,108,148,157,161,141,972,370,136,122,117,258,495,856,857,148
,,,,,,,,,,,,,,,,,,,
"""COMMUNE: NIANGOLOKO - Urbain""",16 254,17 038,33 292,829,820,1 042,995,956,1 003,5 702,2 501,778,778,748,1 656,3 161,5 646,5 874,803
Secteur 1,2 551,2 726,5 277,151,126,171,149,150,160,826,373,106,121,119,269,565,990,881,120
Secteur 2,933,1 056,1 989,54,53,64,43,38,58,310,138,39,49,45,99,211,333,378,77
Secteur 3,5 771,5 903,11 674,255,299,374,371,345,353,2 061,930,294,267,268,551,1 028,2 001,2 048,229
Secteur 4,926,1 029,1 955,44,45,45,45,52,53,312,141,41,47,51,105,182,297,430,65
Secteur 5,3 688,3 810,7 498,191,191,244,234,235,228,1 291,517,179,191,167,389,793,1 250,1 244,154
Secteur 6,899,927,1 826,55,41,52,60,57,44,311,138,47,37,37,102,138,323,335,49
Secteur 7,944,1 060,2 004,43,42,61,54,53,53,331,172,52,48,50,106,197,297,365,80
Secteur 8,423,419,842,27,13,27,26,24,43,211,75,16,14,9,30,38,120,147,22
Secteur 9,119,108,227,9,10,4,13,2,11,49,17,4,4,2,5,9,35,46,7
,,,,,,,,,,,,,,,,,,,
"""COMMUNE: OUO - Rural""",21 901,23 269,45 170,1 576,1 742,1 924,1 991,1 732,1 973,8 695,3 099,1 022,810,824,1 780,3 612,6 716,6 650,1 024
Balgogo,995,1 059,2 054,80,68,101,107,79,88,386,157,50,36,38,68,142,319,286,49
Beguele,663,745,1 408,32,68,79,69,69,61,277,76,11,18,14,59,104,260,177,34
Bini,456,479,935,18,37,39,36,36,43,201,58,28,23,18,25,71,147,148,7
Dagninikorosso,106,131,237,8,10,6,3,11,10,54,21,6,1,1,6,24,31,36,9
Dapala,696,728,1 424,39,51,58,67,40,70,344,86,37,27,27,42,114,180,210,32
Gangasse,1 079,1 231,2 310,69,138,103,145,101,86,392,130,34,33,34,100,215,360,329,41
Gonga,109,106,215,6,5,9,8,9,5,35,20,5,3,2,6,15,38,43,6
Guedanga,713,722,1 435,83,40,60,65,55,72,236,102,27,29,39,55,108,217,220,27
Inzele,296,320,616,27,29,20,34,26,31,114,26,12,5,13,19,42,96,98,24
K’poum,327,390,717,32,32,22,23,33,31,130,50,15,11,8,32,45,95,134,24
Kien,572,618,1 190,66,54,53,46,37,43,258,94,21,18,23,46,80,167,159,25
Konamisse,1 240,1 284,2 524,103,94,110,108,98,105,536,173,57,49,44,94,194,312,390,57
Logue,1 716,1 923,3 639,146,138,126,138,159,160,702,255,90,61,68,113,294,512,580,97
Mado,238,213,451,22,22,21,17,8,16,87,28,4,9,8,25,44,69,55,16
Minse,299,341,640,20,33,13,28,16,29,132,55,18,11,18,17,36,99,96,19
N’golofesso,1 493,1 478,2 971,126,115,130,120,112,139,568,209,92,49,60,148,250,404,413,36
Nerkedaga,226,242,468,0,7,22,27,13,13,44,26,7,9,0,14,94,101,87,4
Norkama,763,861,1 624,29,60,66,76,59,109,290,115,42,33,34,67,130,240,252,22
Ouo,2 606,2 805,5 411,181,147,177,219,176,194,1 028,493,159,161,133,251,402,728,841,121
Pambie-Sokoura,1 359,1 386,2 745,117,83,133,117,106,132,533,197,54,31,58,110,229,430,374,41
Poikoro,1 527,1 603,3 130,132,108,125,134,141,111,566,224,76,63,58,144,299,457,421,71
Safia,1 238,1 265,2 503,66,130,130,107,90,130,510,135,48,34,35,81,202,412,349,44
Sassamba,942,926,1 868,87,50,72,80,80,76,352,134,34,22,32,80,141,294,306,28
Siekoro,767,771,1 538,3,124,132,79,69,88,344,56,30,12,12,51,65,266,117,90
Sirakoro,485,562,1 047,32,37,44,60,42,47,200,57,13,12,18,35,86,150,184,30
Sokourani,259,307,566,1,28,24,20,24,32,103,30,16,19,11,24,63,78,83,10
Soucie,276,292,568,17,11,16,18,16,11,87,29,16,6,4,27,53,118,112,27
Toukoro,455,481,936,34,23,33,40,27,41,186,63,20,25,14,41,70,136,150,33
,,,,,,,,,,,,,,,,,,,
"""COMMUNE: SIDERADOUGOU - Rural""",66 927,70 816,137 743,5 211,4 843,6 135,5 658,5 715,5 572,26 000,9 702,2 927,2 442,2 622,5 359,11 207,20 543,20 974,2 833
Bade,814,799,1 613,54,62,81,90,93,47,314,99,24,19,14,54,121,312,214,15
Banagoubou,720,728,1 448,60,51,83,52,105,31,253,100,20,28,35,48,125,227,211,19
Banakoro,1 528,1 576,3 104,131,113,127,138,121,142,656,207,70,59,58,111,206,424,477,64
Bate,1 073,1 188,2 261,77,79,111,100,86,81,454,168,46,40,46,90,174,306,359,44
Boborola,671,696,1 367,43,50,46,61,52,44,280,113,33,29,23,43,102,188,224,36
Bogote,1 295,1 442,2 737,106,85,120,123,128,104,501,211,66,47,68,87,228,411,390,62
Bossie,1 140,1 243,2 383,85,82,107,119,103,95,454,153,53,32,41,99,194,355,356,55
Dalamba I,645,718,1 363,52,47,70,48,62,57,302,108,23,24,35,32,85,170,206,42
Dalamba II,316,378,694,25,26,34,35,27,43,175,64,18,12,12,14,31,83,83,12
Dandougou,1 959,2 139,4 098,163,116,190,177,170,172,720,297,70,67,86,143,381,609,625,112
Degue-Degue,2 099,2 245,4 344,256,120,212,201,201,151,806,255,88,55,61,189,364,658,646,81
Deregoue I,6 497,6 808,13 305,478,534,615,588,518,554,2 662,959,318,235,273,465,920,1 901,1 995,290
Deregoue II,990,1 056,2 046,85,59,86,81,127,68,370,178,33,42,34,82,153,268,336,44
Dialakoro,1 499,1 446,2 945,80,86,108,109,107,133,524,202,63,57,28,92,262,590,451,53
Dierisso,492,407,899,31,29,27,27,27,33,156,52,20,7,19,29,75,173,175,19
Djanga,586,652,1 238,60,26,43,67,49,57,249,98,28,25,19,36,74,141,229,37
Djassa,254,257,511,17,7,33,29,26,26,99,42,8,10,7,31,36,60,73,7
Dogoma,967,1 051,2 018,115,50,101,84,59,105,372,118,43,41,42,73,178,279,313,45
Donfara,357,385,742,20,9,39,36,37,31,174,65,9,15,4,13,53,103,110,24
Doutie,1 740,1 785,3 525,81,143,184,127,194,123,678,225,61,39,50,121,276,510,649,64
Faradjan,2 963,3 079,6 042,235,193,304,285,277,262,1 147,365,125,78,83,255,441,899,984,109
Fougangoue,419,431,850,44,23,38,38,39,28,169,68,17,14,11,20,54,138,129,20
Gouandougou,2 867,3 213,6 080,239,227,245,284,268,261,1 197,370,123,90,100,220,549,876,876,155
Gouin-Gouin,858,973,1 831,63,44,79,79,69,85,399,119,37,34,30,67,153,243,292,38
Kadio,1 147,1 192,2 339,106,108,105,101,111,116,448,164,39,34,32,81,139,337,365,53
Kapongouan,1 348,1 561,2 909,115,86,138,134,126,156,612,200,68,39,45,129,194,403,398,66
Kassande,1 359,1 450,2 809,99,133,128,123,169,129,539,162,46,36,38,67,185,436,458,61
Kogoue,522,542,1 064,27,23,40,43,51,52,231,72,25,12,17,44,84,161,161,21
Kokanko,1 105,999,2 104,54,81,92,76,74,73,366,139,50,46,40,94,185,355,352,27
Konkan,518,536,1 054,25,44,40,29,33,37,197,99,30,22,18,31,83,191,138,37
Kotou,562,722,1 284,42,49,93,60,42,63,258,96,25,15,21,28,82,155,223,32
Kotougouni,1 893,2 137,4 030,194,134,187,173,175,170,832,288,63,68,90,129,335,539,583,70
Kouendi,4 574,4 989,9 563,318,371,412,419,377,450,1 937,654,196,177,184,353,761,1 361,1 401,192
Kouere,3 732,3 733,7 465,259,237,309,242,291,267,1 284,585,182,177,166,368,700,1 144,1 100,154
Kourougoué,531,532,1 063,35,26,53,45,39,53,191,84,22,15,20,52,75,167,156,30
Manifélé,443,479,922,63,39,53,46,45,37,143,43,10,9,7,30,63,183,145,6
Noumousso,744,832,1 576,86,52,78,45,54,56,305,117,49,44,36,58,139,178,253,26
Pima,555,590,1 145,47,41,56,35,45,57,233,71,18,17,24,45,91,171,166,28
Saganako,1 159,1 330,2 489,117,133,98,116,146,103,444,134,39,31,41,80,196,394,362,55
Sampobien,3 440,3 805,7 245,312,303,371,289,339,332,1 224,360,118,70,106,243,663,1 338,1 059,118
Sidéradougou,6 093,6 027,12 120,330,374,366,310,330,334,1 965,1 184,406,354,384,751,1 196,1 740,1 837,259
Tanga,197,208,405,10,12,12,20,11,14,74,33,10,8,20,20,35,44,73,9
Tiefindougou,195,190,385,15,14,16,6,13,21,72,36,8,12,8,13,29,41,66,15
Tomodjan,470,615,1 085,25,40,64,42,42,36,231,61,16,25,18,36,85,136,209,19
Woyo,528,580,1 108,83,42,63,42,38,36,216,68,16,19,11,44,89,155,171,15
Yade,1 252,1 371,2 623,113,134,128,134,102,118,497,181,29,46,50,79,202,355,423,32
Zangazoli,1 811,1 701,3 512,136,106,150,150,117,129,590,235,66,67,67,170,361,635,472,61
,,,,,,,,,,,,,,,,,,,
"""COMMUNE: SOUBAKANIEDOUGOU - Rural""",18 297,19 203,37 500,1 163,1 169,1 378,1 386,1 371,1 347,7 547,2 969,870,780,636,1 486,2 772,5 466,6 225,935
Badara,302,283,585,26,19,30,14,21,22,110,31,10,4,12,20,46,111,97,12
Damana,868,920,1 788,48,52,72,69,62,76,354,149,39,47,32,84,140,256,263,45
Dougoudioulama,322,345,667,1,14,25,29,27,29,156,64,21,13,7,28,40,75,122,16
Fornofesso,224,234,458,4,11,12,19,18,13,101,43,7,6,11,14,39,68,84,8
Gouera,1 461,1 567,3 028,98,90,85,91,112,136,657,252,72,73,56,117,210,356,548,75
Gouindougouba,1 286,1 241,2 527,116,88,112,106,83,67,449,183,71,47,31,102,205,374,400,93
Gouindougouni,1 558,1 618,3 176,164,117,135,143,136,99,626,201,58,59,38,111,225,447,551,66
Katierla,463,491,954,23,33,37,36,57,44,213,60,23,21,9,34,52,141,152,19
Letiefesse,930,935,1 865,93,70,66,76,63,41,371,174,43,48,34,62,115,254,315,40
Mambire,278,279,557,25,6,13,29,22,16,116,46,5,6,12,18,51,83,101,8
Nafona,1 084,1 028,2 112,77,69,68,93,66,57,387,160,48,36,28,82,181,386,334,40
Panga,1 761,1 997,3 758,83,106,153,125,130,151,768,281,92,82,75,152,284,515,628,133
Soubakaniédougou,6 718,7 163,13 881,317,419,460,462,479,514,2 830,1 200,348,312,257,588,1 029,2 077,2 289,300
Ziedougou,1 042,1 102,2 144,88,75,110,94,95,82,409,125,33,26,34,74,155,323,341,80
,,,,,,,,,,,,,,,,,,,
"""COMMUNE: TIEFORA - Rural""",35 676,39 747,75 423,3 364,2 948,3 116,3 043,3 105,2 980,15 010,5 402,1 585,1 454,1 252,2 503,4 963,10 681,11 982,2 035
Bamako,1 315,1 607,2 922,123,95,135,108,119,128,672,237,61,53,47,86,164,373,454,67
Biton,846,959,1 805,95,67,71,88,75,85,334,104,35,26,26,51,113,344,208,83
Bondorola,551,616,1 167,30,69,61,50,42,47,254,102,14,25,16,43,47,123,207,37
Boulo,2 464,2 769,5 233,186,219,198,213,195,203,1 103,435,110,89,87,171,333,704,856,131
Boussanra I,435,467,902,25,19,31,39,40,28,211,79,34,18,20,28,41,104,159,26
Boussanra II,3 546,4 287,7 833,304,431,337,347,388,332,1 697,599,139,145,128,233,445,926,1 180,202
Djandoro,1 184,1 417,2 601,103,100,120,109,126,106,580,195,51,48,42,67,182,338,380,54
Dramandougou,879,952,1 831,85,56,78,65,58,56,306,158,32,42,30,90,116,251,353,55
Fandiora,2 145,2 162,4 307,227,193,213,169,192,144,674,231,64,59,44,123,351,836,701,86
Houetiara,861,962,1 823,62,64,74,75,58,71,373,143,41,31,17,49,98,234,383,50
Kangounaba,573,714,1 287,57,90,75,68,57,30,206,60,11,15,15,56,113,173,213,48
Kangounadeni,1 459,1 620,3 079,70,98,108,107,106,133,648,267,78,96,77,130,172,402,501,86
Labola Foukara,258,274,532,34,11,19,19,21,22,95,41,17,11,12,18,31,58,97,26
Labola Kassianra,405,471,876,74,25,50,32,42,27,170,53,17,11,9,24,58,104,139,41
Labola Koumoussanra,418,459,877,26,27,26,28,35,38,201,77,19,19,15,29,39,108,144,46
Labola Nambalfo,644,749,1 393,46,31,47,66,66,40,295,129,40,31,23,40,58,193,229,59
Labola Sankrala,564,667,1 231,135,36,45,40,49,42,221,104,20,19,27,42,80,147,187,37
Libora,621,710,1 331,57,43,50,50,65,41,293,99,24,32,21,47,76,157,233,43
Loubora,242,305,547,13,24,27,31,27,24,107,35,7,12,1,26,41,93,62,17
Moussoumourou,699,742,1 441,52,66,50,43,62,56,277,95,15,22,27,43,123,195,272,43
Nadrifa,119,134,253,9,13,5,7,9,10,60,13,7,10,12,1,17,34,40,6
Naniagara,1 191,1 318,2 509,44,66,75,94,100,87,546,187,51,46,51,78,185,339,463,97
Sakora,2 713,2 812,5 525,196,241,244,222,237,244,1 103,338,114,90,99,194,422,811,836,134
Sankara,1 003,1 029,2 032,71,66,80,87,75,102,418,169,67,38,22,78,123,263,340,33
Sankora,1 129,1 301,2 430,147,70,63,114,87,118,516,185,39,48,34,84,160,348,359,58
Saterna,842,928,1 770,66,73,92,72,107,90,343,91,31,22,32,58,106,278,273,36
Sikane,489,668,1 157,2,52,79,60,84,60,316,47,12,14,13,18,55,138,179,28
Sokoura,520,511,1 031,20,45,30,33,33,42,197,76,24,28,17,29,68,182,183,24
Sounougou,1 606,1 850,3 456,14,101,198,136,149,146,748,290,113,69,47,124,187,618,471,45
Tiéfora,5 955,6 287,12 242,991,457,435,471,401,428,2 046,763,298,285,241,443,959,1 807,1 880,337
,,,,,,,,,,,,,,,,,,,
PROVINCE: LERABA,85 055,94 368,179 423,5 714,5 944,6 539,6 458,6 157,6 384,34 684,14 071,4 278,3 973,3 628,7 551,13 820,25 155,29 439,5 628
,,,,,,,,,,,,,,,,,,,
"""COMMUNE: DAKORO - Rural""",8 548,9 455,18 003,598,553,675,674,675,734,3 647,1 340,403,369,303,711,1 344,2 679,2 778,520
Dakoro,3 780,4 102,7 882,273,263,260,275,282,296,1 543,547,162,176,131,325,658,1 258,1 236,197
Diérisso,551,536,1 087,28,23,48,46,31,31,238,79,20,17,23,43,81,156,194,29
Kasseguera,2 567,2 836,5 403,169,176,246,229,222,252,1 096,390,123,113,90,219,374,809,772,123
Lomagara,521,556,1 077,38,21,40,35,37,44,211,86,30,28,20,48,76,137,180,46
Moadougou,1 129,1 425,2 554,90,70,81,89,103,111,559,238,68,35,39,76,155,319,396,125
,,,,,,,,,,,,,,,,,,,
"""COMMUNE: DOUNA - Rural""",6 665,7 530,14 195,314,338,385,392,402,391,2 443,1 169,402,404,357,812,1 260,1 834,2 576,716
Douna,3 044,3 245,6 289,149,131,151,177,156,170,986,496,170,198,188,410,683,907,1 054,263
Golona,390,441,831,14,29,25,15,16,23,137,63,23,24,22,41,65,98,163,73
Halana,165,200,365,13,6,3,6,14,11,57,32,13,9,7,27,33,45,69,20
Kouéna,517,670,1 187,32,30,38,32,50,33,208,102,33,26,19,50,79,129,241,85
Manema,721,854,1 575,27,35,45,54,46,49,344,141,49,37,22,73,85,170,315,83
Monsona,432,546,978,25,23,37,27,26,24,173,92,28,29,21,55,59,107,191,61
Niofila,603,767,1 370,30,27,38,39,46,32,275,119,43,36,42,58,75,166,273,71
Sabaribougou,504,481,985,23,25,30,21,27,27,135,71,32,34,30,78,137,132,149,34
Tassona,289,326,615,1,32,18,21,21,22,128,53,11,11,6,20,44,80,121,26
,,,,,,,,,,,,,,,,,,,
"""COMMUNE: KANKALABA - Rural""",5 940,6 652,12 592,411,442,450,440,448,431,2 563,1 056,270,274,218,493,820,1 615,2 234,427
Bougoula,1 204,1 256,2 460,74,86,109,75,82,74,511,221,46,53,33,95,194,302,437,68
Dagban,1 286,1 547,2 833,103,121,117,118,111,111,571,210,67,63,40,112,188,363,442,96
Dionso,364,460,824,31,40,28,32,34,31,162,68,6,15,14,22,58,126,139,18
Fassaladougou,126,148,274,8,3,8,11,5,9,70,28,3,5,3,11,16,34,48,12
Kaniagara,609,654,1 263,35,49,41,50,42,29,283,115,26,27,20,49,67,150,230,50
Kankalaba,981,991,1 972,51,47,48,60,55,60,334,195,68,64,62,84,119,260,380,85
Kolasso,735,870,1 605,55,55,43,46,62,67,327,137,32,32,31,86,99,189,302,42
Niantono,635,726,1 361,54,41,56,48,57,50,305,82,22,15,15,34,79,191,256,56
,,,,,,,,,,,,,,,,,,,
"""COMMUNE: LOUMANA - Rural""",15 959,17 828,33 787,1 104,1 250,1 293,1 287,1 151,1 219,6 618,2 599,791,746,674,1 398,2 441,4 506,5 749,961
Baguera,3 456,3 792,7 248,211,255,248,263,234,243,1 385,563,192,163,169,309,542,975,1 277,219
Bledougou,329,379,708,18,24,14,30,19,28,148,45,20,12,13,31,57,85,138,26
Cissegue,714,841,1 555,91,70,56,64,70,58,301,103,33,27,14,63,133,205,245,22
Faniagara,130,123,253,7,4,14,10,8,8,54,12,6,7,4,8,22,32,42,15
Faon,296,308,604,23,27,23,18,13,20,116,42,12,15,8,15,49,89,121,13
Kafina,1 443,1 528,2 971,122,90,116,111,109,109,547,247,66,73,68,129,244,443,434,63
Kangoura,1 757,1 920,3 677,115,124,161,144,155,128,750,263,68,76,56,132,263,510,645,87
Kinkinkan,318,345,663,32,26,28,34,19,20,138,46,10,14,9,27,33,82,126,19
Kôkô,268,272,540,7,27,22,12,12,18,109,48,15,8,19,28,39,61,90,25
Lera,415,452,867,22,30,36,30,31,25,178,73,15,17,27,27,77,103,150,26
Loukouara,204,253,457,18,29,17,20,16,12,95,26,6,8,7,15,31,59,79,19
Loumana,1 986,2 008,3 994,114,108,115,139,112,134,785,366,110,92,96,195,259,543,721,105
Negueni,619,796,1 415,44,47,63,51,39,63,278,111,34,38,21,58,79,179,247,63
Niansogoni,656,841,1 497,42,42,66,50,56,53,292,118,45,39,37,56,102,183,266,50
Noussoun,470,578,1 048,38,42,40,38,33,36,201,78,32,19,24,31,60,137,200,39
Ouahirmabougou,1 781,1 972,3 753,159,175,174,157,146,158,718,273,72,93,66,171,292,496,520,83
Outourou,424,525,949,28,32,34,36,22,35,205,79,26,25,20,42,56,119,156,34
Sourani,142,173,315,7,22,14,12,6,8,60,20,7,3,7,9,36,36,53,15
Tamassari,551,722,1 273,6,76,52,68,51,63,258,86,22,17,9,52,67,169,239,38
,,,,,,,,,,,,,,,,,,,
"""COMMUNE: NIANKORODOUGOU Rural""",24 896,26 705,51 601,1 725,1 766,2 020,2 074,1 863,1 900,9 861,3 749,1 253,1 094,1 115,2 181,4 305,8 050,7 559,1 086
Bassoungoro,699,821,1 520,57,68,73,61,60,62,291,108,35,38,31,68,126,205,214,23
Bavigué-Ka,1 555,1 648,3 203,90,110,127,116,115,105,649,255,70,65,66,163,253,469,494,56
Belka,275,305,580,18,29,24,23,26,23,116,43,15,12,6,31,35,86,79,14
Blesso,640,645,1 285,43,47,59,48,46,36,254,104,36,29,22,58,105,168,197,33
Bozogo,1 464,1 753,3 217,123,111,137,143,139,122,606,204,69,53,71,118,249,507,474,91
Djondougou,1 072,1 222,2 294,89,87,109,99,77,85,478,153,48,48,36,95,174,339,328,49
Fourkoura,1 957,1 838,3 795,147,123,111,138,139,129,646,296,94,87,85,153,321,630,600,96
Kagbogora,1 795,2 058,3 853,107,147,159,188,184,136,818,275,77,70,57,109,256,595,580,95
Katolo,664,730,1 394,57,43,56,53,47,51,276,105,46,23,35,60,102,204,207,29
Kawolo,2 671,3 016,5 687,219,165,199,289,217,239,1 180,379,150,99,123,204,475,837,781,131
Nadjengoala,1 780,1 982,3 762,142,141,181,132,125,170,774,266,100,75,71,156,277,531,536,85
Naguélédougou,495,532,1 027,31,47,49,36,23,33,189,73,15,34,14,45,94,146,177,21
Nangolo,603,669,1 272,51,34,49,42,36,57,232,81,32,19,28,54,113,209,201,34
Nerfindougou,674,782,1 456,36,46,53,55,70,47,289,128,22,39,34,51,106,208,233,39
Niankorodougou,3 464,3 236,6 700,203,221,227,206,185,209,1 017,506,195,185,169,345,706,1 262,955,109
Salentene,425,482,907,41,24,32,41,33,29,159,52,16,17,15,46,69,139,168,26
Tagouassoni,1 138,1 327,2 465,59,85,101,96,89,105,496,186,63,45,67,92,189,364,370,58
Woulaka,328,367,695,36,13,19,34,21,20,160,52,13,13,25,32,55,96,91,15
Yansoumabougou,555,592,1 147,26,37,32,49,44,57,247,78,27,27,27,64,79,185,154,14
Zagouka,597,693,1 290,37,51,52,44,51,47,256,117,32,34,35,45,107,196,165,21
Zégnédougou,2 045,2 007,4 052,113,137,171,181,136,138,728,288,98,82,98,192,414,674,555,47
,,,,,,,,,,,,,,,,,,,
"""COMMUNE: OUELENI - Rural""",8 548,9 445,17 993,609,652,671,600,664,647,3 677,1 535,399,358,330,687,1 282,2 459,2 846,577
Bebougou,406,459,865,29,42,28,24,45,26,183,70,20,14,20,24,52,122,136,30
Botogo,317,410,727,27,25,22,21,28,27,162,59,22,13,14,23,52,83,118,31
Fitilidiassa,253,319,572,9,22,21,16,21,19,141,48,12,14,20,10,40,67,95,17
Foloni,397,441,838,32,30,28,31,39,24,169,62,16,8,12,42,76,128,114,27
Gorongo,251,288,539,19,27,13,23,11,29,110,59,13,17,8,25,31,66,80,8
Kamidougou,253,262,515,14,22,23,19,20,22,97,45,12,7,8,22,44,64,89,7
Kinga,305,334,639,31,25,17,24,26,28,137,59,14,6,9,21,31,99,99,13
Kobadah,563,612,1 175,49,36,45,39,42,40,213,123,30,21,28,47,94,144,189,35
Namboena,292,347,639,23,26,23,20,30,23,143,54,8,12,14,18,38,102,85,20
Ouéleni,1 319,1 328,2 647,86,114,92,80,100,69,466,242,62,70,44,131,238,361,421,71
Outila,899,952,1 851,48,53,80,58,46,82,440,158,37,27,32,68,135,248,292,47
Pelignan,284,356,640,20,25,18,33,16,32,129,50,18,8,9,16,33,90,112,31
Sarkandiala,783,903,1 686,73,57,74,51,55,70,336,146,46,40,32,69,101,217,252,67
Sele,139,155,294,7,7,11,9,12,14,67,24,4,6,1,12,16,41,55,8
Sountourkou,471,520,991,22,28,34,39,41,25,208,94,31,26,17,44,57,145,139,41
Tena,1 076,1 175,2 251,77,69,91,74,85,87,434,180,31,54,46,86,166,302,376,93
Tiongo,540,584,1 124,43,44,51,39,47,30,242,62,23,15,16,29,78,180,194,31
,,,,,,,,,,,,,,,,,,,
"""COMMUNE: SINDOU""",11 989,13 759,25 748,811,760,857,841,792,889,4 817,2 166,642,587,500,1 033,1 946,3 353,4 666,1 088
,,,,,,,,,,,,,,,,,,,
"""COMMUNE: SINDOU - Rural""",8 603,10 092,18 695,603,581,669,642,647,716,3 812,1 570,453,389,330,632,1 259,2 186,3 340,866
Dinaoro,363,411,774,25,22,31,33,34,35,179,57,14,11,11,20,41,112,124,25
Fafasso,246,260,506,33,24,12,29,23,22,106,31,12,7,8,8,35,74,74,8
Kawara,843,989,1 832,45,39,65,65,60,70,362,168,45,45,40,65,127,211,349,76
Konandougou,4 084,4 908,8 992,273,258,317,279,302,318,1 861,809,242,221,161,316,581,958,1 602,494
M’para,399,493,892,36,33,43,38,32,41,178,58,8,21,13,23,48,112,171,37
M’pogona,150,186,336,13,11,12,16,8,13,73,30,7,7,4,8,19,40,62,13
Monsonon,376,419,795,37,30,29,34,28,39,183,48,8,6,2,12,66,109,138,26
Sindoukorony,445,490,935,22,37,32,35,26,54,191,85,25,14,20,41,67,87,174,25
Timba,308,340,648,24,29,20,18,23,23,132,47,21,15,11,27,40,75,119,24
Tourny,1 389,1 596,2 985,95,98,108,95,111,101,547,237,71,42,60,112,235,408,527,138
,,,,,,,,,,,,,,,,,,,
"""COMMUNE: SINDOU - Urbain""",3 386,3 667,7 053,208,179,188,199,145,173,1 005,596,189,198,170,401,687,1 167,1 326,222
Secteur 1,1 682,1 842,3 524,105,88,83,94,60,87,492,293,85,108,93,220,367,622,635,92
Secteur 2,774,751,1 525,48,47,37,42,40,27,202,134,36,44,43,98,150,265,272,40
Secteur 3,427,508,935,25,18,24,32,17,24,136,78,29,22,18,45,76,127,211,53
Secteur 4,252,250,502,11,13,21,12,12,13,66,35,15,18,11,12,44,88,115,16
Secteur 5,251,316,567,19,13,23,19,16,22,109,56,24,6,5,26,50,65,93,21
,,,,,,,,,,,,,,,,,,,
"""COMMUNE: WOLONKOTO - Rural""",2 510,2 994,5 504,142,183,188,150,162,173,1 058,457,118,141,131,236,422,659,1 031,253
Malon,629,733,1 362,38,59,41,42,45,41,278,88,14,26,19,48,90,186,265,82
Wolonkoto,1 881,2 261,4 142,104,124,147,108,117,132,780,369,104,115,112,188,332,473,766,171
,,,,,,,,,,,,,,,,,,,
REGION: CENTRE,1 489 512,1 540 872,3 030 384,75 209,82 473,87 626,81 341,81 133,79 716,418 940,193 168,66 646,62 230,63 206,128 199,313 761,624 152,592 969,79 615
,,,,,,,,,,,,,,,,,,,
PROVINCE: KADIOGO,1 489 512,1 540 872,3 030 384,75 209,82 473,87 626,81 341,81 133,79 716,418 940,193 168,66 646,62 230,63 206,128 199,313 761,624 152,592 969,79 615
,,,,,,,,,,,,,,,,,,,
ARRONDISSEMENT 1,48 844,53 684,102 528,2 102,2 140,2 306,2 256,2 306,2 051,11 871,5 716,2 042,1 991,2 061,4 280,10 656,21 428,23 951,5 371
Secteur 01,3 428,3 885,7 313,123,151,137,123,165,124,775,410,172,122,159,339,788,1 386,1 884,455
Secteur 02,2 354,2 619,4 973,106,102,99,99,98,87,552,267,118,96,121,237,518,912,1 262,299
Secteur 03,692,763,1 455,17,21,19,27,26,28,169,79,34,35,39,63,106,231,496,65
Secteur 04,3 999,4 316,8 315,150,144,171,157,146,149,884,484,151,177,174,351,859,1 726,2 051,541
Secteur 05,25 900,27 642,53 542,1 221,1 218,1 297,1 299,1 297,1 186,6 526,2 998,1 036,1 007,1 004,2 174,5 450,11 456,11 888,2 485
Secteur 06,12 471,14 459,26 930,485,504,583,551,574,477,2 965,1 478,531,554,564,1 116,2 935,5 717,6 370,1 526
,,,,,,,,,,,,,,,,,,,
ARRONDISSEMENT 2,39 474,43 962,83 436,1 545,1 634,1 857,1 760,1 802,1 681,9 653,4 718,1 782,1 783,1 738,3 745,8 839,16 991,19 478,4 430
Secteur 07,7 186,8 632,15 818,347,269,356,338,352,290,1 799,912,365,374,345,718,1 551,3 244,3 633,925
Secteur 08,12 055,12 935,24 990,479,565,582,582,560,521,2 966,1 396,510,521,454,1 147,2 708,5 202,5 579,1 218
Secteur 09,9 679,11 120,20 799,404,409,454,410,414,421,2 385,1 202,404,422,416,871,2 098,4 242,5 030,1 217
Secteur 10,3 261,3 324,6 585,90,85,118,127,122,110,669,306,161,123,167,346,945,1 303,1 557,356
Secteur 11,7 293,7 951,15 244,225,306,347,303,354,339,1 834,902,342,343,356,663,1 537,3 000,3 679,714
,,,,,,,,,,,,,,,,,,,
ARRONDISSEMENT 3,150 306,161 100,311 406,7 679,7 694,8 095,7 570,7 549,7 550,41 484,20 238,7 264,6 802,7 194,15 134,34 684,60 994,63 284,8 191
Secteur 12,7 966,9 184,17 150,380,358,358,342,350,321,1 930,998,387,432,406,906,1 968,3 545,3 882,587
Secteur 13,35 519,35 216,70 735,1 884,2 009,2 145,1 961,1 985,2 057,11 231,5 093,1 732,1 463,1 496,3 107,6 678,12 644,14 166,1 084
Secteur 14,35 380,37 981,73 361,1 920,1 822,1 970,1 764,1 755,1 779,9 714,4 822,1 664,1 650,1 792,3 481,8 303,14 275,14 521,2 129
Secteur 15,36 733,39 992,76 725,1 839,1 892,1 907,1 842,1 821,1 802,9 683,4 788,1 792,1 673,1 811,3 908,9 196,15 197,15 583,1 991
Secteur 16,34 708,38 727,73 435,1 656,1 613,1 715,1 661,1 638,1 591,8 926,4 537,1 689,1 584,1 689,3 732,8 539,15 333,15 132,2 400
,,,,,,,,,,,,,,,,,,,
ARRONDISSEMENT 4,102 595,105 052,207 647,4 697,5 661,5 717,5 435,5 288,5 200,27 428,12 734,4 390,4 270,4 336,8 845,22 341,43 723,41 358,6 224
Secteur 17,27 854,30 213,58 067,1 325,1 355,1 418,1 355,1 313,1 287,7 037,3 582,1 300,1 269,1 318,2 622,6 445,12 120,11 967,2 354
Secteur 18,9 786,10 590,20 376,408,447,492,440,460,445,2 428,1 179,395,382,424,957,2 389,4 322,4 363,845
Secteur 19,44 986,44 704,89 690,2 006,2 529,2 438,2 310,2 342,2 222,11 798,5 462,1 955,1 837,1 842,3 914,9 920,18 825,18 106,2 184
Secteur 20,19 969,19 545,39 514,958,1 330,1 369,1 330,1 173,1 246,6 165,2 511,740,782,752,1 352,3 587,8 456,6 922,841
,,,,,,,,,,,,,,,,,,,
ARRONDISSEMENT 5,63 766,66 218,129 984,2 411,2 649,2 728,2 633,2 670,2 381,13 426,6 774,2 549,2 492,2 522,5 592,16 306,31 638,27 467,5 746
Secteur 21,13 920,14 841,28 761,563,590,648,590,612,565,3 152,1 607,566,541,564,1 226,3 658,6 799,5 945,1 135
Secteur 22,8 666,7 944,16 610,222,264,240,271,266,208,1 373,832,299,313,314,672,2 356,4 240,3 646,1 094
Secteur 23,18 729,20 709,39 438,702,737,747,765,721,676,3 801,2 000,756,780,790,1 826,4 974,9 450,8 791,1 922
Secteur 24,22 451,22 724,45 175,924,1 058,1 093,1 007,1 071,932,5 100,2 335,928,858,854,1 868,5 318,11 149,9 085,1 595
,,,,,,,,,,,,,,,,,,,
ARRONDISSEMENT 6,106 237,116 617,222 854,5 092,4 946,5 406,4 860,4 911,4 870,26 963,13 893,5 199,5 094,5 238,10 741,25 185,45 319,48 739,6 398
Secteur 25,19 523,21 913,41 436,878,967,985,947,859,873,4 741,2 400,894,871,911,1 939,4 621,8 941,9 105,1 504
Secteur 26,18 510,20 721,39 231,908,857,899,814,843,759,4 239,2 194,819,791,808,1 753,4 466,9 134,8 293,1 654
Secteur 27,23 522,25 983,49 505,1 151,1 045,1 146,1 038,1 087,1 109,5 867,3 078,1 169,1 180,1 211,2 400,5 666,9 978,10 938,1 442
Secteur 28,22 816,24 025,46 841,1 223,1 062,1 259,1 087,1 048,1 097,6 240,3 225,1 178,1 136,1 126,2 400,5 075,8 820,10 108,757
Secteur 29,21 866,23 975,45 841,932,1 015,1 117,974,1 074,1 032,5 876,2 996,1 139,1 116,1 182,2 249,5 357,8 446,10 295,1 041
,,,,,,,,,,,,,,,,,,,
ARRONDISSEMENT 7,141 488,141 349,282 837,7 454,9 247,9 205,8 467,8 532,8 318,42 174,17 825,5 986,5 506,5 365,10 953,26 630,60 395,52 734,4 046
Secteur 30,64 884,64 621,129 505,3 211,4 301,4 028,3 803,3 958,3 832,19 533,8 345,2 815,2 515,2 445,4 954,11 771,26 529,25 370,2 095
Secteur 31,17 698,18 909,36 607,829,838,938,915,922,880,5 222,2 687,943,930,878,1 744,3 577,6 636,8 095,573
Secteur 32,36 167,35 066,71 233,2 211,2 645,2 731,2 371,2 315,2 303,10 606,4 040,1 317,1 198,1 194,2 549,6 783,17 081,11 156,733
Secteur 33,22 739,22 753,45 492,1 203,1 463,1 508,1 378,1 337,1 303,6 813,2 753,911,863,848,1 706,4 499,10 149,8 113,645
,,,,,,,,,,,,,,,,,,,
ARRONDISSEMENT 8,75 770,77 110,152 880,4 440,4 693,5 086,4 831,4 647,4 656,23 414,10 187,3 369,2 778,3 079,6 094,14 336,31 819,27 032,2 419
Secteur 34,19 715,19 069,38 784,1 222,1 420,1 347,1 240,1 218,1 140,5 739,2 381,779,631,702,1 466,3 722,8 916,6 356,505
Secteur 35,46 624,47 397,94 021,2 722,2 771,3 189,3 003,2 906,2 939,14 632,6 344,2 116,1 675,1 929,3 751,8 967,19 213,16 459,1 405
Secteur 36,9 431,10 644,20 075,496,502,550,588,523,577,3 043,1 462,474,472,448,877,1 647,3 690,4 217,509
,,,,,,,,,,,,,,,,,,,
ARRONDISSEMENT 9,167 044,169 439,336 483,9 984,10 596,10 976,10 201,10 272,10 155,50 772,21 912,7 367,6 734,6 969,13 692,33 299,69 746,58 680,5 128
Secteur 37,37 368,38 680,76 048,2 315,2 288,2 462,2 270,2 274,2 325,11 729,5 184,1 707,1 605,1 599,3 156,7 372,15 110,13 464,1 188
Secteur 38,81 020,80 521,161 541,4 561,5 305,5 417,5 071,5 055,4 919,24 469,10 247,3 422,3 068,3 243,6 227,15 300,34 747,28 314,2 176
Secteur 39,25 639,27 116,52 755,1 348,1 315,1 397,1 347,1 416,1 389,7 544,3 755,1 377,1 281,1 304,2 615,6 067,9 384,10 234,982
Secteur 40,23 017,23 122,46 139,1 760,1 688,1 700,1 513,1 527,1 522,7 030,2 726,861,780,823,1 694,4 560,10 505,6 668,782
,,,,,,,,,,,,,,,,,,,
ARRONDISSEMENT 10,130 735,133 234,263 969,5 877,6 677,7 268,6 545,6 628,6 405,35 221,16 825,5 900,5 720,5 865,11 699,29 111,55 061,53 090,6 077
Secteur 41,28 006,26 731,54 737,1 414,1 713,1 901,1 624,1 718,1 601,8 206,3 408,1 030,992,1 088,2 151,5 439,12 240,9 311,901
Secteur 42,30 092,32 854,62 946,1 465,1 477,1 581,1 472,1 397,1 351,7 589,3 882,1 532,1 457,1 461,3 036,7 424,13 582,12 664,1 576
Secteur 43,31 178,31 636,62 814,1 243,1 611,1 692,1 525,1 560,1 500,8 487,4 113,1 477,1 373,1 400,2 750,6 882,12 517,13 132,1 552
Secteur 44,18 966,20 485,39 451,781,804,874,817,762,756,4 351,2 271,846,911,884,1 830,4 852,8 828,8 634,1 250
Secteur 45,22 493,21 528,44 021,974,1 072,1 220,1 107,1 191,1 197,6 588,3 151,1 015,987,1 032,1 932,4 514,7 894,9 349,798
,,,,,,,,,,,,,,,,,,,
ARRONDISSEMENT 11,125 660,129 268,254 928,5 618,6 078,6 518,6 019,6 097,5 955,32 763,16 712,5 894,5 795,5 762,11 771,28 970,52 330,53 180,5 466
Secteur 46,30 037,30 415,60 452,1 173,1 232,1 392,1 322,1 261,1 258,7 219,3 855,1 463,1 353,1 391,2 814,7 550,12 299,13 455,1 415
Secteur 47,17 380,17 196,34 576,858,856,919,888,979,955,5 309,2 580,828,837,776,1 550,3 441,5 987,7 132,681
Secteur 48,10 533,10 638,21 171,429,533,628,530,526,528,2 956,1 517,524,517,454,1 002,2 200,4 065,4 295,467
Secteur 49,18 856,19 158,38 014,1 026,1 096,1 201,1 084,1 127,1 065,5 360,2 581,859,819,818,1 613,3 722,7 998,6 993,652
Secteur 50,18 311,19 291,37 602,861,1 006,1 035,917,904,887,4 805,2 381,911,836,857,1 672,4 026,8 238,7 723,543
Secteur 51,30 543,32 570,63 113,1 271,1 355,1 343,1 278,1 300,1 262,7 114,3 798,1 309,1 433,1 466,3 120,8 031,13 743,13 582,1 708
,,,,,,,,,,,,,,,,,,,
ARRONDISSEMENT 12,31 638,34 676,66 314,1 243,1 430,1 436,1 367,1 313,1 286,7 297,3 857,1 507,1 640,1 564,3 208,7 518,13 972,15 313,2 363
Secteur 52,20 636,23 269,43 905,800,975,970,880,825,828,4 624,2 335,940,1 020,983,2 041,5 144,9 816,9 875,1 849
Secteur 53,5 331,5 898,11 229,192,186,188,214,227,208,1 253,787,311,331,290,678,1 215,1 919,2 947,283
Secteur 54,2 096,1 942,4 038,50,74,55,60,63,52,405,225,89,97,98,209,427,807,1 179,148
Secteur 55,3 575,3 567,7 142,201,195,223,213,198,198,1 015,510,167,192,193,280,732,1 430,1 312,83
,,,,,,,,,,,,,,,,,,,
"""COMMUNE: KOMKI-IPALA - Rural""",10 606,11 947,22 553,498,505,642,623,635,657,4 035,2 139,611,621,525,887,1 508,2 503,4 750,1 414
Baragho,644,752,1 396,27,39,46,35,46,44,256,136,49,28,24,47,76,154,321,68
Komki-Ipala,1 403,1 531,2 934,77,55,99,91,83,81,497,279,86,78,65,117,197,382,581,166
Komki-Peulh,216,269,485,10,14,18,21,7,9,84,46,10,12,8,26,31,55,99,35
Kossodo,248,286,534,13,5,15,21,18,9,109,55,23,14,16,15,34,55,112,20
Lao,360,348,708,9,22,22,25,15,19,136,52,16,10,17,31,51,110,133,40
Lao-Peulh,149,133,282,2,9,9,8,9,11,45,30,8,9,4,12,25,46,43,12
Lemnogo,948,1 115,2 063,36,60,60,52,67,80,384,200,50,48,45,85,110,214,434,138
Lougbisse,260,281,541,25,13,24,15,16,6,87,50,17,7,17,19,44,71,101,29
Nabelin,596,668,1 264,34,23,38,34,47,36,264,117,23,28,26,43,76,138,249,88
Sogue,353,307,660,16,18,23,20,27,14,91,57,12,16,11,20,67,87,147,34
Tampoussoumdi,296,327,623,5,11,11,8,12,15,127,65,17,15,15,24,31,56,155,56
Tintilou,2 313,2 609,4 922,115,96,143,126,128,137,830,463,148,175,131,192,366,555,1 017,300
Toezouri,189,207,396,5,13,12,5,8,17,72,33,7,9,14,14,21,36,97,33
Viou,404,483,887,17,20,17,27,26,36,157,82,10,20,14,33,75,100,191,62
Vipalogho,834,963,1 797,35,41,40,60,46,73,306,161,56,44,34,68,99,161,420,153
Wobzougou I,175,203,378,6,6,8,6,10,6,64,44,8,20,11,8,24,26,102,29
Wobzougou II,297,309,606,8,12,8,18,22,16,112,61,15,17,17,27,47,49,131,46
Yaoghin,921,1 156,2 077,58,48,49,51,48,48,414,208,56,71,56,106,134,208,417,105
,,,,,,,,,,,,,,,,,,,
"""COMMUNE: KOMSILGA - Rural""",69 531,67 747,137 278,4 416,4 778,4 928,4 405,4 469,4 285,20 154,8 172,2 636,2 313,2 270,4 934,13 227,30 357,22 940,2 994
Bagtogdo,279,283,562,12,13,27,9,19,21,107,39,5,15,13,23,38,89,102,30
Bangma,1 101,1 008,2 109,114,18,27,20,32,24,184,135,33,28,31,333,187,243,633,67
Bassemyam,1 397,1 412,2 809,80,88,92,90,83,101,436,189,61,50,59,130,245,526,512,67
Dawanegomde,419,516,935,25,22,25,32,31,20,154,88,27,18,18,42,64,110,197,62
Dayoubsi,316,338,654,9,18,21,12,11,15,103,49,17,23,9,29,66,100,130,42
Garghin,2 800,2 953,5 753,184,165,140,185,175,176,879,361,151,143,120,227,480,960,1 294,113
Goby,579,559,1 138,18,37,32,40,31,25,215,97,36,17,30,32,63,227,205,33
Googho,603,668,1 271,29,33,38,39,46,30,197,115,23,27,28,40,106,166,253,101
Goumsi,373,369,742,28,18,26,16,12,27,102,60,15,22,24,53,67,96,136,40
Kagtoudin,205,218,423,12,15,12,9,12,11,74,33,10,6,7,15,41,65,80,21
Kalzi,629,670,1 299,27,35,32,32,33,47,199,127,32,30,23,58,86,126,312,100
Kamsaontinga,4 710,4 593,9 303,300,377,375,317,299,299,1 359,483,185,144,131,303,1 009,2 218,1 400,104
Kienfangue,1 636,1 770,3 406,83,106,84,79,137,79,500,250,71,74,53,156,310,699,626,99
Kieryaoghin,1 568,1 610,3 178,114,132,149,96,112,87,488,189,65,74,46,77,262,687,518,82
Kogononghin,308,305,613,25,22,12,26,16,20,97,35,10,11,19,24,54,92,126,24
Komsilga,1 128,1 190,2 318,61,54,81,52,58,87,343,167,50,55,51,105,222,324,477,131
Lado,429,456,885,27,20,20,25,24,36,175,72,29,16,14,26,35,86,212,68
Nabitenga,278,252,530,4,3,23,11,9,15,87,45,14,17,8,24,55,85,101,29
Pamnonghin,708,730,1 438,52,10,58,42,56,47,248,120,34,25,28,54,102,205,249,108
Ponsomtinga,792,818,1 610,61,34,36,28,48,34,233,115,39,37,27,80,177,271,296,94
Rawelgue,86,93,179,6,6,7,2,4,7,27,14,2,2,1,10,19,18,40,14
Sabtoana,720,819,1 539,59,36,44,39,44,40,266,104,35,29,27,61,126,252,324,53
Saonre,24 676,23 052,47 728,1 603,1 867,1 898,1 720,1 681,1 612,6 982,2 473,785,625,661,1 403,4 707,12 147,7 124,440
Segueden,525,537,1 062,13,27,22,26,35,27,162,86,33,27,26,46,76,131,254,71
Silmissin,702,734,1 436,42,39,48,43,49,45,195,84,23,26,25,52,135,292,248,90
Talfomenga,239,269,508,9,8,15,15,15,12,90,44,14,10,9,22,36,70,104,35
Tampouy,781,881,1 662,36,44,41,41,49,54,290,138,49,33,37,59,97,164,399,131
Tangsega II,203,213,416,11,12,14,15,15,14,58,37,9,8,5,11,31,61,87,28
Tansega,593,625,1 218,41,26,28,39,30,33,231,105,46,22,35,45,66,124,282,65
Tiguindalgue,1 278,1 273,2 551,59,124,87,80,97,87,376,129,36,41,36,61,252,648,389,49
Tingandogo,7 168,7 285,14 453,503,522,534,447,440,460,2 140,779,258,244,239,469,1 421,3 357,2 430,210
Toeghin,331,393,724,10,15,22,17,21,33,112,62,14,20,18,30,50,74,176,50
Toeghin-Peulh,72,54,126,1,4,3,2,5,6,17,9,5,2,6,6,11,19,28,2
Vaagogho,272,272,544,10,12,20,19,19,10,98,54,16,16,13,25,19,57,132,24
Zamnongho,1 205,1 303,2 508,62,84,75,78,91,75,431,177,65,56,47,119,213,411,415,109
Zinguedesse,10 422,9 226,19 648,686,732,760,662,630,569,2 499,1 108,339,320,346,684,2 299,5 157,2 649,208
,,,,,,,,,,,,,,,,,,,
"""COMMUNE: KOUBRI - Rural""",30 240,30 577,60 817,1 402,1 761,2 023,1 826,1 826,1 982,9 999,4 807,1 596,1 313,1 240,2 285,4 897,10 083,11 387,2 390
Boussouma,562,586,1 148,11,46,24,33,31,47,195,82,34,24,20,37,75,194,232,63
Didri,1 838,1 846,3 684,85,82,128,124,119,159,636,314,102,70,71,125,259,511,732,167
Goghin,677,678,1 355,37,35,43,38,55,43,249,79,32,28,15,51,85,221,280,64
Goncé,230,189,419,4,6,10,11,11,15,71,42,12,12,8,17,28,55,99,18
Goumtoaga,247,235,482,4,14,17,11,11,8,83,46,14,9,8,19,36,76,104,22
Guiguemtinga,3 325,3 432,6 757,186,258,288,267,230,231,1 063,428,129,112,106,208,564,1 482,1 057,148
Kankanghin,899,871,1 770,62,52,82,61,69,75,323,128,43,24,35,57,126,252,327,54
Kouba,3 095,2 841,5 936,136,230,198,184,169,173,952,521,174,124,101,197,492,1 308,891,86
Koubri,5 142,5 571,10 713,218,243,292,245,267,260,1 542,913,306,291,283,478,1 021,1 691,2 211,452
Kuiti,518,529,1 047,34,34,40,17,21,24,143,90,37,20,28,47,92,137,222,61
Mogtedo,618,666,1 284,37,36,37,36,46,53,191,89,32,23,22,49,98,245,237,53
Moince,864,796,1 660,17,31,54,38,43,39,197,109,43,31,35,68,150,420,321,64
Naba-Zana,342,285,627,5,12,13,19,16,11,99,63,12,17,16,18,45,77,170,34
Nakamtinga,608,645,1 253,28,26,43,29,24,35,189,113,32,32,32,57,100,172,256,85
Nambe,461,458,919,10,26,32,22,25,20,129,80,18,21,22,50,114,164,154,32
Napagting-Gounghin,915,857,1 772,51,62,41,37,45,47,246,131,41,41,39,71,174,255,366,125
Noungou,468,435,903,7,28,25,19,18,28,158,72,32,22,14,48,78,124,195,35
Peele,1 615,1 566,3 181,61,83,117,125,115,107,641,275,90,70,51,137,184,436,593,96
Pikieko,1 737,1 954,3 691,63,129,161,145,152,178,735,259,96,67,90,96,292,518,593,117
Pissi,224,200,424,15,11,13,11,10,15,61,37,11,15,5,22,31,61,82,24
Poedogo,433,433,866,26,14,36,19,20,31,154,62,12,15,21,31,67,118,193,47
Sinsinguene,1 495,1 510,3 005,96,93,83,99,107,118,540,265,75,62,44,99,205,391,566,162
Tansablogo,1 512,1 612,3 124,109,76,110,88,119,122,624,250,92,61,66,99,204,487,513,104
Tanvi,1 713,1 688,3 401,65,107,101,99,73,110,561,241,100,72,77,152,261,514,692,176
Wamtinga,334,336,670,16,9,18,27,17,24,108,59,13,20,16,24,39,71,151,58
Wedbila,368,358,726,19,18,17,22,13,9,109,59,14,30,15,28,77,103,150,43
,,,,,,,,,,,,,,,,,,,
"""COMMUNE: PABRE - Rural""",19 778,20 609,40 387,1 048,1 056,1 190,1 178,1 179,1 284,6 852,3 361,1 078,919,874,1 632,3 203,5 796,7 873,1 864
Bendatoega,1 519,1 505,3 024,72,56,88,86,78,91,477,233,70,77,51,130,250,451,692,122
Bidougou,372,420,792,27,15,18,26,21,29,156,74,31,22,9,33,54,93,149,35
Bigtogo,1 063,1 021,2 084,71,67,50,65,59,66,353,175,53,44,59,87,180,278,388,89
Bilgo,1 188,1 295,2 483,62,35,83,93,82,96,486,204,64,55,58,94,156,310,469,136
Dabare,338,363,701,20,23,17,21,18,25,124,51,19,21,20,23,50,83,154,32
Gaskaye,545,561,1 106,23,32,40,39,30,34,231,100,27,16,18,30,88,137,209,52
Goupana,1 105,1 213,2 318,74,48,69,81,72,61,419,205,54,45,65,84,140,275,489,137
Katabtenga,1 173,1 378,2 551,73,79,85,65,81,75,416,208,68,62,70,136,239,386,441,67
Koankin,176,194,370,4,9,9,11,14,10,63,32,9,6,6,11,17,55,88,26
Kodemmtore,109,95,204,4,3,2,6,4,3,39,21,7,6,7,11,19,14,46,12
Napamboumbou,130,141,271,9,9,5,6,8,7,51,30,6,6,6,12,18,33,55,10
Nedogo,965,1 044,2 009,45,60,57,69,69,70,394,178,51,48,35,73,128,224,412,96
Pabré,2 114,2 289,4 403,98,111,129,95,130,126,637,350,114,96,99,202,414,742,854,206
Pabre Saint Joseph,1 621,1 385,3 006,68,77,80,66,74,81,450,349,102,87,93,148,250,389,557,135
Sabtenga,3 155,3 188,6 343,184,184,202,192,193,192,1 004,398,148,123,115,249,614,1 199,1 115,231
Sag-Nioniogo,619,624,1 243,31,49,47,36,34,38,232,86,21,26,22,42,103,193,226,57
Sale,1 162,1 278,2 440,68,78,77,74,75,107,476,223,65,47,36,64,123,254,514,159
Wavougue,519,507,1 026,21,28,17,21,38,31,147,85,40,29,22,39,85,154,209,60
Willé,241,292,533,21,12,14,10,12,18,82,52,18,17,12,16,52,56,109,32
Yamba,567,569,1 136,27,29,37,37,23,37,184,106,31,34,21,62,81,166,217,44
Zibako,483,526,1 009,17,20,29,36,27,41,175,90,33,17,23,41,54,129,221,56
Zouma,614,721,1 335,29,32,35,43,37,46,256,111,47,35,27,45,88,175,259,70
,,,,,,,,,,,,,,,,,,,
"""COMMUNE: SAABA - Rural""",143 503,141 732,285 235,8 070,9 301,10 339,9 401,9 099,8 965,43 409,17 361,5 628,4 925,5 106,10 105,28 130,63 239,47 388,4 769
Badnogo 1,403,396,799,17,20,20,15,19,23,124,76,29,23,23,40,55,93,178,44
Badnogo 2,385,325,710,13,4,33,10,11,10,92,41,15,16,14,35,58,135,196,27
Barogo,13 330,13 209,26 539,726,868,939,836,817,853,4 101,1 669,525,435,521,1 002,2 754,5 952,4 191,350
Boassome,142,97,239,9,5,6,3,10,10,23,20,5,6,3,8,27,40,49,15
Boudtenga,783,869,1 652,45,41,44,46,54,59,276,133,39,36,37,66,115,215,337,109
Boudtenga Peulh,103,91,194,1,5,5,7,5,9,36,19,4,3,3,10,8,28,45,6
Gampela,2 693,2 898,5 591,159,169,143,195,159,159,882,494,172,122,123,214,483,1 019,936,162
Goghin,518,596,1 114,25,25,20,25,28,28,187,94,37,31,24,35,86,108,252,109
Gonse,676,709,1 385,41,26,38,40,33,37,206,105,24,32,30,65,127,238,266,77
Ipelcé,414,372,786,19,26,31,28,37,30,126,39,17,10,12,27,75,127,154,28
Koala,1 263,1 249,2 512,68,48,94,109,84,94,436,183,58,42,52,79,172,407,493,93
Komkaga,597,560,1 157,26,22,24,29,43,31,191,75,32,22,36,41,105,172,262,46
Komyim-Sambin,136,118,254,5,13,5,8,7,7,37,20,6,8,7,7,19,46,42,17
Kouanda,1 127,897,2 024,45,45,41,70,46,45,298,144,41,38,41,143,331,293,329,74
Kouidi,410,413,823,19,23,18,24,18,25,133,56,25,14,13,28,69,142,168,48
Manegsombo,244,230,474,8,13,17,12,8,16,88,31,8,9,11,24,37,73,98,21
Nakomestinga-Peulh,42,33,75,2,1,1,2,4,2,9,9,3,0,2,4,3,13,13,7
Nioko I,32 554,32 709,65 263,1 641,1 976,2 158,1 883,1 898,1 820,9 772,4 170,1 517,1 339,1 352,2 675,6 707,13 771,11 621,963
Niong-Warbin,6 455,6 038,12 493,363,417,469,441,434,371,1 832,657,204,176,195,385,1 352,3 146,1 853,198
Saaba,68 540,67 471,136 011,4 053,4 743,5 305,4 756,4 588,4 529,20 731,7 738,2 354,2 112,2 223,4 372,13 297,32 111,21 514,1 585
Samandin-Bilbalgo,86,99,185,4,4,5,6,4,2,37,19,2,9,3,8,9,29,35,9
Seloghin,776,842,1 618,37,35,38,32,39,42,276,154,47,59,33,69,124,151,382,100
Songdin,4 118,3 995,8 113,315,275,308,289,270,291,1 187,438,161,152,92,255,702,1 956,1 326,96
Tanghin 1,538,561,1 099,35,29,28,27,32,38,175,90,27,33,19,40,87,145,235,59
Tanghin 2,759,798,1 557,45,40,48,49,39,36,250,125,49,35,35,83,104,236,301,82
Tanlarghin,4 614,4 242,8 856,265,320,378,321,274,263,1 223,473,137,95,129,283,1 002,2 109,1 349,235
Tansobentinga,1 797,1 915,3 712,84,108,123,138,138,135,681,289,90,68,73,107,222,484,763,209
,,,,,,,,,,,,,,,,,,,
"""COMMUNE: TANGHIN DASSOURI - Rural""",32 297,36 551,68 848,1 633,1 627,1 906,1 964,1 910,2 035,12 025,5 937,1 848,1 534,1 498,2 602,4 921,8 758,14 325,4 325
Bagma,300,371,671,22,21,16,41,21,10,121,47,12,8,7,20,26,82,163,54
Bagraogo,212,234,446,14,10,14,17,10,13,81,41,6,6,6,12,35,53,100,28
Balolé,608,695,1 303,37,29,34,45,29,41,238,113,38,27,22,54,84,174,255,83
Bazoulé,1 024,1 088,2 112,58,42,61,47,70,57,383,197,70,41,54,74,170,249,429,110
Béguégnan,172,173,345,5,3,7,12,9,18,66,34,9,8,5,13,11,43,84,18
Bogodogo II,249,344,593,8,11,10,17,14,22,114,59,15,12,12,10,27,49,138,75
Bouli,514,646,1 160,23,26,28,29,20,31,187,120,45,33,27,50,114,118,231,78
Boulsin,525,609,1 134,18,30,28,30,24,28,154,67,18,24,12,44,88,176,285,108
Ciicé,376,474,850,11,11,11,27,33,20,190,92,19,27,16,25,49,88,184,47
Dassouri,1 511,1 712,3 223,70,76,87,76,66,85,507,268,92,91,91,143,302,473,677,119
Dawanegomde,333,386,719,18,15,18,12,22,13,137,71,22,13,13,30,45,67,160,63
Dazankiema,1 812,2 111,3 923,102,96,136,97,93,116,624,273,91,92,91,184,398,606,733,191
Dondoulma,676,775,1 451,27,46,44,47,50,46,278,137,33,35,21,54,90,174,290,79
Douré,391,466,857,17,19,22,27,37,35,159,91,26,10,16,31,34,81,190,62
Goghin,235,266,501,13,11,14,17,9,11,102,40,13,18,8,24,31,43,110,37
Goghin II,272,313,585,18,10,13,19,18,18,108,45,15,10,17,15,37,62,135,45
Gouma,393,404,797,13,18,15,30,22,22,127,59,22,22,24,29,72,116,164,42
Gueswende,384,448,832,15,23,22,24,24,28,143,67,13,13,18,32,43,95,189,83
Itaoua,946,998,1 944,48,59,60,35,53,60,286,143,40,53,50,91,192,353,351,70
Kanzoughin,414,396,810,46,47,36,28,23,22,91,48,21,12,9,27,61,110,168,61
Kari,455,484,939,6,35,18,36,31,28,186,88,12,28,17,29,69,87,216,53
Kiendpalogo,224,237,461,10,7,16,7,17,12,109,46,19,5,11,13,29,40,96,24
Koankin I,236,261,497,13,12,23,13,14,9,87,46,11,8,12,17,34,63,106,29
Koankin II,323,348,671,14,15,15,25,21,23,129,63,18,15,11,25,48,81,133,35
Kologh-Naba,901,1 006,1 907,44,52,53,53,65,49,280,172,47,41,53,72,177,303,379,67
Koudiéré,934,1 247,2 181,69,30,56,71,56,68,423,197,49,50,42,72,154,232,470,142
Koumlèla,429,478,907,10,18,13,24,25,28,157,83,23,30,22,21,65,103,232,53
Lougsi,1 083,1 278,2 361,62,64,56,67,58,66,388,215,57,42,56,89,165,295,507,174
Nabakoutou,132,146,278,5,6,5,7,7,7,65,25,12,5,5,5,13,28,71,12
Nabitinga I,742,812,1 554,27,44,51,42,42,52,272,143,49,36,37,50,124,220,269,96
Nabitinga II,649,659,1 308,33,20,36,44,31,29,198,106,33,33,34,46,101,168,306,90
Nagrin,161,175,336,2,5,6,5,11,7,64,29,15,4,12,12,19,36,66,43
Nahartenga,105,124,229,3,6,6,1,7,4,47,22,3,4,6,8,20,17,55,20
Naponé,527,654,1 181,33,11,37,22,20,37,207,139,34,27,24,43,54,121,273,99
Nédogo,340,385,725,14,8,21,25,19,20,121,45,17,18,11,35,42,105,150,74
Ouansoua,136,104,240,5,9,4,8,7,6,42,19,11,3,5,7,12,40,47,15
Oueguelga,956,1 026,1 982,45,46,58,68,46,55,343,170,58,42,38,100,142,258,401,112
Poédogo,375,370,745,24,23,18,25,24,22,127,78,15,13,17,27,36,89,163,44
Sahongo,374,469,843,11,22,33,24,21,27,173,91,22,21,21,18,44,91,177,47
Sambin,242,260,502,11,14,14,12,8,12,75,50,11,8,7,24,36,59,112,49
Sané,490,591,1 081,21,22,29,17,33,36,200,102,33,27,20,33,46,104,256,102
Sankouy,402,377,779,10,27,18,32,21,17,136,51,18,10,15,39,62,135,151,37
Seguedin,538,562,1 100,22,26,24,28,37,24,194,102,31,39,20,45,83,112,241,72
Siguinvoussé,400,471,871,19,29,19,24,30,18,143,58,31,17,22,35,70,139,169,48
Silmissin,776,965,1 741,29,40,61,53,54,52,315,138,66,43,38,36,101,229,360,126
Songpelsé,335,344,679,1,15,9,22,18,16,113,67,25,19,15,34,40,83,145,57
Tama,471,597,1 068,36,30,22,41,27,39,217,91,35,24,23,31,45,114,229,64
Tambétin,628,728,1 356,45,17,32,39,51,38,279,138,48,25,27,36,76,111,285,109
Tanghin,797,972,1 769,41,43,53,46,43,63,297,147,58,35,53,71,133,240,335,111
Tang-Loongo,463,563,1 026,37,20,37,34,33,45,216,76,34,19,20,22,58,121,207,47
Taonsgo,678,798,1 476,35,22,36,40,39,44,266,154,35,42,39,75,106,139,297,107
Tinsouka,1 174,1 198,2 372,68,71,68,65,69,89,419,207,57,51,55,91,164,319,446,133
Wem-Yiri,191,213,404,5,3,11,9,13,10,84,36,8,17,4,14,11,35,107,37
Yalagre,603,656,1 259,31,38,38,44,37,45,216,98,22,21,23,54,80,219,249,44
Yimdi,1 225,1 295,2 520,66,43,76,71,66,60,431,210,69,49,58,114,196,337,515,159
Zambénaga,589,704,1 293,38,25,33,35,31,49,251,116,27,34,30,45,68,141,281,89
Zanghindiesse,653,718,1 371,31,30,54,28,43,51,242,111,66,19,22,45,96,183,278,72
Zekounga,958,1 083,2 041,55,57,58,66,68,67,341,149,35,42,48,78,148,278,405,146
Zekounga I,255,284,539,19,19,13,14,20,15,76,47,14,13,6,29,45,71,104,34
,,,,,,,,,,,,,,,,,,,
REGION: CENTRE EST,734 885,845 623,1 580 508,48 893,47 653,58 967,58 331,55 774,57 144,293 752,127 140,40 166,31 910,31 252,61 401,120 160,219 801,264 452,63 712
,,,,,,,,,,,,,,,,,,,
PROVINCE: BOULGOU,337 960,399 883,737 843,22 208,21 944,27 785,26 707,25 342,25 956,132 837,59 900,19 376,15 479,15 194,29 605,58 087,104 051,122 986,30 386
,,,,,,,,,,,,,,,,,,,
"""COMMUNE: BAGRE - Rural""",17 818,20 037,37 855,1 193,1 129,1 416,1 430,1 349,1 381,6 920,3 254,1 004,765,800,1 440,2 947,5 416,6 191,1 220
Bagré,3 261,3 729,6 990,190,231,265,243,232,245,1 338,635,200,150,156,279,467,915,1 175,269
Boakla,1 683,1 828,3 511,73,74,164,146,160,135,745,267,114,57,61,132,277,568,456,82
Dirlakou,5 638,5 943,11 581,367,333,419,381,370,368,1 899,974,289,246,263,487,1 088,1 751,2 053,293
Goudayere,670,723,1 393,46,32,46,60,34,55,282,130,41,36,31,44,97,195,222,42
Guingale,641,645,1 286,38,41,27,56,51,53,224,91,33,33,33,40,87,196,226,57
Sangaboule,1 196,1 249,2 445,84,69,96,90,105,95,426,187,71,40,54,97,209,395,340,87
Yambo,2 608,3 274,5 882,224,183,254,259,211,239,1 045,529,127,121,95,204,407,811,967,206
Zabo,2 121,2 646,4 767,171,166,145,195,186,191,961,441,129,82,107,157,315,585,752,184
,,,,,,,,,,,,,,,,,,,
"""COMMUNE: BANE - Rural""",16 202,18 305,34 507,993,963,1 445,1 290,1 294,1 351,6 595,2 945,984,680,702,1 343,2 571,4 788,5 395,1 168
Bantougri,2 273,2 578,4 851,146,138,199,200,158,206,930,361,142,80,103,203,407,665,786,127
Boumbin,744,926,1 670,42,62,87,52,55,67,318,155,47,27,37,71,145,201,246,58
Dabaré,893,959,1 852,45,29,76,76,67,75,399,144,43,34,34,86,147,212,319,66
Dattou,908,1 016,1 924,63,50,91,75,73,90,329,152,53,34,47,72,142,279,301,73
Douré,530,629,1 159,40,29,34,48,20,53,250,96,45,33,26,50,66,138,188,43
Gomin,423,475,898,45,9,40,32,36,33,171,62,20,9,19,22,61,166,140,33
Hortougou,391,408,799,23,27,29,38,28,41,164,70,17,14,21,27,68,115,98,19
Karema,248,293,541,15,15,24,14,19,22,104,59,12,15,13,29,62,49,72,17
Koabgatenga,598,601,1 199,19,27,40,35,42,41,216,105,42,25,21,55,77,161,216,77
Léré,483,575,1 058,33,38,44,41,45,45,181,101,27,30,18,34,50,119,215,37
Naï,762,915,1 677,40,35,81,64,75,70,348,152,38,39,30,61,92,240,233,79
Nazé,874,940,1 814,65,82,67,69,78,75,325,166,59,35,48,70,145,229,258,43
Ouâda-Traditionnel,1 732,1 998,3 730,74,97,163,116,131,123,701,367,130,105,74,156,261,492,621,119
Ouâda-V1,544,657,1 201,21,34,45,45,48,37,212,118,39,15,22,40,85,206,183,51
Ouâda-V2,690,727,1 417,50,41,56,45,47,37,243,124,40,18,41,66,91,206,248,64
Ouâda-V3,448,466,914,74,37,31,39,39,24,152,37,9,19,14,29,106,150,136,18
Ouâda-V4,527,615,1 142,37,34,53,44,49,49,225,109,34,34,16,38,60,161,163,36
Oumnoghin,1 640,1 948,3 588,98,102,150,139,148,127,682,297,106,59,65,120,275,546,529,145
Patin Peulh,346,324,670,5,7,23,25,27,21,158,71,16,16,16,27,53,99,93,13
Soadin,486,517,1 003,37,30,50,47,53,42,205,74,17,21,19,34,63,149,139,23
Toabin,450,543,993,1,31,51,33,37,59,197,96,34,11,11,39,86,141,149,17
Zougbilin,212,195,407,20,9,11,13,19,14,85,29,14,7,7,14,29,64,62,10
,,,,,,,,,,,,,,,,,,,
"""COMMUNE: BEGUEDO - Rural""",12 474,15 620,28 094,861,871,1 094,1 023,908,970,4 778,2 267,750,608,624,1 229,2 266,4 179,4 504,1 162
Béguédo,9 694,12 200,21 894,636,674,854,769,693,769,3 654,1 742,584,476,495,950,1 773,3 339,3 573,913
Beguedo Peulh,121,122,243,6,10,8,6,9,5,43,16,6,5,3,15,23,34,39,15
Diarra,82,136,218,7,12,7,8,9,5,35,18,11,2,4,7,21,29,37,6
Diarra-Peulh,42,51,93,4,5,1,1,4,6,17,9,2,2,2,6,6,12,16,0
Fingla,1 246,1 533,2 779,108,97,102,130,94,78,493,253,75,58,69,132,232,331,403,124
Gnintala,534,693,1 227,51,32,53,41,43,37,222,87,32,22,33,53,116,196,159,50
Kièflè,420,484,904,28,16,31,31,33,30,169,83,24,26,8,35,56,144,167,23
Tanvoussé,91,113,204,4,5,15,13,8,10,41,10,3,5,6,9,14,23,32,6
Tombéyao,244,288,532,17,20,23,24,15,30,104,49,13,12,4,22,25,71,78,25
,,,,,,,,,,,,,,,,,,,
"""COMMUNE: BISSIGA - Rural""",12 122,14 061,26 183,719,894,1 043,1 038,1 013,1 060,5 547,2 195,654,498,439,802,1 488,3 336,4 538,919
Barwagdin,368,428,796,26,23,26,35,32,47,176,64,24,14,13,27,40,118,118,13
Belemkangrin,209,236,445,11,9,22,13,15,16,101,40,19,10,9,18,21,42,84,15
Benna,1 616,1 866,3 482,102,138,143,121,114,134,708,316,77,71,68,109,222,465,578,116
Bissiga,2 129,2 413,4 542,116,128,149,171,175,150,947,429,120,113,80,130,265,526,853,190
Bissiga-Yarcé,197,234,431,13,12,17,16,16,14,95,42,9,3,11,9,24,56,77,17
Donsin,472,501,973,20,56,33,54,42,46,220,61,17,18,13,27,46,140,148,32
Gambaaga,284,305,589,21,13,22,15,22,13,132,55,17,17,16,12,36,69,110,19
Godin,783,965,1 748,68,51,70,57,75,63,386,114,44,28,31,64,83,206,316,92
Gounghin-Grand,300,344,644,30,27,20,25,15,24,130,50,11,9,9,15,69,99,93,18
Gounghin-Petit,292,359,651,28,22,29,24,25,16,126,51,18,16,16,22,41,89,104,24
Kankaraboguin,205,283,488,13,23,16,23,12,13,106,44,12,8,13,18,26,56,85,20
Kinzéonguin,859,977,1 836,25,68,94,76,83,72,397,166,45,26,28,43,83,257,308,65
Koubéogo,136,162,298,13,7,18,8,3,18,48,19,7,6,4,19,18,47,50,13
Koulbako,885,1 040,1 925,34,66,98,97,96,115,398,115,36,31,25,50,84,274,357,49
Koutiama,421,507,928,28,24,32,35,35,36,217,97,25,15,17,25,46,109,158,29
Pissalin,188,244,432,9,13,15,18,15,20,99,41,15,14,5,20,16,35,85,12
Poestenga,694,825,1 519,34,49,62,59,61,65,321,129,43,18,23,38,100,224,245,48
Sannabin,189,239,428,13,14,15,16,10,19,81,34,11,9,7,15,23,51,90,20
Siraboguin,185,237,422,9,14,21,11,14,20,104,37,12,5,7,13,18,37,75,25
Syalguin,910,929,1 839,36,88,76,81,77,95,396,143,50,33,20,64,119,245,275,41
Tikanré,198,255,453,13,9,17,21,12,16,105,46,10,7,7,21,25,43,86,15
Zamboundi,140,138,278,10,8,5,11,14,11,51,24,11,8,2,12,18,23,62,8
Zankougdo,462,574,1 036,47,32,43,51,50,37,203,78,21,19,15,31,65,125,181,38
,,,,,,,,,,,,,,,,,,,
"""COMMUNE: BITTOU""",48 781,53 613,102 394,2 969,3 065,3 883,3 764,3 772,3 924,19 430,8 179,2 763,2 159,2 117,4 042,8 176,15 206,15 739,3 206
,,,,,,,,,,,,,,,,,,,
"""COMMUNE: BITTOU - Rural""",33 437,37 747,71 184,2 144,2 236,2 889,2 706,2 772,2 977,14 002,5 601,1 852,1 321,1 419,2 611,5 243,10 080,10 931,2 400
Bekoure,1 330,1 458,2 788,98,97,104,93,107,115,516,204,70,67,55,98,232,395,437,100
Belayerla,571,630,1 201,21,22,46,39,47,48,228,110,30,26,22,44,77,148,212,81
Bourzoaga,77,87,164,3,3,5,4,6,8,38,18,6,8,2,4,1,21,32,5
Dema,1 110,1 274,2 384,120,68,90,115,85,103,453,190,67,45,44,87,187,324,353,53
Fottigue,460,543,1 003,16,32,35,28,40,33,208,82,24,16,12,32,53,130,211,51
Garanga,1 020,1 120,2 140,66,60,67,83,70,74,395,195,47,29,36,81,140,288,392,117
Gnangdin,3 539,3 798,7 337,235,203,242,288,253,283,1 389,609,221,154,152,308,554,1 055,1 122,269
Kankamogre,897,1 069,1 966,34,35,123,61,77,81,374,168,72,54,33,91,149,303,267,44
Kankamogre Peulh,544,549,1 093,22,39,49,38,45,47,235,95,30,26,37,32,76,154,141,27
Kanyire,1 746,1 948,3 694,92,103,159,129,145,142,760,308,76,77,59,161,289,475,577,142
Kodemzoaga-Peulh,756,864,1 620,51,34,54,63,63,72,360,111,50,24,31,44,95,253,258,57
Komtenga,55,82,137,1,6,5,4,3,7,20,8,3,3,1,3,11,24,29,9
Largue,373,558,931,21,40,36,32,40,47,212,75,25,20,16,17,47,113,153,37
Loaba,2 573,3 088,5 661,198,206,241,250,217,260,1 135,431,127,105,138,198,408,754,841,152
Loaba-Peulh,1 101,1 136,2 237,60,81,97,94,106,105,480,174,57,34,63,78,190,294,264,60
Mogande,3 685,4 127,7 812,239,258,335,280,319,337,1 510,559,214,144,168,308,565,1 180,1 162,234
Mogandé-Peulh,368,390,758,26,27,32,25,34,33,155,61,21,8,18,16,60,113,105,24
Mogomnore,1 934,2 319,4 253,132,162,166,146,176,128,777,338,109,88,75,172,321,627,668,168
Nianle,1 068,1 107,2 175,63,84,68,74,80,94,433,174,60,39,35,84,175,317,332,63
Nohao,1 382,1 634,3 016,106,91,107,117,96,128,582,247,94,55,60,108,242,396,481,106
Sangabouli,1 226,1 272,2 498,50,88,93,88,107,109,471,182,58,38,35,98,173,349,468,91
Sawenga,3 545,3 924,7 469,199,233,312,290,300,314,1 557,536,158,110,154,257,596,1 068,1 123,262
Tiba,758,889,1 647,64,39,45,73,52,76,315,157,55,30,34,52,106,226,277,46
Zambanega,667,808,1 475,41,36,97,57,54,75,289,121,30,29,31,49,113,240,185,28
Zampa,1 155,1 414,2 569,91,57,148,100,123,120,492,208,68,35,37,94,165,372,383,76
Zekeze,1 497,1 659,3 156,95,132,133,135,127,138,618,240,80,57,71,95,218,461,458,98
,,,,,,,,,,,,,,,,,,,
"""COMMUNE: BITTOU - Urbain""",15 344,15 866,31 210,825,829,994,1 058,1 000,947,5 428,2 578,911,838,698,1 431,2 933,5 126,4 808,806
Secteur 1,5 150,5 248,10 398,286,283,373,397,335,334,1 800,824,288,250,229,494,940,1 730,1 574,261
Secteur 2,1 740,1 435,3 175,29,64,65,63,54,52,401,277,108,121,83,191,481,604,532,50
Secteur 3,2 992,3 231,6 223,180,182,165,178,215,177,1 122,545,194,172,135,278,546,942,1 004,188
Secteur 4,4 286,4 632,8 918,279,238,309,315,292,299,1 628,749,258,249,214,360,754,1 435,1 299,240
Secteur 5,1 176,1 320,2 496,51,62,82,105,104,85,477,183,63,46,37,108,212,415,399,67
,,,,,,,,,,,,,,,,,,,
"""COMMUNE: BOUSSOUMA - Rural""",15 371,20 521,35 892,1 262,1 111,1 358,1 258,1 203,1 207,6 070,2 947,945,829,805,1 561,2 727,4 599,6 182,1 828
Bangagou,1 179,1 699,2 878,117,96,95,106,100,96,485,247,59,80,62,139,186,337,499,174
Batto,643,1 011,1 654,34,45,46,39,37,41,201,87,37,33,48,69,167,278,375,117
Boussouma,2 490,3 240,5 730,191,170,190,175,172,181,957,504,154,135,134,271,477,685,1 071,263
Boussouma-Peulh,130,141,271,4,8,8,10,10,9,51,23,16,8,4,21,25,22,46,6
Dango,1 726,2 249,3 975,146,141,157,167,137,131,693,306,108,75,89,193,272,541,612,207
Dierma,1 515,1 879,3 394,115,107,146,119,116,117,624,277,115,63,75,138,212,457,555,158
Koumbore,894,1 175,2 069,64,90,95,79,90,61,318,163,49,49,39,83,172,279,351,87
Lengha,2 107,2 609,4 716,172,160,187,182,187,183,843,380,112,91,98,182,368,584,765,222
Lengha-Peulh,198,193,391,23,6,14,13,12,21,76,30,10,14,5,10,40,51,52,14
Massougou,148,200,348,10,11,10,16,12,12,67,28,9,8,12,11,25,39,63,15
Nonka,437,568,1 005,47,35,34,31,38,39,188,91,20,28,30,45,61,117,156,45
Ouazi,483,669,1 152,48,37,44,42,34,39,178,106,23,29,23,44,91,165,181,68
Saaba,1 079,1 664,2 743,100,88,94,72,84,98,445,206,76,70,65,131,226,348,509,131
Saregou,316,417,733,15,14,26,21,31,18,124,63,17,13,20,25,70,88,134,54
Tengsoba,930,1 333,2 263,80,66,102,87,73,74,401,210,57,71,46,96,135,272,378,115
Zabga,1 096,1 474,2 570,96,37,110,99,70,87,419,226,83,62,55,103,200,336,435,152
,,,,,,,,,,,,,,,,,,,
"""COMMUNE: GARANGO""",40 029,51 159,91 188,2 713,2 597,3 369,3 053,2 896,2 866,15 603,7 489,2 303,2 045,1 858,3 727,7 085,12 138,16 577,4 869
,,,,,,,,,,,,,,,,,,,
"""COMMUNE: GARANGO - Rural""",22 273,28 511,50 784,1 661,1 489,1 976,1 844,1 749,1 747,8 806,4 154,1 244,1 162,1 049,2 042,3 858,6 704,8 794,2 505
Bangou,571,703,1 274,42,34,51,47,25,38,223,96,46,33,37,63,88,173,226,52
Bangoula,502,589,1 091,30,27,41,43,43,37,164,86,32,33,30,58,82,148,187,50
Belgue,321,427,748,34,15,21,22,24,31,151,65,21,17,19,23,43,70,143,49
Dissiam,1 307,1 838,3 145,120,96,127,130,109,115,488,221,53,79,57,114,285,444,550,157
Gnabtenga,220,279,499,21,14,15,11,21,14,101,49,10,10,12,13,39,57,85,27
Gogma,372,539,911,31,22,39,36,22,31,148,82,16,30,14,39,68,99,179,55
Golinga,121,121,242,3,4,12,5,10,10,45,15,7,4,11,8,19,34,47,8
Gotinga,94,81,175,0,20,4,7,7,10,32,11,4,3,5,13,14,22,22,1
Gozéré,496,655,1 151,41,38,42,43,47,22,176,113,32,23,22,48,101,167,185,51
Kienga,352,550,902,26,28,36,32,40,36,177,76,26,17,23,32,62,111,132,48
Kombinatenga,989,1 198,2 187,74,78,85,75,78,95,362,205,59,55,61,111,152,255,331,111
Kouassagou,708,881,1 589,47,42,71,52,48,40,262,133,50,32,45,72,124,213,278,80
Lergho,1 610,2 170,3 780,109,131,118,126,120,126,682,349,95,91,72,139,247,453,700,222
Mangalé,381,490,871,22,29,27,21,22,30,184,82,30,17,20,29,56,89,165,48
Mogaho,437,582,1 019,34,33,35,43,40,31,199,91,24,21,27,41,63,125,171,41
Ouaregou,1 392,1 734,3 126,109,55,128,109,102,114,556,237,74,75,65,120,221,419,569,173
Ouaregou-Peulh,52,58,110,3,4,4,4,3,4,21,9,3,2,0,2,5,17,20,9
Porèta,99,105,204,8,9,12,7,12,8,40,21,6,3,4,0,10,34,28,2
Sanogho,1 972,2 640,4 612,126,133,198,154,160,138,804,405,93,110,94,151,357,518,895,276
Sanogho-Peulh,80,110,190,6,9,3,10,4,10,29,25,9,5,5,5,10,18,29,13
Sarégou,313,436,749,24,17,26,26,33,30,143,68,17,18,20,20,57,105,113,32
Siguinvousse,570,736,1 306,40,71,59,68,83,47,248,95,27,19,22,38,70,181,182,56
Teng-Soba,498,604,1 102,24,34,47,42,36,29,181,82,31,29,26,55,96,134,207,49
Topra,941,1 128,2 069,75,52,73,78,67,65,324,159,47,55,30,135,173,286,359,91
Torla,2 141,2 683,4 824,157,160,190,191,138,156,857,362,125,91,59,182,397,802,740,217
Tourla,274,336,610,16,18,15,23,16,23,111,47,9,11,8,23,52,96,111,31
Wanga,171,245,416,15,16,13,9,25,10,89,34,8,7,11,10,20,69,57,23
Yaza,815,851,1 666,38,45,79,77,59,96,309,119,41,43,46,102,151,207,232,22
Zangoula,314,320,634,23,25,28,27,19,27,129,44,11,14,11,17,54,95,98,12
Zepa,157,186,343,10,11,15,9,17,12,81,26,6,8,9,20,27,37,48,7
Zigla-Koulpele,2 264,2 914,5 178,192,118,181,166,169,163,786,416,145,119,106,216,428,668,1 007,298
Zigla-Polace,1 739,2 322,4 061,161,101,181,151,150,149,704,331,87,88,78,143,287,558,698,194
,,,,,,,,,,,,,,,,,,,
"""COMMUNE: GARANGO - Urbain""",17 756,22 648,40 404,1 052,1 108,1 393,1 209,1 147,1 119,6 797,3 335,1 059,883,809,1 685,3 227,5 434,7 783,2 364
Secteur 1,2 165,2 846,5 011,154,141,154,177,142,139,814,391,110,102,88,213,365,601,1 026,394
Secteur 2,1 907,2 333,4 240,97,82,154,119,122,128,707,370,114,102,84,170,331,520,840,300
Secteur 3,2 050,2 666,4 716,109,122,157,131,127,124,774,399,152,97,95,188,420,654,908,259
Secteur 4,3 448,4 586,8 034,202,278,340,246,265,244,1 422,641,209,158,133,331,594,1 037,1 477,457
Secteur 5,2 241,3 096,5 337,175,139,144,191,167,151,983,481,129,136,107,213,427,628,960,306
Secteur 6,2 076,2 518,4 594,110,135,188,120,119,127,787,367,123,97,93,203,371,687,869,198
Secteur 7,3 869,4 603,8 472,205,211,256,225,205,206,1 310,686,222,191,209,367,719,1 307,1 703,450
,,,,,,,,,,,,,,,,,,,
"""COMMUNE: KOMTOEGA - Rural""",12 366,14 778,27 144,821,840,1 035,992,942,959,4 704,2 221,699,599,598,1 149,2 192,3 778,4 414,1 201
Dega,934,1 214,2 148,67,60,70,71,87,69,401,182,72,50,53,100,149,285,331,101
Goghin,988,1 142,2 130,95,73,75,86,83,75,363,147,44,38,39,103,199,313,306,91
Goulanda,1 603,2 018,3 621,121,106,145,140,146,144,623,300,99,80,78,146,254,466,586,187
Komtoèga,3 179,3 917,7 096,225,208,254,232,218,222,1 166,576,174,163,158,303,576,962,1 278,381
Komtoega-Peulh,376,354,730,18,14,36,24,16,29,134,56,16,26,18,34,70,104,118,17
Pissy,393,397,790,30,8,33,33,33,31,139,58,12,12,9,22,42,129,147,52
Samsagbo,998,1 143,2 141,58,77,112,81,85,79,346,150,45,38,35,82,226,369,318,40
Toece,816,941,1 757,68,67,64,75,56,67,285,141,50,40,28,74,139,257,279,67
Womzougou,558,741,1 299,7,52,53,59,43,60,280,117,42,19,37,47,102,145,188,48
Yaganse,612,681,1 293,36,41,42,43,44,38,250,119,36,34,29,57,94,167,215,48
Yaoghin,336,311,647,21,18,23,25,22,34,134,63,17,10,17,22,57,87,88,9
Yelboulga,513,573,1 086,27,35,47,44,39,38,196,99,30,26,36,52,73,148,149,47
Zoumtoega,1 060,1 346,2 406,48,81,81,79,70,73,387,213,62,63,61,107,211,346,411,113
,,,,,,,,,,,,,,,,,,,
"""COMMUNE: NIAOGHO - Rural""",11 790,13 757,25 547,629,717,911,874,810,866,4 523,2 095,685,579,586,1 050,2 116,3 711,4 317,1 078
Bassindinga,783,945,1 728,42,52,58,57,70,76,300,133,49,35,34,80,136,238,301,67
Gozi,717,737,1 454,38,39,40,53,42,48,240,113,43,30,36,59,122,218,275,58
Ibogo,1 160,1 544,2 704,78,80,100,135,117,90,507,200,70,56,50,98,187,419,393,124
Niaogho,4 032,4 760,8 792,244,227,314,269,216,254,1 525,722,262,203,217,378,702,1 223,1 635,401
Niaogho-Peulh,115,123,238,4,9,6,7,9,11,51,15,6,4,2,8,26,32,40,8
Niarba,1 241,1 335,2 576,76,89,103,99,86,121,495,251,66,53,65,99,199,312,386,76
Sondogo,360,398,758,18,20,39,41,32,39,151,58,13,14,12,29,61,98,105,28
Tengsoba,3 382,3 915,7 297,129,201,251,213,238,227,1 254,603,176,184,170,299,683,1 171,1 182,316
,,,,,,,,,,,,,,,,,,,
"""COMMUNE: TENKODOGO""",74 491,84 614,159 105,4 367,4 372,5 377,5 378,5 028,5 202,27 642,12 979,4 066,3 342,3 212,6 391,13 327,24 076,27 948,6 398
,,,,,,,,,,,,,,,,,,,
"""COMMUNE: TENKODOGO - Rural""",44 670,52 499,97 169,2 707,2 746,3 472,3 536,3 393,3 556,18 196,8 297,2 596,1 989,1 889,3 471,6 881,13 124,16 906,4 410
Bado,807,958,1 765,21,41,92,73,65,94,363,140,47,37,27,47,136,237,267,78
Baleme,116,131,247,0,5,1,3,6,2,35,30,7,6,5,13,10,33,66,25
Bampela,225,207,432,10,9,7,10,11,9,73,30,16,8,12,15,30,63,92,37
Basbedo,1 051,1 216,2 267,74,88,112,89,86,118,434,171,62,42,57,81,170,313,314,56
Baskoure,432,452,884,24,21,35,34,32,26,174,87,34,18,18,38,52,88,165,38
Bassare,362,474,836,34,19,27,31,29,31,136,83,28,18,20,28,39,94,174,45
Belce,356,383,739,4,35,35,39,32,34,141,55,7,13,8,29,55,120,105,27
Bidiga,460,586,1 046,30,43,37,29,37,31,184,88,24,16,30,43,77,132,193,52
Bissiga De Gando,96,110,206,3,6,8,6,15,2,45,22,8,2,2,3,10,28,43,3
Boura,701,842,1 543,47,56,55,60,56,71,291,120,47,32,28,55,98,218,267,42
Cella,870,1 114,1 984,73,54,78,70,69,61,350,163,54,49,41,63,143,272,345,99
Cella De Loanga,185,267,452,8,13,15,21,21,11,77,47,7,10,6,6,21,56,102,31
Daze,180,211,391,4,4,7,3,10,14,69,32,17,16,6,28,24,49,82,26
Donsene,86,117,203,9,7,5,8,9,7,31,29,5,5,3,6,12,27,33,7
Donsene-Yarce,252,301,553,12,10,22,18,15,27,107,59,7,8,6,17,34,93,94,24
Doubguin-Ouantanghin,1 228,1 365,2 593,80,73,137,92,112,117,461,174,56,54,55,84,203,369,413,113
Doure,380,477,857,30,15,27,25,27,28,164,78,34,18,18,34,52,70,179,58
Gambaghin,866,965,1 831,85,61,88,76,69,69,339,120,46,30,26,63,109,262,302,86
Gando I,175,258,433,3,14,19,9,17,7,93,44,8,7,13,16,28,42,86,27
Gando II,228,329,557,33,11,11,16,16,20,116,48,9,10,13,20,46,59,100,29
Gaskom,230,259,489,4,15,8,11,13,17,67,47,24,11,15,33,61,66,82,15
Goanin,104,122,226,0,3,14,7,6,8,59,12,9,3,6,6,20,35,33,5
Gouni-Peulh,83,104,187,9,1,5,9,3,7,32,15,7,6,4,5,20,33,24,7
Guella,497,710,1 207,38,16,52,45,38,48,237,96,27,29,33,47,98,141,200,62
Imbina,243,262,505,19,7,36,13,18,27,102,35,11,7,8,19,40,84,58,21
Kabri,387,477,864,8,27,32,29,35,32,145,83,26,18,13,17,58,143,158,40
Kampoaga,876,929,1 805,39,48,51,68,47,61,328,158,64,31,45,66,133,260,333,73
Kassougou,279,298,577,25,5,22,28,14,18,112,64,12,15,6,22,37,80,88,29
Koama,342,446,788,4,16,27,32,20,9,162,49,34,14,11,43,63,122,139,43
Koknoghin,319,349,668,11,13,27,30,22,29,125,49,19,13,25,33,48,108,90,26
Kokoaga-Ouest,338,376,714,22,18,20,21,22,22,138,78,19,16,14,27,42,59,150,46
Kou,463,609,1 072,39,40,43,37,47,38,204,93,24,19,20,39,65,122,192,50
Koughin,300,414,714,7,36,27,26,23,36,139,60,17,12,9,15,47,93,123,44
Labretenga,160,211,371,10,21,8,11,15,8,73,42,5,5,8,16,25,49,63,12
Lebce,129,193,322,7,5,7,11,15,10,72,36,5,6,6,14,15,33,65,15
Leda,1 040,1 255,2 295,64,39,76,82,78,64,434,233,59,52,39,86,143,281,427,138
Loanga,1 230,1 366,2 596,43,73,65,87,68,80,406,249,62,45,43,101,219,392,514,149
Loanga Peulh,109,120,229,1,1,17,6,6,12,42,19,9,7,3,8,15,40,40,3
Loongo,255,321,576,0,37,19,24,23,16,126,50,26,6,12,16,33,76,88,24
Loukou,1 432,1 589,3 021,109,111,117,112,97,142,630,270,71,64,55,80,162,349,534,118
Loukou-Peulh,62,65,127,8,3,3,3,6,2,27,7,3,4,1,4,11,15,28,2
Malenga-Nagsore,1 718,1 787,3 505,60,77,99,132,105,170,602,283,93,72,59,140,337,564,581,131
Malenga-Yarce,880,1 120,2 000,76,70,70,89,85,78,382,167,39,32,41,65,139,275,311,81
Milla,463,452,915,3,7,9,12,8,13,93,55,18,12,18,45,137,273,189,23
Moaga,267,283,550,16,14,23,22,22,17,98,53,18,12,12,17,24,82,93,27
Naba-Sougdin,437,529,966,22,24,31,33,32,48,179,93,29,22,24,47,76,87,171,48
Nabig-Tenga,371,438,809,15,37,24,19,21,37,162,86,26,23,20,30,67,72,143,27
Nama,459,583,1 042,27,30,41,43,38,38,192,98,29,21,27,35,66,129,179,49
Ningare,1 585,1 730,3 315,109,76,110,131,145,110,620,276,104,71,73,123,213,477,567,110
Nioktenga,111,131,242,5,7,6,11,11,4,37,25,7,5,4,7,23,28,50,12
Ouamne,387,536,923,25,17,26,28,30,37,182,84,19,25,16,21,67,108,172,66
Ouanagou,522,634,1 156,30,25,47,57,37,30,202,98,42,26,21,39,62,164,212,64
Ouegedo-Yarce,116,167,283,2,14,10,7,6,12,42,30,9,8,4,12,21,38,50,18
Oueguedo,741,848,1 589,69,37,66,75,65,52,325,118,32,28,34,35,86,209,276,82
Oueguedo Peulh,64,84,148,1,5,5,4,3,4,31,12,4,2,1,7,9,18,34,8
Oueloghin,1 122,1 404,2 526,63,110,99,104,88,70,479,201,53,48,41,92,145,317,444,172
Ounzeogo,1 365,1 622,2 987,90,66,99,110,95,103,570,281,76,71,55,124,192,425,505,125
Ounzeogo-Peulh,54,55,109,3,3,3,6,4,6,22,7,6,1,1,3,10,11,18,5
Ourema,448,633,1 081,40,31,38,50,28,45,210,88,38,27,15,36,86,144,152,53
Piougou,167,63,230,0,0,0,0,0,0,5,3,1,2,5,8,26,69,82,29
Piroukou,1 016,1 082,2 098,77,73,76,77,93,81,432,178,63,32,31,66,136,267,349,67
Pouswaka,938,1 008,1 946,40,36,84,70,54,72,389,195,58,43,45,71,135,230,332,92
Pouswaka-Peulh,86,90,176,4,10,5,5,8,9,32,17,6,6,4,3,12,20,26,9
Sabtenga,1 276,1 657,2 933,69,76,78,90,82,90,490,272,88,66,62,145,225,319,586,195
Sago,207,111,318,0,0,0,0,0,0,16,10,7,17,6,14,77,70,92,9
Sampa,552,594,1 146,15,44,46,35,35,44,216,83,30,18,23,48,102,175,180,52
Sassema,967,1 262,2 229,55,57,80,76,59,81,413,184,51,52,33,78,177,334,397,102
Sassema-Peulh,75,93,168,4,3,8,7,4,5,28,8,5,3,3,15,20,19,27,9
Sebretenga,268,316,584,15,9,28,21,14,25,113,54,17,10,5,9,44,75,118,27
Sebretenga De Godin,454,635,1 089,24,48,28,26,36,29,196,85,29,24,24,41,70,146,222,61
Sibidogo,351,425,776,19,23,31,32,30,37,145,68,24,16,11,27,41,102,132,38
Sighiyaoghin,575,603,1 178,49,82,63,52,58,58,255,99,20,16,8,32,84,115,158,29
Silmiougou,410,439,849,27,11,28,31,24,26,146,78,19,20,18,32,80,108,158,43
Sone,286,303,589,8,16,29,31,27,27,110,36,8,5,4,11,45,111,111,10
Sorbin,392,514,906,35,27,34,36,30,33,185,84,30,14,15,34,56,116,138,39
Sougdi-Soabin,300,327,627,21,6,24,14,28,15,127,69,22,18,27,25,39,64,116,12
Soumagou,1 006,1 156,2 162,51,47,52,61,69,52,411,195,61,58,56,97,143,258,447,104
Tamosgo,106,133,239,8,6,6,13,8,7,49,22,5,7,3,10,13,35,34,13
Tenonghin,662,895,1 557,41,65,50,67,65,63,310,141,44,26,26,39,80,245,223,72
Tenonghin-Peulh,843,941,1 784,92,36,62,74,90,64,335,136,44,38,50,81,160,242,244,36
Teodoure,52,76,128,1,2,8,3,10,0,12,9,2,2,2,6,16,23,18,14
Tisselin,371,384,755,22,18,32,23,30,26,144,62,26,14,21,25,47,109,136,20
Tisselin-Yarce,173,194,367,12,11,14,17,11,16,63,33,11,8,9,9,32,50,58,13
Toghin,539,663,1 202,31,30,36,42,45,43,229,114,32,34,28,30,65,149,232,62
Vag-Vaguin,892,1 120,2 012,76,54,65,78,68,94,424,166,55,32,33,55,109,289,328,86
Zabatorla,376,477,853,33,34,27,35,40,23,182,89,23,22,17,24,50,105,119,30
Zabindella,508,557,1 065,47,36,44,41,64,34,211,89,18,23,21,46,50,143,183,15
Zaka,554,727,1 281,66,42,48,45,50,42,258,96,33,24,20,39,95,162,199,62
Zandoubre,149,143,292,2,9,5,14,11,8,76,26,6,3,7,4,15,35,51,20
Zano,682,733,1 415,38,31,52,49,47,67,235,107,30,34,22,62,121,194,253,73
Zeke,229,304,533,6,25,21,15,18,29,111,31,20,6,3,10,33,81,97,27
Zoromdougou,164,200,364,12,9,8,19,12,17,77,38,10,8,11,11,19,37,62,14
,,,,,,,,,,,,,,,,,,,
"""COMMUNE: TENKODOGO - Urbain""",29 821,32 115,61 936,1 660,1 626,1 905,1 842,1 635,1 646,9 446,4 682,1 470,1 353,1 323,2 920,6 446,10 952,11 042,1 988
Secteur 1,10 851,11 482,22 333,678,648,709,693,565,631,3 357,1 710,523,497,442,1 130,2 423,4 177,3 592,558
Secteur 2,3 718,4 159,7 877,182,211,223,235,203,181,1 247,627,193,172,180,373,810,1 304,1 485,251
Secteur 3,3 099,3 365,6 464,223,139,190,216,166,167,1 032,458,174,157,150,290,603,1 082,1 108,309
Secteur 4,2 402,2 540,4 942,103,149,148,145,138,141,767,384,119,102,115,242,457,865,864,203
Secteur 5,5 305,5 616,10 921,282,273,342,299,334,281,1 789,845,254,217,240,480,1 080,1 676,2 128,401
Secteur 6,4 446,4 953,9 399,192,206,293,254,229,245,1 254,658,207,208,196,405,1 073,1 848,1 865,266
,,,,,,,,,,,,,,,,,,,
"""COMMUNE: ZABRE - Rural""",53 864,65 510,119 374,3 933,3 780,4 782,4 689,4 230,4 330,21 311,9 271,3 148,2 407,2 512,4 952,9 618,16 248,19 046,5 117
Bangou,1 232,1 632,2 864,117,87,98,132,82,92,534,255,86,67,59,121,239,338,468,89
Bargansé,169,206,375,2,10,21,12,13,21,82,37,4,5,6,16,18,57,53,18
Barganse Peulh,193,207,400,19,9,9,18,13,20,77,36,13,9,11,13,32,61,48,12
Bassintare,36,39,75,1,2,3,4,2,2,15,5,3,0,0,5,3,11,14,5
Beka,2 688,3 422,6 110,186,185,234,230,190,204,1 146,542,173,149,134,257,476,713,997,294
Beka Zourma,547,720,1 267,44,47,42,40,39,45,256,96,30,34,20,56,87,146,226,59
Benya Kipala,591,705,1 296,38,40,44,52,50,50,234,102,34,29,35,44,84,178,204,78
Benya-Peulh,254,230,484,31,8,23,19,22,13,71,25,22,6,19,18,52,68,81,6
Bissaya,2 452,3 390,5 842,233,184,293,290,271,270,1 134,443,149,95,105,159,439,745,794,238
Bobissa,404,531,935,34,24,42,45,34,40,159,76,26,20,12,48,66,114,162,33
Bougré de Youga,362,405,767,28,26,38,26,27,37,148,54,19,12,12,30,59,96,113,42
Bougreboko,973,1 057,2 030,56,87,91,108,86,70,378,143,44,22,22,70,199,349,236,69
Bourma,958,1 217,2 175,101,87,94,109,86,89,409,160,80,38,63,87,165,246,289,72
Doun,990,1 160,2 150,76,63,84,87,62,81,407,204,36,55,38,76,126,305,351,99
Gassougou,2 526,3 168,5 694,184,119,275,230,233,230,1 128,457,178,103,119,220,387,677,881,273
Gon,541,686,1 227,41,33,67,39,29,50,222,98,31,28,30,53,80,147,219,60
Gonse,427,360,787,31,13,19,33,36,34,142,51,12,13,19,30,51,147,127,29
Gourgou-Samandin,199,225,424,24,10,8,19,14,15,86,37,13,11,9,16,17,56,74,15
Guirmogo,1 652,1 882,3 534,43,175,175,179,156,124,647,210,100,50,73,193,398,467,446,98
Mangagou,599,710,1 309,26,26,63,45,46,52,245,101,43,22,33,51,89,166,228,73
Moende,509,609,1 118,30,31,35,48,33,35,211,89,34,18,23,55,81,139,191,65
Sambaregou,882,1 011,1 893,75,76,93,94,80,82,357,117,33,29,37,72,169,296,239,44
Sampema,4 518,6 411,10 929,485,367,520,533,446,458,2 022,838,312,187,246,441,811,1 271,1 558,434
Sangou,950,1 367,2 317,61,52,78,55,70,86,423,192,67,69,64,108,174,244,428,146
Sig-Noghin,471,526,997,28,47,38,39,45,50,219,69,33,16,22,53,78,139,109,12
Sihoum,163,106,269,7,5,5,10,5,5,34,15,5,5,2,10,26,53,63,19
Songo,1 370,1 456,2 826,113,69,137,117,100,121,555,191,66,40,25,120,269,485,322,96
Soussoula,1 420,2 141,3 561,156,151,170,127,135,134,621,362,97,76,70,126,250,368,567,151
Tobissa,600,796,1 396,53,49,61,62,44,60,253,104,47,31,38,50,113,177,212,42
Wanda,929,997,1 926,33,62,77,55,73,53,357,181,53,50,56,79,176,256,288,77
Wangala,1 433,1 892,3 325,110,114,125,140,136,121,551,241,67,64,70,122,286,548,472,158
Wilgo,649,745,1 394,35,38,51,46,45,50,250,92,32,34,36,54,125,230,215,61
Yokouma,28,29,57,3,3,5,1,2,3,11,3,0,0,0,3,5,11,5,2
Yoroko,1 975,2 216,4 191,159,99,184,178,146,139,724,326,104,83,87,180,342,628,684,128
Yoroko-Peulh,253,323,576,20,25,27,18,28,26,94,45,19,8,12,34,45,76,82,17
Youga,1 342,1 434,2 776,89,81,104,103,105,91,480,207,55,36,52,95,247,520,422,89
Youga-Peulh,228,231,459,16,11,27,28,17,19,78,28,15,7,19,26,41,71,49,7
Youkouka,337,358,695,20,26,36,20,33,23,117,49,9,10,14,24,72,98,114,30
Youngou,2 390,2 718,5 108,135,161,194,181,153,192,935,368,136,84,100,165,353,758,965,228
Youngou-Peulh,102,88,190,5,9,2,8,8,5,37,11,6,4,5,12,14,31,30,3
Zabré,10 119,11 607,21 726,554,664,671,663,662,626,3 432,1 703,571,543,473,1 084,1 959,3 225,3 872,1 024
Zakaré,220,229,449,13,16,18,28,15,23,63,30,13,6,7,14,41,56,79,27
Zihoun,2 044,2 220,4 264,141,122,143,153,133,142,711,293,82,95,91,203,350,619,823,163
Zourma,3 139,4 048,7 187,277,267,258,265,225,247,1 256,585,196,144,144,259,524,862,1 246,432
,,,,,,,,,,,,,,,,,,,
"""COMMUNE: ZOAGA - Rural""",6 453,6 780,13 233,403,325,448,497,456,431,2 382,938,350,249,234,547,1 018,1 854,2 330,771
Bingo,452,575,1 027,58,17,38,58,34,36,178,53,31,11,16,48,57,147,159,86
Bougre,641,707,1 348,23,32,41,40,41,41,226,93,43,35,14,58,89,188,264,120
Bourma,428,513,941,57,43,24,45,38,23,181,58,8,24,11,42,61,118,169,39
Dawega,325,300,625,12,9,22,17,23,23,116,36,21,9,15,29,49,99,106,39
Koukoadore,190,190,380,7,7,12,11,26,11,76,21,11,9,8,9,26,48,80,18
Mong-Naba,514,562,1 076,37,26,40,39,38,33,193,72,25,21,13,45,73,159,200,62
Pakoungou,503,522,1 025,17,37,41,41,37,31,196,73,24,7,17,43,72,165,173,51
Pargou,876,923,1 799,54,49,63,55,49,64,305,139,62,35,42,93,172,202,329,86
Tabissi,196,189,385,0,23,10,20,11,24,71,32,8,1,8,13,26,55,62,21
Zame,530,639,1 169,43,22,41,48,42,43,226,100,40,15,24,32,78,128,225,62
Zerboko,478,376,854,28,15,28,38,34,37,128,57,12,11,17,36,78,162,142,31
Zoaga,1 027,1 012,2 039,42,34,77,69,69,55,387,158,47,52,38,74,188,283,340,126
Zoaga-Peulh,103,86,189,10,4,2,2,5,5,41,20,8,10,5,8,17,21,28,3
Zoaga-Yarce,190,186,376,15,7,9,14,9,5,58,26,10,9,6,17,32,79,53,27
,,,,,,,,,,,,,,,,,,,
"""COMMUNE: ZONSE - Rural""",16 199,21 128,37 327,1 345,1 280,1 624,1 421,1 441,1 409,7 332,3 120,1 025,719,707,1 372,2 556,4 722,5 805,1 449
Boutaya,375,471,846,26,22,37,24,36,28,173,71,26,14,19,24,51,114,133,48
Diarra-Betongo,630,963,1 593,61,75,53,61,74,60,333,130,40,32,20,62,121,151,255,65
Dimvousse,804,1 088,1 892,63,62,91,71,82,65,373,169,51,43,33,42,107,231,299,110
Guella,299,453,752,30,33,34,32,34,23,174,69,22,14,16,16,39,88,108,20
Guiemssem,529,703,1 232,57,41,56,52,32,36,243,118,39,28,37,57,78,149,168,41
Kareta,300,412,712,24,30,33,26,30,34,142,65,12,16,15,17,48,89,91,40
Korgoreya,593,885,1 478,75,62,76,62,89,57,291,92,35,22,24,53,138,164,192,46
koungou,543,616,1 159,25,39,47,35,48,36,219,105,33,24,39,34,79,143,192,61
Kourga,1 546,2 026,3 572,127,120,163,128,127,149,673,314,109,70,60,129,247,416,605,135
Landre,779,921,1 700,42,48,69,64,56,54,316,139,41,33,22,78,126,243,289,80
Litaya,233,321,554,20,18,25,19,23,27,105,51,15,9,15,10,35,63,90,29
Mangare,297,373,670,35,19,24,19,21,32,132,53,17,8,15,28,48,90,114,15
Nyekouneta,919,1 119,2 038,59,94,77,79,76,72,334,164,51,42,42,106,180,300,288,74
Ponga,3 881,4 706,8 587,304,237,390,349,306,315,1 740,716,257,170,147,290,563,1 188,1 364,251
Possodo,529,711,1 240,44,55,47,48,57,55,234,88,32,29,26,36,85,154,183,67
Samprabissa,73,87,160,6,4,5,5,11,3,33,13,5,1,1,8,5,23,30,7
Sangou-Nazela,197,254,451,18,8,23,15,10,22,89,31,16,6,12,32,38,54,64,13
Saoupo,436,579,1 015,38,24,42,50,39,46,186,88,39,9,18,31,78,158,136,33
Soboya,254,343,597,29,19,25,21,20,24,120,59,8,16,7,19,43,67,89,31
Soper,430,566,996,36,35,52,48,37,42,176,83,14,21,14,65,62,120,158,33
Yerba-Peulh,120,173,293,10,17,10,13,11,13,60,25,8,3,5,10,15,41,46,6
Yergoya,1 380,1 919,3 299,133,137,147,119,135,129,656,255,94,64,76,131,212,387,503,121
Zonsé,1 052,1 439,2 491,83,81,98,81,87,87,530,222,61,45,44,94,158,289,408,123
,,,,,,,,,,,,,,,,,,,
PROVINCE: KOULPELOGO,174 780,187 864,362 644,11 715,11 235,13 553,14 226,13 303,13 612,69 009,27 179,8 685,6 919,6 426,14 582,27 850,51 852,60 752,11 746
,,,,,,,,,,,,,,,,,,,
"""COMMUNE: COMIN-YANGA** - Rural""",23 138,25 122,48 260,1 498,1 475,1 854,1 871,1 874,1 994,9 445,3 675,1 116,902,838,1 693,3 551,6 341,8 359,1 774
Baglenga,192,205,397,12,12,15,16,15,16,81,30,9,7,7,14,29,52,68,14
Balboudi,274,256,530,17,16,20,21,20,22,105,40,12,10,9,19,38,69,92,20
Bangoghin,74,73,147,4,4,6,6,6,6,29,11,3,3,3,5,11,19,25,6
Coewinga,288,314,602,19,19,23,24,23,25,117,46,14,11,11,21,44,79,104,22
Comin-Yanga,4 089,4 343,8 432,265,260,329,326,330,348,1 626,648,201,157,146,296,620,1 107,1 462,311
Dogtenga 1,624,667,1 291,40,39,49,50,50,53,257,98,29,24,23,45,95,169,223,47
Dogtenga 2,473,512,985,31,31,38,38,38,41,193,75,22,19,17,34,73,129,170,36
Gagare,653,699,1 352,42,41,52,52,52,56,266,103,31,26,24,47,99,178,234,49
Gaonghin,286,326,612,19,19,24,23,24,26,119,46,15,11,11,22,45,80,106,22
Kakati,1 234,1 341,2 575,80,79,99,99,100,106,505,196,60,48,45,90,189,338,446,95
Kamdiokin,690,786,1 476,46,45,56,58,57,61,289,112,34,27,25,52,109,195,256,54
Karme,205,207,412,12,12,15,16,16,17,85,31,9,7,7,14,30,54,72,15
Kiougou-Doure,469,505,974,30,29,37,38,38,41,192,74,22,18,17,34,71,128,169,36
Kiougou-Kandaga,1 075,1 215,2 290,71,70,88,89,89,94,449,174,52,42,40,80,169,302,397,84
Kiougou-Namounou,128,171,299,9,9,11,11,11,13,60,23,6,6,5,11,22,39,52,11
Kisbouga,415,434,849,26,26,33,33,33,35,167,64,20,16,15,29,62,112,147,31
Kohogo,1 258,1 407,2 665,83,82,102,103,104,110,521,202,61,49,46,94,197,351,462,98
Kohogo-Peulh,24,31,55,2,2,2,2,2,2,7,4,2,2,1,2,5,8,10,2
Kolanga*,420,442,862,27,26,33,34,34,35,170,66,20,16,15,30,63,113,149,31
Konzeogo-Bangane,96,151,247,8,8,9,10,9,10,47,18,6,5,4,9,19,33,43,9
Konzeogo-Sambila,836,1 013,1 849,57,57,71,71,71,77,361,140,42,34,32,65,137,245,321,68
Konzeogo-Yalgo,359,366,725,22,22,28,28,28,30,143,56,16,13,13,25,54,94,126,27
Lamiougou,687,735,1 422,44,43,55,55,55,59,280,109,33,26,25,49,104,186,246,53
Moaga,169,135,304,9,9,12,12,12,12,60,23,7,6,5,11,22,39,53,12
Pilede,281,331,612,19,19,23,23,24,25,119,46,14,12,11,21,46,81,106,23
Pognankoudougou Radogo,168,177,345,10,10,13,14,13,14,68,26,8,7,6,13,26,45,59,13
Sabrado,743,818,1 561,48,48,60,61,60,65,304,118,36,30,27,55,115,206,271,57
Sakango,1 111,1 210,2 321,72,71,89,90,91,96,454,177,53,43,40,82,171,305,402,85
Sakidissi,223,170,393,12,12,15,15,15,17,79,31,9,8,7,13,28,50,67,15
Sougoudi,227,243,470,14,14,18,18,19,19,94,35,11,9,8,17,34,62,81,17
Tanziega,126,122,248,8,8,9,10,9,11,49,19,5,5,4,9,18,32,43,9
Tire,399,398,797,25,24,30,31,31,33,158,61,19,15,14,27,58,104,137,30
Vohogdin*,3 263,3 546,6 809,211,208,261,264,265,281,1 335,518,157,127,117,240,501,895,1 179,250
Youtenga,209,242,451,14,13,18,17,18,18,89,34,11,8,8,16,33,60,78,16
Zonghin,1 370,1 531,2 901,90,88,111,113,112,120,567,221,67,55,50,102,214,382,503,106
,,,,,,,,,,,,,,,,,,,
"""COMMUNE:  DOURTENGA - Rural""",6 213,7 557,13 770,450,409,457,456,507,524,2 723,1 140,360,298,237,552,869,1 704,2 515,569
Dourtenga,2 759,3 340,6 099,222,185,208,192,239,224,1 141,477,159,131,101,240,411,801,1 126,242
Gogo,272,331,603,17,12,22,30,24,17,115,53,12,15,4,26,38,78,101,39
Gorin,214,249,463,6,12,7,19,11,15,84,37,14,7,11,23,46,63,90,18
Kangretenga,450,480,930,38,11,17,28,30,37,190,74,27,17,21,63,63,93,166,55
Kanle,160,230,390,10,16,14,10,19,10,86,36,10,11,5,15,16,47,73,12
Katoulbere,370,468,838,22,35,30,30,28,34,171,72,22,18,8,25,45,82,165,51
Niondin,343,441,784,21,27,29,28,29,35,185,71,22,13,12,22,36,88,132,34
Sougoudin,665,839,1 504,38,38,53,49,56,66,327,132,41,28,28,59,66,191,276,56
Tangoko,324,409,733,39,29,27,15,29,25,154,59,20,20,15,24,36,79,138,24
Yambili,316,307,623,22,15,20,18,20,33,128,62,11,12,12,27,46,77,106,14
Youmtenga,119,145,264,8,7,8,8,7,5,32,29,10,16,15,11,17,32,47,12
Zargoama,221,318,539,7,22,22,29,15,23,110,38,12,10,5,17,49,73,95,12
,,,,,,,,,,,,,,,,,,,
"""COMMUNE: LALGAYE - Rural""",9 201,10 235,19 436,626,628,750,755,697,776,3 534,1 367,451,364,343,710,1 458,3 054,3 381,542
Dibli,445,461,906,31,26,30,37,27,40,176,71,15,12,21,39,52,130,175,24
Gouli,514,546,1 060,3,45,56,43,34,44,212,81,17,22,7,52,74,192,151,27
Guini,266,283,549,2,53,21,29,13,17,95,31,8,4,3,17,40,113,82,21
Kieblin,314,340,654,8,9,30,27,29,31,127,47,13,14,13,14,49,126,110,7
Kimzim,182,146,328,26,11,20,10,4,9,19,3,3,4,1,11,32,86,69,20
Lalgaye,1 502,1 648,3 150,108,103,92,108,99,100,532,214,76,63,73,135,241,564,530,112
Lalgaye Yarce,289,361,650,25,24,18,14,22,31,113,51,18,14,14,28,34,90,134,20
Nassiega,1 021,1 073,2 094,71,72,90,82,83,82,402,157,59,53,47,84,170,263,343,36
Paore,131,199,330,9,11,10,12,13,13,56,30,7,5,6,8,21,57,60,12
Pihitenga,581,733,1 314,40,25,63,45,47,50,256,93,40,18,17,54,63,193,256,54
Pissiongo,174,174,348,0,19,13,15,12,12,58,39,9,6,4,13,25,55,62,6
Sablogo,664,736,1 400,38,43,56,71,56,65,266,135,35,32,36,54,88,168,223,34
Tensobentenga,1 544,1 706,3 250,146,91,125,142,139,145,599,202,78,47,45,87,297,488,536,83
Tiguetin,625,774,1 399,23,19,49,59,50,73,313,109,41,37,25,48,100,218,224,11
Yalgo,949,1 055,2 004,96,77,77,61,69,64,310,104,32,33,31,66,172,311,426,75
,,,,,,,,,,,,,,,,,,,
"""COMMUNE: OUARGAYE""",20 422,22 204,42 626,1 261,1 130,1 467,1 387,1 456,1 434,7 762,3 217,1 049,873,848,1 757,3 394,6 160,8 001,1 430
,,,,,,,,,,,,,,,,,,,
"""COMMUNE: OUARGAYE - Rural""",13 958,15 237,29 195,899,789,1 091,1 006,1 085,1 039,5 448,2 088,691,538,527,1 069,2 203,4 143,5 605,974
Babakou,242,283,525,12,12,18,26,17,22,90,32,16,7,2,16,49,84,86,36
Bittin,1 030,1 164,2 194,97,56,81,69,86,52,397,174,62,41,48,97,181,281,397,75
Boudoughin,380,335,715,0,1,22,20,13,21,95,39,18,17,15,51,91,145,156,11
Dimtenga,1 996,2 185,4 181,164,137,166,153,177,166,812,328,89,75,87,151,300,587,672,117
Kogo,705,680,1 385,29,39,47,49,49,41,249,114,36,16,18,52,125,187,263,71
Konglore,1 141,1 245,2 386,100,91,147,101,137,71,343,116,33,29,21,52,162,400,502,81
Koundoghin,1 104,1 385,2 489,86,77,113,83,83,87,464,175,62,40,42,74,130,409,483,81
Lerghin,689,778,1 467,45,35,38,34,44,55,303,124,46,40,31,65,103,144,285,75
Mene,2 364,2 684,5 048,120,112,161,164,158,200,880,398,116,100,110,216,414,755,989,155
Naboudin,541,533,1 074,31,37,37,31,55,33,213,46,23,13,9,30,93,141,240,42
Naganga,3 094,3 240,6 334,183,151,219,237,218,240,1 312,411,152,121,117,220,484,857,1 242,170
Tessoaghin,672,725,1 397,32,41,42,39,48,51,290,131,38,39,27,45,71,153,290,60
,,,,,,,,,,,,,,,,,,,
"COMMUNE: OUARGAYE - Urbain""",6 464,6 967,13 431,362,341,376,381,371,395,2 314,1 129,358,335,321,688,1 191,2 017,2 396,456
Secteur 1,1 200,1 308,2 508,59,57,60,68,60,65,423,189,74,69,61,132,255,407,466,63
Secteur 2,1 215,1 412,2 627,82,63,78,74,71,73,473,214,62,72,60,129,209,409,467,91
Secteur 3,1 363,1 369,2 732,84,69,81,75,81,79,450,249,82,70,80,153,239,360,470,110
Secteur 4,2 051,2 100,4 151,87,119,112,119,113,121,708,342,109,98,91,217,392,664,716,143
Secteur 5,635,778,1 413,50,33,45,45,46,57,260,135,31,26,29,57,96,177,277,49
,,,,,,,,,,,,,,,,,,,
"""COMMUNE: SANGA - Rural""",26 366,28 281,54 647,1 154,1 705,1 931,2 060,1 914,1 879,10 809,4 467,1 352,1 150,980,2 240,4 071,7 948,9 436,1 551
Biguimnoghin,209,217,426,13,12,27,19,24,12,95,38,8,10,6,13,12,71,54,12
Bilguimdouré,1 885,2 056,3 941,84,122,129,143,126,141,784,304,123,87,107,145,305,512,720,109
Dabodin,609,662,1 271,38,49,44,70,66,43,283,91,36,27,14,38,97,174,184,17
Daboulga,538,546,1 084,10,30,45,30,42,39,239,108,28,29,23,36,83,122,188,32
Dagomkom,1 332,1 234,2 566,14,91,112,117,114,96,493,190,54,44,32,83,134,346,550,96
Diougo,736,810,1 546,31,44,40,24,37,42,294,166,48,44,41,69,110,222,268,66
Ganzaga,211,230,441,12,7,15,26,17,13,98,38,10,5,11,15,36,56,69,13
Ganzaga de Sangha,324,333,657,14,15,18,21,20,23,112,61,8,13,6,33,69,97,118,29
Goghin,357,347,704,32,16,10,15,18,25,65,28,13,10,12,30,68,172,171,19
Gouadiga,585,521,1 106,9,20,18,40,29,36,262,99,53,22,12,54,69,180,174,29
Idani,919,1 126,2 045,95,70,60,69,74,66,418,174,36,63,42,78,149,265,322,64
Kandoure,71,81,152,0,0,5,6,2,5,36,14,5,3,3,5,6,23,31,8
Kaongo,779,878,1 657,22,50,70,47,55,75,423,116,41,31,25,61,83,232,283,43
Kombilga,1 680,1 727,3 407,12,137,109,166,123,123,584,258,94,81,75,149,253,565,604,74
Koyenga,879,866,1 745,33,44,67,76,55,66,339,149,60,36,45,69,126,234,297,49
Longo,1 706,1 717,3 423,71,103,147,155,145,129,762,299,67,61,43,108,225,416,595,97
Naba-Dabogo,1 076,1 146,2 222,56,68,93,50,74,77,449,205,55,57,60,146,178,313,284,57
Ouedogo,671,693,1 364,7,60,62,68,42,34,247,82,44,23,18,79,139,207,218,34
Sangha-Natenga,1 809,2 075,3 884,53,153,120,138,138,114,785,320,100,84,61,187,307,529,677,118
Sangha-Peulh,216,221,437,4,15,14,17,8,10,98,48,10,9,12,11,35,61,69,16
Sangha-Yarcé,703,752,1 455,30,28,34,39,37,32,281,97,17,37,16,68,146,253,290,50
Sankanse,1 067,1 176,2 243,76,44,77,87,74,73,387,147,46,31,38,80,198,439,402,44
Tabe,588,588,1 176,5,61,46,50,25,42,175,73,25,13,16,54,127,251,194,19
Tampabdigo,948,983,1 931,33,62,72,71,48,69,362,149,33,34,37,74,156,359,321,51
Tankoaga,418,432,850,19,13,43,30,34,21,197,90,14,21,13,45,67,84,145,14
Taram-Noaga,2 333,2 699,5 032,104,193,151,196,191,174,971,440,113,113,87,242,361,654,890,152
Wobgo-Rassin,614,706,1 320,45,46,45,47,44,55,286,128,36,28,26,47,72,123,244,48
Yourga,2 413,2 676,5 089,201,89,205,176,173,189,960,426,131,101,79,189,388,803,826,153
Yourkoudghin,690,783,1 473,31,63,53,67,79,55,324,129,44,33,20,32,72,185,248,38
,,,,,,,,,,,,,,,,,,,
"""COMMUNE: SOUDOUGUI** - Rural""",45 082,47 097,92 179,3 037,3 214,3 968,4 248,3 786,3 814,17 924,6 472,2 009,1 605,1 498,3 558,7 293,13 076,13 857,2 820
Bagmoussa,753,793,1 546,51,54,67,72,64,64,298,108,33,27,25,60,122,220,233,48
Boudangou*,6 791,7 104,13 895,459,485,599,638,573,575,2 702,977,301,241,227,535,1 100,1 970,2 089,424
Boudou,366,433,799,26,28,34,36,32,33,157,56,17,14,13,31,63,115,120,24
Diakarga,1 342,1 270,2 612,86,91,112,121,108,108,508,184,58,46,42,101,206,368,393,80
Diakarga-Peulh,315,118,433,15,16,19,21,18,18,87,32,10,8,7,16,32,57,64,13
Dienbende,2 417,2 529,4 946,163,172,213,228,203,205,963,347,108,86,80,191,391,701,744,151
Dienbende-Diori,573,487,1 060,35,37,46,50,44,44,207,75,23,18,17,41,83,148,159,33
Kamse*,2 959,3 109,6 068,202,213,262,277,254,251,1 170,427,132,107,98,233,483,859,912,188
Kandaghin,341,348,689,22,24,30,32,28,29,134,48,15,12,11,27,55,98,103,21
Kianghin,133,138,271,8,9,12,13,11,12,52,19,6,5,4,11,21,39,41,8
Koadjidjoal,176,200,376,12,13,17,17,15,15,72,26,8,7,6,15,30,54,57,12
Konianwende,248,302,550,18,19,24,25,22,23,104,39,12,10,9,22,44,79,83,17
Konyelenbere,1 359,1 436,2 795,92,98,120,129,115,116,542,196,61,49,47,107,221,397,420,85
Koudiorgou,700,730,1 430,47,50,61,66,58,59,281,100,31,25,23,55,113,202,215,44
Koulpalga,686,726,1 412,47,49,61,65,58,58,274,99,31,25,23,55,111,201,212,43
Koulsonde,2 069,2 166,4 235,139,148,182,196,174,175,822,297,92,74,69,164,335,601,637,130
Koultianga,768,847,1 615,53,56,69,74,66,67,315,113,35,28,26,63,128,230,243,49
Modaogo I,1 226,1 274,2 500,82,88,107,115,103,103,488,175,55,43,41,96,198,354,376,76
Modaogo II,307,329,636,21,22,27,29,26,26,127,44,13,11,10,25,50,91,95,19
Nabangou,2 636,2 759,5 395,178,188,233,249,221,223,1 050,379,117,93,89,207,427,765,811,165
Naloanga*,1 550,1 624,3 174,105,111,136,147,130,131,618,223,69,55,52,122,251,450,477,97
Napade,1 582,1 638,3 220,106,112,139,148,132,133,627,226,70,56,52,125,254,457,484,99
Napiga,301,342,643,21,22,28,29,26,27,126,45,14,11,10,25,51,92,96,20
Naytonghin*,323,344,667,22,23,29,31,27,28,128,47,15,11,11,25,53,95,101,21
Noulibouli,397,495,892,29,31,38,41,37,37,173,62,20,15,15,34,71,128,134,27
Pilogre*,1 400,1 479,2 879,95,100,124,133,118,119,558,203,63,50,48,110,228,409,433,88
Sandiaba,770,803,1 573,52,55,67,73,65,65,306,111,35,27,25,61,124,223,236,48
Sisse*,591,623,1 214,40,42,53,56,49,50,238,85,26,21,20,47,96,172,182,37
Sitipiga,1 013,1 051,2 064,68,72,89,95,84,85,403,145,45,36,33,80,163,293,310,63
Sologo I,588,707,1 295,43,44,56,59,52,53,250,91,28,23,21,51,104,186,195,39
Sologo II,351,408,759,25,26,32,35,31,31,147,53,17,13,12,30,60,109,115,23
Soudoubila,1 257,1 393,2 650,87,92,114,122,108,110,514,186,58,46,43,102,211,378,398,81
Soudougui,2 211,2 237,4 448,147,155,191,206,183,184,865,312,97,78,72,172,351,630,669,136
Vilianga-Gourma,1 055,1 191,2 246,74,78,97,103,92,93,434,157,49,39,36,87,179,321,338,69
Vilianga-Mossi,1 526,1 630,3 156,104,110,135,145,129,131,614,221,69,55,51,122,250,448,475,97
Waidjoaga,2 041,2 146,4 187,138,146,180,193,171,173,814,294,92,73,68,162,331,594,630,128
Waldjoaga-Peulh,216,191,407,13,14,17,19,17,17,82,28,9,7,7,15,32,57,61,12
Yoabghin,918,869,1 787,59,63,77,83,74,74,350,126,39,31,29,68,140,251,268,55
Youanga,130,136,266,8,9,12,13,11,11,50,19,6,5,4,11,21,38,40,8
Zongo,463,472,935,30,33,40,43,39,39,185,65,20,16,15,36,74,132,140,28
Zoungou-Peulh,234,220,454,15,16,19,21,18,19,89,32,10,8,7,18,36,64,68,14
,,,,,,,,,,,,,,,,,,,
"""COMMUNE: YARGATENGA - Rural""",28 246,29 508,57 754,1 967,1 645,1 956,2 115,1 937,1 974,10 511,4 303,1 534,1 123,1 097,2 721,4 798,8 804,9 465,1 804
Bama,450,479,929,23,38,30,31,42,34,173,80,20,23,17,41,75,116,154,32
Besseme,938,911,1 849,19,35,64,64,74,79,381,148,53,19,28,46,89,363,321,66
Bilemtenga,1 360,1 501,2 861,51,81,92,110,105,97,596,225,82,50,58,117,197,410,497,93
Bougla Kino,504,337,841,10,31,34,33,19,30,125,55,27,15,4,39,121,147,135,16
Cinkansé,9 706,10 109,19 815,540,586,654,670,656,713,3 501,1 366,520,392,406,1 056,1 859,3 381,3 033,482
Dihore,427,441,868,10,21,27,31,26,35,161,65,25,15,17,47,65,144,153,26
Doukbole,635,638,1 273,18,16,52,50,53,47,270,108,28,27,21,53,82,185,231,32
Hornogo,1 578,1 604,3 182,38,56,112,110,109,79,641,298,74,81,70,171,278,426,544,95
Kampoaga,1 053,1 016,2 069,34,52,71,65,73,67,348,146,72,27,35,67,138,347,428,99
Kiniwaga,268,317,585,7,11,22,32,22,32,120,36,18,9,9,27,32,89,100,19
Kiongo,973,995,1 968,48,77,82,88,55,95,399,158,56,43,40,111,133,240,303,40
Métemete,824,798,1 622,78,53,54,43,39,23,229,100,59,42,23,93,157,259,287,83
Sibtenga,639,733,1 372,46,32,50,56,70,55,281,100,28,29,19,56,86,188,234,42
Tounougou Tone,1 007,1 152,2 159,39,52,64,71,66,118,447,172,68,30,37,94,179,311,334,77
Waongo,2 942,2 991,5 933,203,164,228,256,185,158,1 070,436,154,124,125,282,509,888,963,188
Yargatenga,2 350,2 809,5 159,145,96,163,205,164,172,949,422,127,119,96,228,415,641,979,238
Yoyo,1 360,1 393,2 753,623,106,78,100,79,45,341,171,48,40,41,108,194,287,381,111
Zoaga,1 232,1 284,2 516,35,138,79,100,100,95,479,217,75,38,51,85,189,382,388,65
,,,,,,,,,,,,,,,,,,,
"""COMMUNE: YONDE** - Rural""",16 112,17 860,33 972,1 722,1 029,1 170,1 334,1 132,1 217,6 301,2 538,814,604,585,1 351,2 416,4 765,5 738,1 256
Baoghin,344,430,774,40,24,27,30,25,27,142,58,18,14,14,31,55,110,130,29
Boussirabogo,1 775,1 969,3 744,190,114,129,147,125,134,693,280,90,66,65,149,266,525,632,139
Dabogo,472,531,1 003,51,31,34,39,34,35,188,75,24,18,17,40,71,140,169,37
Dazinre,228,236,464,24,14,16,18,16,17,85,34,11,9,8,19,33,64,79,17
Foulbado-Mossi,209,236,445,23,13,15,18,15,16,83,33,11,8,8,18,31,62,75,16
Gnanghin,628,756,1 384,70,42,48,55,46,50,254,103,33,25,24,55,99,195,234,51
Gnogzinse,424,461,885,45,27,31,35,29,32,162,66,21,16,15,36,63,124,150,33
Kamseogo,948,993,1 941,99,59,67,77,65,70,360,145,47,34,33,77,137,271,328,72
Kanseogo-Peulh,114,96,210,11,7,7,9,7,7,40,16,5,3,4,8,14,29,35,8
Kidibi,677,665,1 342,68,41,47,53,45,48,249,101,32,24,23,53,95,186,227,50
Koadiga,518,565,1 083,55,33,37,42,36,39,201,81,26,20,18,43,77,152,183,40
Kondogo,646,710,1 356,69,41,47,53,45,48,254,101,32,24,23,54,96,190,229,50
Loume,548,643,1 191,60,36,41,46,39,42,223,88,29,21,21,47,85,168,201,44
Napenga,578,631,1 209,62,37,41,48,40,44,221,91,29,22,21,48,86,170,204,45
Niorgo-Yanga,640,777,1 417,72,43,48,55,47,51,261,106,33,25,24,57,102,200,240,53
Nobsgogo,70,83,153,8,4,5,6,5,6,28,12,4,2,3,6,10,22,26,6
Pogoyoaga,732,803,1 535,78,47,53,60,51,55,284,114,37,27,26,61,110,216,259,57
Salembaore,2 637,2 926,5 563,276,164,193,220,186,198,1 042,416,132,99,95,221,398,780,940,203
Welguemsibou,542,513,1 055,54,32,36,41,35,38,197,79,26,19,18,42,74,146,178,40
Wobgo,380,477,857,44,26,29,33,29,31,158,64,20,15,15,34,61,122,145,31
Yactibo*,633,693,1 326,67,41,46,52,44,48,245,99,32,24,23,52,94,186,224,49
Yondé,2 070,2 296,4 366,221,132,150,171,146,157,811,326,105,77,75,174,311,612,737,161
Yondé-Peulh,94,118,212,11,7,7,8,7,8,37,16,6,4,4,8,15,30,36,8
Yorghin,205,252,457,24,14,16,18,15,16,83,34,11,8,8,18,33,65,77,17
,,,,,,,,,,,,,,,,,,,
PROVINCE: KOURITENGA,222 145,257 876,480 021,14 970,14 474,17 629,17 398,17 129,17 576,91 906,40 061,12 105,9 512,9 632,17 214,34 223,63 898,80 714,21 580
,,,,,,,,,,,,,,,,,,,
"""COMMUNE: ANDEMTENGA - Rural""",31 423,38 005,69 428,2 105,2 291,2 843,2 940,2 811,2 882,14 172,5 696,1 675,1 230,1 309,2 170,4 025,8 926,11 197,3 156
Andemtenga,1 301,1 589,2 890,88,82,103,132,113,98,610,259,88,60,59,98,137,315,489,159
Andemtenga-Peulh,100,110,210,4,6,9,10,6,8,44,28,5,6,5,6,8,21,34,10
Boto,847,1 061,1 908,70,55,73,69,72,73,381,156,47,42,39,57,128,249,321,76
Doundoudougou,2 722,3 560,6 282,247,138,252,263,247,227,1 182,439,137,91,103,225,421,1 015,1 046,249
Finougou,1 177,1 321,2 498,81,90,87,91,83,76,485,232,58,51,55,78,158,359,420,94
Guéfourgou,1 186,1 528,2 714,110,114,106,150,128,133,540,177,52,41,44,75,176,355,416,97
Kindi,1 045,1 324,2 369,101,68,102,112,87,123,536,212,42,48,41,66,107,270,337,117
Koboundoum,1 739,2 102,3 841,137,138,138,181,180,157,827,299,108,49,74,127,271,481,553,121
Koénd-Zingdémissi,475,612,1 087,24,52,67,31,52,38,238,97,23,21,19,31,44,144,166,40
Kombeolé,896,1 071,1 967,66,78,84,101,75,71,444,178,45,38,46,41,85,216,321,78
Kougoure,1 060,1 236,2 296,39,69,103,66,74,87,440,177,47,44,42,78,148,339,430,113
Koulkienga,631,798,1 429,34,46,43,66,46,62,297,136,50,28,16,44,85,166,242,68
Koundi,1 977,2 416,4 393,133,195,209,197,201,210,877,356,85,76,85,115,254,542,693,165
Mokomdongo,924,1 012,1 936,63,36,100,85,76,74,415,173,57,39,37,66,82,245,315,73
Ouenga,3 461,3 972,7 433,167,291,327,311,310,359,1 515,587,177,140,154,250,500,1 015,1 022,308
Sabrabinatenga,1 098,1 439,2 537,87,94,93,109,128,115,597,264,59,42,47,49,97,239,406,111
Sabrouko,154,211,365,11,7,18,12,16,17,95,36,11,0,9,7,16,33,60,17
Silenga,887,1 113,2 000,57,80,91,62,78,76,420,179,39,45,33,76,112,200,338,114
Simba,2 260,2 805,5 065,100,216,194,191,208,204,1 058,454,125,86,102,142,256,647,819,263
Somdabésma,342,376,718,22,30,35,29,33,35,156,78,14,7,11,29,37,70,110,22
Songrétenga,1 217,1 403,2 620,66,54,108,99,96,103,555,242,82,44,47,75,112,299,477,161
Tambela Mossi,1 228,1 526,2 754,111,85,117,115,128,110,562,234,67,49,50,95,155,331,435,110
Tambela-Peulh,14,8,22,0,0,1,0,0,3,4,3,1,0,1,0,2,2,5,0
Tambogo,1 807,1 911,3 718,108,109,114,161,147,144,705,237,86,72,68,155,267,533,596,216
Tampella,618,877,1 495,35,34,44,54,42,44,227,94,27,32,19,49,90,243,347,114
Tanga,1 328,1 486,2 814,89,74,157,155,104,143,524,181,89,45,58,75,191,370,422,137
Tantako,929,1 138,2 067,55,50,68,88,81,92,438,188,54,34,45,61,86,227,377,123
,,,,,,,,,,,,,,,,,,,
"""COMMUNE: BASKOURE - Rural""",7 223,8 666,15 889,433,455,558,525,487,580,3 299,1 704,452,367,337,587,953,1 485,2 800,867
Balgo,137,147,284,4,6,11,12,9,9,67,22,6,9,5,11,18,18,58,19
Baskouré,1 553,1 560,3 113,71,85,93,98,84,103,572,412,103,92,74,129,170,324,556,147
Boumdoudoum,297,360,657,22,26,26,25,23,21,147,51,15,8,17,18,43,75,103,37
Komsilga,570,694,1 264,35,42,48,46,48,54,273,139,32,30,27,41,48,118,224,59
Lilgomdé,141,221,362,9,7,8,7,10,6,60,75,16,7,8,13,25,33,59,19
Nakaba,1 696,2 201,3 897,99,108,136,132,136,142,836,413,115,85,91,123,210,340,698,233
Niaogo,236,257,493,14,11,18,18,16,21,108,43,18,6,4,11,34,43,95,33
Oualgo,488,649,1 137,40,40,33,38,38,47,232,105,32,19,28,50,81,105,196,53
Ounougou,577,730,1 307,38,30,48,50,40,54,296,138,29,41,20,45,64,103,232,79
Sambraoghin,666,826,1 492,46,55,60,45,42,57,341,139,31,28,23,50,86,144,265,80
Seguem,178,282,460,13,12,27,9,11,12,109,58,13,11,4,16,29,40,71,25
Tossin,684,739,1 423,42,33,50,45,30,54,258,109,42,31,36,80,145,142,243,83
,,,,,,,,,,,,,,,,,,,
"""COMMUNE: DIALGAYE - Rural""",24 576,29 497,54 073,1 956,1 654,2 102,2 067,2 088,2 060,10 664,4 501,1 246,962,945,1 628,3 391,6 954,9 189,2 666
Boulga,737,837,1 574,52,41,54,47,68,46,322,152,27,31,38,39,83,175,316,83
Dagamtenga,1 391,1 813,3 204,90,81,107,119,118,111,659,292,93,57,57,87,203,395,530,205
Dagamtenga Peulh,113,120,233,11,1,13,7,6,14,55,10,6,10,4,7,15,25,35,14
Dassoui,3 492,4 070,7 562,271,280,299,288,296,297,1 445,549,149,162,138,243,569,1 128,1 211,237
Dialgaye,2 354,2 738,5 092,195,150,210,168,217,184,926,428,128,90,87,156,352,655,855,291
Gomtenga,1 679,1 916,3 595,114,88,123,121,142,114,735,352,79,80,75,122,190,394,659,207
Guitanga,103,135,238,6,5,8,10,3,11,43,19,6,2,2,10,26,32,38,17
Issiri Yaoguin,1 185,1 439,2 624,120,70,81,85,98,85,487,206,68,58,56,88,193,357,417,155
Kalmodo,361,413,774,31,23,21,36,31,28,146,73,27,8,11,22,39,105,135,38
Kalwenga,419,526,945,26,39,37,37,40,34,182,69,26,9,18,21,49,133,156,69
Kampoayargo,470,573,1 043,35,46,33,33,46,35,211,88,22,21,21,42,64,97,190,59
Kamsaogho,532,618,1 150,31,41,42,40,39,49,251,109,34,20,19,36,53,114,207,65
Kidibin,465,579,1 044,42,33,54,39,50,43,198,87,13,5,14,33,88,119,177,49
Kostenga,602,757,1 359,64,42,55,62,50,49,256,100,22,21,13,46,93,172,235,79
Lioulgou,2 076,2 348,4 424,168,145,174,194,162,150,871,334,77,76,81,137,314,600,713,228
Lioulgou-Peulh,332,437,769,25,28,44,40,32,42,147,52,12,11,17,29,47,101,112,30
Loanga,244,260,504,16,12,12,17,14,13,93,43,11,10,9,24,57,62,88,23
Nabdogo,195,235,430,29,18,19,21,9,17,96,43,7,4,2,7,15,51,69,23
Neneogo,1 416,1 722,3 138,120,117,138,132,119,146,655,270,85,59,46,78,128,357,555,133
Ouarghin,881,1 084,1 965,82,48,64,70,77,81,392,174,48,36,33,75,104,239,357,85
Passem-Noguin,900,1 093,1 993,49,45,74,71,83,97,395,181,59,28,36,69,107,305,308,86
Songpelsé,213,274,487,10,12,21,15,7,27,98,41,16,10,7,13,37,61,87,25
Soubga,364,465,829,32,13,24,42,25,30,173,87,25,11,16,15,39,104,154,39
Tamissi,326,400,726,33,11,35,32,34,25,166,59,17,8,11,15,49,97,108,26
Ténoaghin,909,1 134,2 043,88,72,110,94,88,85,394,145,37,34,36,54,140,272,314,80
Toesse-Koulba,529,619,1 148,31,33,61,39,40,43,214,108,39,22,17,38,52,147,213,51
Vongo,212,248,460,21,11,16,23,11,20,93,41,15,7,11,6,22,72,70,21
Yélembasse,402,464,866,31,42,29,39,32,34,155,69,18,10,17,21,47,115,167,40
Zeguedega,808,1 019,1 827,64,47,73,72,74,75,389,133,40,31,22,28,101,213,357,108
Zeguedega Poessé,866,1 161,2 027,69,60,71,74,77,75,417,187,40,31,31,67,115,257,356,100
,,,,,,,,,,,,,,,,,,,
"""COMMUNE: GOUNGHIN - Rural""",20 912,25 467,46 379,1 283,1 342,1 523,1 532,1 555,1 657,9 835,4 571,1 339,1 038,955,1 644,2 596,4 642,8 082,2 785
Balgo-Zaoce,672,851,1 523,44,46,48,58,48,63,341,146,34,34,30,45,68,148,265,105
Belembaoghin,204,274,478,9,13,15,13,16,16,79,47,13,9,11,18,37,52,95,35
Belemboulghin,783,959,1 742,39,42,48,49,40,60,368,138,49,62,60,96,143,181,276,91
Bilanghin,391,470,861,20,22,27,25,23,24,164,87,25,22,20,50,79,65,153,55
Bonsin-Dagoule,1 179,1 385,2 564,62,81,86,78,86,103,527,285,79,63,57,121,181,230,408,117
Boundoudoum-Zougo,424,505,929,19,39,38,30,32,38,211,103,29,14,19,33,33,96,153,42
Dagbilin,326,424,750,13,18,30,21,23,30,165,83,23,20,21,24,40,52,145,42
Dakonsin,418,478,896,20,27,27,23,24,29,174,92,21,16,16,33,68,95,154,77
Dapelgo,437,600,1 037,14,42,33,31,25,36,232,111,33,34,20,35,68,79,179,65
Dimistenga,913,1 210,2 123,64,59,72,78,71,70,491,183,62,43,31,81,113,170,386,149
Donsin,348,439,787,11,24,25,25,23,30,184,69,20,18,14,37,38,83,138,48
Douamtenga,348,504,852,32,24,33,30,39,27,182,75,11,13,18,22,36,99,147,64
Gandeongo-Bogodin,659,705,1 364,36,35,38,42,54,51,294,170,48,24,26,48,54,132,243,69
Godin,166,223,389,16,11,15,8,15,11,97,38,8,3,8,13,12,48,57,29
Gounghin Centre,902,1 096,1 998,52,42,60,65,55,40,377,222,63,59,41,101,147,235,350,89
Kabèga,715,867,1 582,59,43,55,42,52,47,310,158,60,31,30,58,103,200,240,94
Kabéga Peulh,75,91,166,2,6,6,5,6,5,39,20,7,4,3,5,12,18,28,0
Kiegtougdou,177,202,379,7,6,14,16,8,13,93,36,15,10,9,14,12,47,59,20
Koabdin,411,537,948,46,29,16,30,39,41,204,86,26,18,19,45,32,76,182,59
Kontaga,412,555,967,22,36,29,30,33,33,217,98,43,26,28,41,58,93,137,43
Kougdo,511,641,1 152,38,46,40,30,43,47,214,118,30,34,18,33,67,112,192,90
Lezotenga,1 056,1 258,2 314,69,72,76,80,81,82,479,223,57,35,50,67,103,201,483,156
Mendrin-Tountoghin,140,169,309,9,3,12,8,12,10,61,29,7,6,4,17,23,38,49,21
Milimtenga,120,134,254,9,5,7,8,9,7,52,38,7,2,6,11,12,21,47,13
Mossi-Balgo,168,190,358,12,3,19,18,13,14,85,46,3,9,5,4,14,36,56,21
Nalanghin,223,255,478,9,10,15,13,20,16,95,57,16,20,11,19,30,35,84,28
Namoukouka,581,691,1 272,28,25,47,38,24,46,266,136,55,29,35,47,77,113,204,102
Niongretenga,689,834,1 523,66,53,54,50,59,71,326,115,32,24,35,37,85,173,271,72
Nioughin,608,763,1 371,44,55,44,56,41,46,298,132,42,26,26,42,74,147,208,90
Nondo,243,288,531,16,8,16,24,20,11,126,41,16,13,9,19,26,47,104,35
Noubini,134,185,319,8,4,10,16,8,17,75,33,3,4,11,8,19,33,48,22
Ouédogo-Bokin,705,747,1 452,34,34,37,39,53,52,279,117,45,41,23,52,101,183,282,80
Oueffin,535,618,1 153,31,43,34,60,42,46,267,122,34,27,15,24,50,113,205,40
Pilorghin,522,666,1 188,35,30,41,45,42,58,244,134,46,30,22,49,48,95,202,67
Pissi-Zaoce,1 030,1 179,2 209,64,70,70,82,83,69,466,215,52,56,55,71,116,225,380,135
Sampaongo,929,1 122,2 051,75,50,73,77,75,69,435,178,63,36,44,60,114,243,351,108
Sankouissi,211,237,448,19,24,16,21,20,16,79,22,8,5,4,5,25,59,92,33
Sawatin,77,93,170,2,7,4,7,5,2,35,14,6,1,7,4,13,21,33,9
Sitenga,293,321,614,18,18,26,17,22,21,140,52,15,20,7,11,32,56,116,43
Teyogodin,901,1 065,1 966,56,47,58,70,78,77,441,176,53,30,28,52,85,223,360,132
Wenibankin,375,426,801,14,24,35,15,23,28,172,94,27,18,9,32,57,73,130,50
Wobzoughin,303,397,700,20,15,24,12,20,25,153,79,18,22,24,34,32,44,125,53
Yarkanré,387,558,945,10,34,30,33,35,39,213,101,26,19,17,16,39,98,166,69
Zaka,211,255,466,10,17,20,14,15,21,85,52,9,8,9,10,20,54,99,23
,,,,,,,,,,,,,,,,,,,
"""COMMUNE: KANDO - Rural""",17 863,21 019,38 882,1 388,1 131,1 546,1 574,1 508,1 638,7 741,3 023,984,695,716,1 098,2 466,5 005,6 532,1 837
Bagwokin,390,439,829,35,16,41,31,39,29,149,69,22,8,18,27,57,100,139,49
Bissiga,486,578,1 064,39,40,38,59,43,42,249,83,29,20,14,27,45,112,179,45
Bougrétenga,971,1 136,2 107,46,82,76,70,63,81,392,169,59,32,54,48,139,261,420,115
Guirgo,434,541,975,20,33,36,29,31,41,188,76,29,22,19,30,59,110,188,64
Hamidin,398,507,905,36,35,45,43,38,58,193,67,21,14,20,17,57,117,124,20
Ibga,1 010,1 060,2 070,51,46,76,77,74,87,415,189,74,45,45,65,142,291,321,72
Kampelsezougou,1 168,1 344,2 512,81,59,110,103,108,109,533,159,66,44,54,84,169,332,385,116
Kando,1 604,1 742,3 346,147,75,120,117,102,125,611,241,75,70,68,126,262,411,637,159
Kiongo,320,409,729,14,21,36,23,28,32,143,67,21,19,8,13,41,100,124,39
Kodé-Mendé,1 694,1 998,3 692,154,102,150,140,136,157,747,292,106,85,46,110,206,475,609,177
Lelkom,823,976,1 799,60,58,75,82,69,69,352,169,44,39,37,37,92,217,294,105
Mobèga,420,528,948,20,29,46,36,41,58,212,56,27,11,14,22,47,126,153,50
Nabnongomzougo,619,778,1 397,45,42,63,62,58,40,286,96,36,23,26,37,89,192,231,71
Neem,450,561,1 011,27,38,49,38,46,48,207,92,24,21,20,34,55,133,140,39
Nigui,698,913,1 611,70,29,44,66,49,59,301,126,40,20,36,54,115,221,313,68
Pissi,1 561,1 804,3 365,146,106,148,128,148,159,730,295,55,32,53,70,198,393,598,106
Poessin,398,465,863,41,19,31,41,38,34,169,78,14,12,15,34,65,118,109,45
Salagin,429,485,914,40,20,25,36,32,29,178,68,22,15,15,36,53,103,169,73
Soalga,3 055,3 659,6 714,236,223,275,300,285,304,1 280,467,146,120,125,158,456,969,1 042,328
Tankoemsé,367,448,815,28,26,27,39,35,32,172,67,25,10,6,22,47,87,158,34
Tansèga,443,503,946,40,26,30,45,39,38,181,78,41,22,18,37,53,112,148,38
Yargo,125,145,270,12,6,5,9,6,7,53,19,8,11,5,10,19,25,51,24
,,,,,,,,,,,,,,,,,,,
"""COMMUNE: KOUPELA""",42 828,48 195,91 023,2 737,2 433,3 002,2 915,2 947,2 919,15 860,7 474,2 295,2 029,1 988,3 892,7 893,13 292,15 630,3 717
,,,,,,,,,,,,,,,,,,,
"""COMMUNE: KOUPELA - Rural""",19 631,22 020,41 651,1 264,1 170,1 550,1 534,1 491,1 486,7 906,3 667,1 004,806,819,1 446,2 908,5 370,7 109,2 121
Bassem-Poessin,556,677,1 233,45,18,56,42,42,51,229,113,33,23,27,44,88,126,223,73
Bik-Baskouré,315,310,625,21,17,25,21,22,17,111,56,18,10,13,13,54,66,125,36
Boangtenga,749,789,1 538,48,52,46,68,46,60,307,135,47,24,28,50,104,170,272,81
Boangtenga-Peulh,466,535,1 001,26,17,39,38,32,40,144,80,23,27,22,56,91,162,167,37
Bonnessin Petit,640,702,1 342,40,23,44,56,46,43,256,143,46,30,36,44,77,147,229,82
Dimpaltenga,233,252,485,10,9,9,14,22,8,80,30,9,5,4,20,36,78,98,53
Dimpaltenga-Peulh,119,145,264,20,10,4,7,13,6,46,20,6,8,5,14,12,36,43,14
Gampougdo-Peulh,97,104,201,4,5,3,5,4,16,39,28,3,5,4,6,12,24,37,6
Gargaoua-Peulh,237,225,462,0,1,15,11,20,11,98,79,31,13,15,20,14,33,95,6
Gniga,614,630,1 244,45,40,30,39,39,28,236,105,29,25,23,51,95,134,239,86
Gorgo,1 618,1 709,3 327,93,134,136,140,141,124,646,289,76,63,53,105,217,483,494,133
Kamsaoghin,567,680,1 247,0,34,60,58,44,53,241,100,36,22,23,50,80,170,207,69
Kanrin,277,344,621,14,18,24,22,17,19,108,45,10,15,14,30,49,85,112,39
Kokemnoré,186,235,421,9,6,18,13,10,14,83,49,8,5,8,19,32,49,67,31
Koudmi,695,729,1 424,46,40,53,52,40,55,259,126,33,19,37,41,94,187,257,85
Koughin,592,594,1 186,45,16,34,38,33,32,212,106,35,39,36,50,99,137,223,51
Koughin-Peulh,108,114,222,5,11,5,10,5,13,37,20,8,4,13,9,21,25,28,8
Kouritenga,351,428,779,30,23,26,24,35,19,144,61,27,21,16,25,66,90,131,41
Lelguem,438,488,926,2,22,51,36,43,38,182,81,23,17,16,36,63,134,137,45
Liguidi-Malguem,1 262,1 425,2 687,83,86,103,107,98,96,514,223,40,51,46,59,201,379,477,124
Nabikessem,202,208,410,14,7,17,15,7,14,80,45,8,10,9,10,12,43,87,32
Naftenga,666,776,1 442,41,30,63,54,54,51,270,122,41,21,21,52,99,202,240,81
Nayamtenga,786,1 056,1 842,63,56,76,61,74,73,397,170,23,25,27,63,114,199,329,92
Nohoungou,1 507,1 642,3 149,127,88,105,126,118,111,569,248,74,56,48,114,224,438,553,150
Pissalgo,252,282,534,40,0,15,19,16,18,102,44,13,9,12,20,35,80,80,31
Rainghin,352,375,727,30,25,24,31,18,27,122,57,17,11,16,31,68,100,103,47
Tarbonnessin,229,264,493,14,16,12,18,13,15,87,58,13,11,5,14,30,59,100,28
Tibin,328,371,699,30,17,30,30,14,30,117,64,10,11,17,21,51,115,113,29
Tini-Wako,1 192,1 426,2 618,64,91,95,97,108,107,581,244,61,49,56,79,124,254,468,140
Togtenga,360,429,789,28,28,41,20,28,37,121,61,16,11,19,36,82,122,114,25
Toulougou Ouédogo,255,284,539,12,16,28,12,12,26,98,38,20,10,13,27,38,76,89,24
Toulougou-Kanrin,498,523,1 021,35,36,47,26,38,35,192,74,26,23,23,36,88,126,174,42
Toulougou-Nakomsé,174,182,356,8,9,11,12,8,10,69,37,9,5,8,18,26,39,67,20
Toulougou-Yarcé,568,583,1 151,51,31,43,44,57,44,199,96,28,24,22,33,94,195,160,30
Wédogo-Petit,354,415,769,10,26,17,17,17,18,160,78,15,24,14,34,50,82,141,66
Wedogo-Peulh,187,159,346,13,6,14,15,17,7,71,28,9,12,6,9,31,53,46,9
Zaogo,860,1 044,1 904,46,57,66,62,68,68,377,186,46,36,33,50,116,247,343,103
Zorkoum,514,590,1 104,46,33,53,51,47,42,222,76,19,24,19,35,82,172,143,40
Zougo,227,296,523,6,16,12,23,25,10,100,52,15,8,12,22,39,53,98,32
,,,,,,,,,,,,,,,,,,,
"""COMMUNE: KOUPELA - Urbain""",23 197,26 175,49 372,1 473,1 263,1 452,1 381,1 456,1 433,7 954,3 807,1 291,1 223,1 169,2 446,4 985,7 922,8 521,1 596
Secteur 1,5 841,6 313,12 154,339,304,335,349,369,338,1 833,962,336,282,294,604,1 289,1 995,2 136,389
Secteur 2,2 480,2 947,5 427,192,131,162,148,175,161,882,463,133,143,129,254,541,813,917,183
Secteur 3,6 822,7 851,14 673,415,409,436,427,434,461,2 433,1 048,388,364,336,728,1 473,2 385,2 529,407
Secteur 4,2 516,2 808,5 324,146,108,161,122,139,156,825,393,146,138,128,277,548,894,948,195
Secteur 5,5 538,6 256,11 794,381,311,358,335,339,317,1 981,941,288,296,282,583,1 134,1 835,1 991,422
,,,,,,,,,,,,,,,,,,,
"""COMMUNE: POUYTENGA""",56 493,62 002,118 495,3 587,3 751,4 220,4 078,4 042,4 082,20 957,9 261,3 008,2 385,2 562,4 768,10 233,18 160,19 222,4 179
,,,,,,,,,,,,,,,,,,,
"""COMMUNE: POUYTENGA - Rural""",10 572,11 454,22 026,625,685,757,710,721,800,4 236,1 945,628,439,485,848,1 566,2 720,3 753,1 108
Belmin,554,559,1 113,37,28,29,28,30,43,201,102,27,27,24,50,74,136,221,56
Dassambin,267,439,706,18,43,29,21,30,33,157,61,24,7,7,28,39,92,88,29
Googhin,289,362,651,15,18,24,15,19,26,138,65,21,9,19,17,33,66,124,42
Gorbilin,223,242,465,14,13,17,16,15,13,84,39,9,8,7,18,29,58,91,34
Gorkassinghin,119,137,256,7,3,8,5,5,9,45,17,5,10,11,10,23,21,57,20
Kalwartenga,939,1 172,2 111,61,65,58,71,80,77,418,191,65,25,43,63,110,274,393,117
Konlastenga,371,423,794,25,12,21,19,17,24,158,62,12,25,17,31,61,89,183,38
Kourit-bil-Yargo,1 003,1 264,2 267,58,75,100,93,75,88,422,210,62,37,36,71,129,267,425,119
Kourityaoghin,681,754,1 435,49,49,57,53,47,66,261,97,39,18,30,61,138,204,220,46
Léamtenga,547,639,1 186,42,33,56,39,43,40,229,92,32,26,33,45,90,145,181,60
Nimpougo,563,609,1 172,39,43,35,37,40,34,247,85,27,33,17,34,86,138,215,62
Noessin,442,513,955,40,23,35,32,32,35,179,75,24,17,31,44,71,124,143,50
Pelga,1 894,1 387,3 281,67,76,111,94,102,90,654,363,117,96,89,203,304,344,445,126
Pouytenga-Peulh,72,64,136,1,3,5,3,3,8,33,17,1,1,6,2,4,20,26,3
Sig-Noghin,578,581,1 159,22,30,38,37,33,35,208,115,35,33,23,52,83,135,219,61
Zaongo,264,297,561,20,16,23,18,20,18,104,42,10,8,15,13,46,78,101,29
Zoré,1 766,2 012,3 778,110,155,111,129,130,161,698,312,118,59,77,106,246,529,621,216
,,,,,,,,,,,,,,,,,,,
"""COMMUNE: POUYTENGA - Urbain""",45 921,50 548,96 469,2 962,3 066,3 463,3 368,3 321,3 282,16 721,7 316,2 380,1 946,2 077,3 920,8 667,15 440,15 469,3 071
Secteur 1,5 152,5 489,10 641,282,376,369,375,370,352,1 902,767,277,231,202,402,891,1 716,1 733,396
Secteur 2,10 714,12 075,22 789,639,703,805,818,785,785,3 970,1 802,581,431,512,892,1 999,3 632,3 670,765
Secteur 3,16 607,18 166,34 773,1 157,1 024,1 265,1 183,1 174,1 176,6 044,2 731,847,733,828,1 544,3 222,5 461,5 457,927
Secteur 4,6 937,7 760,14 697,385,542,553,539,508,548,2 477,1 079,329,281,262,564,1 312,2 436,2 365,517
Secteur 5,6 511,7 058,13 569,499,421,471,453,484,421,2 328,937,346,270,273,518,1 243,2 195,2 244,466
,,,,,,,,,,,,,,,,,,,
"""COMMUNE: TENSOBENTENGA - Rural""",11 577,14 310,25 887,913,798,1 028,983,991,1 022,5 450,2 176,634,462,439,768,1 396,3 025,4 550,1 252
Bogodin,92,112,204,7,1,14,14,6,8,49,14,2,2,3,3,13,31,30,7
Dakoinsin,427,541,968,29,33,32,34,39,36,192,83,22,26,17,28,56,110,176,55
Doubguin,374,443,817,28,22,35,23,37,31,175,75,13,10,11,32,47,118,124,36
Doure Yarcé,423,574,997,46,43,29,42,38,44,227,70,29,19,13,26,40,117,166,48
Goguin,141,176,317,20,9,7,8,9,14,59,40,3,5,2,13,12,39,63,14
Gonsin,689,810,1 499,46,50,66,55,62,64,291,108,34,27,23,44,106,181,249,93
Kombestenga,689,845,1 534,41,41,62,51,74,42,319,117,38,38,39,48,85,176,270,93
Koulwoko,1 193,1 486,2 679,101,66,99,101,99,95,549,258,77,46,48,74,159,277,520,110
Naikin,499,605,1 104,31,23,36,42,46,44,223,119,42,33,21,27,57,107,200,53
Naobin,216,243,459,19,15,17,26,13,29,90,39,11,8,6,12,21,55,75,23
Nédoguin,208,287,495,13,18,17,10,16,17,117,54,12,13,12,13,22,30,109,22
Ouamzalin,292,369,661,22,27,25,23,28,23,137,59,12,11,8,25,45,77,109,30
Pistenga,84,134,218,5,5,15,7,9,10,45,9,4,2,6,8,16,19,46,12
Satebtenga,131,142,273,6,6,11,8,20,4,70,25,10,6,2,5,9,26,43,22
Silgtéogo,498,527,1 025,47,39,39,40,35,47,235,73,14,16,14,28,64,121,167,46
Simpiguin,309,393,702,26,22,24,30,27,36,151,67,21,4,8,24,34,70,122,36
Soansa,327,450,777,18,20,36,36,25,32,163,70,20,10,15,27,48,87,132,38
Soumdi,421,560,981,32,45,43,32,33,50,251,64,14,13,6,26,33,106,191,42
Tampialin,307,385,692,19,32,27,28,13,24,156,46,16,8,18,16,34,72,129,54
Tensobtenga,972,1 128,2 100,87,62,91,71,74,68,394,188,54,37,37,74,144,298,346,75
Timtenga,669,801,1 470,58,51,40,63,61,64,313,114,31,21,23,52,74,171,254,80
Tougmetenga,971,1 262,2 233,51,53,108,87,91,86,481,192,64,38,46,71,114,294,379,78
Toutgoguin,498,629,1 127,44,32,49,38,45,52,247,105,23,23,22,33,43,129,184,58
Yabré,380,494,874,37,32,29,29,24,39,188,72,21,15,14,24,45,113,148,44
Zéologuin,586,712,1 298,73,38,60,71,55,48,240,83,37,25,22,21,66,157,242,60
Zomkome,181,202,383,7,13,17,14,12,15,88,32,10,6,3,14,9,44,76,23
,,,,,,,,,,,,,,,,,,,
"""COMMUNE: YARGO  - Rural""",9 250,10 715,19 965,568,619,807,784,700,736,3 928,1 655,472,344,381,659,1 270,2 409,3 512,1 121
Balbzinko,644,691,1 335,52,36,58,40,50,42,260,120,35,20,22,56,91,168,215,70
Balgo,1 107,1 391,2 498,63,91,95,99,87,101,531,208,60,52,38,61,158,314,419,121
Bissiga,542,555,1 097,37,31,38,48,36,30,196,90,25,17,27,39,65,134,208,76
Bissiga-Peulh,20,24,44,0,1,3,0,1,1,6,5,3,1,0,3,6,4,8,2
Daltenga,757,798,1 555,48,62,64,64,64,56,274,105,27,18,33,49,85,218,292,96
Kamsansin,254,269,523,31,12,17,23,15,16,100,48,15,13,12,20,43,58,76,24
Kanougou,360,446,806,12,36,32,25,17,31,149,72,14,22,9,25,49,77,177,59
Kokossin Nabikome,523,543,1 066,24,29,32,37,32,33,210,101,25,18,32,39,72,111,204,67
Kokossin Tandaga,530,687,1 217,30,30,47,49,51,53,202,69,32,18,18,35,103,210,201,69
Lilyala,370,466,836,32,36,26,34,16,32,163,67,18,15,15,34,52,91,147,58
Pissi-Sebgo,308,371,679,30,15,22,39,26,31,144,53,18,4,14,19,39,76,122,27
Pissi-sobgo,202,268,470,11,6,33,24,17,28,90,44,14,4,8,15,23,55,69,29
Poétenga,663,724,1 387,7,32,63,58,64,40,309,124,32,23,25,40,92,155,237,86
Sawadogo,248,293,541,23,16,32,30,21,21,105,45,8,4,8,17,38,72,80,21
Silmiougou-Boumdoundi,739,840,1 579,33,73,62,64,63,67,316,122,36,24,30,57,96,190,290,56
Silmiougou-Peulh,135,150,285,11,6,7,16,4,12,58,12,12,5,8,14,24,36,48,12
Silmiougou-Yarcé,590,724,1 314,41,38,79,57,40,50,281,100,34,20,27,53,88,149,202,55
Tandagtenga,288,357,645,22,26,28,12,27,24,138,62,9,12,8,20,26,78,113,40
Yargo,552,620,1 172,35,25,30,38,28,37,212,117,26,36,31,41,82,109,244,81
Zanrin,418,498,916,26,18,39,27,41,31,184,91,29,18,16,22,38,104,160,72
,,,,,,,,,,,,,,,,,,,
REGION: CENTRE NORD,887 414,987 255,1 874 669,55 257,57 911,74 635,72 104,72 421,73 528,358 731,144 943,45 354,36 033,41 592,71 935,147 840,259 183,298 306,64 896
,,,,,,,,,,,,,,,,,,,
PROVINCE: BAM,230 860,245 194,476 054,14 030,15 873,19 390,18 641,17 631,18 473,87 994,35 315,10 707,8 955,10 801,19 311,40 508,68 786,74 076,15 563
,,,,,,,,,,,,,,,,,,,
"""COMMUNE: BOURZANGA**  - Rural""",49 737,53 529,103 266,3 086,4 232,5 098,4 610,4 332,4 331,19 415,6 855,2 074,1 728,2 544,4 373,8 898,14 706,14 469,2 515
Abra*,781,839,1 620,49,66,80,73,68,68,303,108,33,28,40,68,140,230,227,39
Alamini*,670,720,1 390,41,57,68,62,58,58,263,92,28,24,34,59,119,198,195,34
Alga*,1 193,1 285,2 478,74,101,123,111,104,104,466,164,49,42,61,105,214,353,347,60
Alga-Fulbé,427,509,936,28,39,46,42,39,39,175,62,19,15,23,40,81,134,131,23
Bani*,1 603,1 725,3 328,99,136,164,148,139,139,628,221,67,56,82,141,287,474,466,81
Bassé*,1 786,1 923,3 709,111,152,183,165,156,156,696,246,75,62,91,158,319,528,520,91
Bassé-Fulbé*,592,640,1 232,37,50,61,55,51,51,234,82,25,20,31,52,106,175,172,30
Bolkiba*,311,337,648,20,26,32,29,27,27,121,43,13,10,16,28,56,93,91,16
Bondé*,453,489,942,28,39,47,42,39,39,177,62,19,16,23,40,81,135,132,23
Bonga*,461,497,958,29,39,47,42,41,41,178,64,20,16,24,40,82,137,135,23
Boulounga,1 819,1 972,3 791,114,155,187,169,159,159,712,252,76,63,93,161,327,540,531,93
Bourzanga,13 132,14 081,27 213,815,1 116,1 344,1 218,1 140,1 141,5 105,1 809,544,459,670,1 154,2 350,3 876,3 810,662
Diagadéré*,248,268,516,16,21,25,23,22,22,98,34,11,8,13,21,44,73,73,12
Doundégué*,318,344,662,20,28,33,29,28,28,123,44,13,11,16,28,57,95,93,16
Felenga Fulbé*,413,447,860,26,35,43,38,36,36,163,57,17,14,21,36,74,122,121,21
Felenga*,394,426,820,24,34,41,36,35,35,154,54,16,14,20,35,70,117,115,20
Fétorané*,318,344,662,20,28,33,29,28,28,123,44,13,11,16,28,57,95,93,16
Kièka Fulbé*,933,1 005,1 938,58,79,96,86,82,82,364,128,39,32,47,83,167,276,272,47
Kièka*,763,820,1 583,47,65,78,71,66,66,298,105,32,26,39,67,137,225,222,39
Komtéguia*,248,267,515,16,21,25,23,22,22,98,34,11,8,13,21,44,73,72,12
Kourao*,1 256,1 353,2 609,78,107,129,117,110,109,490,173,53,44,64,110,224,372,365,64
Maléwalé*,743,800,1 543,46,63,76,69,65,65,292,102,31,26,38,65,133,219,216,37
Mawarida,351,340,691,21,28,35,31,29,29,129,46,14,12,17,29,59,98,97,17
Nafo*,1 468,1 580,3 048,91,125,150,136,128,127,574,202,62,51,75,129,263,434,427,74
Namassa*,205,222,427,12,17,21,19,18,18,81,28,9,8,11,18,37,60,60,10
Namsiguia,3 254,3 505,6 759,202,277,334,301,284,283,1 272,449,136,113,166,287,582,962,947,164
Napalgué,1 227,1 319,2 546,76,105,125,113,107,107,480,169,51,42,63,108,219,362,357,62
Nioumbila*,1 645,1 770,3 415,102,140,168,152,143,143,644,227,69,57,84,145,294,486,478,83
Ouemtenga*,292,313,605,18,25,30,27,25,25,114,40,12,10,15,26,52,86,85,15
Pissélé*,891,958,1 849,55,75,92,83,78,78,347,122,37,31,46,78,159,263,260,45
Sam*,1 874,2 017,3 891,116,159,192,174,163,163,733,258,78,65,96,165,335,554,545,95
Sam-Fulbé*,363,391,754,22,31,37,34,31,31,143,50,15,12,19,32,65,108,105,19
Sanaré*,605,653,1 258,37,52,62,56,53,53,237,84,25,21,31,53,108,179,176,31
Selnoré*,1 449,1 561,3 010,90,123,148,134,127,127,567,200,60,50,74,127,259,429,422,73
Selnoré-Fulbé*,77,82,159,4,6,8,7,6,6,35,10,3,2,4,6,14,22,22,4
Singtanga*,754,812,1 566,47,64,78,69,66,66,294,104,31,26,39,66,135,223,220,38
Souriboulsi*,778,837,1 615,48,66,80,73,68,68,302,108,33,27,40,68,139,230,226,39
Tabaongo*,648,699,1 347,40,56,66,60,57,57,252,90,27,22,33,57,116,192,189,33
Tébéra*,806,868,1 674,50,69,82,75,70,70,316,111,33,28,41,71,144,239,234,41
Zana*,1 667,1 795,3 462,104,142,171,155,145,145,649,230,69,58,85,147,298,493,486,85
Zanamogo*,538,581,1 119,33,46,55,50,47,47,213,74,22,18,28,47,96,159,157,27
Zomkalga*,730,786,1 516,45,62,74,67,63,64,286,100,31,26,38,64,131,216,212,37
Zon*,1 253,1 349,2 602,77,107,129,117,109,109,486,173,53,44,64,110,224,371,365,64
,,,,,,,,,,,,,,,,,,,
"COMMUNE: GUIBARE  - Rural""",17 728,19 703,37 431,1 592,1 363,1 615,1 597,1 442,1 490,6 838,2 612,736,581,712,1 354,3 091,5 784,5 521,1 103
Barsa,448,506,954,29,33,26,23,34,40,188,83,21,15,22,36,62,146,150,46
Bokin,672,755,1 427,50,44,63,63,49,48,274,114,29,23,33,52,109,170,241,65
Gougré,230,253,483,61,29,34,31,25,10,58,10,1,3,3,20,41,95,51,11
Guibaré,2 500,2 779,5 279,203,179,195,221,183,203,978,394,131,80,107,190,432,827,793,163
Karentenga,1 068,1 250,2 318,94,84,108,81,96,80,435,166,58,46,65,118,205,318,310,54
Koundoula,2 536,2 932,5 468,251,195,258,224,211,243,1 053,379,101,75,100,188,483,819,748,140
Niangouèla,2 347,2 595,4 942,126,173,228,218,171,230,958,339,84,97,94,190,382,744,758,150
Sakoudi,964,973,1 937,67,72,95,56,90,75,375,163,47,46,32,68,159,283,257,52
Sindri,1 831,2 069,3 900,91,117,165,171,168,157,762,338,82,48,65,120,344,602,575,95
Tontenga,857,833,1 690,70,45,65,93,68,63,327,110,32,33,39,64,164,250,241,26
Vousnango,1 629,1 951,3 580,144,135,118,146,125,149,697,242,79,58,83,130,270,551,523,130
Wattinoma,361,418,779,14,13,44,37,26,34,148,67,20,8,13,15,73,114,118,35
Yilou,2 285,2 389,4 674,392,244,216,233,196,158,585,207,51,49,56,163,367,865,756,136
,,,,,,,,,,,,,,,,,,,
"""COMMUNE: KONGOUSSI""",59 412,62 183,121 595,3 250,3 593,4 451,4 352,4 239,4 351,21 432,9 455,3 004,2 499,2 850,5 189,11 157,17 986,19 735,4 052
,,,,,,,,,,,,,,,,,,,
"""COMMUNE: KONGOUSSI  - Rural""",33 399,34 569,67 968,1 950,2 019,2 700,2 553,2 562,2 633,12 525,5 244,1 601,1 259,1 525,2 676,5 834,9 491,11 055,2 341
Sam,665,702,1 367,50,32,59,53,46,53,274,97,39,22,32,50,108,188,219,45
Badinogo n°1,784,801,1 585,60,40,74,56,70,82,293,104,35,20,34,62,154,216,238,47
Badinogo n°2,423,383,806,16,26,29,22,19,27,142,67,18,26,21,36,76,101,156,24
Birou,452,483,935,27,23,27,26,22,35,172,83,24,23,19,31,88,101,159,75
Boalin,1 082,1 097,2 179,38,40,106,49,65,82,412,162,71,48,50,63,185,290,407,111
Bogonam,451,497,948,24,30,38,33,37,39,179,77,25,27,14,30,85,142,139,29
Bogonam-Foulbé,144,165,309,5,4,8,9,8,12,55,21,13,1,12,13,38,47,47,16
Darbiti n°1,781,854,1 635,54,57,64,57,85,70,341,123,43,27,30,60,101,215,256,52
Darbiti n°2,514,488,1 002,29,30,36,35,39,39,198,71,20,17,18,31,79,149,182,29
Darigma,741,688,1 429,42,47,64,48,49,41,247,121,36,38,26,65,124,224,227,30
Dinguilga,252,269,521,16,11,16,18,13,24,89,45,13,15,16,22,38,71,101,13
Gonsé,95,83,178,2,10,6,5,5,11,38,16,4,2,4,3,7,20,39,6
Gourcy-Tenga,91,111,202,0,12,13,4,4,13,27,16,9,5,9,11,15,27,31,6
Imieré,385,448,833,6,45,41,40,32,46,165,64,17,14,12,26,60,109,131,25
Kiella,1 327,1 487,2 814,68,155,100,113,112,140,493,198,62,43,62,138,277,401,396,56
Kondibito,254,258,512,12,13,22,23,21,17,97,44,8,9,12,20,51,75,70,18
Kora Mossi,1 627,1 677,3 304,74,85,98,109,105,113,579,259,83,75,88,144,305,500,565,122
Kora-Foulbé,121,115,236,2,10,7,7,6,19,41,19,5,3,5,10,18,42,36,6
Kougrisséogo,53,51,104,0,2,5,2,2,7,24,7,2,2,3,3,10,14,17,4
Kouka,670,700,1 370,61,48,57,69,59,57,264,93,32,19,29,48,116,218,171,29
Koumbango,732,810,1 542,41,63,60,51,67,69,269,106,27,32,26,65,144,255,232,35
Kourpellé,1 173,1 251,2 424,64,52,112,99,108,98,453,190,54,49,55,85,219,373,355,58
Loagha Mossi,1 229,1 300,2 529,55,71,76,86,84,76,441,198,58,60,73,102,209,320,470,150
Loagha-Foulbé,42,42,84,2,2,1,1,2,4,14,10,1,1,2,4,7,10,16,7
Lourgou,344,370,714,9,7,24,28,34,22,151,66,17,12,15,26,47,107,108,41
Mogodin,877,959,1 836,72,36,66,65,55,66,318,160,39,48,45,97,162,215,337,55
Nakindougou,425,452,877,27,13,32,36,38,28,176,65,27,13,27,35,63,129,143,25
Niénéga-Foulbé,658,611,1 269,48,21,52,49,45,50,245,101,41,11,30,65,95,170,202,44
Niénéga-Mossi,489,443,932,38,22,36,25,39,28,164,74,18,16,18,32,70,128,172,52
Nongsom,491,520,1 011,5,37,50,48,25,33,199,99,24,26,30,53,65,143,144,30
Nongsom-Foulbé,150,152,302,4,16,8,7,15,8,55,26,5,6,16,5,26,44,56,5
Noungou,206,184,390,4,9,8,10,9,21,78,37,9,7,9,8,35,60,66,20
Rambo-Wattinoma,839,886,1 725,45,29,70,79,79,73,343,128,40,28,35,45,113,254,314,50
Ranga,292,297,589,10,12,15,17,9,19,90,57,14,12,13,26,69,72,121,33
Rissiam,460,488,948,23,12,33,26,23,24,159,68,23,9,19,53,97,133,186,60
Sakou Mossi,1 044,821,1 865,78,61,100,60,85,80,281,115,31,26,34,77,159,304,306,68
Sakou-Foulbé,49,44,93,6,3,3,4,2,4,16,5,1,3,1,1,9,16,15,4
Sandouré,589,632,1 221,36,45,52,51,53,57,231,95,29,17,28,50,106,169,173,29
Sankondé,288,269,557,13,13,14,13,23,7,106,38,25,8,21,27,49,77,102,21
Sargo,1 243,1 273,2 516,79,49,99,85,83,86,414,218,71,59,59,100,223,322,464,105
Senopoguian,40,47,87,2,2,4,4,2,7,16,5,1,0,1,4,12,11,13,3
Senorsingué,339,291,630,1,33,9,39,14,21,142,50,21,11,16,26,55,85,93,14
Sorgho-Yarce,723,762,1 485,65,49,59,58,67,64,276,92,24,19,22,36,132,247,219,56
Tamponga,455,483,938,41,36,44,35,36,26,182,62,20,18,21,34,77,121,153,32
Tangaye,565,569,1 134,33,37,24,48,35,35,192,96,30,18,28,53,98,172,187,48
Tanguiema,317,372,689,26,33,38,20,25,22,110,52,16,15,16,33,67,102,102,12
Temnaoré Mossi,2 043,2 316,4 359,132,168,193,206,178,184,876,315,86,83,79,163,355,570,638,133
Temnaoré-Foulbé,101,115,216,4,5,7,9,9,8,50,16,6,5,5,7,18,19,42,6
Touka Foulbé,78,74,152,1,2,6,6,2,5,23,11,3,5,5,12,12,22,32,5
Touka Mossi,551,475,1 026,25,23,37,27,24,31,172,78,25,23,22,40,104,144,198,53
Woussé,846,931,1 777,72,52,73,86,85,90,331,120,41,27,33,58,155,261,250,43
Yalga,479,481,960,15,35,26,39,35,35,175,88,10,12,17,28,66,133,187,59
Yalka,1 075,1 165,2 240,84,73,109,110,98,82,418,158,41,31,57,94,206,313,312,54
Yargo,1 089,1 159,2 248,95,69,103,82,123,93,434,172,48,35,44,78,201,271,357,43
Yougnini,819,850,1 669,36,60,53,57,47,51,298,136,51,27,51,52,140,219,320,71
Zinigma,801,814,1 615,48,29,96,74,72,62,317,143,41,30,31,80,148,216,186,42
Zoura,297,282,579,12,12,17,19,14,16,97,64,10,9,16,30,54,53,135,21
Zoura-Foulbé,249,222,471,13,8,21,16,19,21,83,43,14,12,9,26,32,81,62,11
,,,,,,,,,,,,,,,,,,,
"""COMMUNE: KONGOUSSI - Urbain""",26 013,27 614,53 627,1 300,1 574,1 751,1 799,1 677,1 718,8 907,4 211,1 403,1 240,1 325,2 513,5 323,8 495,8 680,1 711
Secteur 1,10 286,10 802,21 088,524,729,774,802,752,699,3 709,1 654,550,481,497,942,2 017,3 364,3 048,546
Secteur 2,3 368,3 822,7 190,222,196,195,181,194,217,1 105,581,203,156,185,353,739,1 188,1 224,251
Secteur 3,1 229,1 372,2 601,51,70,52,83,69,82,366,207,87,64,82,100,255,423,455,155
Secteur 4,1 900,2 051,3 951,70,131,108,140,94,129,608,332,97,89,96,187,387,637,713,133
Secteur 5,7 764,8 017,15 781,396,395,535,514,492,526,2 627,1 187,385,370,398,762,1 670,2 478,2 579,467
Secteur 6,1 026,1 125,2 151,18,25,76,53,45,47,311,177,72,53,48,133,187,292,483,131
Secteur 7,440,425,865,19,28,11,26,31,18,181,73,9,27,19,36,68,113,178,28
,,,,,,,,,,,,,,,,,,,
"""COMMUNE: NASSERE* - Rural""",6 386,6 768,13 154,398,430,532,513,488,517,2 460,986,294,243,291,518,1 089,1 880,2 068,447
Béguemdéré*,642,684,1 326,40,43,54,52,50,53,245,100,30,25,29,53,110,189,208,45
Biliga-Fulbé*,351,374,725,22,24,30,28,26,29,135,54,17,14,16,28,60,103,114,25
Biliga-Mossi*,1 220,1 297,2 517,76,81,99,99,94,95,486,185,55,43,56,100,207,361,396,84
Bilkaradié*,167,174,341,10,12,14,14,12,14,62,26,8,6,8,13,28,49,53,12
Fénéguéné*,190,199,389,12,12,16,16,14,15,73,29,9,8,9,15,32,55,61,13
Foutanga*,136,140,276,8,9,12,10,10,11,49,21,6,6,6,11,23,40,44,10
Kolladé*,179,186,365,11,12,14,14,14,14,71,27,8,6,8,14,30,53,57,12
Nasséré*,574,610,1 184,36,39,48,46,44,47,221,88,26,22,26,47,98,169,186,41
Sampalo*,528,562,1 090,33,36,44,42,40,43,205,82,24,20,24,43,90,156,171,37
Sika*,357,380,737,22,24,30,28,28,29,137,56,17,14,16,29,61,105,116,25
Sillaléba*,448,476,924,28,30,38,36,34,37,171,70,21,17,21,36,77,132,145,31
Tamiga-Fulbé*,52,49,101,3,4,4,4,4,4,18,8,2,2,2,4,8,14,16,4
Tamiga-Mossi*,473,504,977,30,32,40,38,36,39,180,74,22,18,22,38,81,140,154,33
Tibtenga-Fulbé*,99,102,201,6,6,8,8,8,8,37,15,4,4,5,8,17,29,32,6
Tibtenga-Mossi*,242,257,499,15,16,20,20,18,20,91,38,11,10,11,20,42,71,79,17
Tora*,321,341,662,20,22,27,26,24,26,124,50,15,12,14,26,55,94,104,23
Wulo*,407,433,840,26,28,34,32,32,33,155,63,19,16,18,33,70,120,132,29
,,,,,,,,,,,,,,,,,,,
"""COMMUNE: ROLLO - Rural""",20 642,21 549,42 191,1 324,1 479,1 753,1 719,1 522,1 737,7 837,3 132,900,865,806,1 800,3 476,6 170,6 349,1 322
Baonguin,474,474,948,46,24,42,45,37,43,180,68,17,21,15,44,81,144,126,15
Barkana,697,682,1 379,29,57,77,96,56,42,225,82,13,33,16,92,102,243,194,22
Barkana-Foulbé,266,239,505,21,12,17,24,20,29,97,39,10,18,4,15,28,71,86,14
Boulguin,551,634,1 185,39,43,55,55,48,67,224,89,35,24,31,38,91,147,162,37
Gondékoubé,2 044,2 147,4 191,159,189,190,166,174,185,792,258,79,85,63,172,350,650,574,105
Ibi,1 114,1 267,2 381,96,105,107,106,89,100,486,176,56,40,46,95,166,303,341,69
Igondéga,166,156,322,11,13,11,10,6,5,45,15,8,4,5,26,34,63,53,13
Kamsandin,639,658,1 297,24,30,71,49,56,43,257,126,30,27,30,49,91,197,193,24
Kangaré,1 947,2 235,4 182,141,132,162,143,159,169,843,325,94,85,84,154,296,565,681,149
Kangaré-Foulbé,167,144,311,12,2,3,17,10,16,62,15,3,5,4,14,29,63,47,9
Kobséré,493,538,1 031,17,29,26,52,22,48,202,87,27,18,17,44,82,163,166,31
Koulwéogo,760,824,1 584,49,66,59,61,39,81,298,125,33,31,40,64,118,221,248,51
Lourfa,1 117,1 119,2 236,116,78,87,110,95,84,398,143,46,33,38,74,161,359,341,73
Ouattigué,490,472,962,22,54,43,45,44,50,178,72,13,20,9,28,86,149,131,18
Ouenné,343,370,713,28,22,34,20,22,25,144,62,17,20,23,25,52,81,112,26
Ouitenga,381,443,824,17,34,36,31,27,38,182,60,17,17,15,29,70,105,119,27
Pogoro,1 815,1 752,3 567,66,119,138,152,105,170,657,285,74,83,63,146,289,508,584,128
Pogoro-Foulbé,170,144,314,10,5,11,9,13,8,42,16,6,4,6,14,40,47,62,21
Rollo,5 410,5 532,10 942,336,379,451,414,374,405,1 919,821,246,220,240,522,1 047,1 642,1 556,370
Rollo Foulbé,161,161,322,0,1,16,14,9,9,63,28,6,8,7,28,26,42,56,9
Tampouï,324,338,662,17,15,31,28,29,28,127,58,14,16,12,20,43,87,110,27
Tanlili,575,658,1 233,42,37,53,35,49,45,221,91,25,38,25,58,103,149,219,43
Toéssin,382,392,774,20,29,23,29,32,35,140,61,19,10,8,34,58,114,131,31
Toéssin-Foulbé,156,170,326,6,4,10,8,7,12,55,30,12,5,5,15,33,57,57,10
,,,,,,,,,,,,,,,,,,,
"""COMMUNE: ROUKO - Rural""",10 066,10 959,21 025,572,590,812,802,756,794,4 128,1 611,540,410,442,757,1 576,2 851,3 565,819
Gourgoudou,266,312,578,16,7,25,33,19,26,141,36,21,4,14,16,38,89,77,16
Kounkoubguin,1 016,1 138,2 154,48,41,83,80,79,70,445,178,65,30,51,75,165,287,350,107
Pittenga,911,997,1 908,39,64,82,71,81,80,386,135,44,36,54,47,137,250,342,60
Raka,479,555,1 034,29,33,42,37,31,45,186,93,32,27,22,38,76,126,185,32
Rilgo,493,526,1 019,32,27,39,36,29,37,190,74,25,21,22,46,73,134,192,42
Rouko,4 649,5 055,9 704,305,298,380,374,347,365,1 899,715,218,188,178,364,707,1 374,1 631,361
Rouko-Foulbé,441,411,852,14,24,25,29,36,28,151,72,25,29,26,39,84,113,128,29
Silmidougou,1 110,1 186,2 296,46,57,75,86,81,84,453,190,68,48,39,80,158,288,429,114
Yamané,233,247,480,16,17,22,21,18,14,88,42,14,10,11,23,43,60,69,12
Yaoghin,468,532,1 000,27,22,39,35,35,45,189,76,28,17,25,29,95,130,162,46
,,,,,,,,,,,,,,,,,,,
"""COMMUNE: SABCE - Rural""",17 625,18 117,35 742,975,960,1 244,1 204,1 229,1 275,6 627,2 863,821,716,850,1 454,3 019,5 074,5 991,1 440
Bangrin,786,795,1 581,61,22,70,72,64,65,295,132,35,10,48,68,147,222,227,43
Bissa,765,858,1 623,66,33,43,46,42,66,311,140,40,29,42,77,138,252,239,59
Bouiga,429,478,907,40,21,31,36,38,32,183,70,16,14,26,38,76,136,128,22
Boussouma,767,777,1 544,12,23,54,44,48,38,268,149,43,46,33,81,136,223,284,62
Foullou,336,331,667,17,19,18,10,19,19,137,52,11,11,19,38,45,85,126,41
Foursa,98,108,206,7,5,3,10,9,12,42,20,4,5,2,6,11,25,43,2
Goungla,706,538,1 244,37,18,39,32,40,35,219,97,17,25,38,63,163,171,214,36
Imiougou,987,1 315,2 302,77,89,75,105,82,83,455,196,45,28,39,72,183,368,340,65
Kombedgo,238,261,499,16,12,13,17,20,18,80,42,11,13,8,20,46,60,94,29
Kougsabla,1 096,935,2 031,51,59,76,62,81,70,415,185,57,40,43,53,125,291,342,81
Koukoundi,1 094,1 150,2 244,70,76,98,80,95,94,408,148,51,41,57,99,187,332,332,76
Koumnogo,77,78,155,7,4,7,2,7,6,31,11,4,3,5,9,10,22,22,5
Lefourba,486,568,1 054,30,25,36,35,44,38,190,81,19,24,22,42,85,165,176,42
Lefourba-Foulbé,50,42,92,0,1,5,2,5,7,14,8,2,2,0,4,7,12,16,7
Loungo,451,393,844,18,25,30,29,27,28,143,71,29,18,17,36,77,129,129,38
Mafoulou,347,363,710,16,14,20,22,27,25,151,48,17,14,15,13,40,94,143,51
Mafoulou-Foulbé,117,114,231,9,3,7,10,7,10,37,15,5,7,4,14,20,36,40,7
Nô,633,678,1 311,37,41,43,47,42,34,230,91,42,17,28,62,112,165,241,79
Nô Foulbé,86,75,161,5,4,7,6,4,3,39,8,2,1,3,3,12,33,29,2
Ouazélé,375,383,758,24,8,20,25,29,24,139,76,26,25,19,25,56,86,151,25
Ouéguéla,193,179,372,8,10,12,13,22,15,71,29,12,10,11,12,27,49,63,8
Ouintini,420,433,853,25,20,31,32,26,38,165,64,19,16,15,27,66,100,165,44
Ronguin,337,346,683,4,29,15,26,26,28,127,53,11,20,20,25,62,108,109,20
Rounou,346,353,699,13,21,24,17,24,24,133,56,13,25,17,34,53,79,127,39
Sabcé,2 617,2 778,5 395,110,160,175,174,139,171,915,428,131,112,145,245,538,790,921,241
Safi,230,225,455,5,7,17,16,18,9,102,41,17,7,13,13,30,55,79,26
Sanhoui,342,455,797,27,23,35,20,20,33,165,58,9,18,17,11,42,102,171,46
Siguenvoussé,463,377,840,26,27,32,27,27,27,135,73,17,19,24,53,84,127,123,19
Sorgho-Peulh,37,41,78,2,3,4,1,2,1,13,6,4,2,3,2,9,10,13,3
Souryala,593,608,1 201,36,20,40,46,48,49,251,101,31,24,20,32,58,122,254,69
Tanga-Pela,290,260,550,6,14,25,13,15,28,99,42,10,10,8,14,55,107,83,21
Toublongo,160,152,312,1,37,11,18,12,16,46,28,3,8,7,17,16,35,47,10
Zandkom,1 405,1 405,2 810,91,72,109,94,95,108,516,207,59,59,66,124,264,402,438,106
Zandkom-Peulh,215,216,431,18,12,15,11,21,17,82,30,7,11,14,19,31,66,64,13
Zomkalga,53,49,102,3,3,4,4,4,4,20,7,2,2,2,3,8,15,18,3
,,,,,,,,,,,,,,,,,,,
"""COMMUNE: TIKARE - Rural""",25 287,26 976,52 263,1 343,1 611,1 885,1 913,1 791,2 038,10 017,4 106,1 234,998,1 216,1 923,4 112,7 283,8 614,2 179
Ansouri,195,180,375,0,29,8,3,9,6,55,28,10,9,7,20,31,66,82,12
Baribsi,461,446,907,15,21,14,25,32,26,203,78,29,18,22,30,59,104,183,48
Boubou,1 027,1 099,2 126,59,51,69,67,81,75,381,153,46,27,45,89,172,341,361,109
Dafiré,859,918,1 777,54,61,71,81,54,69,324,139,39,35,46,57,165,250,266,66
Dargouma,701,770,1 471,29,65,53,67,61,68,298,109,36,16,31,55,89,214,232,48
Gassongo,533,560,1 093,31,37,35,28,27,33,224,104,15,30,28,29,84,132,202,54
Goanga,680,727,1 407,34,56,37,43,42,49,252,118,31,19,44,59,121,198,229,75
Hamdallaye,238,261,499,0,13,29,26,12,15,70,35,11,4,8,19,58,99,85,15
Horé,1 746,1 686,3 432,65,97,110,114,126,120,665,271,84,65,64,136,257,479,646,133
Ipala,299,301,600,21,9,35,24,24,21,102,54,14,10,7,25,49,96,86,23
Kaamtenga,653,733,1 386,43,52,52,60,46,58,286,90,30,32,28,52,111,198,200,48
Kilou,749,817,1 566,32,49,59,49,45,59,316,132,37,29,42,46,124,204,268,75
Koulenniéré,1 088,1 118,2 206,51,66,83,93,83,82,415,179,59,42,59,82,168,309,351,84
Manégtaba-Foulbé,170,165,335,3,9,14,6,6,14,57,39,9,8,12,19,27,53,49,10
Manégtaba-Mossi,1 597,1 783,3 380,54,116,96,130,101,142,663,299,89,54,71,115,259,506,531,154
Napalgué,743,848,1 591,62,41,70,56,55,78,323,103,28,33,26,50,141,232,225,68
Ouampèga,382,387,769,39,35,15,31,34,39,138,45,18,29,12,19,64,101,128,22
Oui,654,719,1 373,55,30,53,62,51,66,251,114,34,21,35,48,100,180,210,63
Ritimyinga,571,661,1 232,47,32,33,33,40,45,246,86,36,34,37,72,97,131,213,50
Sancé,814,901,1 715,19,65,62,51,76,73,342,180,44,43,37,52,95,203,297,76
Sarkounga,513,583,1 096,29,29,45,46,46,41,208,77,21,22,24,33,66,134,227,48
Songoden,174,164,338,10,6,6,7,9,10,67,32,6,5,9,20,38,38,60,15
Soukoundougou,874,906,1 780,60,53,72,79,57,75,358,138,40,47,30,69,140,212,290,60
Tamiga,174,190,364,25,12,5,7,12,9,73,21,12,4,8,14,38,34,70,20
Tampèlga,221,236,457,16,10,26,12,9,13,97,42,12,6,6,17,32,55,77,27
Tanhoka,264,217,481,1,50,6,18,13,9,80,26,13,6,13,13,48,88,83,14
Téonsgo,110,106,216,6,7,13,8,6,9,52,11,2,1,5,3,13,35,40,5
Tikaré,4 232,4 623,8 855,240,213,311,300,289,331,1 558,671,223,175,223,369,795,1 306,1 450,401
Tirbou,396,478,874,0,33,38,21,32,43,194,74,26,14,26,23,42,112,153,43
Touga,646,705,1 351,11,52,75,56,54,46,294,95,26,31,39,39,111,191,192,39
Vato-Foulbé,107,99,206,10,4,6,10,10,2,46,13,3,2,6,10,15,28,37,4
Vato-Mossi,1 327,1 497,2 824,111,60,109,130,89,144,605,215,64,52,63,89,196,368,429,100
Yelkoto,405,418,823,48,31,38,33,38,28,128,64,14,16,13,37,62,109,138,26
Yoba,641,627,1 268,39,39,45,46,45,60,240,105,18,20,36,34,86,168,214,73
Zamsé,440,442,882,6,48,46,53,29,37,151,52,24,15,19,32,67,152,121,30
Zano,603,605,1 208,18,30,46,38,48,43,255,114,31,24,35,47,92,157,189,41
,,,,,,,,,,,,,,,,,,,
"""COMMUNE: ZIMTENGA* - Rural""",23 977,25 410,49 387,1 490,1 615,2 000,1 931,1 832,1 940,9 240,3 695,1 104,915,1 090,1 943,4 090,7 052,7 764,1 686
Bangrin*,768,815,1 583,48,52,64,62,58,62,294,119,36,29,35,62,132,227,249,54
Bargo*,297,311,608,18,20,24,24,22,24,114,46,13,12,13,24,50,87,96,21
Batanga*,878,934,1 812,55,59,73,70,68,71,340,136,40,33,40,71,150,259,285,62
Bayendfoulgo*,912,970,1 882,57,61,76,74,70,74,352,141,42,35,41,74,156,269,296,64
Bonda*,878,934,1 812,55,59,73,70,68,71,340,136,40,33,40,71,150,259,285,62
Dénéon*,927,987,1 914,58,63,77,74,71,75,357,144,43,35,42,76,159,273,301,66
Dougré*,393,413,806,24,26,32,32,30,31,153,60,18,15,18,32,66,115,127,27
Douré*,435,460,895,27,30,36,34,34,35,167,67,20,16,20,35,74,128,141,31
Gasdonka*,214,224,438,13,14,18,18,16,17,82,33,10,8,10,17,37,62,68,15
Kalagré rimaïbé*,646,686,1 332,40,44,54,52,50,53,247,100,30,25,29,53,110,191,209,45
Kalagré-Foulbé*,125,132,257,8,8,10,10,10,10,48,20,6,4,6,10,22,37,40,8
Kalagré-mossi*,1 108,1 179,2 287,69,75,93,89,85,90,426,172,51,43,51,90,189,327,359,78
Kaokana-Peulh*,126,129,255,8,8,10,10,10,10,50,19,6,4,5,10,21,36,40,8
Kargo*,1 452,1 545,2 997,86,97,122,119,113,116,569,218,67,56,65,119,247,427,466,110
Kayon*,472,498,970,29,32,40,38,36,39,177,73,22,18,22,38,81,139,153,33
Kiendyendé*,259,271,530,16,18,22,20,20,21,97,40,12,10,12,21,44,76,83,18
Komsilga*,839,890,1 729,53,57,70,68,64,68,322,130,38,32,38,68,143,247,272,59
Konkin Foulgo*,226,236,462,14,16,18,18,17,18,86,35,11,8,10,18,39,66,72,16
Konkin Moogo*,276,290,566,17,18,22,22,21,22,109,42,13,10,13,22,46,81,89,19
Loa*,457,485,942,28,31,38,36,35,37,177,70,21,18,21,37,78,135,148,32
Minima*,972,1 032,2 004,61,65,81,78,74,79,374,150,45,37,45,79,166,287,315,68
Moméné*,1 482,1 577,3 059,93,97,126,125,111,120,582,226,66,59,67,119,254,427,486,101
Niniongo*,354,373,727,22,24,30,28,27,29,134,54,17,14,16,28,60,104,115,25
Nordé*,351,370,721,22,24,30,28,26,29,133,54,17,14,16,28,59,103,113,25
Ouatigué*,235,248,483,14,16,20,18,18,19,92,36,11,9,10,19,40,69,76,16
Paspanga*,389,409,798,24,26,32,32,30,31,150,60,18,14,18,31,66,114,125,27
Pètakakisgou*,310,328,638,19,21,26,24,24,25,118,48,15,12,14,25,53,92,100,22
Pissi*,405,429,834,25,28,34,32,31,33,154,62,19,16,18,33,69,120,131,29
Rakoegtanga*,317,336,653,20,22,26,26,24,26,120,49,15,12,14,26,54,94,103,22
Rolga*,503,533,1 036,31,34,42,40,38,41,194,78,23,19,23,41,86,148,163,35
Romtanguen*,1 164,1 237,2 401,73,79,97,94,89,94,447,180,53,45,53,95,199,343,378,82
Siguenvoussé*,426,450,876,26,28,36,34,32,35,166,66,19,16,19,34,72,126,138,29
Singa-Mossi*,743,788,1 531,47,50,62,60,57,60,284,115,34,28,34,61,127,219,241,52
Singa-Rimaïbé*,1 257,1 336,2 593,79,85,105,101,96,102,486,194,58,47,57,102,214,371,408,88
Sissin*,401,424,825,25,27,34,32,30,33,153,62,19,15,18,33,68,118,130,28
Songédin Yarcé*,214,223,437,13,14,18,17,16,17,82,33,10,8,10,17,37,62,68,15
Tampèlga*,323,341,664,20,22,27,26,24,26,125,50,15,12,15,26,55,94,104,23
Tankoulounga*,470,498,968,29,32,39,38,36,38,181,72,21,18,22,38,80,139,152,33
Toéssin*,500,529,1 029,31,34,42,40,38,41,191,77,23,19,23,41,85,147,162,35
Yalgatinga*,252,263,515,16,16,20,20,19,20,97,39,11,10,11,20,43,74,81,18
Zimtenga*,1 221,1 297,2 518,77,83,101,98,94,98,470,189,56,47,56,99,209,360,396,85
,,,,,,,,,,,,,,,,,,,
PROVINCE: NAMENTENGA,244 053,269 743,513 796,16 877,16 669,22 554,21 635,21 935,21 605,101 531,39 481,12 246,9 320,11 014,19 474,40 703,68 768,74 999,14 985
,,,,,,,,,,,,,,,,,,,
"""COMMUNE: BOALA - Rural""",17 077,21 147,38 224,1 076,1 257,1 606,1 676,1 735,1 829,8 270,3 230,967,679,717,1 152,2 238,4 715,5 833,1 244
Boala,2 681,3 289,5 970,168,163,261,255,237,279,1 250,526,154,115,133,210,425,776,836,182
Bourba,791,1 031,1 822,45,79,84,62,92,97,385,148,34,36,42,58,100,224,281,55
Koeguemsin,948,1 166,2 114,49,75,121,108,102,88,456,190,56,47,28,53,120,258,301,62
Konkoaguin,252,346,598,16,18,16,25,31,31,145,50,17,6,3,21,35,56,104,24
Koumestenga mossi,935,1 195,2 130,77,62,87,97,109,118,487,167,49,22,47,50,106,233,330,89
Koumestenga peulh,213,209,422,8,9,21,17,17,15,85,48,8,9,16,15,30,49,64,11
Lédéré,1 698,2 412,4 110,132,135,158,179,182,195,927,383,118,73,89,132,206,447,603,151
Loundogo,311,363,674,31,21,24,34,27,38,151,60,20,7,11,16,37,76,99,22
Magadogo,687,943,1 630,64,59,50,82,69,89,352,142,54,30,37,35,80,158,277,52
Mogodin,900,1 132,2 032,102,56,80,93,101,92,438,153,56,35,32,78,110,254,300,52
Safi,1 453,1 744,3 197,87,84,146,128,126,178,689,259,79,58,54,78,180,388,558,105
Sidogo,371,402,773,1,8,35,42,44,39,173,48,7,7,11,17,48,138,122,33
Wilboum,284,377,661,1,22,29,35,22,24,140,59,17,15,13,22,40,79,118,25
Yagabtenga,1 621,1 921,3 542,104,123,119,121,152,152,741,298,101,77,52,105,222,458,591,126
Yalga,616,800,1 416,42,49,40,72,59,59,356,125,25,26,33,24,71,172,218,45
Zaongo,3 316,3 817,7 133,149,294,335,326,365,335,1 495,574,172,116,116,238,428,949,1 031,210
,,,,,,,,,,,,,,,,,,,
"""COMMUNE: BOULSA """,52 524,60 892,113 416,3 372,3 250,4 572,4 417,4 502,4 497,22 811,8 889,2 875,2 195,2 272,4 243,8 570,14 673,18 080,4 198
,,,,,,,,,,,,,,,,,,,
"""COMMUNE: BOULSA - Rural""",41 236,47 980,89 216,2 770,2 661,3 814,3 770,3 862,3 848,18 638,6 902,2 249,1 613,1 657,2 908,6 027,11 104,14 137,3 256
Baonrouré,411,428,839,40,16,31,27,31,27,207,65,21,12,21,28,55,101,122,35
Belga,4 400,5 234,9 634,301,293,494,401,474,441,2 099,706,234,179,196,293,705,1 195,1 358,265
Bonam,2 108,2 328,4 436,130,109,136,168,169,145,893,371,123,83,101,156,315,584,785,168
Dakiskièma,686,790,1 476,60,47,70,62,72,63,316,117,44,23,20,52,102,163,222,43
Donsin,1 314,1 554,2 868,72,122,143,110,126,144,561,204,64,39,46,85,162,423,472,95
Gaoga,1 359,1 445,2 804,93,80,122,124,97,115,574,193,71,51,57,105,177,372,461,112
Gorbellé-Peulh,127,144,271,2,7,7,13,6,10,57,31,10,5,4,10,21,37,46,5
Gounga,662,770,1 432,67,53,59,58,44,58,275,107,27,30,30,60,87,156,246,75
Guemsogo-Yarcé,622,726,1 348,51,45,55,62,71,40,273,78,44,11,24,35,126,180,210,43
Kiendsom,643,699,1 342,42,29,54,69,61,62,282,101,33,30,31,36,88,142,228,54
Kobouré,1 969,2 208,4 177,112,117,178,171,146,185,865,371,117,96,79,145,267,497,671,160
Kogonéré,724,749,1 473,35,38,40,52,42,75,319,119,39,22,25,37,98,216,252,64
Kolgosom,1 171,1 473,2 644,112,54,116,106,119,125,561,232,65,40,58,54,167,269,463,103
Konkoara,336,381,717,25,10,21,11,31,17,149,60,17,14,13,24,69,107,117,32
Konkoara- yarcé,1 138,1 259,2 397,34,60,88,120,112,94,512,158,68,42,48,103,179,319,376,84
Lilyalla,525,626,1 151,20,42,46,47,63,51,242,68,19,15,25,34,55,157,206,61
Loatenga,485,558,1 043,39,39,28,42,47,35,176,76,24,19,12,50,94,144,178,40
Mokin-Yarcé,3 063,3 623,6 686,192,167,325,318,318,239,1 398,531,171,119,99,196,455,847,1 084,227
Nabitenga,658,833,1 491,24,77,60,62,77,69,344,111,38,21,27,44,103,191,199,44
Nièga,2 781,3 416,6 197,190,192,250,278,289,254,1 262,503,141,124,116,178,375,813,944,288
Paraouigué,720,881,1 601,64,33,66,77,41,92,367,129,33,31,28,48,84,183,259,66
Paviguibtenga,549,564,1 113,30,36,49,44,47,46,214,91,27,28,22,42,72,143,187,35
Poli-mossi,622,721,1 343,30,27,47,50,44,64,301,111,41,26,34,34,84,168,236,46
Poli-peulh,193,218,411,28,16,11,22,34,14,70,27,3,3,6,17,30,53,64,13
Samandin-Peulh,439,522,961,41,31,35,40,47,43,200,75,22,16,17,25,58,123,155,33
Sanghin,1 915,2 229,4 144,101,173,206,183,194,203,847,296,82,72,66,127,275,533,634,152
Sini,1 636,2 006,3 642,91,128,172,166,145,217,776,315,89,69,54,98,213,402,583,124
Sonrin,565,673,1 238,51,36,53,52,49,44,266,91,39,25,22,43,90,156,180,41
Tanghin,1 281,1 491,2 772,92,76,142,123,125,117,548,195,76,54,52,112,243,322,398,97
Titenga,334,391,725,24,33,34,23,32,39,155,60,23,14,9,25,35,83,113,23
Tougui,971,1 093,2 064,86,36,105,84,108,104,449,154,57,37,42,59,126,250,307,60
Walembi,360,409,769,31,9,38,40,32,30,159,51,15,19,14,25,58,92,118,38
Wedo,965,1 093,2 058,77,54,74,77,81,94,452,165,51,30,46,71,131,254,328,73
Zabga,1 431,1 856,3 287,119,118,114,168,138,148,718,240,77,54,47,116,224,393,515,98
Zambanga,3 353,3 801,7 154,205,209,283,268,280,282,1 475,561,208,136,138,277,481,876,1 166,309
Zomnogo Mossi,573,719,1 292,58,46,47,48,64,50,256,125,25,15,20,49,93,134,212,50
Zomnogo Peulh,147,69,216,1,3,15,4,6,12,20,14,11,9,8,15,30,26,42,0
,,,,,,,,,,,,,,,,,,,
"""COMMUNE: BOULSA - Urbain""",11 288,12 912,24 200,602,589,758,647,640,649,4 173,1 987,626,582,615,1 335,2 543,3 569,3 943,942
Secteur 1,2 572,2 839,5 411,144,171,151,129,160,132,902,445,133,129,139,303,585,865,854,169
Secteur 2,1 922,2 229,4 151,113,88,122,116,116,124,770,353,120,102,104,169,363,581,726,184
Secteur 3,1 605,1 887,3 492,82,91,154,105,107,91,691,285,101,76,66,155,276,474,571,167
Secteur 4,1 973,2 244,4 217,90,95,137,109,117,126,724,366,93,65,120,213,420,613,730,199
Secteur 5,1 512,1 654,3 166,77,61,85,94,75,73,490,249,80,89,84,200,386,468,524,131
Secteur 6,1 704,2 059,3 763,96,83,109,94,65,103,596,289,99,121,102,295,513,568,538,92
,,,,,,,,,,,,,,,,,,,
"""COMMUNE: BOUROUM - Rural""",38 184,39 965,78 149,2 418,2 620,3 646,3 360,3 175,3 415,14 906,5 613,1 767,1 480,1 821,3 333,6 917,10 998,10 722,1 958
Ambara,338,369,707,24,20,27,25,23,38,117,56,16,15,12,37,46,104,127,20
Barao,739,918,1 657,64,31,104,87,92,59,256,70,30,19,48,69,170,252,253,53
Barga II,756,850,1 606,56,50,93,87,67,72,343,98,34,26,28,57,112,224,225,34
Barga Mossi,1 549,1 675,3 224,102,96,142,139,126,145,622,245,75,52,77,161,287,426,446,83
Barga Peulh,577,573,1 150,35,38,49,56,43,63,241,83,29,10,33,39,88,165,160,18
Bélogo,3 697,3 726,7 423,211,271,404,358,322,335,1 359,442,176,143,156,350,688,1 127,940,141
Bondbila,2 106,2 254,4 360,127,129,203,171,168,192,899,361,110,89,96,165,412,586,549,103
Boulwogdo,1 130,1 214,2 344,71,71,109,104,113,85,502,172,50,47,56,110,180,327,300,47
Bouroum,3 260,3 221,6 481,251,126,292,225,261,274,1 184,469,158,122,148,261,604,984,932,190
Damkarko,2 453,2 520,4 973,112,133,208,154,172,252,1 054,356,102,93,107,241,426,774,661,128
Damkarko II,2 066,2 256,4 322,120,177,191,168,194,220,813,348,119,79,106,171,334,597,573,112
Daogo,446,468,914,15,63,64,20,39,63,183,73,20,21,15,44,63,104,112,15
Foubando,704,768,1 472,62,46,58,75,50,66,289,117,40,40,33,59,122,183,190,42
Horégui,362,414,776,30,35,31,37,27,27,167,59,10,19,21,29,68,117,75,24
Ibangfo,480,525,1 005,64,34,59,25,37,35,195,56,12,24,26,62,64,141,153,18
Kalamba,1 107,1 171,2 278,115,56,83,123,97,92,444,162,53,35,62,91,188,284,319,74
Kayara,538,544,1 082,20,56,49,36,46,49,224,68,23,18,23,40,108,163,138,21
Kilma,588,687,1 275,49,55,66,48,56,57,254,94,20,26,30,59,107,150,166,38
Kinessoumdi,661,650,1 311,40,69,56,58,50,56,229,99,26,20,21,44,94,188,217,44
kougroussoukou,665,618,1 283,3,61,54,56,49,58,224,92,32,28,27,50,110,170,201,68
Koulwoko,1 905,2 066,3 971,167,159,171,234,135,162,732,301,108,96,97,168,291,483,558,109
Lagbilin,862,923,1 785,50,78,78,78,68,60,298,150,37,41,30,85,176,262,245,49
Lamlamöne,763,780,1 543,48,50,73,45,73,77,308,135,26,25,37,54,143,208,200,41
Loumpini,584,528,1 112,41,32,60,30,39,54,215,88,21,25,30,39,90,156,166,26
Ouayalguen,574,575,1 149,41,32,23,41,32,41,202,90,37,33,31,51,103,178,181,33
Ourba,933,1 068,2 001,94,62,89,101,82,112,378,151,48,32,50,87,180,235,252,48
Ourfare,791,672,1 463,10,66,74,70,63,53,259,110,24,34,28,67,114,236,217,38
Pétouga,368,413,781,25,29,24,23,39,30,160,68,18,23,16,28,72,107,103,16
Retkoulga,1 231,1 262,2 493,41,103,84,72,88,76,473,155,69,36,55,89,305,431,363,53
Silmangué,1 365,1 312,2 677,48,86,134,113,107,99,428,156,43,38,67,140,270,456,436,56
Tampèlga,1 566,1 604,3 170,97,92,161,150,142,146,612,234,66,54,80,107,297,400,457,75
Torgane,292,304,596,6,29,29,25,28,31,122,33,14,12,8,19,57,82,90,11
Toubayiri,1 115,1 216,2 331,57,109,110,154,84,92,463,165,34,38,70,76,191,307,326,55
Yéou,1 613,1 821,3 434,122,76,194,172,163,144,657,257,87,67,97,184,357,391,391,75
,,,,,,,,,,,,,,,,,,,
"""COMMUNE: DARGO - Rural""",20 025,22 880,42 905,1 360,1 379,1 752,1 824,1 819,1 765,8 653,3 592,1 069,785,825,1 592,3 051,5 388,6 724,1 327
Bilkoundi,1 133,1 222,2 355,99,65,122,124,158,79,434,162,56,39,31,95,149,323,348,71
Boko,1 760,1 834,3 594,131,153,147,145,186,153,730,259,89,62,53,176,265,442,499,104
Boulmiougou-mossi,1 420,1 704,3 124,106,110,139,148,111,139,657,271,60,73,41,105,182,402,482,98
Boulmiougou-peulh,262,295,557,21,13,19,22,21,25,122,49,8,6,5,16,28,83,101,18
Darbilin,1 515,1 630,3 145,102,106,134,143,132,143,657,269,98,59,83,116,251,347,454,51
Dargo,3 293,3 651,6 944,175,188,221,264,235,205,1 280,594,175,158,177,357,600,950,1 140,225
Dazanrin,410,461,871,36,22,40,34,40,44,175,72,13,10,17,25,61,124,139,19
Falguin,1 151,1 436,2 587,145,75,78,111,142,93,509,246,73,57,50,83,150,259,431,85
Kancé,607,804,1 411,35,49,60,58,64,71,284,123,38,23,25,43,84,161,235,58
Kogossablogo,1 969,2 367,4 336,111,131,220,199,181,199,895,364,116,62,91,111,318,503,690,145
Komtoèga,431,497,928,32,35,41,49,30,41,179,65,18,10,17,40,55,123,162,31
Namassa,235,279,514,11,5,21,17,20,25,109,50,17,4,18,22,36,66,78,15
Noli,522,608,1 130,31,28,48,61,56,44,254,108,22,20,9,29,66,121,186,47
Taksséné,424,490,914,29,31,43,36,33,44,195,99,24,17,18,23,55,103,141,23
Towogodo,704,818,1 522,63,52,54,68,56,57,291,140,39,29,34,44,125,188,230,52
Yaongo,1 742,2 111,3 853,94,126,171,121,129,183,833,299,97,69,63,122,235,533,638,140
Yelembidou,768,849,1 617,53,60,72,70,65,57,329,111,38,23,25,52,121,252,251,38
Youguin,1 186,1 288,2 474,77,75,80,116,116,109,506,220,58,37,44,92,166,306,386,86
Zisségré,493,536,1 029,9,55,42,38,44,54,214,91,30,27,24,41,104,102,133,21
,,,,,,,,,,,,,,,,,,,
"""COMMUNE: NAGBINGOU - Rural""",15 919,16 291,32 210,977,1 047,1 389,1 338,1 412,1 294,6 231,2 454,784,588,794,1 285,2 862,4 397,4 575,783
Bissiguin,1 532,1 713,3 245,114,108,144,112,151,153,650,248,58,79,72,120,240,421,487,88
Boalin 1,843,899,1 742,5,75,93,86,61,87,358,137,45,37,35,76,160,215,235,37
Boalin 2,331,347,678,30,7,37,22,67,4,130,62,16,12,18,27,63,92,81,10
Bougou,1 389,1 417,2 806,87,85,137,99,131,90,459,185,58,31,68,102,281,433,480,80
Finga,411,474,885,2,41,36,38,43,39,194,70,29,15,23,39,67,102,123,24
Horéré,630,574,1 204,42,19,53,49,38,47,221,108,27,19,34,52,127,166,174,28
Kankienga,543,588,1 131,51,31,44,51,47,41,224,91,33,12,34,46,98,135,163,30
Kotoulgoum,2 289,2 241,4 530,170,195,157,189,220,168,880,332,111,99,84,187,430,586,628,94
Kouini,1 406,1 432,2 838,61,104,116,114,120,109,587,238,76,40,92,104,259,366,375,77
Nagbingou,2 430,2 394,4 824,108,135,203,186,188,183,906,366,120,84,117,223,458,701,725,121
Nagbingou II,813,914,1 727,49,48,81,94,59,82,339,138,45,35,43,49,134,263,218,50
Pelsé,592,654,1 246,76,5,62,60,44,64,259,98,38,24,35,51,82,181,138,29
Pirkou,1 491,1 489,2 980,136,100,121,134,127,134,600,211,68,48,74,114,245,412,387,69
Rassamtanga,1 219,1 155,2 374,46,94,105,104,116,93,424,170,60,53,65,95,218,324,361,46
,,,,,,,,,,,,,,,,,,,
"""COMMUNE: TOUGOURI - Rural""",55 027,61 113,116 140,4 581,4 054,5 563,5 061,5 327,4 935,22 856,8 670,2 649,1 940,2 436,4 416,9 106,15 347,16 088,3 111
Alfiré,1 329,1 549,2 878,79,110,172,112,169,109,594,201,66,60,66,103,184,347,423,83
Ambkaongo,1 031,1 138,2 169,86,68,102,80,115,84,428,148,60,31,51,96,189,269,291,71
Bagadé,1 850,2 062,3 912,335,184,292,212,192,167,689,190,57,61,55,117,243,456,556,106
Bagmaskierga,872,888,1 760,67,77,81,83,89,88,326,114,33,27,34,82,143,243,226,47
Boulhiba,172,168,340,10,10,9,16,12,15,71,25,10,4,8,18,27,36,59,10
Dabossomnoré,1 358,1 516,2 874,53,124,133,143,135,121,601,225,74,53,62,101,221,383,403,42
Daouirba,1 562,1 946,3 508,188,102,157,168,167,174,748,265,77,59,54,102,217,411,511,108
Gargo,3 082,3 722,6 804,216,207,370,289,340,311,1 434,565,200,125,116,256,550,764,882,179
Gompélgo,3 084,3 055,6 139,194,228,297,260,272,243,1 133,437,119,105,165,220,537,912,865,152
Kalitaguin,1 497,1 846,3 343,124,115,143,138,145,136,715,278,81,60,66,128,260,394,459,101
Kombangbedo,352,514,866,13,15,76,38,40,31,225,76,17,11,17,35,40,91,123,18
Koulponsogho,1 050,996,2 046,60,61,73,71,78,80,405,145,42,36,34,67,160,304,371,59
Lougouzou,275,306,581,25,10,33,32,33,22,127,46,14,8,9,14,41,80,72,15
Nabelin,1 042,1 106,2 148,21,40,99,120,74,104,455,196,66,24,46,71,161,319,294,58
Namassa,472,473,945,19,32,52,38,33,48,187,78,26,14,24,34,78,139,111,32
Namtenga,1 489,1 637,3 126,61,133,148,144,150,143,653,254,84,35,68,111,218,440,383,101
Nanbox-Yiri,335,347,682,38,21,20,30,24,35,119,53,12,13,18,17,56,103,104,19
Naré,1 338,1 520,2 858,111,113,150,142,138,121,577,201,66,53,42,125,192,355,381,91
Nare-yarcé,924,876,1 800,52,54,64,63,68,71,356,127,37,32,30,59,141,268,326,52
Nassobgué,521,540,1 061,32,18,66,45,49,48,260,87,21,19,24,33,72,141,135,11
Nioundougou,1 039,1 086,2 125,70,70,86,73,101,83,421,164,50,35,44,87,174,315,297,55
Ouagamce,1 410,1 539,2 949,215,137,172,142,175,99,471,191,51,42,57,114,246,359,404,74
Ouatinapam,630,770,1 400,49,49,72,71,68,75,281,101,29,20,20,45,89,187,193,51
Ouattigué,207,213,420,20,6,22,16,20,15,80,31,15,5,5,13,37,54,68,13
Paspanga,588,591,1 179,28,66,34,51,40,59,214,105,26,14,49,32,82,155,190,34
Pelga,2 239,2 521,4 760,146,155,262,221,237,239,958,383,91,74,80,190,361,613,630,120
Regtenga,519,606,1 125,122,147,102,120,97,34,60,4,4,10,7,48,63,114,169,24
Sagouem,1 571,1 686,3 257,436,40,115,100,112,96,624,251,80,41,72,107,212,403,476,92
Satembila,1 216,1 238,2 454,117,48,105,119,117,91,488,162,53,34,65,105,202,367,326,55
Taffogo,4 855,5 593,10 448,406,325,502,450,458,507,2 172,799,229,212,202,371,781,1 312,1 428,294
Taonsgho,1 423,1 619,3 042,143,63,127,140,177,105,606,232,68,44,77,124,238,361,458,79
Tidimtoa,972,1 012,1 984,59,82,101,101,95,90,367,125,34,21,44,98,153,338,226,50
Tilga,2 503,2 851,5 354,189,205,228,223,255,253,1 171,441,108,90,104,173,401,695,695,123
Tilga-bangré,483,425,908,5,17,26,36,30,31,169,54,13,15,20,30,124,196,134,8
Tissimi,449,506,955,41,38,52,39,41,46,185,80,21,13,14,29,67,126,134,29
Tougouri,4 512,5 001,9 513,231,276,362,297,284,325,1 663,784,307,206,259,478,956,1 490,1 323,272
Towacé,1 631,1 672,3 303,78,166,160,144,142,158,660,196,68,48,57,126,307,435,485,73
Toyogodin,2 261,2 631,4 892,212,211,235,232,241,178,874,346,95,65,129,273,415,640,621,125
Yaguin,495,588,1 083,43,38,63,45,68,43,195,76,24,14,30,37,93,145,140,29
Yoada,731,843,1 574,76,70,54,59,92,67,317,139,37,34,35,48,115,170,206,55
Zomnogo-bangré,1 197,1 249,2 446,77,83,101,101,104,128,514,193,59,60,58,70,208,281,350,59
Zorgho,461,668,1 129,34,40,45,57,50,62,263,102,25,13,19,29,52,136,160,42
,,,,,,,,,,,,,,,,,,,
"""COMMUNE: YALGO - Rural""",27 902,27 473,55 375,1 763,1 797,2 402,2 282,2 273,2 180,10 014,3 977,1 210,938,1 290,2 177,5 269,8 784,7 723,1 296
Bankienga,512,497,1 009,40,30,47,38,38,42,174,82,27,24,35,34,96,129,145,28
Boulmanga,1 634,1 543,3 177,155,130,133,156,113,145,574,188,59,45,58,116,307,483,436,79
Gouengo,762,713,1 475,39,70,47,58,66,47,253,110,31,22,35,83,148,203,221,42
Kario,2 569,2 544,5 113,184,140,276,248,261,234,952,342,89,84,107,188,427,729,727,125
Kom-kom-Yiri,699,620,1 319,39,19,65,52,55,61,222,100,39,34,27,47,108,190,222,39
Koulgonda,1 281,983,2 264,4,67,65,68,54,51,332,217,40,45,31,91,396,414,324,65
Mamanguel,392,406,798,19,34,38,38,37,40,121,45,11,12,22,28,89,124,122,18
Meodjé,1 537,1 570,3 107,73,83,141,130,129,141,633,272,74,39,65,89,226,520,419,73
Nongfaïré,2 784,2 877,5 661,225,163,236,242,306,209,1 131,393,114,106,153,211,452,776,798,146
Taparko,2 585,2 527,5 112,133,178,217,196,201,202,911,355,123,89,133,216,474,858,703,123
Yalgo,13 147,13 193,26 340,852,883,1 137,1 056,1 013,1 008,4 711,1 873,603,438,624,1 074,2 546,4 358,3 606,558
,,,,,,,,,,,,,,,,,,,
"""COMMUNE: ZEGUEDEGUIN - Rural""",17 395,19 982,37 377,1 330,1 265,1 624,1 677,1 692,1 690,7 790,3 056,925,715,859,1 276,2 690,4 466,5 254,1 068
Badinogo,466,503,969,21,32,42,41,41,49,193,90,36,22,23,29,54,116,159,21
Boumtenga,528,687,1 215,51,44,39,83,24,47,277,114,31,13,39,37,81,139,158,38
Dassambimba,1 185,1 372,2 557,86,64,129,108,121,128,539,213,58,54,52,74,208,272,382,69
Dosborgo,391,545,936,41,33,37,45,47,50,192,76,28,15,16,30,49,98,151,28
Kogonéré,1 442,1 682,3 124,113,110,132,125,172,157,667,268,67,52,62,105,225,371,419,79
Lagobilin,471,524,995,67,41,46,33,55,46,192,67,21,7,15,28,71,143,138,25
Lankiandé,1 084,1 134,2 218,62,76,110,112,108,110,452,178,37,41,55,67,197,260,310,43
Lillougou,5 085,5 913,10 998,419,415,534,530,558,515,2 344,871,266,219,228,363,759,1 270,1 455,252
Louda-peulh,158,147,305,9,11,14,18,12,12,52,28,7,2,13,13,25,46,35,8
Nitenga,799,870,1 669,54,70,72,88,65,71,346,131,45,22,38,61,104,197,238,67
Nomikidou,959,1 136,2 095,65,45,99,87,82,93,472,182,55,39,47,79,157,224,294,75
Ouabedi,640,785,1 425,47,54,51,62,71,69,314,110,39,33,46,45,88,175,180,41
Pissi,505,545,1 050,44,38,37,43,34,48,201,90,31,12,28,37,86,127,161,33
Zéguédéghin,3 323,3 768,7 091,221,204,255,265,265,266,1 396,595,190,175,182,288,531,929,1 061,268
Zéguédéguin-Peulh,359,371,730,30,28,27,37,37,29,153,43,14,9,15,20,55,99,113,21
,,,,,,,,,,,,,,,,,,,
PROVINCE: SANMATENGA,412 501,472 318,884 819,24 350,25 369,32 691,31 828,32 855,33 450,169 206,70 147,22 401,17 758,19 777,33 150,66 629,121 629,149 231,34 348
,,,,,,,,,,,,,,,,,,,
"""COMMUNE: BARSALOGHO* - Rural""",45 759,52 794,98 553,2 698,2 854,3 712,3 638,3 745,3 865,19 336,7 901,2 493,1 944,2 153,3 505,6 946,13 017,16 723,4 023
Alamou*,1 011,1 162,2 173,60,63,82,81,82,85,427,174,55,42,48,77,153,287,369,88
Bafina*,733,842,1 575,43,46,59,59,60,61,308,127,40,31,35,56,111,208,267,64
Balambogo*,773,888,1 661,46,48,63,61,64,65,324,133,42,33,37,59,117,219,282,68
Bangmiougou*,680,785,1 465,40,42,55,54,56,57,288,117,37,29,32,52,103,194,249,60
Bangrin*,296,344,640,18,18,24,24,24,25,126,51,16,13,14,23,45,84,109,26
Barsalogho*,3 619,4 165,7 784,211,227,297,287,292,306,1 537,622,196,154,169,275,545,1 030,1 317,319
Basma*,675,780,1 455,40,42,55,54,56,57,285,117,36,29,32,51,103,192,247,59
Bibré*,359,413,772,22,22,29,28,30,30,152,62,20,15,17,27,54,102,131,31
Biguelle*,373,434,807,22,24,30,30,30,32,158,65,20,16,18,28,57,107,137,33
Biou*,689,793,1 482,40,43,56,55,56,59,289,119,38,29,32,53,105,196,251,61
Bissigui*,308,355,663,18,19,25,24,26,26,130,53,16,13,14,24,47,88,113,27
Bolle*,935,1 079,2 014,56,58,76,75,76,79,394,162,51,40,44,71,142,266,342,82
Borko*,98,113,211,6,6,8,8,8,8,41,17,6,4,5,7,15,28,36,8
Bouli*,467,537,1 004,28,29,38,37,38,39,197,81,26,19,22,35,71,133,170,41
Boulsbaongo*,406,472,878,24,26,33,32,34,34,172,71,22,17,19,32,62,116,149,35
Bundissin*,335,384,719,20,21,27,26,28,28,141,58,18,14,16,25,51,95,122,29
Darkoa*,359,418,777,22,22,30,28,30,30,153,63,20,15,17,27,54,103,132,31
Foubé*,1 747,2 012,3 759,103,109,141,138,143,147,740,301,95,74,82,134,265,496,638,153
Gabou*,891,1 029,1 920,52,56,72,71,73,75,378,154,48,38,42,68,135,254,326,78
Goenega*,754,872,1 626,44,47,61,60,62,63,320,130,41,32,36,58,115,215,276,66
Guiendbila*,2 552,2 942,5 494,147,163,207,206,209,219,1 069,438,141,109,120,198,387,723,929,229
Hilga*,958,1 102,2 060,56,59,77,76,78,81,405,165,52,40,45,74,146,272,350,84
Kaïbila*,458,527,985,27,28,37,36,38,39,193,79,24,19,22,35,70,130,167,41
Kamsé*,136,160,296,8,8,12,10,12,12,58,24,8,6,6,11,20,39,50,12
Kamsé-peulh*,214,250,464,12,14,18,18,18,18,90,37,12,9,10,17,32,61,79,19
Kassaye*,672,777,1 449,40,42,54,53,55,57,285,116,36,29,32,51,102,192,246,59
Kéglessé*,523,601,1 124,30,32,42,41,42,44,224,90,28,23,24,40,80,148,191,45
Kékobo*,381,438,819,22,24,31,30,32,32,161,66,20,16,18,29,58,108,139,33
Kogoyendé*,520,603,1 123,30,32,42,42,42,44,223,90,28,22,24,40,79,149,191,45
Kondibito mossi*,527,610,1 137,32,33,43,42,44,45,220,91,28,23,25,40,80,151,193,47
Kondibito-peulh*,134,159,293,8,8,11,10,11,12,58,23,8,6,6,11,20,39,50,12
Korko-mossi*,1 591,1 838,3 429,94,99,129,126,130,134,673,275,87,68,75,122,242,453,582,140
Korko-peulh*,268,313,581,16,16,22,22,22,22,115,47,14,11,13,20,41,77,99,24
Kossoghin*,767,881,1 648,45,48,62,61,62,65,324,132,42,32,36,58,116,218,280,67
Koulholé*,410,471,881,24,26,33,33,34,35,171,71,22,17,19,31,63,116,150,36
Loughary*,300,345,645,18,18,24,24,24,25,127,52,16,13,14,23,46,85,110,26
Madou*,424,491,915,26,26,34,34,34,36,180,73,24,18,20,33,64,121,155,37
Nagraogo mossi*,974,1 124,2 098,58,61,79,77,80,82,410,168,53,42,46,75,148,277,356,86
Nagraogo-foulcé*,667,772,1 439,40,42,54,53,54,57,281,115,36,28,32,51,102,190,245,59
Nakombogo*,279,326,605,16,18,22,22,23,24,119,49,16,12,13,22,42,80,102,25
Nématoulaye*,321,368,689,18,20,26,26,26,27,136,55,18,13,15,24,49,91,117,28
Nongo*,480,555,1 035,28,30,39,38,40,41,200,83,26,21,23,37,73,137,176,43
Nongo-peulh*,152,180,332,9,10,12,12,12,13,66,27,8,6,7,12,23,44,57,14
Papao*,491,564,1 055,28,30,40,39,40,41,209,85,26,21,23,37,75,139,179,43
Poéssin*,154,177,331,10,10,12,12,12,13,66,26,8,6,7,12,24,43,56,14
Ringuéma*,374,430,804,22,24,30,30,30,31,159,65,20,16,18,28,56,106,136,33
Rokoutin*,404,465,869,24,25,33,32,33,34,171,69,22,17,19,31,61,115,148,35
Sagho*,1 283,1 475,2 758,76,79,103,102,104,108,544,221,70,55,60,98,194,364,468,112
Sagoem*,549,630,1 179,32,34,44,43,44,47,231,95,30,23,26,42,83,156,200,49
Sanba*,405,465,870,24,25,33,32,34,34,170,70,22,17,19,31,61,115,148,35
Sanba-peulh*,260,304,564,16,16,22,20,22,22,112,45,14,11,12,20,40,74,95,23
Sidiga*,723,835,1 558,42,45,59,57,60,61,305,125,40,31,34,55,110,206,264,64
Sidogo*,917,1 058,1 975,54,57,74,73,75,77,391,158,50,38,43,70,139,261,335,80
Singtoèga*,393,451,844,24,24,32,31,32,33,165,68,22,17,18,30,59,111,143,35
Somyalka*,646,747,1 393,38,40,52,51,53,55,274,112,36,27,30,50,98,184,236,57
Soudougou*,366,426,792,22,23,30,29,30,31,155,63,20,15,18,28,56,104,135,33
Tamassogo*,232,270,502,14,14,18,18,19,20,101,40,12,10,11,18,35,66,85,21
Tanghin*,164,193,357,10,10,14,14,14,14,67,29,9,7,8,13,25,48,60,15
Tankienga*,663,766,1 429,40,41,54,53,54,56,280,115,36,28,31,51,100,189,243,58
Tansèga*,478,550,1 028,28,30,39,38,40,41,198,83,26,21,22,37,73,136,174,42
Tatoukou*,786,907,1 693,46,49,64,63,64,67,332,136,42,34,37,60,119,224,287,69
Toecé*,429,497,926,26,27,35,34,36,36,178,75,24,19,20,33,66,122,158,37
Toekedogo*,256,299,555,16,16,20,20,21,22,109,45,14,11,12,20,39,73,94,23
Toekoundi*,372,427,799,22,23,30,30,30,31,157,64,20,16,18,28,56,105,136,33
Toyendé*,322,374,696,19,20,26,26,26,27,138,55,18,13,15,25,49,92,118,29
Wanbsouya*,1 059,1 218,2 277,62,66,86,84,86,89,448,182,58,45,49,82,161,301,386,92
Wiliwissin*,444,511,955,26,28,36,35,36,37,187,77,24,19,21,34,68,126,162,39
Woskossogho*,704,810,1 514,42,44,57,56,58,59,297,121,38,30,33,54,107,199,257,62
Yantega*,630,728,1 358,38,39,51,50,52,53,266,109,34,27,30,48,96,179,231,55
Yimboulsa*,544,626,1 170,32,34,44,43,44,46,232,93,30,23,25,42,83,154,198,47
Yirougou*,353,410,763,20,22,28,28,29,30,150,61,20,15,17,27,54,101,130,31
Zenzèba*,944,1 086,2 030,56,59,77,75,78,79,395,163,52,40,45,72,143,268,345,83
Zimsa*,475,551,1 026,28,30,38,38,39,40,200,83,26,21,22,37,73,136,174,41
Zongo*,609,704,1 313,36,38,50,49,50,51,255,105,34,26,29,47,93,174,223,53
Zong-yibgo*,114,130,244,6,7,10,9,10,10,46,20,6,5,5,9,17,32,42,10
,,,,,,,,,,,,,,,,,,,
"""COMMUNE: BOUSSOUMA_CN - Rural""",50 298,55 955,106 253,2 759,3 126,3 763,3 674,3 716,3 926,19 884,8 313,2 613,2 143,2 387,4 054,7 665,14 633,18 913,4 684
Antoa,432,562,994,25,34,25,32,44,41,205,92,13,27,21,21,55,127,179,53
Balbo-Peulh,145,134,279,7,9,8,10,11,12,59,24,9,6,6,10,23,45,37,3
Bangkiemdé-Bangré,766,808,1 574,52,54,49,72,49,51,306,118,37,22,46,56,102,226,273,61
Bendogo-Peulh,321,350,671,24,22,24,22,30,28,105,68,5,8,9,23,58,103,115,27
Biguissi,971,1 157,2 128,68,72,79,70,67,75,398,177,44,39,42,79,169,273,385,91
Birgui,1 024,1 084,2 108,51,54,70,73,68,80,396,150,48,31,47,77,141,290,400,132
Bissinogo-peulh,74,85,159,3,4,6,4,6,5,22,15,4,5,4,8,9,22,35,7
Boalla,568,566,1 134,56,38,46,35,39,46,207,71,33,22,16,56,81,177,167,44
Booré,284,310,594,16,11,33,17,19,18,109,51,9,12,11,26,40,102,99,21
Boulsin,1 131,1 337,2 468,74,91,73,97,79,114,521,215,60,57,50,68,148,267,441,113
Boussouma,6 340,6 770,13 110,299,356,391,371,387,394,2 221,1 032,350,326,325,641,1 131,1 780,2 485,621
Damgagui,244,224,468,44,28,11,13,21,12,65,16,6,3,4,13,52,78,93,9
Damiougou,252,268,520,11,12,13,15,20,20,100,40,16,14,13,12,40,58,104,32
Delguin-Yarcé,780,814,1 594,58,46,53,60,65,54,315,100,36,23,20,90,130,200,297,47
Douré,640,701,1 341,13,32,69,76,45,63,272,103,31,21,23,34,104,195,200,60
Fatin,1 294,1 641,2 935,55,85,98,120,121,115,613,225,80,52,77,99,185,359,519,132
Forgui,2 126,2 565,4 691,104,192,209,179,210,191,852,339,111,65,118,199,320,600,814,188
Fouti,389,422,811,23,23,22,25,29,27,175,70,24,15,25,18,51,107,147,30
Foutrigui,455,582,1 037,23,37,40,36,35,27,208,70,19,20,25,46,56,162,179,54
Gangargui,737,824,1 561,34,40,60,62,62,64,326,132,35,29,28,42,109,208,270,60
Goaragui,722,590,1 312,26,41,48,41,35,42,227,99,49,32,41,67,84,250,204,26
Gofila,650,607,1 257,23,34,34,29,33,38,166,96,24,11,17,62,136,213,243,98
Goulli,381,463,844,15,26,40,31,30,37,155,56,25,20,11,27,66,117,154,34
Guilla,999,1 165,2 164,49,63,72,85,59,93,406,187,41,41,58,60,151,290,421,88
Guirb-Loundogo,298,285,583,24,28,22,10,25,20,95,54,10,9,14,33,45,79,87,28
Hanhui,392,437,829,6,37,33,32,12,31,130,69,22,20,19,47,67,122,140,42
Kamdaogo-Goundrin,380,485,865,5,16,29,17,29,14,121,53,19,18,16,33,57,239,162,37
Kanretenga,805,952,1 757,48,53,66,63,71,57,356,139,45,39,30,47,132,202,351,58
Kassiri,1 322,1 388,2 710,94,80,89,91,77,114,495,210,81,68,63,110,190,361,460,127
Koloog-Samba,106,102,208,5,5,8,2,7,5,29,19,6,7,3,11,15,30,42,14
Koutoumtenga,1 321,1 465,2 786,81,68,109,75,99,116,508,229,62,54,42,105,195,400,501,142
Louda,1 684,1 784,3 468,106,85,129,122,134,121,655,266,89,77,81,127,255,524,591,106
Louda-peulh,74,79,153,2,5,8,5,2,5,27,7,3,0,7,8,10,22,30,12
Nakourtenga,449,608,1 057,22,28,35,42,37,39,236,119,29,20,16,29,54,115,192,44
Napamboumbou,349,409,758,19,17,16,21,20,24,128,67,20,18,20,36,70,87,152,43
Nassoog-Tanghin,70,84,154,7,2,8,7,9,0,40,10,4,6,1,7,11,12,28,2
Nessemtenga,2 907,3 153,6 060,132,184,178,194,209,208,1 176,472,196,122,148,236,417,857,1 039,292
Niniongo,613,760,1 373,31,36,49,49,50,53,284,136,40,32,28,39,61,139,271,75
Oualogtenga-Peulh,271,307,578,17,27,35,51,29,35,89,32,8,8,19,16,60,84,54,14
Ouga-Yarcé,1 822,1 910,3 732,92,109,165,115,166,143,708,215,67,65,82,145,328,564,620,148
Pana,570,747,1 317,41,50,41,40,44,54,248,108,38,28,33,44,81,135,264,68
Riguin-Tanguin,252,304,556,14,13,17,19,13,32,116,51,16,15,12,27,31,66,93,21
Santéna,703,901,1 604,27,28,63,47,51,58,330,136,32,38,40,67,79,190,357,61
Sèra,1 378,1 632,3 010,79,73,86,91,86,92,559,293,71,71,73,114,196,352,595,179
Sidogo,423,539,962,28,30,32,27,28,38,179,78,21,18,19,34,70,125,188,47
Singué,1 023,1 156,2 179,93,85,78,84,76,110,379,151,50,31,52,106,148,283,376,77
Sirgui,1 354,1 561,2 915,86,61,130,109,88,130,571,222,67,45,80,88,193,428,500,117
Soaga,1 097,1 180,2 277,49,62,73,75,95,72,469,189,51,54,45,84,143,342,380,94
Soma-Peulh,591,563,1 154,31,36,39,37,41,51,218,115,33,38,38,39,74,154,172,38
Songodin,637,701,1 338,32,38,62,45,43,50,262,110,29,39,25,35,94,190,230,54
Tafga,164,197,361,10,2,14,13,16,6,85,27,14,6,6,8,28,35,69,22
Tagalla,1 712,1 785,3 497,53,88,119,127,141,136,652,280,93,70,77,143,274,522,591,131
Tampèlga,1 941,2 101,4 042,144,146,174,175,149,167,795,309,83,53,84,136,296,571,619,141
Tanguin-Peulh,121,134,255,14,5,13,11,9,10,49,23,4,2,5,10,17,38,37,8
Tanmiga,490,458,948,20,21,43,51,36,31,182,67,22,18,18,40,70,149,152,28
Tansoba-Imiougou,404,457,861,27,31,21,26,26,27,149,73,19,21,12,24,46,104,207,48
Tansobo-Tanguin,495,624,1 119,30,35,34,34,44,54,214,81,33,27,38,30,78,107,197,83
Tanwoko,895,1 018,1 913,37,57,65,62,74,63,384,145,57,32,50,62,127,279,344,75
Yalgouéogo,261,316,577,20,19,26,28,21,26,112,40,17,12,15,21,47,58,95,20
Yonbtenga,451,415,866,23,19,24,29,28,22,114,41,17,13,13,33,68,179,180,63
Zanzi,514,596,1 110,34,27,34,48,53,35,205,78,24,31,17,33,67,167,189,68
Zikièmé,234,333,567,23,16,23,25,14,30,106,53,12,17,9,13,30,73,97,26
,,,,,,,,,,,,,,,,,,,
"""COMMUNE: DABLO* - Rural""",13 194,15 222,28 416,780,825,1 073,1 050,1 082,1 116,5 574,2 277,719,560,621,1 011,2 004,3 753,4 821,1 150
Bawenné*,1 169,1 355,2 524,70,73,95,93,96,99,495,203,64,50,55,90,178,333,428,102
Dablo*,3 964,4 572,8 536,234,248,321,314,323,339,1 674,683,215,169,186,303,602,1 131,1 448,346
Daké*,1 852,2 135,3 987,110,116,151,148,152,156,783,320,100,78,87,142,281,526,676,161
Doffi*,914,1 058,1 972,54,57,74,73,75,77,389,158,50,38,43,70,139,260,335,80
Dou*,1 145,1 324,2 469,68,71,93,91,94,97,485,198,62,49,54,88,174,326,419,100
Guelkoto*,757,872,1 629,44,47,62,61,62,64,317,131,42,32,36,58,115,215,277,66
Koupéla*,686,788,1 474,40,43,56,55,56,57,290,118,38,29,32,53,104,194,250,59
Loada*,893,1 028,1 921,52,56,73,71,74,75,376,154,48,38,42,68,136,254,326,78
Perko*,872,1 005,1 877,52,55,71,69,72,73,369,150,48,37,41,67,132,247,318,76
Zambila*,942,1 085,2 027,56,59,77,75,78,79,396,162,52,40,45,72,143,267,344,82
,,,,,,,,,,,,,,,,,,,
"""COMMUNE: KAYA """,99 016,108 724,207 740,5 615,5 486,6 766,6 731,6 889,6 701,36 115,16 335,5 379,4 534,5 045,9 069,18 747,32 139,35 192,6 997
,,,,,,,,,,,,,,,,,,,
"""COMMUNE: KAYA - Rural""",40 219,45 551,85 770,2 289,2 280,2 899,3 152,3 147,3 241,16 860,7 450,2 292,1 826,1 908,2 998,5 774,10 898,15 111,3 645
Arouem,638,709,1 347,48,43,52,52,50,45,286,101,31,23,36,36,102,160,240,42
Bakouta,301,326,627,16,15,19,20,23,29,125,69,19,14,7,25,38,69,118,21
Bandaga-Mossi,260,308,568,6,6,19,14,17,8,87,50,24,20,8,26,40,77,129,37
Bandaga-Naba-Peulh,19,24,43,3,2,2,2,2,2,6,3,0,0,0,1,4,6,8,2
Bandaga-Peulh,330,338,668,28,15,20,25,13,39,122,65,17,13,14,25,50,89,104,29
Bangassé,654,792,1 446,40,41,54,68,50,59,315,150,33,41,27,41,57,154,258,58
Baobokin,539,614,1 153,29,34,41,51,53,48,238,126,19,22,22,23,69,126,215,37
Basbériké,362,404,766,16,25,23,16,26,32,137,77,27,18,11,24,49,88,151,46
Basnéré,980,1 183,2 163,47,55,65,71,96,77,423,200,58,54,53,81,125,291,380,87
Bendogo,408,506,914,32,20,33,31,23,41,221,71,21,13,14,19,85,111,135,44
Bissiga,450,553,1 003,28,9,30,24,46,37,191,78,26,37,25,47,73,133,165,54
Bissiguin,413,507,920,30,28,36,44,32,28,182,97,31,13,21,22,45,93,176,42
Dahisma,676,803,1 479,30,39,74,67,56,62,268,128,48,33,42,54,83,202,247,46
Damané,534,612,1 146,53,3,34,34,36,39,201,83,38,16,28,51,115,147,218,50
Dapologo,937,981,1 918,57,58,90,70,95,67,363,176,58,36,38,62,124,251,298,75
Dasmesma,791,871,1 662,41,25,47,44,61,48,330,170,47,43,52,47,87,207,312,101
Delga,766,781,1 547,13,43,58,68,26,33,264,102,30,42,51,78,141,193,323,82
Dem,1 026,1 022,2 048,18,49,67,56,53,80,387,197,78,58,53,100,161,270,340,81
Dembila-Mossi,395,492,887,27,27,32,40,35,41,206,74,20,10,15,24,35,99,164,38
Dembila-Peulh,510,469,979,18,33,30,13,43,27,155,64,20,19,19,94,85,150,185,24
Dondollé,768,942,1 710,30,37,65,55,71,63,316,146,33,40,44,69,134,238,308,61
Fanka,1 543,1 990,3 533,99,81,124,131,136,118,697,313,109,79,75,100,194,438,646,193
Foulou-Yarcé,347,358,705,18,23,24,16,32,30,140,52,14,15,15,27,41,93,138,27
Foura,629,665,1 294,18,46,63,45,53,62,210,81,28,16,22,66,111,212,221,40
Gâh,844,946,1 790,42,64,70,73,74,77,329,142,34,26,32,51,121,261,299,95
Gantodogo,331,332,663,18,15,28,17,24,31,146,49,14,14,17,16,43,84,113,34
Gouguin,513,653,1 166,31,34,36,45,47,49,252,96,33,20,25,38,65,143,203,49
Goulguin-Yarcé,384,387,771,21,17,25,31,24,33,144,66,20,19,21,34,57,107,130,22
Ilyalla,313,322,635,18,22,23,24,26,24,128,55,27,17,13,16,38,87,97,20
Iryastenga,341,315,656,10,17,10,29,28,15,115,62,27,19,17,23,57,80,122,25
Kalambaogo,1 909,2 242,4 151,159,131,108,158,147,162,854,341,121,99,111,162,265,485,692,156
Kamsaogo,511,568,1 079,26,32,49,56,40,53,218,83,32,19,22,30,66,149,164,40
Kankandé,429,464,893,27,20,38,38,39,32,199,82,27,18,20,22,55,101,133,42
Konéan,1 505,1 849,3 354,114,83,131,152,114,132,646,293,99,68,51,117,252,451,533,118
Konkin,834,957,1 791,42,73,66,63,79,74,347,157,45,33,32,66,124,234,269,87
Kougouri,336,377,713,12,4,16,26,20,15,122,53,20,16,17,16,54,102,187,33
Koulogo,827,964,1 791,68,36,76,69,70,79,345,160,39,34,35,73,126,199,289,93
Koutoula-Yarcé,525,664,1 189,44,35,41,46,45,53,229,94,30,28,19,44,88,158,197,38
Légouré,182,162,344,12,14,9,10,10,15,65,29,3,10,5,13,24,51,63,11
Loundogo,154,160,314,11,5,11,10,13,11,67,31,6,6,8,9,22,36,54,14
Namsigui,640,710,1 350,47,38,37,40,54,64,266,111,27,26,18,37,74,175,261,75
Napalgué,605,719,1 324,49,34,33,48,42,41,272,138,39,26,28,36,68,153,242,75
Niangdo,583,620,1 203,34,31,40,42,51,55,247,133,30,29,25,32,69,137,217,31
Nongfaïré-Bangré,462,387,849,25,26,20,37,27,31,144,62,27,8,24,43,61,142,152,20
Nongfaïré-Mossi,341,320,661,17,21,24,20,31,28,126,59,15,12,22,27,49,90,91,29
Oualga,1 120,1 306,2 426,77,79,73,76,68,94,492,221,53,58,55,87,164,301,409,119
Pampa,697,819,1 516,47,49,41,58,77,53,320,120,41,35,22,45,92,169,281,66
Paspanga,162,156,318,9,13,8,7,7,13,55,28,13,9,5,11,15,44,72,9
Pousdem,116,104,220,2,2,4,6,3,3,30,12,6,7,12,15,28,35,46,9
Roaguin,311,337,648,19,14,24,18,19,37,125,56,14,9,21,15,45,86,118,28
Roumtenga,389,487,876,24,29,30,26,30,39,208,77,37,17,13,28,44,84,151,39
Sanrgo,1 761,2 087,3 848,133,103,127,135,146,157,784,331,112,68,109,136,275,501,611,120
Sanrgo-Peulh,157,161,318,9,14,10,17,10,12,57,29,7,9,7,8,27,42,52,8
Sian,402,520,922,16,35,25,37,19,24,183,88,32,25,15,27,48,92,194,62
Silga,462,621,1 083,17,43,36,34,33,38,238,99,26,29,14,31,54,123,206,62
Silmiougou,1 305,1 360,2 665,38,57,84,84,96,93,486,235,73,52,78,108,230,312,538,101
Songodin,408,442,850,21,17,40,32,33,34,172,69,16,21,21,35,58,109,141,31
Sorogo,285,341,626,14,23,17,19,23,20,131,47,17,9,15,22,56,82,103,28
Tampèlga-Yarcé,424,500,924,44,28,26,50,27,30,179,67,11,21,24,50,69,128,141,29
Tangasgo,659,763,1 422,44,44,40,58,49,51,273,128,33,18,20,47,119,168,257,73
Temmiga,220,222,442,8,9,11,13,21,17,77,47,9,5,9,14,32,65,84,21
Tibtenga,770,935,1 705,36,40,59,68,54,71,334,168,54,44,45,54,103,179,298,98
Tiffou,555,620,1 175,35,28,37,41,54,40,261,113,30,23,28,26,75,140,201,43
Toécé,553,608,1 161,26,25,20,38,39,40,256,120,25,35,34,32,81,132,210,48
Tougouri,456,525,981,20,16,27,39,26,35,211,96,27,31,32,39,58,123,160,41
Waftoèga,176,163,339,0,0,11,24,14,7,74,15,11,7,17,16,25,61,52,5
Zablo,246,261,507,12,13,19,23,21,9,91,34,25,6,8,23,34,62,96,31
Zandogo,534,530,1 064,14,32,38,62,42,39,197,90,25,18,16,28,78,162,190,33
Zingdnogo,203,247,450,6,5,20,15,12,13,87,42,6,8,9,11,32,72,98,14
Zorkoum,713,720,1 433,27,42,51,56,68,58,260,95,36,25,12,29,77,225,312,60
Zoura,290,348,638,19,11,28,25,23,25,148,54,9,15,13,14,29,79,103,43
,,,,,,,,,,,,,,,,,,,
"""COMMUNE: KAYA - Urbain""",58 797,63 173,121 970,3 326,3 206,3 867,3 579,3 742,3 460,19 255,8 885,3 087,2 708,3 137,6 071,12 973,21 241,20 081,3 352
Secteur 1,4 755,5 287,10 042,268,247,275,267,260,250,1 538,683,208,191,250,479,1 072,1 789,1 880,385
Secteur 2,6 158,6 628,12 786,407,276,403,356,385,344,2 056,909,343,303,338,672,1 253,2 205,2 165,371
Secteur 3,4 622,5 185,9 807,216,166,267,245,258,237,1 467,709,240,226,236,516,984,1 735,1 921,384
Secteur 4,15 547,16 570,32 117,927,921,903,905,947,841,4 862,2 368,808,754,843,1 635,3 463,5 968,5 180,792
Secteur 5,5 628,5 882,11 510,251,301,364,337,326,332,1 725,898,314,295,323,716,1 458,1 935,1 705,230
Secteur 6,15 702,16 634,32 336,903,880,1 233,1 077,1 139,1 070,5 354,2 302,828,653,784,1 415,3 365,5 576,5 021,736
Secteur 7,6 385,6 987,13 372,354,415,422,392,427,386,2 253,1 016,346,286,363,638,1 378,2 033,2 209,454
,,,,,,,,,,,,,,,,,,,
"""COMMUNE: KORSIMORO - Rural""",30 433,33 916,64 349,1 633,1 671,2 289,2 067,2 197,2 289,12 207,5 126,1 639,1 371,1 468,2 455,4 959,9 118,11 106,2 754
Alhamdou,183,208,391,11,11,15,9,17,20,84,31,7,6,11,7,19,63,70,10
Bagbin-Noungou,247,326,573,17,14,21,21,15,15,126,62,17,18,14,11,16,45,115,46
Baskoudré-Mossi,295,346,641,24,23,12,20,28,34,122,55,24,13,15,17,28,87,109,30
Baskoudré-Peulh,148,157,305,4,5,17,9,10,8,59,34,9,7,6,11,24,35,60,7
Baskoudré-Pousnodin,85,93,178,8,3,5,6,7,6,39,15,3,6,3,6,10,20,28,13
Baskoudré-Téongo,125,177,302,7,6,12,12,12,14,57,33,13,2,4,3,18,35,54,20
Bendogo,676,797,1 473,33,25,69,46,44,70,245,98,39,40,33,39,96,218,286,92
Boula-Yargo,129,164,293,8,7,10,6,11,16,67,30,9,7,7,9,12,28,51,15
Dollé,579,611,1 190,34,27,44,44,48,40,255,90,36,27,23,38,65,165,207,47
Foulla,475,588,1 063,39,5,40,32,44,22,208,110,26,13,31,19,68,126,210,70
Foulla-Nabdogo,191,175,366,9,10,13,12,12,9,87,46,9,8,6,12,20,42,59,12
Gandin,120,136,256,3,6,6,9,6,9,48,35,8,4,6,9,12,31,50,14
Ilartenga,468,544,1 012,28,16,31,33,35,25,186,66,19,21,36,39,95,149,191,42
Ilélla,262,290,552,27,11,15,19,20,26,110,38,17,8,7,25,38,64,104,23
Imiougou-Natenga,2 001,2 224,4 225,85,156,167,118,147,186,778,277,106,81,93,186,381,736,612,116
Ipalla,981,1 150,2 131,35,60,76,71,66,85,445,153,30,34,44,73,150,333,384,92
Katenga,135,187,322,5,7,7,8,10,9,67,41,10,7,9,14,9,25,67,27
Kiendpalogo,261,348,609,27,20,15,13,20,27,123,52,17,6,6,29,39,73,110,32
Kirbaka,286,350,636,16,8,19,14,21,27,147,62,22,17,17,18,21,53,133,41
Komtenga,280,300,580,12,12,23,13,29,17,107,51,16,10,14,26,30,69,113,38
Korsimoro,9 236,9 639,18 875,522,488,570,538,604,533,3 150,1 503,479,497,482,942,1 920,2 866,3 119,662
Koupéla,424,575,999,23,30,29,28,32,40,212,85,26,20,20,35,62,129,195,33
Litenga,147,225,372,7,7,14,11,9,12,83,40,11,10,9,19,23,38,62,17
Mederin-Peulh,167,181,348,19,5,20,13,15,7,60,19,12,8,8,11,23,61,58,9
Nakombgo,232,302,534,14,16,9,12,21,22,95,58,5,6,8,21,24,57,124,42
Nigui,468,467,935,35,20,25,34,35,35,200,51,17,18,16,35,67,137,163,47
Nimpoui,575,620,1 195,23,21,34,44,32,44,205,107,37,30,37,50,82,158,224,67
Noungou,1 167,1 244,2 411,72,69,109,123,84,94,499,175,64,33,54,59,139,366,384,87
Ouidin,240,350,590,13,22,24,12,15,22,109,50,13,7,9,21,35,71,132,35
Ouitenga-Poecin,612,806,1 418,16,59,41,50,45,58,298,117,48,32,36,45,81,188,229,75
Pissiga,287,298,585,7,11,21,11,22,14,115,63,27,7,17,22,42,85,95,26
Pissin,434,507,941,25,27,31,32,29,41,176,95,34,17,26,35,57,101,172,43
Raguitenga,776,919,1 695,68,30,60,54,71,39,347,155,34,39,27,55,91,234,308,83
Sabouri-Nakoara,327,375,702,11,20,32,30,13,25,126,60,24,24,16,25,43,77,136,40
Sabouri-Natenga,197,223,420,9,7,17,8,17,11,89,44,14,12,6,15,19,47,82,23
Sabouri-Pousguin,144,191,335,9,7,11,6,10,11,61,36,10,12,5,11,21,31,75,19
Sabouri-Sonkin,210,301,511,7,12,30,9,14,21,103,47,16,18,12,20,26,57,92,27
Sabouri-Tensobdogo,367,462,829,7,30,32,27,31,31,161,71,24,12,20,22,46,92,175,48
Silemtenga,91,41,132,0,2,1,4,1,1,12,1,1,1,1,1,9,40,46,11
Soundogo,206,206,412,18,7,14,19,11,9,101,32,13,5,7,10,23,41,86,16
Tamboko,705,812,1 517,34,26,82,50,54,58,340,106,28,27,31,46,91,187,275,82
Tamsin,177,247,424,12,13,16,9,19,27,93,29,10,9,4,5,16,53,82,27
Tankougri,142,121,263,1,11,11,13,14,8,60,16,4,6,4,10,19,44,40,2
Tanmiougou,330,351,681,3,16,39,29,25,31,136,41,19,12,9,12,51,99,120,39
Tansablogo,291,390,681,14,23,15,30,26,31,151,50,16,20,11,15,48,94,101,36
Tansin,295,345,640,35,15,24,32,20,28,113,37,15,11,14,19,50,81,109,37
Taonsgo,416,523,939,18,23,32,42,33,54,191,80,27,19,31,18,50,113,160,48
Tempelga,172,198,370,2,6,20,11,14,20,88,33,5,7,2,12,23,59,51,17
Tengressené,380,414,794,10,19,32,23,33,25,147,51,17,18,20,25,78,119,135,42
Tensobdogo,140,176,316,7,14,16,12,9,20,69,30,6,4,5,6,18,28,57,15
Toulguéré-Peulh,439,447,886,33,19,44,23,38,48,151,59,23,20,23,33,77,136,134,25
Wapogo,183,219,402,7,13,21,9,15,14,86,35,6,11,4,12,22,31,96,20
Warra,139,53,192,2,3,1,3,3,0,9,1,3,0,1,5,24,76,46,15
Yaoghin,141,188,329,13,9,11,13,9,7,49,43,9,4,4,12,33,36,60,17
Yonyonssi,569,582,1 151,20,34,68,42,49,45,239,98,20,8,27,36,85,177,165,38
Zaïbtenga,466,487,953,11,29,39,41,29,27,204,70,21,17,26,31,80,154,143,31
Zourtenga,1 214,1 260,2 474,74,76,77,105,94,111,519,159,64,35,51,113,210,358,362,66
,,,,,,,,,,,,,,,,,,,
"""COMMUNE: MANE - Rural""",35 719,37 182,72 901,1 803,2 009,2 740,2 536,2 677,2 751,13 666,5 303,1 678,1 438,1 667,2 835,6 070,10 551,12 443,2 734
Abra,460,515,975,28,37,32,35,40,33,191,56,18,13,15,30,71,153,165,58
Bangré,619,605,1 224,40,28,65,39,55,37,224,77,30,28,35,50,85,179,206,46
Banguessom,435,375,810,13,8,25,25,24,28,140,69,26,15,14,29,65,145,159,25
Baskouda,1 569,1 733,3 302,115,75,114,117,134,141,659,238,72,59,83,126,268,424,551,126
Bokin,1 188,1 181,2 369,41,73,71,76,93,83,435,173,66,50,45,67,212,362,426,96
Bouïdi,373,392,765,27,21,25,31,23,30,161,66,11,10,18,25,43,93,143,38
Boulskom,112,112,224,2,1,10,7,2,15,38,17,2,5,8,12,24,32,43,6
Débéré,720,703,1 423,29,50,50,55,33,48,229,74,22,29,31,60,115,255,282,61
Enaba,716,752,1 468,38,46,66,47,47,62,294,98,35,26,26,46,111,239,226,61
Galla,874,892,1 766,54,48,55,47,63,68,347,142,43,47,40,70,137,213,317,75
Goassa,456,440,896,25,20,28,43,26,39,164,47,18,21,19,23,87,126,174,36
Gorin,1 332,1 427,2 759,78,97,137,107,102,98,535,164,66,54,52,115,268,400,402,84
Gosbila,167,215,382,7,11,11,13,13,13,77,33,6,8,5,12,24,46,82,21
Goudrin,927,957,1 884,46,37,74,71,70,92,392,128,42,19,26,52,151,288,343,53
Guinda Yarcé,658,571,1 229,21,44,53,42,62,36,237,83,53,25,29,50,109,187,163,35
Guinsa,576,612,1 188,22,33,83,41,43,54,216,80,23,16,28,56,102,161,189,41
Ignongo,498,537,1 035,27,28,37,31,46,33,185,83,28,21,25,38,87,127,187,52
Itaoré,390,399,789,24,18,32,18,24,31,140,61,20,17,14,27,51,110,162,40
Komestenga,1 732,1 732,3 464,59,81,143,133,116,127,718,250,79,69,85,108,308,489,594,105
Komsilga,341,332,673,31,17,29,11,18,26,118,60,15,8,20,27,85,90,97,21
Konlébsé,1 147,1 117,2 264,69,56,87,72,77,89,418,168,48,31,49,101,213,328,400,58
Kouïbanka,73,68,141,3,3,5,4,6,7,18,7,1,3,7,6,17,24,21,9
Koukouré,413,451,864,10,18,30,30,37,37,169,62,25,13,23,27,66,137,147,33
Koulogho,770,851,1 621,32,39,58,42,64,54,280,146,34,37,40,57,141,218,301,78
Lessitenga,320,347,667,20,23,17,16,32,34,124,45,15,18,15,31,41,84,111,41
Malou,1 595,1 630,3 225,70,146,105,134,122,109,580,222,75,63,61,126,334,503,491,84
Mané,5 110,5 484,10 594,242,292,367,362,409,331,1 905,775,264,197,275,421,839,1 619,1 890,406
Mané-Mossi,482,483,965,16,30,39,37,28,38,175,75,14,27,35,28,88,130,158,47
Mané-Peulh,118,111,229,7,6,8,8,7,7,46,16,4,3,5,9,12,42,42,7
Nakombogo,1 197,1 357,2 554,73,57,104,117,94,105,491,162,65,51,41,100,212,364,403,115
Namassa,372,436,808,23,10,35,33,27,28,150,64,14,18,17,23,59,114,143,50
Niongsin,307,380,687,8,14,22,15,19,27,134,56,18,23,17,33,48,79,138,36
Nonghin,514,529,1 043,20,20,49,34,52,41,192,76,21,24,34,38,89,126,195,32
Noungou de Komestenga,492,574,1 066,33,21,43,41,40,57,212,103,30,26,28,28,67,132,170,35
Noungou de Sanga,147,144,291,6,13,14,5,12,17,52,18,7,4,7,9,29,39,43,16
Ouénané,591,622,1 213,39,40,36,46,43,53,234,65,25,27,35,37,77,185,220,51
Sabouri,274,297,571,25,20,15,25,9,15,113,28,8,11,3,7,45,111,98,38
Samkoudougou,400,466,866,22,19,28,34,28,31,175,69,19,17,17,36,65,105,157,44
Sanga,741,748,1 489,20,39,44,66,63,56,306,122,18,20,22,61,112,223,273,44
Saorzi,898,1 012,1 910,44,70,77,71,67,66,349,150,48,43,27,85,161,268,314,70
Saou,485,483,968,33,36,40,30,35,46,189,69,21,28,19,37,93,142,133,17
Silmidougou,494,541,1 035,30,30,26,26,39,33,171,78,20,30,25,49,96,138,191,53
Tanlallé,1 021,887,1 908,18,24,47,52,53,67,304,180,43,50,67,145,199,310,286,63
Tanlargo,350,396,746,22,15,26,29,16,30,143,55,28,16,12,27,56,108,131,32
Tanzéongo,1 299,1 210,2 509,81,74,126,81,96,86,484,196,53,41,73,120,186,353,395,64
Yabo,1 320,1 348,2 668,64,79,106,92,118,141,493,198,58,56,63,127,203,374,430,66
Zincko,646,728,1 374,46,42,46,45,50,52,259,99,27,21,32,44,119,176,251,65
,,,,,,,,,,,,,,,,,,,
"""COMMUNE: NAMISSIGUIMA* - Rural""",7 688,8 871,16 559,455,479,623,612,629,650,3 248,1 328,419,327,361,588,1 168,2 189,2 808,675
Balbou*,480,554,1 034,28,30,39,38,40,41,203,83,26,21,23,36,73,136,175,42
Bangsin*,833,957,1 790,50,52,67,67,68,71,348,143,46,36,39,64,126,237,303,73
Baskondo*,895,1 034,1 929,53,56,72,71,74,75,381,154,48,38,42,68,136,255,327,79
Issao*,379,437,816,22,24,30,30,31,32,162,65,20,16,17,29,58,108,139,33
Koglobaraogo*,544,627,1 171,32,34,44,43,44,46,232,93,30,23,25,42,83,154,198,48
Koundibokin*,297,343,640,18,18,24,24,24,25,125,51,16,13,14,23,46,85,108,26
Namissiguima*,1 036,1 198,2 234,61,63,86,84,83,89,433,183,57,44,49,80,155,297,380,90
Nawoubkiba*,850,982,1 832,50,53,69,67,70,71,361,147,46,36,40,65,129,242,311,75
Nionranga*,801,925,1 726,48,50,65,63,66,67,338,138,44,34,38,61,122,228,293,71
Pickoutenga –peulh*,402,465,867,24,25,32,32,33,34,172,69,22,17,19,31,61,114,147,35
Tamsin*,542,625,1 167,32,34,44,43,44,46,229,93,30,23,25,42,83,154,198,47
Tangandtenga*,409,470,879,24,26,33,32,34,35,172,71,22,17,19,31,62,116,149,36
Tansablougou*,220,254,474,13,14,18,18,18,18,92,38,12,9,11,16,34,63,80,20
,,,,,,,,,,,,,,,,,,,
"""COMMUNE: PENSA* - Rural""",24 367,28 113,52 480,1 439,1 521,1 979,1 938,1 994,2 058,10 296,4 208,1 328,1 036,1 146,1 867,3 700,6 931,8 900,2 139
Ankouna*,1 191,1 373,2 564,70,75,97,95,98,100,502,206,65,51,56,91,181,338,435,104
Badnongo*,1 588,1 829,3 417,96,97,129,123,131,138,673,273,88,69,75,121,239,452,575,138
Bangkiemdé-Bangré*,658,759,1 417,38,41,54,53,54,55,278,113,36,28,31,51,100,187,240,58
Bapilinga*,479,552,1 031,28,30,39,38,40,41,200,83,26,21,22,37,73,136,175,42
Boala*,489,566,1 055,28,30,40,39,40,41,210,85,26,21,23,37,74,139,179,43
Bou*,666,768,1 434,40,42,54,53,54,57,281,115,36,28,31,51,101,189,243,59
Boulga*,1 131,1 305,2 436,66,71,92,90,92,96,478,195,62,48,53,87,171,322,413,100
Bouli*,579,668,1 247,34,36,47,46,48,49,244,100,32,25,27,44,88,164,212,51
Darhémé*,419,484,903,24,26,34,33,34,35,180,73,22,17,20,32,64,119,153,37
Djoimé*,779,900,1 679,46,49,63,62,64,65,331,134,42,33,37,59,119,222,285,68
Doro*,704,812,1 516,42,44,57,56,58,59,298,121,38,30,33,54,107,200,257,62
Faramoura*,873,1 005,1 878,52,55,71,69,72,73,369,150,48,37,41,67,132,248,318,76
Galwistenga*,321,371,692,18,20,26,26,26,27,138,55,18,13,15,24,49,91,118,28
Guindéguéma*,450,520,970,26,28,36,36,36,38,195,77,24,19,21,34,68,128,165,39
Imsélé*,727,839,1 566,42,45,59,58,60,61,307,126,40,31,34,56,110,207,266,64
Kankambaogo*,601,696,1 297,36,38,49,48,50,51,255,104,32,25,28,46,91,171,220,53
Komassi*,196,228,424,12,12,16,16,16,16,84,34,10,8,10,15,30,56,72,17
Koula*,310,358,668,18,20,26,24,26,26,132,53,16,13,15,24,47,88,113,27
Mognaba*,1 189,1 370,2 559,70,75,97,95,98,100,501,205,64,51,56,91,180,338,434,104
Nabmassa*,371,428,799,22,23,30,30,30,31,157,64,20,15,17,29,56,106,136,33
Nahi-Mossi*,619,713,1 332,36,39,50,49,50,53,261,107,34,26,29,47,94,176,226,55
Nahi-Peulh*,42,50,92,2,2,4,4,4,4,16,8,2,2,2,3,7,12,16,4
Nantèra*,612,705,1 317,36,38,50,49,50,51,259,105,34,26,29,47,93,174,223,53
Ouapaci*,1 448,1 669,3 117,86,91,117,115,118,122,612,250,79,61,68,111,220,411,529,127
Ourba*,216,251,467,12,14,18,18,18,18,93,37,12,9,10,17,32,61,79,19
Ourséni*,226,261,487,14,14,18,18,18,19,95,39,12,10,11,17,34,65,83,20
Pensa*,1 284,1 480,2 764,76,81,105,102,105,108,540,222,70,55,60,98,195,365,469,113
Raogo*,353,408,761,20,22,28,28,28,30,150,61,20,15,17,27,54,101,129,31
Rokoutin*,901,1 040,1 941,54,56,73,71,74,76,380,156,49,38,43,69,137,257,329,79
Sampala*,467,540,1 007,28,29,38,37,38,39,199,81,26,19,22,36,71,133,170,41
Sarbila*,525,607,1 132,32,33,42,42,43,45,220,91,28,23,25,40,80,149,192,47
Sig-Nonghin*,245,283,528,14,16,20,20,20,21,102,42,14,10,11,19,37,70,90,22
Soapa*,331,383,714,20,20,27,26,28,28,140,57,18,14,16,25,51,94,121,29
Yalgo II*,326,377,703,20,20,26,26,26,28,136,57,18,14,16,25,49,93,120,29
Yalgo*,2 358,2 715,5 073,141,146,191,188,191,198,984,409,129,102,110,183,361,672,862,206
Zinibéogo*,693,800,1 493,40,43,56,55,56,59,296,120,38,29,32,53,105,197,253,61
,,,,,,,,,,,,,,,,,,,
"""COMMUNE: PIBAORE - Rural""",18 902,23 629,42 531,1 266,1 288,1 793,1 787,1 670,1 956,8 776,3 414,1 110,758,883,1 273,2 656,5 320,6 799,1 782
Bagadogo,874,1 068,1 942,47,34,87,74,71,98,374,164,57,42,52,64,130,264,302,82
Bagbin,301,331,632,23,25,25,16,19,28,132,54,16,8,17,22,29,81,108,29
Boalin,997,1 265,2 262,67,49,118,106,88,134,499,169,49,28,52,51,147,291,327,87
Foulba,903,1 235,2 138,86,53,108,120,86,113,424,142,56,28,33,52,138,297,328,74
Gandi,756,849,1 605,50,46,52,70,72,55,331,144,41,35,26,50,93,187,286,67
Kankiongo,400,505,905,14,42,47,47,35,50,197,80,23,13,12,19,38,117,141,30
Kaogo,468,703,1 171,42,28,52,30,55,42,256,77,40,18,19,35,54,133,217,73
Kaonguin,483,626,1 109,42,27,39,66,43,61,240,94,22,22,17,21,69,123,172,51
Kaonguin-Sanrgo,1 007,1 365,2 372,99,80,107,98,113,110,498,197,56,46,37,64,126,245,388,108
Lado-Peulh,141,124,265,8,8,9,5,12,11,62,19,7,5,10,9,19,27,42,12
Lahagui,708,925,1 633,53,65,81,60,64,88,318,125,37,18,35,41,84,196,299,69
Mastenga,479,611,1 090,37,35,31,53,45,38,244,89,31,14,26,39,77,112,169,50
Nabdogo,531,660,1 191,43,37,37,46,51,50,242,89,26,31,30,45,75,140,213,36
Nabi-Sanrgo,655,893,1 548,33,52,88,52,65,69,299,137,52,32,34,50,83,166,277,59
Narstenga,218,262,480,23,18,27,15,20,27,92,42,9,6,13,17,29,58,68,16
Niangré-Tansoba,1 397,1 718,3 115,71,93,121,127,124,135,681,273,95,39,72,81,188,410,470,135
Niniongo,214,250,464,12,11,11,25,19,16,101,37,8,7,13,9,32,54,84,25
Ouala,455,621,1 076,51,30,51,44,38,50,237,85,27,20,17,25,67,119,171,44
Oualogotenga,440,570,1 010,29,28,42,36,33,41,212,77,29,20,15,16,50,125,172,85
Ouédéguin,1 281,1 660,2 941,101,88,110,144,123,131,677,234,70,60,52,71,165,323,459,133
Péotenga,867,975,1 842,61,54,73,62,62,82,381,145,55,27,34,66,131,235,305,69
Pibaoré,1 571,1 624,3 195,55,113,104,115,110,76,561,238,97,72,97,198,316,501,458,84
Soussé-Sanrgo,237,283,520,1,26,17,17,18,29,93,37,17,7,7,20,37,76,96,22
Tanyoko-Mossi,1 035,1 283,2 318,46,70,101,97,91,109,451,192,64,52,54,51,147,340,337,116
Tanyoko-Peulh,634,684,1 318,32,46,52,48,40,57,262,135,29,32,28,40,100,186,185,46
Vowogdo,1 228,1 676,2 904,98,94,145,146,110,179,600,209,64,46,53,75,170,358,441,116
Yarlaossin,219,283,502,12,21,17,25,25,31,108,36,12,6,7,15,25,55,85,22
Zoamba,403,580,983,30,15,41,43,38,46,204,94,21,24,21,27,37,101,199,42
,,,,,,,,,,,,,,,,,,,
"""COMMUNE: PISSILA** - Rural""",65 506,81 165,146 671,4 717,4 612,5 953,5 895,6 246,6 109,30 278,12 297,3 802,2 910,3 100,4 960,9 719,17 383,23 316,5 374
Banguissom,244,353,597,19,19,24,23,25,24,122,50,16,12,13,20,40,72,96,22
Bollé*,1 287,1 590,2 877,93,90,116,116,123,120,595,241,74,57,61,97,191,341,457,105
Dawaka,376,418,794,25,26,32,32,34,34,161,67,21,16,17,27,53,93,126,30
Diassa,719,956,1 675,54,53,68,67,71,70,342,140,43,34,36,57,111,201,267,61
Dibilou*,1 299,1 615,2 914,94,92,118,117,124,122,601,244,75,58,62,98,193,345,464,107
Douaga,2 684,3 309,5 993,193,189,244,241,256,249,1 235,503,155,119,127,202,397,710,953,220
Doundougou*,411,507,918,30,29,38,37,39,38,189,77,24,18,19,31,60,109,146,34
Doungou-Nabitenga,1 773,2 449,4 222,135,132,170,168,179,175,867,352,109,84,90,143,283,507,674,154
Firka,1 411,1 635,3 046,98,96,124,123,130,127,631,256,80,61,64,103,200,358,483,112
Goèma,734,942,1 676,54,52,68,67,71,69,347,140,44,33,35,57,111,200,267,61
Goéya*,371,463,834,27,26,34,33,35,34,177,70,21,16,17,28,55,99,132,30
Gomnaoré*,328,405,733,24,23,30,29,31,30,151,62,19,14,15,25,49,87,117,27
Guibga*,1 794,2 226,4 020,130,127,163,161,171,168,829,337,104,80,85,136,266,477,639,147
Issaogo,2 424,2 961,5 385,173,169,219,217,229,224,1 112,452,140,107,114,182,357,637,856,197
Kamsé,893,1 198,2 091,67,65,84,83,88,87,433,175,54,42,44,71,139,250,333,76
Karka,954,1 191,2 145,69,67,87,86,91,90,442,180,56,42,45,73,143,255,341,78
Kenega*,126,155,281,9,9,12,11,12,12,59,23,8,5,6,9,19,33,44,10
Kiemna-Yarcé*,829,1 031,1 860,59,59,76,75,79,78,383,156,48,37,39,63,123,221,296,68
Koalma,702,854,1 556,50,49,63,63,67,65,320,130,41,31,33,53,102,184,248,57
Kodogo,138,133,271,9,9,11,11,11,11,58,22,7,6,6,9,17,31,43,10
Kogwédogo,612,774,1 386,45,44,56,55,59,58,287,116,36,28,29,47,92,164,220,50
Komsilga,1 066,1 401,2 467,79,77,100,99,104,103,509,206,64,49,52,84,164,294,393,90
Kossoghin,1 083,1 256,2 339,75,74,95,94,100,98,484,197,60,47,50,79,154,275,371,86
Lamdoguian*,876,1 082,1 958,63,62,80,79,84,82,403,164,51,39,41,66,129,232,311,72
Lebda,743,891,1 634,52,52,67,66,69,68,337,137,43,32,35,55,108,193,260,60
Lilbouré,552,636,1 188,39,38,48,48,51,50,245,100,30,23,25,40,79,139,189,44
Nanga*,412,508,920,30,29,38,37,39,38,190,77,24,18,19,31,61,109,146,34
Niangdin,414,566,980,32,31,40,39,41,40,201,81,26,20,21,34,65,117,156,36
Nionko,653,834,1 487,48,46,61,59,63,61,310,125,38,29,31,50,99,177,236,54
Noaka,2 197,2 846,5 043,162,158,205,202,214,210,1 035,423,131,100,107,171,336,601,803,185
Nongtenga,463,580,1 043,33,33,42,42,44,44,215,88,27,21,22,35,69,124,166,38
Ouanobian,1 689,2 080,3 769,121,119,154,151,160,157,778,316,97,75,80,127,250,447,599,138
Ouidlao,472,581,1 053,34,33,42,42,45,44,221,89,27,21,22,35,69,124,167,38
Ouintokoulga*,830,1 024,1 854,59,58,76,75,79,77,383,155,48,37,39,63,123,220,294,68
Paira*,756,934,1 690,55,53,68,68,72,70,352,141,44,33,35,57,112,200,268,62
Palsegué*,657,815,1 472,47,47,60,60,62,62,304,123,38,29,31,50,97,174,234,54
Pilifou*,169,209,378,12,12,16,15,16,16,80,31,10,7,8,12,25,44,60,14
Pissila,10 713,12 707,23 420,754,734,953,949,1 005,978,4 841,1 968,608,462,496,793,1 552,2 755,3 713,859
Poulallé,1 289,1 597,2 886,93,90,117,116,123,120,595,242,75,58,61,98,191,342,459,106
Rimkilga,432,358,790,26,26,33,33,34,33,167,67,21,15,16,26,50,89,124,30
Roffenega*,1 011,1 256,2 267,73,71,92,91,97,94,468,190,58,45,48,77,150,269,361,83
Roumba-Mossi,1 319,1 604,2 923,94,92,119,117,124,122,605,245,76,58,62,98,193,346,465,107
Roumba-Yarcé,415,571,986,32,31,40,39,42,40,199,83,26,20,21,34,66,119,158,36
Roungou,760,960,1 720,55,54,69,69,73,71,357,144,44,34,37,58,114,204,274,63
Sanbin-Nabitenga,372,495,867,28,27,35,34,37,36,180,73,22,17,18,29,58,104,138,31
Sirgou,316,418,734,23,23,29,30,32,31,148,62,19,15,16,25,49,88,117,27
Solomnoré,1 496,1 963,3 459,111,109,140,139,147,144,711,289,89,68,73,117,231,413,551,127
Sorboulgou*,312,385,697,22,22,28,28,29,29,145,58,18,14,15,23,46,83,111,26
Souli-Peulh*,72,90,162,6,6,6,6,7,6,33,14,4,3,3,6,11,19,26,6
Tallé-Mossi,618,867,1 485,48,46,60,59,63,62,304,124,38,30,32,50,99,179,237,54
Tallé-Peulh*,50,61,111,4,4,4,4,4,4,25,10,2,2,2,4,8,13,17,4
Talwéoghin*,379,473,852,27,27,34,35,37,36,174,71,22,17,18,29,57,101,135,32
Tambdogo,1 159,1 475,2 634,84,83,106,106,112,109,543,221,69,52,56,89,175,313,419,97
Tébéré,1 704,2 017,3 721,119,117,151,150,159,156,772,312,97,73,78,126,245,439,591,136
Terin-Mossi,629,820,1 449,46,46,58,58,61,60,298,121,38,29,31,49,97,173,231,53
Terin-Peulh,342,350,692,22,22,28,28,30,29,145,58,18,14,15,23,45,80,109,26
Thiou-Sambin,143,191,334,11,10,13,14,15,14,68,28,9,7,7,11,22,40,53,12
Tibi-Yarcé,661,846,1 507,48,48,61,61,64,63,309,126,39,30,32,51,100,180,240,55
Tibtenga,1 315,1 586,2 901,94,91,118,117,124,121,599,244,75,58,61,98,191,343,461,106
Tikato,818,1 086,1 904,61,59,77,76,81,79,392,159,49,38,40,65,127,228,303,70
Tiou-Poécé,1 140,1 486,2 626,84,82,107,105,112,109,540,220,68,52,55,89,175,314,418,96
Toeghin,1 357,1 803,3 160,101,99,127,126,134,131,652,265,82,63,67,107,210,378,503,115
Touroum,717,935,1 652,53,52,66,66,70,68,341,138,43,33,35,56,110,197,263,61
Wapassi,1 065,1 349,2 414,78,75,98,96,102,101,498,202,63,48,51,82,160,287,385,88
Wèdga*,368,454,822,26,26,34,33,35,34,170,69,21,16,17,28,54,98,131,30
Wendboulgou,764,877,1 641,53,51,67,67,70,69,339,138,42,33,35,55,108,192,261,61
Zarin-Mossi,412,493,905,30,29,37,36,38,38,187,76,24,18,19,30,59,107,144,33
Zarin-Peulh,217,184,401,13,13,17,16,17,17,85,34,10,8,8,14,25,46,63,15
,,,,,,,,,,,,,,,,,,,
"""COMMUNE: ZIGA - Rural""",21 619,26 747,48 366,1 185,1 498,2 000,1 900,2 010,2 029,9 826,3 645,1 221,737,946,1 533,2 995,6 595,8 210,2 036
Balinga,1 324,1 447,2 771,83,82,101,133,141,75,573,189,74,32,83,126,190,421,378,90
Bangandé,93,131,224,5,8,9,6,9,10,42,21,7,3,2,4,10,31,45,12
Bissiga,352,439,791,12,34,43,31,34,41,157,55,23,19,19,26,50,119,105,23
Boinkoubouga,787,964,1 751,54,71,87,71,88,72,340,125,34,19,39,47,107,251,269,77
Daffolé,753,1 123,1 876,57,58,77,71,97,84,376,165,47,24,21,35,104,240,347,73
Douré,226,273,499,10,24,10,26,24,14,107,28,15,3,15,19,25,74,83,22
Gandin,712,857,1 569,29,49,58,65,42,73,350,120,54,19,23,33,86,209,280,79
Goura,446,522,968,26,35,33,28,42,45,200,57,24,13,17,29,67,120,187,45
Guéré,329,459,788,2,19,59,31,31,33,197,55,14,7,6,14,39,100,149,32
Guibtenga,1 878,2 265,4 143,60,140,167,176,173,153,806,309,118,76,71,186,272,648,616,172
Kinkinrgo,518,676,1 194,36,33,47,35,47,41,255,97,33,18,23,27,71,135,237,59
Koupénè,460,665,1 125,19,22,62,34,45,49,230,103,31,20,18,42,63,129,190,68
Koura,855,949,1 804,57,51,66,81,75,95,392,138,45,24,37,50,106,244,284,59
Lilma,307,410,717,9,27,29,28,27,39,162,48,18,7,13,22,40,95,110,43
Niongtenga,399,524,923,31,33,41,30,40,48,184,73,20,8,30,27,68,103,155,32
Ouagoulé,1 178,1 482,2 660,47,90,100,99,111,119,541,227,79,47,50,79,159,295,497,120
Pissa,372,527,899,27,39,30,35,43,31,217,80,17,20,14,22,35,84,165,40
Pissiga,759,988,1 747,36,38,63,69,67,90,441,124,27,18,24,56,109,192,325,68
Poésin,393,530,923,38,34,41,39,37,38,203,81,31,14,18,18,47,112,144,28
Radogo,177,154,331,0,3,24,15,7,22,52,15,11,4,0,7,25,48,88,10
Rahallé,341,434,775,19,26,35,34,30,28,163,77,26,16,9,14,47,78,147,26
Ramiougou,285,278,563,23,25,18,20,14,25,99,29,11,6,12,10,46,98,98,29
Samboaga,1 036,1 281,2 317,36,83,102,97,118,85,487,181,54,37,38,63,124,352,361,99
Sambtenga,405,517,922,42,25,40,35,40,55,187,73,22,16,16,23,57,115,147,29
Sankoundougou,240,291,531,11,18,18,17,28,17,92,40,14,12,16,25,35,88,81,19
Soubeira-Nakoara,625,757,1 382,11,42,61,47,51,66,299,97,34,29,25,46,98,191,235,50
Soubeira-Natenga,2 390,2 780,5 170,152,144,219,192,202,212,905,377,127,110,129,219,385,746,855,196
Tansèga,179,236,415,8,5,16,18,11,21,83,42,9,5,7,19,21,48,69,33
Tansèga-Bokin,581,633,1 214,38,31,46,50,42,56,239,93,35,23,33,41,64,155,212,56
Tengsoba-Kièma-Silmiougou,262,312,574,16,18,36,25,34,24,121,40,8,3,9,10,19,94,98,19
Tibin,602,697,1 299,31,25,52,56,47,56,214,82,32,17,20,38,77,185,286,81
Ziga,2 106,2 882,4 988,159,141,182,182,186,192,1 002,362,120,62,103,147,319,716,890,225
Zorgho,249,264,513,1,25,28,24,27,20,110,42,7,6,6,9,30,79,77,22
,,,,,,,,,,,,,,,,,,,
REGION: CENTRE OUEST,768 587,891 548,1 660 135,45 327,44 672,55 366,55 765,55 417,58 816,324 595,141 698,43 028,35 856,34 927,62 015,125 088,215 603,288 914,73 048
,,,,,,,,,,,,,,,,,,,
PROVINCE: BOULKIEMDE,309 020,380 689,689 709,16 559,16 722,20 043,20 638,20 539,22 006,129 653,59 708,18 321,15 709,15 038,26 592,55 985,87 215,127 145,37 836
,,,,,,,,,,,,,,,,,,,
"""COMMUNE: BINGO - Rural""",7 628,9 526,17 154,387,342,512,503,504,555,3 535,1 606,475,405,336,487,795,1 754,3 778,1 180
Bingo,1 147,1 318,2 465,61,43,58,53,77,53,428,241,75,62,68,102,149,264,551,180
Bisraaga,219,262,481,10,6,12,16,14,18,111,42,17,10,14,6,24,53,107,21
Guillé,411,477,888,9,16,30,20,20,21,163,66,31,19,19,29,52,101,207,85
Kaligri,490,648,1 138,21,25,31,34,29,44,242,129,39,25,12,23,38,88,271,87
Koanga,655,892,1 547,46,30,52,44,44,56,303,170,55,41,30,46,64,127,323,116
Koulgorin,969,1 182,2 151,36,53,76,75,67,88,506,168,35,40,33,46,91,245,467,125
Sâ,606,756,1 362,17,33,34,42,31,51,303,126,29,35,34,48,48,128,299,104
Sapelo,229,303,532,10,11,14,10,16,12,100,51,24,9,14,13,37,50,118,43
Silgo,735,991,1 726,38,33,60,56,59,50,377,163,44,43,31,38,63,191,364,116
Tanghin,841,1 083,1 924,70,37,51,56,59,60,436,181,54,50,38,47,62,173,409,141
Villa,815,990,1 805,37,39,59,52,51,53,312,165,41,56,27,62,121,226,407,97
Zékemzougou,511,624,1 135,32,16,35,45,37,49,254,104,31,15,16,27,46,108,255,65
,,,,,,,,,,,,,,,,,,,
"""COMMUNE: IMASGHO - Rural""",11 912,15 850,27 762,603,781,904,986,969,934,5 650,2 558,811,637,657,1 003,1 545,2 721,5 182,1 821
Danierma,822,1 236,2 058,50,57,60,76,75,84,487,197,57,37,38,52,70,194,391,133
Imasgho,4 485,5 708,10 193,247,242,292,285,268,297,1 892,978,316,303,291,505,783,1 031,1 807,656
Kanyalé,799,918,1 717,18,132,132,124,123,47,232,73,16,24,16,53,84,185,373,85
Kologwéogo,534,730,1 264,12,43,40,44,37,51,279,119,44,33,23,30,50,113,248,98
Lounga,970,1 205,2 175,46,43,80,84,77,85,497,188,64,46,53,79,100,226,390,117
Ouéra,717,983,1 700,42,37,67,52,81,54,364,149,40,26,39,39,76,166,329,139
Pinou,1 739,2 515,4 254,106,102,100,155,142,161,906,456,153,74,106,108,186,388,791,320
Rana,1 422,1 953,3 375,59,93,99,125,120,122,777,300,83,71,73,110,152,327,650,214
Thébo,424,602,1 026,23,32,34,41,46,33,216,98,38,23,18,27,44,91,203,59
"""COMMUNE: KINDI - Rural""",18 065,23 816,41 881,1 031,966,1 385,1 359,1 372,1 567,8 897,3 935,1 136,950,846,1 352,2 093,4 232,8 257,2 503
Kindi,7 255,9 169,16 424,482,406,525,523,539,616,3 363,1 580,447,389,344,513,862,1 669,3 187,979
Koné,2 912,4 384,7 296,176,168,222,238,221,276,1 649,681,192,167,121,183,338,666,1 534,464
Manéviré,1 661,1 999,3 660,113,71,146,138,117,138,719,329,99,71,73,139,252,502,633,120
Masséré,950,1 011,1 961,19,25,84,59,60,75,401,164,40,64,44,126,110,214,363,113
Nassoulou,3 594,5 031,8 625,148,186,290,268,298,314,1 933,847,257,170,180,253,333,802,1 757,589
Zerkoum,1 693,2 222,3 915,93,110,118,133,137,148,832,334,101,89,84,138,198,379,783,238
,,,,,,,,,,,,,,,,,,,
"""COMMUNE: KOKOLOKO - Rural""",23 256,28 414,51 670,1 131,1 170,1 463,1 534,1 546,1 669,9 977,4 739,1 486,1 150,1 112,1 931,3 310,5 711,10 219,3 522
Sam,502,753,1 255,27,29,45,47,44,57,308,107,24,22,27,33,65,131,226,63
Basziri,4 119,4 833,8 952,192,184,254,261,241,270,1 605,799,267,221,230,393,684,1 033,1 804,514
Douré,1 672,2 133,3 805,108,84,117,114,155,128,761,351,114,80,71,110,202,418,722,270
Goulouré,2 559,3 315,5 874,139,126,170,179,168,213,1 207,553,172,111,107,188,279,579,1 196,487
Kalayiri,330,448,778,7,16,24,25,33,24,236,75,22,17,8,15,17,73,149,37
Kokologo,5 039,5 428,10 467,210,283,278,326,300,313,1 809,873,264,254,259,513,999,1 462,1 843,481
Koulnatenga,412,498,910,11,20,37,33,33,38,195,86,29,20,11,19,47,98,176,57
Menega,1 027,1 240,2 267,18,61,57,64,65,73,430,224,83,41,34,84,105,225,517,186
Monkin,566,729,1 295,34,22,36,35,28,44,248,129,50,28,36,45,70,123,264,103
Nidaga,868,1 144,2 012,63,38,54,58,70,69,449,192,71,39,43,50,74,196,406,140
Pitmoaga,2 448,3 158,5 606,104,130,118,119,152,152,1 059,547,146,139,127,209,302,518,1 187,597
Sakoinsé,3 441,4 386,7 827,196,164,258,259,242,264,1 558,748,226,171,140,248,427,799,1 604,523
Tamnéré,273,349,622,22,13,15,14,15,24,112,55,18,7,19,24,39,56,125,64
,,,,,,,,,,,,,,,,,,,
"""COMMUNE: KOUDOUGOU""",103 515,113 315,216 830,5 061,4 989,5 465,5 429,5 313,5 440,31 763,15 887,5 157,4 814,4 830,9 849,28 835,37 207,37 715,9 076
,,,,,,,,,,,,,,,,,,,
"""COMMUNE: KOUDOUGOU - Rural""",24 966,31 625,56 591,1 271,1 276,1 657,1 787,1 649,1 903,11 338,5 216,1 483,1 290,1 200,1 824,3 223,6 186,11 343,3 945
Boulsin,959,1 146,2 105,82,43,76,54,67,87,427,181,47,49,24,52,118,258,405,135
Doulou,2 007,2 740,4 747,55,103,126,139,122,171,1 021,455,140,92,113,145,220,498,978,369
Gninga,1 164,1 628,2 792,75,73,70,90,103,107,541,317,87,77,70,93,161,272,507,149
Godin-Oualogtinga,2 527,3 523,6 050,135,112,229,190,198,239,1 381,560,161,142,115,164,273,556,1 182,413
Kamedji,1 328,1 472,2 800,50,68,84,67,78,84,533,281,86,68,80,98,199,247,598,179
Kikigogo,787,1 107,1 894,58,51,69,79,67,75,403,177,34,35,34,50,89,178,363,132
Kolgrogogo,349,355,704,19,17,19,20,24,17,138,65,23,14,13,25,56,88,133,33
Lattou,1 408,1 571,2 979,49,83,69,89,76,84,503,257,83,79,78,115,241,422,541,210
Nayalgué,1 306,1 666,2 972,64,64,94,95,78,110,605,268,77,61,50,83,155,352,606,210
Péyiri,1 256,1 439,2 695,58,45,70,82,80,68,496,241,59,61,62,129,213,316,514,201
Saria,1 454,1 728,3 182,85,77,78,111,77,81,645,317,92,86,76,99,169,357,650,182
Sigoghin,1 901,2 147,4 048,106,94,99,136,104,132,712,376,93,96,92,174,272,470,838,254
Tiogo Mossi,1 415,1 683,3 098,75,56,91,101,89,100,596,285,84,66,54,115,180,390,654,162
Toêga,604,604,1 208,24,52,43,33,36,33,179,97,34,31,32,60,138,211,175,30
Villy,829,1 097,1 926,48,35,48,78,59,60,382,169,47,35,58,54,102,216,383,152
Villy-Godin,1 152,1 530,2 682,51,50,71,88,66,89,559,220,83,64,61,81,145,257,591,206
Villy-Nadioulou,284,327,611,8,17,24,25,28,21,128,58,8,11,7,22,27,59,135,33
Villy-Ralmou,852,1 214,2 066,44,42,59,56,50,71,403,187,45,38,40,49,103,266,435,178
Villy-Rana,780,1 128,1 908,42,50,47,54,48,68,395,173,44,40,43,56,93,169,422,164
Villy-Ronsin,489,719,1 208,25,28,32,39,52,28,269,104,26,32,23,32,39,108,233,138
Villy-Siguivoussé,1 238,1 659,2 897,70,74,87,101,87,96,608,256,71,65,43,85,136,273,614,231
Villy-Yalagtinga,877,1 142,2 019,48,42,72,60,60,82,414,172,59,48,32,43,94,223,386,184
,,,,,,,,,,,,,,,,,,,
"""COMMUNE: KOUDOUGOU - Urbain""",78 549,81 690,160 239,3 790,3 713,3 808,3 642,3 664,3 537,20 425,10 671,3 674,3 524,3 630,8 025,25 612,31 021,26 372,5 131
Secteur 01,8 973,9 895,18 868,456,427,459,474,459,469,2 684,1 370,485,458,404,923,2 324,3 384,3 356,736
Secteur 02,6 925,7 415,14 340,284,322,311,325,314,283,1 862,997,340,314,370,808,1 894,2 644,2 726,546
Secteur 03,6 233,6 808,13 041,278,301,329,290,282,304,1 832,965,327,354,357,744,1 656,2 209,2 368,445
Secteur 04,8 126,8 457,16 583,453,473,526,460,485,448,2 447,1 181,403,340,382,877,2 033,3 010,2 657,408
Secteur 05,10 718,11 866,22 584,621,605,594,594,572,579,3 126,1 553,604,520,557,1 203,2 816,4 240,3 781,619
Secteur 06,7 226,7 165,14 391,352,345,368,343,328,349,1 825,1 018,298,272,318,674,1 828,2 668,2 592,813
Secteur 07,3 797,4 276,8 073,235,201,217,224,206,227,1 206,553,176,200,173,387,1 028,1 403,1 366,271
Secteur 08,6 516,5 730,12 246,200,185,213,204,206,161,1 150,627,215,209,198,476,3 503,2 835,1 538,326
Secteur 09,11 221,10 311,21 532,470,414,359,298,371,342,1 929,1 088,345,413,429,981,5 814,5 041,2 756,482
Secteur 10,8 814,9 767,18 581,441,440,432,430,441,375,2 364,1 319,481,444,442,952,2 716,3 587,3 232,485
,,,,,,,,,,,,,,,,,,,
"""COMMUNE: NANDIALA  - Rural""",12 876,18 438,31 314,754,797,1 018,1 068,1 045,1 230,6 816,2 858,898,655,656,1 010,1 464,3 128,5 920,1 997
Baoguin,1 897,2 701,4 598,119,88,114,148,105,164,1 000,413,121,128,115,156,240,440,887,360
Gouim,1 141,1 679,2 820,80,77,96,100,104,103,628,273,75,52,58,90,127,275,502,180
Gourcy,1 424,2 025,3 449,74,66,113,102,100,125,714,354,114,76,78,100,158,297,729,249
Gourongo,864,1 257,2 121,45,29,55,64,63,60,418,233,78,47,60,77,85,183,453,171
Itaoré,1 200,1 761,2 961,54,72,94,116,82,111,646,282,85,65,66,123,130,298,575,162
Kaoncé,504,848,1 352,47,34,41,42,32,52,270,117,48,25,21,41,61,150,259,112
Nandiala,961,1 297,2 258,60,67,52,61,73,64,461,198,60,47,50,82,136,263,453,131
Rihalo,739,891,1 630,53,43,53,73,64,61,370,157,50,28,37,56,84,145,288,68
Silmissin,139,229,368,14,11,10,15,22,21,83,23,13,4,3,6,16,41,63,23
Somé,1 738,2 507,4 245,79,175,185,174,181,231,949,322,110,72,65,105,147,457,722,271
Tampelga,473,646,1 119,19,24,38,26,40,30,227,106,31,23,24,50,54,137,207,83
Tibrela,1 796,2 597,4 393,110,111,167,147,179,208,1 050,380,113,88,79,124,226,442,782,187
,,,,,,,,,,,,,,,,,,,
"""COMMUNE: NANORO  - Rural""",21 149,26 765,47 914,1 270,1 238,1 510,1 577,1 682,1 810,10 078,4 437,1 234,1 149,1 036,1 669,2 762,5 145,8 815,2 502
Basziri,806,1 007,1 813,60,36,68,86,68,70,377,172,43,42,32,36,88,188,343,104
Boulpon,1 930,2 459,4 389,103,116,149,138,167,189,894,308,100,102,111,156,275,483,871,227
Dacissé,974,1 380,2 354,66,72,71,94,75,98,545,206,68,55,46,65,97,219,435,142
Godo,575,739,1 314,32,47,45,57,60,60,277,122,27,29,15,38,67,132,241,65
Goulouré,989,1 284,2 273,66,71,76,87,74,114,494,200,43,40,48,64,116,233,432,115
Gouroumbila,450,556,1 006,50,15,29,44,38,38,195,104,24,23,20,21,50,95,211,49
Kokolo,712,921,1 633,31,42,60,52,56,98,403,158,42,30,18,32,68,172,285,86
Nanoro,5 054,5 793,10 847,276,297,307,316,330,303,1 949,979,330,327,308,536,911,1 420,1 808,450
Nazoanga,2 541,3 326,5 867,160,152,186,203,234,209,1 338,581,141,121,138,164,281,623,1 029,307
Poéssi,1 509,1 932,3 441,83,80,123,122,139,150,787,321,79,72,59,107,172,308,667,172
Séguédin,1 910,2 573,4 483,118,98,142,117,155,164,925,460,124,104,99,179,227,456,850,265
Sittaon,413,553,966,24,13,44,37,42,41,219,73,24,26,19,26,55,99,173,51
Soala,1 129,1 518,2 647,76,62,71,62,65,84,620,289,64,78,42,73,100,197,545,219
Soum,1 520,1 921,3 441,82,104,99,110,123,131,721,332,103,65,62,132,187,380,632,178
Zimidin,637,803,1 440,43,33,40,52,56,61,334,132,22,35,19,40,68,140,293,72
,,,,,,,,,,,,,,,,,,,
"""COMMUNE: PELLA  - Rural""",11 045,13 561,24 606,645,690,861,857,784,906,4 965,2 242,672,565,500,958,1 523,2 682,4 418,1 338
Babouli,273,382,655,25,17,18,24,16,30,135,63,8,24,14,30,43,74,101,33
Daboala,702,932,1 634,35,42,65,57,51,67,361,158,46,39,51,52,75,153,295,87
Goala,2 069,2 517,4 586,125,143,167,166,143,191,927,398,119,99,77,152,249,512,869,249
Godo,838,1 064,1 902,56,55,73,51,69,66,383,181,71,47,47,73,101,188,320,121
Kandaga,278,346,624,16,13,19,26,12,16,127,56,22,20,13,28,27,51,138,40
Kirguilounga,736,878,1 614,58,33,62,72,43,53,340,160,39,37,32,50,88,159,300,88
Nabziniguima,495,644,1 139,31,29,30,37,45,43,257,122,30,32,14,31,66,92,207,73
Pelbilin,400,507,907,24,30,32,34,19,47,185,86,23,25,16,29,57,99,161,40
Pella,3 589,4 333,7 922,207,196,271,247,267,271,1 535,710,220,168,163,343,564,926,1 398,436
Sarana,1 054,1 255,2 309,53,88,79,88,81,77,439,194,58,48,46,108,178,282,395,95
Somassi,611,703,1 314,15,44,45,55,38,45,276,114,36,26,27,62,75,146,234,76
,,,,,,,,,,,,,,,,,,,
"""COMMUNE: POA  - Rural""",13 953,18 144,32 097,809,801,1 095,1 092,1 138,1 138,6 593,2 740,797,678,618,1 057,1 802,3 563,6 204,1 972
Gogo,1 319,1 835,3 154,31,92,132,113,119,135,683,252,69,49,75,76,166,398,558,206
Loaga,2 464,2 556,5 020,172,181,174,202,163,141,799,314,123,111,70,211,363,530,1 120,346
Moungounissi,497,713,1 210,27,35,34,43,52,52,265,120,36,23,39,32,64,106,210,72
Niangdo,1 311,1 602,2 913,61,55,94,93,78,124,644,272,68,50,45,65,133,368,592,171
Noéssin,630,842,1 472,33,42,62,55,54,68,328,118,44,33,28,48,71,187,231,70
Poa,3 191,4 185,7 376,231,191,262,228,248,230,1 419,648,193,151,131,264,468,891,1 417,404
Ralo,1 322,1 868,3 190,76,65,100,86,140,98,712,310,70,79,74,110,162,280,639,189
Sogpelcé,689,1 062,1 751,23,39,38,54,58,70,441,173,49,52,46,37,46,109,372,144
Yaoguin,1 760,2 325,4 085,113,56,123,134,161,137,829,364,106,97,83,169,248,471,737,257
Yargo-Yarcé,770,1 156,1 926,42,45,76,84,65,83,473,169,39,33,27,45,81,223,328,113
,,,,,,,,,,,,,,,,,,,
"""COMMUNE: RAMONGO  - Rural""",12 275,17 249,29 524,544,722,839,981,869,997,6 075,2 741,858,619,657,862,1 553,3 343,5 804,2 060
Bayandi Nabyiri,984,1 356,2 340,59,35,82,69,72,78,498,228,70,50,55,70,154,251,409,160
Bayandi Palogo,591,754,1 345,21,35,42,46,40,33,259,121,38,27,24,38,72,181,274,94
Bayandi Tanguin,384,652,1 036,24,33,30,31,35,24,201,95,25,15,28,29,36,126,214,90
Bouloum Nabyiri,1 190,1 694,2 884,91,66,80,118,107,81,594,296,83,52,65,89,142,279,553,188
Kabinou,937,1 129,2 066,32,59,48,67,40,58,387,197,50,49,38,101,122,251,401,166
Kamsi,735,1 081,1 816,34,51,55,51,50,55,343,159,46,38,33,69,96,189,371,176
Kolonkandé Ipendo,261,333,594,13,17,15,14,13,19,123,59,12,19,16,14,30,58,117,55
Kolonkandé Rana,1 252,1 727,2 979,5,84,99,114,86,133,636,264,77,75,72,77,138,369,581,169
Koukinkuilga,158,200,358,3,9,7,14,12,13,80,35,14,7,7,5,19,33,68,32
Ramongo-Tanguin,1 428,1 904,3 332,67,79,100,94,81,109,703,297,110,75,76,115,222,400,624,180
Ramonkodogo,1 179,1 507,2 686,23,63,80,86,87,106,561,233,97,47,71,82,172,296,482,200
Salbisgo-Dapoya,1 014,1 434,2 448,46,61,67,91,65,89,497,218,69,51,39,41,127,357,499,131
Salbisgo-Itaoré,1 723,2 829,4 552,101,101,102,157,139,164,955,442,136,92,110,95,180,433,1 008,337
Yagoam,439,649,1 088,25,29,32,29,42,35,238,97,31,22,23,37,43,120,203,82
,,,,,,,,,,,,,,,,,,,
"""COMMUNE: SABOU  - Rural""",26 680,35 156,61 836,1 614,1 558,1 827,2 004,1 846,2 058,12 683,5 744,1 735,1 502,1 366,2 325,3 882,7 107,11 045,3 540
Bourou,1 534,2 031,3 565,116,109,96,128,129,99,702,289,98,85,81,107,192,439,685,210
Godé,2 499,3 130,5 629,152,143,191,173,157,207,1 154,503,146,123,141,201,324,741,987,286
Ipendo,1 609,2 276,3 885,67,110,125,152,102,154,889,359,87,91,77,132,190,429,638,283
Koupéla,913,1 319,2 232,59,65,58,66,63,78,548,260,66,53,38,57,95,211,389,126
Nabadogo,3 790,5 243,9 033,261,264,310,308,306,312,1 889,931,284,197,154,221,354,946,1 763,533
Nadiolo,1 684,2 476,4 160,94,115,103,148,141,187,968,399,129,111,89,94,149,436,750,247
Namaneguema,1 007,1 325,2 332,71,58,71,91,71,74,489,221,58,64,48,71,118,269,408,150
Nariou,2 778,4 067,6 845,188,159,220,217,200,235,1 491,651,162,176,163,270,393,652,1 198,470
Nibagdo,562,850,1 412,34,18,39,39,37,38,327,145,57,36,35,34,69,103,270,131
Ouézindougou,621,988,1 609,45,17,35,40,48,31,306,137,46,48,44,56,91,165,361,139
Sabou,7 083,7 977,15 060,357,370,395,437,400,430,2 604,1 289,395,401,383,911,1 597,2 027,2 449,615
Sarana,625,816,1 441,57,26,56,57,46,53,287,147,54,21,22,37,79,156,248,95
Savili,1 403,1 896,3 299,96,56,86,107,95,111,716,281,110,75,66,99,177,384,656,184
Tanghin-Wobdo,572,762,1 334,17,48,42,41,51,49,313,132,43,21,25,35,54,149,243,71
,,,,,,,,,,,,,,,,,,,
"""COMMUNE: SIGLE  - Rural""",15 848,19 439,35 287,850,850,986,964,1 023,1 147,7 274,3 457,989,892,810,1 416,2 181,3 006,6 974,2 468
Balogho,667,904,1 571,30,53,56,54,69,71,361,151,42,26,27,42,79,135,286,89
Bologo,2 888,3 702,6 590,183,145,188,196,223,198,1 351,653,177,180,146,258,378,563,1 268,483
Boukou,578,664,1 242,25,34,18,26,35,24,221,119,35,28,26,77,98,135,259,82
Dacissé,731,936,1 667,44,39,50,44,45,62,352,170,46,41,33,57,94,139,338,113
Dawanégomdé,390,439,829,18,18,23,19,30,29,195,85,30,22,12,28,45,73,150,52
Kouria,1 987,2 502,4 489,111,106,118,129,113,146,955,479,129,121,107,195,268,312,895,305
Lallé,1 240,1 495,2 735,67,73,71,71,62,88,519,256,69,68,59,122,180,247,541,242
Makoula,1 057,1 357,2 414,63,56,74,63,74,71,487,252,77,52,67,92,128,207,472,179
Nafourgou,133,148,281,1,4,4,2,5,4,55,37,12,9,13,15,17,11,63,29
Palagré,127,168,295,12,6,4,6,14,9,58,28,5,2,8,14,17,27,57,28
Palilgogo,284,361,645,14,19,21,13,21,22,135,66,16,12,16,33,54,53,112,38
Séguédin,693,748,1 441,28,36,42,41,39,39,309,133,30,39,35,45,77,129,315,104
Semtenga,441,559,1 000,31,33,24,34,31,31,204,90,24,30,25,52,70,72,192,57
Siglé,1 233,1 451,2 684,66,75,82,70,71,96,527,244,88,76,64,112,166,246,542,159
Temnaoré,2 183,2 583,4 766,106,95,136,132,124,159,979,451,145,123,105,182,298,403,960,368
Tia,469,597,1 066,20,22,33,20,23,45,235,94,27,26,21,31,80,105,233,51
Tio,623,682,1 305,21,32,34,36,38,43,268,123,28,35,41,55,109,125,242,75
Yargo,124,143,267,10,4,8,8,6,10,63,26,9,2,5,6,23,24,49,14
,,,,,,,,,,,,,,,,,,,
"""COMMUNE: SOAW  - Rural""",9 628,12 411,22 039,614,619,728,741,794,752,4 719,2 121,635,505,492,748,1 138,2 185,4 091,1 157
Bokin,150,149,299,10,7,4,6,6,8,53,29,8,9,11,16,23,24,69,16
Kalwaka,1 074,1 452,2 526,52,50,76,76,91,75,560,267,79,71,58,79,133,208,507,144
Kolokom,464,566,1 030,22,41,35,49,37,37,228,94,22,20,21,34,42,105,179,64
Mongdin,388,506,894,22,32,46,27,35,39,192,83,20,7,20,25,46,85,165,50
Poéssé,1 983,2 551,4 534,174,122,137,174,190,173,991,401,122,85,96,115,193,490,827,244
Séguédin,1 364,1 764,3 128,86,83,107,85,110,122,711,321,101,59,74,94,133,263,609,170
Soaw,3 746,4 850,8 596,230,253,290,305,299,259,1 774,829,254,226,190,344,530,896,1 518,399
Zoétgomdé,459,573,1 032,18,31,33,19,26,39,210,97,29,28,22,41,38,114,217,70
,,,,,,,,,,,,,,,,,,,
"""COMMUNE: SOURGOU  - Rural""",7 424,10 108,17 532,404,409,496,547,582,629,3 848,1 673,461,373,334,582,962,1 848,3 350,1 034
Guirgo,672,984,1 656,34,34,51,57,42,55,374,163,51,34,25,66,90,120,350,110
Kougsin,939,1 244,2 183,63,61,57,60,65,98,481,216,45,51,57,51,113,190,451,124
Lâ,1 190,1 663,2 853,54,75,79,98,101,79,630,270,58,66,52,67,141,303,596,184
Ouoro,1 705,2 355,4 060,76,54,106,114,152,149,868,386,120,84,73,161,237,531,722,227
Rogho,1 489,2 211,3 700,104,97,113,127,138,145,910,336,99,59,54,82,132,373,701,230
Sourgou,1 429,1 651,3 080,73,88,90,91,84,103,585,302,88,79,73,155,249,331,530,159
,,,,,,,,,,,,,,,,,,,
"""COMMUNE: THYOU  - Rural""",13 766,18 497,32 263,842,790,954,996,1 072,1 174,6 780,2 970,977,815,788,1 343,2 140,3 583,5 373,1 666
Bangré,1 704,2 345,4 049,122,127,128,132,133,164,917,322,116,100,111,140,204,428,685,220
Boutoko,583,756,1 339,57,29,36,42,39,42,272,131,41,27,33,54,79,143,221,93
Goumogo,902,1 365,2 267,61,51,65,71,79,85,512,208,67,52,41,74,124,239,421,117
Kamsé,867,1 210,2 077,59,49,80,85,84,76,452,179,67,22,54,69,121,250,344,86
Moukouan,572,728,1 300,8,26,49,44,48,42,305,149,40,28,28,61,39,168,219,46
Sogpelcé,1 868,2 579,4 447,126,79,127,133,156,183,877,417,149,125,100,185,305,495,736,254
Soula,1 954,2 628,4 582,123,145,144,154,163,179,1 005,404,144,130,118,163,284,514,707,205
Tatyou,365,533,898,30,35,34,42,22,38,208,69,14,15,12,19,44,106,168,42
Thiou,3 851,4 935,8 786,196,189,203,221,253,279,1 702,875,274,259,223,468,756,955,1 464,469
Vélia,1 100,1 418,2 518,60,60,88,72,95,86,530,216,65,57,68,110,184,285,408,134
,,,,,,,,,,,,,,,,,,,
PROVINCE: SANGUIE,180 492,211 125,391 617,10 471,10 836,13 682,13 338,13 268,14 425,79 220,34 834,10 177,8 594,7 860,14 324,26 412,47 397,68 696,18 083
,,,,,,,,,,,,,,,,,,,
"""COMMUNE: DASSA  - Rural""",9 586,10 825,20 411,714,793,908,909,883,824,4 050,1 691,436,449,370,686,1 319,2 531,3 114,734
Bachikouérépoun,635,727,1 362,60,50,58,55,65,61,284,112,27,28,14,43,106,160,196,43
Dassa,4 774,5 287,10 061,351,378,438,453,398,388,2 017,872,201,256,177,345,623,1 215,1 563,386
Divolet,572,630,1 202,32,49,47,55,56,57,212,86,19,22,25,42,100,173,185,42
Doh,885,1 019,1 904,52,98,80,92,92,71,370,173,53,34,34,71,112,239,256,77
Farba,1 082,1 321,2 403,86,98,106,105,106,110,473,198,56,44,47,66,120,318,369,101
Markio,645,713,1 358,48,47,60,58,63,61,295,105,41,28,30,30,93,128,234,37
Nebia,993,1 128,2 121,85,73,119,91,103,76,399,145,39,37,43,89,165,298,311,48
,,,,,,,,,,,,,,,,,,,
"""COMMUNE: DIDYR  - Rural""",23 575,29 786,53 361,1 620,1 630,2 137,2 005,2 085,2 100,11 380,4 971,1 447,1 249,1 006,1 739,2 945,5 442,9 039,2 566
Barla,103,119,222,4,1,8,5,9,9,55,25,7,4,4,12,7,20,36,16
Bouldié,1 344,1 816,3 160,86,76,127,131,170,89,715,317,90,74,53,80,145,265,563,179
Didyr,4 525,5 296,9 821,256,280,343,327,348,352,1 941,955,310,284,241,437,684,1 069,1 591,403
Doolo,470,555,1 025,41,35,42,38,45,40,221,117,21,18,21,22,33,104,167,60
Doudoulcy,770,1 103,1 873,75,53,76,67,63,115,437,151,54,22,40,51,71,199,315,84
Goko,574,700,1 274,36,44,59,60,61,57,290,115,32,48,17,32,50,111,209,53
Goumi,1 390,1 679,3 069,76,109,134,133,132,142,683,316,77,66,48,102,145,337,471,98
Imouga,684,917,1 601,27,31,53,70,59,79,336,143,51,36,36,53,76,162,306,83
Kya,723,871,1 594,33,41,47,59,65,48,335,180,45,42,22,46,95,144,296,96
Ladiana,1 131,1 487,2 618,40,71,74,63,86,108,585,258,82,59,52,78,97,251,528,186
Ladiou,1 124,1 543,2 667,107,120,131,109,115,80,550,251,60,70,35,55,136,297,394,157
Mogueya,2 108,2 496,4 604,152,153,177,195,155,185,950,442,139,109,78,137,207,471,833,221
Mousseo,1 381,1 772,3 153,87,68,113,99,118,132,715,290,91,59,73,85,143,285,593,202
Mouzoma,1 067,1 396,2 463,93,65,102,96,90,113,564,237,71,42,44,63,96,235,411,141
Pouni-Nord,3 745,4 829,8 574,315,303,396,359,326,359,1 771,638,187,173,149,279,596,986,1 401,336
Yamadio,1 435,1 921,3 356,99,92,173,119,133,109,693,308,85,77,55,145,252,305,569,142
Youloupo,1 001,1 286,2 287,93,88,82,75,110,83,539,228,45,66,38,62,112,201,356,109
,,,,,,,,,,,,,,,,,,,
"""COMMUNE: GODYR  - Rural""",10 621,13 203,23 824,540,534,764,692,770,915,5 607,2 491,655,609,498,813,1 188,2 237,4 290,1 221
Bissou,1 413,1 767,3 180,39,54,110,101,103,137,766,341,84,81,73,118,144,315,539,175
Boho,392,529,921,21,27,28,21,32,44,224,84,25,23,15,21,48,81,171,56
Demapouin,223,254,477,20,7,13,9,14,16,106,37,13,20,12,12,35,49,85,29
Dielba,456,589,1 045,31,12,39,34,43,45,263,115,33,30,19,31,44,79,177,50
Godyr,2 182,2 618,4 800,129,111,161,117,164,154,1 018,524,143,138,105,196,290,468,830,252
Gourou,777,1 005,1 782,54,14,63,52,69,66,469,156,49,45,44,62,85,174,310,70
Kandarzana,1 349,1 634,2 983,62,80,87,88,73,116,712,339,76,65,77,110,126,265,549,158
Kokore,168,160,328,6,8,12,11,6,19,88,30,11,7,2,7,11,33,63,14
Konega,343,440,783,14,12,25,14,23,32,149,75,11,9,11,20,37,120,186,45
Kontigué,429,567,996,27,21,39,34,32,37,297,78,19,20,9,25,40,89,180,49
Naponou,412,531,943,23,19,34,27,30,44,195,123,25,25,17,28,41,72,183,57
Semaga,1 249,1 562,2 811,50,97,93,100,91,102,655,291,85,56,47,97,132,239,523,153
Sienne,501,645,1 146,26,38,27,44,38,46,289,125,32,31,22,35,50,127,181,35
Tienlour,246,290,536,12,6,7,11,18,18,118,69,19,21,17,18,30,36,103,33
Zolo,481,612,1 093,26,28,26,29,34,39,258,104,30,38,28,33,75,90,210,45
,,,,,,,,,,,,,,,,,,,
"""COMMUNE: KORDIE  - Rural""",11 319,14 908,26 227,737,746,956,841,987,1 044,5 733,2 465,710,561,511,777,1 235,2 654,4 803,1 467
Bantolé,343,420,763,23,21,20,29,29,35,182,73,13,20,18,17,30,69,143,41
Biho,188,215,403,15,13,13,15,13,17,91,34,18,7,4,14,21,49,72,7
Danié,477,621,1 098,31,33,45,34,46,44,258,106,37,29,24,24,48,82,204,53
Diana,932,1 376,2 308,79,80,84,71,115,74,528,253,56,52,47,60,88,223,389,109
Diou,528,715,1 243,34,44,31,49,38,48,243,126,54,23,28,40,40,122,241,82
Kanono,655,904,1 559,60,42,96,49,51,73,355,141,38,22,24,44,69,157,273,65
Kiro,540,757,1 297,25,26,53,42,42,38,294,128,34,31,27,36,64,139,234,84
Kordié,3 583,4 576,8 159,205,232,290,214,303,300,1 700,728,226,184,151,285,458,894,1 486,503
Lapou,427,541,968,31,24,36,34,36,51,221,87,24,20,22,27,38,92,174,51
Ninion,990,1 180,2 170,48,61,65,69,68,89,435,205,48,50,51,84,100,246,415,136
Oualguirga,483,604,1 087,36,27,36,40,53,39,242,103,22,24,19,31,37,107,193,78
Pelcia,570,830,1 400,36,39,41,47,50,66,327,145,49,33,26,26,63,122,265,65
Pelé,674,903,1 577,42,54,63,70,48,73,378,150,36,28,32,35,74,129,294,71
Percoa,69,111,180,5,7,7,6,10,5,36,12,2,4,1,2,8,22,38,15
Poré,320,393,713,21,19,23,31,25,30,144,75,27,10,15,28,28,68,124,45
Vivio,540,762,1 302,46,24,53,41,60,62,299,99,26,24,22,24,69,133,258,62
,,,,,,,,,,,,,,,,,,,
"""COMMUNE: KYON  - Rural""",11 715,12 769,24 484,768,778,1 023,990,821,979,5 014,1 994,514,494,429,810,1 541,3 062,4 351,916
Essapoun,1 457,1 605,3 062,81,93,104,106,79,134,667,279,76,80,56,111,201,294,579,122
Kyon,4 388,4 594,8 982,231,193,346,300,242,302,1 755,765,190,203,192,297,631,1 191,1 742,402
Nagarpoulou,1 648,1 843,3 491,112,138,155,148,151,145,793,311,75,82,67,131,224,417,461,81
Po,1 211,1 305,2 516,87,43,110,125,101,87,488,170,50,29,24,81,79,290,639,113
Poa,1 564,1 820,3 384,163,133,149,145,143,150,681,240,62,60,52,117,225,428,525,111
Zilivelé,1 447,1 602,3 049,94,178,159,166,105,161,630,229,61,40,38,73,181,442,405,87
,,,,,,,,,,,,,,,,,,,
"""COMMUNE: POUNI  - Rural""",25 403,31 664,57 067,1 279,1 349,1 690,1 785,1 802,2 052,11 866,5 330,1 651,1 378,1 386,2 345,4 154,6 687,9 746,2 567
Baganapoun,1 532,2 089,3 621,128,115,128,139,130,145,786,295,92,73,64,142,257,433,558,136
Bandéo,353,482,835,40,20,27,30,32,38,178,72,23,12,16,25,34,105,140,43
Bandéo Naponé,1 279,1 644,2 923,57,36,80,94,86,123,614,302,98,54,50,102,165,326,517,219
Edié,595,874,1 469,25,39,48,52,45,68,336,133,24,27,24,27,81,143,322,75
Elinga,522,608,1 130,26,42,66,48,48,59,255,76,26,18,14,26,60,179,147,40
Gado,382,488,870,27,20,26,33,18,29,184,82,31,16,22,27,66,92,155,42
Karbolé,366,400,766,15,39,21,22,39,29,150,48,20,24,8,24,60,121,128,18
Lilbouré,617,847,1 464,46,34,42,49,46,70,325,154,44,27,37,33,94,149,247,67
Naboua,590,774,1 364,28,25,42,39,51,59,289,118,35,25,31,52,69,149,267,85
Nadoulou,602,705,1 307,34,36,43,56,50,57,285,122,48,27,36,42,74,145,199,53
Naton,1 410,2 067,3 477,67,81,106,116,116,118,793,318,94,73,79,98,168,377,652,221
Pouni,1 088,1 089,2 177,39,41,43,57,54,57,332,236,85,50,60,109,178,251,469,116
Pousma,424,532,956,23,22,29,42,38,47,220,65,21,16,15,19,47,113,197,42
Tambouassa,846,1 256,2 102,28,43,59,85,81,76,504,192,54,33,42,66,112,208,411,108
Tiékouyou,508,638,1 146,23,43,35,39,42,34,284,77,22,22,30,16,56,147,222,54
Tita,7 944,8 506,16 450,401,375,445,418,425,468,2 913,1 594,518,570,561,1 092,1 847,2 070,2 331,422
Tita Naponé,1 462,1 986,3 448,43,97,111,124,101,132,769,316,80,75,50,107,221,447,608,167
Tiyellé,1 232,1 706,2 938,50,34,98,94,100,115,696,265,88,59,60,70,108,300,573,228
Valiou,1 367,1 989,3 356,63,98,97,85,118,138,721,328,94,56,61,99,182,389,651,176
Villy,1 683,2 122,3 805,95,68,112,125,148,146,900,380,105,84,76,116,217,387,675,171
Villy-Bongo,601,862,1 463,21,41,32,38,34,44,332,157,49,37,50,53,58,156,277,84
,,,,,,,,,,,,,,,,,,,
"""COMMUNE: REO""",36 319,39 547,75 866,1 949,1 966,2 405,2 432,2 147,2 443,13 336,6 094,1 924,1 603,1 465,3 196,6 433,11 073,13 727,3 673
,,,,,,,,,,,,,,,,,,,
"""COMMUNE: REO  - Rural""",20 266,21 706,41 972,1 131,1 152,1 418,1 438,1 202,1 417,7 673,3 272,1 027,885,705,1 633,3 299,6 354,7 374,1 992
Bépouadyr,611,611,1 222,37,54,39,34,37,55,218,106,28,30,20,59,107,178,181,39
Bonyolo,2 842,3 001,5 843,135,128,175,177,171,162,1 123,486,142,137,95,206,429,953,1 051,273
Ekoulkoala,1 217,1 311,2 528,67,72,96,80,79,102,513,243,59,54,53,78,163,316,447,106
Goundi,2 914,3 112,6 026,158,131,209,257,128,215,968,475,192,132,100,219,455,882,1 178,327
Guido,1 994,2 180,4 174,150,156,150,167,148,145,862,308,105,87,74,160,305,549,644,164
Kilsio,584,599,1 183,25,25,38,38,42,51,251,130,32,32,28,43,54,140,205,49
Perkouan,2 390,2 898,5 288,97,169,207,174,151,213,1 005,384,110,97,74,214,376,819,955,243
Sandié,1 761,1 807,3 568,119,133,128,144,114,133,624,266,76,81,61,156,272,527,548,186
Séboun,425,456,881,29,26,33,36,21,36,181,90,18,15,14,35,55,102,146,44
Sémapoun,124,131,255,8,9,6,17,5,8,55,16,7,2,6,10,18,25,49,14
Vour,386,436,822,12,9,47,27,21,44,199,75,20,6,16,29,47,84,159,27
Zoula,5 018,5 164,10 182,294,240,290,287,285,253,1 674,693,238,212,164,424,1 018,1 779,1 811,520
,,,,,,,,,,,,,,,,,,,
"""COMMUNE: REO - Urbain""",16 053,17 841,33 894,818,814,987,994,945,1 026,5 663,2 822,897,718,760,1 563,3 134,4 719,6 353,1 681
Secteur 1,1 594,1 864,3 458,82,78,76,98,68,97,534,281,88,73,97,188,381,482,668,167
Secteur 2,753,890,1 643,14,36,37,22,28,28,224,117,46,34,39,78,211,309,353,67
Secteur 3,2 079,2 318,4 397,109,115,117,91,108,99,595,359,141,113,116,265,559,684,762,164
Secteur 4,2 125,2 310,4 435,106,108,113,125,117,144,772,354,125,100,94,189,402,627,827,232
Secteur 5,955,998,1 953,50,50,62,59,55,48,347,145,47,43,43,105,173,243,378,105
Secteur 6,888,1 011,1 899,52,39,45,39,49,63,328,159,41,38,42,99,154,229,377,145
Secteur 7,1 082,1 129,2 211,64,55,84,67,71,60,364,207,67,50,53,111,175,280,386,117
Secteur 8,2 955,3 267,6 222,173,136,201,204,212,199,1 077,488,150,119,145,245,558,923,1 136,256
Secteur 9,3 622,4 054,7 676,168,197,252,289,237,288,1 422,712,192,148,131,283,521,942,1 466,428
,,,,,,,,,,,,,,,,,,,
"""COMMUNE: TENADO  - Rural""",27 960,32 230,60 190,1 503,1 537,1 946,1 874,1 842,2 026,12 149,5 692,1 546,1 313,1 220,2 198,4 138,6 875,11 218,3 113
Baguimo,1 139,1 471,2 610,58,83,68,74,90,104,594,273,68,49,50,83,124,267,506,119
Balélédo,1 538,1 822,3 360,97,81,114,96,109,126,771,303,71,60,59,92,207,338,634,202
Batondo,1 513,1 833,3 346,54,77,98,104,84,117,638,296,95,80,72,141,231,414,646,199
Bavila,1 837,1 856,3 693,51,114,89,137,123,127,729,312,96,78,74,125,244,468,745,181
Doudou,2 007,2 251,4 258,67,85,118,124,110,105,775,454,132,122,116,169,315,475,847,244
Kaboro,327,457,784,20,8,27,16,20,32,181,85,28,20,15,29,35,76,151,41
Koualio,1 490,1 777,3 267,80,95,125,88,131,114,745,304,79,48,60,89,185,352,606,166
Koukouldi,3 937,4 483,8 420,188,215,315,291,282,263,1 683,800,220,181,153,287,553,986,1 554,449
Lati,493,632,1 125,17,25,31,45,41,48,271,103,28,25,22,38,78,105,199,49
Poun,2 015,2 191,4 206,118,109,155,138,124,157,832,422,85,69,85,148,301,524,755,184
Sassia,407,635,1 042,17,21,29,31,33,32,221,114,36,27,20,34,38,101,215,73
Ténado,2 344,2 714,5 058,135,120,125,129,121,124,903,496,158,129,152,306,493,583,846,238
Tialgo,4 152,4 594,8 746,281,260,313,282,267,333,1 761,733,194,159,129,298,618,1 045,1 611,462
Tiébo,618,836,1 454,31,33,36,47,45,49,303,158,43,48,27,47,107,114,272,94
Tio,1 673,1 865,3 538,116,102,127,117,120,109,690,350,87,84,72,112,238,402,622,190
Tiogo,1 854,2 060,3 914,134,80,128,112,98,133,744,370,92,109,91,158,296,459,752,158
Tiogo Mouhoun,251,266,517,13,10,19,15,20,19,111,45,5,10,7,16,30,83,92,22
Zindin,365,487,852,26,19,29,28,24,34,197,74,29,15,16,26,45,83,165,42
,,,,,,,,,,,,,,,,,,,
"""COMMUNE: ZAMO  - Rural""",10 995,11 870,22 865,556,632,819,748,769,897,4 531,1 919,616,464,453,846,1 643,3 122,3 953,897
Bakaporé,335,387,722,11,29,29,15,31,16,139,53,19,20,16,22,73,82,135,32
Bounga,1 338,1 257,2 595,88,81,91,88,90,111,460,179,59,45,57,115,240,432,386,73
Bow,497,534,1 031,27,33,44,47,27,33,210,84,22,17,23,36,61,136,188,43
Guigui,1 739,1 883,3 622,110,86,129,116,124,160,786,302,84,72,68,125,198,462,680,120
Koalio,793,866,1 659,29,33,50,44,46,52,400,148,58,24,27,56,117,201,290,84
Lia,1 462,1 691,3 153,52,83,122,105,108,152,671,285,103,59,43,83,212,407,553,115
Sadouan,425,439,864,21,7,34,26,28,25,169,85,22,17,19,36,52,147,141,35
Siyoro,547,621,1 168,32,52,56,38,64,47,243,92,25,15,19,37,84,163,155,46
Zamo,3 079,3 290,6 369,141,180,216,195,192,229,1 122,531,184,154,150,275,494,895,1 136,275
Ziné,780,902,1 682,45,48,48,74,59,72,331,160,40,41,31,61,112,197,289,74
,,,,,,,,,,,,,,,,,,,
"""COMMUNE: ZAWARA  - Rural""",12 999,14 323,27 322,805,871,1 034,1 062,1 162,1 145,5 554,2 187,678,474,522,914,1 816,3 714,4 455,929
Baporo,1 765,1 925,3 690,118,112,142,145,138,132,757,292,91,53,48,123,261,448,660,170
Benega,846,926,1 772,58,59,67,72,68,93,374,114,36,28,26,67,118,235,301,56
Bourou,1 779,2 030,3 809,143,107,157,156,173,164,771,273,94,54,76,130,254,551,607,99
Carréfour,1 303,1 413,2 716,97,61,103,105,94,102,526,236,91,64,64,99,181,386,428,79
Gabou,480,610,1 090,27,56,43,47,58,42,227,96,33,24,20,29,70,136,152,30
Iridié,301,320,621,20,14,28,44,83,12,92,51,12,5,8,15,40,74,99,24
Ividié,590,723,1 313,50,40,45,48,84,52,216,125,33,15,26,37,80,156,248,58
Kodara,413,459,872,17,45,33,38,32,40,157,63,20,23,22,36,60,129,138,19
Kotoa,251,259,510,9,14,12,24,14,24,117,45,9,6,18,20,45,61,76,16
Laba,790,760,1 550,43,64,57,57,51,65,297,119,58,32,37,58,121,240,210,41
Lorou,700,747,1 447,25,55,67,69,53,71,306,103,20,16,21,42,85,204,254,56
Némélaye,640,717,1 357,50,36,53,43,64,44,305,109,18,22,30,52,88,194,197,52
Nombamba,441,495,936,32,15,39,34,32,39,190,81,23,16,19,26,82,129,147,32
Poué,390,362,752,16,39,25,28,33,31,163,60,23,15,9,18,50,132,102,8
Tiodié,1 074,1 237,2 311,51,71,74,59,93,97,473,193,51,38,48,79,150,322,405,107
Zawara,1 236,1 340,2 576,49,83,89,93,92,137,583,227,66,63,50,83,131,317,431,82
,,,,,,,,,,,,,,,,,,,
PROVINCE: SISSILI,163 452,173 626,337 078,10 457,9 942,12 642,12 468,12 397,12 791,66 132,26 914,8 302,6 834,7 052,12 853,26 204,48 153,54 121,9 816
,,,,,,,,,,,,,,,,,,,
"""COMMUNE: BIEHA  - Rural""",26 014,26 719,52 733,2 165,1 596,2 103,2 040,1 905,2 053,10 458,4 133,1 250,981,1 052,1 862,3 943,7 726,8 126,1 340
Biéha,1 964,2 063,4 027,136,110,136,120,108,127,693,357,95,106,104,171,312,608,733,111
Biniou,568,621,1 189,28,32,57,45,60,48,227,94,25,29,30,38,97,162,190,27
Boala,581,594,1 175,45,31,40,55,23,50,231,95,33,23,26,33,71,206,182,31
Bori,1 337,1 310,2 647,92,72,131,123,102,101,546,233,85,48,46,92,175,373,381,47
Danfina,1 272,1 327,2 599,102,95,88,109,76,88,500,199,65,59,60,107,206,382,387,76
Konzio,417,483,900,32,22,41,32,39,29,188,61,17,18,19,38,71,114,157,22
Koumbo,2 275,2 333,4 608,174,137,168,178,180,212,952,387,124,75,97,160,345,637,696,86
Koumbogoro,2 185,2 148,4 333,133,139,167,160,147,174,910,377,110,85,80,144,299,637,665,106
Kounou,496,438,934,47,37,22,46,34,41,194,78,24,16,9,30,68,144,130,14
Livara,999,1 093,2 092,71,74,78,61,85,79,424,171,60,37,55,66,141,253,372,65
Naboré,406,407,813,49,9,29,35,30,29,145,68,13,12,18,40,61,115,137,23
Nakoayaro,450,446,896,28,32,46,31,31,45,177,63,18,17,15,23,67,146,138,19
Neboun,2 721,2 765,5 486,390,167,189,195,208,234,1 067,366,109,90,111,196,451,830,775,108
Oukouna,1 965,2 214,4 179,146,152,211,197,183,188,892,331,85,62,75,111,292,613,571,70
Pien,543,535,1 078,44,39,36,47,29,39,195,88,29,19,15,35,104,161,156,42
Pissai,1 525,1 660,3 185,110,79,126,93,102,130,631,231,86,66,77,111,241,499,528,75
Prata,1 298,1 241,2 539,84,68,108,105,95,95,475,176,61,35,47,91,217,426,378,78
Saboué,281,268,549,18,13,22,14,27,20,109,36,14,8,13,16,38,78,111,12
Tacien,548,515,1 063,63,28,38,58,38,47,215,69,32,14,14,30,68,174,141,34
Vrou,547,516,1 063,43,34,52,43,40,41,220,99,23,20,16,43,88,131,151,19
Yallé,2 406,2 485,4 891,259,155,230,220,188,164,985,314,80,66,68,191,367,694,715,195
Yelbouga,1 230,1 257,2 487,71,71,88,73,80,72,482,240,62,76,57,96,164,343,432,80
,,,,,,,,,,,,,,,,,,,
"""COMMUNE: BOURA  - Rural""",20 041,20 407,40 448,1 256,1 163,1 525,1 507,1 442,1 571,8 071,3 154,996,811,778,1 463,2 844,5 737,6 828,1 302
Bayara,231,239,470,19,22,18,10,19,25,91,28,7,5,5,20,26,80,75,20
Bofian,500,478,978,48,22,35,32,55,35,202,67,21,28,8,46,86,144,132,17
Bouara,985,1 151,2 136,87,50,75,89,81,94,447,153,57,28,31,43,131,327,345,98
Boura,4 170,4 293,8 463,256,230,264,280,226,306,1 655,729,253,236,219,370,651,1 156,1 381,251
Bourkoun,899,891,1 790,45,64,93,60,75,78,380,154,48,41,36,55,133,223,258,47
Bouyagué,427,435,862,47,27,46,34,28,37,181,64,19,10,13,21,50,122,140,23
Bozo,1 101,1 153,2 254,69,75,60,72,76,73,413,175,57,53,41,94,138,270,489,99
Dangue,716,695,1 411,48,43,78,50,54,75,281,90,20,21,20,51,104,231,221,24
Goumou,349,341,690,25,25,27,29,18,20,130,54,11,14,7,26,58,99,118,29
Hiela,414,459,873,23,15,35,39,35,29,197,61,29,13,9,26,35,103,189,35
Kala,353,380,733,18,30,13,31,27,29,171,51,17,17,22,22,43,97,122,23
Kélindou,1 909,1 753,3 662,53,137,141,160,148,139,756,261,77,68,63,104,195,641,619,100
Kia,331,340,671,15,23,30,31,20,30,140,50,13,16,5,24,44,98,118,14
Kiétou,507,496,1 003,30,22,35,33,30,33,195,87,41,17,20,26,54,111,209,60
Longa,606,652,1 258,49,48,64,48,65,38,246,83,24,19,20,35,81,192,204,42
Pensiaka,397,420,817,14,18,38,25,24,32,159,61,25,16,9,41,55,107,148,45
Pina,588,562,1 150,35,31,37,44,48,53,241,79,19,14,24,38,88,168,196,35
Poudiéné,523,532,1 055,47,26,44,41,36,37,201,69,24,16,20,34,75,167,166,52
Sati,1 039,1 069,2 108,76,39,102,102,65,91,410,166,53,28,32,70,208,269,335,62
Sossoré,260,277,537,19,11,20,26,31,21,106,33,13,12,13,19,45,74,89,5
Ty,402,397,799,38,22,25,21,25,30,152,85,17,17,15,27,55,125,122,23
Vara,499,551,1 050,38,29,50,31,51,42,222,69,23,20,17,46,82,128,180,22
Worou,476,478,954,9,33,48,38,34,32,176,80,24,20,13,42,86,146,148,25
Yoro,1 453,1 418,2 871,99,73,77,110,104,127,562,235,62,44,63,118,193,387,515,102
Zamouna,906,947,1 853,49,48,70,71,67,65,357,170,42,38,53,65,128,272,309,49
,,,,,,,,,,,,,,,,,,,
"""COMMUNE: LEO """,41 527,44 047,85 574,2 332,2 170,2 851,2 663,2 596,2 779,15 250,6 969,2 285,2 037,2 020,4 031,7 878,13 106,14 236,2 371
,,,,,,,,,,,,,,,,,,,
"""COMMUNE: LEO  - Rural""",16 549,17 282,33 831,994,927,1 265,1 251,1 231,1 322,6 953,2 693,777,587,629,1 120,2 456,4 922,5 730,974
Betiessan,381,358,739,20,16,44,28,26,29,159,53,15,11,19,21,45,132,109,12
Boutiourou,713,802,1 515,44,48,40,58,63,57,325,127,35,31,41,49,93,179,265,60
Djansia,307,304,611,32,26,16,23,20,31,114,44,14,10,15,25,50,77,94,20
Djantiogo,159,181,340,9,9,11,15,15,13,63,27,15,10,8,11,15,39,69,11
Don,1 100,1 063,2 163,70,107,89,67,99,80,450,139,50,40,34,74,158,360,308,38
Fido,639,733,1 372,41,56,58,53,49,64,232,91,28,27,22,47,106,208,238,52
Fien,608,638,1 246,40,30,36,45,42,51,240,116,32,29,24,46,103,179,205,28
Kayero-bo,1 276,1 335,2 611,76,80,98,110,93,101,567,199,49,33,52,70,164,383,451,85
Kayero-tio,906,931,1 837,64,44,68,49,76,81,410,164,24,21,17,54,120,260,334,51
Koalga,662,673,1 335,39,34,45,38,39,31,281,124,19,23,22,38,96,211,245,50
Lan,1 284,1 355,2 639,63,85,91,94,101,96,559,217,75,50,53,94,194,342,416,109
Nabliliessan,908,979,1 887,63,52,95,85,82,71,360,125,34,31,31,67,138,297,304,52
Nadion,1 145,1 124,2 269,65,39,86,83,85,91,465,189,44,25,30,76,190,334,415,52
Onliassan,1 377,1 409,2 786,97,69,91,123,106,105,586,224,66,45,57,76,200,392,471,78
Outoulou,1 548,1 675,3 223,78,80,120,140,99,133,674,237,77,51,39,105,246,522,532,90
Sanga,1 077,1 089,2 166,57,56,76,84,72,82,415,179,51,52,57,98,157,291,387,52
Sissily,1 454,1 522,2 976,85,56,100,103,84,114,593,233,80,52,61,107,224,453,543,88
Taga,642,720,1 362,33,30,74,30,54,64,317,126,42,31,28,36,96,172,203,26
Wan,363,391,754,18,10,27,23,26,28,143,79,27,15,19,26,61,91,141,20
,,,,,,,,,,,,,,,,,,,
"""COMMUNE: LEO - Urbain""",24 978,26 765,51 743,1 338,1 243,1 586,1 412,1 365,1 457,8 297,4 276,1 508,1 450,1 391,2 911,5 422,8 184,8 506,1 397
Secteur 01,1 552,1 884,3 436,65,59,93,79,88,67,450,257,75,97,105,195,382,510,726,188
Secteur 02,3 077,3 229,6 306,143,190,198,175,173,209,987,522,173,163,146,343,622,1 089,992,181
Secteur 03,10 755,11 521,22 276,619,553,698,608,570,624,3 573,1 772,666,631,620,1 269,2 393,3 581,3 618,481
Secteur 04,5 281,5 403,10 684,261,218,283,283,279,281,1 580,945,347,371,329,703,1 248,1 709,1 618,229
Secteur 05,1 568,1 697,3 265,69,60,113,86,66,97,575,259,99,74,67,170,297,504,590,139
Secteur 06,396,403,799,22,21,27,17,26,37,157,75,24,13,16,22,53,132,133,24
Secteur 07,818,896,1 714,41,64,71,56,58,50,333,149,40,32,38,88,147,238,262,47
Secteur 08,928,1 095,2 023,66,49,60,66,77,64,410,178,52,35,53,64,151,244,381,73
Secteur 09,399,421,820,29,21,27,26,17,16,146,85,25,20,9,46,97,122,114,20
Secteur 10,204,216,420,23,8,16,16,11,12,86,34,7,14,8,11,32,55,72,15
,,,,,,,,,,,,,,,,,,,
"""COMMUNE: NEBIELIANAYOU  - Rural""",5 923,7 214,13 137,399,386,493,501,539,527,3 043,1 180,351,255,237,384,647,1 607,2 147,441
Adjoan,307,337,644,20,34,23,22,51,22,120,47,16,9,8,14,38,92,116,12
Aziga,234,255,489,6,14,19,11,10,10,119,55,12,12,6,22,24,61,87,21
Béto,438,534,972,38,28,39,39,52,40,247,81,22,12,15,21,33,123,152,30
Logo,508,679,1 187,73,27,28,47,35,46,283,111,34,18,18,32,48,140,204,43
Loro,703,761,1 464,42,35,68,51,71,59,318,148,36,27,31,49,83,173,245,28
Nago,257,328,585,23,25,21,17,21,25,142,53,12,5,6,14,30,71,101,19
Nébiélianayou,1 204,1 487,2 691,53,55,85,93,101,76,588,288,80,78,74,106,135,299,450,130
Pala,908,1 201,2 109,48,61,83,88,70,96,544,168,61,48,37,43,111,276,313,62
Pinou,515,562,1 077,37,45,50,49,54,54,254,84,28,18,12,35,45,132,157,23
Sintiou,318,431,749,22,26,35,41,40,42,147,55,17,6,6,27,40,106,123,16
Zinou,531,639,1 170,37,36,42,43,34,57,281,90,33,22,24,21,60,134,199,57
,,,,,,,,,,,,,,,,,,,
"""COMMUNE: NIABOURI  - Rural""",14 863,15 508,30 371,1 019,1 039,1 206,1 202,1 307,1 258,5 922,2 179,654,598,620,1 140,2 490,4 299,4 688,750
Bakuo,1 137,1 275,2 412,94,91,113,91,105,96,500,195,34,40,53,70,179,314,366,71
Bazena,454,472,926,23,28,36,37,36,42,180,72,11,10,22,40,79,147,145,18
Bon,2 589,2 804,5 393,158,204,204,232,231,217,973,382,123,121,107,206,473,802,816,144
Danfi-dagara,973,1 037,2 010,72,76,99,92,101,104,389,98,41,34,37,80,165,269,314,39
Danfi-nuni,566,572,1 138,27,32,49,37,47,56,222,91,22,31,19,46,89,156,194,20
Diyou,429,388,817,26,39,27,28,37,26,154,56,20,18,19,44,71,105,123,24
Kabaro,1 068,1 107,2 175,67,75,78,79,88,102,406,157,39,46,44,92,178,323,337,64
Kasso,624,630,1 254,43,39,56,44,47,51,233,71,31,24,23,50,126,194,188,34
Lantiaro,135,135,270,10,8,9,9,18,9,53,10,7,6,5,9,28,35,50,4
Laponé,1 125,1 123,2 248,88,63,77,66,78,67,469,177,60,54,54,75,176,315,369,60
Lassané,762,695,1 457,65,26,78,77,73,62,323,116,28,26,22,53,95,163,238,12
Linsé,316,389,705,11,41,35,32,33,34,134,55,26,11,12,26,52,88,101,14
Niabouri,1 275,1 263,2 538,74,93,69,79,106,86,450,241,70,73,76,115,224,303,405,74
Payalo,1 110,1 274,2 384,86,65,87,106,98,112,486,145,47,30,46,86,219,384,338,49
Pourou,917,957,1 874,62,74,70,84,90,75,382,129,35,30,42,72,143,289,255,42
Sadon,1 125,1 111,2 236,93,71,100,91,94,96,449,144,42,33,28,57,168,343,363,64
Samon,258,276,534,20,14,19,18,25,23,119,40,18,11,11,19,25,69,86,17
,,,,,,,,,,,,,,,,,,,
"""COMMUNE: SILLY  - Rural""",24 361,26 434,50 795,1 376,1 637,2 011,1 981,2 053,2 036,10 407,4 014,1 170,938,991,1 780,3 811,6 978,8 077,1 535
Bouri,687,825,1 512,17,60,61,69,56,64,373,142,36,16,24,42,79,197,225,51
Bredié,1 604,1 701,3 305,56,89,147,116,131,118,618,252,74,52,57,100,249,521,607,118
Diara,825,884,1 709,36,72,76,85,70,95,347,115,35,36,34,65,121,233,247,42
Dio,685,746,1 431,40,62,57,49,53,68,305,120,41,21,20,25,105,214,211,40
Goun,627,722,1 349,40,50,56,41,52,60,300,105,36,17,26,39,118,154,219,36
Guia,656,616,1 272,17,46,74,52,66,56,258,95,27,24,24,43,120,170,165,35
Kalao,859,948,1 807,52,77,65,66,55,60,346,127,30,41,27,73,167,290,295,36
Karabolé,714,856,1 570,41,51,61,75,67,69,338,130,36,30,23,38,106,207,252,46
Kiédié,510,510,1 020,9,40,60,43,53,43,216,75,19,18,22,30,79,162,130,21
Kiélie,1 264,1 339,2 603,69,80,114,85,107,93,478,190,56,55,42,75,155,402,476,126
Kiéré,409,473,882,14,28,27,36,31,32,195,80,19,15,17,28,58,103,170,29
Konamo,479,549,1 028,13,39,37,41,43,44,220,93,34,19,19,26,43,117,200,40
Koubounga,778,768,1 546,52,39,56,58,50,54,283,92,27,28,30,57,126,271,290,33
Kouli,627,672,1 299,32,40,46,37,55,49,293,117,34,31,25,50,75,168,199,48
Kovry,442,522,964,34,38,35,44,41,49,208,75,27,21,13,28,62,118,141,30
Ladjo,1 193,1 371,2 564,63,71,103,111,87,122,575,230,65,38,48,74,190,308,402,77
Lama,819,712,1 531,82,39,54,65,58,40,262,85,29,20,25,65,209,233,226,39
Meno-Diantiogo,458,508,966,9,39,32,34,35,32,217,80,23,18,22,44,74,129,146,32
Naparo,783,847,1 630,52,39,71,52,64,76,368,135,32,32,38,59,117,222,223,50
Nevry,730,852,1 582,52,55,61,70,73,60,367,123,31,14,39,54,101,219,226,37
Panon,532,648,1 180,23,43,60,35,74,49,247,84,20,22,18,30,93,144,198,40
Pobié,709,700,1 409,57,47,56,65,62,63,283,105,17,19,35,66,113,175,205,41
Poupourou,395,474,869,23,27,30,33,35,37,196,68,23,30,13,23,41,118,136,36
Sadouan,1 376,1 521,2 897,107,94,141,135,133,145,635,205,62,56,46,69,182,387,423,77
Sadouin,853,932,1 785,25,45,72,57,77,77,347,172,48,36,32,69,153,222,297,56
Sao,437,393,830,38,18,23,27,20,33,118,55,22,7,18,52,89,130,154,26
Silly,1 767,1 808,3 575,123,100,91,106,132,79,628,329,108,95,118,185,332,504,571,74
Tonon,1 021,1 182,2 203,86,60,82,115,99,95,474,161,49,31,46,84,148,266,346,61
Ya,1 271,1 411,2 682,71,85,106,106,103,101,556,224,73,54,54,113,199,345,402,90
Yayou,521,538,1 059,26,37,39,44,36,45,220,90,26,23,25,44,61,136,180,27
Zinion,330,406,736,17,27,18,29,35,28,136,60,11,19,11,30,46,113,115,41
,,,,,,,,,,,,,,,,,,,
"""COMMUNE: TO  - Rural""",30 723,33 297,64 020,1 910,1 951,2 453,2 574,2 555,2 567,12 981,5 285,1 596,1 214,1 354,2 193,4 591,8 700,10 019,2 077
Bagoun,1 093,1 103,2 196,70,54,75,73,86,70,453,197,60,44,43,88,140,261,400,82
Bagounsia,970,1 057,2 027,51,72,87,80,76,106,420,156,55,36,43,99,185,248,255,58
Beuné,1 305,1 398,2 703,76,99,86,118,131,87,487,218,67,55,61,105,167,355,491,100
Boun,639,683,1 322,31,47,51,49,56,58,289,101,22,26,27,37,102,197,186,43
Diona,827,854,1 681,66,56,87,80,96,93,319,130,30,22,31,53,85,252,252,29
Go,849,930,1 779,54,62,49,82,67,79,394,131,56,30,39,54,121,207,275,79
Gori,694,754,1 448,44,44,58,49,68,73,334,93,20,17,23,44,89,205,235,52
Kadakouna,479,520,999,26,35,38,41,35,43,216,73,21,22,24,26,79,125,155,40
Kankuyo,577,589,1 166,28,28,44,50,42,47,237,109,17,31,33,52,90,138,180,40
Korabou,817,913,1 730,63,72,71,65,71,69,363,137,43,27,23,64,87,258,259,58
Kouri,515,628,1 143,36,39,51,51,40,43,235,95,33,23,28,34,88,143,176,28
Ly,873,1 007,1 880,29,41,124,91,94,60,372,140,38,29,33,64,171,289,255,50
Metio,1 422,1 350,2 772,54,50,82,105,89,96,543,240,60,54,61,105,244,405,483,101
Nabon,1 098,1 108,2 206,84,75,92,85,80,100,408,188,53,36,48,61,154,356,328,58
Namandala,597,718,1 315,56,29,44,55,45,68,284,120,22,27,17,26,79,173,220,50
Poin,1 029,1 093,2 122,47,79,82,90,80,93,437,161,66,36,39,76,134,284,334,84
Sagalo,950,1 018,1 968,70,41,79,66,90,81,456,115,42,30,34,69,117,302,325,51
Sapo,758,833,1 591,50,66,74,114,111,42,292,113,43,31,33,61,107,204,213,37
Tabou,1 348,1 507,2 855,100,80,76,97,92,90,504,249,76,58,78,113,212,401,514,115
Tiano,475,524,999,18,30,32,37,39,42,205,83,29,16,26,27,72,124,179,40
Tiao,936,974,1 910,61,56,70,80,64,63,400,155,53,33,38,50,142,268,307,70
Tiessourou,1 313,1 508,2 821,108,92,105,137,127,126,561,237,70,53,44,85,176,375,436,89
Tô,7 731,8 295,16 026,504,458,601,596,561,598,3 227,1 435,439,320,380,588,1 228,2 167,2 447,477
Tuai,2 026,2 478,4 504,103,176,199,179,211,211,925,361,107,99,85,129,332,584,659,144
Vara,879,897,1 776,40,46,68,58,66,87,406,154,46,27,37,40,103,242,289,67
Vatao,523,558,1 081,41,24,28,46,38,42,214,94,28,32,26,43,87,137,166,35
,,,,,,,,,,,,,,,,,,,
PROVINCE: ZIRO,115 623,126 108,241 731,7 840,7 172,8 999,9 321,9 213,9 594,49 590,20 242,6 228,4 719,4 977,8 246,16 487,32 838,38 952,7 313
,,,,,,,,,,,,,,,,,,,
"""COMMUNE: BAKATA  - Rural""",15 749,16 731,32 480,1 157,905,1 169,1 241,1 196,1 290,6 718,2 968,864,610,639,991,1 941,4 531,5 237,1 023
Bakata,2 404,2 504,4 908,142,128,200,179,159,186,983,469,131,91,109,176,294,708,767,186
Basnéré,1 487,1 503,2 990,121,61,112,103,123,106,625,279,79,56,55,80,158,419,517,96
Biyéné,462,523,985,16,27,28,33,28,37,212,90,25,28,19,32,59,113,203,35
Boulé-Daboré,486,548,1 034,28,27,44,35,46,46,234,98,25,8,15,31,46,142,170,39
Boulé-Gala,1 146,1 191,2 337,68,64,79,77,100,71,460,217,69,38,53,53,151,325,404,108
Bouyoua,1 018,1 147,2 165,48,83,88,88,77,94,440,219,47,36,44,62,149,263,380,47
Diao,803,873,1 676,103,35,74,84,62,61,368,99,28,54,40,50,115,250,220,33
Kinkirsgogo,2 626,2 764,5 390,233,149,168,199,197,221,1 089,500,177,111,83,174,312,779,832,166
Kou,1 154,1 200,2 354,85,82,73,101,87,111,479,227,65,29,47,88,154,336,344,46
Kouboulou,422,422,844,38,27,23,33,25,28,175,83,26,17,17,22,52,145,110,23
Lorou,973,1 027,2 000,45,89,78,83,80,91,455,174,37,27,36,48,120,275,308,54
Payiri,1 329,1 357,2 686,95,51,96,98,77,101,535,239,77,58,59,85,159,386,472,98
Tayalo,929,997,1 926,79,49,69,77,75,86,407,165,46,31,37,64,106,252,315,68
Zinloua,510,675,1 185,56,33,37,51,60,51,256,109,32,26,25,26,66,138,195,24
,,,,,,,,,,,,,,,,,,,
"""COMMUNE: BOUGNOUNOU  - Rural""",12 875,16 063,28 938,989,817,1 131,1 055,1 104,1 189,6 354,2 434,722,506,510,793,1 684,3 669,4 875,1 106
Bablanayou,81,68,149,3,4,5,7,9,5,33,16,3,2,4,1,8,14,28,7
Bélinayou,77,103,180,6,2,8,6,6,7,35,14,2,3,1,6,8,26,39,11
Bolo,957,1 202,2 159,67,67,95,68,79,93,474,192,43,34,28,53,146,284,358,78
Bougnounou,3 103,3 648,6 751,234,167,242,230,235,258,1 401,597,174,129,140,186,460,949,1 121,228
Dana,1 237,1 561,2 798,98,81,108,100,112,96,673,264,69,49,58,87,151,299,482,71
Gonsénayou,113,171,284,5,7,14,10,11,14,44,26,3,2,6,10,15,46,54,17
Guelou,571,610,1 181,61,38,54,33,54,39,238,111,32,16,20,35,63,154,188,45
Keulou,80,114,194,4,1,7,11,7,8,47,14,3,2,3,0,8,28,35,16
Laré,514,633,1 147,52,36,42,41,43,55,244,83,22,16,13,39,91,142,181,47
Nessaguérou,157,186,343,12,6,17,10,11,17,57,26,6,7,9,15,18,44,67,21
Nétiao,628,896,1 524,59,62,65,73,59,61,335,122,29,25,22,38,75,185,254,60
Pébiou,407,494,901,31,38,37,20,60,36,202,79,28,13,21,28,60,81,147,20
Sala,1 224,1 749,2 973,36,89,126,110,91,115,684,264,106,82,58,92,154,313,522,131
Salo,914,1 127,2 041,73,56,70,81,86,91,502,146,61,39,44,50,77,238,331,96
Sapo,637,768,1 405,75,41,52,49,48,64,267,92,38,26,21,48,73,228,230,53
Suné,419,545,964,49,9,36,36,27,39,217,77,12,8,14,18,60,148,175,39
Tempouré,635,807,1 442,50,42,58,64,72,55,338,118,40,30,14,28,81,159,227,66
Tiamien,277,340,617,23,14,27,34,22,41,136,49,9,11,9,10,31,96,94,11
Yalanayou,257,290,547,14,7,23,27,26,29,121,32,16,5,11,21,28,77,87,23
Zao,587,751,1 338,37,50,45,45,46,66,306,112,26,7,14,28,77,158,255,66
,,,,,,,,,,,,,,,,,,,
"""COMMUNE: CASSOU  - Rural""",26 336,27 948,54 284,1 689,1 653,2 117,2 135,2 053,2 202,10 882,4 379,1 349,1 007,1 137,1 804,3 979,7 569,8 744,1 585
Bazawara,835,855,1 690,51,53,61,72,73,57,316,109,40,19,42,60,166,276,248,47
Bonapio,765,839,1 604,39,33,78,53,77,74,349,133,28,18,31,49,107,210,282,43
Bouto,440,466,906,14,30,44,58,22,27,190,72,20,15,27,26,62,120,160,19
Bro-Silapoa,369,462,831,47,30,33,37,37,39,166,74,10,16,15,37,56,92,125,17
Cassou,2 769,2 716,5 485,117,131,161,138,125,144,958,570,210,196,183,281,480,681,925,185
Gnansou,1 215,1 299,2 514,139,58,97,112,124,100,475,182,49,33,49,87,216,359,367,67
Guillan,894,977,1 871,63,70,83,93,80,75,353,124,40,31,40,63,135,298,276,47
Kadapra,280,288,568,28,15,23,27,17,26,102,40,10,13,12,20,58,84,82,11
Kassolo-Tiabona,1 649,1 865,3 514,135,111,145,152,140,159,753,246,82,53,67,103,228,497,520,123
Kondui,1 752,1 756,3 508,96,118,164,130,149,162,694,287,95,71,61,122,259,455,564,81
Lenon,369,401,770,16,31,25,33,29,26,151,75,22,12,16,25,47,117,121,24
Lon,1 198,1 354,2 552,45,98,92,97,75,104,545,198,57,34,34,80,173,380,438,102
Lué,931,921,1 852,44,63,74,88,77,72,389,132,34,43,39,68,145,258,281,45
Néssanon,758,763,1 521,64,35,57,66,61,74,300,128,43,21,22,38,106,198,262,46
Névry,1 568,1 581,3 149,105,79,124,116,116,115,597,249,67,55,68,133,240,461,541,83
Niessan,422,418,840,27,24,24,36,29,37,192,72,22,10,10,12,62,126,137,20
Ouayou,1 484,1 624,3 108,99,72,110,110,99,110,635,274,98,41,71,81,198,454,546,110
Oupon,797,926,1 723,56,55,64,69,57,77,381,128,41,39,34,45,93,231,283,70
Panassin,245,290,535,10,21,21,22,27,30,112,29,15,8,11,9,38,77,88,17
Pien,424,418,842,31,20,45,34,48,34,179,59,12,9,19,22,46,121,140,23
Pindao,177,231,408,18,21,16,17,24,12,97,25,9,3,2,8,26,53,67,10
Pouré,651,687,1 338,31,40,55,53,50,74,310,87,38,12,28,44,85,195,197,39
Prô,495,533,1 028,26,32,32,38,35,49,213,84,20,18,18,28,75,155,168,37
Sanyou-Poé,641,708,1 349,33,60,44,66,47,68,287,109,38,43,31,38,83,175,207,20
Sourou,1 514,1 637,3 151,105,110,126,127,141,115,616,265,75,77,64,100,227,439,484,80
Tagnan,377,404,781,39,33,30,34,32,28,167,66,11,8,12,14,56,102,121,28
Taré,917,1 005,1 922,54,65,85,55,74,81,371,175,51,42,43,58,151,260,309,48
Thiao,920,939,1 859,30,52,74,71,72,90,353,155,48,23,44,57,127,281,320,62
Thiaossan-Koporo,884,965,1 849,79,44,95,84,73,78,374,123,40,21,26,61,157,259,284,51
Vrassan,596,620,1 216,48,49,35,47,43,65,257,109,24,23,18,35,77,155,201,30
,,,,,,,,,,,,,,,,,,,
"""COMMUNE: DALO  - Rural""",5 969,6 862,12 831,377,388,437,479,462,520,2 852,1 060,315,245,251,367,778,1 591,2 235,474
Bazilakoa,1 351,1 612,2 963,92,88,93,120,93,122,680,284,73,65,55,83,171,350,487,107
Dalo,2 441,2 732,5 173,137,156,178,193,167,187,1 053,408,136,98,118,164,360,694,917,207
Diantou,465,552,1 017,30,28,43,39,41,36,233,80,24,17,20,27,52,120,184,43
Guénien,480,531,1 011,29,18,33,26,44,37,244,107,31,29,18,31,51,109,174,30
Niou,720,820,1 540,51,61,44,56,78,72,368,111,34,18,17,35,79,191,274,51
Tiaré,512,615,1 127,38,37,46,45,39,66,274,70,17,18,23,27,65,127,199,36
,,,,,,,,,,,,,,,,,,,
"""COMMUNE: GAO  - Rural""",12 145,14 308,26 453,914,833,1 006,1 090,1 115,1 001,5 626,2 199,606,499,524,856,1 586,3 300,4 358,940
Dao,1 011,1 141,2 152,48,64,65,62,68,71,479,175,45,47,33,64,116,300,413,102
Gao,1 601,1 806,3 407,89,89,96,120,123,131,721,329,101,53,92,128,201,437,567,130
Lérou,1 246,1 453,2 699,119,103,135,132,132,105,527,169,57,42,56,63,193,391,392,83
Mao-Nessira,2 656,3 190,5 846,234,138,234,240,253,205,1 219,522,137,129,124,198,341,677,999,196
Panin,646,725,1 371,40,59,76,75,58,65,295,81,32,18,27,37,91,185,186,46
Passin,2 449,2 928,5 377,175,206,188,233,252,210,1 190,432,112,108,97,175,333,656,862,148
Tékrou,1 414,1 760,3 174,115,114,101,126,120,131,688,273,78,57,53,95,145,368,547,163
Yinga,671,713,1 384,56,31,79,65,63,53,268,114,15,19,20,58,117,189,206,31
Zoro,451,592,1 043,38,29,32,37,46,30,239,104,29,26,22,38,49,97,186,41
,,,,,,,,,,,,,,,,,,,
"""COMMUNE: SAPOUY """,42 549,44 196,86 745,2 714,2 576,3 139,3 321,3 283,3 392,17 158,7 202,2 372,1 852,1 916,3 435,6 519,12 178,13 503,2 185
,,,,,,,,,,,,,,,,,,,
"""COMMUNE: SAPOUY  - Rural""",29 683,30 717,60 400,1 989,1 889,2 337,2 612,2 551,2 589,12 846,4 659,1 348,933,1 026,1 791,4 027,8 477,9 717,1 609
Balogo,1 498,1 585,3 083,168,169,119,180,142,139,654,196,40,30,33,84,239,398,422,70
Baouiga,885,864,1 749,62,16,79,73,69,70,356,129,45,32,38,49,100,272,308,51
Baouiga-Yorgo,336,424,760,37,7,13,26,36,44,187,58,14,8,7,6,50,148,105,14
Bassawarga,311,349,660,18,24,23,30,23,36,146,39,10,5,4,15,57,101,113,16
Boom,221,203,424,16,18,11,17,12,23,92,35,6,7,6,14,23,61,67,16
Boro,1 226,1 234,2 460,99,59,94,102,100,102,533,182,54,29,53,73,150,338,420,72
Bouem,414,367,781,16,28,37,36,42,34,167,40,14,18,14,27,45,131,117,15
Bougagnonon,754,788,1 542,55,52,56,64,77,62,362,125,35,25,20,56,66,207,245,35
Boulou,909,849,1 758,45,66,78,77,82,72,365,150,35,26,45,62,120,239,265,31
Diallo,1 159,1 131,2 290,73,74,71,97,98,97,497,195,41,36,58,81,130,314,370,58
Dianzoé,679,732,1 411,51,50,62,49,59,55,300,99,33,15,20,33,100,205,235,45
Diaré,608,633,1 241,35,45,57,54,65,61,258,91,33,16,24,30,75,166,194,37
Faro,1 248,1 364,2 612,77,86,115,106,132,116,557,211,80,44,41,73,157,330,431,56
Gallo,831,813,1 644,47,43,58,64,65,62,365,142,27,16,21,35,113,226,314,46
Guirsé,147,104,251,5,6,5,11,17,10,56,21,2,0,2,9,10,36,49,12
Idiou,602,694,1 296,62,35,56,47,59,49,238,122,50,25,24,46,96,159,184,44
Kada,736,735,1 471,47,41,56,53,61,80,311,109,38,21,21,49,115,203,235,31
Kation,565,654,1 219,38,36,50,43,46,50,263,79,23,17,14,28,81,165,231,55
Konon,180,187,367,12,9,12,15,15,15,69,26,4,1,8,13,34,61,63,10
Kouli,636,640,1 276,34,50,51,58,53,42,272,100,26,22,20,28,89,186,218,27
Koutéra,493,516,1 009,33,25,37,45,43,52,242,76,34,15,11,32,45,149,142,28
Ladiga,122,151,273,10,3,10,12,7,3,50,20,3,3,3,9,18,43,59,20
Latian,841,927,1 768,50,79,80,82,91,64,348,112,23,28,33,40,129,265,283,61
Lou,715,700,1 415,41,37,45,49,47,53,292,106,29,25,36,59,109,210,240,37
Nabilpaga-Yorga,137,166,303,13,6,11,10,10,12,67,26,6,2,4,12,17,52,49,6
Nadonon,457,518,975,28,21,46,33,47,35,219,76,20,19,13,27,63,193,129,6
Napo-Nabilpaga,570,604,1 174,36,39,40,48,52,48,255,88,22,19,20,28,54,170,218,37
Nébrou,1 166,1 282,2 448,62,86,98,108,94,116,516,213,46,34,43,70,163,332,386,81
Nékrou,993,1 000,1 993,67,60,88,98,92,87,382,158,56,47,50,61,151,259,303,34
Néliri,785,794,1 579,18,49,54,57,55,47,355,158,44,38,30,72,131,183,245,43
Obonon,1 203,1 228,2 431,89,61,105,105,100,111,554,180,70,45,45,76,157,325,358,50
Ouayalguin,54,50,104,6,1,5,2,2,10,25,4,1,3,0,1,3,16,25,0
Poun,678,766,1 444,20,51,60,80,51,73,345,98,30,25,22,54,103,190,218,24
Santio,529,486,1 015,11,24,31,33,49,42,200,97,39,13,19,46,53,166,169,23
Sia,385,441,826,34,32,31,34,34,36,174,62,25,13,17,29,50,116,123,16
Sobaka,319,313,632,12,20,34,33,30,44,131,38,19,4,5,11,17,92,119,23
Souboré,705,760,1 465,46,46,47,50,66,75,296,128,31,31,28,36,118,191,232,44
Souli,126,125,251,4,7,6,8,5,13,57,20,2,3,2,5,13,32,57,17
Tiabien,527,544,1 071,45,19,44,44,42,43,225,72,19,19,13,31,87,127,211,30
Tiabien-Kasso,946,1 015,1 961,73,58,80,99,79,89,403,131,43,26,22,57,152,291,302,56
Tiaburo,382,408,790,22,18,33,40,25,30,191,69,11,10,6,18,41,115,143,18
Tiagao,695,653,1 348,51,31,53,46,56,44,272,123,34,28,30,43,84,158,249,46
Tiakouré,296,274,570,25,9,12,23,29,29,112,44,5,9,15,18,39,101,87,13
Tiana,422,432,854,38,34,20,37,25,35,170,81,26,11,15,16,67,121,135,23
Tiaré,1 327,1 247,2 574,105,90,102,128,84,97,536,207,60,41,33,82,178,375,379,77
Yilou,427,483,910,36,27,30,54,42,40,207,54,19,13,17,21,65,126,132,27
Zavara,438,484,922,17,42,32,52,41,42,174,69,21,16,21,26,70,133,138,28
,,,,,,,,,,,,,,,,,,,
"""COMMUNE: SAPOUY - Urbain""",12 866,13 479,26 345,725,687,802,709,732,803,4 312,2 543,1 024,919,890,1 644,2 492,3 701,3 786,576
Secteur 1,5 898,5 981,11 879,306,298,346,312,336,338,1 856,1 131,492,408,416,778,1 190,1 725,1 724,223
Secteur 2,1 391,1 526,2 917,95,86,91,72,68,105,476,313,113,89,64,166,293,376,434,76
Secteur 3,658,720,1 378,37,32,36,36,50,39,247,120,47,44,41,72,126,188,226,37
Secteur 4,1 967,2 030,3 997,130,93,140,123,113,148,698,359,122,128,146,214,361,537,581,104
Secteur 5,2 952,3 222,6 174,157,178,189,166,165,173,1 035,620,250,250,223,414,522,875,821,136
,,,,,,,,,,,,,,,,,,,
REGION: CENTRE SUD,374 238,414 493,788 731,20 955,20 184,24 903,24 402,24 873,25 408,145 767,67 898,21 275,17 047,16 153,28 972,54 153,103 107,150 921,42 713
,,,,,,,,,,,,,,,,,,,
PROVINCE: BAZEGA,131 925,148 945,280 870,6 800,6 927,8 553,8 414,8 542,8 769,52 781,25 443,7 742,6 378,5 911,10 304,17 251,33 071,56 468,17 516
,,,,,,,,,,,,,,,,,,,
"""COMMUNE: DOULOUGOU  - Rural""",14 506,15 649,30 155,777,707,867,940,862,903,5 387,2 753,791,745,617,1 168,1 799,3 419,6 248,2 172
Bangléongo,464,530,994,26,22,32,24,28,34,169,97,28,26,26,42,54,87,213,86
Bélégré,632,741,1 373,24,50,28,40,33,37,257,141,36,32,28,61,92,176,275,63
Bingla,185,166,351,0,9,8,3,11,10,61,43,7,13,5,22,19,25,83,32
Borogo,338,379,717,15,14,19,28,15,22,136,78,18,16,15,34,36,66,156,49
Dabogtinga,597,583,1 180,37,32,31,34,43,39,209,94,26,32,31,36,55,145,244,92
Doulougou,473,484,957,24,25,23,34,25,27,137,87,29,36,15,55,105,114,172,49
Douré,343,396,739,15,18,24,23,18,15,141,70,14,13,18,25,34,89,169,53
Gana,792,875,1 667,24,32,34,38,45,32,290,142,56,43,36,61,119,171,395,149
Godin,194,255,449,12,13,16,11,13,13,100,36,11,9,8,15,12,47,94,39
Gorouré,61,85,146,3,6,2,4,3,7,27,17,4,0,3,3,6,19,36,6
Guidgrétinga,154,212,366,7,5,8,13,9,9,74,35,15,9,5,16,21,23,95,22
Guidissi,241,258,499,10,5,19,15,10,15,88,50,9,15,4,22,23,52,115,47
Kagamzincé,852,850,1 702,65,37,55,54,54,62,319,133,39,32,24,71,120,241,302,94
Kalpongo,344,333,677,12,16,17,12,16,14,115,69,17,17,11,26,51,84,164,36
Kombous-Youngo,58,72,130,4,2,6,6,2,2,20,12,5,3,0,4,12,16,30,6
Lamzoudo,672,703,1 375,30,23,39,38,27,19,210,134,45,56,28,52,108,156,306,104
Nabdogo,169,160,329,7,2,9,7,13,6,39,30,7,15,8,7,31,37,71,40
Nabinskiema,448,512,960,25,15,31,27,32,34,168,69,32,26,11,32,41,103,218,96
Pibsé,724,824,1 548,45,33,44,47,49,51,289,148,29,45,30,67,95,144,320,112
Poédogo,315,370,685,14,9,19,18,24,26,100,58,12,19,15,34,54,65,139,79
Rakaye Mossi,208,239,447,10,17,12,18,20,8,93,37,9,8,8,8,24,61,79,35
Rakaye Yarcé,574,568,1 142,55,13,47,78,22,25,177,112,30,30,21,41,54,148,214,75
Sampogrétinga,298,319,617,11,16,14,18,20,21,102,73,14,14,21,25,22,59,144,43
Samsaongo,379,409,788,25,8,23,33,27,24,135,67,19,20,20,23,49,91,157,67
Sarana,346,333,679,33,23,26,33,17,23,118,47,23,14,17,21,42,87,117,38
Seloguen,203,246,449,7,13,10,11,6,15,81,32,16,6,15,26,22,43,108,38
Silemba,437,390,827,19,22,34,26,29,25,155,82,24,16,15,32,58,105,143,42
Sincéné,320,358,678,12,20,21,16,20,20,111,52,12,12,12,25,38,78,174,55
Soulli,549,556,1 105,21,23,30,28,20,30,206,114,28,25,27,37,63,101,254,98
Tampouy,510,558,1 068,25,35,41,23,41,39,217,81,28,17,22,25,46,143,203,82
Toébanéga,377,391,768,27,12,19,33,23,39,152,71,20,14,11,19,24,88,168,48
Toghin,468,578,1 046,29,28,25,28,26,34,182,124,32,27,27,50,58,86,211,79
Wanféré,134,161,295,9,9,11,9,5,12,52,27,10,8,6,13,16,34,57,17
Watinoma,233,264,497,0,10,8,12,4,14,93,50,16,10,12,16,32,60,118,42
Widi,596,641,1 237,37,47,32,40,52,51,245,100,30,33,26,45,74,170,193,62
Yanga,540,567,1 107,38,30,33,42,41,27,213,90,33,22,24,51,61,134,203,65
Yougritenga,278,283,561,20,13,17,16,19,22,106,51,8,12,12,26,28,71,108,32
,,,,,,,,,,,,,,,,,,,
"""COMMUNE: GAONGO  - Rural""",17 020,18 745,35 765,963,1 213,1 386,1 366,1 366,1 329,7 181,2 945,947,743,750,1 128,2 391,4 821,6 040,1 196
Dassamkandé,710,790,1 500,36,59,43,59,45,44,273,136,38,35,33,52,122,200,276,49
Douaba,666,739,1 405,30,25,41,33,51,43,295,132,43,38,24,44,78,158,285,85
Gaongo,1 813,1 881,3 694,102,84,123,115,133,130,675,370,97,85,91,135,241,511,652,150
Gomasgo,789,888,1 677,57,41,85,73,51,70,345,156,46,33,33,45,114,213,274,41
Kombougo,619,680,1 299,31,20,30,20,42,36,235,113,43,39,21,43,81,173,302,70
Nafbanga,3 682,4 005,7 687,226,318,305,299,305,300,1 608,519,190,130,138,237,526,1 079,1 241,266
Nakomestinga,368,367,735,5,33,10,28,20,20,154,68,19,20,20,33,33,81,147,44
Neblaboumbou,1 195,1 342,2 537,117,87,92,97,111,118,477,208,61,61,53,100,200,324,362,69
Sonmassen,242,282,524,13,9,20,18,16,14,110,50,27,7,4,13,20,57,128,18
Tambili,228,270,498,22,15,14,17,19,12,96,42,11,10,12,20,31,68,88,21
Tanwoko,910,1 050,1 960,61,39,97,73,76,73,401,161,52,45,46,54,103,282,344,53
Vossé,1 800,1 907,3 707,75,118,171,158,149,130,745,335,105,73,89,107,209,518,622,103
Wardogo,3 998,4 544,8 542,188,365,355,376,348,339,1 767,655,215,167,186,245,633,1 157,1 319,227
,,,,,,,,,,,,,,,,,,,
"""COMMUNE: IPELCE  - Rural""",6 514,7 343,13 857,316,287,389,385,391,387,2 472,1 289,385,345,299,571,926,1 543,2 942,930
Babdo,415,459,874,15,9,26,19,23,31,153,94,19,16,21,32,56,90,212,58
Bandéba,336,326,662,19,34,26,16,20,28,130,53,14,6,11,12,35,91,128,39
Banghingogo,359,411,770,13,11,22,15,11,25,137,72,30,22,19,35,54,67,174,63
Guisma,157,196,353,7,6,6,9,12,5,57,36,11,6,9,19,24,43,74,29
Ipelcé,1 364,1 527,2 891,68,60,70,85,75,60,474,241,92,89,56,151,242,386,612,130
Kackin,142,159,301,1,7,6,11,10,10,62,35,11,9,1,8,15,24,71,20
Nacombogo,478,595,1 073,24,18,16,24,23,25,181,122,28,40,23,61,67,94,232,95
Narogtinga,336,373,709,15,11,14,26,20,13,140,65,13,22,15,38,56,62,152,47
Sagabtinga-Yarcé,1 150,1 279,2 429,89,54,82,85,92,93,474,213,61,47,45,61,131,288,457,157
Sambin,709,763,1 472,12,32,43,48,42,39,271,128,22,42,30,48,91,166,349,109
Sandeba,514,621,1 135,26,28,42,21,31,29,186,119,39,19,40,54,87,118,208,88
Siltougdo,219,249,468,9,6,12,14,12,6,86,45,13,12,9,22,32,50,101,39
Zinguedeghin,335,385,720,18,11,24,12,20,23,121,66,32,15,20,30,36,64,172,56
,,,,,,,,,,,,,,,,,,,
"""COMMUNE: KAYAO  - Rural""",18 165,22 526,40 691,924,879,1 292,1 296,1 338,1 393,8 532,3 781,1 164,824,865,1 428,2 076,4 242,8 004,2 653
Dapoury,677,784,1 461,27,12,37,34,38,32,291,146,50,44,31,56,72,127,339,125
Doundouni,1 851,2 387,4 238,90,70,110,111,120,151,855,352,118,88,81,185,199,359,986,363
Goumogho,298,323,621,14,15,21,17,12,23,122,73,15,14,16,33,36,35,151,24
Goumsa,229,308,537,9,12,22,6,20,14,119,45,22,8,7,27,24,51,103,48
Goumsen,1 129,1 285,2 414,47,35,65,53,81,60,448,242,65,70,53,119,138,252,521,165
Ilyala,469,569,1 038,30,38,37,46,26,52,237,92,34,14,17,28,40,114,184,49
Kayao,1 428,1 484,2 912,61,61,72,76,86,67,487,291,90,90,72,174,270,332,504,179
Kilou,1 049,1 467,2 516,76,80,85,114,106,114,583,241,55,34,47,59,122,278,406,116
Kinkirou,394,497,891,11,17,32,30,15,26,183,74,33,13,14,20,42,86,204,91
Kossilsi,1 182,1 615,2 797,53,71,88,87,102,102,600,245,83,65,71,83,144,266,563,174
Kossoguen,371,427,798,18,23,24,25,24,10,150,83,22,25,22,28,37,74,176,57
Koukoulou,663,866,1 529,10,37,33,51,38,42,311,141,37,26,30,48,56,164,349,156
Lado,698,754,1 452,17,29,56,44,44,41,299,166,52,30,39,44,73,177,276,65
Penguen,356,456,812,22,11,31,26,31,19,157,72,19,12,20,27,37,77,172,79
Poa,434,525,959,41,18,27,42,41,32,201,92,20,12,20,21,44,154,153,41
Rellou,592,727,1 319,31,32,61,48,49,65,267,100,38,30,21,48,78,175,213,63
Samsé,544,777,1 321,38,18,29,36,33,58,281,121,31,23,34,37,58,124,292,108
Singdin,1 146,1 415,2 561,63,54,95,95,109,92,599,257,48,44,50,55,93,259,478,170
Sondré,417,590,1 007,26,11,34,20,28,39,184,108,33,20,26,27,48,106,195,102
Tim-Tim,944,1 180,2 124,48,50,62,59,73,85,424,219,84,59,59,81,153,198,381,89
Yada,610,780,1 390,27,40,48,51,52,59,331,135,28,20,31,33,40,157,261,77
Yalou-Gouroungou,1 046,1 167,2 213,80,57,79,80,96,89,505,149,62,24,33,51,110,267,424,107
Yelou,391,416,807,7,21,42,17,24,36,163,63,32,14,21,48,56,101,137,25
Yézouanga,1 247,1 727,2 974,78,67,102,128,90,85,735,274,93,45,50,96,106,309,536,180
,,,,,,,,,,,,,,,,,,,
"""COMMUNE: KOMBISSIRI """,36 956,40 800,77 756,1 891,1 839,2 401,2 207,2 355,2 409,14 271,6 905,2 184,1 727,1 611,2 951,5 228,10 192,15 096,4 489
,,,,,,,,,,,,,,,,,,,
"""COMMUNE: KOMBISSIRI  - Rural""",23 384,25 755,49 139,1 177,1 131,1 496,1 431,1 562,1 551,9 432,4 501,1 378,1 062,942,1 685,2 933,5 877,9 764,3 217
Badnogo,267,320,587,13,16,18,26,19,12,115,65,20,22,8,17,26,50,128,32
Bagadogo,172,197,369,7,3,7,9,7,3,66,40,18,11,16,22,20,29,86,25
Batinga,291,326,617,10,20,16,21,19,26,129,47,18,8,16,24,40,82,111,30
Bédogo-Natinga,271,307,578,10,11,20,19,15,20,108,52,20,12,13,25,25,54,133,41
Bédogo-Silmissi,315,341,656,15,17,25,9,27,27,134,54,15,17,7,13,35,75,129,57
Bilbalogo,261,303,564,9,8,13,8,22,13,99,60,24,15,9,20,16,47,149,52
Bissiga,238,265,503,7,13,15,20,17,15,100,44,10,14,7,29,28,53,110,21
Bissiri,800,812,1 612,35,28,77,53,77,43,318,143,41,26,28,45,112,249,263,74
Boussougou,304,339,643,12,20,11,23,18,24,133,55,21,15,4,10,33,69,142,53
Fourgo,620,692,1 312,34,40,39,32,55,34,275,121,33,16,28,38,63,145,261,98
Goghin,655,735,1 390,49,54,64,61,77,48,268,99,32,30,20,44,96,208,189,51
Goncé,539,554,1 093,28,11,49,29,32,36,204,90,38,33,23,47,84,128,205,56
Goudrin,567,524,1 091,7,6,12,17,15,28,198,148,53,32,40,66,92,111,217,49
Guirgo,582,712,1 294,29,21,32,26,44,37,244,129,41,30,22,47,66,142,287,97
Kalwiga,347,336,683,18,13,9,27,16,16,131,52,22,23,18,37,51,71,142,37
Kamsando,499,613,1 112,28,38,23,19,22,40,200,105,32,29,22,27,43,103,264,117
Kiendbingré,180,225,405,11,8,9,14,12,10,75,33,13,10,7,13,17,31,98,44
Kierma,1 079,1 156,2 235,71,61,84,76,90,88,471,181,63,26,36,54,141,345,340,108
Koankin,146,146,292,2,6,5,7,7,7,59,28,12,6,9,14,20,13,72,25
Koassa,724,793,1 517,46,32,40,44,41,48,282,136,47,40,21,50,98,182,306,104
Komtigré,206,215,421,7,4,8,9,14,13,82,45,10,9,15,12,14,51,102,26
Kond-Koankin,205,239,444,17,7,12,11,6,18,96,35,17,8,7,22,21,45,94,28
Konioudou,927,1 068,1 995,48,49,53,58,47,64,369,216,50,65,48,69,154,250,346,109
Konkossé,62,74,136,5,3,3,0,4,2,26,8,3,4,5,4,11,20,32,6
Konkuissé,131,172,303,11,8,7,9,10,8,58,32,10,5,7,7,14,33,67,17
Konlobwamdé,260,310,570,8,12,16,16,15,9,109,71,22,22,8,21,14,66,119,42
Koudiougou,197,181,378,5,11,12,12,13,9,79,31,9,12,3,16,19,44,82,21
Kougpèla,152,141,293,0,1,7,2,5,3,51,46,19,6,20,22,28,16,59,8
Kouigou,256,342,598,13,17,19,22,12,23,126,60,13,12,9,18,23,68,124,39
Koulpèlga,372,400,772,26,26,26,26,31,25,128,44,26,20,19,24,67,122,126,36
Koupel-Yargo,544,582,1 126,38,39,29,42,36,24,238,90,35,22,22,41,82,136,217,35
Lallé,458,449,907,12,16,25,19,31,32,178,85,35,32,16,30,47,97,166,86
Logdin,270,291,561,14,12,12,9,24,16,120,42,22,7,7,13,28,72,126,37
Manegsombo,279,252,531,12,12,30,12,23,18,94,51,14,11,11,15,41,80,81,26
Monomtenga,760,782,1 542,37,26,53,43,36,51,246,128,27,27,25,52,136,248,320,87
Nabmassa,304,354,658,16,14,12,16,19,14,132,82,19,17,14,22,31,64,144,42
Nangouma,280,347,627,14,13,10,17,19,15,129,53,10,13,9,23,20,81,152,49
Ouidin,816,840,1 656,47,33,54,46,44,55,333,169,34,32,37,63,108,202,312,87
Pissi,564,655,1 219,28,34,51,46,36,44,238,100,22,14,20,39,88,171,216,72
Poédogo,340,396,736,16,10,28,13,16,23,161,59,8,12,6,30,59,81,151,63
Sabraogo,712,745,1 457,28,56,49,37,53,47,290,127,33,27,14,39,91,204,249,113
Saré de Guirgo,250,267,517,10,10,6,14,23,9,87,48,17,8,14,13,28,56,118,56
Saré de Tuili,159,189,348,4,7,15,17,6,11,67,20,8,9,4,8,23,37,76,36
Soula,220,273,493,14,9,20,11,12,12,94,53,12,11,9,16,15,39,115,51
Tamtinga,146,150,296,8,4,7,10,6,12,53,29,4,8,3,8,9,32,67,36
Tandaga,284,316,600,9,10,22,18,32,15,117,64,17,11,11,17,34,55,126,42
Tengandogo,388,424,812,22,17,36,15,31,35,131,67,13,23,9,45,82,123,134,29
Tinsin,290,349,639,19,10,19,14,17,29,117,71,11,19,16,20,28,65,150,34
Toanga,983,1 084,2 067,51,43,62,69,58,83,406,190,53,33,39,68,122,259,403,128
Toéghin,387,451,838,34,36,19,51,38,30,123,59,10,10,21,42,59,129,139,38
Toémiga,326,392,718,19,11,21,14,26,19,156,60,26,12,14,19,31,83,153,54
Tuili,1 263,1 421,2 684,71,64,89,86,78,84,485,250,78,58,55,96,135,267,576,212
Wemtinga,370,424,794,22,14,22,16,21,23,159,76,27,17,12,19,38,80,165,83
Wonrobogo,284,267,551,9,8,22,15,20,15,113,49,16,15,12,21,46,75,101,14
Yargo,429,468,897,16,21,24,25,23,39,166,72,24,9,14,23,36,97,215,93
Zingdéghin,254,277,531,6,16,12,25,18,13,112,52,22,11,12,15,12,55,109,41
Zinikoui,399,472,871,20,22,16,26,27,34,154,85,29,16,21,31,33,87,200,70
,,,,,,,,,,,,,,,,,,,
"""COMMUNE: KOMBISSIRI - Urbain""",13 572,15 045,28 617,714,708,905,776,793,858,4 839,2 404,806,665,669,1 266,2 295,4 315,5 332,1 272
Secteur 1,3 399,3 629,7 028,151,227,233,196,205,210,1 292,580,204,167,151,298,567,931,1 323,293
Secteur 2,2 076,2 381,4 457,134,101,139,138,157,115,748,354,121,102,93,186,339,768,789,173
Secteur 3,4 332,4 858,9 190,219,173,277,223,220,258,1 461,786,275,219,242,446,793,1 503,1 727,368
Secteur 4,1 406,1 495,2 901,67,89,114,81,86,108,506,248,66,53,66,99,201,429,534,154
Secteur 5,2 359,2 682,5 041,143,118,142,138,125,167,832,436,140,124,117,237,395,684,959,284
,,,,,,,,,,,,,,,,,,,
"""COMMUNE: SAPONE  - Rural""",20 904,23 236,44 140,1 038,1 079,1 199,1 135,1 158,1 249,7 577,4 116,1 225,1 119,1 000,1 684,2 789,4 911,9 660,3 201
Baguemnini,486,588,1 074,26,26,30,24,17,25,161,106,48,38,19,48,52,120,235,99
Baloguen,763,833,1 596,35,40,37,38,36,38,270,178,49,44,37,57,73,152,362,150
Banembanto,498,591,1 089,14,19,34,14,34,26,172,116,47,31,32,46,82,107,228,87
Bissiga,358,444,802,22,15,10,24,10,20,147,81,29,24,25,32,48,68,183,64
Bonkoré,618,638,1 256,30,39,31,31,33,34,203,109,32,30,26,47,81,171,279,80
Bonogo,696,754,1 450,25,19,42,37,38,46,217,141,52,36,33,52,96,148,361,107
Boulougou,102,106,208,1,3,5,8,6,4,48,23,3,6,5,5,5,19,46,21
Boulsin,244,238,482,8,11,8,12,15,11,110,47,14,20,4,17,19,24,126,36
Damkiéta,442,479,921,15,24,21,20,29,22,183,97,26,25,25,27,47,66,209,85
Damzoussi,346,413,759,15,14,22,19,20,15,130,78,25,14,25,30,44,80,175,53
Dawelgué,305,337,642,17,24,14,13,19,26,114,56,21,13,9,16,34,80,147,39
Diepo,396,479,875,23,32,33,36,17,28,167,77,17,17,21,32,65,110,156,44
Doumtinga,304,349,653,17,19,12,26,22,13,123,63,10,9,15,16,29,60,137,82
Godin,456,519,975,21,20,28,30,30,20,182,108,43,24,26,40,48,73,227,55
Karangtanghin,291,367,658,15,11,10,19,17,18,113,56,25,22,11,25,37,69,153,57
Koagma,196,222,418,10,8,7,7,7,9,72,47,13,6,17,19,26,29,93,48
Koaken,306,322,628,14,12,13,13,18,16,107,53,17,17,11,30,57,56,135,59
Kongtenga,294,317,611,15,21,12,18,17,11,105,47,8,16,12,19,63,82,112,53
Korbogdo,481,506,987,36,15,36,30,25,29,175,74,21,16,23,38,88,154,174,53
Kougpaka,506,595,1 101,20,21,30,26,29,45,213,120,39,19,26,41,42,107,243,80
Koumsaga,629,812,1 441,34,22,40,32,28,42,214,134,30,42,41,49,110,141,324,158
Kounda,1 318,1 415,2 733,67,83,94,75,84,80,446,211,62,54,37,95,173,332,652,188
Kouri,378,444,822,18,13,25,15,11,28,148,99,28,25,18,20,36,78,186,74
Kuizili,688,791,1 479,31,41,38,35,40,38,295,137,49,45,27,39,77,149,343,95
Nabdogo,363,397,760,29,8,17,30,16,26,143,56,19,13,13,27,52,90,161,60
Nionsna,571,631,1 202,28,38,36,34,30,30,228,121,20,32,26,39,64,145,252,79
Ouarmini,377,395,772,25,23,25,15,29,19,118,50,18,25,22,40,58,119,147,39
Ouatinga,206,261,467,9,10,16,10,9,7,85,41,16,9,9,19,20,55,97,55
Ouidi-Wafé,597,661,1 258,33,27,27,28,19,32,197,128,35,33,35,66,113,151,259,75
Pazouétfom,151,154,305,5,9,12,8,9,12,60,35,4,9,1,8,15,30,69,19
Pissi,980,1 143,2 123,53,49,43,53,66,60,389,205,60,43,45,45,99,217,531,165
Sambi,213,234,447,4,14,12,8,15,16,89,42,17,10,7,8,21,45,109,30
Sambsin,365,376,741,21,19,17,15,24,13,105,70,14,17,24,38,58,92,155,59
Saponé,2 149,2 423,4 572,96,113,113,89,98,112,640,386,139,150,149,298,444,597,947,201
Tanghin,363,350,713,21,12,13,21,21,13,105,65,18,18,16,36,50,109,142,53
Tanlili,247,335,582,9,6,18,11,8,12,108,66,12,12,14,26,26,38,151,65
Targho,1 909,1 859,3 768,116,126,133,152,127,150,723,307,81,79,67,91,196,472,730,218
Timanemboin,279,303,582,8,18,27,13,11,19,87,57,16,13,14,29,35,67,123,45
Toundou,445,521,966,19,27,26,18,42,34,182,101,25,27,16,31,39,69,230,80
Yansaré,588,634,1 222,33,28,32,28,32,50,203,128,23,36,17,43,67,140,271,91
,,,,,,,,,,,,,,,,,,,
"""COMMUNE: TOECE  - Rural""",17 860,20 646,38 506,891,923,1 019,1 085,1 072,1 099,7 361,3 654,1 046,875,769,1 374,2 042,3 943,8 478,2 875
Binsboumbou,679,778,1 457,35,26,34,45,28,52,285,174,54,52,21,57,63,124,320,87
Binstigré,567,620,1 187,38,30,40,42,36,41,224,114,30,24,21,32,51,110,276,78
Bonsrima,821,931,1 752,43,43,47,50,46,50,316,155,44,38,39,66,93,225,372,125
Boromtenga,486,606,1 092,48,26,35,31,34,35,217,106,27,20,7,32,69,114,231,60
Dagouma,721,844,1 565,41,32,32,39,44,35,293,139,41,35,37,69,79,140,338,171
Damzoussi,471,569,1 040,24,25,18,28,35,29,209,127,38,16,25,35,34,93,220,84
Dayasmnoré,387,398,785,25,32,22,29,30,16,127,52,8,17,15,23,67,126,159,37
Goubla,239,298,537,20,14,17,12,17,26,110,47,11,8,8,21,22,55,120,29
Goudou,355,457,812,16,16,16,17,10,19,157,75,30,20,19,33,37,52,221,74
Goumsé,369,419,788,31,20,29,26,24,25,144,58,15,22,6,29,37,79,172,71
Kaongho,368,383,751,12,21,23,27,25,21,164,70,23,10,30,15,43,72,145,50
Komnéré,330,371,701,17,21,19,32,18,19,140,68,27,10,9,25,21,53,174,48
Kosmassom,331,415,746,22,19,15,24,16,23,141,71,11,19,13,19,46,75,169,63
Koulpélé,274,341,615,15,9,15,15,19,12,121,53,25,17,14,11,37,68,123,61
Koumasgho,141,173,314,5,10,4,8,7,10,67,31,11,9,8,5,19,38,62,20
Koussala,795,888,1 683,37,41,49,52,64,42,333,162,49,32,37,61,80,177,331,136
Lilbouré,569,598,1 167,24,24,36,28,27,32,209,107,32,36,31,46,83,134,235,83
Loussa,446,588,1 034,16,25,20,35,25,19,199,96,20,21,24,45,53,110,224,102
Masgo,508,659,1 167,13,25,24,20,30,28,229,112,42,38,21,62,72,74,264,113
Nacombogo,107,113,220,3,2,2,5,8,4,45,21,7,7,4,7,7,17,61,20
Nagnesna,653,743,1 396,18,27,50,42,63,44,269,130,31,22,31,28,54,147,338,102
Nayalgué,120,161,281,3,7,5,6,4,5,54,29,6,9,8,8,16,19,74,28
Niongho,450,569,1 019,12,25,28,31,35,29,216,114,20,18,15,29,51,99,240,57
Pawamtoré,431,604,1 035,18,27,23,27,28,24,205,112,29,28,22,30,40,73,235,114
Sankouissi,347,398,745,19,18,10,24,24,28,177,74,22,11,15,18,35,67,165,38
Silkouka,195,266,461,1,8,15,9,15,17,91,48,13,7,3,13,15,53,110,43
Sincéné,422,456,878,14,17,19,28,27,20,184,95,16,22,21,36,28,73,195,83
Tambouè,785,815,1 600,37,45,49,32,51,54,305,146,46,25,23,56,98,150,357,126
Tamsé,260,228,488,14,9,11,16,9,15,93,51,10,8,12,19,16,40,117,48
Tanghin,408,467,875,18,15,30,21,23,31,172,85,30,23,14,22,39,86,202,64
Tinsobtenga,307,336,643,14,11,13,27,18,23,116,54,18,17,15,27,19,65,152,54
Toécé,1 721,1 980,3 701,84,99,102,104,77,101,617,301,91,94,96,181,328,524,742,160
Toudou,586,713,1 299,37,30,35,30,35,32,226,110,51,28,26,60,55,124,300,120
Wiliga,529,613,1 142,25,35,29,25,36,40,235,95,29,29,17,36,49,114,273,75
Yargo,599,642,1 241,27,28,34,31,21,19,219,145,31,38,24,56,61,111,288,108
Yougoudri,340,352,692,20,20,28,25,21,21,144,67,12,14,12,15,41,78,138,36
Zangogo,440,525,965,30,26,21,23,28,35,185,99,29,22,18,32,44,96,202,75
Zorgho,303,329,632,15,15,20,19,14,23,123,61,17,9,8,15,40,88,133,32
,,,,,,,,,,,,,,,,,,,
PROVINCE: NAHOURI,95 844,99 972,195 816,5 154,4 775,5 892,5 941,6 126,6 081,34 865,15 627,5 063,4 141,3 879,7 459,15 082,29 113,37 614,9 004
,,,,,,,,,,,,,,,,,,,
"""COMMUNE: GUIARO  - Rural""",14 317,14 914,29 231,1 079,913,1 177,1 130,1 159,1 130,5 676,2 158,649,520,511,884,2 112,4 437,5 049,647
Bétaré,1 001,1 097,2 098,62,54,93,58,71,67,423,185,52,48,48,72,135,291,372,67
Boala,807,808,1 615,38,36,68,42,58,59,304,138,38,16,34,60,139,285,278,22
Boassan,938,977,1 915,73,52,87,51,71,92,396,137,43,35,35,67,168,294,278,36
Boli,630,661,1 291,42,37,32,42,42,49,252,112,39,25,22,44,80,210,227,36
Bouya,499,507,1 006,28,27,32,44,32,35,204,87,35,26,17,32,61,139,174,33
Guiaro,1 175,1 213,2 388,70,50,80,69,71,72,448,193,71,50,50,64,173,388,449,90
Kana,44,40,84,1,4,4,3,1,1,15,7,1,2,3,2,11,11,15,3
Kollo,578,583,1 161,47,25,36,51,39,39,241,103,27,13,27,30,85,166,190,42
Koro,1 080,1 092,2 172,76,70,92,68,79,74,430,173,43,46,33,82,151,291,415,49
Koumbili,1 245,1 098,2 343,93,34,88,98,80,86,389,135,58,46,43,59,152,425,499,58
Kountioro,469,471,940,31,59,34,47,47,35,166,56,10,8,20,25,72,154,159,17
Natiédougou,707,797,1 504,79,77,72,76,73,66,317,110,24,24,18,37,84,195,234,18
Nikouem,677,780,1 457,55,45,67,66,50,67,299,109,38,25,26,45,101,212,223,29
Nissaré,896,1 026,1 922,101,81,103,88,118,76,356,133,45,43,23,61,122,277,272,23
Nitiana,425,432,857,15,44,24,52,39,37,177,53,20,14,16,21,61,146,132,6
Oualem,342,361,703,25,24,30,23,34,32,116,27,9,7,11,18,47,113,167,20
Poré,1 894,2 059,3 953,188,128,170,167,177,181,808,294,62,65,64,112,334,550,596,57
Sarro,564,570,1 134,32,40,41,54,56,37,193,62,27,14,14,35,84,183,234,28
Sia,346,342,688,23,26,24,31,21,25,142,44,7,13,7,18,52,107,135,13
,,,,,,,,,,,,,,,,,,,
"""COMMUNE: PÔ """,32 205,32 404,64 609,1 559,1 538,1 859,1 824,1 883,1 869,10 764,4 969,1 696,1 492,1 403,2 671,5 558,10 347,12 827,2 350
,,,,,,,,,,,,,,,,,,,
"""COMMUNE: PÔ  - Rural""",18 456,18 074,36 530,837,907,1 113,1 120,1 199,1 157,6 391,2 910,968,806,752,1 414,2 785,5 720,7 147,1 304
Adongo,448,443,891,26,17,18,24,23,26,174,80,21,25,21,36,47,107,209,37
Badongo,890,791,1 681,40,28,28,50,55,48,280,163,51,42,35,65,120,226,404,46
Banon,482,460,942,19,18,23,26,33,20,182,87,22,19,20,45,70,126,192,40
Bourou,331,275,606,16,21,30,15,29,18,118,57,12,8,14,16,39,108,98,7
Dakola,2 709,2 939,5 648,133,182,174,189,163,169,876,427,166,112,110,219,533,1 059,1 005,131
Dongo,469,462,931,34,15,37,34,34,37,168,77,19,30,25,43,63,128,173,14
Fanian,791,761,1 552,20,45,35,32,39,32,241,112,53,39,39,62,143,268,317,75
Gho,525,509,1 034,9,5,42,42,33,33,246,91,26,32,13,18,47,133,239,25
Gougogo,329,312,641,11,13,14,20,19,26,125,42,15,14,18,26,45,87,133,33
Kapori,310,296,606,14,19,20,17,14,19,123,59,16,15,12,26,43,83,100,26
Langouèrou,546,526,1 072,32,21,27,27,29,26,180,87,30,26,18,39,89,141,235,65
Mantiongo,817,755,1 572,67,48,37,59,67,58,258,100,33,32,27,58,99,231,345,53
Nahouri,723,713,1 436,43,43,61,51,49,57,271,101,44,35,19,64,86,229,250,33
Nakoum,434,449,883,36,21,29,28,18,20,130,70,11,20,12,58,83,175,150,22
Pighyiri,127,90,217,4,6,3,3,6,2,36,18,3,6,3,8,25,31,56,7
Pounkouyan,2 181,2 223,4 404,108,95,129,110,119,123,730,381,136,107,111,168,379,642,864,202
Sapina,184,160,344,7,7,10,7,10,13,54,31,10,7,12,10,33,52,69,12
Songo I,977,942,1 919,43,28,40,54,75,60,333,163,49,40,28,75,137,289,382,123
Songo II,1 698,1 650,3 348,45,100,108,88,112,81,620,273,82,74,64,116,254,516,645,170
Tambolo,1 086,1 152,2 238,60,56,76,72,76,88,428,202,73,44,56,93,168,316,366,64
Tamoana,160,152,312,9,11,5,14,7,14,49,27,9,4,8,12,30,48,52,13
Tiakané,1 568,1 415,2 983,39,81,128,124,149,143,550,150,62,44,57,94,152,542,605,63
Torem,255,205,460,10,9,16,16,15,14,57,38,7,8,12,23,42,81,97,15
Yago,185,174,359,8,3,9,9,11,9,65,41,9,13,5,13,26,38,81,19
Yaro,231,220,451,4,15,14,9,14,21,97,33,9,10,13,27,32,64,80,9
,,,,,,,,,,,,,,,,,,,
"""COMMUNE: PÔ - Urbain""",13 749,14 330,28 079,722,631,746,704,684,712,4 373,2 059,728,686,651,1 257,2 773,4 627,5 680,1 046
Secteur 1,2 065,2 220,4 285,147,86,116,98,109,105,617,306,143,99,101,203,434,726,878,117
Secteur 2,901,962,1 863,56,31,61,42,51,64,314,118,50,40,36,83,186,287,361,83
Secteur 3,1 850,1 960,3 810,80,90,95,103,79,85,653,288,99,116,86,161,367,569,797,142
Secteur 4,1 504,1 534,3 038,82,80,86,84,76,69,457,232,63,60,51,119,263,474,698,144
Secteur 5,684,786,1 470,31,13,42,30,34,29,226,99,31,24,35,53,147,235,368,73
Secteur 6,2 304,2 350,4 654,100,114,119,111,101,134,728,331,115,99,109,193,503,828,897,172
Secteur 7,3 863,4 002,7 865,206,196,194,210,199,191,1 191,606,207,229,209,402,811,1 319,1 447,248
Secteur 8,578,516,1 094,20,21,33,26,35,35,187,79,20,19,24,43,62,189,234,67
,,,,,,,,,,,,,,,,,,,
"""COMMUNE: TIEBELE  - Rural""",29 811,31 196,61 007,1 445,1 248,1 647,1 809,1 806,1 846,11 234,5 237,1 595,1 282,1 187,2 306,4 204,8 270,11 968,3 923
Badabié,237,257,494,4,9,5,13,5,18,94,45,19,8,14,19,36,70,102,33
Badiembé,220,218,438,5,9,11,13,10,19,83,33,16,7,4,10,34,73,80,31
Ballérebié I,715,706,1 421,27,21,46,30,36,42,258,134,39,27,34,68,107,171,292,89
Ballérebié II,537,587,1 124,25,28,19,32,37,39,214,89,36,20,23,49,81,135,222,75
Banga-Korabié,336,380,716,14,8,19,23,16,26,146,83,11,20,6,29,48,78,139,50
Banga-Tangassogo,130,123,253,8,1,9,11,9,9,61,19,5,4,4,16,15,31,38,13
Bapania,465,497,962,21,12,24,34,28,32,199,87,13,24,22,33,66,102,180,85
Bloc - AVV-V1,658,691,1 349,29,39,61,47,55,48,242,117,38,23,27,33,83,209,256,42
Bloc - AVV-V2,332,354,686,11,14,36,23,27,18,147,63,19,5,14,15,24,101,143,26
Bloc - AVV-V3,171,201,372,5,5,17,13,17,14,85,15,8,6,3,10,22,69,73,10
Bloc - AVV-V4,252,262,514,10,16,23,23,17,15,112,40,14,6,5,10,34,79,88,22
Bobougounia,34,37,71,0,0,3,5,3,6,11,4,2,4,4,2,0,10,13,4
Boulmona,455,468,923,21,13,21,32,32,28,172,80,24,20,17,39,70,104,173,77
Brébié,538,638,1 176,29,21,40,53,38,40,228,95,28,19,21,41,74,161,223,65
Cora-Lô,297,345,642,17,19,16,18,20,13,130,53,15,10,6,23,40,101,126,35
Dollo-Tangassogo,258,312,570,10,14,22,17,25,20,112,42,16,6,11,23,33,72,108,39
Douabié,1 507,1 719,3 226,79,68,81,109,98,99,631,285,102,74,52,109,208,416,614,201
Doumpoabié-Tangassogo,146,142,288,8,2,9,6,11,2,56,27,6,5,7,13,17,36,55,28
Gorobié,205,226,431,5,6,12,8,6,3,73,48,11,9,9,18,43,42,85,53
Gounia,375,423,798,22,23,22,19,24,33,124,60,29,17,19,30,64,105,160,47
Idénia-Kora,662,699,1 361,36,27,48,39,55,41,277,114,15,31,21,34,81,207,264,71
Idénia-Moa,252,275,527,19,10,10,22,20,23,97,32,5,10,6,21,32,88,104,28
Idénia-Tanga,581,657,1 238,30,37,37,40,46,43,219,95,32,19,18,46,84,192,231,69
Kabrikogagogo,523,610,1 133,29,34,34,41,58,47,194,99,35,9,20,24,72,169,198,70
Kahonia,149,189,338,15,7,17,7,12,8,57,25,11,8,7,9,23,44,68,20
Kassiré,274,282,556,16,12,7,7,17,19,104,44,14,12,14,25,32,74,128,31
Kassola,914,966,1 880,40,38,48,50,47,48,329,192,45,51,42,85,153,242,331,139
Kassongbié,539,593,1 132,22,24,28,28,30,29,205,104,25,19,33,46,78,143,227,91
Kaya- Kantiolo,417,404,821,18,12,22,19,22,33,154,89,25,20,20,27,45,93,163,59
Kaya-fabolo,547,504,1 051,21,11,27,36,39,24,203,109,26,21,15,33,41,171,230,44
Kaya-Kaforo,361,292,653,24,16,12,23,17,24,116,55,20,16,13,32,52,96,105,32
Kaya-Korso,471,458,929,21,13,16,31,22,30,177,79,28,32,14,44,56,129,167,70
Kaya-Navio,848,865,1 713,51,28,41,65,38,42,297,149,44,39,38,71,107,238,322,143
Kaya-Poungou,274,283,557,11,13,11,23,14,16,119,63,21,13,12,9,31,65,97,39
Kollo,1 341,1 302,2 643,75,53,73,85,86,65,506,206,58,56,52,98,188,385,487,170
Kolonia Tangassogo,445,470,915,22,20,22,20,37,36,159,66,26,18,20,27,75,102,184,81
Korabié,1 636,1 636,3 272,80,51,98,82,82,76,509,259,84,87,71,119,265,500,702,207
Koubongo,328,355,683,20,20,28,18,30,20,134,51,16,10,5,26,35,103,131,36
Koumpougoubié,542,539,1 081,43,19,32,33,23,28,165,73,20,22,23,47,90,174,210,79
Kuyou,249,257,506,18,11,18,16,20,14,72,35,12,11,12,24,36,52,110,45
Lagonia,204,189,393,5,9,10,7,7,9,66,39,7,7,6,13,27,50,91,40
Lira-Tangassogo,45,40,85,0,1,2,0,3,1,7,6,1,1,0,5,15,11,23,9
Lô- Moulnia,1 398,1 435,2 833,58,82,70,74,76,80,514,264,81,61,45,123,239,390,544,132
Lô-caloa,584,547,1 131,39,19,26,23,37,34,208,98,29,31,24,32,76,171,217,67
Lô-longo,284,353,637,19,5,13,13,15,25,110,68,22,12,15,26,36,77,141,40
Lô-Polobiéssan,53,62,115,2,2,1,1,1,6,11,8,2,6,2,0,8,13,34,18
Lô-Pouri,860,882,1 742,45,45,37,58,52,47,340,169,49,48,39,71,108,216,315,103
Lô-Sinon,532,511,1 043,20,17,21,36,20,45,194,102,32,24,36,34,73,118,208,63
Mankanon,446,506,952,24,31,20,32,21,37,167,88,24,15,24,33,80,112,179,65
Mankilinia Tangassogo,252,235,487,12,5,8,8,16,9,76,43,15,13,9,28,39,66,106,34
Mantiogonia,184,180,364,11,7,7,7,11,6,61,33,10,5,9,15,32,33,81,36
Mantiongogo,527,526,1 053,19,19,27,32,30,36,220,76,25,26,16,31,43,165,220,68
Moabié-Boungou,306,322,628,15,12,10,22,14,19,108,50,11,11,13,26,53,87,130,47
Nabénia,715,696,1 411,34,22,41,38,40,55,289,136,37,27,26,48,84,160,279,95
Namaguina,147,160,307,2,10,6,6,4,9,58,27,2,8,3,8,27,48,68,21
Nioua,124,146,270,2,3,7,4,2,5,39,20,3,5,5,14,23,30,79,29
Ouédiabié,168,156,324,3,9,12,6,6,8,39,18,5,5,6,19,21,45,99,23
Ouorobié -Tangassogo,432,445,877,24,12,33,33,18,35,166,74,33,9,18,41,49,126,152,54
Pioukouri-Tangassogo,142,157,299,6,5,3,11,10,4,53,26,7,6,2,7,21,55,55,28
Sangbabié,205,262,467,11,10,11,10,12,13,85,43,22,8,8,22,29,56,88,39
Sissoro,297,322,619,19,23,23,15,30,21,123,47,21,10,9,20,32,87,111,28
Tagnania,223,270,493,12,10,12,11,13,10,89,51,9,17,8,22,42,57,90,40
Tindanogo,294,230,524,4,15,9,25,11,24,78,37,7,14,15,16,37,76,108,48
Tiponi,548,601,1 149,24,26,30,24,34,37,232,90,31,15,24,55,90,153,238,46
Tiyalo,1 119,1 214,2 333,55,48,63,67,66,54,439,197,68,47,41,108,165,298,484,133
Yéléania,366,379,745,12,9,12,20,20,20,135,56,22,26,23,39,58,98,145,50
Zeguessiga,135,148,283,7,8,8,12,8,7,56,13,7,7,3,13,22,40,54,18
,,,,,,,,,,,,,,,,,,,
"""COMMUNE: ZECCO  - Rural""",6 380,7 060,13 440,360,347,363,412,396,384,2 315,1 082,343,289,260,585,1 072,1 922,2 578,732
Arrombissi,1 444,1 579,3 023,89,75,74,86,81,67,542,240,71,66,51,142,266,478,570,125
Barré,461,542,1 003,28,15,30,43,34,35,176,72,20,22,14,44,82,122,212,54
Bourouma,610,632,1 242,25,35,29,32,37,36,212,104,34,27,30,56,74,176,268,67
Garwendé,337,365,702,4,25,16,27,22,34,125,53,16,12,14,20,37,120,123,54
Gonré,1 355,1 488,2 843,76,77,76,91,77,75,494,267,70,74,58,108,213,364,559,164
Guian,251,327,578,16,13,14,21,22,24,109,56,15,12,6,19,42,76,101,32
Konkoa,1 178,1 316,2 494,73,71,76,66,80,71,421,183,64,53,45,108,212,362,470,139
Niouabié,214,277,491,12,7,24,15,20,10,87,36,16,5,9,38,43,52,88,29
Songo,234,233,467,13,14,8,18,13,18,71,27,11,9,12,20,46,75,80,32
Zecco-yarcé,53,83,136,3,5,4,4,3,5,16,11,3,2,2,6,9,21,30,12
Zélégo,243,218,461,21,10,12,9,7,9,62,33,23,7,19,24,48,76,77,24
,,,,,,,,,,,,,,,,,,,
"""COMMUNE: ZIOU  - Rural""",13 131,14 398,27 529,711,729,846,766,882,852,4 876,2 181,780,558,518,1 013,2 136,4 137,5 192,1 352
Allobiga,254,277,531,11,10,13,17,12,16,102,41,12,9,11,24,46,66,105,36
Bonga,1 006,1 097,2 103,49,60,50,54,83,58,395,191,54,51,47,78,140,307,404,82
Bossia,329,332,661,15,11,24,20,16,26,118,51,15,10,9,29,60,102,123,32
Dindirgou,236,242,478,14,10,14,14,19,23,102,31,11,13,7,12,34,67,89,18
Done,845,929,1 774,52,47,80,34,58,50,316,163,57,36,26,63,136,226,339,91
Goû,530,622,1 152,37,31,39,31,25,44,211,74,36,17,26,54,68,196,213,50
Guelwongo I,1 621,1 700,3 321,67,62,101,98,102,85,514,257,81,75,66,129,276,586,680,142
Guelwongo II,1 404,1 524,2 928,64,81,66,80,95,80,447,222,85,51,43,135,275,480,578,146
Idénia-Tanga,420,405,825,28,19,15,29,28,26,175,57,30,7,13,17,74,118,155,34
Kanabissi-Sanga,383,446,829,29,25,20,33,27,29,171,67,33,11,17,20,62,110,132,43
Mouma,749,771,1 520,52,52,45,37,43,53,276,107,56,31,40,56,113,210,278,71
Narguia,436,463,899,11,39,27,20,26,26,168,78,28,22,15,29,80,137,140,53
Nimbrongo,342,424,766,22,20,17,16,18,21,132,63,23,32,17,25,63,99,152,46
Pingou,158,130,288,2,6,9,10,10,12,58,22,1,7,5,14,23,50,51,8
Poussi,499,600,1 099,41,27,35,33,38,34,251,91,31,17,17,24,53,148,212,47
Tamissougou,231,292,523,8,20,20,12,17,15,95,40,15,4,5,8,27,92,107,38
Tampelga,108,109,217,10,6,5,8,11,6,48,17,7,5,6,9,14,27,34,4
Tansablaga,18,29,47,1,1,1,1,4,1,7,4,0,3,1,1,7,6,9,0
Tintéka,621,668,1 289,20,37,88,34,50,42,222,90,40,16,18,31,96,183,222,100
Tomabissi,743,879,1 622,66,38,53,50,52,44,293,142,44,35,41,49,110,238,292,75
Tounkini,273,321,594,17,12,22,14,15,19,95,41,28,15,7,26,44,85,124,30
Yelbissi,203,221,424,2,20,15,23,10,17,88,34,11,13,11,22,26,64,58,10
Yorgo,200,214,414,7,11,6,13,11,14,72,53,8,12,9,15,37,50,72,24
Youka,683,741,1 424,37,28,42,40,53,41,208,115,25,28,22,56,125,259,282,63
zancé,432,485,917,24,23,23,17,32,38,164,66,19,23,22,48,68,108,179,63
Zanci,407,477,884,25,33,16,28,27,32,148,64,30,15,17,39,79,123,162,46
,,,,,,,,,,,,,,,,,,,
PROVINCE: ZOUNDWEOGO,146 469,165 576,312 045,9 001,8 482,10 458,10 047,10 205,10 558,58 121,26 828,8 470,6 528,6 363,11 209,21 820,40 923,56 839,16 193
,,,,,,,,,,,,,,,,,,,
"""COMMUNE: BERE  - Rural""",15 634,17 855,33 489,919,922,1 119,1 115,1 135,1 226,6 874,2 924,893,708,622,1 004,2 008,3 992,6 348,1 680
Béré,1 941,2 140,4 081,113,110,104,103,119,111,753,367,131,105,87,155,311,546,759,207
Bougoumbarga,356,402,758,22,21,16,19,9,20,167,72,25,18,18,22,40,89,160,40
Boularé,330,363,693,1,23,26,12,20,24,147,63,19,18,19,33,40,64,139,45
Boulguen,693,888,1 581,46,43,57,48,43,45,356,126,35,35,26,33,87,144,330,127
Bounomtoré,168,219,387,6,7,8,7,9,11,96,43,9,5,6,14,17,28,84,37
Douré,799,987,1 786,43,40,62,55,48,59,384,167,50,41,28,52,80,172,398,107
Goghin,451,502,953,21,19,34,41,26,33,194,125,16,14,22,29,45,96,189,49
Gonsé,477,578,1 055,30,23,29,24,31,45,227,113,34,17,19,45,58,104,193,63
Kondrin,721,874,1 595,44,34,55,46,49,55,340,142,41,44,30,55,81,163,321,95
Koulwoko,1 513,1 591,3 104,114,103,133,112,143,157,652,236,81,63,46,82,176,415,523,68
Luilli-Nobéré,1 145,1 233,2 378,53,47,80,90,81,71,474,172,68,46,42,63,162,311,502,116
Mandié,695,673,1 368,41,36,38,55,41,47,282,113,43,42,28,40,103,169,252,38
Mazoara,1 843,2 214,4 057,139,152,178,195,187,184,841,309,87,80,70,119,255,522,613,126
Nacombogo,308,352,660,18,15,22,16,28,24,134,60,22,17,8,24,31,76,124,41
Roangbanka,1 058,1 164,2 222,72,69,83,95,82,115,447,173,53,32,43,51,172,306,366,63
Sidtenga,380,462,842,10,16,20,24,22,21,157,82,23,23,20,31,45,96,183,69
Signonguen,423,435,858,16,24,19,27,35,35,175,73,20,20,17,21,48,115,164,49
Siguenvoussé,478,625,1 103,20,27,30,34,28,32,241,110,26,14,17,31,41,105,248,99
Sondré,983,1 099,2 082,55,62,65,69,72,79,417,214,54,43,30,51,101,254,388,128
Yackin,372,438,810,25,20,24,11,26,23,158,73,29,18,21,24,42,88,171,57
Yorgo,500,616,1 116,30,31,36,32,36,35,232,91,27,13,25,29,73,129,241,56
,,,,,,,,,,,,,,,,,,,
"""COMMUNE: BINDE  - Rural""",20 076,22 713,42 789,1 153,1 154,1 475,1 419,1 368,1 450,8 182,3 896,1 226,947,929,1 420,2 660,5 046,7 944,2 520
Bana,447,475,922,12,30,19,29,28,37,172,88,30,17,16,25,45,91,205,78
Bangansen,417,453,870,15,20,17,30,26,22,201,81,16,27,12,21,29,101,197,55
Bindé,1 233,1 461,2 694,54,49,81,56,78,67,472,280,76,58,43,98,149,301,571,261
Dapélgo,205,235,440,18,3,15,8,17,13,112,39,15,5,6,3,15,35,97,39
Dayasmnoré,696,776,1 472,18,48,39,40,44,39,254,139,43,48,37,46,106,151,318,102
Guénin,245,292,537,10,13,7,10,15,16,100,62,13,10,18,22,28,53,113,47
Kaïbo-centre,2 016,2 416,4 432,111,120,164,147,142,157,843,391,135,90,113,121,257,591,794,256
Kaïbo-Nord V1,273,327,600,24,16,19,19,14,24,122,64,17,15,15,15,31,71,105,29
Kaïbo-Nord V2,511,521,1 032,30,31,40,35,39,27,235,101,22,12,11,18,50,126,204,51
Kaïbo-Nord V3,319,304,623,17,24,20,29,31,27,124,69,14,5,8,15,32,58,117,33
Kaïbo-Nord V4,169,184,353,17,6,5,12,5,14,72,31,13,6,11,10,26,39,66,20
Kaïbo-Sud V1,331,337,668,23,20,33,29,31,24,114,55,7,13,13,33,43,96,119,15
Kaïbo-Sud V2,188,196,384,15,19,17,12,10,14,79,27,12,4,6,8,29,39,69,24
Kaïbo-Sud V3,152,148,300,5,12,7,6,9,1,60,31,14,4,9,11,15,38,59,19
Kaïbo-Sud V4,205,216,421,10,17,21,18,8,10,84,29,9,8,9,14,33,59,73,19
Kaïbo-Sud V5,685,693,1 378,50,30,42,54,51,48,270,108,37,22,34,60,104,188,227,53
Kaïbo-Sud V6,298,306,604,23,19,20,16,28,19,134,54,20,11,14,25,31,78,95,17
Kaïbo-Sud V7,475,594,1 069,33,51,38,45,48,41,228,102,19,9,17,37,61,139,171,30
Kazanga,340,360,700,12,14,12,22,16,23,131,74,21,19,12,16,36,66,146,80
Koanken,991,1 261,2 252,61,50,58,47,60,83,413,195,75,48,41,91,121,213,503,193
Kononkongo,1 359,1 364,2 723,70,55,77,79,77,82,509,239,82,57,50,82,188,307,584,185
Lilgomdé,547,658,1 205,32,26,30,35,32,26,221,122,38,26,26,31,62,131,274,93
Nonguen,462,654,1 116,30,18,40,29,40,22,245,88,29,34,18,40,50,118,220,95
Ouda,769,945,1 714,32,38,56,41,33,67,327,156,53,47,42,67,82,179,345,149
Pougoudou,139,136,275,8,5,10,6,10,9,48,38,5,4,4,6,13,26,66,17
Simbri,545,685,1 230,33,32,37,45,36,47,257,123,32,31,13,23,71,126,235,89
Sinikiéré,2 197,2 388,4 585,149,127,179,168,161,166,788,409,157,144,130,182,391,601,669,164
Sondré-Est,1 502,1 588,3 090,102,81,162,131,103,123,571,240,86,75,86,127,245,395,469,94
Tanghin,395,540,935,25,25,27,29,15,35,186,85,25,18,20,28,50,83,209,75
Tigré,1 486,1 696,3 182,89,121,141,153,130,133,605,275,77,72,76,108,204,429,480,89
Toéyoko,479,504,983,25,34,42,39,31,34,205,101,34,8,19,37,63,118,144,49
,,,,,,,,,,,,,,,,,,,
"""COMMUNE: GOGO  - Rural""",23 745,25 874,49 619,1 610,1 460,1 750,1 789,1 789,1 854,9 585,4 121,1 277,909,956,1 533,3 212,6 656,8 770,2 348
Basbédo,1 000,1 095,2 095,75,45,61,69,79,74,397,169,55,42,34,46,101,246,451,151
Dougou,544,603,1 147,31,31,35,39,45,40,256,103,13,13,13,28,35,138,244,83
Gogo,2 641,2 964,5 605,142,145,157,193,177,175,986,465,172,94,111,211,398,745,1 051,383
Ipala,214,245,459,11,12,18,20,7,24,81,40,12,9,6,12,20,60,95,32
Kondré,681,816,1 497,37,44,40,49,48,45,289,145,39,35,26,46,71,189,284,110
Koppelin,1 730,1 844,3 574,120,109,145,123,141,134,672,314,89,69,79,118,283,506,560,112
Manga-Est V1,741,766,1 507,44,46,54,48,65,51,268,146,47,28,39,51,94,245,238,43
Manga-Est V2,564,659,1 223,49,42,52,49,53,45,215,86,37,15,16,38,116,180,180,50
Manga-Est V3,492,537,1 029,35,46,33,29,39,42,196,94,22,23,11,30,53,131,185,60
Manga-Est V4,375,406,781,26,25,21,30,19,25,163,89,24,15,12,21,39,86,147,39
Mouzi,1 398,1 517,2 915,125,67,82,110,98,94,580,253,81,61,70,126,207,424,441,96
Nagrigré,2 152,2 275,4 427,157,148,173,164,145,192,794,311,116,83,103,165,384,687,688,117
Norghin,1 198,1 219,2 417,67,73,101,105,90,109,483,217,55,48,54,68,144,282,437,84
Pagomtoécé,739,776,1 515,45,46,79,62,53,46,272,121,39,25,21,47,83,182,292,102
Parkiri,317,336,653,16,28,24,21,18,18,119,53,23,21,6,23,48,58,134,43
Pengwendé,256,239,495,11,12,24,18,16,25,108,46,17,9,6,8,29,66,93,7
Pissi,522,554,1 076,46,24,37,43,38,38,203,76,35,22,20,23,60,157,207,47
Rabinsma,669,716,1 385,54,39,49,61,43,53,271,116,27,31,23,35,86,191,245,61
Safoula,511,534,1 045,37,33,50,43,40,47,210,81,20,9,18,38,65,130,179,45
Samtenga,1 251,1 385,2 636,84,75,81,97,95,88,537,232,78,40,45,75,164,343,443,159
Thiougou,1 926,2 121,4 047,124,123,126,123,160,146,792,338,97,84,84,114,259,597,704,176
Yambassé,1 483,1 657,3 140,115,102,129,122,153,153,667,225,66,35,59,85,178,410,506,135
Zaptinga II,474,553,1 027,26,33,43,26,38,42,211,86,17,18,14,26,60,134,197,56
Zimtenga,402,475,877,38,29,32,44,25,28,180,68,17,19,17,22,55,101,161,41
Zirbaré,899,1 003,1 902,59,60,61,63,59,89,405,146,40,29,37,46,104,234,396,74
Zoungou,566,579,1 145,36,23,43,38,45,31,230,101,39,32,32,31,76,134,212,42
,,,,,,,,,,,,,,,,,,,
"""COMMUNE: GOMBOUSSOUGOU  - Rural""",32 263,38 447,70 710,2 522,2 324,2 751,2 568,2 587,2 553,12 389,5 767,1 892,1 495,1 471,2 850,5 667,9 904,11 174,2 796
Boebango,1 058,1 267,2 325,86,89,79,90,96,68,450,197,59,51,51,88,184,278,360,99
Bougouré,238,274,512,10,8,32,22,24,24,95,44,9,9,9,16,30,77,78,25
Bourzem,846,1 065,1 911,70,59,100,74,70,79,328,156,47,35,51,91,155,262,273,61
Boussougou,7 107,8 229,15 336,566,445,519,532,493,488,2 471,1 247,404,310,328,698,1 323,2 342,2 576,594
Dassanga,910,1 140,2 050,58,75,123,76,69,78,303,135,47,51,31,79,151,325,369,80
Dindeogo,1 254,1 470,2 724,101,90,108,100,89,109,486,197,70,51,41,107,235,431,388,121
Dirzé,1 486,1 963,3 449,146,126,147,140,119,124,612,318,99,68,73,127,223,434,539,154
Foungou,931,974,1 905,23,41,84,53,70,69,396,186,90,56,42,72,121,262,290,50
Gnetaya,1 234,1 558,2 792,81,109,92,96,121,102,491,221,74,80,53,110,216,388,416,142
Gnimitenga,125,135,260,9,3,8,5,11,7,46,23,4,7,4,10,19,35,48,21
Gombo-Bourfou,715,776,1 491,50,60,59,50,55,63,242,115,42,31,38,52,134,215,234,51
Goulagon,870,991,1 861,64,73,54,56,48,68,289,153,46,43,35,94,166,289,294,89
Goyenga,2 200,2 763,4 963,191,163,241,180,206,210,932,415,148,103,95,167,381,627,718,186
Kipala de Dassanga,273,398,671,17,21,29,29,21,20,118,44,8,18,13,22,53,87,142,29
Kipala de Gnetaya,196,192,388,7,16,20,7,15,17,75,32,5,4,11,12,29,49,69,20
Korguereya,964,1 246,2 210,87,67,83,89,82,81,395,201,56,53,45,78,175,303,331,84
Leoupo,978,1 149,2 127,70,80,88,78,76,81,349,163,67,46,34,94,182,311,333,75
Mediga,3 430,4 459,7 889,307,270,309,292,292,283,1 546,657,207,145,159,312,574,1 046,1 179,311
Mounibaogo,694,755,1 449,50,43,58,66,54,76,258,98,30,18,22,52,105,222,240,57
Nombira,813,953,1 766,74,70,60,73,59,58,300,141,45,39,47,79,165,230,265,61
Nomboya,348,420,768,38,23,32,30,33,18,141,59,28,18,18,35,58,102,102,33
Nonyan,436,543,979,40,34,43,52,39,33,150,84,24,25,15,42,99,127,140,32
Saré-Peulh,494,514,1 008,34,18,37,39,44,35,178,83,30,21,39,41,104,126,166,13
Taya,336,384,720,20,29,20,28,26,17,126,56,13,19,16,33,59,110,123,25
Tenguemnoré,901,919,1 820,46,64,68,65,90,66,284,121,33,31,33,67,157,253,349,93
Tiéré,344,320,664,31,29,21,22,21,22,82,54,20,26,24,20,74,108,87,23
Yalga,1 041,1 170,2 211,91,63,81,76,93,102,463,194,66,35,47,78,136,308,317,61
Yarsipiga,534,628,1 162,37,39,52,39,51,42,224,86,37,26,33,38,78,155,179,46
Zourma-Kita,1 507,1 792,3 299,118,117,104,109,120,113,559,287,84,76,64,136,281,402,569,160
,,,,,,,,,,,,,,,,,,,
"""COMMUNE: GUIBA  - Rural""",14 775,17 097,31 872,784,693,961,868,952,988,6 223,2 806,919,702,599,1 121,1 929,3 748,6 392,2 187
Banguessom,322,433,755,19,6,22,23,24,22,152,85,11,12,14,21,46,73,160,65
Bilbalgo,1 293,1 482,2 775,49,72,85,67,61,69,545,257,81,75,69,111,186,333,508,207
Boura,849,1 025,1 874,38,35,55,36,49,52,356,203,57,34,30,72,89,176,430,162
Dissomey,708,744,1 452,26,32,43,42,44,47,286,141,45,39,23,46,71,167,327,73
Garancé,386,427,813,31,60,22,32,32,7,115,36,27,13,14,33,71,97,175,48
Guéré,1 495,1 723,3 218,75,74,87,82,103,102,671,251,112,70,68,113,184,392,661,173
Guéré-Goghin,441,508,949,28,24,31,29,36,29,172,93,18,17,21,24,58,104,189,76
Guiba,626,705,1 331,36,16,49,32,23,21,224,118,40,45,32,64,128,157,262,84
Imasgo,740,858,1 598,44,29,53,38,42,57,343,160,45,43,31,49,98,158,313,95
Kalenga,910,1 012,1 922,49,29,80,74,71,82,364,133,57,31,36,57,144,283,356,76
Koankin,615,708,1 323,31,30,39,32,32,34,240,127,42,39,18,51,96,136,269,107
Kougbaga,638,794,1 432,40,46,33,47,34,42,350,122,37,20,15,48,74,117,309,98
Ouétenga,897,1 035,1 932,41,41,77,45,64,80,378,155,47,43,27,61,123,273,357,120
Parougri,779,839,1 618,63,45,50,55,73,53,278,104,49,23,23,48,100,278,290,86
Saonghen,499,664,1 163,38,19,43,42,36,34,260,90,31,23,13,27,47,108,249,103
Sougou,737,825,1 562,49,37,43,34,64,55,289,117,39,33,28,59,94,242,263,116
Tanghin,653,785,1 438,37,23,49,29,42,37,271,144,48,24,38,58,72,169,285,112
Tiédin,469,551,1 020,14,26,9,24,19,28,190,112,37,33,24,59,53,85,224,83
Tingretenga,537,632,1 169,8,12,28,43,38,53,210,111,28,33,36,53,101,82,253,80
Toémissi,479,578,1 057,27,11,21,26,27,38,199,115,42,29,18,37,40,101,227,99
Yakin,702,769,1 471,41,26,42,36,38,46,330,132,26,23,21,30,54,217,285,124
,,,,,,,,,,,,,,,,,,,
"""COMMUNE: MANGA """,21 314,22 760,44 074,1 074,976,1 181,1 126,1 130,1 107,7 119,3 702,1 247,995,1 011,2 026,3 966,6 590,8 382,2 442
,,,,,,,,,,,,,,,,,,,
"""COMMUNE: MANGA  - Rural""",7 539,7 920,15 459,371,351,470,439,427,476,2 834,1 360,444,328,268,555,1 002,1 996,3 052,1 086
Basgana,1 307,1 482,2 789,59,71,101,86,93,97,548,248,82,59,51,125,150,371,473,175
Ganwoko,373,464,837,17,14,34,27,19,25,168,69,26,7,15,25,73,91,161,66
Gastoèga,231,221,452,5,3,6,8,17,7,52,22,4,4,2,4,32,131,126,29
Kira,293,287,580,17,13,11,25,8,17,102,58,24,11,15,18,37,75,113,36
Larga,332,309,641,11,14,5,22,6,13,117,67,15,21,15,28,52,78,132,45
Léongo,428,410,838,23,12,32,26,24,33,170,76,36,12,12,20,41,103,149,69
Mokin,670,730,1 400,44,45,40,32,50,45,258,129,34,45,26,59,91,148,279,75
Nassamba,163,165,328,9,4,13,9,8,9,45,32,8,12,6,24,31,38,63,17
Pouswoko,564,514,1 078,28,37,34,39,31,40,185,95,30,17,19,39,42,159,192,91
Sakuilga,1 187,1 335,2 522,73,80,79,71,73,91,483,197,56,51,28,82,145,290,535,188
Tintinga,325,347,672,11,4,15,8,19,9,114,74,20,19,14,27,38,73,160,67
Toula,569,533,1 102,31,25,34,32,24,26,186,87,33,35,28,31,92,131,225,82
Zamsé,501,437,938,20,14,27,25,24,38,183,72,28,9,13,32,83,157,162,51
Zaptenga,252,302,554,12,8,20,14,17,11,97,58,20,12,8,19,40,69,110,39
Ziglila,344,384,728,11,7,19,15,14,15,126,76,28,14,16,22,55,82,172,56
,,,,,,,,,,,,,,,,,,,
"""COMMUNE: MANGA - Urbain""",13 775,14 840,28 615,703,625,711,687,703,631,4 285,2 342,803,667,743,1 471,2 964,4 594,5 330,1 356
Secteur 1,1 417,1 432,2 849,53,62,62,65,49,73,421,256,74,62,93,139,257,389,606,188
Secteur 2,2 210,2 505,4 715,126,80,104,113,119,102,745,417,148,100,107,210,413,666,962,303
Secteur 3,5 256,5 559,10 815,272,269,272,250,282,257,1 573,892,296,272,284,563,1 113,1 847,1 924,449
Secteur 4,2 987,3 241,6 228,179,132,164,147,148,125,871,487,158,153,176,354,816,1 023,1 074,221
Secteur 5,1 905,2 103,4 008,73,82,109,112,105,74,675,290,127,80,83,205,365,669,764,195
,,,,,,,,,,,,,,,,,,,
"""COMMUNE: NOBERE - Rural""",18 662,20 830,39 492,939,953,1 221,1 162,1 244,1 380,7 749,3 612,1 016,772,775,1 255,2 378,4 987,7 829,2 220
Bakaogo,555,602,1 157,32,24,36,50,33,49,230,105,34,22,18,40,68,164,193,59
Barsé,503,523,1 026,16,36,34,36,43,46,210,99,20,24,16,31,66,120,181,48
Bion,1 023,1 188,2 211,75,56,54,61,85,89,448,212,62,39,43,61,99,265,428,134
Bisboumbou,701,720,1 421,24,29,43,44,46,65,266,124,31,30,23,50,78,203,281,84
Dakiekma,399,461,860,23,19,20,27,24,22,196,78,21,21,20,27,41,72,195,54
Donsin,1 000,1 190,2 190,74,75,71,62,70,82,395,184,50,40,44,74,144,321,392,112
Kambo,532,653,1 185,31,21,18,23,33,31,229,118,34,27,27,52,64,115,255,107
Kataga,468,489,957,28,10,33,36,31,40,186,87,13,30,14,27,54,115,204,49
Koanken,208,218,426,4,12,21,8,10,17,85,44,11,8,7,15,28,64,77,15
Kougrissensen,233,259,492,13,14,18,19,24,18,98,33,19,7,6,16,24,64,100,19
Lamzoussi,258,272,530,12,10,15,7,18,15,114,46,14,10,14,15,23,78,113,26
Linonguen,360,467,827,24,29,23,21,32,34,177,87,20,11,14,16,37,88,166,48
Nioryida,797,918,1 715,53,38,67,58,61,59,323,143,50,33,24,51,115,233,314,93
Nobéré,2 297,2 626,4 923,116,117,122,143,119,153,826,452,121,99,121,184,368,682,1 044,256
Nobili,1 168,1 316,2 484,57,74,91,65,84,69,509,211,63,46,51,85,155,314,475,135
Passentenga,878,826,1 704,42,43,50,58,53,55,313,134,50,35,34,65,103,247,320,102
Pegwendé,209,213,422,12,15,14,18,13,20,81,30,10,5,1,14,35,60,81,13
Pissi,1 603,1 744,3 347,50,78,127,101,101,120,708,323,76,48,57,86,195,431,657,189
Pougnerkougri,716,854,1 570,44,57,49,32,55,57,311,155,44,30,44,48,89,179,291,85
Sarogo,622,687,1 309,12,28,53,41,34,40,264,135,38,22,34,40,94,148,253,73
Séloghin,243,288,531,11,8,5,10,11,20,103,51,16,16,9,29,35,56,119,32
Soulougré,539,573,1 112,28,19,40,23,35,33,223,95,24,27,15,28,93,129,220,80
Tampouy,708,813,1 521,40,28,34,58,57,34,312,176,51,40,25,41,50,138,344,93
Tamsé,270,289,559,15,16,15,19,14,19,121,50,15,10,11,17,36,92,87,22
Téomiguen,279,359,638,5,12,18,15,19,26,151,64,15,10,14,15,23,71,149,31
Téwaka,741,792,1 533,36,37,60,38,47,61,283,134,38,21,34,41,102,230,303,68
Togsé,661,694,1 355,33,26,47,38,46,61,260,116,26,30,21,43,69,184,277,78
Zagablé,691,796,1 487,29,22,43,51,46,45,327,126,50,31,34,44,90,124,310,115
,,,,,,,,,,,,,,,,,,,
REGION: EST,952 679,990 126,1 942 805,62 599,65 412,79 901,84 263,79 262,81 875,386 689,148 378,47 726,37 707,39 020,78 429,155 857,271 922,273 379,50 386
,,,,,,,,,,,,,,,,,,,
PROVINCE: GNAGNA,329 534,346 942,676 476,22 634,23 537,29 694,29 572,28 367,28 289,132 208,50 561,16 068,12 016,14 695,26 650,55 368,92 776,95 292,18 749
,,,,,,,,,,,,,,,,,,,
"""COMMUNE: BILANGA - Rural""",67 604,72 301,139 905,3 794,4 790,6 231,6 114,6 206,6 140,28 599,10 812,3 465,2 482,2 927,5 212,10 398,19 520,19 132,4 083
Balamanou,367,385,752,18,12,31,32,31,39,156,62,19,19,18,29,58,85,125,18
Banga,774,872,1 646,36,44,53,61,65,66,311,133,53,45,47,57,107,264,256,48
Bartiboagou,177,178,355,16,3,17,14,12,15,75,26,9,2,13,9,25,54,49,16
Benhourgou,733,773,1 506,52,53,66,79,76,96,323,83,39,20,28,41,106,187,207,50
Bilamperga,1 758,1 777,3 535,95,101,168,152,164,139,762,282,59,62,77,138,276,455,480,125
Bilamperga-Peulh,132,116,248,12,3,10,8,12,8,56,12,4,4,7,14,19,31,43,5
Bilanga,3 348,3 400,6 748,209,201,190,181,202,198,1 089,564,241,211,241,468,753,954,881,165
Bilanga-Peulh,158,212,370,22,2,20,25,18,26,63,19,16,8,15,9,24,53,45,5
Bilanga-Yanga,1 349,1 516,2 865,3,180,150,104,174,71,489,228,70,47,44,116,228,399,466,96
Bilanga-Yanga Peulh,364,398,762,9,26,22,33,18,33,160,81,22,9,16,23,56,128,108,18
Bossongri,1 820,1 763,3 583,66,195,171,188,205,134,704,214,66,71,47,129,338,531,434,90
Botou,747,832,1 579,39,37,48,54,46,57,282,121,36,40,30,67,119,267,279,57
Boungou,2 330,2 281,4 611,199,126,189,189,205,220,909,329,99,98,100,180,414,639,586,129
Bourpangou,464,466,930,23,19,39,39,30,40,207,71,15,24,19,31,79,157,105,32
Boutouanou,598,702,1 300,34,60,69,76,72,72,276,91,30,9,20,28,93,193,146,31
Cissa,666,750,1 416,18,52,83,72,71,74,285,111,31,18,33,44,104,190,186,44
Diamdiara,1 019,1 197,2 216,74,69,82,101,89,125,496,183,57,27,38,64,145,278,319,69
Diamdoari,381,413,794,31,39,38,31,38,45,159,67,24,9,20,25,46,102,98,22
Diankoudoungou,1 228,1 397,2 625,77,92,107,128,117,114,534,206,80,35,51,70,157,390,374,93
Diapoadougou,2 166,2 196,4 362,82,175,176,178,172,201,820,326,111,72,107,202,419,669,566,86
Diela,879,909,1 788,65,70,87,71,87,76,393,139,29,22,34,62,129,252,220,52
Dipienga,4 534,4 417,8 951,256,273,376,365,377,399,1 826,722,245,187,208,342,661,1 296,1 166,252
Dola,462,498,960,19,30,45,39,49,50,225,61,25,15,23,38,50,123,148,20
Doundougou,269,290,559,8,28,31,29,41,16,94,38,15,13,8,20,35,95,80,8
Fétary,1 245,1 278,2 523,68,51,111,113,107,128,576,220,72,56,41,70,180,339,332,59
Garpieni,430,426,856,35,32,33,40,64,26,168,61,19,6,15,27,61,119,119,31
Gninsonguin,877,929,1 806,57,58,75,90,74,84,386,145,46,27,21,67,146,243,250,37
Gomponsgou,614,651,1 265,8,49,59,51,48,53,220,85,27,18,32,46,90,223,211,45
Guinoama,478,478,956,31,51,36,59,70,32,192,68,22,10,23,25,68,127,127,15
Harboungou,582,613,1 195,25,33,47,41,50,48,242,95,27,17,31,57,117,149,183,33
Hartery,1 548,1 800,3 348,57,135,197,183,159,155,666,216,65,44,72,120,270,521,401,87
Karbani,509,519,1 028,47,28,40,45,43,47,240,78,17,23,22,32,52,132,154,28
Kibaré,1 214,1 320,2 534,74,104,113,112,112,119,515,189,78,38,71,107,192,339,297,74
Kiryomdéni,465,444,909,12,34,28,41,35,56,186,69,27,18,26,37,57,150,112,21
Kogodou,2 318,2 375,4 693,121,130,189,165,165,173,894,384,145,101,94,188,400,703,683,158
Koguina,796,829,1 625,8,43,76,66,68,74,376,127,41,33,25,72,131,260,170,55
Kolonkomi,1 471,1 584,3 055,75,111,232,136,187,157,612,182,49,31,64,104,222,428,406,59
Koulmasga,284,363,647,8,10,44,18,47,22,136,47,15,17,18,20,33,98,92,22
Moadéga,817,834,1 651,9,91,72,81,64,90,361,121,40,26,32,41,95,252,226,50
Moaka,2 847,3 490,6 337,225,251,225,277,285,279,1 446,565,148,109,107,189,293,694,1 011,233
Nagniangou,701,764,1 465,52,35,70,67,64,86,318,106,29,28,27,43,106,180,210,44
Ougarou,3 237,3 449,6 686,123,284,319,322,293,339,1 374,487,174,127,136,244,569,917,814,164
Pantanloana,677,746,1 423,40,35,63,56,58,57,293,96,39,30,30,55,115,203,213,40
Paparcé,606,779,1 385,76,49,52,69,49,64,294,118,22,16,44,39,83,191,195,24
Papayenga-Diambanga,555,572,1 127,29,40,48,70,59,63,234,70,16,12,15,33,84,158,160,36
Piaga,762,748,1 510,1,61,66,62,55,83,332,141,33,29,25,80,114,193,188,47
Pissi,339,407,746,30,23,41,34,28,39,165,52,20,10,18,14,61,100,92,19
Pognankanré,1 218,1 466,2 684,92,97,103,142,115,121,632,240,76,29,39,61,139,299,388,111
Sabra,1 465,1 427,2 892,97,85,150,134,148,108,544,219,52,58,76,109,227,400,415,70
Sagadou,371,395,766,20,27,26,23,25,35,173,61,24,14,21,31,45,97,109,35
Saougou,538,538,1 076,73,41,26,109,25,24,198,80,22,24,20,33,69,168,136,28
Sebga,791,871,1 662,67,54,85,66,67,81,337,133,45,23,39,59,139,221,201,45
Sékouantou,862,817,1 679,18,60,75,56,78,67,357,156,48,28,26,65,129,254,223,39
Silguin,852,1 016,1 868,68,42,64,75,60,102,436,158,60,31,37,58,92,224,274,87
Soultenga,670,781,1 451,3,52,77,61,75,61,308,145,34,25,21,35,68,226,229,31
Tampédou,2 021,2 330,4 351,121,191,247,245,204,188,946,294,102,61,80,141,287,580,529,135
Tampiokin,404,428,832,31,24,40,35,20,46,151,68,14,10,24,40,73,128,111,17
Tanibiaga,532,572,1 104,56,32,69,55,94,37,195,49,23,10,15,48,69,158,166,28
Thimborgou,234,240,474,10,13,21,16,11,26,102,47,11,8,6,11,40,66,63,23
Tiapaga,1 723,1 770,3 493,136,129,174,128,203,121,678,301,88,49,74,135,220,464,479,114
Tiguili,481,478,959,7,26,63,47,43,45,209,68,19,8,16,24,80,126,148,30
Tindané,294,360,654,8,23,26,33,18,37,113,43,8,10,15,27,40,99,128,26
Tindané de Bilanga,355,443,798,0,6,14,17,40,30,205,70,26,7,9,62,78,90,102,42
Tobou,1 123,1 137,2 260,81,52,89,84,94,87,439,190,61,56,42,96,161,382,295,51
Tobou-Peulh,173,154,327,6,10,4,10,5,6,53,31,6,11,5,36,27,68,42,7
Tohogodou,646,728,1 374,10,27,75,65,58,58,333,104,36,14,21,51,89,205,189,39
Yacabé,579,658,1 237,86,32,75,42,63,51,236,71,29,25,31,42,87,159,173,35
Yassoumbaga,442,495,937,0,13,61,38,37,49,180,73,30,28,23,39,77,131,140,18
Yougpangou,1 464,1 832,3 296,129,117,135,156,141,147,771,291,69,52,48,72,146,370,509,143
Yougpankoudougou,271,229,500,1,9,28,30,27,25,83,29,16,8,6,21,36,94,70,17
,,,,,,,,,,,,,,,,,,,
"""COMMUNE: BOGANDE""",62 878,66 065,128 943,4 273,4 711,5 210,5 350,5 107,4 950,24 727,9 647,3 066,2 323,2 877,5 368,11 113,17 721,18 902,3 598
,,,,,,,,,,,,,,,,,,,
"""COMMUNE: BOGANDE - Rural""",52 358,55 142,107 500,3 646,4 216,4 644,4 696,4 556,4 415,21 508,7 737,2 339,1 649,2 139,3 773,8 435,14 829,15 832,3 086
Babri,1 678,1 820,3 498,117,122,158,139,148,164,710,268,85,65,48,116,277,528,464,89
Banikidi,1 506,1 585,3 091,113,124,130,130,120,127,592,223,77,54,52,119,265,395,479,91
Benfoaka,1 238,1 389,2 627,68,88,125,128,96,106,535,188,68,41,67,103,219,338,397,60
Boukouin,1 451,1 576,3 027,125,96,123,142,120,151,633,274,69,52,74,99,225,404,381,59
Dapili,1 219,1 350,2 569,105,128,119,93,118,119,518,183,45,33,51,110,174,313,359,101
Dionfirga,878,902,1 780,37,85,94,89,109,67,343,106,49,27,52,64,161,227,227,43
Gnimpiendi,715,735,1 450,34,66,67,73,71,49,304,105,35,23,30,52,100,165,227,49
Gorgouin,504,494,998,24,30,49,40,39,30,210,83,27,19,19,40,96,129,133,30
Guitanga,974,1 043,2 017,69,68,89,87,81,76,397,150,56,32,58,67,183,247,304,53
Hinga,673,721,1 394,40,44,55,60,53,65,293,106,20,20,27,50,115,188,221,37
Kankalsi,1 510,1 605,3 115,87,118,105,119,135,140,621,198,66,37,55,89,267,497,500,81
karamama,501,543,1 044,33,55,56,40,52,54,196,81,19,15,19,42,85,140,123,34
Kierguin,4 834,5 335,10 169,367,368,451,445,429,415,2 059,726,229,144,198,383,765,1 449,1 463,278
Kodjoani-kankalsi,928,961,1 889,58,72,81,78,87,84,399,157,28,30,45,70,115,248,283,54
Kodjoani-léoura,818,916,1 734,66,67,82,82,82,86,362,126,31,29,44,52,101,221,249,54
Kohoura,1 094,1 173,2 267,151,85,121,108,113,72,430,135,30,13,55,85,197,297,322,53
Komboassi,964,930,1 894,71,86,56,72,73,68,387,146,44,32,44,51,144,269,292,59
Komoassi,1 074,1 074,2 148,121,96,98,104,106,70,318,81,21,30,25,61,189,374,377,77
Komonga,1 386,1 458,2 844,81,137,118,125,127,106,609,204,63,46,56,111,206,369,404,82
Kossougoudou,1 355,1 419,2 774,80,103,106,98,125,106,567,237,67,56,53,106,214,367,408,81
Kottia,856,921,1 777,43,58,69,79,62,71,365,130,29,19,45,71,178,253,255,50
Léoura,1 665,1 638,3 303,49,99,114,127,97,123,627,305,108,73,73,139,309,497,467,96
Léoura-Corga,855,873,1 728,106,75,83,73,67,71,318,104,48,32,39,63,122,232,237,58
Nagaré,3 820,3 953,7 773,186,330,352,376,312,317,1 520,605,199,139,149,253,626,1 055,1 150,204
Namountergou,471,489,960,30,37,47,49,39,41,182,70,20,20,12,31,75,133,142,32
Nindangou,1 857,1 912,3 769,142,170,131,179,172,153,753,234,62,28,67,107,237,544,607,183
Ognoadéni,1 240,1 262,2 502,85,102,114,128,109,104,497,186,49,31,54,64,214,380,337,48
Ouadangou,2 684,2 886,5 570,165,195,255,243,199,248,1 192,394,113,80,82,193,437,749,891,134
Ouapassi,418,423,841,35,47,24,46,28,31,158,66,9,12,20,35,67,105,127,31
Samou,1 393,1 490,2 883,100,106,127,128,118,95,510,239,73,57,54,133,251,424,388,80
Samou-Folga,1 245,1 175,2 420,114,90,122,120,108,104,497,184,58,32,48,86,180,305,316,56
Samou-Gabondi,598,603,1 201,35,38,35,52,50,42,254,100,26,24,15,30,99,186,194,21
Samou-Mama,560,627,1 187,71,52,74,52,54,44,199,80,24,17,27,38,92,139,189,35
Sorgha,1 628,1 743,3 371,75,148,151,138,153,148,654,239,64,47,61,126,295,509,480,83
Tanlomo,1 331,1 362,2 693,116,93,124,151,125,135,531,166,42,28,37,93,187,357,431,77
Thiargou,831,806,1 637,103,74,82,73,74,61,357,95,29,20,21,55,101,228,235,29
Thiéry,5 606,5 950,11 556,344,464,457,430,505,472,2 411,763,257,192,263,386,867,1 568,1 773,404
,,,,,,,,,,,,,,,,,,,
"""COMMUNE: BOGANDE - Urbain""",10 520,10 923,21 443,627,495,566,654,551,535,3 219,1 910,727,674,738,1 595,2 678,2 892,3 070,512
Secteur 1,3 064,3 234,6 298,192,162,197,170,185,172,976,551,176,182,180,390,725,903,984,153
Secteur 2,2 839,2 784,5 623,128,133,119,141,133,91,630,526,238,218,260,598,874,828,621,85
Secteur 3,1 871,1 857,3 728,90,99,90,119,96,87,561,324,118,124,117,264,546,497,502,94
Secteur 4,1 418,1 601,3 019,79,40,80,125,63,97,528,277,141,90,84,186,275,304,547,103
Secteur 5,662,721,1 383,44,28,48,50,36,41,237,125,29,34,56,92,159,162,204,38
Secteur 6,666,726,1 392,94,33,32,49,38,47,287,107,25,26,41,65,99,198,212,39
,,,,,,,,,,,,,,,,,,,
"""COMMUNE: COALLA**  - Rural""",42 413,44 508,86 921,4 072,3 122,4 200,3 814,3 792,3 651,16 528,6 079,1 970,1 502,1 941,3 344,7 147,11 217,12 160,2 382
Baka,733,726,1 459,68,52,70,64,64,61,278,102,33,25,33,56,120,188,205,40
Ballé,1 114,1 103,2 217,104,80,108,97,97,93,423,155,50,38,49,85,182,285,310,61
Bamasgou,1 425,1 545,2 970,139,106,143,130,129,124,569,207,67,51,66,115,244,384,415,81
Bambrigoani,252,290,542,26,19,26,23,23,22,105,37,12,10,12,22,44,70,76,15
Bampouringa,1 411,1 412,2 823,132,102,137,124,123,119,535,198,64,49,63,108,232,364,395,78
Bani,1 045,1 121,2 166,101,78,104,95,94,91,414,151,49,37,48,84,178,280,303,59
Banidjoari,631,599,1 230,58,45,60,54,54,51,232,86,28,22,28,47,100,159,172,34
Bombontiangou,1 283,1 335,2 618,122,94,126,115,114,110,498,183,60,46,58,101,215,338,366,72
Boudabga,792,898,1 690,79,61,81,74,73,71,320,118,38,30,38,66,140,219,236,46
Boukargou*,1 643,1 723,3 366,157,120,163,148,147,141,640,236,76,58,76,129,277,435,471,92
Boula,949,964,1 913,90,69,92,84,83,81,363,134,43,33,43,73,157,247,268,53
Coalla,950,1 048,1 998,94,72,96,88,87,84,378,140,45,34,45,77,165,259,279,55
Darsalam,1 002,986,1 988,93,71,96,87,87,84,378,140,46,34,44,76,163,256,279,54
Diagourou*,1 607,1 687,3 294,155,118,159,144,143,138,629,230,75,56,73,127,271,425,461,90
Diankongou,969,1 075,2 044,96,73,98,90,89,86,390,142,46,36,46,78,168,264,286,56
Didiemba,1 344,1 497,2 841,133,102,137,125,124,120,538,198,64,49,64,109,234,368,398,78
Dielkou,1 002,941,1 943,91,69,94,85,85,82,371,137,45,33,43,74,159,250,272,53
Doyana,546,661,1 207,57,43,58,53,52,51,229,84,27,21,27,47,100,156,169,33
Fantiangou*,824,860,1 684,79,61,81,74,74,71,320,118,38,29,37,65,138,218,235,46
Ganta,1 894,1 992,3 886,182,140,187,170,169,163,741,272,88,67,87,150,319,502,543,106
Gnimpiema*,1 091,1 143,2 234,104,80,107,98,97,94,424,157,51,39,50,86,184,289,312,62
Goulmodjo*,1 301,1 368,2 669,125,96,129,117,117,113,504,187,60,46,59,103,220,345,374,74
Goundou,425,417,842,39,30,41,37,37,35,158,60,19,15,19,32,70,109,118,23
Kierga,236,249,485,23,18,23,22,21,21,90,34,11,8,11,19,40,62,68,14
Kontiandi*,1 478,1 552,3 030,141,109,146,133,132,128,577,212,68,52,68,116,249,391,424,84
Lamoana*,669,698,1 367,64,49,66,60,60,57,262,95,31,23,30,53,112,176,191,38
Mossadéni*,1 378,1 446,2 824,133,102,136,124,123,119,534,198,64,49,63,109,233,364,395,78
Neiba,706,702,1 408,66,50,68,62,61,59,269,99,32,24,31,54,115,182,197,39
Poka,1 501,1 503,3 004,141,108,145,132,131,127,572,211,68,51,67,115,247,387,420,82
Samboandi (Ballé)*,3 114,3 273,6 387,299,230,308,280,278,268,1 213,447,145,110,143,246,526,825,894,175
Santiari*,1 290,1 353,2 643,124,95,128,116,115,111,503,185,60,46,59,101,217,341,370,72
Soula,3 791,3 976,7 767,364,280,383,340,344,324,1 480,540,178,136,173,297,637,995,1 086,210
Takou,357,419,776,37,27,37,34,34,32,147,54,18,14,18,30,64,101,108,21
Tankori,390,388,778,36,28,38,35,34,33,146,55,18,13,17,30,64,101,109,21
Thiongori,506,535,1 041,49,37,51,46,45,44,198,73,23,18,23,40,86,135,145,28
Thiouré*,1 274,1 337,2 611,122,94,126,114,114,109,497,183,59,45,58,101,215,337,365,72
Tihandéni,769,866,1 635,76,59,79,72,71,69,310,114,37,28,37,63,135,211,229,45
Tindangou,420,488,908,43,33,43,40,40,38,172,63,20,16,21,35,75,117,127,25
Yassougou,301,332,633,30,22,30,28,27,27,121,44,14,11,14,25,52,82,89,17
,,,,,,,,,,,,,,,,,,,
"""COMMUNE: LIPTOUGOU**  - Rural""",37 303,38 267,75 570,2 873,2 835,3 604,3 571,3 623,3 306,14 649,5 364,1 693,1 265,1 579,2 931,6 105,10 335,10 112,1 725
Bambilaré,1 314,1 396,2 710,103,102,129,128,129,118,528,192,60,45,57,105,219,371,363,61
Bantienima,1 701,1 778,3 479,133,131,166,164,167,152,672,247,78,59,73,135,281,476,466,79
Bonsiega,4 022,3 939,7 961,303,299,380,376,381,349,1 545,566,178,133,166,308,642,1 088,1 065,182
Dadounga*,1 698,1 751,3 449,131,130,165,163,166,151,667,245,78,58,72,133,279,471,462,78
Dinalaye*,3 308,3 416,6 724,256,252,321,318,322,294,1 301,478,151,113,140,261,544,920,900,153
Djibali,437,442,879,34,33,42,41,42,38,171,63,20,14,18,34,71,120,118,20
Djoari*,599,617,1 216,46,46,58,58,58,54,234,86,28,20,26,47,98,166,163,28
Fouga,693,697,1 390,53,52,66,65,67,61,268,99,31,24,29,54,113,190,186,32
Gabondi,1 060,1 055,2 115,80,80,101,100,101,93,409,150,48,36,44,82,170,289,283,49
Kodjéna,2 349,2 431,4 780,182,179,228,226,229,209,927,339,107,80,100,185,387,654,639,109
Kokou,1 399,1 409,2 808,107,105,134,133,135,123,544,200,63,47,59,109,226,384,375,64
Liptougou,1 931,2 039,3 970,151,149,189,187,191,174,769,281,89,67,83,154,321,544,531,90
Lontakoani,490,583,1 073,41,40,51,51,51,47,208,76,24,18,22,42,87,147,144,24
Nadouonou,1 054,1 079,2 133,81,80,101,101,102,93,415,152,48,36,44,83,172,291,286,48
Nagnoagou,602,641,1 243,47,47,59,59,60,55,239,88,28,21,26,48,101,170,166,29
Nalenga,506,472,978,37,37,47,46,47,43,189,70,22,17,20,38,79,133,131,22
Nassourgou,866,896,1 762,67,66,84,83,84,77,342,125,39,30,37,68,142,241,236,41
Ouaboidi,1 392,1 318,2 710,103,102,129,128,130,119,526,193,61,46,56,105,218,370,362,62
Pintiagou,1 754,1 784,3 538,135,133,168,167,169,155,687,251,79,60,74,137,285,484,473,81
Souloungou,4 309,4 509,8 818,334,328,422,418,424,383,1 716,623,196,142,185,344,713,1 207,1 180,203
Tambiga,2 326,2 397,4 723,179,177,225,223,227,207,915,335,106,79,99,183,382,646,632,108
Tantiaka,933,987,1 920,73,72,91,91,92,84,373,136,43,32,40,75,155,263,257,43
Tolepsi,1 160,1 265,2 425,92,91,116,114,116,106,470,172,54,41,51,94,197,332,324,55
Touolongou,1 400,1 366,2 766,105,104,132,131,133,121,534,197,62,47,58,107,223,378,370,64
,,,,,,,,,,,,,,,,,,,
"""COMMUNE: MANI  - Rural""",61 442,62 991,124 433,4 076,4 562,5 582,5 609,4 987,5 217,23 890,9 151,2 802,2 253,2 772,5 005,10 616,17 318,17 249,3 344
Bahama,438,460,898,38,32,59,47,51,44,183,53,21,15,22,31,68,118,101,15
Balamanou,238,226,464,22,17,15,33,21,19,85,35,15,7,13,21,29,61,57,14
Balanmangui-Yarguideni,404,455,859,19,46,32,49,43,39,171,65,21,7,18,26,71,124,102,26
Balemba,720,632,1 352,15,65,61,74,46,80,283,119,25,30,24,42,99,195,153,41
Bamboaringnabou,748,706,1 454,68,39,64,68,70,58,289,111,21,13,21,55,106,194,239,38
Bangaye,557,587,1 144,31,45,59,37,43,47,241,86,19,12,22,37,96,161,171,37
Bantouankpéba,1 059,1 067,2 126,35,127,101,97,90,105,472,157,51,37,26,77,157,278,270,46
Barhiaga,1 607,1 714,3 321,199,113,122,169,153,147,638,242,58,57,58,125,270,473,407,90
Batiboh,276,277,553,29,19,23,29,24,30,117,31,7,8,5,16,47,77,72,19
Bombonyenga,1 039,1 154,2 193,89,101,84,103,86,89,429,152,53,30,31,87,195,283,322,59
Bombou I,84,99,183,3,7,12,7,18,4,34,15,4,2,6,2,13,26,23,7
Bombou II,324,324,648,15,22,34,29,32,30,139,54,15,12,15,20,33,84,107,7
Bouamitandi,276,276,552,23,25,33,29,31,20,109,37,14,6,21,24,29,65,74,12
Boudangou,660,683,1 343,48,43,50,51,56,60,269,120,38,27,32,57,85,180,193,34
Boulyendé,562,558,1 120,34,45,50,54,42,40,226,93,28,16,12,31,74,134,198,43
Boungou,483,491,974,4,50,46,36,35,38,174,85,19,15,24,57,80,123,164,24
Boungou Folgou,1 235,1 215,2 450,73,93,103,113,78,95,438,172,45,38,63,95,244,369,354,77
Boungou Natimsa,895,767,1 662,24,60,61,66,53,74,307,104,33,37,34,62,152,291,260,44
Bourgou,1 354,1 459,2 813,99,96,124,122,98,127,556,195,58,41,31,98,231,400,429,108
Boyédidéni,385,417,802,31,32,26,40,36,26,156,64,22,23,17,28,81,97,108,15
Dabesma,363,347,710,30,27,30,31,34,28,146,52,14,9,16,25,55,113,73,27
Dakiri,1 269,1 367,2 636,98,111,109,106,100,110,512,212,57,53,52,101,168,373,395,79
Dassari,992,1 121,2 113,93,78,103,112,66,100,426,167,42,39,44,90,164,277,250,62
Dayédé,430,454,884,39,32,39,35,36,39,176,74,21,19,24,33,67,111,112,27
Diandéni,349,378,727,3,29,40,34,24,33,146,60,22,11,16,22,71,99,91,26
Folguidéni,200,201,401,26,11,21,12,20,21,70,22,7,8,5,21,43,52,52,10
Fouakiangou,401,380,781,20,4,60,31,27,31,162,56,16,14,22,22,63,119,114,20
Garga-Yentandéni,153,186,339,14,14,28,11,21,15,69,35,5,5,2,4,31,36,40,9
Gongorgou,636,714,1 350,62,40,75,60,65,61,295,77,28,30,23,37,77,180,204,36
Gori,448,363,811,17,29,19,35,27,27,130,53,21,10,18,36,127,122,126,14
Gouori,219,242,461,20,19,27,22,21,22,111,25,10,8,7,17,36,57,49,10
Halkoussiri,596,515,1 111,0,54,67,58,58,58,201,85,26,18,20,43,75,164,153,31
Hamamoré,289,331,620,29,29,23,28,30,32,127,37,8,6,15,24,43,90,75,24
Kadjoaga,542,581,1 123,31,23,56,57,44,53,209,80,28,22,34,52,103,132,175,24
Kadjoaga-Mossidjoadin,656,601,1 257,3,35,74,74,45,74,276,93,24,21,19,52,103,199,134,31
Kamissi,756,673,1 429,49,48,63,87,51,57,269,92,30,14,26,58,133,224,205,23
Kankantchiaga,285,307,592,22,24,34,15,31,16,140,42,7,6,16,22,44,79,79,15
karamama,950,1 034,1 984,49,96,82,109,81,86,389,170,41,24,38,74,168,259,267,51
Koadaba,837,806,1 643,29,87,94,51,81,73,320,119,33,34,43,68,130,196,227,58
Kobori,779,766,1 545,58,51,56,84,68,70,320,98,27,14,35,54,155,201,210,44
Kogbiagou,133,165,298,17,15,12,11,13,6,52,23,10,8,6,17,24,38,32,14
Komboassi,443,463,906,33,25,42,40,29,52,188,72,23,25,18,32,73,120,106,28
Komona,203,236,439,8,18,16,19,27,19,84,29,9,3,13,30,36,53,62,13
Komondi,660,678,1 338,62,49,62,55,48,49,275,113,29,24,32,47,109,176,181,27
Kongoabsi,180,161,341,6,10,18,12,14,11,53,17,11,2,15,19,37,57,47,12
Koulfo,1 359,1 367,2 726,87,85,100,119,107,104,535,260,75,74,85,105,218,307,386,79
Koumboassikpéli,362,363,725,23,37,31,35,25,30,155,51,19,11,17,28,45,113,78,27
Koumiyiarin,329,318,647,15,34,27,35,21,27,134,44,8,11,12,27,57,75,100,20
Kouriga,287,289,576,29,18,29,27,32,31,127,39,7,8,8,21,44,70,74,12
Lahama,1 021,1 058,2 079,74,96,67,102,97,94,430,155,43,31,43,74,186,276,280,31
Lampiadi,410,415,825,39,35,28,41,35,27,130,69,17,24,20,37,72,94,139,18
Lanyabidi,478,499,977,47,53,34,40,33,37,195,74,21,15,27,29,71,111,157,33
Liougou,874,950,1 824,60,48,95,78,76,84,357,120,57,29,48,85,147,255,223,62
Lipaka,613,559,1 172,31,26,23,49,39,36,185,50,9,14,17,50,115,250,247,31
Loagré,552,546,1 098,40,45,48,54,39,50,221,73,20,23,19,42,108,148,147,21
Madori,1 360,1 376,2 736,63,128,140,145,116,107,560,193,62,50,40,114,243,352,352,71
Malioma,346,353,699,33,33,24,39,25,32,131,53,9,6,15,27,59,90,112,11
Manimbouga,398,436,834,26,38,42,36,27,44,170,52,23,14,14,32,77,120,105,14
Manni,7 315,7 751,15 066,332,501,540,516,441,466,2 399,1 199,473,414,459,844,1 634,2 270,2 203,375
Margou,336,365,701,25,27,32,28,27,31,127,58,15,17,14,25,61,100,95,19
Mopienga,1 646,1 534,3 180,77,135,137,155,134,149,590,221,73,54,79,107,270,458,447,94
Nagbandi,345,400,745,40,26,42,36,45,22,168,47,17,13,15,26,60,89,82,17
Nagbingou,1 729,1 709,3 438,185,78,224,139,155,142,624,230,67,60,93,118,248,508,485,82
Nakouri,495,522,1 017,33,45,37,58,41,54,210,61,21,5,18,36,87,138,144,29
Nayéla,1 173,1 132,2 305,84,79,81,118,81,83,428,177,57,34,48,97,192,325,337,84
Obadé,973,975,1 948,42,67,101,97,81,87,388,131,46,38,39,71,163,276,282,39
Obdaga,615,597,1 212,47,26,60,58,58,64,258,81,19,17,24,51,89,169,157,34
Obdakianga,619,699,1 318,45,51,39,65,59,52,259,75,38,12,26,49,123,186,207,32
Pendifaogou,606,579,1 185,19,28,54,40,52,51,233,95,27,28,16,44,108,217,133,40
Piougou,347,354,701,36,29,36,39,24,28,132,54,12,22,17,23,66,79,82,22
Pobouatouoga,333,326,659,27,19,41,34,31,29,131,48,12,6,14,23,64,92,79,9
Pognamadéni,545,597,1 142,40,48,52,55,53,49,232,92,22,18,22,40,95,150,139,35
Pougbondi,351,381,732,35,31,47,24,47,29,152,49,11,13,12,26,44,94,107,11
Pougdiari,864,880,1 744,51,50,80,61,63,71,344,146,51,33,51,91,132,223,246,51
Samboandi,707,805,1 512,63,59,99,71,71,71,305,100,28,28,41,57,130,199,159,31
Siédougou,1 009,1 051,2 060,72,47,106,97,73,90,409,174,45,39,45,66,186,281,267,63
Tambidi,469,509,978,39,38,26,41,47,42,213,66,21,16,19,39,73,135,129,34
Tambifoagou,1 017,1 076,2 093,83,65,91,97,90,86,406,138,48,33,60,82,174,295,283,62
Tambiri,301,295,596,28,17,33,24,26,30,114,44,18,9,18,19,39,73,93,11
Tana,713,740,1 453,58,54,69,76,68,66,282,105,13,29,31,54,112,221,182,33
Tanfouri,449,468,917,44,26,55,44,51,38,166,73,26,12,14,33,61,123,127,24
Tangarsi-Tangsougou,203,182,385,0,11,21,25,18,14,44,10,6,4,6,15,43,95,50,23
Tilfabidéni,241,233,474,18,20,18,26,19,17,88,41,10,10,13,24,37,59,63,11
Toabré,937,949,1 886,71,59,79,89,69,76,373,126,31,35,38,72,155,273,295,45
Tomonga,682,691,1 373,45,68,75,66,45,68,260,109,32,23,25,59,123,174,168,33
Tougnabou,258,313,571,9,40,32,27,31,34,107,38,8,3,9,29,34,78,82,10
Touossi,374,381,755,22,22,57,44,37,42,140,51,19,8,18,29,64,88,94,20
Turmaye,417,418,835,36,27,35,43,32,42,166,53,13,18,20,30,70,102,124,24
Yarba,230,251,481,18,22,25,16,28,23,91,38,10,5,11,14,35,70,65,10
Yarba - Lampiadi,641,662,1 303,68,36,61,58,51,53,259,95,27,27,38,50,107,157,180,36
,,,,,,,,,,,,,,,,,,,
"""COMMUNE: PIELA  - Rural""",38 337,41 151,79 488,2 189,2 305,2 946,3 151,2 874,3 179,15 683,6 484,2 070,1 531,1 725,3 165,6 696,11 068,11 994,2 428
Badalgou,949,1 063,2 012,75,62,69,89,79,89,431,167,49,28,31,46,117,284,296,100
Banoassi,1 009,1 027,2 036,56,82,80,92,82,86,327,107,47,24,35,87,209,316,346,60
Bouskomi,632,687,1 319,30,45,55,59,51,48,278,105,38,15,32,60,86,167,213,37
Dabesma,1 551,1 650,3 201,49,74,106,123,121,121,730,303,105,68,81,104,241,407,461,107
Dabilgou,375,467,842,12,20,29,30,28,33,200,87,35,10,16,30,60,76,143,33
Diabatou,1 951,1 879,3 830,131,81,112,170,126,139,754,295,89,88,75,134,313,595,609,119
Djoari,270,288,558,5,33,18,28,32,25,109,31,14,7,9,16,45,93,82,11
Dorongou,779,860,1 639,33,35,93,85,69,84,303,112,40,14,25,47,155,275,230,39
Doyana,543,565,1 108,23,45,42,52,42,44,229,93,30,19,19,39,68,164,174,25
Gaboassi,659,697,1 356,64,35,53,48,40,45,301,112,32,19,33,43,105,190,197,39
Gori,1 779,1 966,3 745,129,139,159,153,138,159,723,320,93,63,82,138,310,530,528,81
Guimboari,567,594,1 161,29,30,59,46,45,65,246,85,17,24,15,49,108,133,188,22
Kalari,285,299,584,21,23,15,17,13,20,108,31,6,6,9,24,73,63,137,18
Kalembaogo,601,655,1 256,49,42,44,58,40,57,258,94,20,20,22,37,96,188,189,42
Kankalsi,483,568,1 051,42,15,45,49,42,41,214,89,28,21,34,31,90,110,165,35
Karimama,598,673,1 271,39,42,47,43,51,70,273,98,32,14,24,42,109,180,174,33
Kongaye,2 014,2 187,4 201,127,114,169,161,166,170,912,373,86,73,68,152,282,538,676,134
Korindiaka,278,299,577,15,5,15,15,21,22,131,52,21,12,13,13,42,83,93,24
Korongou,1 114,1 256,2 370,39,78,118,108,110,100,431,186,46,36,37,69,236,347,365,64
Kotouri,1 766,1 747,3 513,80,94,126,132,108,150,752,295,93,52,67,139,302,514,506,103
Kouri,1 480,1 589,3 069,68,130,119,138,111,120,541,245,87,65,48,96,193,488,521,99
Langnoassi,488,534,1 022,29,30,44,43,39,40,216,85,25,25,20,25,87,154,142,18
Margou,1 464,1 592,3 056,100,87,119,151,116,160,632,261,74,43,55,93,218,452,404,91
Marmiga,487,493,980,18,16,36,41,33,29,209,84,17,31,21,47,84,159,131,24
Nakodou,449,442,891,31,25,33,39,29,18,164,63,34,20,22,33,95,111,150,24
Nalongou,477,589,1 066,52,33,38,50,38,44,256,72,27,12,16,40,73,130,144,41
Namagdou,1 383,1 345,2 728,93,60,120,95,124,117,511,229,54,38,59,95,264,396,390,83
Namoungou,507,542,1 049,35,25,48,41,40,48,240,75,31,16,22,27,64,135,167,35
Noali,815,889,1 704,51,41,50,78,57,76,377,153,38,29,26,73,115,207,270,63
Piéla,6 208,6 577,12 785,315,310,330,327,320,339,1 965,1 064,415,413,427,907,1 548,1 785,1 926,394
Sorgou,631,759,1 390,44,47,46,54,44,68,280,121,37,26,30,42,90,171,214,76
Souroungou,546,612,1 158,8,63,57,40,62,48,218,84,25,8,19,43,76,184,184,39
Tangaye,2 198,2 447,4 645,110,163,194,200,188,223,1 036,367,125,75,112,133,352,589,655,123
Tiabdou,933,935,1 868,47,70,81,87,81,82,391,141,40,35,32,58,147,284,257,35
Tiongo-Lampiadi,490,531,1 021,29,17,42,47,38,41,230,77,30,20,14,27,69,141,165,34
Tiongo-Pani,781,880,1 661,53,37,63,88,70,73,344,133,49,33,41,59,98,219,232,69
Tiongo-Pori,506,605,1 111,45,35,39,42,49,43,236,127,22,17,23,42,48,121,182,40
Tougoudadou,291,363,654,13,22,33,32,31,42,127,68,19,12,11,25,28,89,88,14
,,,,,,,,,,,,,,,,,,,
"""COMMUNE: THION  - Rural""",19 557,21 659,41 216,1 357,1 212,1 921,1 963,1 778,1 846,8 132,3 024,1 002,660,874,1 625,3 293,5 597,5 743,1 189
Balamba,648,706,1 354,59,19,58,67,51,58,266,107,29,15,35,57,110,163,231,29
Bangaye,302,314,616,14,10,34,34,23,35,109,49,13,8,20,19,53,94,91,10
Bangayéni,258,317,575,29,22,11,37,24,11,111,51,13,13,11,36,43,58,93,12
Banogo,495,594,1 089,57,19,46,62,64,44,230,66,28,14,26,41,95,152,127,18
Boadori,351,392,743,24,31,32,37,36,46,171,44,19,9,14,31,54,98,73,24
Bogoumissi,227,228,455,13,10,21,28,14,25,88,31,15,8,11,28,33,51,67,12
Bossongri,497,548,1 045,35,50,34,41,37,56,192,86,22,16,18,34,115,134,147,28
Datiangou,303,265,568,21,1,42,21,32,26,117,47,11,12,8,22,44,68,74,22
Diaka,1 401,1 529,2 930,95,79,127,134,148,106,622,228,71,43,73,102,197,419,385,101
Diapalga,474,521,995,31,25,48,43,29,48,217,65,27,20,21,38,82,127,142,32
Diépani,192,266,458,11,20,22,22,25,14,111,27,11,3,8,15,29,69,59,12
Dimkoura,438,484,922,44,14,41,44,45,42,216,57,28,9,17,65,69,80,136,15
Dioro,251,291,542,23,15,31,17,20,26,106,40,16,9,12,35,42,69,71,10
Dioro-Folgou,322,357,679,22,19,38,25,41,35,130,39,9,12,11,30,56,96,92,24
Doyana,677,777,1 454,65,35,58,69,45,58,272,118,51,36,21,70,103,193,229,31
Folbombouga,656,696,1 352,23,67,69,74,51,59,275,107,25,20,27,48,134,166,176,31
Folbongou,513,560,1 073,56,36,66,50,53,47,190,64,14,19,19,35,114,175,105,30
Folgou,486,502,988,33,45,44,49,27,52,202,77,20,10,12,39,76,127,145,30
Gnimoassi,243,309,552,21,23,27,32,38,20,126,35,8,15,8,23,30,70,54,22
Gnindi,325,353,678,34,16,48,32,37,44,118,47,9,10,9,29,64,95,66,20
Harga,853,990,1 843,89,37,71,104,91,80,395,110,51,34,52,85,137,202,250,55
Kankansi-Peulh,344,408,752,17,13,28,44,27,37,145,77,19,17,15,22,61,104,111,15
Koulbila,444,538,982,36,16,53,54,54,47,196,78,16,9,28,29,67,147,123,29
Koumyari,116,136,252,5,9,4,20,11,10,52,17,5,5,4,12,26,35,27,10
Lalguin,637,662,1 299,20,62,66,73,64,43,251,101,38,18,28,34,87,208,185,21
Lansonguina,134,146,280,14,6,12,7,13,11,56,21,3,5,6,13,26,45,37,5
Laranga,499,560,1 059,16,53,40,55,42,51,240,80,24,11,11,32,66,164,147,27
Lelcom,784,949,1 733,58,67,78,94,79,98,316,110,40,39,40,68,151,225,223,47
Monlori,410,408,818,23,38,39,28,40,33,152,67,26,10,17,28,64,104,122,27
Morèm,289,303,592,22,7,34,30,17,28,122,50,22,5,16,20,45,82,85,7
Nawèga,389,441,830,30,27,53,36,38,37,140,51,19,7,18,30,66,131,125,22
Nayeltougou,557,603,1 160,41,37,30,45,40,35,223,98,26,27,42,44,93,153,185,41
Sékoussi,306,358,664,2,26,41,36,21,37,142,56,14,6,9,21,38,86,98,31
Siéssin,418,469,887,33,30,51,53,39,38,156,47,26,13,15,36,74,132,105,39
Tambiri,508,580,1 088,18,38,56,55,39,39,188,75,28,19,21,44,98,159,166,45
Tamièla,318,361,679,22,12,34,35,26,38,132,47,20,5,13,26,72,101,79,17
Tampiendjoaga,180,197,377,15,14,23,14,21,13,72,24,6,5,9,12,30,54,51,14
Thion,1 460,1 581,3 041,58,80,127,107,99,149,562,235,95,70,56,114,246,450,483,110
Tipolga,589,613,1 202,33,26,68,62,47,55,233,100,20,17,26,39,93,181,160,42
Tipoli,488,485,973,20,10,49,33,51,40,194,75,23,12,36,49,81,116,165,19
Tobondi,300,338,638,28,30,33,27,34,32,94,38,18,10,13,27,54,85,96,19
Yargou,475,524,999,47,18,34,33,45,43,202,82,24,15,18,43,75,129,157,34
,,,,,,,,,,,,,,,,,,,
PROVINCE: GOURMA,211 335,225 975,437 310,14 074,14 263,16 806,17 370,16 730,17 174,84 776,34 317,10 835,8 826,8 908,17 226,35 249,61 321,66 039,13 396
,,,,,,,,,,,,,,,,,,,
"""COMMUNE: DIABO  - Rural""",26 404,31 059,57 463,1 607,1 685,2 030,2 011,2 041,2 127,11 806,5 306,1 531,1 205,1 155,2 081,3 727,6 504,9 780,2 867
Bagatenga,108,170,278,7,5,9,8,9,9,64,24,11,4,5,4,20,28,50,21
Benkoko,259,254,513,19,15,16,16,18,25,108,55,10,14,12,22,33,47,86,17
Boudierghin,80,79,159,3,4,5,5,4,6,41,14,7,3,1,8,13,9,27,9
Boulgatenga,325,362,687,18,53,66,89,44,18,55,25,5,8,12,13,46,90,129,16
Bouloumbougdi,125,165,290,6,14,8,20,17,12,55,29,4,3,0,1,35,46,31,9
Boulyoghin,331,331,662,18,21,13,18,18,24,122,79,18,20,7,23,47,83,114,37
Bouri,93,133,226,6,6,14,7,12,12,51,24,2,2,3,6,10,30,36,5
Combemgogo,700,759,1 459,18,45,68,37,73,56,312,120,22,36,28,48,100,187,256,53
Daboadin,354,334,688,16,24,31,27,32,28,132,62,15,13,12,23,42,91,109,31
Dazouri,139,197,336,11,9,13,17,17,13,68,36,8,6,3,11,16,40,51,17
Dianga,35,35,70,1,2,1,0,1,3,12,9,4,2,2,2,5,2,17,7
Diapangou-Peulh,194,214,408,14,8,15,9,15,11,77,29,11,7,12,18,28,64,62,28
Gninboadin-Diabo,1 088,1 225,2 313,60,50,68,57,58,62,397,271,66,62,58,120,225,255,383,121
Guilgin,347,373,720,12,12,23,10,16,24,127,74,28,15,13,50,63,58,152,43
Kabguin,306,433,739,20,13,29,26,23,33,155,76,17,17,14,33,41,80,122,40
Kalbekin,67,81,148,1,4,1,5,8,8,41,11,2,6,1,6,8,9,26,11
Kamona,651,809,1 460,64,47,39,43,45,54,296,149,40,26,30,45,96,174,250,62
Kandaga,365,468,833,30,18,37,37,26,32,175,71,18,12,17,33,51,89,139,48
Kanhomé,360,433,793,28,20,21,21,29,34,163,74,24,16,20,34,37,97,123,52
Koulpissi,1 048,1 376,2 424,81,63,77,94,95,108,544,226,70,38,45,68,122,262,386,145
Koulwoko,116,152,268,6,3,10,7,8,9,58,31,5,4,8,12,21,20,41,25
Kourioguin,703,812,1 515,45,51,59,47,70,72,291,111,37,32,23,56,106,230,234,51
Lantaogo,322,416,738,26,11,34,23,21,28,146,56,24,19,16,16,38,92,137,51
Lantaogo Tamassogo,69,76,145,6,6,2,5,3,10,24,10,0,2,1,10,10,11,35,10
Lanti,93,116,209,9,4,6,10,10,6,62,15,3,3,9,4,11,25,30,2
Lorgho,1 749,2 002,3 751,132,133,125,150,140,148,789,345,93,68,73,131,253,438,584,149
Louloubtenga,290,382,672,11,16,30,23,18,27,195,59,17,9,18,17,23,55,125,29
Maouda,210,242,452,4,10,16,18,18,14,114,32,10,9,8,10,28,63,79,19
Mission Djobackin,539,600,1 139,31,31,38,32,32,47,194,112,30,19,26,52,79,141,223,52
Mocomtore,188,221,409,16,8,16,12,21,24,69,31,9,7,7,9,24,52,83,21
Nabi Raogo,442,465,907,29,20,34,40,33,32,201,82,22,15,17,36,62,106,142,36
Nintenga,503,609,1 112,28,35,31,41,33,34,215,87,31,31,25,36,83,141,201,60
Ouavoussé,68,76,144,4,4,8,4,7,4,27,16,6,2,3,3,10,12,29,5
Piga,838,1 034,1 872,52,74,72,67,76,67,382,143,57,45,28,76,117,226,318,72
Pikoinsé,131,155,286,5,8,11,8,7,7,60,22,7,5,2,14,24,22,68,16
Pissalboré,81,119,200,4,11,3,7,5,10,34,19,9,2,5,6,11,29,28,17
Pisseguédin,340,418,758,5,34,27,36,26,28,157,77,25,15,15,30,47,101,106,29
Pitenga,302,370,672,20,30,27,39,40,25,148,45,11,13,11,12,40,85,96,30
Pizonguin,182,225,407,8,12,6,16,7,17,82,48,17,8,7,24,24,37,66,28
Pohemtenga,221,302,523,6,13,17,19,10,22,103,41,12,15,17,20,36,52,94,46
Saatenga,1 621,1 600,3 221,35,107,136,102,121,116,603,277,88,59,72,131,230,424,594,126
Sabioken,228,215,443,8,10,20,8,18,11,86,65,18,13,5,23,27,41,75,15
Sanéwabo,377,397,774,13,13,29,21,29,32,154,73,21,25,17,27,63,71,126,60
Sanéwabo-yarcé,76,103,179,8,3,5,4,9,6,43,19,8,3,3,3,8,19,31,7
Seiga,761,933,1 694,39,48,50,45,55,57,342,190,35,52,37,66,101,158,314,105
Silmitenga,337,451,788,17,15,25,16,25,20,190,78,24,21,16,38,46,50,155,52
Tamkoursi,58,36,94,2,3,5,2,3,2,17,8,2,6,2,4,12,7,16,3
Tampanga,161,187,348,16,11,13,4,12,12,100,32,4,3,3,18,10,25,67,18
Tangandé,53,69,122,7,4,3,6,4,6,31,9,2,0,4,5,6,18,12,5
Tangaye,3 213,3 961,7 174,241,215,268,273,243,257,1 540,731,178,152,129,249,441,741,1 156,360
Tanlallé,137,216,353,4,12,16,16,7,13,73,37,15,4,14,6,21,36,62,17
Tansouka,130,165,295,8,9,8,6,11,11,73,36,5,4,8,6,15,24,59,12
Tanziéga,253,321,574,5,30,18,25,24,15,122,48,15,9,14,23,37,83,89,17
Tiabga,376,410,786,13,21,22,21,13,21,153,65,27,13,27,36,54,90,159,51
Tiabtamassogo,136,184,320,5,4,12,12,13,11,83,30,8,7,6,7,13,30,51,28
Yantenga,449,472,921,29,20,26,22,32,29,180,81,30,19,23,23,81,103,163,60
Yanwéga,718,826,1 544,46,40,49,45,57,59,325,121,57,37,23,60,97,186,269,73
Yarcétenga,220,285,505,15,13,17,15,13,13,113,53,16,14,12,10,31,48,91,31
Zamsé,185,225,410,15,6,9,12,19,16,112,27,7,8,13,8,7,42,88,21
Zanré,579,718,1 297,52,44,31,50,48,41,258,103,33,37,36,52,100,147,211,54
Zecca,307,366,673,24,21,21,18,20,21,135,50,20,14,21,25,60,74,101,48
Ziella,257,306,563,22,26,22,25,27,18,104,49,21,15,12,19,25,66,86,26
Zinknabbin,823,935,1 758,75,38,53,77,50,88,353,174,57,33,23,60,87,213,292,85
Zonatenga,587,655,1 242,28,25,46,36,43,49,270,110,33,24,21,40,70,129,245,73
,,,,,,,,,,,,,,,,,,,
"""COMMUNE: DIAPANGOU  - Rural""",16 209,17 878,34 087,1 245,1 143,1 302,1 419,1 296,1 305,6 898,2 822,874,696,639,1 212,2 342,4 479,5 348,1 067
Balga,2 255,2 475,4 730,180,183,187,185,210,214,939,340,120,84,105,141,338,608,752,144
Bandiabgou,479,539,1 018,35,32,29,37,30,35,188,78,26,37,14,51,94,139,151,42
Bardiadeni,115,140,255,3,9,8,10,9,8,45,24,9,7,2,11,20,50,32,8
Bassabliga,432,535,967,50,18,52,58,43,48,203,77,18,17,21,38,63,131,99,31
Bianargou,235,333,568,10,44,12,36,26,11,114,44,15,9,8,12,38,107,64,18
Bossongri,490,527,1 017,36,19,53,31,45,37,237,91,31,30,20,32,44,104,177,30
Comboari,565,598,1 163,50,41,50,58,32,54,253,108,33,31,17,35,52,142,162,45
Diangaïe,61,75,136,37,9,1,1,2,3,11,3,3,1,0,7,9,18,24,7
Diapangou,1 286,1 326,2 612,47,70,70,65,75,72,406,253,63,78,65,153,258,450,431,56
Doaligou,239,155,394,22,9,9,22,14,5,57,21,4,7,2,20,42,81,61,18
Fonghin,1 335,1 434,2 769,75,108,91,126,107,96,615,234,80,48,59,81,133,347,469,100
Kolonkogo,357,395,752,24,35,30,23,32,45,161,59,28,13,12,32,53,74,109,22
Komanpergou,246,269,515,12,10,19,15,19,14,101,59,22,9,13,20,40,51,101,10
Kouloungou,635,685,1 320,55,29,28,46,34,26,282,127,22,29,19,44,95,189,267,28
Lantargou,211,221,432,1,11,21,23,22,11,78,36,17,9,9,25,35,52,68,14
Litiayenli,202,245,447,14,11,16,20,22,17,109,36,11,14,18,14,20,48,65,12
Louargou,1 014,1 184,2 198,118,67,121,103,99,101,495,146,57,34,22,59,113,251,341,71
Nahambouga,230,278,508,12,16,24,15,19,17,126,40,4,8,11,16,36,70,83,11
Okargouni,189,206,395,15,9,24,23,13,21,87,35,9,5,1,13,14,60,56,10
Otiabragouni,511,636,1 147,8,22,42,44,46,51,267,143,45,30,14,30,45,137,176,47
Ountandéni,789,811,1 600,61,49,48,54,47,38,261,139,55,41,43,86,163,182,296,37
Pampangou,629,669,1 298,60,53,49,52,46,64,271,102,25,29,22,34,86,149,209,47
Pendori,158,168,326,13,12,12,14,9,27,62,17,4,8,5,14,23,54,44,8
Sikidéni,393,453,846,109,36,30,66,18,15,124,41,8,7,6,33,58,149,111,35
Tchomboado,231,288,519,21,25,31,26,27,27,111,27,10,9,9,16,37,64,49,30
Tielba,343,399,742,26,22,28,46,29,24,143,61,17,14,12,21,53,83,134,29
Tilonti,707,768,1 475,48,35,51,62,67,70,348,121,36,14,26,41,92,183,252,29
Toboani,460,623,1 083,34,21,49,46,36,36,230,115,32,24,28,31,71,139,158,33
Tokouna,140,158,298,7,9,5,4,13,14,60,33,10,5,9,16,22,30,54,7
Wakou,365,378,743,33,28,34,24,23,26,128,59,20,15,15,30,58,99,115,36
Yensemdéni,907,907,1 814,29,101,78,84,82,78,386,153,40,30,32,56,137,238,238,52
,,,,,,,,,,,,,,,,,,,
"""COMMUNE: FADA N'GOURMA** """,92 282,95 410,187 692,5 770,5 827,6 836,6 860,6 665,6 625,33 870,14 520,4 696,3 935,4 156,8 288,17 345,29 238,28 375,4 686
,,,,,,,,,,,,,,,,,,,
"""COMMUNE: FADA N'GOURMA**  - Rural""",56 333,58 159,114 492,3 814,3 938,4 685,4 889,4 729,4 739,22 681,8 778,2 773,2 134,2 327,4 239,8 734,16 495,16 566,2 971
Bandingui,1 014,1 006,2 020,67,70,83,87,84,84,399,155,49,38,41,74,154,290,292,53
Binadéni,614,685,1 299,43,45,53,56,54,54,254,99,31,24,27,48,100,189,188,34
Boudangou,725,766,1 491,50,51,61,64,62,62,295,114,36,28,30,56,114,215,215,38
Bougui,1 694,1 625,3 319,110,114,136,142,138,138,658,255,80,62,67,123,252,476,481,87
Boumoana,533,550,1 083,36,38,44,46,45,45,213,83,27,20,22,41,82,156,156,29
Boumpoa,2 509,2 760,5 269,175,181,215,225,217,218,1 043,403,127,98,107,196,403,763,762,136
Boungou,3 222,3 093,6 315,210,217,259,270,261,261,1 256,485,153,118,128,233,479,906,915,164
Gbédissaga,721,717,1 438,47,49,59,61,59,60,286,110,35,27,29,54,110,207,208,37
Kantambari,349,378,727,24,25,29,31,30,30,143,56,18,13,15,27,56,106,105,19
Kikidéni,1 098,1 140,2 238,74,76,92,95,92,93,446,171,54,41,45,83,171,323,324,58
Koaré,5 267,5 803,11 070,371,381,453,471,458,458,2 185,852,265,208,225,410,848,1 600,1 600,285
Kodjonti,1 000,959,1 959,65,67,80,84,81,81,390,151,47,36,40,72,149,281,284,51
Komandougou,1 199,1 083,2 282,76,79,94,98,95,95,454,175,56,42,46,84,172,325,331,60
Komangou,667,746,1 413,47,48,58,60,58,58,280,108,34,27,29,52,108,205,204,37
Kpenchangou,3 140,3 221,6 361,212,219,260,272,263,263,1 260,488,154,119,129,236,485,916,920,165
Madéni,465,463,928,31,32,38,40,39,39,182,71,23,17,19,34,71,133,134,25
Mangoudéni,271,253,524,17,18,21,22,21,21,107,40,12,10,11,19,40,75,76,14
Momba,2 148,2 288,4 436,148,152,181,190,183,184,879,339,107,83,90,164,339,641,641,115
Mourdéni*,396,400,796,26,28,32,34,33,33,160,61,19,15,16,29,60,114,115,21
Naboudi,1 248,1 292,2 540,84,88,104,108,105,105,505,194,61,47,52,94,194,366,367,66
Nagaré,4 790,4 921,9 711,323,334,398,415,401,402,1 924,745,235,181,197,360,740,1 399,1 405,252
Namoungou,3 486,3 644,7 130,237,245,292,305,294,295,1 412,546,172,133,145,264,545,1 029,1 031,185
Natiaboani*,8 193,8 447,16 640,558,571,681,711,687,690,3 287,1 277,405,310,339,617,1 269,2 395,2 411,432
Niamanga,317,318,635,21,22,26,27,26,26,127,49,16,11,13,23,48,92,92,16
Nouarangou,359,355,714,24,25,29,30,29,29,142,54,18,13,15,26,55,103,103,19
Pandridéni,649,699,1 348,45,47,55,57,55,55,267,103,33,25,28,50,103,195,195,35
Payégou,795,836,1 631,54,56,67,70,68,68,321,125,40,30,33,61,125,235,236,42
Pentouangou,767,721,1 488,50,51,61,63,61,61,297,115,36,28,30,55,113,213,216,38
Pokiamanga,1 334,1 419,2 753,92,95,112,118,113,114,547,210,67,51,56,102,210,397,398,71
Sanipenga*,1 071,1 088,2 159,72,75,88,92,89,89,427,166,52,41,44,79,165,311,313,56
Sétougou,1 628,1 698,3 326,111,114,137,142,138,138,656,255,81,62,67,123,254,480,481,87
Tagou,1 990,2 035,4 025,134,139,165,172,166,166,799,308,98,75,82,149,307,579,582,104
Tanwalbougou*,2 465,2 526,4 991,166,171,204,213,206,206,994,382,121,93,101,185,380,718,722,129
Tiandiaga,209,224,433,14,15,18,18,18,18,86,33,11,8,9,16,33,62,63,11
,,,,,,,,,,,,,,,,,,,
"""COMMUNE: FADA N'GOURMA - Urbain""",35 949,37 251,73 200,1 956,1 889,2 151,1 971,1 936,1 886,11 189,5 742,1 923,1 801,1 829,4 049,8 611,12 743,11 809,1 715
Secteur 01,9 701,9 865,19 564,522,505,575,526,518,506,2 990,1 531,513,483,488,1 082,2 300,3 409,3 159,457
Secteur 02,3 398,3 704,7 102,190,183,208,191,188,183,1 085,558,187,175,178,393,837,1 236,1 143,167
Secteur 03,5 580,5 333,10 913,292,281,321,294,289,281,1 668,854,286,268,273,603,1 281,1 900,1 767,255
Secteur 04,18,25,43,1,1,2,2,1,1,7,3,1,1,1,2,5,7,7,1
Secteur 05,643,606,1 249,34,33,37,34,33,32,192,97,32,30,31,69,146,217,203,29
Secteur 06,4 295,4 579,8 874,237,229,260,239,234,228,1 358,697,234,218,222,491,1 045,1 544,1 430,208
Secteur 07,2 752,3 077,5 829,156,151,172,157,154,150,890,459,154,143,146,322,687,1 014,937,137
Secteur 08,2 043,2 116,4 160,111,107,122,112,110,107,636,327,110,102,104,230,490,724,671,97
Secteur 09,3 254,3 311,6 565,176,170,193,177,173,169,1 003,515,172,161,164,363,772,1 143,1 060,154
Secteur 10,1 191,1 338,2 529,67,65,74,68,67,65,386,200,66,63,63,141,298,440,406,60
Secteur 11,3 074,3 297,6 372,170,164,187,171,169,164,974,501,168,157,159,353,750,1 109,1 026,150
,,,,,,,,,,,,,,,,,,,
"""COMMUNE: MATIACOALI**  - Rural""",37 556,37 106,74 662,2 485,2 398,3 149,3 268,3 090,3 408,14 629,5 175,1 808,1 490,1 498,2 966,6 245,10 750,10 348,1 955
Agou*,918,904,1 822,61,58,76,80,75,84,357,126,44,36,37,72,153,263,252,48
Bankartougou,60,46,106,4,3,5,5,4,5,21,7,3,2,2,4,8,15,15,3
Boadeni*,684,677,1 361,45,43,57,59,56,62,270,94,33,27,28,54,114,196,188,35
Boaligou,913,855,1 768,59,57,74,78,73,80,348,123,43,35,35,70,147,254,245,47
Boulgou gourma*,2 326,2 303,4 629,154,149,196,203,191,211,908,321,112,93,93,183,387,666,641,121
Boulgou Peulh*,1 000,991,1 991,66,64,84,88,82,91,389,138,48,40,40,79,167,287,276,52
Boulmoangou*,625,618,1 243,41,40,53,54,52,56,243,86,30,25,25,50,104,179,173,32
Boutouanou,1 275,1 272,2 547,85,81,107,111,106,116,499,176,62,51,51,101,214,367,353,67
Dagou*,1 194,1 183,2 377,79,77,101,104,98,108,467,164,58,47,48,94,199,342,329,62
Datougou,376,306,682,23,22,29,30,29,31,135,47,16,14,13,27,56,98,94,18
Doufouanou,758,731,1 489,49,48,62,66,61,68,293,103,36,30,30,59,124,214,207,39
Gaboali,241,227,468,16,15,20,21,19,22,88,33,11,10,9,19,40,67,65,13
Gninfoagma*,1 685,1 669,3 354,111,107,141,147,139,153,659,232,81,67,67,134,280,483,465,88
Guiery,663,606,1 269,42,41,53,55,52,58,251,88,31,25,26,50,105,182,176,34
Igori,2 076,1 979,4 055,135,131,172,178,168,185,792,282,98,81,81,161,339,583,563,106
Kankantiana,735,684,1 419,48,46,60,62,58,65,278,99,34,29,28,56,118,203,197,38
Kouyargou,260,273,533,18,17,22,23,22,25,105,37,13,10,11,21,45,76,74,14
Mantiabdjoaga- Gourmantché,977,860,1 837,61,59,78,80,76,85,361,127,44,37,37,72,153,263,256,48
Mantiabdjoaga Peulh,329,323,652,22,21,28,29,27,30,125,45,16,13,13,26,55,94,91,17
Matiacoali,3 886,3 953,7 839,258,255,333,340,325,359,1 536,546,192,153,157,311,657,1 130,1 083,204
Nagnoundougou,1 040,1 178,2 218,74,71,93,96,92,101,432,153,54,44,45,89,188,321,307,58
Nakortougou*,1 794,1 777,3 571,119,115,150,157,147,163,702,247,87,71,71,142,298,514,495,93
Nassougou*,2 614,2 588,5 202,174,167,219,228,215,237,1 021,360,126,103,103,208,435,749,721,136
Niapani*,287,281,568,19,18,24,25,24,26,109,39,14,12,11,23,48,82,79,15
Oubrinou,1 222,1 297,2 519,84,81,106,110,105,114,492,174,61,51,51,100,212,364,348,66
Ougarou,843,799,1 642,54,53,69,72,68,75,322,114,40,33,33,65,137,236,228,43
Ourkouagou,577,565,1 142,38,37,48,50,47,52,224,79,27,23,23,45,96,164,159,30
Ouro-Aou*,793,775,1 568,53,50,66,69,65,72,307,109,38,31,31,62,131,226,217,41
Ouro-Séni*,1 290,1 277,2 567,85,83,108,113,106,117,502,178,62,51,52,102,215,370,356,67
Piega-Gourma,1 239,1 302,2 541,85,81,107,111,105,115,497,176,61,51,51,102,213,367,352,67
Piega-Peulh,37,47,84,3,2,4,4,4,4,16,6,2,2,2,3,7,12,11,2
Pognikouli*,660,643,1 303,43,41,55,57,54,59,257,90,32,26,26,52,109,187,181,34
Sangbanou,625,604,1 229,41,39,52,53,51,56,240,86,30,25,25,49,102,177,171,32
Soam,444,443,887,30,28,38,39,36,41,174,61,21,18,18,35,74,128,123,23
Tankimbo,392,432,824,27,26,34,36,34,37,162,57,20,17,17,33,69,119,114,22
Tankpétou,160,142,302,10,9,13,13,13,14,61,21,7,6,6,12,25,43,42,7
Tiassiery,1 296,1 291,2 587,86,83,109,113,107,118,507,180,62,52,52,103,216,373,359,67
Toussiégou,209,230,439,15,14,18,20,19,20,84,30,10,9,9,18,37,64,60,12
Yendjoaga- Gourmantché,413,352,765,26,25,32,34,32,35,149,53,18,15,15,30,63,110,107,21
Yéritagui*,640,623,1 263,42,41,53,55,53,58,246,88,31,25,26,50,105,182,175,33
,,,,,,,,,,,,,,,,,,,
"""COMMUNE: TIBGA  - Rural""",20 611,24 852,45 463,1 450,1 704,1 843,1 959,1 896,1 947,9 927,3 807,1 127,846,843,1 442,2 814,5 159,6 828,1 871
Bandaokanré,270,337,607,2,25,24,22,29,24,157,64,22,6,8,21,33,49,95,26
Bangou,251,238,489,22,25,20,25,27,20,107,32,6,7,4,17,41,53,78,5
Banliboara,1 243,1 468,2 711,156,104,143,164,117,147,616,170,42,31,28,73,169,349,323,79
Bassambily,746,909,1 655,52,61,78,60,58,77,365,152,41,32,46,65,91,197,250,30
Belemgnoubli,73,108,181,0,4,13,12,11,8,33,16,3,3,2,6,14,21,29,6
Biliguimtenga,135,124,259,0,5,7,5,5,14,62,20,12,8,7,8,20,33,42,11
Bogré,691,939,1 630,29,98,46,72,74,68,359,133,37,32,34,27,93,196,261,71
Bokou,884,1 006,1 890,45,102,80,96,89,97,449,147,60,20,34,57,95,201,246,72
Bolontou,1 248,1 524,2 772,46,86,106,80,117,101,583,270,101,73,74,119,174,238,439,165
Bondioguin,279,382,661,28,26,25,32,26,29,146,54,12,14,15,14,39,73,105,23
Dasamlagfo,327,394,721,9,24,28,30,25,27,168,71,19,10,17,23,46,53,132,39
Dékouda,695,787,1 482,61,71,67,77,69,69,333,93,35,29,21,41,117,181,179,39
Dianga,936,1 091,2 027,46,68,100,92,88,99,437,174,49,29,34,51,149,279,277,55
Djingfoaga,744,766,1 510,62,56,65,67,61,44,269,87,15,38,24,136,182,208,163,33
Gandemtenga,135,171,306,0,9,12,11,12,16,85,30,6,8,5,9,18,30,43,12
Guilyendé,415,503,918,37,34,23,43,24,31,218,79,19,17,21,26,57,117,136,36
Hamtiouri,607,703,1 310,56,81,31,50,55,58,304,74,24,22,19,46,80,159,193,58
Kaldiouani,697,770,1 467,62,50,58,72,64,71,307,107,31,25,25,48,106,184,219,38
Kalkomé,278,378,656,8,24,39,28,41,32,139,59,24,11,12,10,33,76,98,22
Kalkouri,203,294,497,12,25,18,21,31,24,118,45,8,8,6,7,28,45,85,16
Kogossi,236,236,472,25,7,26,19,26,15,113,32,10,9,5,23,34,50,69,9
Kontaga,263,288,551,18,17,28,18,32,20,115,45,8,7,15,8,23,58,102,37
Kontaga-Peulh,109,116,225,8,4,13,8,7,11,50,21,4,3,3,8,16,24,40,5
Liguiditenga,304,412,716,8,33,31,28,33,38,146,68,24,18,9,24,29,64,122,41
Modré,713,973,1 686,48,49,73,70,67,68,393,138,40,31,28,37,84,181,249,130
Mossitenga,43,65,108,7,5,2,5,5,6,22,8,1,1,2,2,5,11,21,5
Nagbangou,456,542,998,65,16,48,70,45,45,242,81,21,10,14,14,51,120,123,33
Nassobdo,735,954,1 689,45,81,87,75,67,62,345,153,44,26,19,47,108,199,253,78
Nassoboré,113,166,279,15,8,12,15,15,12,67,13,10,2,4,8,16,35,43,4
Ouanga,153,218,371,8,21,13,18,17,18,85,42,10,3,7,12,15,29,55,18
Poringuin,406,424,830,9,28,36,52,29,48,189,58,18,11,20,22,54,103,128,25
Soadobila,76,57,133,0,2,10,1,2,5,28,10,4,2,4,5,10,24,23,3
Soatou,363,385,748,45,18,24,32,32,37,162,73,12,17,12,23,49,90,101,21
Tambourbangou,70,77,147,4,2,4,3,5,7,37,21,6,1,4,2,5,9,31,6
Tampour-kolkomé,873,1 147,2 020,63,90,68,95,84,91,448,174,37,46,34,52,109,199,341,89
Tiantiaka,1 033,1 240,2 273,94,78,91,105,81,111,504,198,67,35,43,46,136,282,314,88
Tibga,2 817,3 370,6 187,173,166,205,213,208,185,1 237,598,199,155,150,233,372,696,1 053,344
Tiongo,408,539,947,49,31,52,32,66,46,210,75,11,22,12,28,38,109,134,32
Yaryomé,75,112,187,6,12,6,8,7,8,41,15,2,1,1,4,9,19,42,6
Yéga,121,125,246,7,7,8,10,9,10,56,11,6,5,11,16,15,31,40,4
Youkin,237,318,555,3,42,10,11,15,28,113,64,19,13,5,10,39,56,89,38
Youlmenga,150,196,346,17,9,13,12,21,20,69,32,8,5,5,14,12,28,62,19
,,,,,,,,,,,,,,,,,,,
"""COMMUNE: YAMBA  - Rural""",18 273,19 670,37 943,1 517,1 506,1 646,1 853,1 742,1 762,7 646,2 687,799,654,617,1 237,2 776,5 191,5 360,950
Bogolé,3 399,3 517,6 916,254,254,293,367,304,352,1 253,467,169,129,124,250,601,977,937,185
Bonga,522,561,1 083,32,60,40,54,54,53,222,73,15,25,12,33,75,139,162,34
Diangou,352,381,733,28,22,20,36,40,27,142,62,21,13,16,36,44,101,108,17
Diankongou,275,348,623,46,31,26,32,28,27,145,40,12,6,9,16,24,90,84,7
Didcomba,101,99,200,6,7,8,6,8,10,43,13,2,3,3,12,15,30,28,6
Doaligou,139,140,279,16,13,6,11,18,12,54,22,4,6,4,6,28,25,46,8
Kondouagou,872,961,1 833,100,65,117,93,107,88,359,119,41,31,26,47,118,238,246,38
Kondridoaga,77,90,167,3,7,5,6,10,8,35,14,8,1,2,4,12,17,30,5
Kouadigou-Yamba,697,755,1 452,56,61,72,67,71,66,328,114,24,22,15,50,111,181,185,29
Koulga,535,571,1 106,44,43,48,52,36,53,238,71,30,24,12,27,89,139,167,33
Nacouendougou-Dinyala,425,472,897,39,23,39,67,23,45,174,58,26,5,13,36,74,133,113,29
Nayouri,1 999,2 171,4 170,161,175,191,182,176,180,815,304,100,85,95,137,302,569,595,103
Oboungouni,105,104,209,14,8,8,13,4,17,45,9,3,0,5,8,18,26,21,10
Onadiagouni,1 207,1 367,2 574,105,110,130,129,164,109,551,193,47,33,25,73,154,388,319,44
Pendianga,386,440,826,33,25,30,39,34,40,179,82,19,9,3,30,48,102,129,24
Sambialgou,1 279,1 288,2 567,94,119,119,132,95,136,529,188,57,27,54,85,170,346,358,58
Sougoudou,294,302,596,25,30,28,29,20,24,103,24,5,9,9,30,68,103,70,19
Tagou,616,700,1 316,57,49,65,72,65,55,271,91,16,27,22,43,104,163,185,31
Tamboangou,578,624,1 202,50,41,46,57,57,48,223,78,23,30,15,40,103,189,178,24
Tandyari,864,990,1 854,55,84,62,78,84,81,385,154,37,37,17,58,116,280,283,43
Tantiaka-Kouadigou,189,194,383,14,11,17,26,13,20,78,22,7,4,8,9,29,50,53,22
Tantiaka-Yamba,141,157,298,16,8,15,16,13,15,69,27,3,3,4,6,21,33,41,8
Tembou,330,347,677,21,24,36,28,31,32,145,42,23,10,14,19,50,72,108,22
Yagou,122,139,261,4,16,12,9,15,7,53,16,8,10,3,13,22,29,41,3
Yamba,2 769,2 952,5 721,244,220,213,252,272,257,1 207,404,99,105,107,169,380,771,873,148
,,,,,,,,,,,,,,,,,,,
PROVINCE: KOMANDJOARI,53 671,51 933,105 604,3 395,3 584,4 447,4 608,4 612,4 209,20 479,7 642,2 434,1 979,2 332,4 602,9 459,15 547,14 194,2 081
,,,,,,,,,,,,,,,,,,,
"""COMMUNE: BARTIBOUGOU  - Rural""",8 655,8 279,16 934,487,469,666,762,738,653,3 341,1 122,357,302,338,767,1 519,2 673,2 431,309
Bartiébougou,1 616,1 610,3 226,132,77,121,137,135,126,611,209,79,50,67,163,281,553,428,57
Bartiébougou Peulh,234,232,466,0,21,18,27,24,22,108,29,9,4,15,15,41,62,62,9
Bontégou,1 299,1 245,2 544,81,81,93,139,99,121,550,192,52,39,55,83,254,388,259,58
Bossongri,319,289,608,8,23,34,21,84,10,93,33,14,13,13,28,55,91,86,2
Gourel-Niébé,698,601,1 299,1,60,62,68,67,63,251,63,24,18,31,55,114,232,173,17
Haaba,1 182,1 240,2 422,63,64,99,111,111,94,492,157,58,40,43,103,199,351,387,50
Kienkièga,284,313,597,1,27,35,25,17,15,72,31,13,13,9,35,63,122,113,6
Paagou,986,962,1 948,96,28,91,87,87,80,423,134,37,41,27,77,157,257,281,45
Paagou Peulh,467,419,886,65,30,23,36,30,30,166,52,14,12,22,55,77,120,121,33
Penkatougou,493,425,918,10,18,21,23,29,33,205,80,20,20,18,69,81,128,153,10
Tambiga,438,390,828,9,20,38,20,21,24,124,45,21,22,19,33,97,200,131,4
Tambissonguima,639,553,1 192,21,20,31,68,34,35,246,97,16,30,19,51,100,169,237,18
,,,,,,,,,,,,,,,,,,,
"""COMMUNE: FOUTOURI  - Rural""",6 542,5 910,12 452,175,377,444,504,442,453,2 391,893,280,281,286,673,1 342,2 017,1 698,196
Foutouri,1 335,1 144,2 479,38,82,92,120,94,99,431,161,44,63,59,145,287,419,315,30
Foutouri Peulh,1 002,790,1 792,2,86,84,69,64,58,368,144,44,47,38,94,203,244,228,19
Hantoukoura,628,610,1 238,4,39,35,54,43,38,278,82,28,20,26,48,131,227,145,40
Kirgou Peulh,122,92,214,0,4,12,10,11,4,47,10,3,1,3,8,28,48,25,0
Kirgou-Gourma,305,285,590,13,12,29,21,26,23,129,46,9,12,13,18,63,85,81,10
Lougou,783,739,1 522,16,32,48,50,56,66,233,78,41,34,46,115,247,262,176,22
Nassourou,1 410,1 311,2 721,62,69,77,102,78,96,555,227,72,60,58,152,208,443,434,28
Tankoualou,957,939,1 896,40,53,67,78,70,69,350,145,39,44,43,93,175,289,294,47
,,,,,,,,,,,,,,,,,,,
"""COMMUNE: GAYERI """,38 474,37 744,76 218,2 733,2 738,3 337,3 342,3 432,3 103,14 747,5 627,1 797,1 396,1 708,3 162,6 598,10 857,10 065,1 576
,,,,,,,,,,,,,,,,,,,
"""COMMUNE: GAYERI  - Rural""",30 660,30 388,61 048,2 201,2 278,2 829,2 856,2 941,2 602,12 214,4 223,1 370,997,1 257,2 275,4 958,8 513,8 203,1 331
Bandikidini,1 669,1 673,3 342,76,131,127,144,122,152,668,260,75,72,80,121,264,449,533,68
Bassiéri,2 935,3 114,6 049,298,230,299,284,324,244,1 112,371,133,94,128,214,516,824,816,162
Boalla,1 605,1 517,3 122,68,113,134,176,146,161,673,231,67,43,52,110,218,440,422,68
Bouogou,1 424,1 287,2 711,40,125,114,147,132,132,588,173,57,37,59,112,239,340,362,54
Carimama,2 909,2 983,5 892,260,189,326,307,298,266,1 228,423,129,78,139,254,470,764,641,120
Diabatou,1 604,1 521,3 125,92,93,111,109,119,122,618,221,64,55,53,102,245,465,566,90
Djora,2 754,2 583,5 337,138,232,287,255,314,170,1 023,361,118,93,87,203,444,822,702,88
Gamboudéni,1 166,1 168,2 334,41,93,76,74,87,73,526,240,63,63,50,90,243,269,304,42
Gnifoagma,596,652,1 248,67,16,62,45,47,59,257,85,32,20,33,50,106,148,187,34
Komompouma,1 322,1 240,2 562,104,111,106,142,89,100,472,174,64,31,60,102,235,388,330,54
Kopialga,431,412,843,35,31,42,34,27,44,161,61,17,13,16,35,74,109,122,22
Kotougou,458,388,846,27,27,31,43,30,51,196,74,16,21,17,35,52,109,103,14
Kourgou,1 722,1 745,3 467,136,106,139,153,159,193,668,264,94,60,72,91,263,481,482,106
Lonadéni,577,658,1 235,13,56,80,51,60,62,240,82,24,32,41,46,109,175,140,24
Louanga,591,653,1 244,68,59,74,87,53,51,241,67,22,20,23,47,81,176,153,22
Maldiabari,1 634,1 649,3 283,91,93,174,148,193,179,650,202,79,46,74,96,256,500,438,64
Maldianga,618,647,1 265,17,55,45,62,65,61,271,104,17,24,23,48,85,155,196,37
N’Bina,364,328,692,271,24,8,4,35,2,65,20,8,5,4,20,33,94,90,9
Nalidougou,1 163,1 177,2 340,112,84,113,108,117,108,486,138,52,33,52,85,185,359,274,34
Oué,1 765,1 890,3 655,48,175,151,167,188,119,714,242,93,48,78,140,326,531,547,88
Soualimou,578,552,1 130,52,41,56,60,56,47,254,76,18,13,22,48,97,149,125,16
Tiargou,691,654,1 345,28,55,98,75,98,53,261,65,17,32,16,52,108,198,160,29
Tiboudi,1 397,1 184,2 581,61,86,120,120,126,93,520,178,74,40,57,133,214,395,313,51
Toumbenga,687,713,1 400,58,53,56,61,56,60,322,111,37,24,21,41,95,173,197,35
,,,,,,,,,,,,,,,,,,,
"""COMMUNE: GAYERI - Urbain""",7 814,7 356,15 170,532,460,508,486,491,501,2 533,1 404,427,399,451,887,1 640,2 344,1 862,245
Secteur 1,1 106,1 009,2 115,70,92,62,69,70,76,352,197,54,45,44,107,175,363,286,53
Secteur 2,2 779,2 716,5 495,192,173,221,204,190,195,1 045,490,130,137,146,271,537,837,657,70
Secteur 3,1 423,1 444,2 867,108,72,93,102,99,107,465,283,79,84,85,156,285,385,398,66
Secteur 4,1 697,1 362,3 059,97,81,93,60,93,74,399,234,86,75,121,262,475,528,345,36
Secteur 5,809,825,1 634,65,42,39,51,39,49,272,200,78,58,55,91,168,231,176,20
,,,,,,,,,,,,,,,,,,,
PROVINCE: KOMPIENGA,58 389,59 293,117 682,3 040,3 720,4 465,4 569,4 285,4 716,23 161,9 229,2 993,2 477,2 321,4 795,9 158,18 282,18 025,2 446
,,,,,,,,,,,,,,,,,,,
"""COMMUNE: KOMPIENGA  - Rural""",22 813,23 173,45 986,1 042,1 384,1 613,1 633,1 683,1 787,9 260,3 662,1 220,1 025,903,1 987,3 604,7 086,7 092,1 005
Bossoari,670,732,1 402,25,60,74,37,62,60,242,78,24,20,21,45,103,271,239,41
Bounou,1 188,953,2 141,13,96,80,60,82,68,385,187,49,55,35,105,174,333,337,82
Diabiga,1 576,1 665,3 241,68,107,119,149,132,167,626,199,92,49,68,140,281,482,479,83
Diamanga,499,453,952,6,45,27,39,31,38,188,74,26,22,14,49,99,136,145,13
Fanwargou,630,634,1 264,36,41,51,61,54,59,269,106,32,18,16,43,99,178,179,22
Kompienga,7 483,7 541,15 024,300,454,482,444,456,488,2 827,1 409,421,442,376,665,1 296,2 375,2 311,278
Kpankpaga,966,1 062,2 028,89,60,82,87,71,66,400,161,57,59,47,90,136,254,320,49
Kpinkankanti,742,720,1 462,48,35,62,62,55,72,327,102,52,24,26,66,99,187,207,38
Nabamboula,539,565,1 104,30,59,46,50,61,62,258,64,18,5,12,44,83,154,126,32
Nakiantanga,502,404,906,9,12,23,29,47,45,232,85,25,18,18,28,67,139,120,9
Ogagou,717,854,1 571,55,33,66,78,70,92,347,98,41,31,21,52,92,227,234,34
Pimpebougou,448,533,981,20,30,47,43,36,41,216,72,40,11,17,47,82,124,141,14
Pognoa-Sankoado,1 625,1 622,3 247,103,62,105,103,91,119,606,245,70,46,71,120,202,587,625,92
Pognoa-Tikonti,1 587,1 690,3 277,123,76,97,138,111,134,779,266,88,99,55,158,201,407,458,87
Tambibangou,574,669,1 243,0,47,27,29,62,45,280,102,60,9,19,38,90,251,170,14
Toukoudouga,1 297,1 292,2 589,57,94,99,113,130,129,565,147,44,34,37,94,199,416,398,33
Toutourgou,1 770,1 784,3 554,60,73,126,111,132,102,713,267,81,83,50,203,301,565,603,84
,,,,,,,,,,,,,,,,,,,
"""COMMUNE: MADJOARI  - Rural""",5 172,4 802,9 974,188,370,404,469,408,476,2 096,700,234,189,167,450,802,1 482,1 325,214
Gnobtenkoagou,526,450,976,12,49,45,47,45,39,230,65,25,17,17,34,57,142,123,29
Kodjaari,281,298,579,0,26,32,26,26,29,112,19,13,5,5,33,50,115,78,10
Madjoari,1 047,1 053,2 100,74,46,68,93,96,120,429,156,51,44,27,94,180,293,278,51
Matambima,792,709,1 501,35,46,46,61,42,67,280,125,41,37,22,76,138,241,214,30
Momba,246,135,381,0,34,22,30,23,30,99,24,10,7,5,8,9,37,37,6
Namounyouri,572,552,1 124,26,29,50,47,48,44,231,82,21,26,23,56,122,148,157,14
Tambarga,1 311,1 178,2 489,32,109,106,122,87,108,527,183,61,42,47,115,179,392,322,57
Tanli,397,427,824,9,31,35,43,41,39,188,46,12,11,21,34,67,114,116,17
,,,,,,,,,,,,,,,,,,,
"""COMMUNE: PAMA**  """,30 404,31 318,61 722,1 810,1 966,2 448,2 467,2 194,2 453,11 805,4 867,1 539,1 263,1 251,2 358,4 752,9 714,9 608,1 227
,,,,,,,,,,,,,,,,,,,
"""COMMUNE: PAMA**  - Rural""",23 715,24 428,48 143,1 474,1 609,1 963,2 052,1 814,2 037,9 346,3 672,1 152,933,926,1 713,3 666,7 728,7 194,864
Bombontangou,1 247,1 283,2 530,78,85,103,108,96,107,492,193,60,49,48,90,192,406,378,45
Folpodi,615,632,1 247,38,42,51,53,47,52,243,95,30,24,24,45,95,200,186,22
Kabonga-I*,1 077,1 108,2 185,67,73,89,93,83,93,422,167,52,43,42,78,166,351,326,40
Kabonga-II*,1 186,1 220,2 406,74,80,98,102,91,102,466,183,58,47,46,86,183,387,360,43
Kalmama (Signoghin)*,908,934,1 842,57,62,75,79,70,78,356,141,44,35,35,66,140,296,275,33
Koalou*,2 908,2 997,5 905,181,197,241,251,222,250,1 149,450,141,114,113,210,450,948,882,106
Kompiembiga*,4 120,4 248,8 368,256,280,342,356,315,354,1 624,638,200,163,161,298,637,1 343,1 250,151
Kpadiari,677,695,1 372,42,46,56,59,51,58,264,105,33,27,27,49,105,220,205,25
Nadiagou,5 256,5 419,10 675,325,356,434,456,401,452,2 083,813,256,204,205,379,813,1 712,1 596,190
Niorgou I,885,911,1 796,55,60,73,77,68,76,345,137,43,35,35,64,137,289,269,33
Niorgou II,192,196,388,12,13,16,17,15,16,75,30,9,8,7,14,29,62,58,7
Oumpougdéni,1 413,1 456,2 869,88,96,117,122,108,122,555,219,69,56,55,102,219,461,429,51
Tibadi,883,908,1 791,55,60,73,76,68,76,346,137,43,35,36,63,137,287,267,32
Tindangou,2 348,2 421,4 769,146,159,195,203,179,201,926,364,114,93,92,169,363,766,713,86
,,,,,,,,,,,,,,,,,,,
"""COMMUNE: PAMA - Urbain""",6 689,6 890,13 579,336,357,485,415,380,416,2 459,1 195,387,330,325,645,1 086,1 986,2 414,363
Secteur 1,1 845,1 934,3 779,94,100,134,115,105,117,683,333,108,92,90,180,302,553,672,101
Secteur 2,1 880,1 851,3 730,92,98,133,114,105,114,677,328,107,91,89,177,297,545,664,99
Secteur 3,1 271,1 263,2 534,63,66,91,78,71,77,459,223,72,61,62,120,203,370,450,68
Secteur 4,1 693,1 842,3 536,87,93,127,108,99,108,640,311,100,86,84,168,284,518,628,95
,,,,,,,,,,,,,,,,,,,
PROVINCE: TAPOA,299 750,305 983,605 733,19 456,20 308,24 489,28 144,25 268,27 487,126 065,46 629,15 396,12 409,10 764,25 156,46 623,83 996,79 829,13 714
,,,,,,,,,,,,,,,,,,,
"""COMMUNE: BOTOU - Rural""",40 200,40 941,81 141,3 074,2 996,3 725,4 458,3 929,3 855,16 102,5 315,1 780,1 386,1 310,2 835,5 888,11 700,11 038,1 750
Affini,1 178,1 200,2 378,113,55,121,141,111,124,508,143,49,30,39,94,195,358,260,37
Bamini,1 037,1 125,2 162,95,69,106,121,107,122,440,140,28,47,31,52,137,298,307,62
Bossoangri,1 342,1 305,2 647,101,107,123,151,110,146,540,150,60,24,36,111,214,380,343,51
Bottou,4 353,4 193,8 546,231,257,317,304,297,279,1 586,825,249,248,205,429,671,1 187,1 260,201
Boulel,1 292,1 284,2 576,173,97,113,145,158,56,410,164,55,50,37,92,192,422,360,52
Diagargou,3 702,3 918,7 620,206,253,340,394,382,367,1 557,549,188,139,140,261,653,1 043,986,162
Doubiti,1 169,1 208,2 377,58,107,131,132,105,124,414,145,45,30,43,101,224,371,297,50
Fantou,878,932,1 810,19,86,83,101,64,103,366,132,48,37,43,72,131,264,229,32
Fobri,1 010,966,1 976,40,66,106,122,90,105,330,111,60,20,51,73,185,315,265,37
Gangana,1 424,1 368,2 792,41,151,121,159,145,123,535,152,49,53,41,135,205,449,373,60
Garbongou,701,734,1 435,130,71,120,75,104,55,219,66,30,19,19,52,99,162,187,27
Kalayenou,1 111,1 132,2 243,72,88,110,134,122,103,522,117,40,26,20,76,165,315,279,54
Kankangou,837,858,1 695,66,75,46,126,53,109,420,102,30,16,14,39,80,260,229,30
Kogori,2 644,2 758,5 402,333,135,276,320,249,292,1 093,331,113,75,90,171,345,804,678,97
Koguini,956,1 030,1 986,74,68,55,103,98,113,423,120,52,38,25,75,140,304,263,35
Komonli,867,921,1 788,107,137,117,123,129,32,294,87,29,17,20,49,100,276,234,37
Koyenga,947,963,1 910,85,56,92,106,116,93,397,134,38,27,20,47,132,256,278,33
Kpengnoanfouangou,2 193,2 280,4 473,206,203,271,295,281,231,821,221,69,79,57,120,267,658,606,88
Mandiari,583,608,1 191,39,41,39,79,50,72,245,89,30,16,18,37,86,161,161,28
Nombiti,1 042,1 029,2 071,91,34,67,126,100,106,444,132,44,30,40,44,162,277,322,52
Ougarou,1 341,1 301,2 642,93,101,119,135,117,143,533,161,72,51,41,92,189,370,363,62
Partiaga,2 925,3 075,6 000,207,279,262,353,281,326,1 168,389,142,95,106,211,379,827,831,144
Pori,1 903,1 995,3 898,128,159,167,236,182,208,822,236,66,49,38,115,250,591,576,75
Tantiana,675,571,1 246,40,23,36,59,49,38,229,89,20,21,21,34,75,225,251,36
Tapoa-Diagbagbi,2 862,2 942,5 804,228,198,282,298,312,276,1 259,362,116,106,83,173,433,778,750,150
Tiantiabouli,1 228,1 245,2 473,98,80,105,120,117,109,527,168,58,43,32,80,179,349,350,58
,,,,,,,,,,,,,,,,,,,
"""COMMUNE: DIAPAGA """,29 487,29 464,58 951,1 679,1 944,2 222,2 480,2 270,2 470,11 345,4 302,1 420,1 262,1 120,2 851,5 207,9 043,8 120,1 216
,,,,,,,,,,,,,,,,,,,
"""COMMUNE: DIAPAGA - Rural""",21 564,21 872,43 436,1 275,1 524,1 777,2 069,1 917,2 082,8 998,3 063,995,782,678,1 734,3 248,6 277,6 065,952
Bagali,995,1 031,2 026,47,66,88,91,75,119,385,127,57,30,34,113,125,253,348,68
Barpoa,1 932,1 810,3 742,77,159,159,193,164,200,789,238,85,75,52,153,252,540,527,79
Fouamboanli,285,346,631,36,14,33,37,25,25,142,36,16,10,11,17,36,91,88,14
Gama,884,959,1 843,61,77,75,87,95,99,388,144,44,36,34,69,125,243,239,27
Kanda,1 383,1 463,2 846,78,64,93,138,116,115,575,208,79,48,50,126,232,444,437,43
Kogdangou,858,834,1 692,63,55,87,78,69,78,338,134,43,37,25,67,119,248,205,46
Koryombo,881,959,1 840,83,82,70,86,69,73,408,129,35,23,28,75,145,241,264,29
Koutchagou,1 461,1 425,2 886,89,92,127,125,151,119,606,201,51,48,32,107,201,479,400,58
Mangou,4 739,4 721,9 460,284,278,360,498,424,486,1 988,671,209,172,158,360,777,1 340,1 255,200
Olaro,1 142,1 236,2 378,30,114,90,129,98,135,516,169,60,41,23,99,174,333,304,63
Pampani,883,894,1 777,64,59,87,79,83,90,390,125,37,22,22,57,140,250,224,48
Pembiga,597,578,1 175,22,55,50,62,62,65,224,83,27,23,19,32,87,179,145,40
Pemboanga de Namounou,1 055,1 108,2 163,67,107,90,77,95,97,412,179,41,50,27,108,180,299,296,38
Pemboanga de Partiaga,846,846,1 692,33,66,64,84,57,72,367,113,34,35,24,59,106,267,276,35
Tangali,458,430,888,29,34,34,37,27,42,187,54,28,14,19,43,58,133,130,19
Tapoa Djerma,1 065,1 128,2 193,72,89,94,97,120,94,432,148,65,36,43,79,148,311,315,50
Tapoa Gourma,1 147,1 112,2 259,77,48,86,79,91,91,409,175,45,48,44,87,224,361,342,52
Tontolbouli,582,633,1 215,49,36,66,55,69,51,302,79,25,20,21,35,69,161,155,22
Tounga,371,359,730,14,29,24,37,27,31,140,50,14,14,12,48,50,104,115,21
,,,,,,,,,,,,,,,,,,,
"""COMMUNE: DIAPAGA - Urbain""",7 923,7 592,15 515,404,420,445,411,353,388,2 347,1 239,425,480,442,1 117,1 959,2 766,2 055,264
Secteur 1,3 789,3 449,7 238,196,179,192,186,153,163,1 046,531,188,221,218,592,1 076,1 315,899,83
Secteur 2,246,258,504,21,26,20,11,13,14,69,45,9,3,8,21,55,97,67,25
Secteur 3,425,390,815,24,19,30,23,21,21,118,81,28,26,28,66,99,107,106,18
Secteur 4,922,947,1 869,44,40,59,50,39,39,331,172,53,66,54,123,188,318,253,40
Secteur 5,2 012,1 943,3 955,88,116,115,115,105,126,616,332,120,124,94,254,428,687,557,78
Secteur 6,529,605,1 134,31,40,29,26,22,25,167,78,27,40,40,61,113,242,173,20
,,,,,,,,,,,,,,,,,,,
"""COMMUNE: KANTCHARI** - Rural""",55 310,54 177,109 487,3 414,3 705,4 491,5 025,4 386,4 985,21 529,8 166,2 704,2 238,1 986,4 614,8 717,16 258,14 619,2 650
Bantoini,1 145,1 112,2 257,71,77,93,104,90,102,443,168,56,46,41,95,180,335,301,55
Barimagou*,1 296,1 270,2 566,80,87,105,118,102,117,505,191,63,52,47,108,205,381,343,62
Bartiaga,2 561,2 196,4 757,149,160,196,220,191,218,937,355,118,97,86,199,376,702,638,115
Boudiéri,3 517,3 641,7 158,223,242,294,328,286,325,1 407,534,177,146,130,302,572,1 065,954,173
Boulmontchangou*,1 263,1 239,2 502,78,85,103,114,100,114,491,187,62,52,45,106,199,371,334,61
Boulmontougou*,1 287,1 248,2 535,79,85,104,117,102,115,500,189,62,52,46,107,202,376,338,61
Boupiena,515,602,1 117,35,37,45,51,45,50,223,83,27,22,20,48,89,167,148,27
Boupiengou,736,702,1 438,45,49,59,66,58,66,284,107,36,29,26,60,114,213,192,34
Brimonga,351,291,642,20,22,26,30,26,30,124,48,16,13,12,27,51,95,86,16
Comonli,631,610,1 241,38,42,51,57,50,57,244,93,30,26,22,52,99,184,166,30
Diankonli*,2 036,1 996,4 032,125,137,165,185,161,184,795,300,100,82,73,170,321,598,538,98
Garbougou,806,863,1 669,52,56,68,76,67,76,329,124,41,34,30,71,134,249,222,40
Kambardebi,648,680,1 328,42,45,54,61,53,61,261,99,33,27,24,56,106,197,177,32
Kantari*,1 335,1 308,2 643,83,89,109,121,106,120,519,197,65,54,48,112,210,393,353,64
Kantchari,6 768,6 783,13 551,421,457,553,621,539,617,2 667,1 013,332,278,246,571,1 078,2 017,1 812,329
Koena*,1 013,974,1 987,62,67,82,91,80,90,392,148,49,40,36,84,158,295,265,48
Mantchangou*,3 901,3 824,7 725,241,262,317,355,310,351,1 519,576,191,158,141,325,615,1 147,1 031,186
Mantougou*,2 919,2 862,5 781,181,196,238,265,232,264,1 133,431,142,118,105,244,461,859,772,140
Mohadagou*,1 031,1 001,2 032,63,69,84,93,82,93,397,151,51,42,37,86,162,302,271,49
Naboamou,2 124,2 115,4 239,132,144,174,194,170,193,832,316,105,87,77,179,338,629,566,103
Namagri,4 530,4 511,9 041,282,306,370,414,362,411,1 778,674,223,185,165,381,721,1 343,1 207,219
Namoumoanga,563,393,956,30,32,39,44,39,44,189,72,24,19,17,40,75,140,129,23
Nando,1 970,2 061,4 031,125,137,165,185,162,184,791,300,100,83,73,170,322,600,537,97
Sakoani*,3 659,3 588,7 247,226,246,298,333,290,330,1 423,541,179,148,131,306,577,1 077,967,175
Sambalgou,3 477,3 219,6 696,209,226,275,308,269,305,1 318,500,166,136,121,282,531,992,896,162
Sampieri*,1 315,1 289,2 604,81,88,107,120,104,118,514,194,64,54,47,110,207,386,347,63
Tabgou*,1 221,1 197,2 418,75,82,99,111,97,110,475,181,60,50,44,101,192,359,323,59
Tandri*,702,671,1 373,43,47,56,63,55,62,271,102,34,28,25,57,109,204,183,34
Tialboanga*,1 077,1 056,2 133,67,72,88,98,86,97,418,159,53,44,39,89,170,317,284,52
Toundi*,913,875,1 788,56,61,74,82,72,81,350,133,45,36,32,76,143,265,239,43
,,,,,,,,,,,,,,,,,,,
"""COMMUNE: LOGOBOU - Rural""",47 187,49 881,97 068,2 676,3 123,3 651,4 282,3 904,4 418,22 276,8 188,2 753,2 210,1 681,4 336,7 320,12 269,11 940,2 041
Diabonli,1 387,1 488,2 875,67,83,110,108,115,112,689,218,80,56,44,125,221,356,412,79
Fangou,3 812,4 009,7 821,259,284,339,473,345,459,1 864,532,192,136,94,285,555,944,923,137
Houaré,2 850,2 854,5 704,184,162,248,221,243,298,1 330,483,168,115,109,246,372,625,789,111
Kalimama,911,957,1 868,75,54,80,101,80,79,387,154,59,55,50,70,166,249,185,24
Kindi-Kombou,4 334,4 343,8 677,228,231,337,368,333,384,2 038,761,281,209,148,398,654,1 133,993,181
Logobou,4 709,4 781,9 490,250,313,349,402,311,369,1 954,882,313,254,205,534,718,1 192,1 202,242
Mahadaga,4 403,4 843,9 246,244,255,256,317,305,356,2 028,926,261,284,210,528,801,1 086,1 171,218
Mamangou,1 286,1 296,2 582,52,67,82,106,83,109,595,228,75,65,35,116,195,360,324,90
Momba,1 125,1 271,2 396,85,80,98,120,102,145,542,158,65,40,32,90,164,336,294,45
Moridéni,2 873,3 081,5 954,208,177,235,271,290,267,1 414,487,138,124,100,260,351,737,776,119
Mouabou,2 387,2 705,5 092,114,229,249,274,241,235,1 168,365,144,85,76,190,421,657,549,95
Nadiéringa,618,645,1 263,45,36,47,60,49,61,286,119,36,34,20,50,82,131,173,34
Nagaré,4 295,4 678,8 973,240,212,295,301,391,356,2 050,821,257,219,192,379,732,1 137,1 208,183
Namponkoré,7 972,8 451,16 423,374,677,600,802,666,811,3 924,1 295,410,323,220,651,1 181,2 263,1 911,315
Namponsiga,1 414,1 524,2 938,93,86,93,87,113,73,578,301,112,95,72,206,280,361,310,78
Palboa,1 316,1 377,2 693,60,89,100,131,115,147,682,201,70,48,27,99,202,342,341,39
Siaga,1 495,1 578,3 073,98,88,133,140,122,157,747,257,92,68,47,109,225,360,379,51
,,,,,,,,,,,,,,,,,,,
"""COMMUNE: NAMOUNOU** - Rural""",14 297,15 001,29 298,919,923,1 096,1 076,1 080,1 088,5 886,2 294,850,715,570,1 245,2 340,4 247,4 289,680
Diamoanyouli,743,791,1 534,48,48,58,56,57,57,308,120,45,37,30,65,122,223,225,35
Goangoana*,2 920,3 065,5 985,188,189,224,220,221,222,1 201,468,174,146,117,254,478,868,876,139
Kogodi*,1 458,1 527,2 985,94,94,112,110,110,111,599,234,87,73,58,127,238,432,437,69
Namounou,6 008,6 327,12 335,387,387,460,453,454,459,2 481,966,356,302,239,524,986,1 788,1 806,287
Palboa,744,733,1 477,46,47,56,54,55,55,294,116,43,36,29,63,118,214,217,34
Tantankilé,832,861,1 693,53,54,63,62,62,62,342,132,50,41,33,72,135,245,248,39
Tikonti,776,896,1 672,52,53,63,61,61,62,336,131,48,41,33,71,134,243,244,39
Timambari,816,801,1 617,51,51,60,60,60,60,325,127,47,39,31,69,129,234,236,38
,,,,,,,,,,,,,,,,,,,
"""COMMUNE: PARTIAGA** - Rural""",50 300,51 139,101 439,3 466,3 367,4 111,4 730,4 321,4 596,21 025,8 082,2 563,2 023,1 951,4 050,7 627,13 483,13 699,2 345
Bambambou*,1 171,1 188,2 359,81,78,95,110,101,107,489,188,60,47,46,94,177,313,318,55
Barbagou*,488,497,985,34,32,40,46,42,45,203,79,25,20,19,39,74,131,133,23
Bomonti*,1 329,1 351,2 680,92,88,108,125,115,121,557,213,68,53,52,107,202,356,361,62
Boungou*,2 697,2 753,5 450,186,181,221,254,232,247,1 130,434,138,108,104,219,410,724,736,126
Dahangou*,3 311,3 372,6 683,228,222,270,312,285,302,1 386,533,169,133,127,268,503,888,902,155
Diéla*,525,535,1 060,36,36,43,50,45,48,219,84,27,21,20,43,79,141,143,25
Doubtchari,811,745,1 556,53,52,63,72,67,71,323,124,40,31,30,62,116,206,210,36
Faobonga*,1 029,1 051,2 080,71,69,84,97,89,94,432,165,53,41,40,83,156,277,281,48
Fatouti,1 467,1 569,3 036,104,101,123,142,129,137,630,241,77,60,58,121,228,404,410,71
Gangalinti,2 487,2 487,4 974,170,165,202,232,212,225,1 029,397,126,99,96,199,374,661,672,115
Hanloli*,1 143,1 167,2 310,79,76,93,108,99,105,478,184,59,46,45,92,174,307,312,53
Kalbouli*,2 602,2 650,5 252,179,174,213,245,224,238,1 090,418,132,104,101,210,395,698,709,122
Kankandi*,2 187,2 225,4 412,151,146,179,206,188,200,915,351,112,88,85,176,331,586,596,102
Kodjini*,2 139,2 176,4 315,147,144,175,201,184,195,894,343,109,86,83,173,325,573,583,100
Kouakouli*,1 370,1 392,2 762,94,92,112,129,117,125,574,220,70,55,53,110,208,367,373,63
Lopadi*,4 851,4 951,9 802,335,325,398,457,417,444,2 029,781,247,196,189,391,738,1 304,1 324,227
Mardaga,1 499,1 503,3 002,103,99,121,140,128,136,623,240,76,60,58,119,226,399,405,69
Nadiabonli,2 658,2 552,5 210,178,173,211,243,222,236,1 081,416,132,104,100,208,391,691,704,120
Niamanga,694,732,1 426,48,47,58,67,61,64,296,113,36,28,28,57,107,190,193,33
Partiaga,5 939,6 080,12 019,410,400,489,559,511,547,2 489,960,299,242,230,478,906,1 599,1 624,276
Popomou,2 593,2 727,5 320,182,177,216,248,226,241,1 102,424,134,106,102,213,400,708,718,123
Samtangou*,2 174,2 210,4 384,150,146,177,204,186,199,909,349,111,88,85,175,329,583,592,101
Sebouga*,1 957,1 991,3 948,135,132,160,184,168,179,819,314,100,79,76,157,296,525,533,91
Tatiangou*,3 179,3 235,6 414,220,212,260,299,273,290,1 328,511,163,128,124,256,482,852,867,149
,,,,,,,,,,,,,,,,,,,
"""COMMUNE: TAMBAGA** - Rural""",31 688,33 137,64 825,1 944,2 048,2 436,2 823,2 412,2 747,13 909,5 621,1 735,1 418,1 225,2 742,4 870,8 514,8 747,1 634
Agbana,494,570,1 064,32,34,40,46,40,45,229,92,28,23,20,45,80,140,143,27
Baaka,669,667,1 336,40,43,50,58,49,57,287,116,36,29,25,57,100,175,180,34
Bayentori,1 056,1 072,2 128,64,67,80,93,80,91,455,185,57,46,40,90,160,279,287,54
Boalbigou,852,907,1 759,52,56,66,77,65,75,378,152,47,39,33,75,132,231,237,44
Boupiena,632,639,1 271,39,41,48,55,47,54,274,110,34,28,24,53,95,166,171,32
Diadori,528,533,1 061,31,33,40,47,39,45,227,92,28,24,20,45,80,140,143,27
Diandiandi,303,297,600,18,19,23,26,22,25,130,53,16,13,11,25,45,79,80,15
Diegbala,661,746,1 407,42,44,53,61,52,60,303,122,37,31,27,59,105,185,190,36
Djimagli,523,634,1 157,34,36,44,50,43,49,248,100,31,25,22,49,87,153,156,30
Fanfangou,756,838,1 594,47,51,60,69,60,68,339,138,43,35,30,68,120,210,215,41
Gnouambouli,518,514,1 032,31,33,38,45,38,43,221,90,28,23,20,44,78,135,139,26
Kogoli,2 426,2 529,4 955,149,157,186,218,186,212,1 058,430,133,109,94,209,370,650,670,124
Konli I,1 280,1 308,2 588,78,82,98,112,97,109,555,224,69,57,49,109,195,340,349,65
Konli II,764,828,1 592,48,50,60,69,59,67,342,137,42,34,30,68,120,210,215,41
Kpadanfoani,1 952,1 867,3 819,114,120,144,167,142,162,823,331,102,84,72,162,287,500,514,95
Magou,397,413,810,24,26,31,35,30,34,174,70,21,18,15,34,61,107,110,20
Momba-Peulh,375,314,689,21,22,26,30,26,29,148,60,19,15,13,29,51,90,93,17
Naboué*,883,923,1 806,54,57,68,79,67,76,389,156,48,39,34,77,136,237,244,45
Nambari,795,795,1 590,48,50,59,69,59,67,343,138,43,35,30,67,119,208,215,40
Naninssouangui,600,625,1 225,37,38,46,54,46,52,264,107,32,26,23,52,92,160,165,31
Palboa,681,736,1 417,42,45,53,62,53,60,303,123,38,31,27,59,107,186,192,36
Pentinga-Gourmantché,1 190,1 232,2 422,73,77,91,105,90,102,521,210,64,53,46,102,182,318,327,61
Pentinga-Peulh,222,223,445,13,14,17,19,16,19,97,38,12,9,9,19,33,58,60,12
Piéni*,487,512,999,30,32,37,44,37,42,215,86,27,22,19,42,75,132,134,25
Popéri,665,714,1 379,42,44,52,60,51,59,293,119,37,30,26,59,104,181,187,35
Saborga – Kori*,792,829,1 621,49,51,61,71,60,68,347,141,44,35,31,68,122,213,219,41
Saborga – Péra*,713,747,1 460,44,46,55,63,54,62,314,127,39,32,27,62,110,191,197,37
Sansanga,816,914,1 730,52,54,65,75,65,73,370,150,47,38,33,73,130,228,233,44
Tambaga,3 103,3 205,6 308,190,198,235,274,235,267,1 351,549,171,139,118,267,473,830,853,158
Thioula*,1 078,1 127,2 205,66,70,83,96,82,94,473,191,59,48,42,93,166,290,297,55
Tiakoagli,802,894,1 696,51,53,64,73,63,72,364,147,45,37,32,72,128,223,229,43
Tindangou,1 184,1 285,2 469,74,78,93,107,92,104,530,214,66,54,47,104,186,325,333,62
Yirini*,1 131,1 182,2 313,69,73,87,101,86,98,497,201,62,50,44,98,174,303,312,58
Yobri,2 360,2 518,4 878,146,154,183,213,181,207,1 047,422,130,107,92,207,367,641,658,123
,,,,,,,,,,,,,,,,,,,
"""COMMUNE: TANSARGA - Rural""",31 281,32 243,63 524,2 284,2 202,2 757,3 270,2 966,3 328,13 993,4 661,1 591,1 157,921,2 483,4 654,8 482,7 377,1 398
Banduo,1 346,1 337,2 683,56,109,109,158,123,119,631,203,58,47,42,109,212,335,312,60
Bantoana de Kabouga,979,995,1 974,51,68,81,106,84,109,417,155,43,28,32,81,152,278,248,41
Bantoana de Kotchari,630,613,1 243,59,37,69,64,65,60,292,78,15,19,14,46,89,182,117,37
Bobomondi,730,846,1 576,41,50,56,65,69,98,390,135,37,43,16,60,98,174,197,47
Bodiaga,808,899,1 707,62,65,73,82,80,97,430,148,36,25,9,38,80,190,258,34
Boupiena,1 297,1 352,2 649,48,182,130,181,152,143,502,159,65,29,25,86,150,382,348,67
Diafouanou,1 666,1 707,3 373,80,180,150,170,145,189,728,224,81,39,63,141,252,446,389,96
Diamanga,559,670,1 229,59,50,43,74,57,66,242,111,26,22,9,55,98,153,142,22
Fouambiga,517,578,1 095,62,32,39,64,61,71,261,74,24,10,11,39,71,141,111,24
Gnimboama,1 397,1 413,2 810,110,129,115,146,144,166,619,185,65,43,32,103,208,418,303,24
Kabougou,1 710,1 818,3 528,113,122,146,195,177,177,808,232,92,51,40,111,264,487,438,75
Katela,761,923,1 684,72,54,78,90,85,95,425,101,36,22,23,53,131,208,179,32
Kobana,466,501,967,30,25,41,46,28,54,236,85,33,13,14,30,71,121,123,17
Kobdari,1 168,1 258,2 426,121,41,142,137,134,123,602,154,56,31,33,71,160,323,259,39
Kombongou,697,658,1 355,52,50,51,49,80,64,307,93,34,24,13,42,102,192,178,24
Kotchari,1 177,1 086,2 263,66,61,53,84,80,84,456,264,88,94,65,117,143,281,246,81
Koukongou,756,733,1 489,52,45,64,81,75,78,341,115,38,20,16,55,122,205,152,30
Kpenkouandi,538,615,1 153,48,28,51,72,69,66,280,74,23,17,14,29,66,164,130,22
Lada,1 645,1 772,3 417,231,106,231,168,203,177,680,208,82,48,50,126,202,467,378,60
Liantandi,707,723,1 430,36,58,50,70,55,78,292,98,28,32,21,71,90,195,194,62
Malpoa,1 181,1 249,2 430,167,52,94,131,120,121,583,159,51,38,26,85,156,318,283,46
Namboantidi,833,856,1 689,39,87,109,116,86,131,375,80,22,25,17,37,102,258,166,39
Nangbanli,500,582,1 082,46,41,41,60,59,74,256,62,24,15,9,37,78,123,127,30
Natongou,314,334,648,39,12,24,39,22,38,143,52,18,13,7,24,41,82,79,15
Piélgou,1 396,1 339,2 735,72,59,156,150,135,164,637,179,60,42,37,91,221,412,286,34
Tambouli,589,619,1 208,73,60,62,84,66,92,205,63,27,16,17,60,108,151,112,12
Tansarga,4 817,4 582,9 399,278,248,311,362,327,368,1 904,885,325,291,201,512,875,1 164,1 123,225
Tchontchonga,714,765,1 479,43,58,67,95,60,97,319,103,39,19,30,69,87,205,160,28
Toptiagou,1 383,1 420,2 803,78,93,121,131,125,129,632,182,65,41,35,105,225,427,339,75
,,,,,,,,,,,,,,,,,,,
REGION: HAUTS-BASSINS,1 094 100,1 145 740,2 239 840,62 268,61 346,72 321,69 159,71 257,71 264,381 265,166 447,52 999,46 788,47 494,94 456,205 885,375 826,400 915,60 150
,,,,,,,,,,,,,,,,,,,
PROVINCE: HOUET,738 768,771 870,1 510 638,40 758,38 761,46 041,44 187,45 741,45 082,244 707,110 065,35 673,31 717,32 495,65 290,145 168,266 129,277 780,41 044
,,,,,,,,,,,,,,,,,,,
ARRONDISSEMENT N 1,33 727,36 438,70 165,1 523,1 376,1 809,1 633,1 678,1 608,9 399,4 734,1 593,1 474,1 547,3 145,6 782,12 993,15 971,2 900
Secteur 01,7 235,7 833,15 068,351,267,426,364,357,343,2 092,1 013,351,307,343,676,1 439,2 669,3 458,612
Secteur 02,14 880,15 417,30 297,693,631,806,747,742,772,4 157,2 121,708,676,691,1 363,2 923,5 436,6 679,1 152
Secteur 03,5 752,6 358,12 110,241,249,308,247,316,249,1 655,802,261,247,273,519,1 137,2 375,2 713,518
Secteur 04,4 171,4 889,9 060,172,180,187,183,195,176,1 088,571,202,164,175,408,915,1 747,2 255,442
Secteur 08,1 689,1 941,3 630,66,49,82,92,68,68,407,227,71,80,65,179,368,766,866,176
,,,,,,,,,,,,,,,,,,,
ARRONDISSEMENT N 2,92 669,98 585,191 254,5 925,5 339,5 815,5 670,5 727,5 369,29 238,13 229,4 450,4 031,4 157,8 532,19 059,35 795,34 105,4 813
Dafinso,891,891,1 782,45,59,44,48,50,46,291,149,53,56,43,73,170,257,325,73
Doufiguisso,731,642,1 373,38,28,34,44,44,52,232,129,30,33,27,32,94,246,268,42
Kimidougou,412,391,803,35,7,25,29,27,15,123,78,25,10,17,21,69,128,150,44
Moukoma,1 204,1 253,2 457,58,63,85,88,81,100,481,216,64,40,46,91,174,397,402,71
Panamasso,1 121,1 086,2 207,66,52,65,73,102,68,452,170,49,32,22,54,124,422,380,76
Santidougou,678,651,1 329,36,34,37,20,36,40,210,129,41,39,32,53,114,173,287,48
Secteur 10,20 433,22 721,43 154,1 145,1 055,1 136,1 091,1 077,1 032,6 030,3 012,1 053,889,929,2 039,4 571,8 199,8 620,1 276
Secteur 11,18 332,19 877,38 209,1 119,1 044,1 076,1 102,1 098,1 051,5 621,2 611,886,806,848,1 718,3 715,7 137,7 174,1 203
Secteur 23,12 648,13 364,26 012,903,801,958,882,862,793,4 285,1 630,554,527,530,1 078,2 567,5 010,4 254,378
Secteur 30,36 219,37 709,73 928,2 480,2 196,2 355,2 293,2 350,2 172,11 513,5 105,1 695,1 599,1 663,3 373,7 461,13 826,12 245,1 602
,,,,,,,,,,,,,,,,,,,
ARRONDISSEMENT N 3,59 853,62 683,122 536,3 308,3 201,3 607,3 415,3 526,3 333,18 987,8 645,3 000,2 703,2 673,5 417,11 809,22 648,22 728,3 536
Kékélesso,998,862,1 860,48,25,35,48,53,66,364,176,44,34,50,66,191,399,236,25
Kouentou,1 298,1 372,2 670,46,68,58,63,71,80,451,240,71,98,92,140,203,332,564,93
Léguéma,2 565,2 683,5 248,99,151,145,136,177,162,971,446,112,112,98,158,335,996,993,157
Moussobadougou,469,502,971,24,25,35,34,30,39,203,86,26,21,24,37,68,116,177,26
Noumousso,893,999,1 892,22,27,45,42,59,72,384,192,79,48,52,61,111,177,419,102
Secteur 12,17 955,18 912,36 867,1 116,929,1 064,1 093,1 096,948,5 638,2 527,871,792,802,1 704,3 600,6 684,6 852,1 151
Secteur 13,12 676,12 944,25 620,747,694,784,736,717,694,3 859,1 724,604,603,516,1 168,2 572,4 896,4 502,804
Secteur 14,11 708,12 576,24 284,568,632,680,608,648,596,3 317,1 598,544,526,508,1 068,2 418,5 007,4 825,741
Secteur 31,11 291,11 833,23 124,638,650,761,655,675,676,3 800,1 656,649,469,531,1 015,2 311,4 041,4 160,437
,,,,,,,,,,,,,,,,,,,
ARRONDISSEMENT N 4,85 510,91 539,177 049,4 524,4 431,4 872,4 729,5 122,4 714,26 707,12 716,4 112,3 844,4 058,8 043,17 965,33 397,33 597,4 218
Baré,2 323,2 344,4 667,98,108,118,136,147,135,788,309,112,99,102,187,463,753,953,159
Borodougou,926,1 005,1 931,43,66,63,49,69,70,344,137,34,34,35,63,161,311,383,69
Kotédougou,3 183,3 385,6 568,174,168,213,229,236,263,1 313,563,136,155,119,229,447,900,1 188,235
Niamadougou,825,864,1 689,66,19,42,43,44,43,317,156,42,33,39,63,148,266,316,52
Secteur 15,21 001,23 306,44 307,1 021,981,1 075,1 022,1 073,934,5 768,3 066,1 046,920,987,2 022,4 623,8 815,9 409,1 545
Secteur 16,3 882,4 581,8 463,180,163,167,168,198,177,1 094,582,176,183,187,370,753,1 657,2 026,382
Secteur 24,25 718,27 576,53 294,1 592,1 435,1 513,1 541,1 603,1 478,8 116,3 668,1 192,1 113,1 204,2 403,5 675,10 708,9 221,832
Secteur 32,9 965,10 265,20 230,486,471,563,504,561,552,3 191,1 665,565,516,538,1 046,2 129,3 204,3 865,374
Secteur 33,13 381,13 870,27 251,699,779,875,805,888,787,4 198,1 855,596,585,633,1 236,2 857,5 480,4 637,341
Sogossagasso,1 791,1 859,3 650,58,102,114,103,156,110,716,315,109,82,84,168,267,540,630,96
Tondogosso,1 018,920,1 938,55,36,42,61,45,63,324,150,43,47,56,103,161,320,379,53
Yéguéresso,1 497,1 564,3 061,52,103,87,68,102,102,538,250,61,77,74,153,281,443,590,80
,,,,,,,,,,,,,,,,,,,
ARRONDISSEMENT N 5,74 264,78 032,152 296,3 447,3 380,3 705,3 728,3 857,3 754,21 672,10 831,3 592,3 467,3 534,7 174,16 435,28 735,30 559,4 426
Dingasso,768,762,1 530,20,36,71,59,81,61,287,114,32,26,20,47,127,244,273,32
Dodougou,623,591,1 214,15,27,50,38,51,52,266,100,31,20,18,44,89,193,197,23
Dogotélama,173,184,357,1,11,7,10,10,15,71,28,12,6,9,16,34,50,59,18
Koro,1 033,1 015,2 048,35,32,57,38,63,48,324,173,38,51,52,92,204,318,428,95
Kouakoualé,2 084,1 992,4 076,77,135,144,121,160,140,814,364,100,85,74,155,285,604,719,99
Pala,1 122,1 058,2 180,50,68,51,61,42,70,354,196,45,67,59,120,252,358,347,40
Secteur 05,2 114,1 958,4 072,60,59,44,60,64,55,344,220,124,145,136,198,480,817,1 047,219
Secteur 06,5 920,6 346,12 266,269,250,253,274,276,272,1 706,878,269,239,273,534,1 226,2 387,2 666,494
Secteur 17,22 685,24 383,47 068,1 025,999,1 043,1 112,1 080,1 051,6 188,3 168,1 082,1 038,1 104,2 179,5 318,9 562,9 533,1 586
Secteur 25,14 670,15 927,30 597,728,642,798,743,791,736,4 260,2 119,774,697,728,1 510,3 397,6 136,5 947,591
Secteur 26,14 463,14 464,28 927,644,703,698,766,787,784,4 558,2 281,717,737,705,1 446,3 004,4 550,5 895,652
Secteur 27,8 609,9 352,17 961,523,418,489,446,452,470,2 500,1 190,368,356,356,833,2 019,3 516,3 448,577
,,,,,,,,,,,,,,,,,,,
ARRONDISSEMENT N 6,44 051,45 785,89 836,2 289,2 004,2 363,2 196,2 242,2 188,12 920,6 333,2 069,1 911,1 988,3 891,9 835,17 811,17 435,2 361
Darsalamy,1 556,1 608,3 164,65,45,90,91,113,95,566,233,77,71,67,111,254,510,654,122
Farakoba,1 756,1 686,3 442,83,90,84,84,90,88,562,292,74,80,78,136,344,605,636,116
Koumi,1 100,1 093,2 193,37,36,49,31,49,57,362,180,69,46,37,86,125,375,531,123
Logofourousso,960,984,1 944,48,36,37,47,39,58,368,179,71,39,41,77,137,311,380,76
Matourkou,963,954,1 917,51,36,46,36,60,58,350,138,48,37,38,79,160,279,420,81
Moamy,678,602,1 280,33,33,33,37,34,47,246,99,28,22,26,48,115,221,227,31
Samagan,710,644,1 354,30,25,20,46,29,34,182,108,32,25,36,71,165,270,248,33
Secteur 09,6 182,6 748,12 930,269,244,261,280,242,254,1 659,893,300,268,306,586,1 387,2 392,3 056,533
Secteur 18,5 052,5 249,10 301,266,246,279,273,274,238,1 537,759,271,243,224,457,1 002,2 316,1 824,92
Secteur 19,1 445,1 516,2 961,65,93,98,103,83,100,445,208,63,54,72,132,309,526,532,78
Secteur 20,16 898,18 680,35 578,964,803,935,810,882,809,4 702,2 406,785,734,807,1 633,3 966,7 500,6 931,911
Secteur 28,5 564,5 589,11 153,370,296,413,342,332,331,1 808,766,239,269,242,446,1 112,2 154,1 871,162
Secteur 7,1 187,432,1 619,8,21,18,16,15,19,133,72,12,23,14,29,759,352,125,3
,,,,,,,,,,,,,,,,,,,
ARRONDISSEMENT N 7,90 314,91 153,181 467,4 731,4 299,4 944,4 755,4 815,4 695,25 711,12 426,4 004,3 771,3 784,8 514,21 449,36 477,33 300,3 792
Bana,433,415,848,30,30,24,29,21,24,151,72,16,19,16,26,62,124,182,22
Dindéresso,221,228,449,14,9,11,13,15,11,63,35,11,6,12,22,39,78,99,11
Kokorowé,192,93,285,17,10,5,9,5,3,15,3,3,3,0,15,43,104,48,2
Nasso,1 443,1 133,2 576,40,35,33,32,34,30,235,260,73,50,49,117,266,665,521,136
Ouolokoto,1 370,1 360,2 730,74,76,96,87,119,115,603,193,50,47,23,87,184,417,490,69
Secteur 21,27 869,29 540,57 409,1 439,1 283,1 517,1 414,1 479,1 393,7 801,3 840,1 240,1 191,1 197,2 700,6 220,11 636,11 300,1 759
Secteur 22,18 359,18 866,37 225,963,811,979,1 008,973,968,5 383,2 626,871,901,858,1 922,4 223,7 083,6 895,761
Secteur 29,40 427,39 518,79 945,2 154,2 045,2 279,2 163,2 169,2 151,11 460,5 397,1 740,1 554,1 629,3 625,10 412,16 370,13 765,1 032
,,,,,,,,,,,,,,,,,,,
"""COMMUNE: BAMA - Rural""",42 669,43 165,85 834,1 961,2 082,2 721,2 657,2 726,2 952,15 919,6 798,2 206,1 703,1 760,3 471,6 852,13 487,15 884,2 655
Badara,2 632,2 560,5 192,150,134,134,144,148,151,844,432,136,126,121,244,431,811,998,188
Bama,15 113,16 102,31 215,748,749,924,859,918,982,5 559,2 418,788,601,674,1 331,2 626,5 042,5 963,1 033
Banakélédaga,1 560,1 576,3 136,44,69,72,91,76,86,620,296,96,67,46,105,198,550,648,72
Banaorodougou,499,532,1 031,9,31,33,28,63,13,212,85,29,12,26,58,86,147,171,28
Desso,1 925,1 908,3 833,83,77,116,128,120,177,764,304,113,74,68,140,280,590,680,119
Diarradougou,654,492,1 146,36,17,34,30,32,28,189,71,29,21,21,29,93,204,279,33
Kouroukan,1 124,1 195,2 319,55,52,98,91,86,89,467,161,44,39,53,83,175,350,406,70
Lanfièra,696,690,1 386,51,51,59,42,49,69,273,82,30,17,18,58,97,200,247,43
Natèma,554,589,1 143,27,31,29,33,33,41,239,113,35,40,16,49,70,174,188,25
Niéguéma,1 057,955,2 012,47,29,65,70,71,80,381,160,44,45,38,79,166,277,393,67
Samandéni,3 768,3 878,7 646,181,217,287,296,257,257,1 458,622,194,138,148,298,549,1 179,1 330,235
Sandimisso,289,233,522,16,9,14,13,18,20,93,47,13,14,12,23,26,82,103,19
Sangoulema,1 139,1 063,2 202,48,41,75,64,80,87,414,163,58,40,43,82,168,358,419,62
Saouléni,245,204,449,2,10,10,11,19,19,83,55,8,11,11,9,34,83,75,9
Séguéré,3 134,3 367,6 501,122,177,231,228,203,284,1 262,500,184,155,113,245,542,913,1 143,199
Soungalodaga,4 388,4 224,8 612,162,218,320,275,295,330,1 622,651,197,154,189,322,740,1 402,1 507,228
Sourkoudougou,663,698,1 361,27,27,30,48,30,37,274,125,44,31,24,51,101,175,286,51
Tanwogoma,982,785,1 767,42,45,40,56,35,45,305,178,48,49,43,101,159,278,311,32
Toukoro,997,884,1 881,33,37,69,63,93,64,382,149,62,36,36,67,127,344,284,35
Yirwal,302,324,626,18,14,18,11,24,18,112,60,13,10,17,30,39,83,130,29
Ziga,948,906,1 854,60,47,63,76,76,75,366,126,41,23,43,67,145,245,323,78
,,,,,,,,,,,,,,,,,,,
"""COMMUNE: DANDE - Rural""",10 745,11 309,22 054,572,577,766,739,739,836,4 091,1 657,521,416,453,823,1 733,3 407,3 964,760
Bakaribougou,1 344,1 426,2 770,92,59,90,100,89,120,554,221,76,41,44,72,188,453,504,67
Dandé,5 801,6 002,11 803,275,338,431,365,398,412,2 095,878,292,256,292,505,1 043,1 852,1 994,377
Kogodjan,1 533,1 629,3 162,94,111,116,129,115,151,619,238,63,47,56,123,216,441,542,101
Koreba,751,813,1 564,49,10,31,61,49,65,362,89,25,19,11,32,71,250,368,72
Lanfièra-Coura,1 316,1 439,2 755,62,59,98,84,88,88,461,231,65,53,50,91,215,411,556,143
,,,,,,,,,,,,,,,,,,,
"""COMMUNE: FARAMANA - Rural""",8 879,9 118,17 997,227,469,708,545,762,575,3 584,1 715,627,462,420,833,1 327,2 756,2 673,314
Bambé,1 400,1 574,2 974,22,87,63,81,104,75,615,410,146,86,95,124,191,515,339,21
Béna,364,405,769,1,8,27,14,23,23,165,81,20,30,15,52,72,105,125,8
Faramana,2 831,2 565,5 396,30,150,162,135,156,129,879,545,239,182,170,381,542,709,903,84
Koakourima,919,869,1 788,57,43,52,79,88,73,404,138,35,35,21,52,139,258,268,46
Koby,969,1 007,1 976,28,20,200,57,154,80,450,116,67,16,39,31,76,368,253,21
Kouni,212,190,402,13,8,13,13,14,15,84,37,12,13,15,15,34,55,55,6
Siankoro,1 817,2 056,3 873,76,117,155,134,174,162,824,314,78,80,60,152,234,600,617,96
Ty,367,452,819,0,36,36,32,49,18,163,74,30,20,5,26,39,146,113,32
,,,,,,,,,,,,,,,,,,,
"""COMMUNE: FO - Rural""",10 477,11 994,22 471,695,637,921,939,978,867,4 487,1 694,457,386,401,755,1 576,3 316,3 790,572
Bouboura,700,867,1 567,52,47,60,79,61,85,357,109,14,14,9,32,103,233,264,48
Dangoumani,1 128,1 277,2 405,32,64,83,105,77,90,505,183,58,46,37,117,205,413,343,47
Dawera,2 083,2 417,4 500,218,120,200,212,245,161,833,339,93,63,109,152,327,649,670,109
Dintoloma,149,182,331,13,7,15,13,16,15,61,24,5,9,7,10,25,48,59,4
Dorona,954,1 088,2 042,63,71,74,92,85,104,428,146,45,36,38,60,118,306,311,65
Fo,911,1 032,1 943,44,50,61,41,69,67,366,152,35,37,32,66,119,291,458,55
Kibe,496,588,1 084,17,35,30,48,53,38,246,85,31,23,19,25,67,133,206,28
Kiébani,512,581,1 093,40,34,30,45,41,34,212,98,27,22,23,29,76,145,201,36
Kogouè,1 396,1 572,2 968,38,98,178,137,131,114,594,226,53,42,41,100,213,506,444,53
Kokoroba,479,519,998,25,23,37,33,30,34,188,97,24,18,21,32,63,120,220,33
Lanfièra,592,685,1 277,72,38,73,43,78,44,233,83,27,26,18,51,93,172,190,36
Mossibougou,506,618,1 124,40,25,40,40,41,35,215,69,21,23,28,52,107,151,208,29
Yelintouta,571,568,1 139,41,25,40,51,51,46,249,83,24,27,19,29,60,149,216,29
,,,,,,,,,,,,,,,,,,,
"""COMMUNE: KARANKASSO SAMBLA - Rural""",15 103,14 795,29 898,883,838,992,997,1 000,1 045,5 632,2 298,720,595,574,1 149,2 347,4 377,5 580,871
Badara-sambla,392,421,813,19,19,23,32,25,27,150,75,28,23,18,33,47,112,162,20
Banakorosso,729,692,1 421,32,39,49,47,40,49,292,107,24,24,27,42,120,254,241,34
Bouendé,1 053,1 072,2 125,61,97,71,51,69,72,394,180,63,42,28,71,139,335,403,49
Diofoloma,1 354,1 340,2 694,90,42,124,118,102,105,531,191,35,45,48,117,251,416,430,49
Gognon,670,678,1 348,41,49,39,69,40,49,250,113,30,34,26,47,92,189,228,52
Karangasso-sambla,3 761,3 647,7 408,198,177,227,208,257,246,1 396,569,203,179,165,336,597,1 090,1 332,228
Kongolikan,156,165,321,12,8,10,5,13,9,61,27,9,3,6,15,25,41,63,14
Koumbadougou,670,657,1 327,37,31,50,47,42,41,271,103,43,34,27,49,100,174,235,43
Magafesso,939,917,1 856,54,58,72,71,50,65,338,136,41,40,33,64,166,255,354,59
Samatoukoro,1 340,1 335,2 675,94,91,87,105,100,115,511,183,51,51,61,80,216,370,473,87
Sembléni,391,419,810,17,23,24,31,26,31,142,65,29,20,12,37,79,101,160,13
Siènné,380,423,803,41,31,22,34,25,37,157,84,11,7,11,25,38,112,145,23
Souroukoudinga,1 097,963,2 060,85,62,80,56,76,62,413,148,54,35,31,95,151,254,407,51
Tiara,533,522,1 055,21,32,33,30,32,34,192,116,37,19,24,34,67,138,211,35
Torosso,625,678,1 303,39,37,32,40,43,57,275,119,28,16,25,38,71,156,267,60
Toukoro Sambla,1 013,866,1 879,42,42,49,53,60,46,259,82,34,23,32,66,188,380,469,54
,,,,,,,,,,,,,,,,,,,
"""COMMUNE: KARANKASSO-VIGUE - Rural""",58 501,59 901,118 402,3 909,3 617,4 650,4 442,4 447,4 678,22 372,8 718,2 796,2 207,2 412,4 660,9 761,18 333,18 436,2 964
Dan,4 854,4 909,9 763,249,286,389,354,382,356,1 817,719,227,198,205,388,738,1 686,1 546,223
Déguélé,4 030,4 190,8 220,319,199,342,348,347,350,1 680,612,183,163,147,267,535,1 228,1 277,223
Dérégouan,2 854,2 726,5 580,195,172,211,204,190,191,978,352,112,79,110,204,550,1 068,874,90
Dindiaradougou-Nemato,1 476,1 478,2 954,114,95,118,132,121,127,566,218,57,52,62,116,270,463,389,54
Diosso,4 079,4 147,8 226,241,277,385,386,347,323,1 420,475,156,137,163,346,803,1 403,1 228,136
Gnaouè,964,970,1 934,70,78,69,85,71,79,382,198,53,30,19,50,142,241,314,53
Karankasso-vigué,7 665,7 809,15 474,492,442,545,515,556,661,3 071,1 255,406,352,368,684,1 186,2 080,2 527,334
Kimi,1 220,1 257,2 477,74,65,77,50,90,99,489,214,62,38,45,86,192,374,439,83
Klésso,1 875,2 015,3 890,149,110,142,177,131,141,695,305,88,77,95,145,337,559,614,125
Kouérédougou,2 537,2 711,5 248,238,189,214,202,202,222,982,362,117,87,107,196,451,828,762,89
Kourémaganfaso,1 434,1 505,2 939,81,86,83,95,120,119,553,219,69,63,54,121,212,407,534,123
Larama,1 319,1 386,2 705,26,109,113,89,121,117,542,205,62,57,57,99,216,386,447,59
Mandiasso,306,341,647,16,13,28,30,23,24,126,45,10,11,9,22,50,103,116,21
Ouéré,1 364,1 288,2 652,93,99,128,105,98,84,436,151,64,47,56,124,256,451,374,86
Pièrè,863,898,1 761,35,44,92,79,67,79,326,115,42,26,22,75,132,330,246,51
Pinguina,825,774,1 599,86,38,68,62,72,58,280,122,41,22,37,65,167,245,215,21
Poya,3 861,3 737,7 598,203,233,282,293,262,268,1 383,556,182,114,145,307,721,1 357,1 091,201
Poya-Obaga,1 939,2 052,3 991,139,132,231,167,153,190,763,257,94,45,47,150,316,597,584,126
Séyé,1 242,1 282,2 524,107,91,80,105,113,106,503,183,42,31,56,100,193,368,393,53
Signoghin,1 401,1 427,2 828,98,78,128,119,109,124,578,203,44,53,66,107,256,438,370,57
Somanguima,910,889,1 799,69,32,92,73,96,74,368,101,44,43,38,107,128,268,239,27
Soumousso,3 749,3 920,7 669,274,226,257,226,224,257,1 314,590,229,165,192,316,687,1 165,1 275,272
Tiébadialofaso,175,212,387,15,9,10,8,17,11,89,34,3,8,11,18,22,61,63,8
Wara,4 007,4 352,8 359,278,289,312,286,278,325,1 636,618,230,154,169,301,674,1 229,1 332,248
Yéguéré,3 552,3 626,7 178,248,225,254,252,257,293,1 395,609,179,155,132,266,527,998,1 187,201
,,,,,,,,,,,,,,,,,,,
"""COMMUNE: KOUNDOUGOU - Rural""",10 226,11 000,21 226,691,598,759,696,788,819,4 077,1 538,458,401,448,810,1 712,3 116,3 597,718
Kogoma,1 202,1 306,2 508,62,79,93,83,100,96,455,183,55,45,56,99,206,384,453,59
Korédéni,1 601,1 644,3 245,116,101,120,106,136,152,603,234,66,59,59,91,297,477,544,84
Koundougou,4 818,5 215,10 033,329,269,335,319,332,349,1 937,778,202,206,234,427,830,1 419,1 692,375
Mangorotou,853,898,1 751,39,40,56,60,54,57,308,101,59,33,43,90,147,288,308,68
Soumorodougou,691,775,1 466,60,50,65,36,70,56,275,116,41,26,25,51,104,225,215,51
Tarama,1 061,1 162,2 223,85,59,90,92,96,109,499,126,35,32,31,52,128,323,385,81
,,,,,,,,,,,,,,,,,,,
"""COMMUNE: LENA - Rural""",12 483,12 910,25 393,661,595,689,694,725,812,4 752,2 179,701,684,643,1 094,2 102,3 500,4 714,848
Bah,1 098,1 075,2 173,24,24,43,52,47,53,360,191,67,55,54,95,218,328,492,70
Bodialédaga,1 132,1 275,2 407,62,47,64,78,91,79,498,207,64,68,60,117,163,308,425,76
Bona,280,301,581,8,20,20,13,18,18,133,41,24,12,12,17,41,87,102,15
Kofila,1 616,1 569,3 185,81,89,77,93,97,107,570,258,63,93,83,152,278,456,580,108
Konkourona,804,878,1 682,53,45,52,54,51,62,316,124,51,40,32,61,115,283,287,56
Konzo,279,223,502,17,5,20,14,21,14,106,43,16,12,7,20,34,76,87,10
Kouekouesso,1 005,1 118,2 123,60,51,52,49,56,83,424,215,55,66,55,73,115,244,423,102
Koundimi,874,999,1 873,51,60,58,49,56,71,419,150,39,31,38,42,120,242,378,69
Léna,3 628,3 754,7 382,209,190,223,212,210,209,1 286,594,188,180,199,345,738,1 028,1 332,239
Oualana,501,495,996,14,13,19,8,18,19,153,150,71,66,56,72,79,99,131,28
Tatalama,250,212,462,18,8,11,11,18,24,99,37,7,10,5,19,36,49,104,6
Toungouana,256,226,482,6,13,11,14,12,13,111,51,10,12,13,11,36,73,82,14
Yabasso,611,640,1 251,38,22,31,40,23,48,216,97,40,38,24,60,111,184,238,41
Zatama,149,145,294,20,8,8,7,7,12,61,21,6,1,5,10,18,43,53,14
,,,,,,,,,,,,,,,,,,,
"""COMMUNE: PADEMA - Rural""",30 028,31 831,61 859,2 123,1 846,2 506,2 402,2 428,2 592,11 950,4 738,1 365,1 126,1 208,2 183,4 914,8 854,9 965,1 659
Bankouma,1 417,1 455,2 872,114,95,127,121,106,116,483,177,64,47,54,127,255,447,467,72
Banwali,1 490,1 713,3 203,66,89,118,81,109,119,684,274,100,61,72,83,216,444,564,123
Djigouéma,3 386,3 751,7 137,328,187,295,290,307,310,1 474,572,128,109,116,228,513,878,1 178,224
Hamdalaye,614,687,1 301,37,41,49,51,60,52,269,100,32,27,28,58,97,184,204,12
Kimini,2 838,3 177,6 015,203,183,267,234,204,281,1 190,418,140,93,136,216,478,898,919,155
Koledougou,1 303,1 483,2 786,108,81,128,101,133,139,565,225,58,56,46,92,186,390,414,64
Lahirasso,2 861,2 743,5 604,189,166,226,204,193,212,914,362,105,86,75,196,522,978,1 075,101
Nématoulaye,4 229,4 288,8 517,293,277,354,326,372,397,1 660,618,178,174,224,281,726,1 237,1 206,194
Padéma,2 479,2 593,5 072,94,148,178,208,183,179,875,381,143,117,87,208,423,828,849,171
Sioma,3 020,3 281,6 301,206,224,245,244,252,271,1 252,515,142,120,108,223,477,807,1 022,193
Wigayatoulaye,2 833,3 082,5 915,241,185,274,277,265,256,1 197,499,118,101,129,214,433,772,814,140
Zongoma,3 558,3 578,7 136,244,170,245,265,244,260,1 387,597,157,135,133,257,588,991,1 253,210
,,,,,,,,,,,,,,,,,,,
"""COMMUNE: PENI - Rural""",25 687,25 525,51 212,1 472,1 608,1 968,1 814,1 961,1 815,9 719,3 764,1 233,1 009,937,1 961,4 028,7 686,8 956,1 281
Dabokry,594,529,1 123,11,14,46,44,47,53,298,106,22,15,20,24,70,152,181,20
Dissini,292,286,578,14,22,25,30,12,21,112,33,16,8,7,29,47,79,99,24
Dodougou,994,976,1 970,84,76,91,69,89,57,359,130,32,53,33,75,139,272,372,39
Dogossesso,680,730,1 410,54,36,71,51,90,59,309,78,33,26,31,52,101,202,192,25
Donfara,435,422,857,32,25,24,30,33,28,180,59,22,12,21,36,76,109,152,18
Dounousso,455,494,949,23,29,46,33,46,36,196,68,25,20,13,27,66,126,172,23
Finlandé,508,505,1 013,31,36,47,31,34,19,200,73,26,17,18,33,85,154,170,39
Gnafongo,2 944,2 834,5 778,176,187,220,215,249,208,1 075,419,136,121,107,198,446,920,968,133
Kodara,429,321,750,0,1,20,17,20,19,72,36,17,8,7,31,85,122,263,32
Koumandara,1 178,1 187,2 365,31,77,92,104,91,111,525,167,65,39,38,83,187,369,354,32
Lanfièra,1 733,1 872,3 605,155,111,167,145,166,154,724,240,89,52,48,122,234,528,609,61
Marabagasso,3 001,2 849,5 850,159,213,251,233,230,220,1 197,387,131,117,90,205,474,970,900,73
Mê,579,497,1 076,33,29,49,43,23,27,182,70,34,16,22,46,84,173,202,43
Moussobadougou,2 545,2 515,5 060,150,194,209,192,181,187,893,361,137,113,106,193,407,810,847,80
Nakaka,464,447,911,29,21,40,26,34,38,158,66,27,7,25,34,94,127,166,19
Nonkondougou,567,634,1 201,39,30,55,43,47,45,272,88,27,34,21,38,86,148,191,37
Noumoudara,1 811,1 710,3 521,92,112,103,105,120,95,616,331,83,80,71,147,253,573,601,139
Péni,2 585,2 823,5 408,124,111,127,127,141,136,887,484,144,141,104,313,521,734,1 109,205
Samaradougou,914,863,1 777,45,97,83,70,95,62,334,147,52,30,34,54,121,268,258,27
Sokouranie,181,179,360,14,15,13,22,7,19,65,31,5,6,3,13,21,57,57,12
Taga,600,612,1 212,25,41,29,32,36,25,228,99,30,20,28,38,69,167,284,61
Tièmèrèdji (Gouègouè),1 050,1 005,2 055,80,51,83,57,67,91,372,137,37,38,47,86,177,337,348,47
Tien,864,943,1 807,67,52,59,74,76,82,349,109,28,25,30,61,130,219,365,81
Tiougouana,284,292,576,4,28,18,21,27,23,116,45,15,11,13,23,55,70,96,11
,,,,,,,,,,,,,,,,,,,
"""COMMUNE: SATIRI - Rural""",23 281,24 830,48 111,1 367,1 414,1 709,1 657,1 706,1 801,9 615,3 994,1 144,979,941,1 741,3 543,6 624,8 403,1 473
Balla,2 127,2 268,4 395,135,130,201,136,185,182,836,350,118,77,64,141,353,549,789,149
Bossora,3 833,4 187,8 020,298,248,329,352,308,317,1 628,656,179,150,144,305,597,1 073,1 253,183
Dorossiamasso,2 586,2 610,5 196,137,141,178,154,166,187,1 035,457,163,122,114,185,369,688,943,157
Fina,1 075,1 079,2 154,58,70,89,74,81,90,431,181,52,44,41,78,176,303,332,54
Kadomba,1 677,1 934,3 611,125,90,117,118,127,136,682,292,81,87,64,130,295,508,635,124
Koroma,733,809,1 542,36,43,34,31,61,66,323,144,39,23,33,37,88,212,296,76
Mogobasso,505,489,994,8,34,23,24,25,27,185,75,26,26,22,37,71,154,212,45
Molokadoun,1 353,1 452,2 805,94,91,107,92,105,111,611,220,63,60,56,98,188,422,424,63
Nefrelaye,844,975,1 819,57,63,52,82,56,79,316,140,33,47,36,88,146,252,324,48
Ramatoulaye,450,537,987,39,37,32,46,38,24,220,77,19,13,14,20,55,119,191,43
Sala,1 761,1 864,3 625,111,144,106,114,112,118,703,295,79,64,65,114,294,504,675,127
Satiri,2 187,2 220,4 407,102,98,97,117,117,114,859,426,111,121,123,210,342,583,845,142
Sissa,1 030,1 202,2 232,66,74,120,131,95,133,482,117,31,14,26,61,149,373,306,54
Sokourani,509,525,1 034,8,21,39,17,46,28,261,89,26,23,22,43,55,116,223,17
Tiarako,853,746,1 599,32,17,36,54,39,47,346,143,39,30,23,39,105,268,309,72
Wérou,1 758,1 933,3 691,61,113,149,115,145,142,697,332,85,78,94,155,260,500,646,119
,,,,,,,,,,,,,,,,,,,
"""COMMUNE: TOUSSIANA - Rural""",10 301,11 277,21 578,450,450,537,479,514,629,3 875,2 058,625,548,557,1 094,1 939,2 817,4 123,883
Badougouya,217,241,458,4,7,9,15,20,20,101,38,2,3,3,7,29,68,101,31
Gouapëguë,327,406,733,17,13,16,10,19,20,149,70,13,22,20,43,47,76,150,48
Keleya,427,474,901,15,31,27,28,26,33,223,63,15,12,4,14,30,117,221,42
Mou,184,220,404,8,5,7,7,10,17,87,39,9,12,5,13,24,55,88,18
Nianaba,2 095,2 428,4 523,105,108,116,92,109,147,778,417,146,117,151,260,414,520,845,198
Nianwaré,209,273,482,11,20,15,16,7,31,88,44,4,4,4,17,33,68,92,28
Pouanya,161,192,353,13,8,7,14,13,9,90,35,9,1,0,3,11,51,68,21
Seminé,113,124,237,2,7,15,6,5,12,45,21,7,1,1,5,14,44,45,7
Tapoko,774,853,1 627,50,35,71,48,68,49,326,140,35,23,20,44,113,263,295,47
Toussiana,2 690,2 677,5 367,104,80,116,100,105,118,792,619,200,170,197,344,597,654,968,203
Wempéa I,941,1 065,2 006,48,46,50,55,44,59,391,190,50,58,47,99,134,257,394,84
Wempéa II,311,372,683,5,17,18,16,13,23,112,60,24,24,12,37,51,87,146,38
Yorokofesso,1 583,1 644,3 227,59,61,60,66,57,81,554,278,98,89,87,191,398,494,560,94
Yoya,269,308,577,9,12,10,6,18,10,139,44,13,12,6,17,44,63,150,24
,,,,,,,,,,,,,,,,,,,
PROVINCE: KENEDOUGOU,193 286,206 663,399 949,12 414,12 863,14 366,13 377,14 057,14 383,76 448,31 727,9 823,8 339,8 317,15 906,31 693,56 893,68 611,10 732
,,,,,,,,,,,,,,,,,,,
"""COMMUNE: BANZON - Rural""",9 848,10 206,20 054,567,608,622,609,621,655,3 643,1 689,518,451,498,864,1 652,2 724,3 698,635
Banzon,6 771,6 891,13 662,401,366,387,402,393,414,2 393,1 151,379,308,364,621,1 181,1 914,2 553,435
Doria,158,177,335,8,17,14,3,6,10,74,24,5,6,4,7,31,49,64,13
Kounseni,2 078,2 245,4 323,114,163,165,138,156,170,814,373,102,96,115,169,321,541,756,130
Nablo-Diassa,324,337,661,15,29,15,35,24,30,147,60,12,17,4,23,40,79,116,15
Nianwere,225,203,428,11,5,15,11,17,13,92,36,13,10,4,14,36,50,85,16
Seezon,292,353,645,18,28,26,20,25,18,123,45,7,14,7,30,43,91,124,26
,,,,,,,,,,,,,,,,,,,
"""COMMUNE: DJIGOUERA - Rural""",11 148,11 618,22 766,654,669,730,678,754,775,4 293,1 879,567,498,494,821,1 608,3 259,4 426,661
Dian,388,394,782,26,23,16,28,30,29,129,69,22,21,19,26,58,111,153,22
Diassaga,434,396,830,32,24,31,29,24,28,141,70,23,9,23,26,64,114,166,26
Dissanga,1 272,1 282,2 554,81,83,79,90,98,96,530,197,52,60,52,85,200,339,441,71
Djigouéra,2 306,2 393,4 699,118,139,128,119,138,145,884,420,137,102,116,202,334,667,901,149
Gossiamandara,302,331,633,12,10,23,23,19,18,121,51,12,12,12,21,35,107,138,19
Kaka,253,249,502,15,15,14,14,22,22,87,40,7,7,6,18,38,72,111,14
Kassanga,1 117,1 252,2 369,48,67,83,68,73,71,458,215,58,55,39,83,187,321,486,57
Kleni,141,163,304,8,13,9,4,12,5,66,28,4,5,7,16,19,36,64,8
Kolokaka,104,140,244,6,10,7,6,7,10,40,19,7,4,4,12,13,41,49,9
Kouana,224,264,488,21,20,17,15,11,18,115,40,6,9,11,11,21,63,100,10
Kuini,1 328,1 387,2 715,92,84,82,90,81,89,500,228,68,54,45,79,190,397,548,88
Serekeni,1 768,1 717,3 485,94,82,132,91,123,122,576,261,80,96,81,143,232,551,714,107
Soubakagnedougou,1 511,1 650,3 161,101,99,109,101,116,122,646,241,91,64,79,99,217,440,555,81
,,,,,,,,,,,,,,,,,,,
"""COMMUNE: KANGALA - Rural""",15 492,17 572,33 064,1 128,1 115,1 241,1 119,1 137,1 131,6 360,2 700,900,664,681,1 267,2 427,4 170,5 929,1 095
Bakaribougou,320,344,664,14,34,32,30,29,19,135,43,18,12,6,15,34,86,125,32
Bama,870,967,1 837,58,67,69,73,62,68,395,156,39,39,36,41,118,225,339,52
Dioforma,312,368,680,31,27,22,16,36,21,129,63,17,15,21,34,49,79,106,14
Kafiguila,188,219,407,18,18,25,10,23,12,83,33,13,8,3,12,30,47,59,13
Kagnabougou,361,397,758,33,19,23,25,26,30,125,66,35,16,13,29,65,88,143,22
Kangala,2 956,3 248,6 204,196,171,195,211,177,224,1 158,535,178,120,162,266,542,756,1 099,214
Kotoura,1 945,2 155,4 100,127,130,142,140,136,121,730,347,128,99,94,171,310,506,785,134
Lanfiera,671,827,1 498,70,45,56,57,52,43,298,130,33,21,19,41,94,199,273,67
Mahon,1 899,2 259,4 158,162,127,165,121,140,114,823,325,119,91,101,180,303,503,736,148
Moussabougou,338,438,776,32,34,31,33,24,37,169,60,17,24,8,37,53,80,126,11
Niampedougou,626,745,1 371,64,32,76,58,66,45,244,87,33,22,19,55,99,193,228,50
Ouolonkoto,1 738,2 027,3 765,131,147,169,132,138,123,786,337,103,73,67,120,239,451,633,116
Sayaga,908,983,1 891,59,54,60,54,49,81,384,166,39,38,37,62,133,245,378,52
Sokouraba,2 116,2 321,4 437,109,177,163,142,152,168,798,314,116,71,91,187,319,649,821,160
Ziwayiri,244,274,518,24,33,13,17,27,25,103,38,12,15,4,17,39,63,78,10
,,,,,,,,,,,,,,,,,,,
"""COMMUNE: KAYAN - Rural""",14 271,15 154,29 425,1 037,924,1 124,1 026,1 045,1 154,5 929,2 290,668,539,531,959,2 204,4 288,4 928,779
Dionkelé,1 119,1 103,2 222,72,60,68,82,114,64,419,180,41,51,30,66,183,366,361,65
Doro,621,685,1 306,65,46,73,45,45,54,242,86,33,29,20,42,104,186,209,27
Fofara,1 075,1 181,2 256,77,68,93,76,83,106,481,167,48,36,35,93,179,300,366,48
Kayan,1 987,2 088,4 075,110,149,143,127,138,165,814,304,97,74,81,127,299,614,731,102
Kouroumani,490,611,1 101,43,29,53,40,37,43,226,93,21,15,28,32,95,134,174,38
Massassoni,221,234,455,10,19,23,11,17,22,100,36,11,8,9,10,22,67,81,9
N’dana,748,793,1 541,43,50,50,48,46,58,303,138,28,21,25,44,99,253,282,53
N’dosso,598,705,1 303,45,49,36,49,43,45,298,103,34,26,32,33,78,179,209,44
N’gorolani,888,1 020,1 908,58,67,86,83,55,88,417,157,38,28,32,62,123,260,317,37
Niena,928,975,1 903,161,68,55,80,75,65,355,150,38,37,27,58,128,217,342,47
Ouèrè,545,590,1 135,35,31,39,31,40,42,258,97,35,21,19,30,83,170,165,39
Seye,769,812,1 581,48,29,52,39,66,73,319,123,36,33,18,53,123,239,287,43
Sien,515,623,1 138,30,38,62,41,40,46,237,83,24,20,20,26,82,167,183,39
Sokourani,388,365,753,10,27,30,31,30,32,162,58,12,5,14,19,55,117,128,23
Teoule,1 348,1 330,2 678,81,57,109,92,85,80,511,187,82,56,62,123,245,413,438,57
Tigan,1 857,1 855,3 712,137,128,137,143,115,152,716,297,81,71,75,133,280,560,585,102
Zangassoni,174,184,358,12,9,15,8,16,19,71,31,9,8,4,8,26,46,70,6
,,,,,,,,,,,,,,,,,,,
"""COMMUNE: KOLOKO - Rural""",13 785,14 841,28 626,982,1 059,1 143,1 035,959,1 024,5 421,2 127,601,543,575,1 167,2 225,4 120,4 793,852
Banakoro,255,237,492,23,13,30,11,20,31,94,23,4,4,8,18,32,78,86,17
Chokoro,288,329,617,32,20,21,12,21,25,137,57,10,10,14,27,40,83,88,20
Dialakoro,122,138,260,18,11,8,7,7,8,50,26,1,9,8,9,12,36,44,6
Dobougou,262,285,547,24,21,20,20,21,13,110,42,10,9,8,35,34,76,86,18
Fama Koulembougou,512,550,1 062,47,33,50,34,43,45,187,84,29,12,15,36,94,159,174,20
Gnadia,184,161,345,8,11,10,11,13,8,62,29,13,5,15,11,42,54,44,9
Imatoro,535,562,1 097,44,47,49,44,38,56,213,69,31,21,17,36,70,148,182,32
Kartasso,308,322,630,24,27,22,28,19,29,138,52,5,4,9,18,40,70,121,24
Kokouna,446,502,948,36,47,42,33,30,42,178,82,17,16,22,43,63,121,145,31
Koloko,3 513,3 789,7 302,167,213,256,230,202,244,1 213,584,186,204,166,343,719,1 059,1 296,220
Nafanasso,501,552,1 053,34,52,49,40,37,42,196,87,21,13,22,43,65,153,174,25
Natindougou,267,303,570,15,28,21,19,19,16,126,38,12,8,5,17,38,69,125,14
Nigolo,376,392,768,24,23,34,25,32,27,174,49,11,12,18,31,64,107,119,18
Sifarasso,2 253,2 456,4 709,191,182,209,222,179,167,959,328,83,64,89,146,301,711,740,138
Sintasso,667,727,1 394,46,47,58,55,49,33,318,73,17,24,16,33,108,213,270,34
Sokoroni,1 447,1 556,3 003,76,114,115,96,93,90,586,211,62,68,60,131,199,409,557,136
Songolo,259,259,518,22,28,11,15,23,14,112,37,7,5,12,20,28,80,89,15
Zanibougou,122,170,292,23,15,22,9,12,12,46,12,6,8,8,9,23,45,33,9
Zitonosso,1 468,1 551,3 019,128,127,116,124,101,122,522,244,76,47,63,161,253,449,420,66
,,,,,,,,,,,,,,,,,,,
"""COMMUNE: KOURIGNON - Rural""",8 695,9 190,17 885,514,552,538,511,577,550,3 369,1 477,417,477,378,733,1 327,2 527,3 405,533
Banfoulagouè,1 499,1 539,3 038,84,91,86,91,99,101,629,250,64,56,74,110,244,459,526,74
Dan,383,420,803,40,22,31,38,22,24,172,63,15,16,5,22,29,123,161,20
Guena,1 016,1 118,2 134,42,53,65,47,78,72,392,196,66,65,61,88,146,277,419,67
Kourignon,1 668,1 778,3 446,90,118,81,64,89,95,597,272,93,105,65,194,339,470,659,115
Mina,258,315,573,18,12,29,11,26,8,109,39,7,20,15,19,37,67,135,21
N’bie,143,151,294,8,5,8,13,7,6,42,30,7,7,12,6,14,39,78,12
Pindie-Badara,1 328,1 367,2 695,92,91,76,72,93,78,490,237,64,82,58,109,198,400,484,71
Sian,228,251,479,11,17,21,19,19,19,98,38,6,4,4,9,28,68,99,19
Sidi,791,855,1 646,35,53,61,58,71,53,326,143,38,42,30,56,98,233,319,30
Sipigui,689,648,1 337,60,51,37,61,36,44,256,89,21,37,15,53,96,224,218,39
Toussiamasso,373,434,807,18,23,17,22,20,30,152,68,21,28,19,37,49,98,169,36
Toussian-Bandougou,319,314,633,16,16,26,15,17,20,106,52,15,15,20,30,49,69,138,29
,,,,,,,,,,,,,,,,,,,
"""COMMUNE: KOUROUMA - Rural""",24 733,26 511,51 244,1 683,1 787,2 026,1 821,1 979,2 012,10 054,4 168,1 277,1 054,1 052,1 999,4 205,7 044,7 886,1 197
Djigouera,775,802,1 577,58,70,77,54,87,67,309,101,30,19,26,48,118,241,236,36
Doumbourla,611,688,1 299,49,37,53,65,38,51,286,104,26,25,32,52,97,188,173,23
Fara,1 700,1 793,3 493,91,116,118,102,124,137,695,318,82,101,53,129,278,470,594,85
Faranga,1 231,1 321,2 552,77,85,110,100,103,109,529,213,53,43,41,85,186,335,407,76
Foulasso,1 422,1 439,2 861,90,88,125,107,106,117,525,214,59,46,68,99,250,432,470,65
Gnignana,469,461,930,39,36,38,46,34,44,161,75,14,12,13,33,73,145,146,21
Guiguiema,1 184,1 210,2 394,76,59,90,70,90,104,463,207,70,55,52,83,165,343,370,97
Kabala,1 870,2 054,3 924,118,156,155,173,141,160,782,341,91,97,80,149,297,524,584,76
Katafona,574,637,1 211,39,44,47,37,41,58,265,82,24,24,15,49,84,188,178,36
Kokoro,2 259,2 601,4 860,159,167,231,184,200,179,961,357,138,95,100,204,462,681,626,116
Kourouma,7 267,7 522,14 789,487,523,533,447,540,532,2 759,1 243,435,342,357,662,1 360,1 995,2 305,269
Sabi,1 195,1 321,2 516,75,90,108,101,90,97,503,211,58,47,48,82,158,330,442,76
Sadina,1 444,1 641,3 085,99,112,119,108,145,124,618,256,63,57,50,125,230,381,498,100
Sougouma,2 309,2 499,4 808,174,183,191,191,196,201,1 005,360,101,74,96,170,354,679,726,107
Zamakologo,423,522,945,52,21,31,36,44,32,193,86,33,17,21,29,93,112,131,14
,,,,,,,,,,,,,,,,,,,
"""COMMUNE: MOROLABA - Rural""",14 383,15 668,30 051,961,950,1 093,1 083,1 125,1 188,6 107,2 443,808,684,667,1 135,2 332,3 939,4 863,673
Kaifona,858,1 021,1 879,50,63,83,74,77,87,400,159,51,35,32,65,110,223,306,64
Kalarla,1 372,1 556,2 928,93,114,125,125,115,126,553,225,52,51,65,99,257,413,461,54
Katana,885,928,1 813,65,48,68,66,66,64,372,147,42,34,40,64,128,247,315,47
Morolaba,2 130,2 238,4 368,133,125,138,118,131,141,760,425,165,169,166,259,405,487,646,100
N’gorguerla,1 031,1 115,2 146,51,51,68,57,77,92,439,147,39,38,30,83,182,321,418,53
Nangorla,471,547,1 018,35,31,36,35,19,47,220,73,27,14,18,34,60,153,191,25
Niamberla,2 192,2 320,4 512,141,131,156,142,144,152,899,426,143,135,104,170,349,601,716,103
Siguinasso,322,343,665,18,16,23,18,35,28,146,48,12,16,11,27,36,90,125,16
Sindorla,1 219,1 229,2 448,115,68,107,129,114,116,521,172,76,37,47,85,186,325,310,40
Temetemesso,1 175,1 272,2 447,91,75,79,83,83,88,534,189,85,48,48,77,175,296,440,56
Tina,375,418,793,35,18,29,28,35,38,169,52,12,20,13,19,63,118,127,17
Zanfagora,228,265,493,9,26,15,13,23,17,116,43,6,4,7,15,25,83,86,5
Zanfara,1 098,1 190,2 288,50,89,88,102,104,101,490,145,55,35,43,62,208,314,361,41
Zankina,1 027,1 226,2 253,75,95,78,93,102,91,488,192,43,48,43,76,148,268,361,52
,,,,,,,,,,,,,,,,,,,
"""COMMUNE: N'DOROLA - Rural""",19 257,20 877,40 134,1 022,1 250,1 474,1 401,1 494,1 538,7 981,3 153,1 000,841,744,1 556,2 959,5 873,6 769,1 079
Bangasso,928,1 144,2 072,31,84,68,84,74,91,439,169,47,22,37,54,135,331,350,56
Dain-Maïssara,1 595,1 842,3 437,111,108,129,119,143,157,745,286,66,62,56,92,221,509,539,94
Deina,519,576,1 095,26,31,32,34,45,34,252,102,28,22,15,31,71,149,192,31
Dingasso 1,781,826,1 607,45,37,47,49,60,50,325,144,40,33,31,63,118,227,294,44
Dingasso 2,683,730,1 413,38,29,48,47,40,61,279,126,34,36,32,55,121,187,242,38
Fadona,718,839,1 557,38,64,85,59,97,65,332,64,30,28,19,62,138,235,211,30
Famberla,1 516,1 705,3 221,74,141,94,111,111,138,705,258,72,32,38,94,238,476,539,100
Kagnagara,405,536,941,16,30,44,44,36,43,210,84,26,9,13,19,68,142,141,16
Kanama,910,1 045,1 955,54,56,73,62,83,64,355,165,70,61,43,93,133,280,337,26
Karfara,363,366,729,21,23,38,21,33,32,140,59,21,12,15,17,62,92,117,26
Kodona,1 453,1 576,3 029,81,128,160,128,134,152,595,192,51,56,38,98,207,465,462,82
Koko,658,650,1 308,17,38,33,35,38,38,259,108,46,27,24,65,108,222,205,45
Korkina,564,681,1 245,0,74,77,82,52,52,244,67,25,20,20,68,100,168,169,27
N’dorola,4 108,4 062,8 170,199,203,241,199,226,230,1 351,716,226,222,198,434,656,1 212,1 622,235
Sefina I,297,295,592,13,20,19,21,21,31,136,28,15,7,12,24,35,105,90,15
Sefina II,628,658,1 286,63,23,54,50,57,50,278,108,22,14,15,30,98,171,230,23
Seguedougou,872,926,1 798,38,44,71,62,63,61,361,129,71,78,48,80,117,234,278,63
Sikorla,759,757,1 516,58,33,55,75,51,50,335,106,39,28,30,63,111,216,233,33
Sinani,301,348,649,28,18,23,29,29,34,131,38,10,11,12,19,48,92,112,15
Siri,205,222,427,9,14,12,14,13,17,73,27,9,10,7,15,32,73,88,14
Temekina,359,407,766,28,5,24,34,32,37,168,76,15,19,15,31,39,116,116,11
Tiangouera,397,453,850,29,26,35,29,36,41,192,56,25,16,14,27,55,114,119,36
Torokoto,238,233,471,5,21,12,13,20,10,76,45,12,16,12,22,48,57,83,19
,,,,,,,,,,,,,,,,,,,
"""COMMUNE: ORODARA """,21 852,22 827,44 679,1 190,1 198,1 204,1 077,1 134,1 193,7 125,3 565,1 156,1 050,1 104,2 211,4 388,7 036,8 564,1 484
,,,,,,,,,,,,,,,,,,,
"""COMMUNE: ORODARA - Rural""",5 339,5 918,11 257,370,332,352,324,344,332,2 064,1 048,301,252,250,446,771,1 443,2 200,428
Dieri,2 098,2 382,4 480,157,128,157,126,151,116,815,438,136,100,119,194,259,551,869,164
Diossogo,1 138,1 325,2 463,48,76,61,75,77,78,495,213,57,60,56,81,204,311,469,102
Kotoudeni,370,393,763,17,18,28,22,21,29,151,72,13,14,11,31,50,93,170,23
Lidara,280,321,601,16,22,16,11,20,16,111,52,21,15,5,20,49,70,129,28
Niale,431,370,801,47,25,28,18,18,27,115,67,20,13,17,24,73,120,163,26
Tin,1 022,1 127,2 149,85,63,62,72,57,66,377,206,54,50,42,96,136,298,400,85
,,,,,,,,,,,,,,,,,,,
"""COMMUNE: ORODARA - Urbain""",16 513,16 909,33 422,820,866,852,753,790,861,5 061,2 517,855,798,854,1 765,3 617,5 593,6 364,1 056
Secteur 1,2 699,2 803,5 502,134,161,159,142,121,149,928,477,165,126,152,248,455,786,1 082,217
Secteur 2,1 768,1 894,3 662,96,86,64,71,95,106,522,261,80,91,80,154,406,588,810,152
Secteur 3,2 398,2 295,4 693,119,100,115,110,106,99,666,342,106,114,126,268,549,852,848,173
Secteur 4,2 406,2 436,4 842,112,120,115,112,118,119,750,344,125,124,106,237,535,743,995,187
Secteur 5,4 234,4 276,8 510,194,222,242,184,185,210,1 206,676,223,196,227,522,1 032,1 535,1 499,157
Secteur 6,2 313,2 456,4 769,151,143,128,100,118,147,715,312,125,101,132,263,534,894,822,84
Secteur 7,695,749,1 444,14,34,29,34,47,31,274,105,31,46,31,73,106,195,308,86
,,,,,,,,,,,,,,,,,,,
"""COMMUNE: SAMOGOHIRI - Rural""",4 871,5 318,10 189,322,336,363,343,325,313,1 839,769,239,193,196,422,767,1 393,2 036,333
Diole,294,316,610,15,33,29,21,21,28,113,24,12,11,11,15,47,80,130,20
Lougoua,428,460,888,33,29,35,36,18,25,170,67,20,24,28,41,69,85,172,36
Samogohiri,2 954,3 268,6 222,181,183,200,201,185,184,1 053,505,167,130,108,285,474,869,1 290,207
Saraba,725,738,1 463,56,50,51,57,48,58,288,97,23,17,33,53,101,221,268,42
Télédougou,177,208,385,11,14,16,7,24,8,89,35,8,3,5,10,22,48,77,8
Todjé,293,328,621,26,27,32,21,29,10,126,41,9,8,11,18,54,90,99,20
,,,,,,,,,,,,,,,,,,,
"""COMMUNE: SAMOROGOUAN - Rural""",22 318,23 110,45 428,1 450,1 454,1 737,1 696,1 881,1 813,9 077,3 493,1 040,862,827,1 675,3 576,6 648,7 269,930
Banakoro,1 065,1 187,2 252,63,90,89,81,88,110,429,153,58,45,45,80,185,335,351,50
Djigouan,1 269,1 315,2 584,88,91,84,97,90,96,514,191,44,40,50,114,219,370,444,52
Fankara,299,322,621,31,28,23,17,23,29,119,54,11,12,15,15,40,93,102,9
Karna,1 291,1 455,2 746,91,99,102,102,107,118,535,186,64,63,50,102,225,405,420,77
Kongolikoro,1 467,1 550,3 017,96,98,77,104,115,111,662,276,83,64,51,121,223,470,406,60
Korkorla,894,884,1 778,52,66,58,60,68,72,360,121,55,32,34,86,153,247,286,28
N’dana,740,819,1 559,56,41,67,56,63,79,338,116,40,26,23,52,115,236,233,18
N’gana,1 627,1 574,3 201,51,118,145,127,136,122,609,232,59,40,61,125,260,492,558,66
Samorogouan,4 219,4 176,8 395,197,211,376,335,400,303,1 502,739,212,186,161,316,614,1 204,1 430,209
Sana,894,977,1 871,67,80,58,67,86,90,431,135,51,25,31,57,128,229,308,28
Sikorla-Dierikandougou,2 456,2 620,5 076,225,148,202,163,207,180,1 055,389,106,86,77,166,392,851,740,89
Sokoro,632,657,1 289,43,42,40,55,54,48,271,102,36,48,26,55,106,160,180,23
Soungalobougou,1 586,1 612,3 198,132,79,110,111,143,126,656,238,65,49,56,111,308,455,505,54
Sourou,2 147,2 175,4 322,150,133,165,170,169,189,868,312,86,75,83,144,346,613,724,95
Tenasso,477,489,966,15,33,29,32,33,34,195,90,16,19,19,32,67,146,178,28
Zoumahiri,1 255,1 298,2 553,93,97,112,119,99,106,533,159,54,52,45,99,195,342,404,44
,,,,,,,,,,,,,,,,,,,
"""COMMUNE: SINDO - Rural""",12 633,13 771,26 404,904,961,1 071,978,1 026,1 037,5 250,1 974,632,483,570,1 097,2 023,3 872,4 045,481
Bleni,1 530,1 685,3 215,88,118,141,111,125,126,651,260,85,58,64,114,262,461,492,59
Din,366,360,726,27,29,33,20,29,22,151,49,26,11,21,19,46,113,119,11
Doh Diassa,234,238,472,29,16,22,21,26,18,81,35,16,6,19,24,36,55,63,5
Fama,403,530,933,39,29,32,32,37,30,199,66,26,19,28,30,67,124,153,22
Fanfiela,668,698,1 366,44,34,73,77,55,50,309,105,32,29,23,65,102,192,156,20
Fignana,688,757,1 445,45,59,54,57,51,49,295,149,43,22,41,52,88,191,226,23
Gordaga,199,236,435,16,17,35,15,20,13,79,50,3,9,15,21,28,43,65,6
Lerasso,875,944,1 819,65,71,79,68,69,95,355,116,34,26,35,74,149,312,244,27
N’gorlani,1 013,1 228,2 241,91,93,74,73,86,91,430,196,56,36,37,98,167,328,340,45
Niamana,1 619,1 780,3 399,135,141,148,131,133,124,718,245,61,66,66,125,262,488,499,57
Senasso,378,398,776,33,32,32,28,32,38,156,42,24,15,28,51,59,80,117,9
Sindo,4 660,4 917,9 577,292,322,348,345,363,381,1 826,661,226,186,193,424,757,1 485,1 571,197
,,,,,,,,,,,,,,,,,,,
PROVINCE: TUY,162 046,167 207,329 253,9 096,9 722,11 914,11 595,11 459,11 799,60 110,24 655,7 503,6 732,6 682,13 260,29 024,52 804,54 524,8 374
,,,,,,,,,,,,,,,,,,,
"""COMMUNE: BEKUY - Rural""",10 137,9 079,19 216,541,522,667,680,669,667,3 332,1 345,383,363,367,708,1 513,3 290,3 531,638
Bassé,3 217,3 196,6 413,175,196,258,279,274,281,1 217,448,123,94,115,181,460,1 013,1 092,207
Bekuy,2 269,2 287,4 556,164,117,155,132,158,143,798,357,91,105,133,189,364,645,813,192
Lamba,2 937,1 781,4 718,99,81,150,157,107,136,671,242,68,70,56,204,421,1 125,1 014,117
Sara,1 714,1 815,3 529,103,128,104,112,130,107,646,298,101,94,63,134,268,507,612,122
,,,,,,,,,,,,,,,,,,,
"""COMMUNE: BEREBA - Rural""",15 250,16 014,31 264,922,911,1 163,1 093,1 097,1 156,5 826,2 365,681,648,667,1 218,2 505,4 616,5 497,899
Bankoni,341,386,727,22,19,20,21,31,37,142,65,20,11,15,21,56,113,115,19
Béréba,1 021,1 148,2 169,32,75,62,64,41,75,333,182,52,38,41,110,238,341,435,50
Bihoun,404,429,833,34,26,39,43,31,37,159,61,14,21,18,31,65,118,121,15
Boho-Beraba,278,274,552,21,13,22,18,12,25,108,41,14,20,8,19,39,82,98,12
Boho-Bereba,184,166,350,3,9,11,15,12,10,74,35,8,12,5,17,22,52,58,7
Bokuy-Ouest,302,340,642,17,25,27,17,31,23,115,56,10,20,15,26,45,98,94,23
Bomba,486,492,978,21,18,47,41,27,35,204,72,15,22,33,35,81,139,158,30
Dabéré,623,592,1 215,41,37,35,57,40,43,196,83,23,31,35,67,125,191,178,33
Dakoni,441,455,896,28,25,29,30,27,23,140,75,25,23,18,51,85,133,151,33
Dimikuy,738,812,1 550,42,42,75,63,71,67,282,111,37,33,26,52,96,235,274,44
Dorokuy,243,293,536,21,21,14,29,21,20,93,42,10,12,13,14,46,66,88,26
Doumien,122,136,258,3,3,13,8,8,11,58,19,13,4,8,10,12,21,55,12
Douro,578,649,1 227,38,42,44,44,42,58,227,77,31,19,20,40,78,177,247,43
Duo,102,127,229,13,6,7,8,8,4,42,13,3,8,3,6,22,40,42,4
Duowakuy,156,150,306,7,8,10,12,11,9,68,25,10,8,6,11,13,59,44,5
Gnindekuy,261,260,521,10,15,26,15,15,16,98,46,10,9,14,24,42,69,103,9
Kassaho,560,568,1 128,32,47,37,35,48,48,236,86,26,18,26,41,61,165,188,34
Keindeni,243,207,450,6,7,25,8,20,15,88,40,9,11,11,26,31,68,76,9
Koura,313,347,660,49,15,37,18,24,25,124,47,10,12,7,14,37,101,123,17
Lofikahoun,1 498,1 792,3 290,98,124,103,107,112,113,651,258,72,63,83,112,238,426,584,146
Lokoa,497,420,917,7,11,23,16,21,29,163,72,31,23,26,34,96,168,169,28
Maro,1 388,1 338,2 726,104,80,106,82,95,93,483,180,49,60,79,109,234,411,490,71
Ouakuy,1 398,1 455,2 853,83,61,100,122,112,118,560,185,64,51,50,89,221,453,511,73
Ouani,188,195,383,7,13,16,15,11,11,89,30,5,10,3,11,31,56,71,4
Ouoro,96,93,189,27,3,3,1,3,2,25,9,1,2,0,6,20,38,44,5
Popioho,740,709,1 449,32,33,66,47,56,47,261,136,42,30,30,69,147,179,241,33
Tiawama,151,168,319,19,8,9,11,13,6,55,21,6,3,13,20,26,39,55,15
Tiombio,865,877,1 742,40,61,70,61,68,59,322,127,24,30,28,68,125,250,361,48
Tioro,916,995,1 911,61,51,72,76,82,86,379,154,43,41,30,67,156,286,276,51
Yabé,117,141,258,4,13,15,9,4,11,51,17,4,3,3,18,17,42,47,0
,,,,,,,,,,,,,,,,,,,
"""COMMUNE: BONY - Rural""",11 932,12 515,24 447,508,550,720,786,772,791,4 549,1 840,618,537,458,987,2 069,3 896,4 660,706
Bahoun,1 412,1 466,2 878,78,91,101,103,97,126,593,183,68,52,51,97,213,492,466,67
Bansié,1 484,1 637,3 121,44,60,81,73,79,82,595,239,75,72,50,146,284,474,667,100
Bony,1 602,1 626,3 228,69,66,65,77,86,80,521,269,110,86,66,138,273,451,721,150
Dossi,4 300,4 594,8 894,180,189,280,325,316,318,1 678,657,197,192,162,346,796,1 565,1 505,188
Mambo,265,294,559,16,10,23,12,31,11,110,40,16,11,14,26,37,94,99,9
Mamboué,989,998,1 987,34,56,51,59,57,53,333,142,48,48,40,87,147,313,448,71
Minou,565,562,1 127,26,23,28,30,26,36,220,89,32,22,16,55,89,142,243,50
Moukounien,457,476,933,10,26,33,38,22,24,183,81,20,26,19,39,83,127,175,27
Saho,641,584,1 225,49,20,44,54,48,51,216,88,38,20,31,43,103,177,215,28
Yénou,217,278,495,2,9,14,15,10,10,100,52,14,8,9,10,44,61,121,16
,,,,,,,,,,,,,,,,,,,
"""COMMUNE: FOUNZAN - Rural""",21 552,22 173,43 725,1 064,1 223,1 650,1 560,1 670,1 629,8 226,3 287,1 017,932,849,1 794,3 885,6 927,7 036,976
Banéré,388,365,753,24,33,30,36,44,23,142,50,14,16,15,13,48,120,131,14
Batiéné,771,726,1 497,40,41,47,49,60,62,334,108,41,39,28,43,131,230,223,21
Bonzan,1 242,1 202,2 444,57,67,95,76,74,89,417,174,71,57,52,110,260,393,389,63
Fing,637,678,1 315,20,35,42,42,54,48,244,115,31,37,24,43,95,194,239,52
Founzan,3 886,4 059,7 945,216,206,279,255,260,265,1 351,633,172,183,184,403,748,1 312,1 318,160
Kouloho,2 994,3 275,6 269,138,184,251,257,255,237,1 239,423,145,113,116,251,527,1 041,959,133
Kovio,1 450,1 495,2 945,55,86,94,81,73,99,504,310,94,84,59,122,262,435,500,87
Lobouga,1 487,1 506,2 993,80,69,112,97,116,109,562,216,78,80,52,125,285,424,499,89
Lollio,1 508,1 532,3 040,83,94,92,100,97,106,568,244,66,62,58,136,276,497,495,66
Nahi,935,890,1 825,53,42,59,72,65,73,378,124,53,32,47,73,154,268,292,40
Pana,1 473,1 558,3 031,68,68,103,114,100,120,588,245,71,64,50,110,267,459,545,59
Sambion,1 383,1 447,2 830,53,114,146,112,175,100,523,183,57,53,62,105,221,455,429,42
Sanéba,583,598,1 181,35,31,43,48,45,51,241,87,26,28,16,42,97,183,176,32
Yéhoun,1 709,1 687,3 396,78,94,153,133,143,145,663,228,64,52,56,129,334,538,521,65
Yerfing,1 106,1 155,2 261,64,59,104,88,109,102,472,147,34,32,30,89,180,378,320,53
,,,,,,,,,,,,,,,,,,,
"""COMMUNE: HOUNDE""",65 476,67 927,133 403,4 023,4 328,5 028,4 866,4 622,4 825,23 818,9 804,2 966,2 600,2 837,5 430,12 509,21 813,20 906,3 028
,,,,,,,,,,,,,,,,,,,
"""COMMUNE: HOUNDE - Rural""",22 576,23 676,46 252,1 308,1 454,1 780,1 754,1 630,1 823,8 849,3 436,1 021,858,879,1 625,3 752,7 242,7 637,1 204
Boho-Kari,1 313,1 435,2 748,92,91,120,84,111,101,549,195,53,56,47,93,229,412,471,44
Bombi,737,855,1 592,18,68,87,77,60,72,325,116,19,30,17,31,142,317,188,25
Bouahoun,2 638,2 803,5 441,135,136,173,190,176,207,1 068,463,130,114,113,228,427,833,893,155
Bouende,186,182,368,11,12,20,18,13,10,67,23,8,7,3,14,46,47,60,9
Bouéré,2 521,2 757,5 278,197,153,205,209,173,170,982,381,99,86,119,186,414,801,922,181
Daboui,229,230,459,22,10,17,13,15,13,85,35,10,8,14,33,33,73,71,7
Dankari,1 737,1 710,3 447,129,108,124,143,114,156,679,242,85,58,47,137,265,480,582,98
Dohoun,3 564,3 725,7 289,228,219,292,298,306,275,1 385,560,145,129,142,234,614,1 089,1 213,160
Doufien,224,237,461,11,24,14,10,26,13,97,39,8,10,13,11,36,63,77,9
Kari,3 181,3 176,6 357,107,186,207,207,209,267,1 210,488,151,111,125,232,531,1 062,1 043,221
Kiéré,2 973,2 940,5 913,160,203,183,198,183,232,1 082,425,158,142,107,225,478,951,1 056,130
Laho,809,872,1 681,59,61,67,76,62,77,322,120,55,27,31,52,112,262,249,49
Siéni,826,939,1 765,43,60,120,75,60,81,320,94,27,20,31,57,140,324,269,44
Tiomboni,1 161,1 267,2 428,70,88,107,93,82,107,496,166,48,46,52,65,201,371,386,50
Touaho,477,548,1 025,26,35,44,63,40,42,182,89,25,14,18,27,84,157,157,22
,,,,,,,,,,,,,,,,,,,
"""COMMUNE: HOUNDE - Urbain""",42 900,44 251,87 151,2 715,2 874,3 248,3 112,2 992,3 002,14 969,6 368,1 945,1 742,1 958,3 805,8 757,14 571,13 269,1 824
Secteur 1,1 822,1 828,3 650,114,114,112,109,110,115,601,310,79,80,67,139,346,552,704,98
Secteur 2,6 917,6 934,13 851,382,411,459,399,374,431,2 197,957,333,307,338,715,1 574,2 409,2 280,285
Secteur 3,12 336,12 571,24 907,767,874,967,939,880,854,4 287,1 748,495,490,557,1 111,2 537,4 222,3 691,488
Secteur 4,15 572,16 256,31 828,1 100,1 044,1 151,1 156,1 102,1 122,5 440,2 340,718,623,715,1 340,3 124,5 405,4 817,631
Secteur 5,6 253,6 662,12 915,352,431,559,509,526,480,2 444,1 013,320,242,281,500,1 176,1 983,1 777,322
,,,,,,,,,,,,,,,,,,,
"""COMMUNE: KOTI  - Rural""",15 342,15 837,31 179,721,857,1 085,1 057,1 124,1 152,5 860,2 266,707,688,552,1 264,2 646,5 290,5 086,824
Bonzan-pougouli,745,704,1 449,37,23,69,35,49,40,260,99,28,42,24,49,137,272,248,37
Dibien,786,844,1 630,56,55,61,64,90,68,293,138,34,29,34,60,116,244,246,42
Djindjerma,875,670,1 545,5,30,46,45,44,46,272,109,35,30,25,48,102,312,339,57
Fafo,2 003,2 184,4 187,88,125,135,158,146,191,798,320,91,109,71,156,300,654,724,121
Gbatari,909,942,1 851,39,50,83,69,72,65,392,119,35,28,34,75,142,334,263,51
Haba,1 254,1 200,2 454,61,83,107,97,105,107,508,153,46,42,38,109,193,419,337,49
Indini,1 524,1 509,3 033,76,105,101,117,126,117,576,199,60,64,36,100,289,618,405,44
Kayao,2 756,3 036,5 792,188,155,232,196,237,227,1 157,450,117,128,131,211,501,823,901,138
Koti,3 025,3 063,6 088,114,149,153,164,163,169,972,413,158,152,104,323,599,1 126,1 147,182
Poa,889,1 051,1 940,33,43,53,64,49,64,391,200,70,42,35,80,149,300,296,71
Zangoni,576,634,1 210,24,39,45,48,43,58,241,66,33,22,20,53,118,188,180,32
,,,,,,,,,,,,,,,,,,,
"""COMMUNE: KOUMBIA  - Rural""",22 357,23 662,46 019,1 317,1 331,1 601,1 553,1 505,1 579,8 499,3 748,1 131,964,952,1 859,3 897,6 972,7 808,1 303
Bonsè,1 104,1 073,2 177,46,67,67,84,70,79,370,167,47,47,33,97,252,304,399,48
Djui,781,826,1 607,47,49,54,60,57,72,304,142,39,31,40,41,104,252,266,49
Dougoumato I,1 508,1 549,3 057,87,78,111,117,113,103,586,263,87,89,73,101,248,405,509,87
Dougoumato II,820,871,1 691,46,42,48,54,51,60,342,157,41,43,32,58,116,222,310,69
Gombélédougou,2 335,2 570,4 905,196,201,186,150,189,206,935,404,89,67,69,141,360,784,800,128
Kongolékan,1 328,1 461,2 789,55,60,81,63,72,87,461,241,80,73,62,140,234,434,547,99
Koumbia,5 554,5 859,11 413,330,295,393,421,365,364,2 116,900,267,228,273,564,1 054,1 709,1 853,281
Lopohin,1 267,1 246,2 513,94,89,74,105,80,86,452,195,55,47,47,101,231,419,374,64
Makognadougou,1 823,2 022,3 845,113,124,127,148,135,133,761,335,88,67,82,117,269,539,674,133
Man,522,546,1 068,25,39,53,36,40,38,213,73,26,22,18,39,97,151,169,29
Pê,1 634,1 594,3 228,66,76,90,71,64,65,456,275,95,111,82,191,358,535,608,85
Pohin,902,950,1 852,57,54,73,59,73,59,300,151,54,37,42,90,167,312,280,44
Sébédougou,2 436,2 695,5 131,137,139,216,163,178,202,1 056,372,136,86,79,155,354,806,887,165
Waly,343,400,743,18,18,28,22,18,25,147,73,27,16,20,24,53,100,132,22
,,,,,,,,,,,,,,,,,,,
REGION: NORD,822 742,899 373,1 722 115,52 352,51 640,62 781,62 647,62 757,65 387,331 373,136 175,40 953,35 157,37 234,67 971,135 936,232 305,282 673,64 774
,,,,,,,,,,,,,,,,,,,
PROVINCE: LOROUM,96 647,101 545,198 192,7 369,6 351,7 827,7 994,8 100,8 282,38 794,14 415,4 364,3 702,4 200,7 818,15 646,26 909,30 511,5 910
,,,,,,,,,,,,,,,,,,,
"""COMMUNE: BANH**  - Rural""",19 595,18 926,38 521,1 675,1 043,1 528,1 385,1 736,1 324,6 850,2 705,835,748,808,1 631,3 465,5 698,6 178,912
Amné-Rimaïbé*,502,485,987,43,26,39,36,45,34,175,69,22,19,21,42,88,146,159,23
Aurel-Balinguel,108,96,204,9,6,8,7,9,7,37,14,5,4,4,9,18,30,32,5
Banh,1 299,1 325,2 624,114,71,104,94,119,90,466,184,57,51,55,112,236,389,420,62
Bani,515,587,1 102,48,30,44,39,49,38,196,77,24,21,23,47,99,164,177,26
Bani-Foulbé*,365,350,715,32,20,28,26,32,24,126,50,16,14,15,30,65,105,115,17
Banwèla,376,431,807,35,22,33,29,36,28,142,57,17,15,17,34,73,121,129,19
Barra,451,421,872,38,24,34,31,39,30,155,61,19,17,19,37,79,129,139,21
Biré,408,253,661,30,18,26,24,29,23,117,47,15,13,14,28,60,95,106,16
Borio*,351,338,689,30,18,28,24,31,24,122,49,15,14,15,29,62,102,110,16
Boroni,348,413,761,33,20,30,27,35,26,136,54,16,14,16,32,68,114,122,18
Boudoumouma*,499,482,981,43,26,39,36,45,34,173,69,21,19,21,42,88,145,157,23
Boulibola,261,319,580,25,16,23,21,26,20,102,40,12,12,12,25,52,87,93,14
Bouloude*,301,289,590,25,16,24,22,27,20,106,41,13,11,12,25,53,87,94,14
Bouressa*        ,282,273,555,25,15,22,20,25,19,98,39,12,11,12,23,50,82,89,13
Daké-woulé,158,136,294,13,8,12,11,13,10,51,21,7,5,6,13,27,43,47,7
Delga,257,249,506,22,14,20,18,23,18,89,36,11,9,11,21,46,75,81,12
Dinga*,524,504,1 028,44,28,41,37,47,35,184,72,22,20,22,43,92,152,165,24
Djem*  ,460,445,905,39,24,36,32,41,31,162,64,20,18,19,38,81,134,145,21
Djiengue*,369,355,724,32,20,28,26,33,25,128,51,16,14,15,31,65,107,116,17
Fogolbe,267,221,488,22,13,19,17,22,17,88,35,10,10,10,20,44,71,78,12
Kaïdaré*,582,562,1 144,50,31,46,41,51,40,202,81,25,22,24,49,103,169,183,27
Karga*,301,289,590,25,16,24,22,27,20,106,41,13,11,12,25,53,87,94,14
Kielnordy,360,303,663,29,18,26,24,30,23,116,46,15,13,14,28,60,98,107,16
Koma-lembre,382,334,716,31,19,29,26,32,25,127,50,16,14,15,30,64,106,115,17
Lossa-Foulbé,287,227,514,23,14,20,18,23,18,92,36,11,10,11,22,46,75,82,13
Lossa-Mossi,1 313,1 262,2 575,112,70,102,93,116,89,458,180,56,50,53,110,231,381,413,61
Madougou,666,671,1 337,58,36,53,48,60,46,237,94,29,26,28,57,120,198,215,32
Mihity*,329,319,648,28,18,26,24,29,22,114,45,14,13,14,27,58,96,104,16
Mondé-Bani*,386,373,759,33,20,30,28,34,26,136,53,16,14,16,32,69,112,122,18
Namagué*,365,353,718,32,20,28,26,32,24,126,51,16,14,15,30,65,106,116,17
Niongono,168,151,319,14,9,12,11,15,11,57,22,7,7,7,13,29,47,51,7
Nongodoum,450,499,949,41,26,37,34,42,32,168,66,21,19,20,41,86,142,152,22
Pétalnelbé,482,369,851,37,23,34,30,39,29,154,60,18,16,18,36,76,124,136,21
Rapougma,262,232,494,22,13,19,17,22,17,89,35,11,10,10,21,44,73,79,12
Ségué-Foulgo,2 071,2 107,4 178,176,113,167,150,188,142,745,295,87,82,85,176,378,623,675,96
Ségué-Mossi,859,707,1 566,68,42,62,57,71,54,279,110,34,30,33,66,141,230,251,38
Séno-Diao,99,74,173,8,5,7,7,7,6,31,12,3,3,4,7,15,25,28,5
Sorgo,260,257,517,23,14,20,18,24,18,93,36,11,10,11,22,46,76,83,12
Tiabwal*,449,433,882,39,24,35,32,39,30,156,62,20,18,19,37,79,130,141,21
Zamné*,575,552,1 127,49,30,44,40,51,39,204,79,25,22,24,47,101,166,180,26
Zaye,848,880,1 728,75,47,69,62,78,60,307,121,37,33,36,74,155,256,277,41
,,,,,,,,,,,,,,,,,,,
"""COMMUNE: OUINDIGUI**  - Rural""",15 682,17 173,32 855,900,992,1 205,1 319,1 323,1 370,6 786,2 600,833,650,742,1 275,2 324,4 086,5 296,1 154
Bouna*,1 329,1 461,2 790,77,84,103,112,113,116,576,221,70,55,63,108,197,347,450,98
Dougouri-Ouidi,1 527,1 828,3 355,91,101,125,132,133,138,693,266,86,68,76,130,237,418,543,118
Doussaré,486,522,1 008,28,31,37,40,41,42,206,80,25,20,23,39,72,125,163,36
Hitté*,1 386,1 523,2 909,79,88,107,117,117,121,599,231,74,57,66,113,206,362,469,103
Kobo,880,859,1 739,48,53,64,70,71,73,360,138,44,34,39,67,123,215,279,61
Kougoussoula,213,191,404,11,12,15,16,16,17,84,33,11,8,9,16,28,50,64,14
Koumna,852,956,1 808,49,54,66,73,72,75,374,143,46,36,41,70,128,226,292,63
Koumna-Koudgo,626,732,1 358,37,41,50,54,55,56,279,108,34,27,31,53,96,170,219,48
Nommo*,63,56,119,3,4,4,5,5,5,24,9,3,2,3,5,9,15,19,4
Ouattigué,351,333,684,19,21,25,28,28,29,141,54,18,13,15,27,48,84,110,24
Ouindigui,2 084,2 294,4 378,120,132,158,177,176,185,906,345,113,86,99,168,310,543,706,154
Robolo,1 372,1 486,2 858,78,86,105,114,116,119,592,226,72,57,65,111,202,355,460,100
Rounga,998,1 224,2 222,61,67,81,89,90,92,458,175,56,44,50,87,157,278,360,77
Senouboula,237,216,453,13,14,17,18,18,19,94,36,11,9,10,17,32,56,73,16
Sirfou*,634,697,1 331,37,40,49,54,54,56,274,105,33,26,30,52,94,166,214,47
Soranga,136,138,274,8,8,10,11,11,11,56,21,7,6,6,11,20,34,44,10
Tansombo,561,562,1 123,31,34,41,46,45,47,232,89,28,23,25,44,79,139,181,39
Tiffélé,688,772,1 460,39,44,53,59,58,61,304,116,37,28,33,57,103,182,235,51
Toolo,1 259,1 323,2 582,71,78,95,104,104,108,534,204,65,51,58,100,183,321,415,91
,,,,,,,,,,,,,,,,,,,
"""COMMUNE: SOLLE**  - Rural""",10 463,11 376,21 839,709,765,931,1 054,893,1 066,4 441,1 498,423,383,400,813,1 582,2 756,3 483,642
Bargo,301,337,638,21,22,27,31,26,31,130,43,12,12,12,23,46,81,102,19
Béguentigué,1 100,1 161,2 261,73,79,97,110,93,111,461,155,43,40,41,84,163,284,360,67
Dambatao*,461,502,963,31,34,41,47,39,47,196,66,19,17,17,36,70,121,154,28
Déré,1 653,1 816,3 469,113,122,148,167,141,170,705,238,67,61,63,130,251,438,553,102
Doungouma*,213,231,444,14,15,19,22,18,21,90,31,9,8,8,17,32,56,71,13
Kougri-Koulga,238,268,506,17,17,21,25,21,25,102,35,10,8,9,19,37,64,81,15
Madougou,67,59,126,4,5,5,6,5,6,25,9,3,2,2,5,9,16,20,4
Nassingré,727,860,1 587,52,56,67,76,65,78,318,109,31,28,29,59,116,202,254,47
Pétanangué*,146,159,305,10,11,13,14,12,15,62,21,6,6,6,11,22,39,48,9
Samboulga*,184,201,385,12,13,16,18,16,19,81,27,7,6,7,14,28,49,61,11
Sollé-Foulbé,391,419,810,27,28,35,39,33,39,164,56,16,14,15,30,59,102,129,24
Sollé-mossi,2 046,2 140,4 186,136,147,179,202,172,204,851,287,81,73,77,156,303,527,667,124
Tataye,243,224,467,15,17,20,23,19,23,94,32,10,9,9,17,33,58,74,14
Tibou,2 326,2 617,4 943,160,173,211,238,203,241,1 006,338,94,86,91,184,360,625,790,143
Yérgué,241,250,491,16,17,21,24,20,24,98,34,10,9,9,19,35,62,78,15
Zanré*,126,132,258,8,9,11,12,10,12,58,17,5,4,5,9,18,32,41,7
,,,,,,,,,,,,,,,,,,,
"""COMMUNE: TITAO """,50 907,54 070,104 977,4 085,3 551,4 163,4 236,4 148,4 522,20 717,7 612,2 273,1 921,2 250,4 099,8 275,14 369,15 554,3 202
,,,,,,,,,,,,,,,,,,,
"""COMMUNE: TITAO  - Rural""",27 486,29 250,56 736,2 704,2 029,2 314,2 332,2 289,2 509,11 004,3 823,1 159,934,1 142,2 123,4 440,7 715,8 471,1 748
Andekanda,333,370,703,11,25,22,26,17,18,85,38,15,21,17,18,100,157,126,7
Babo,170,161,331,10,10,12,11,13,13,65,23,7,5,6,10,26,50,60,10
Banyida,165,180,345,16,13,9,16,15,23,75,27,8,3,12,3,24,40,51,10
Bongla-mossé,311,328,639,24,19,34,33,30,26,126,46,8,6,18,21,52,91,88,17
Bongola-Marencé,1 466,1 526,2 992,86,120,121,148,148,174,645,195,52,44,71,103,217,401,406,61
Bongola-Mossi,477,489,966,31,23,34,40,27,46,229,75,24,21,33,31,74,135,116,27
Derpon,102,97,199,6,6,8,7,8,8,39,14,4,3,3,6,16,29,36,6
Dingla,1 217,1 260,2 477,14,87,150,113,100,116,485,120,44,34,53,92,200,407,362,100
Fogoutté,30,28,58,2,2,2,2,2,2,12,4,1,1,1,2,4,9,10,2
Goubi,70,81,151,7,3,4,7,5,5,38,15,4,1,3,5,4,16,26,8
Guilan,51,49,100,2,3,4,4,4,4,20,7,2,2,2,3,8,15,18,2
Illigué,2 390,2 382,4 772,111,210,210,192,209,234,895,300,101,71,101,181,427,676,720,134
Ingané,3 182,3 136,6 318,243,186,229,260,274,274,1 202,402,117,117,129,266,614,875,923,207
Irvouyatenga-Mossi,45,45,90,2,2,4,3,4,4,18,7,2,2,1,3,7,13,16,2
Iwouyatenga-silmi-Mossé,31,29,60,2,2,2,2,2,2,12,4,2,1,1,2,4,9,11,2
Kelemebali,137,153,290,5,9,21,14,15,14,73,24,8,4,6,15,13,26,42,1
Mantaka,60,58,118,4,4,4,4,4,4,23,9,2,2,2,4,10,17,21,4
Nogo,1 969,2 025,3 994,925,122,114,124,117,132,498,177,53,40,56,163,195,611,557,110
Nomo-foulbé,25,24,49,2,2,2,2,2,2,10,3,1,0,1,1,4,7,8,2
Pellaboukou,107,102,209,6,6,8,7,8,8,41,15,5,4,4,7,16,31,37,6
Pétanaye,51,48,99,2,3,4,4,4,4,19,7,2,2,2,3,8,15,18,2
Petane,108,111,219,2,7,13,13,9,12,62,25,6,4,6,3,5,25,26,1
Posso,1 687,1 857,3 544,109,189,133,156,174,99,771,208,40,39,43,121,281,652,457,72
Rambo,3 393,3 932,7 325,299,253,290,283,285,322,1 459,588,157,135,149,270,558,830,1 166,281
Saïgouma,376,370,746,22,35,34,25,22,43,173,41,20,11,13,28,59,97,115,8
Séléguin,165,160,325,0,4,7,23,4,24,73,16,12,5,7,11,25,51,54,9
Sillia,1 055,1 164,2 219,65,73,114,95,79,98,425,160,49,58,37,86,196,255,365,64
Sollobo,148,139,287,8,9,10,10,11,12,57,20,6,5,5,9,22,43,52,8
Songtaba,89,80,169,5,5,6,6,6,6,33,12,3,3,3,6,14,25,31,5
Tanghin-Baogo,283,284,567,20,12,21,24,26,35,96,40,10,10,7,25,52,87,85,17
Todiam,931,980,1 911,85,54,99,74,73,100,382,150,44,35,43,64,140,226,283,59
Tougribouli,94,91,185,6,6,6,6,7,8,37,13,4,3,3,6,14,27,33,6
Toulfé,336,321,657,19,19,24,23,25,26,130,47,13,12,12,21,51,97,119,19
Vini,862,1 003,1 865,54,54,79,49,58,87,398,158,37,44,57,69,119,216,297,89
Wanaré,290,273,563,23,7,29,29,21,38,129,32,17,7,3,26,39,64,83,16
Wanobe,242,267,509,17,10,11,20,18,21,101,38,15,17,11,23,45,49,89,24
Woro,38,36,74,2,2,2,2,2,3,15,5,2,2,1,3,6,11,14,2
Yoda-Mossi,541,564,1 105,49,45,45,44,44,50,211,98,19,12,29,38,96,141,154,30
Yoda-peulh,195,220,415,15,11,13,15,21,16,93,31,7,7,4,16,24,44,81,17
Yorsala,107,101,208,6,6,8,7,8,8,41,14,5,4,4,7,16,31,37,6
You,4 157,4 726,8 883,387,371,372,409,388,388,1 708,615,231,137,183,352,655,1 114,1 278,295
,,,,,,,,,,,,,,,,,,,
"""COMMUNE: TITAO - Urbain""",23 421,24 820,48 241,1 381,1 522,1 849,1 904,1 859,2 013,9 713,3 789,1 114,987,1 108,1 976,3 835,6 654,7 083,1 454
Secteur 1,5 758,5 743,11 501,301,383,448,432,473,529,2 347,857,243,193,241,447,1 040,1 696,1 590,281
Secteur 2,3 230,3 271,6 501,168,174,241,290,263,286,1 382,499,159,159,132,263,501,768,967,249
Secteur 3,2 311,2 498,4 809,100,153,183,183,187,203,1 025,411,125,116,96,217,365,597,699,149
Secteur 4,2 585,2 686,5 271,179,172,204,224,194,231,1 028,408,110,91,101,219,417,727,841,125
Secteur 5,2 601,3 027,5 628,185,168,250,207,262,173,1 114,426,110,95,146,223,417,793,876,183
Secteur 6,6 017,6 608,12 625,378,411,454,484,419,507,2 427,1 023,323,300,352,513,974,1 810,1 848,402
Secteur 7,919,987,1 906,70,61,69,84,61,84,390,165,44,33,40,94,121,263,262,65
,,,,,,,,,,,,,,,,,,,
PROVINCE: PASSORE,212 580,245 350,457 930,11 696,12 982,15 623,15 375,16 034,16 665,91 255,40 510,12 225,10 266,10 273,17 175,32 391,54 933,79 865,20 662
,,,,,,,,,,,,,,,,,,,
"""COMMUNE: ARBOLE  - Rural""",27 570,32 700,60 270,1 546,1 760,1 991,2 002,2 086,2 139,11 908,5 156,1 567,1 380,1 374,2 361,4 232,7 076,10 903,2 789
Arbollé,2 129,2 368,4 497,113,107,101,111,125,127,719,358,143,146,126,325,528,625,680,163
Bandikoalla,88,74,162,2,4,3,7,9,2,30,9,2,6,4,4,24,28,23,5
Banounou,392,542,934,37,34,23,23,27,32,186,95,23,18,28,39,49,86,185,49
Bargo,761,944,1 705,25,32,62,68,69,83,378,162,47,53,27,47,76,166,322,88
Bendogo,309,347,656,28,18,22,16,19,30,114,72,15,18,3,17,38,65,155,26
Bingo,604,760,1 364,20,32,51,47,41,55,231,105,32,32,19,57,90,195,292,65
Boadoma,114,109,223,11,6,3,10,11,7,45,11,8,1,6,8,9,37,44,6
Boulkon,2 004,2 249,4 253,132,167,134,130,113,120,765,293,124,68,106,181,313,598,785,224
Boura,696,878,1 574,37,40,51,49,62,51,332,126,39,33,41,50,89,185,270,119
Dagho,587,807,1 394,30,28,48,48,45,52,319,130,36,34,15,36,65,135,296,77
Dakiègré,747,919,1 666,47,48,55,50,63,67,338,153,34,56,36,65,103,168,306,77
Donsin,405,488,893,24,44,20,34,39,25,219,83,24,17,12,32,44,84,151,41
Fallou,788,976,1 764,42,53,50,49,66,61,367,160,45,52,28,42,106,183,369,91
Gninsou,206,220,426,12,9,12,15,10,14,116,31,12,11,8,11,26,47,80,12
Gomd’hiri,259,273,532,7,18,16,21,21,18,124,50,15,9,13,18,46,59,84,13
Goubi,946,1 021,1 967,45,62,73,65,65,76,384,158,56,41,46,72,155,225,339,105
Gounda,294,406,700,7,12,13,27,19,28,173,65,23,15,22,25,32,75,132,32
Gounguen,187,202,389,9,17,10,15,14,11,78,36,5,10,7,8,34,42,75,18
Kaba,656,937,1 593,44,37,47,46,55,71,355,133,52,34,38,40,83,160,306,92
Karéo,487,646,1 133,24,44,51,42,44,38,236,130,37,29,21,21,51,104,217,44
Kavilé,273,335,608,18,27,20,23,25,23,143,54,6,12,18,26,19,60,113,21
Koakin,215,249,464,11,10,15,12,16,21,99,40,10,5,16,17,24,56,89,23
Koro,339,378,717,17,16,17,35,29,27,183,58,11,10,7,19,24,64,148,52
Kossoghin,220,254,474,16,15,29,10,20,23,92,37,8,7,17,23,31,52,77,17
Mia,1 332,1 510,2 842,80,84,88,90,94,90,519,243,87,64,50,137,241,381,479,115
Namassa,1 261,1 507,2 768,90,65,130,115,98,112,537,240,68,46,61,69,222,331,474,110
Nomboiloum,200,226,426,6,13,23,17,19,27,105,28,10,5,6,11,23,63,58,12
Ouissiga,631,764,1 395,30,21,39,39,34,35,286,148,39,35,44,51,70,138,304,82
Pathiri,1 263,1 357,2 620,53,78,129,105,95,117,496,162,50,51,54,95,211,411,430,83
Ramessoum,291,332,623,14,21,18,18,21,9,112,61,20,13,8,21,53,79,124,31
Rassamtoumdé,776,1 037,1 813,34,66,49,58,71,73,391,168,44,41,52,62,78,161,372,93
Reanon,724,833,1 557,48,54,52,57,64,49,322,127,39,36,28,56,125,197,245,58
Saaba,899,1 058,1 957,42,55,54,55,61,44,331,193,49,63,67,127,185,218,339,74
Sagaré,127,111,238,2,6,5,10,6,12,48,19,5,4,3,8,21,39,42,8
Seguedin,432,522,954,34,32,34,36,29,48,215,84,34,24,35,33,48,87,147,34
Séko,169,180,349,2,7,17,9,12,7,61,27,6,12,4,14,29,40,80,22
Sibalo,730,872,1 602,47,42,45,50,57,46,295,181,44,36,47,60,106,131,327,88
Sikouinsi,193,204,397,11,9,14,6,10,12,73,40,9,10,16,20,37,40,65,25
Tancé,289,309,598,13,11,21,21,20,20,120,55,27,11,25,26,42,71,91,24
Tibou,773,853,1 626,38,56,65,76,71,56,329,137,33,23,40,52,93,193,271,93
Tinma,711,849,1 560,37,45,40,57,62,50,299,153,45,35,28,67,103,178,285,76
Toyendé,270,322,592,4,16,33,23,29,30,132,44,12,6,9,13,32,78,106,25
Yarbila,164,167,331,6,6,8,4,5,8,76,31,12,7,8,6,33,37,69,15
Yarsi,439,604,1 043,41,44,33,36,35,40,188,78,33,25,18,36,51,115,198,72
Yibi,197,246,443,14,12,16,17,17,14,90,47,6,9,9,13,34,45,82,18
Zérounda,164,210,374,16,6,12,16,14,16,80,31,6,18,6,23,20,35,63,12
Zoétgomdé,573,630,1 203,35,39,55,39,47,55,231,103,24,15,25,47,92,169,186,41
Zongbéga,1 256,1 615,2 871,91,92,85,95,108,107,546,207,58,74,67,131,224,340,528,118
,,,,,,,,,,,,,,,,,,,
"""COMMUNE: BAGARE  - Rural""",15 290,18 044,33 334,852,862,1 283,1 176,1 385,1 380,7 498,3 114,903,690,612,1 054,1 815,3 676,5 693,1 341
Bagaré,1 966,2 324,4 290,85,92,111,103,125,140,794,479,210,161,136,236,339,451,670,158
Bassantinga,122,144,266,2,11,12,8,16,6,51,28,4,4,2,8,14,43,44,13
Bibiou,811,929,1 740,51,51,71,63,55,54,402,167,49,31,33,51,98,184,299,81
Bisma,548,595,1 143,31,26,42,36,40,51,268,112,29,41,23,26,55,104,204,55
Darigma,648,721,1 369,42,21,56,33,71,51,309,117,34,25,25,52,81,128,262,62
Gaon,249,275,524,8,11,24,13,24,22,117,52,20,6,7,21,26,54,99,20
Gobila,681,820,1 501,37,34,65,48,67,65,352,158,37,16,27,32,79,152,276,56
Gorpouly,830,948,1 778,66,47,68,106,71,95,437,128,33,17,28,30,72,205,302,73
Kalla,308,361,669,10,10,39,26,36,21,120,59,17,18,18,20,61,75,108,31
Kénéma,540,613,1 153,35,43,39,54,50,54,285,101,27,13,18,26,52,131,194,31
Kiendembaye,911,1 069,1 980,70,58,87,65,74,95,510,175,39,18,28,58,73,225,330,75
Kinkan,302,371,673,4,30,25,29,40,37,151,67,12,10,7,8,22,87,116,28
Korro,978,1 305,2 283,84,64,92,77,85,112,549,194,47,39,32,60,84,241,414,109
Nionniongo,346,399,745,19,34,28,24,25,35,171,78,18,14,4,32,38,77,116,32
Niouma,811,928,1 739,46,51,57,58,67,55,381,183,44,58,32,65,90,168,318,66
Ouindongtenga,472,559,1 031,22,34,45,45,37,53,244,66,24,22,13,34,56,142,160,34
Pangtenga,204,210,414,3,14,14,25,37,15,78,25,4,8,1,10,27,63,72,18
Rabouglitenga,643,776,1 419,48,34,50,48,62,69,333,130,26,29,36,39,80,164,221,50
Siguinonguin,277,291,568,11,16,23,18,27,25,126,51,17,13,11,17,33,67,92,21
Souri,640,737,1 377,31,37,52,71,81,54,293,130,47,18,18,29,74,153,241,48
Tagho,540,655,1 195,34,29,46,42,63,61,281,84,23,28,19,50,67,129,203,36
Tamesbaongo,351,460,811,25,25,30,36,42,32,189,78,24,12,9,16,38,106,125,24
Tanghin,293,368,661,16,13,24,23,25,25,144,62,16,18,16,17,47,58,125,32
Wiougtinga,390,426,816,17,14,36,20,36,36,207,90,15,15,13,20,52,84,127,34
Zougo,1 429,1 760,3 189,55,63,147,105,129,117,706,300,87,56,56,97,157,385,575,154
,,,,,,,,,,,,,,,,,,,
"""COMMUNE: BOKIN  - Rural""",38 331,42 863,81 194,1 993,2 358,2 709,2 788,2 870,2 973,15 792,6 952,2 192,1 840,1 952,3 101,5 910,10 263,13 962,3 539
Badogo,757,817,1 574,43,59,49,62,55,60,310,134,37,38,32,50,121,194,272,58
Bakouya,396,506,902,26,15,14,19,27,30,192,98,30,19,20,34,47,85,189,57
Basma,273,324,597,18,11,13,20,33,19,132,51,16,8,18,16,35,94,94,19
Bokin,6 407,6 645,13 052,298,349,380,392,393,416,2 211,1 114,426,376,355,629,1 258,1 826,2 135,494
Boore,969,1 104,2 073,64,82,91,59,86,120,396,164,51,36,34,65,86,244,398,97
Dakore,373,388,761,27,23,35,39,37,25,155,61,21,13,17,30,43,86,117,32
Dakouli,659,816,1 475,56,57,62,46,61,47,290,112,32,35,23,65,75,181,255,78
Gangandogo,180,188,368,7,15,11,14,13,14,86,31,6,4,8,19,25,40,57,18
Goera,298,349,647,5,27,22,21,33,31,141,50,20,10,13,21,42,87,102,22
Gombre,338,428,766,20,21,41,29,26,34,165,75,17,18,13,27,43,85,120,32
Gorki,733,781,1 514,33,57,47,44,54,57,314,124,36,25,41,51,99,184,270,78
Guéré,897,1 056,1 953,55,44,72,73,67,71,342,169,52,45,53,83,158,243,349,77
Guilla,332,373,705,21,6,34,28,18,30,138,64,25,18,14,32,44,76,113,44
Guimba,877,974,1 851,55,57,60,78,67,72,394,189,55,34,46,55,107,210,296,76
Guipa,601,656,1 257,14,32,29,27,22,24,230,114,36,32,25,73,117,148,246,88
Guip-koudogo,373,394,767,28,20,23,27,27,34,154,60,14,15,14,25,60,107,131,28
Imiougou,321,373,694,19,18,22,18,20,22,148,60,15,18,20,30,22,74,151,37
Ipala,199,213,412,17,7,7,14,12,9,68,34,10,8,16,16,33,55,80,26
Kelinyiri,149,124,273,2,1,6,6,5,9,64,30,6,9,8,15,20,25,61,6
Kietogo,1 048,1 103,2 151,74,78,74,109,78,97,420,160,54,32,47,59,141,347,333,48
Koankin,507,591,1 098,20,19,28,31,35,39,205,119,32,28,30,40,74,111,224,63
Kondin,597,663,1 260,41,38,40,42,50,48,252,121,19,33,21,59,89,166,198,43
Kontélé,434,476,910,11,31,33,44,27,41,193,54,23,8,31,37,73,141,131,32
Koom-Tanga,214,238,452,9,16,9,14,9,19,89,57,16,11,19,17,24,44,86,13
Kouima,651,730,1 381,39,37,47,45,60,39,265,140,36,40,35,65,103,149,228,53
Koullou,1 084,1 293,2 377,60,79,76,80,76,112,487,206,61,45,48,73,182,280,396,116
Koulwéogo,774,813,1 587,31,33,66,70,48,53,279,128,48,33,39,84,129,233,249,64
Koupéla –peulh,82,67,149,7,7,4,6,9,2,29,7,0,2,3,7,12,30,21,3
Langue – peulh,70,71,141,1,2,3,3,8,2,23,10,4,7,2,11,9,18,33,5
Lawaye,221,277,498,8,11,21,15,24,20,113,38,12,6,16,16,30,50,95,23
Lelesgo,243,276,519,21,13,22,24,19,13,82,38,16,15,12,24,50,61,83,26
Maceono,1 017,1 136,2 153,34,52,76,74,85,77,458,139,36,52,38,70,136,282,424,120
Nahana,298,280,578,15,8,24,17,24,15,126,48,14,7,13,23,38,72,103,31
Niangla,837,987,1 824,45,65,76,68,62,76,382,163,58,37,46,62,125,245,260,54
Nioneegre,403,430,833,24,27,29,25,44,33,163,63,33,21,27,23,57,108,130,26
Peodogo,476,583,1 059,10,40,26,28,39,43,201,90,29,23,27,47,85,122,183,66
Pepin,1 223,1 445,2 668,45,79,98,90,91,105,553,238,93,49,55,85,157,353,450,127
Pofona,853,950,1 803,46,56,55,88,75,80,379,143,40,32,40,44,128,234,301,62
Rana,284,343,627,0,35,11,31,12,24,138,49,16,20,20,16,41,76,108,30
Riga,245,309,554,8,18,16,15,18,27,110,55,13,15,15,28,30,58,100,28
Sarma,1 583,1 842,3 425,71,67,96,103,117,107,626,311,81,65,83,121,304,422,654,197
Séguédin,1 968,2 231,4 199,115,131,166,133,163,147,818,380,124,81,115,158,303,516,674,175
Siguidéguin,229,253,482,10,9,14,20,15,21,101,45,16,12,14,23,19,37,91,35
Silg-Toèga,281,307,588,20,24,25,23,26,20,140,52,16,8,11,7,26,68,100,22
Sitoega,630,709,1 339,21,43,60,56,48,64,246,83,47,19,22,52,111,211,213,43
Tanghin,893,1 035,1 928,71,74,68,80,84,70,381,162,44,47,39,69,123,242,313,61
Tansablogo,56,62,118,3,4,8,4,5,4,20,15,5,0,0,2,6,13,26,3
Tanwefo,522,640,1 162,39,27,36,44,43,50,239,113,30,40,21,36,50,129,203,62
Tegsagbo,414,441,855,34,4,30,30,28,33,189,80,14,21,28,41,45,97,149,32
Teguemboye,675,762,1 437,31,49,38,42,50,46,283,134,38,36,31,42,91,147,287,92
Tèma,627,736,1 363,49,33,37,33,43,50,233,108,40,38,46,56,124,160,237,76
Tibin,463,555,1 018,28,26,26,48,34,36,216,88,24,27,18,27,49,121,200,50
Tioussa,148,146,294,9,2,8,12,8,12,57,29,6,6,7,7,21,29,63,18
Wapemsé,198,261,459,10,8,20,19,19,13,103,45,11,13,14,21,17,44,87,15
Yake,1 100,1 254,2 354,36,57,73,74,86,71,449,186,58,58,47,96,173,300,448,142
Yakembili,392,456,848,21,33,27,23,42,22,177,74,14,26,25,20,64,117,136,27
Yargo,204,220,424,11,13,16,16,18,16,90,38,10,11,9,16,33,42,73,12
Zilaoré,790,853,1 643,36,81,72,54,71,62,358,119,31,28,35,54,120,224,262,36
Zougloum-Tonsgo,465,530,995,21,28,37,39,21,40,189,90,25,27,33,27,83,120,174,41
,,,,,,,,,,,,,,,,,,,
"""COMMUNE: GOMPONSOM  - Rural""",12 573,14 501,27 074,801,800,1 048,993,1 050,1 106,5 556,2 326,682,602,621,954,1 864,3 189,4 397,1 085
Baniou,630,785,1 415,36,48,50,53,42,47,298,127,33,42,43,56,129,117,237,57
Dana,474,563,1 037,33,38,34,44,40,40,176,93,21,28,19,38,75,121,173,64
Gomponsom,848,1 057,1 905,40,67,88,57,73,81,339,165,44,49,37,62,150,237,337,79
Kouni,1 762,1 960,3 722,128,106,133,159,166,157,828,338,89,70,80,109,225,412,579,143
Kunkane,502,610,1 112,25,34,38,46,42,45,266,97,28,19,27,23,59,118,202,43
Lablango,619,658,1 277,42,34,41,55,46,63,259,109,35,30,28,51,82,147,211,44
Niongnongo,1 039,1 219,2 258,68,46,102,64,89,76,483,169,43,41,59,70,155,283,391,119
Ouonon,1 230,1 333,2 563,93,85,94,93,106,109,525,230,73,60,62,114,177,308,365,69
Pougyango,929,1 163,2 092,59,47,75,68,72,83,410,178,69,44,71,91,161,247,350,67
Seloguin,177,210,387,10,24,11,13,23,10,80,35,4,3,2,19,31,57,54,11
Tibili,666,823,1 489,43,37,58,72,52,64,296,127,28,33,40,62,113,181,227,56
Tinkoguelga,903,1 072,1 975,41,54,69,83,69,91,420,168,64,47,42,74,118,237,321,77
Toessin,376,429,805,25,30,36,29,31,29,162,66,19,20,13,22,53,104,135,31
Zambele,693,748,1 441,40,33,61,39,42,57,278,134,36,33,38,52,95,167,262,74
Zougoungou,1 725,1 871,3 596,118,117,158,118,157,154,736,290,96,83,60,111,241,453,553,151
,,,,,,,,,,,,,,,,,,,
"""COMMUNE: KIRSI  - Rural""",13 906,15 910,29 816,847,981,1 124,1 142,1 148,1 128,5 823,2 524,761,633,621,1 093,2 277,3 747,4 844,1 123
Bissigui,194,290,484,8,26,25,23,18,24,94,63,9,12,5,17,27,59,59,15
Douré,742,842,1 584,45,58,76,49,81,62,325,114,36,24,42,54,122,210,241,45
Dourou,1 493,1 720,3 213,90,97,124,120,107,133,682,279,88,65,76,107,228,397,504,116
Ipou,170,185,355,9,12,19,15,15,7,84,23,5,8,5,11,28,42,59,13
Kalsé,637,832,1 469,36,60,38,55,57,48,290,119,37,25,31,56,113,178,261,65
Kapon,1 767,2 028,3 795,121,146,167,179,162,138,670,275,98,73,77,129,333,522,563,142
Kirsi,4 188,4 591,8 779,260,262,275,312,331,301,1 606,804,242,186,208,345,709,1 151,1 447,340
Koussogo,804,972,1 776,53,68,66,69,60,60,342,148,41,53,32,74,110,208,318,74
Maré,434,470,904,18,26,33,50,37,34,202,97,20,31,19,27,63,92,135,20
Ribou,827,903,1 730,58,75,64,81,71,81,348,119,38,36,26,68,139,228,247,51
Sibéga,227,209,436,10,11,15,14,18,19,98,41,12,9,2,14,26,57,79,11
Soudinghin,254,270,524,14,15,22,18,25,24,107,40,13,11,11,17,35,59,91,22
Tampouy,979,1 280,2 259,52,54,85,81,82,105,498,196,59,40,47,73,132,235,418,102
Yalgatenga,591,652,1 243,40,14,58,29,48,46,246,110,24,30,18,54,88,151,230,57
Yargo,599,666,1 265,33,57,57,47,36,46,231,96,39,30,22,47,124,158,192,50
,,,,,,,,,,,,,,,,,,,
"""COMMUNE: LA-TODIN  - Rural""",17 756,21 372,39 128,943,946,1 304,1 255,1 188,1 387,8 265,3 938,1 162,895,909,1 484,2 613,4 054,6 919,1 866
Baribsi,548,679,1 227,41,35,36,48,38,49,296,130,29,23,21,30,63,129,209,50
Bissiga,933,1 196,2 129,59,45,70,71,72,82,479,200,56,36,47,52,115,238,404,103
Gogho,976,1 222,2 198,57,52,88,73,83,102,510,220,63,41,41,62,112,161,421,112
Kalamtogo,814,1 025,1 839,50,60,45,66,56,83,415,200,49,26,37,71,103,192,327,59
Kingria,1 669,2 072,3 741,106,64,109,114,122,124,888,396,97,83,71,115,155,317,726,254
Kollo,1 178,1 426,2 604,45,65,97,94,86,107,598,256,85,55,48,59,151,273,464,121
Lâ-Todin,5 471,6 248,11 719,249,271,397,339,311,361,2 164,1 162,368,309,340,585,1 126,1 440,1 830,467
Loungo,2 446,3 056,5 502,146,151,190,177,154,171,1 119,569,173,136,125,206,306,504,1 052,323
Minissia,1 165,1 374,2 539,55,59,92,89,87,103,559,230,84,65,54,122,146,271,415,108
Nimpouy,356,479,835,22,19,24,24,30,33,209,99,22,14,24,15,34,71,171,24
Pendogo,515,624,1 139,28,21,37,34,31,55,287,97,26,32,22,43,65,100,203,58
Ramessoum,405,496,901,26,26,42,36,42,35,198,83,21,20,12,21,72,96,141,30
Sissamba,711,827,1 538,32,41,40,48,38,49,280,158,55,29,34,72,102,164,308,88
Sougbini,190,212,402,5,9,15,16,14,7,101,50,13,6,7,13,18,23,82,23
Titon,200,227,427,14,11,14,13,17,16,82,43,16,12,11,8,20,37,92,21
Veh,179,209,388,8,17,8,13,7,10,80,45,5,8,15,10,25,38,74,25
,,,,,,,,,,,,,,,,,,,
"""COMMUNE: PILIMPIKOU  - Rural""",10 693,12 752,23 445,577,696,842,866,886,937,4 782,2 248,615,516,523,750,1 441,2 595,4 002,1 169
Dana,816,1 005,1 821,51,42,49,66,80,62,410,193,66,41,43,70,81,190,304,73
Kona,2 078,2 287,4 365,95,132,207,162,179,174,807,360,98,80,89,143,336,602,736,165
Lantaga,1 026,1 305,2 331,64,70,82,84,92,96,457,240,70,54,56,63,108,248,409,138
Nibiella,472,556,1 028,25,13,40,25,37,35,173,117,21,26,31,46,73,99,189,78
Pilimpikou,4 053,4 913,8 966,218,274,303,334,309,365,1 923,853,241,202,187,267,510,909,1 564,507
Rakounga,717,949,1 666,26,42,51,53,53,64,309,163,38,46,45,61,138,161,313,103
Sandia,461,538,999,41,23,28,41,41,36,211,113,24,25,24,33,57,98,163,41
Silmiougou,1 070,1 199,2 269,57,100,82,101,95,105,492,209,57,42,48,67,138,288,324,64
,,,,,,,,,,,,,,,,,,,
"""COMMUNE: SAMBA  - Rural""",20 874,25 373,46 247,1 003,1 118,1 468,1 482,1 491,1 693,9 789,4 576,1 360,1 103,1 053,1 484,2 580,4 668,8 877,2 502
Basbédo,668,816,1 484,30,31,48,41,47,70,298,157,45,38,41,42,70,129,284,113
Basgouèma,431,625,1 056,31,20,27,42,25,32,220,107,40,27,22,46,61,91,209,56
Bastoua,574,694,1 268,21,24,46,47,38,49,293,141,40,24,35,45,56,92,263,54
Batono,873,1 107,1 980,50,49,63,75,73,63,492,180,84,38,39,57,78,157,385,97
Bouré,555,615,1 170,20,16,31,30,33,39,274,136,41,35,8,31,47,98,232,99
Dakola,410,472,882,16,19,24,30,40,24,196,85,22,25,22,36,48,80,172,43
Itian,1 185,1 349,2 534,93,71,94,106,88,124,509,223,62,56,48,76,149,281,444,110
Kao,496,598,1 094,28,24,26,24,54,47,249,120,31,36,30,33,38,89,209,56
Kassila,331,441,772,24,22,18,24,24,17,190,77,24,13,20,19,44,73,147,36
Kiè,870,1 087,1 957,33,45,61,72,54,87,416,225,76,38,38,50,92,163,405,102
Kombgo,191,287,478,20,4,20,24,20,19,108,48,18,17,5,12,17,46,87,13
Koulwéogo,280,392,672,29,17,12,20,20,17,172,72,12,13,20,21,25,52,122,48
Kourono,1 366,1 497,2 863,72,78,101,112,95,98,621,269,74,64,68,104,155,305,506,141
Koussana,574,694,1 268,11,14,65,39,39,46,268,128,40,36,26,30,60,100,270,96
Manezago,418,503,921,26,8,29,44,37,44,197,85,16,12,21,29,60,90,178,45
Mesga,894,1 147,2 041,18,60,78,80,63,75,413,211,55,62,52,76,116,211,381,90
Ouaguissi,516,739,1 255,34,32,23,38,36,45,258,96,37,19,26,33,76,192,248,62
Panh,279,384,663,12,9,22,9,30,19,140,63,20,23,13,21,32,64,144,42
Pella,2 354,2 829,5 183,77,152,157,151,174,234,1 161,473,144,120,110,126,233,518,1 052,301
Rouly,282,404,686,23,22,37,18,28,34,164,54,13,13,13,17,24,68,112,46
Samba,2 714,3 008,5 722,120,131,164,158,156,164,987,549,184,157,167,284,504,653,1 083,261
Sisgogo,449,623,1 072,26,26,34,29,35,36,254,134,32,27,19,20,46,98,201,55
Somyalguem,351,375,726,24,26,21,30,17,31,145,68,18,10,13,24,38,92,126,43
Thebo,1 027,1 325,2 352,41,48,74,66,68,74,508,279,64,70,57,60,107,187,483,166
Toessin,1 987,2 362,4 349,97,116,145,125,141,136,833,409,127,83,107,144,309,574,782,221
Yil-yaalé,495,630,1 125,23,30,31,35,41,38,258,116,27,34,22,26,53,102,217,72
Zengdsé,304,370,674,4,24,17,13,15,31,165,71,14,13,11,22,42,63,135,34
,,,,,,,,,,,,,,,,,,,
"""COMMUNE: YAKO """,55 587,61 835,117 422,3 134,3 461,3 854,3 671,3 930,3 922,21 842,9 676,2 983,2 607,2 608,4 894,9 659,15 665,20 268,5 248
,,,,,,,,,,,,,,,,,,,
"""COMMUNE: YAKO  - Rural""",37 336,41 407,78 743,2 206,2 432,2 713,2 629,2 808,2 889,15 621,6 693,1 967,1 618,1 568,2 708,5 454,9 691,13 959,3 787
Baskare,586,623,1 209,33,28,46,51,54,51,248,114,27,30,33,53,66,136,191,48
Bouboulou,1 752,1 904,3 656,90,90,131,128,115,121,701,273,78,70,64,121,296,576,632,170
Boulma,1 905,2 173,4 078,114,128,154,153,156,166,823,338,85,97,89,145,309,525,640,156
Boura,587,698,1 285,37,31,42,36,44,47,287,126,39,27,30,48,68,141,224,58
Bouria,1 423,1 649,3 072,55,132,103,122,107,124,592,271,81,52,50,102,193,410,534,144
Doure,1 139,1 219,2 358,63,73,76,77,91,102,405,191,57,63,41,95,152,342,423,107
Gandado,330,361,691,4,17,14,12,20,14,124,59,29,8,6,33,63,130,136,22
Gobila,95,122,217,6,2,3,4,6,6,27,21,9,9,7,13,14,11,57,22
Gollo,528,628,1 156,19,28,54,41,37,38,229,96,37,27,30,37,87,110,243,43
Gonsin,559,629,1 188,41,38,30,44,41,38,245,104,32,22,26,38,75,121,246,47
Goungha,742,817,1 559,23,58,69,59,55,74,349,140,39,29,25,33,91,181,263,71
Kabo,1 534,1 527,3 061,87,95,105,108,96,111,577,268,79,54,64,104,200,401,549,163
Keo,413,508,921,23,30,33,24,36,39,200,84,21,19,16,24,72,97,167,36
Koalla,1 020,1 075,2 095,67,90,78,90,71,86,426,129,39,37,40,73,156,295,333,85
Koaltanghin,1 747,1 917,3 664,98,102,137,129,144,155,785,290,90,74,71,113,252,479,587,158
Kolbila,1 155,1 257,2 412,86,83,93,76,94,98,551,220,64,42,33,88,141,252,420,71
Lilboure,997,1 068,2 065,62,57,65,59,77,70,384,175,44,50,44,86,152,198,397,145
Moutoulou,1 594,1 918,3 512,104,112,114,96,125,131,655,344,96,67,73,125,180,340,733,217
Nagsene,1 110,1 231,2 341,68,78,106,95,91,77,440,172,51,42,58,64,211,334,384,70
Nambeguian,441,453,894,30,23,33,24,31,38,159,75,11,15,19,30,74,109,166,57
Napan,290,334,624,27,21,20,18,24,26,132,58,11,11,11,20,21,72,125,27
Noussou,625,647,1 272,34,42,53,40,45,51,245,115,36,27,20,51,98,171,197,47
Ouaéllé,756,831,1 587,39,57,59,46,62,57,342,151,54,28,47,40,80,176,281,68
Ouedkiongo,352,368,720,21,28,22,30,24,26,127,62,10,14,16,23,55,109,109,44
Pelegtanga,1 334,1 377,2 711,103,69,95,74,96,88,423,186,83,56,58,130,294,440,436,80
Petit- Samba,2 478,2 770,5 248,190,151,191,178,201,194,998,465,129,110,108,181,389,614,878,271
Ragounda,266,285,551,27,14,26,21,16,16,86,31,14,9,11,11,57,81,98,33
Rallo,1 141,1 429,2 570,39,73,55,93,84,84,596,265,70,62,65,94,132,231,492,135
Rawema,76,84,160,4,7,6,3,7,8,26,5,3,3,4,8,14,27,27,8
Roumtenga,1 263,1 413,2 676,74,86,76,98,86,76,548,270,64,59,44,78,151,274,508,184
Sabo,463,476,939,12,15,36,35,28,43,226,80,26,20,15,24,55,140,151,33
Saria,714,811,1 525,46,54,42,46,53,46,323,133,47,39,16,51,83,170,284,92
Sassa,1 040,1 175,2 215,82,51,69,71,75,83,392,158,42,50,52,82,191,336,395,86
Soa,289,331,620,16,19,16,18,25,23,126,59,14,11,12,26,47,71,105,32
Song-naba,2 253,2 659,4 912,110,149,142,152,157,159,1 039,416,135,106,96,185,298,515,931,322
Tanghin,714,847,1 561,36,70,64,64,62,62,322,135,49,30,27,40,99,182,262,57
Taonsgho,653,691,1 344,50,38,44,34,40,45,256,131,36,21,31,41,89,142,265,81
Tibin,1 064,1 223,2 287,55,60,69,55,88,86,521,216,46,57,53,66,128,211,437,139
Tindila,954,816,1 770,46,62,55,53,58,58,298,127,42,33,25,61,154,278,334,86
Zizon,954,1 063,2 017,85,71,87,72,86,72,388,140,48,38,38,71,167,263,319,72
,,,,,,,,,,,,,,,,,,,
"""COMMUNE: YAKO - Urbain""",18 251,20 428,38 679,928,1 029,1 141,1 042,1 122,1 033,6 221,2 983,1 016,989,1 040,2 186,4 205,5 974,6 309,1 461
Secteur 1,832,944,1 776,33,33,43,43,46,48,277,122,55,33,49,95,175,274,346,104
Secteur 2,4 077,4 590,8 667,228,225,244,215,270,245,1 406,672,220,245,243,452,960,1 419,1 380,243
Secteur 3,1 164,1 391,2 555,62,66,70,55,67,55,402,216,49,79,68,130,258,410,447,121
Secteur 4,4 056,4 449,8 505,176,212,222,233,225,218,1 276,626,233,215,230,612,1 048,1 341,1 298,340
Secteur 5,3 370,3 659,7 029,142,219,228,216,191,185,1 174,562,200,172,176,396,740,1 111,1 085,232
Secteur 6,3 480,4 021,7 501,211,200,244,199,237,209,1 198,539,188,182,192,399,795,1 103,1 304,301
Secteur 7,1 272,1 374,2 646,76,74,90,81,86,73,488,246,71,63,82,102,229,316,449,120
,,,,,,,,,,,,,,,,,,,
PROVINCE: YATENGA,401 110,424 865,825 975,26 278,25 093,31 080,30 740,29 911,31 113,152 639,60 764,18 533,16 096,17 548,34 111,70 632,120 694,132 664,28 079
,,,,,,,,,,,,,,,,,,,
"""COMMUNE: BARGA - Rural""",24 636,26 612,51 248,1 720,1 832,2 364,2 214,2 173,2 164,9 316,3 196,927,772,1 069,2 137,4 651,7 466,7 642,1 605
Barga,2 140,2 501,4 641,172,150,207,202,184,204,889,274,77,71,89,142,395,611,762,212
Barga-Peulh,617,653,1 270,25,44,68,46,62,47,269,76,35,19,34,48,118,176,180,23
Dano,197,175,372,13,3,17,10,9,9,64,32,13,10,21,13,37,53,55,13
Derhogo,1 659,1 825,3 484,131,135,132,139,148,149,743,269,55,47,79,117,229,475,511,125
Dinguila Peulh,840,775,1 615,147,47,70,50,74,52,228,111,30,25,31,71,157,218,256,48
Dinguiri,4 351,4 696,9 047,260,323,456,414,454,406,1 740,586,155,138,158,344,792,1 299,1 260,262
Goronga,159,167,326,11,3,20,10,20,16,57,26,7,2,5,10,26,40,62,11
Karma,942,1 108,2 050,105,73,82,98,79,87,402,152,41,37,42,75,162,278,270,67
Kerga,1 587,1 645,3 232,145,108,148,157,132,151,566,199,74,48,66,131,306,448,467,86
Koubithiou,69,72,141,3,0,4,7,5,5,31,8,1,5,5,3,13,20,26,5
Koubi-Todiam,75,76,151,7,6,4,10,4,6,26,6,4,4,4,2,12,28,26,2
Lemnogo Mossi,1 043,884,1 927,32,98,95,93,56,54,216,60,18,21,31,95,205,385,371,97
Lemnogo Peulh,174,109,283,0,20,6,19,7,8,58,16,6,3,3,9,12,50,57,9
Mene,3 970,4 344,8 314,192,303,420,367,343,375,1 483,507,135,108,150,361,803,1 393,1 192,182
Pabio,178,185,363,12,13,10,19,16,13,72,31,8,5,4,19,31,38,62,10
Peela,605,615,1 220,55,32,72,58,58,61,225,75,25,15,26,57,104,163,166,28
Poucouma- Ramsa,61,37,98,1,2,2,5,2,2,22,11,5,2,4,5,1,13,19,2
Ramdolla – Mossi,1 239,1 498,2 737,67,92,104,99,84,107,367,125,36,30,61,155,334,481,464,131
Ramdolla – Peulh,147,126,273,5,10,17,10,10,11,64,17,8,8,3,14,23,37,34,2
Sabouna,3 185,3 657,6 842,295,217,275,265,291,297,1 250,458,125,130,199,336,631,836,1 031,206
Tebela,1 144,1 211,2 355,22,134,138,107,113,95,429,123,50,39,43,113,222,349,312,66
Tingsobare,254,253,507,20,19,17,29,22,9,115,34,19,5,11,17,38,75,59,18
,,,,,,,,,,,,,,,,,,,
"""COMMUNE: KAIN - Rural""",5 836,5 942,11 778,400,416,525,521,515,487,2 348,804,247,236,202,489,956,1 602,1 755,275
Alhamdou,189,177,366,10,10,13,12,14,14,72,26,8,7,6,13,29,54,67,10
Dore,887,904,1 791,44,74,78,92,80,80,363,98,44,35,32,68,197,243,225,37
Doubare,768,793,1 562,40,49,74,58,74,73,333,109,28,30,30,67,137,164,237,59
Kaïn,1 519,1 657,3 176,95,119,145,152,130,141,620,244,68,57,60,131,224,457,476,56
Kain-Ouro*,215,219,434,15,15,19,19,19,18,87,30,9,9,7,18,35,59,65,10
Mougounougoboko,815,738,1 553,55,66,59,66,76,32,280,108,26,37,16,114,109,240,252,17
Nenebouro,301,304,606,26,23,21,36,26,31,119,36,9,12,12,20,52,69,94,19
Nimborou*,70,72,142,5,5,6,6,6,6,28,10,3,3,2,6,12,19,21,3
Sikende,103,101,204,6,6,8,8,8,8,40,14,5,4,3,8,15,30,37,6
Thou,89,94,184,2,4,2,6,5,6,28,15,7,7,2,5,19,28,49,2
Tiendre,143,146,289,4,9,12,14,9,13,63,21,6,7,7,9,25,43,43,7
Yense,735,737,1 472,99,37,88,51,68,65,316,92,36,29,24,31,103,195,190,49
,,,,,,,,,,,,,,,,,,,
"""COMMUNE: KALSAKA - Rural""",37 414,40 770,78 184,2 575,2 579,3 151,3 126,2 980,3 194,15 343,5 715,1 672,1 491,1 590,3 086,6 244,10 840,11 957,2 641
Barma – Mossi,779,817,1 596,63,26,53,50,55,71,303,106,27,43,34,75,173,179,270,68
Barma – Yarce,314,324,638,29,23,42,36,28,31,93,33,4,8,20,16,50,93,111,21
Battoum,735,746,1 481,36,32,61,57,60,52,298,137,36,35,37,70,110,174,234,52
Bema Mossi,1 475,1 666,3 141,88,114,119,118,106,148,571,231,61,79,47,111,227,435,553,133
Bema Silmimossi,1 103,1 176,2 279,63,74,117,89,125,66,383,204,52,39,39,99,166,301,373,89
Berenga Foulbe,946,1 057,2 003,53,54,70,77,77,101,423,158,47,35,54,55,119,304,297,79
Berenga Mossi,534,524,1 058,36,39,42,30,48,41,216,69,21,16,16,49,64,162,171,38
Berenga Silmimossi,809,798,1 607,41,52,98,75,60,98,304,92,38,31,13,53,165,245,201,41
Boulle,575,634,1 209,49,58,50,45,50,42,242,87,22,28,21,33,102,166,169,45
Derga,760,1 008,1 768,61,58,91,72,63,79,373,140,38,24,28,68,124,233,261,55
Gnimassoum Foulbe,46,44,90,2,1,5,1,6,2,17,6,2,0,3,3,3,17,12,10
Gombre Saaba,290,283,573,8,19,39,20,18,33,111,46,12,13,7,12,48,98,79,10
Gombre Silmi Mossi,1 019,1 093,2 112,104,60,91,103,91,88,429,104,46,31,31,72,176,313,326,47
Gonsin,461,480,941,32,44,39,50,44,40,162,64,24,21,21,28,83,131,133,25
Gonsin Mossi,951,1 062,2 013,87,53,57,102,95,79,412,165,48,27,36,98,133,258,308,55
Goungré,1 082,1 196,2 278,77,64,78,99,71,90,477,152,49,51,54,94,198,303,346,75
Goungre Tangaye,1 313,1 468,2 781,81,112,93,141,95,120,591,226,60,52,51,87,198,333,423,118
Guenda,129,131,260,0,15,8,11,16,17,48,24,7,2,11,11,10,31,43,6
Iria Mossi,312,365,677,23,30,31,26,21,20,131,48,9,15,18,24,59,99,97,26
Iria Yarce,394,436,830,35,32,48,36,37,36,143,47,15,18,22,36,70,126,110,19
Kalsaka,3 656,4 060,7 716,219,265,287,240,273,251,1 394,572,161,155,182,322,684,1 198,1 240,273
Kalsaka Foulbe,153,133,286,3,13,3,8,15,11,43,10,0,9,7,12,27,59,57,9
Kalsaka Silmi Mossi,701,855,1 556,56,46,82,66,46,62,311,106,27,25,28,67,116,230,242,46
Kéblo,461,492,953,39,36,54,31,39,47,189,85,21,15,15,37,79,124,120,22
Kondilma,438,486,924,33,40,36,44,35,29,201,72,11,15,20,30,77,121,132,28
Macere,91,91,182,2,6,6,1,8,8,45,12,3,6,3,5,12,25,30,10
Naradabaganga,489,540,1 029,32,22,23,32,25,45,221,93,39,36,18,53,101,134,143,12
Nema,419,463,882,48,41,32,49,28,26,173,75,11,21,13,24,70,112,117,42
Ouatinoma,256,267,523,12,15,22,25,15,28,94,34,12,9,13,22,33,61,101,27
Ouavousse Mossi,214,262,476,26,11,12,16,16,18,82,39,14,8,12,25,46,58,75,18
Ouavousse Silmimossi,465,483,948,26,36,42,26,35,38,173,60,32,15,24,34,88,114,151,54
Ouembatenga,684,754,1 438,39,47,41,52,52,63,317,113,24,30,34,51,108,200,205,62
Ouembazaka,643,682,1 325,36,45,40,35,56,69,277,114,45,23,23,44,93,170,216,39
Ouilao,1 413,1 536,2 949,102,91,116,117,109,119,613,206,64,50,62,130,213,400,447,110
Outoum Silmi Mossi,526,546,1 072,49,47,61,62,30,50,215,58,8,17,18,61,93,160,121,22
Pouto Yarce,241,304,545,5,11,38,19,23,20,119,40,14,6,16,14,43,79,81,17
Remene,637,659,1 296,62,36,63,65,49,56,227,94,19,19,19,47,90,202,191,57
Rima Gouria,640,737,1 377,40,57,56,71,61,64,250,104,23,36,18,51,127,198,183,38
Rima Mossi,1 539,1 675,3 214,102,100,113,135,143,126,644,256,82,56,65,115,237,424,505,111
Rondo,1 624,1 691,3 315,86,87,125,115,120,121,740,249,91,73,61,133,237,394,553,130
Rondoma Mossi,97,96,193,8,9,9,7,3,3,24,9,1,0,4,8,22,37,41,8
Rondoma Silmi Mossi,339,393,732,24,23,32,29,25,24,152,66,13,10,11,18,39,115,125,26
Rongabanko,141,178,319,11,8,11,4,4,8,46,16,3,7,15,9,39,55,70,13
Sacre Mossi,189,193,382,12,19,11,17,12,10,88,22,11,3,8,24,24,57,52,12
Sacre Yarce,196,198,394,10,15,18,22,10,25,79,26,7,7,12,19,28,59,50,7
Soulli,450,566,1 016,35,33,26,51,39,33,216,84,18,20,14,37,81,129,164,36
Tapre Mossi,563,580,1 143,49,47,31,54,40,49,217,94,33,24,25,46,77,176,150,31
Tapre Silmi Mossi,251,292,543,22,34,11,16,21,23,126,34,13,8,13,21,44,65,78,14
Tibtenga,708,779,1 487,55,52,76,51,55,70,270,122,31,38,35,58,98,183,247,46
Tilligui,456,528,984,22,39,33,42,33,45,196,71,25,17,13,36,86,149,148,29
Touko,811,897,1 708,59,49,79,67,70,77,339,129,43,32,42,67,120,236,260,39
Touma,1 123,1 142,2 265,83,50,108,104,92,107,438,135,46,34,36,132,269,317,264,50
Toumouni,899,954,1 853,66,69,70,70,71,76,369,105,22,38,51,83,160,266,278,59
Zamdogo,724,758,1 482,55,43,65,52,48,33,227,99,40,29,47,79,130,217,259,59
Zongo,1 150,1 192,2 342,79,77,87,93,113,106,501,172,47,32,50,78,175,315,344,73
,,,,,,,,,,,,,,,,,,,
"""COMMUNE: KOSSOUKA - Rural""",12 974,13 952,26 926,880,885,1 077,991,1 046,1 032,5 187,1 928,599,489,552,1 029,2 286,3 799,4 208,938
Bascouda,384,412,796,25,31,36,24,37,44,163,74,22,10,9,22,61,109,104,25
Bissiguin,419,429,848,8,44,31,37,34,33,182,73,13,8,17,30,60,114,133,31
Iki,194,230,424,14,12,18,10,25,7,75,36,7,13,7,21,44,60,56,19
Inou,820,933,1 753,59,56,80,58,68,77,365,118,41,27,47,65,156,231,253,52
Kangarin,769,829,1 598,38,54,51,66,57,57,330,112,35,37,34,57,136,216,266,52
Kapelgo Tangaye,209,239,448,13,9,19,11,16,16,102,38,11,7,11,19,35,46,84,11
Kieblega,1 746,1 910,3 656,139,125,174,124,160,156,640,215,73,67,70,165,302,599,551,96
Kossouka,4 008,4 244,8 252,284,213,305,279,265,289,1 423,606,190,146,186,373,771,1 202,1 355,365
Longuin,80,57,137,5,4,6,3,2,5,34,9,5,1,0,7,9,21,23,3
Magarougou,749,862,1 611,65,44,47,67,70,59,334,129,38,36,25,58,128,206,247,58
Samtaga,321,364,685,26,21,36,34,31,32,158,42,13,9,9,18,48,86,109,13
Sassaka Fulbe,162,156,318,1,14,14,6,24,7,59,23,11,6,6,19,27,46,47,8
Sassaka Mossi,1 293,1 324,2 617,91,82,109,104,108,116,530,216,61,43,50,67,184,332,433,91
Sekeba,532,544,1 076,2,70,43,65,47,41,237,57,16,15,23,28,108,163,142,19
Selmiougou,134,148,282,14,13,5,12,11,11,57,26,6,6,6,9,25,34,42,5
Toeguin Mossi,275,289,564,13,13,20,17,20,22,129,32,20,13,8,19,45,69,99,25
Toeguin Yarce,118,141,259,8,7,10,11,8,8,48,19,5,6,5,12,31,33,39,9
Yamsinde Mossi,270,282,552,38,30,23,28,25,15,102,33,15,11,5,16,43,88,68,12
Yamsinde Yarce,491,559,1 050,37,43,50,35,38,37,219,70,17,28,34,24,73,144,157,44
,,,,,,,,,,,,,,,,,,,
"""COMMUNE: KOUMBRI - Rural""",29 929,31 889,61 818,2 030,2 033,2 389,2 646,2 471,2 663,12 142,4 345,1 290,1 120,1 198,2 421,5 024,8 242,9 802,2 002
Amene Mossi,955,891,1 846,57,78,64,95,72,90,352,100,41,12,41,90,235,259,243,17
Amene Saaba,339,357,696,25,38,25,22,34,30,126,50,25,10,15,34,54,84,113,11
Bidi Mossi,1 046,1 070,2 116,94,73,90,83,102,89,384,112,35,41,44,96,150,274,373,76
Bidi Peulh Thiou,19,22,41,0,2,0,2,0,3,4,6,0,1,1,2,2,6,9,3
Bidi Peulh Todiam,14,19,33,0,1,0,2,2,1,7,4,1,0,2,2,2,2,4,3
Bidi Rimaibe Thiou,98,129,227,8,5,15,13,9,10,36,11,4,2,6,9,26,28,40,5
Bidi Rimaibe Todiam,341,326,667,19,20,24,23,25,26,132,47,14,12,11,22,53,99,121,19
Bidi Silmimossi,209,264,473,26,17,29,15,13,19,99,18,9,8,9,20,45,49,81,16
Boulzoma,968,1 064,2 032,56,88,81,101,67,107,383,129,50,21,28,65,171,282,323,80
Dandambara,1 712,1 723,3 435,84,72,113,150,143,171,739,246,52,77,93,136,277,462,519,101
Desse,1 083,1 376,2 459,61,108,91,106,114,139,539,184,46,53,46,79,162,293,365,73
Dondombene Mossi,1 203,1 408,2 611,97,118,136,136,129,124,517,151,45,42,51,105,162,334,410,54
Dondombene Peulh,67,74,141,4,10,10,5,9,7,23,8,3,2,2,6,17,17,17,1
Gassin Sirgui,72,69,141,4,4,5,5,6,6,28,10,3,2,2,5,11,21,25,4
Keke Mossi,759,789,1 548,50,35,73,88,63,75,313,111,41,20,25,38,125,205,226,60
Keke Peulh,126,134,260,0,14,7,14,8,11,54,24,9,8,5,5,25,34,36,6
kougourin,429,406,835,21,19,18,29,26,26,146,110,30,33,24,51,71,98,124,9
Koumbri,2 360,2 470,4 830,200,139,214,203,197,187,915,311,88,92,97,172,342,612,868,193
Ninigui,2 566,2 756,5 322,126,137,152,192,157,190,924,384,135,125,90,284,584,911,749,182
Ouattigué,1 084,1 223,2 307,103,107,83,181,115,79,392,136,33,32,39,85,209,300,344,69
Pogoro Mossi,789,872,1 661,47,49,44,58,62,51,364,139,42,41,38,56,127,207,274,62
Porogo Silmimossi,549,574,1 123,45,48,40,36,50,44,248,85,21,24,11,44,113,114,165,35
Rim,1 817,1 906,3 723,115,134,137,132,107,164,689,253,82,82,70,160,258,510,674,156
Ronga,2 707,2 916,5 623,189,196,189,216,235,245,1 168,408,122,88,97,181,424,839,860,166
Saya Mossi,1 262,1 267,2 529,98,61,108,128,89,108,469,151,56,37,34,92,238,396,401,63
Saya Peulh,26,22,48,0,2,2,2,2,3,9,0,1,1,0,4,7,5,8,2
Seno-Bosnore,150,129,279,8,5,9,8,14,13,59,21,10,4,7,12,29,35,40,5
Seno-Todiam,184,172,356,13,5,15,16,15,14,68,26,7,7,8,17,27,43,55,20
Silga,1 546,1 642,3 188,109,104,123,116,127,115,646,267,61,45,85,109,229,383,540,129
Soulou,2 576,2 778,5 354,182,156,280,204,234,249,1 108,411,104,88,97,218,383,582,873,185
Tanvousse – Mossi,1 374,1 396,2 770,101,87,93,107,106,116,554,230,63,66,51,97,240,351,411,97
Tanvousse – Peulh,75,80,155,4,6,2,7,4,7,23,16,5,2,4,5,18,25,23,4
Tibtenga,312,344,656,14,34,31,32,29,38,129,35,12,12,16,29,49,90,96,10
Zom,1 112,1 221,2 333,70,61,86,119,106,106,495,151,40,30,49,91,159,292,392,86
,,,,,,,,,,,,,,,,,,,
"""COMMUNE: NAMISSIGUIMA - Rural""",28 413,30 417,58 830,2 107,1 917,2 497,2 402,2 316,2 408,11 165,4 163,1 220,1 081,1 336,2 399,4 968,8 141,8 673,2 037
Ansolma,509,541,1 050,47,40,43,32,48,45,230,91,26,15,17,33,76,118,155,34
Bagayalgo,750,824,1 574,50,34,69,74,61,54,334,141,43,20,40,46,98,193,250,67
Barelgo,1 123,1 284,2 407,132,60,98,111,89,92,377,156,33,35,58,110,232,387,361,76
Basnere,306,327,633,34,26,23,27,27,15,112,29,8,8,22,27,60,85,98,32
Birdininga,69,81,150,3,3,7,10,6,6,29,12,5,1,5,4,11,21,26,1
Boulounga,617,664,1 281,57,23,59,75,52,59,195,69,26,16,22,65,136,224,156,47
Bouna Peulh,98,122,220,13,5,14,5,9,5,47,11,4,8,3,5,19,28,36,8
Dombre,868,969,1 837,48,62,108,82,78,95,381,139,30,13,24,35,105,279,279,79
Faougodo,771,746,1 517,58,29,56,58,74,58,254,115,42,25,44,72,140,194,243,55
Goulagou,480,550,1 030,49,30,61,37,41,41,182,63,23,12,20,34,77,161,154,45
Goumba,263,335,598,40,10,18,26,17,25,98,49,10,7,5,38,42,88,98,27
Kongninkin,93,103,196,6,3,13,10,12,5,43,14,5,2,5,4,12,30,25,7
Kononga,2 107,2 438,4 545,155,159,198,190,177,165,865,361,82,100,117,172,333,524,749,198
Kononga Peulh,182,190,372,11,11,11,21,7,16,57,29,6,10,14,16,33,49,59,22
Konvougoudou,105,122,227,5,8,8,7,9,4,40,19,4,7,5,8,23,32,39,9
Koswinde,135,154,289,5,12,18,9,13,16,44,21,6,9,4,14,20,36,43,19
Koumbane,1 609,1 660,3 269,114,147,146,169,118,191,643,229,77,53,60,106,236,507,393,80
Longa,478,514,992,45,43,58,41,39,34,189,53,8,16,18,35,97,143,140,33
Mogombouli,2 391,2 742,5 133,186,214,189,230,194,270,1 091,336,107,74,91,141,420,638,763,189
Namissiguima,3 412,3 438,6 850,187,240,303,276,263,303,1 257,484,143,133,170,335,617,956,990,193
Ninguiwinde,114,161,275,11,8,20,9,12,9,57,21,4,4,4,13,21,42,32,8
Nogo,562,681,1 243,25,32,32,23,47,45,244,82,37,19,37,46,85,183,242,64
Nongossom,207,225,432,16,9,29,12,33,9,90,28,5,6,6,14,33,74,53,15
Ramatoulaye,4 494,4 325,8 819,284,270,321,321,373,292,1 711,676,202,240,256,452,826,1 170,1 160,265
Rapougouma,1 388,1 548,2 936,126,111,117,105,117,124,569,174,60,57,47,115,232,455,443,84
Solgom,1 010,987,1 997,54,39,74,68,53,73,366,136,43,35,37,67,201,355,338,58
Tougou,3 713,4 099,7 812,298,269,338,320,311,308,1 459,551,150,138,180,337,680,1 022,1 165,286
Wagaye,559,587,1 146,48,20,66,54,36,49,201,74,31,18,25,55,103,147,183,36
,,,,,,,,,,,,,,,,,,,
"""COMMUNE: OUAHIGOUYA """,97 959,101 477,199 436,5 188,5 297,6 357,6 214,5 870,5 924,31 753,15 108,5 045,4 431,4 579,9 127,19 727,34 327,34 243,6 246
,,,,,,,,,,,,,,,,,,,
"""COMMUNE: OUAHIGOUYA - Rural""",36 508,38 341,74 849,2 079,2 289,2 700,2 718,2 512,2 825,13 880,5 678,1 819,1 503,1 621,2 963,6 079,10 929,12 469,2 785
Aorema,2 526,2 520,5 046,149,180,203,238,135,205,894,324,106,106,79,236,450,829,762,150
Bapore,201,163,364,13,12,14,9,6,8,50,28,3,3,7,10,29,72,90,10
Bassaouassa,341,319,660,26,29,19,17,17,24,137,49,16,20,13,20,58,81,112,22
Bembela,958,935,1 893,35,35,62,69,61,72,377,153,49,39,41,63,162,248,358,69
Bissigaye,1 511,1 590,3 101,43,97,99,110,75,109,639,270,78,63,76,130,254,422,504,132
Bogoya,3 505,3 736,7 241,189,262,294,247,227,294,1 274,527,210,139,174,293,638,946,1 242,285
Bolongo,248,258,506,9,17,6,20,14,14,94,51,17,16,13,26,28,86,80,15
Bouri,629,668,1 297,37,20,36,49,35,49,256,105,41,28,36,53,114,158,225,55
Cissin,430,480,910,41,31,26,40,42,36,181,69,29,12,18,32,43,120,161,29
Ippo,1 028,1 112,2 140,37,59,84,65,79,80,429,192,61,51,48,93,139,244,367,112
Issigui,326,165,491,5,3,4,12,7,3,29,14,2,2,7,15,46,208,125,9
Komsila,335,350,685,23,20,29,22,16,18,132,64,11,13,18,14,63,98,107,37
Kouri,345,327,672,25,7,21,15,22,9,113,67,13,7,12,32,74,111,117,27
Lilligomde,372,372,744,30,26,22,22,24,29,111,40,14,10,16,34,79,125,133,29
Mopeleguin,703,820,1 523,45,36,50,55,58,54,327,136,30,32,30,43,81,183,282,81
Mouni,488,498,986,26,27,57,36,33,58,116,45,14,11,12,39,98,216,157,41
Ouattinoma,466,476,942,13,25,50,31,24,35,161,73,12,12,25,41,68,181,169,22
Ouedrancin,673,743,1 416,62,38,53,57,66,57,292,99,26,15,28,50,93,191,240,49
Passogo,88,102,190,3,9,5,6,3,4,38,9,7,4,5,19,29,20,24,5
Pirgo,546,578,1 124,33,29,24,29,42,43,227,107,34,29,30,45,86,121,191,54
Poedogo,465,443,908,24,24,34,38,19,38,168,80,28,16,21,33,88,132,132,33
Rallo,610,738,1 348,48,60,55,49,58,58,245,90,31,29,21,48,115,177,213,51
Ramesse,187,267,454,6,16,13,17,15,14,92,35,16,9,15,18,23,49,94,22
Rikou,1 559,1 624,3 183,121,91,121,94,121,123,574,220,68,77,70,121,286,484,483,129
Risci,234,214,448,12,13,18,14,15,20,82,32,9,12,15,23,35,58,80,10
Roba,440,448,888,45,50,38,34,25,49,140,45,26,8,8,21,58,171,153,17
Sambtinga,865,926,1 791,55,44,66,52,77,54,353,151,47,40,42,66,125,215,322,82
Saye,1 563,1 556,3 119,83,107,111,98,101,90,492,217,86,69,77,145,353,599,425,66
Sissamba,2 017,2 146,4 163,96,111,143,140,124,174,863,359,107,90,86,131,307,564,701,167
Sodin,2 559,2 566,5 125,118,180,188,218,197,184,1 008,373,99,98,97,221,392,757,825,170
Somiaga,1 918,2 151,4 069,120,122,123,118,138,130,715,352,92,97,94,156,325,574,696,217
Soubo,679,636,1 315,17,48,44,40,57,41,242,120,37,18,21,50,96,206,231,47
Toessin,903,1 020,1 923,43,38,56,75,48,70,359,154,60,50,42,63,145,308,346,66
Yabonsgo,1 360,1 401,2 761,116,78,108,123,99,124,574,206,65,49,76,89,199,390,402,63
Youba,4 459,4 952,9 411,257,280,373,371,364,384,1 699,689,226,196,208,420,767,1 301,1 571,305
Zamioro,610,699,1 309,63,49,31,68,47,49,268,79,27,20,23,49,81,168,221,66
Zimba,361,342,703,11,16,20,20,21,22,129,54,22,13,17,21,52,116,128,41
,,,,,,,,,,,,,,,,,,,
"""COMMUNE: OUAHIGOUYA - Urbain""",61 451,63 136,124 587,3 109,3 008,3 657,3 496,3 358,3 099,17 873,9 430,3 226,2 928,2 958,6 164,13 648,23 398,21 774,3 461
Secteur 01,12 091,12 680,24 771,664,671,764,651,642,591,3 338,1 861,709,624,608,1 269,3 189,5 021,3 823,346
Secteur 02,4 422,4 587,9 009,182,167,259,201,228,206,1 188,690,243,204,188,493,1 062,1 741,1 665,292
Secteur 03,1 633,1 849,3 482,66,73,108,82,90,105,508,293,113,65,89,173,341,518,715,143
Secteur 04,2 102,2 339,4 441,107,86,123,131,120,104,626,318,95,83,89,177,473,881,847,181
Secteur 05,2 385,2 434,4 819,62,95,132,127,128,112,630,363,107,109,110,221,479,900,997,247
Secteur 06,1 326,1 505,2 831,63,39,52,79,81,69,405,227,71,89,78,140,221,394,621,202
Secteur 07,3 087,3 522,6 609,106,146,164,174,172,139,1 009,475,151,144,146,281,649,1 005,1 440,408
Secteur 08,1 994,1 869,3 863,71,60,98,92,86,69,565,271,80,81,79,169,384,692,859,207
Secteur 09,3 351,3 644,6 995,250,197,247,224,238,224,1 079,579,161,154,184,313,646,973,1 229,297
Secteur 10,7 350,7 170,14 520,390,403,411,448,394,335,2 042,1 044,339,355,345,765,1 677,3 009,2 294,269
Secteur 11,4 460,4 386,8 846,219,219,246,235,249,235,1 273,657,248,192,224,447,980,1 670,1 619,133
Secteur 12,4 318,4 390,8 708,221,247,275,262,243,211,1 322,670,252,243,215,436,1 024,1 548,1 355,184
Secteur 13,9 497,9 455,18 952,540,407,554,579,479,474,2 690,1 473,496,448,477,965,1 902,3 846,3 215,407
Secteur 14,2 567,2 492,5 059,141,161,176,162,156,174,924,381,121,103,97,255,480,852,766,110
Secteur 15,868,814,1 682,27,37,48,49,52,51,274,128,40,34,29,60,141,348,329,35
,,,,,,,,,,,,,,,,,,,
"""COMMUNE: OULA - Rural""",30 469,32 363,62 832,1 720,1 857,2 240,2 288,2 374,2 388,12 025,5 035,1 466,1 132,1 338,2 384,4 783,8 471,10 687,2 644
Bagahoko – Mossi,161,152,313,10,15,8,12,9,13,75,16,5,5,11,8,11,40,64,11
Bagahoko – Yarce,399,403,802,9,31,41,26,38,38,140,58,19,6,22,39,87,117,113,18
Bilinga,615,624,1 239,1,58,33,37,39,38,274,122,44,23,34,44,75,157,204,56
Bougoure,1 819,1 843,3 662,116,110,153,159,144,134,733,258,86,56,87,125,306,521,547,127
Bourbo,779,844,1 623,50,24,55,56,54,66,325,157,47,26,41,52,125,197,279,69
Bouro,496,570,1 066,41,24,33,33,21,42,197,84,24,20,25,40,77,136,203,66
Boursouma,901,1 075,1 976,42,52,49,48,54,62,385,215,63,42,45,56,147,228,381,107
Bouskoudougo,430,490,920,27,23,30,39,27,39,192,95,15,17,16,28,63,106,156,47
Boussoum,78,85,163,4,4,9,4,7,4,43,11,2,0,4,2,12,23,28,6
Dabla,372,470,842,0,45,38,30,38,33,187,73,19,14,27,44,45,109,116,24
Filly,392,483,875,26,24,28,32,34,22,172,82,16,19,21,24,68,117,144,46
Gourbare,248,260,508,13,16,25,20,11,22,93,42,8,10,14,18,38,62,92,24
Ipala,436,461,897,43,20,33,30,36,40,182,70,20,17,21,38,53,110,146,38
Irbou,611,711,1 322,56,36,62,46,62,48,273,88,34,22,19,60,102,169,193,52
Kalsagado Mossi,216,232,448,19,14,30,23,12,25,79,29,7,6,9,24,38,72,48,13
Kalsagado peulh,47,48,95,4,4,5,6,5,5,14,7,1,1,1,1,8,14,18,1
Kalsagado Samba,359,304,663,8,12,33,21,23,29,118,32,13,13,13,24,64,158,80,22
Kao Mossi,1 031,1 099,2 130,74,41,71,70,76,69,358,181,47,37,39,80,190,263,414,120
Kao Peulh,114,116,230,9,7,10,13,10,10,34,19,4,4,5,6,19,28,45,7
Kayegue Mossi,820,895,1 715,5,77,70,80,64,102,368,128,47,25,40,73,117,253,214,52
Kayegue Silmi Mossi,359,357,716,4,37,22,30,27,41,121,59,11,15,24,38,66,101,99,21
Kenemene,166,169,335,19,8,11,7,9,7,65,41,7,10,4,14,15,44,63,11
Kibtengaye,152,186,338,12,4,13,8,10,11,58,57,11,8,7,4,24,33,61,17
Kire,336,294,630,23,25,24,26,22,33,96,54,14,11,14,44,55,82,90,17
Kounga Mossi,61,56,117,5,6,2,5,6,5,25,8,1,3,3,0,6,22,16,4
Kounga Peulh,440,371,811,22,35,23,31,38,32,162,80,19,26,27,29,39,104,119,25
Kourba Bagare,333,366,699,12,25,21,12,21,16,146,69,17,28,23,32,34,64,137,42
Kourbo Mogo,348,333,681,4,5,30,23,26,35,144,51,22,20,15,30,39,101,116,20
Laoua Mossi,285,394,679,11,18,24,17,20,24,139,71,20,20,13,27,46,90,113,26
Laoua Peulh,67,63,130,1,6,5,5,4,5,13,7,3,3,3,6,15,27,22,5
Lougouri,1 435,1 515,2 950,85,96,132,147,133,136,518,166,49,33,42,123,270,430,464,126
Margo,1 246,1 292,2 538,71,96,88,118,134,98,492,166,53,30,53,86,214,369,388,82
Nongofaire,821,966,1 787,54,68,59,69,70,44,373,125,43,40,51,78,132,237,270,74
Nongofaire Peulh,113,124,237,16,7,11,7,11,12,40,14,8,3,11,14,14,41,25,3
Nongofaire Silmi Mossi,221,243,464,25,23,23,17,18,16,99,28,7,5,7,19,39,59,57,22
Omsom,404,189,593,0,3,0,0,0,1,8,3,3,4,2,43,105,200,176,45
Ouagande Mossi,563,607,1 170,28,30,53,53,57,43,248,97,24,14,35,31,64,161,182,50
Ouagande Peulh,80,76,156,2,5,6,5,6,6,33,13,5,4,2,4,13,18,28,6
Oula,965,1 149,2 114,68,61,54,76,60,74,465,197,50,48,51,65,121,209,390,125
Ouro Mossi,447,460,907,15,22,30,24,33,35,164,77,24,11,19,32,71,116,195,39
Ouro Yarce,201,238,439,14,12,10,25,14,21,105,38,13,5,5,10,25,50,74,18
Pelkisga,436,501,937,49,34,31,31,40,44,186,59,14,14,17,50,77,121,138,32
Pelle,788,583,1 371,10,37,54,38,54,27,184,61,11,16,16,49,110,326,317,61
Rambi mossi,590,623,1 213,39,36,42,64,53,63,228,90,9,14,22,44,114,177,181,37
Rambi Peulh,90,80,170,6,7,8,11,3,10,28,10,4,4,0,9,15,20,31,4
Rassomde,429,556,985,32,36,38,29,51,55,175,82,26,16,18,28,68,132,162,37
Reka,242,307,549,11,11,22,12,12,17,124,44,23,10,7,17,27,57,120,35
Reko,381,313,694,23,13,25,26,25,24,113,57,15,15,6,19,50,117,125,41
Rigui,1 211,1 338,2 549,72,63,102,88,102,106,528,202,51,36,59,95,207,298,433,107
Robena,450,551,1 001,33,13,39,41,40,42,206,94,24,12,20,35,69,130,160,43
Roko,221,253,474,16,26,12,30,21,16,100,26,7,12,12,28,44,61,54,9
Sindilo,179,186,365,15,17,2,10,21,11,76,35,7,9,9,17,27,42,56,11
Sonh,613,714,1 327,12,17,36,45,60,42,269,134,26,34,22,55,72,122,350,31
Sorgho Silmi Mossi,167,170,337,10,8,12,16,11,8,78,44,7,7,11,16,26,37,38,8
Sounkouissi,306,225,531,0,5,25,16,10,25,109,52,32,13,8,16,15,61,119,25
Soussou,328,353,681,14,13,19,18,27,18,134,63,32,22,14,23,42,85,112,45
Tanlili,461,409,870,31,23,32,39,20,38,120,37,5,7,8,33,90,165,201,21
Tilli,652,686,1 338,24,30,32,47,43,36,248,126,43,37,36,61,96,125,275,79
Yalle,100,103,203,10,6,5,11,6,7,42,15,8,5,5,10,18,28,19,8
Zanna Mossi,694,732,1 426,56,50,54,41,59,52,245,118,41,28,26,53,129,189,230,55
Zanna Peulh,96,98,194,5,7,9,4,10,8,44,11,9,5,2,6,16,31,19,8
Ziga,2 668,2 969,5 637,204,176,184,181,223,203,1 032,487,147,112,115,205,419,709,977,263
,,,,,,,,,,,,,,,,,,,
"""COMMUNE: RAMBO - Rural""",22 106,24 851,46 957,1 581,1 558,1 800,1 734,1 753,1 878,9 317,3 600,984,886,1 000,1 927,3 592,6 156,7 526,1 665
Bouga Mossi,522,560,1 082,43,29,43,39,29,41,203,80,20,24,30,40,87,158,169,47
Bouga Yarce,1 067,1 059,2 126,73,67,98,94,113,80,384,131,21,36,48,68,170,289,376,78
Bouli,450,533,983,45,17,45,39,36,41,220,71,19,20,19,42,61,122,153,33
Dembrediesse,636,758,1 394,69,29,58,48,74,50,295,110,32,24,30,49,103,160,210,53
Dierko,1 231,1 475,2 706,90,80,83,99,100,110,582,251,85,58,51,94,148,307,465,103
Imassoum,380,436,816,21,37,35,41,31,38,156,57,18,17,16,34,63,104,123,25
Irim,2 408,2 549,4 957,154,149,175,170,169,181,917,405,127,97,122,235,410,708,768,170
Kamdogo,993,1 120,2 113,86,61,55,68,77,70,480,198,57,42,38,84,163,193,360,81
Konde Tangaye,660,735,1 395,45,51,50,35,54,55,316,101,40,36,24,35,82,157,238,76
Koumna Yargo,1 781,2 023,3 804,143,115,160,128,149,154,820,319,79,64,76,142,225,448,640,142
Koungo,1 702,1 867,3 569,122,122,150,161,125,173,617,226,55,47,77,164,305,552,541,132
Lengo,698,702,1 400,39,52,52,56,49,48,286,108,21,30,39,44,110,203,223,40
Nioussi Tangaye,176,197,373,15,11,16,14,15,19,65,35,9,3,8,20,25,52,53,13
Pourra,2 061,2 344,4 405,98,150,146,149,125,165,953,313,90,79,78,193,354,566,795,151
Rambo,3 614,4 278,7 892,306,277,315,279,288,315,1 433,619,168,156,162,345,687,1 106,1 182,254
Rambo Foulbe,177,202,379,16,9,17,12,11,22,56,32,5,13,6,19,34,49,65,13
Songa,1 314,1 367,2 681,90,89,109,116,77,129,532,184,43,71,47,122,208,338,441,85
Sougouma,1 028,1 161,2 189,41,107,94,101,98,68,459,164,34,37,44,105,157,285,331,64
Tantoaga,449,557,1 006,33,32,34,35,54,41,212,73,26,14,27,26,74,131,156,38
Tobkio,254,307,561,18,36,22,14,19,33,115,37,14,7,19,29,32,72,76,18
Zindinogo,505,621,1 126,34,38,43,36,60,45,216,86,21,11,39,37,94,156,161,49
,,,,,,,,,,,,,,,,,,,
"""COMMUNE: SEGUENEGA - Rural""",47 513,51 124,98 637,4 066,3 261,4 072,3 707,3 655,3 929,18 214,6 704,2 005,1 711,1 988,3 983,8 566,15 238,14 567,2 971
Bakou,1 288,1 568,2 856,98,104,111,127,126,147,607,172,53,45,64,116,254,446,329,57
Bangassila Mossi,516,625,1 141,44,45,57,57,45,54,226,76,25,26,25,41,97,146,150,27
Bangassila Silmi Mossi,96,104,200,7,1,5,3,2,5,26,14,3,5,3,8,23,51,38,6
Barbouli,26,36,62,0,0,0,0,0,0,2,2,0,1,0,1,3,24,23,6
Bassanga Peulh,416,425,841,12,27,36,39,24,54,148,64,22,12,20,31,61,127,134,30
Bomhiri,212,229,441,14,13,20,20,21,15,91,42,9,9,6,21,37,61,51,11
Boulguin,844,800,1 644,39,73,65,77,61,84,333,94,34,33,47,66,127,214,249,48
Dambrin,226,227,453,21,10,19,18,18,14,106,43,8,5,9,5,25,64,71,17
Gambo,4 219,4 521,8 740,253,252,314,324,331,298,1 543,533,151,146,136,368,815,1 611,1 458,207
Gambo Foulbe,74,88,162,3,3,11,10,5,10,38,7,2,2,4,3,16,19,22,7
Gorin,445,517,962,14,36,53,37,37,42,208,89,16,25,16,38,79,105,137,30
Goubre,1 638,1 909,3 547,69,137,145,149,136,160,727,285,78,75,70,165,280,489,442,140
Gouroungo,756,814,1 570,27,53,57,51,65,74,327,121,34,33,35,51,123,233,230,56
Guibou,1 025,1 241,2 266,105,72,88,65,81,99,428,155,56,44,56,95,191,320,348,63
Guitti,1 013,1 125,2 138,66,78,99,99,80,86,428,150,32,46,51,108,193,282,290,50
Jougalhiri,330,344,674,1,21,60,38,30,35,144,41,15,11,16,29,48,94,73,18
Kandega Mossi,492,561,1 053,54,42,42,47,45,39,199,87,19,13,19,45,78,157,132,35
Kandega Silmi Mossi,39,37,76,4,0,3,3,4,7,15,6,2,0,2,3,3,10,10,4
Kélegnaaba,408,453,861,37,33,28,30,30,42,162,60,29,15,17,20,74,116,146,22
Kolkom,267,312,579,8,46,43,27,26,25,105,31,9,13,9,14,44,107,63,9
Koudouma,661,713,1 374,11,57,118,37,69,72,316,67,10,22,22,57,142,187,153,34
Koukabako Baloum,794,772,1 566,12,82,72,70,64,68,343,124,33,17,39,66,136,205,203,32
Koukabako Silmi Mossi,367,441,808,29,19,41,34,39,39,145,64,6,10,23,33,63,106,132,25
Koukabako Yarce,645,714,1 359,6,58,90,60,66,68,264,94,32,19,27,58,114,217,154,32
Koumbranga,1 162,1 135,2 297,86,89,96,93,68,121,357,136,52,31,50,91,211,411,344,61
Koura,349,376,725,11,31,45,23,31,31,132,64,18,11,17,26,66,92,111,16
Mogom,1 040,1 162,2 202,100,94,144,103,87,81,359,99,42,22,38,70,190,336,346,91
Mogom Silmi Mossi,172,212,384,19,7,20,17,9,17,61,36,6,1,8,11,39,59,52,22
Namassa,1 306,1 372,2 678,144,93,105,75,142,97,494,194,39,50,43,135,254,390,363,60
Niebce,317,385,702,35,13,38,21,17,28,137,44,21,17,16,23,62,99,103,28
Noungou,1 199,1 161,2 360,35,84,100,88,99,104,401,119,48,29,65,105,239,488,294,62
Ouanaré,203,213,416,18,21,12,16,10,18,82,43,11,11,4,16,26,61,52,15
Ouonko Mossi,479,598,1 077,51,38,27,41,49,53,239,68,21,18,21,29,58,138,177,49
Ouonko Silmi Mossi,30,35,65,1,2,3,6,3,5,9,3,3,0,0,0,6,8,13,3
Outoum Mossi,390,517,907,3,62,44,44,47,27,167,53,4,21,14,69,93,144,110,5
Rallé,562,607,1 169,39,20,50,50,45,45,226,90,27,23,25,53,95,155,190,36
Ramessé,567,622,1 189,55,47,39,45,51,53,216,73,23,27,20,53,115,175,172,25
Ramsa,2 456,2 714,5 170,146,175,168,195,173,209,1 044,422,133,91,96,206,388,635,852,237
Roffo Mossi,285,348,633,32,8,30,38,26,36,112,49,11,9,12,26,55,88,81,20
Roffo Silmi Mossi,120,127,247,3,16,8,5,9,8,34,20,7,6,7,14,33,36,38,3
Sabouli,239,260,499,10,26,23,14,29,18,98,36,12,5,7,16,32,66,82,25
Sampèla,415,476,891,26,27,40,24,29,44,157,79,22,15,20,37,69,139,133,30
Sanspelga Marance,456,498,954,53,28,30,44,29,45,181,90,21,7,25,20,72,129,139,41
Sanspelga Mossi,445,514,959,51,30,37,52,30,52,195,66,13,14,21,22,72,156,126,22
Sarga,417,473,890,37,33,30,48,23,40,185,72,25,15,19,27,68,113,119,36
Séguénéga,6 759,7 107,13 866,1 365,327,566,441,380,398,2 041,889,283,261,342,603,1 361,2 292,1 943,374
Sima,1 948,1 947,3 895,143,152,145,132,162,132,791,293,86,70,72,134,324,546,577,136
Sittigo,1 350,1 137,2 487,67,49,42,78,69,75,505,167,56,47,31,98,203,398,491,111
Somnamèrè,185,250,435,11,25,24,7,13,23,103,26,8,5,5,13,37,54,69,12
Somnayalka,276,286,562,18,14,27,20,14,24,116,34,12,13,8,26,42,79,93,22
Somnayalka-Peulh,167,165,332,14,11,9,12,17,6,62,25,7,3,8,7,34,49,58,10
Tambokin,239,272,511,46,22,21,28,20,9,73,36,9,11,11,28,60,67,59,11
Tansombo,87,79,166,1,10,13,6,6,16,37,8,4,1,0,10,7,26,18,3
Teonsogo,873,739,1 612,3,7,14,9,18,29,136,57,51,32,6,66,227,503,389,65
Tiba,1 042,1 260,2 302,84,73,121,104,91,102,460,138,48,41,33,122,192,317,316,60
Titaaré,435,466,901,42,35,30,41,37,37,203,74,11,12,21,25,56,101,155,21
Tooghin,178,160,338,10,10,22,9,12,12,59,19,4,6,7,14,32,55,54,13
Tooghin Peulh,38,45,83,0,4,5,3,2,3,17,6,3,2,2,4,7,10,7,8
Tougouya,523,537,1 060,19,39,35,47,44,50,232,70,23,16,22,40,72,139,171,41
Zomkalga Marance,1 573,1 579,3 152,77,98,156,122,143,131,593,236,58,66,84,101,270,471,449,97
Zomkalga Mossi,1 229,1 314,2 543,149,84,75,91,102,115,427,171,42,33,43,101,176,443,424,67
Zouma Mossi,902,1 061,1 963,106,88,86,59,88,76,398,117,39,30,37,78,158,283,276,44
Zouma Peulh,180,215,395,5,7,9,26,11,14,89,36,14,8,8,16,15,65,53,19
Zouma Silmi Mossi,123,124,247,17,0,6,8,15,8,55,25,10,4,4,6,24,31,30,4
,,,,,,,,,,,,,,,,,,,
"""COMMUNE: TANGAYE - Rural""",19 270,19 992,39 262,1 152,1 098,1 379,1 514,1 325,1 553,7 758,3 130,938,786,835,1 488,2 799,4 702,7 084,1 721
Bemh,81,114,195,7,4,4,10,7,9,41,10,4,4,2,5,13,34,37,4
Bonsomnore,709,687,1 396,51,33,50,59,51,54,232,115,41,44,27,46,107,196,233,57
Boundoukamba,479,507,986,35,37,33,38,30,36,173,70,30,16,19,37,90,123,174,45
Douma,1 353,1 285,2 638,58,79,81,96,83,113,548,217,51,35,41,74,190,302,531,139
Gan Yiri Yarce,265,296,561,18,12,25,14,22,29,138,41,10,10,9,21,36,56,95,25
Goko,944,1 019,1 963,61,73,71,84,69,95,361,115,45,30,35,95,162,297,301,69
Gossere,820,873,1 693,43,34,49,46,70,55,320,159,41,43,46,70,118,176,335,88
Goutoula,784,787,1 571,29,45,52,56,64,51,318,142,39,31,36,44,131,227,254,52
Guessoum,479,440,919,13,28,32,33,35,32,211,80,17,24,16,31,64,110,155,38
Kebakoro,469,505,974,32,36,53,32,40,39,195,76,21,17,22,32,60,112,168,39
Keleguerima,247,269,516,13,22,20,30,17,23,102,37,14,9,6,25,21,62,94,21
Kolkom,310,314,624,21,14,30,28,15,25,131,58,19,9,14,16,31,80,107,26
Kouba,437,432,869,16,24,34,45,20,31,177,75,29,26,12,43,41,113,153,30
Leh,315,315,630,34,27,14,23,17,17,105,39,5,22,12,35,77,78,104,21
Loubre,914,963,1 877,74,44,62,96,66,81,421,150,37,29,38,59,127,206,313,74
Mera,408,482,890,41,12,36,33,37,40,182,62,16,12,20,25,57,92,186,39
Nabaziniguima,120,137,257,10,5,14,10,8,14,44,28,8,3,2,8,14,35,51,3
Namsiguia,809,762,1 571,23,48,38,51,59,55,270,135,50,46,43,77,134,177,274,91
Nimpouya,270,237,507,9,9,16,8,12,12,77,31,12,10,17,27,50,64,129,24
Nongfaire,342,370,712,20,23,23,20,29,24,141,57,16,14,15,31,54,80,131,34
Ouoh Bilo,382,372,754,43,22,29,38,25,42,170,41,21,9,22,27,38,81,128,18
Ouoh Kinga,445,488,933,22,20,33,31,33,40,175,93,23,23,32,42,72,91,164,39
Pella Tibitiguia,1 413,1 554,2 967,116,66,106,111,110,119,611,262,77,64,71,130,206,313,484,121
Rassandogo,335,333,668,19,18,28,35,22,35,145,46,14,7,13,27,56,77,106,20
Risci Peulh,137,148,285,10,11,8,8,6,9,66,28,5,4,6,11,16,34,52,11
Somlawa,249,255,504,17,17,15,24,25,19,100,34,15,15,8,22,27,50,97,19
Tangaye,1 074,1 080,2 154,47,41,56,62,57,72,364,180,59,46,55,82,181,304,430,118
Tongmene,152,158,310,10,6,16,10,10,11,66,34,9,7,14,6,17,25,54,15
Tougue Mossi,1 241,1 321,2 562,99,58,80,104,92,91,485,169,64,41,52,95,178,327,496,131
Tougue Peulh,158,146,304,7,5,6,11,10,11,73,26,10,7,8,6,20,34,51,19
Tougue Yarce,859,949,1 808,27,37,77,77,66,67,411,171,44,43,31,59,125,209,304,60
Touya,1 169,1 208,2 377,60,86,60,76,65,101,502,210,66,41,63,68,165,262,436,116
Yalka,512,614,1 126,42,34,30,64,31,64,266,89,16,32,15,31,59,99,218,36
Yaoua,440,420,860,17,63,88,36,13,28,75,32,3,6,12,63,38,129,186,71
Zougouna,149,152,301,8,5,10,15,9,9,62,18,7,7,1,18,24,47,53,8
,,,,,,,,,,,,,,,,,,,
"""COMMUNE: THIOU** - Rural""",33 465,33 124,66 589,2 215,1 827,2 465,2 625,2 616,2 627,13 168,4 886,1 534,1 454,1 320,2 835,5 553,9 206,10 199,2 059
Arbete,214,240,454,15,13,17,18,17,18,90,33,11,10,9,19,38,63,69,14
Bango,1 274,1 174,2 448,81,67,91,96,96,97,485,180,57,54,48,104,204,337,375,76
Bani*,1 720,1 706,3 426,114,94,127,135,135,135,678,251,79,75,68,145,286,474,524,106
Birgondogo*,725,718,1 443,48,40,54,56,57,57,284,106,33,32,29,61,120,200,221,45
Boukere,604,634,1 238,41,34,46,48,49,49,245,90,29,27,24,53,104,171,190,38
Bouli,361,366,727,25,19,27,28,28,29,145,54,16,15,14,31,61,101,111,23
Bouro,490,495,985,33,27,37,39,38,39,193,73,23,21,20,42,82,136,151,31
Denean,1 226,1 405,2 631,87,72,97,103,103,104,520,192,60,58,52,113,220,366,403,81
Dissa,316,298,614,20,17,23,24,24,24,123,45,14,13,12,26,51,85,94,19
Garkere*,895,886,1 781,59,48,66,71,70,70,351,131,41,39,35,76,149,246,273,56
Gonna*,539,534,1 073,36,29,40,43,42,42,213,78,25,24,21,45,90,148,164,33
Goussirdou,523,415,938,31,26,35,37,37,37,187,69,22,20,19,40,77,128,144,29
Ingare,655,597,1 252,42,34,46,49,49,50,248,92,29,27,25,53,104,173,192,39
Kalo,2 729,2 607,5 336,178,147,197,211,210,210,1 057,392,123,117,105,227,444,736,817,165
Kessombode*,110,109,219,7,6,8,9,8,8,44,16,5,5,4,9,19,30,34,7
Lobere,956,885,1 841,61,50,69,73,73,73,362,135,43,40,37,78,154,254,282,57
Nimbou,1 181,1 140,2 321,77,64,86,92,92,92,457,171,54,50,46,99,194,320,355,72
Nodin,1 730,1 693,3 423,114,94,127,135,134,135,678,251,79,74,68,146,285,473,524,106
Ouagara,561,556,1 117,38,31,41,44,44,44,220,82,26,24,22,48,93,154,171,35
Pella*,633,627,1 260,42,35,46,50,49,50,248,93,29,28,25,54,105,174,193,39
Petenague*,861,856,1 717,57,48,64,68,67,68,339,126,39,37,34,73,143,238,263,53
Ramanepanga,427,448,875,29,24,32,35,35,34,173,64,20,19,17,38,73,121,134,27
Sambabouli,413,424,837,27,23,31,33,33,33,164,62,20,19,17,35,70,116,128,26
Samny*,630,623,1 253,42,35,46,49,49,50,245,92,29,28,25,53,105,174,192,39
Sanga,1 020,1 018,2 038,68,56,75,80,80,81,403,149,46,45,41,87,170,282,312,63
Senokayel*,526,521,1 047,34,29,39,41,41,41,207,76,24,23,21,45,88,145,160,33
Sim,2 336,2 362,4 698,156,129,173,185,184,185,931,345,109,102,93,200,392,650,719,145
Talle,2 354,2 415,4 769,158,131,176,188,187,188,942,350,110,104,95,203,398,661,731,147
Tangari*,815,811,1 626,54,44,60,64,64,64,321,120,37,36,32,70,136,225,249,50
Thimguem*,169,167,336,11,9,12,13,14,13,69,25,7,7,7,14,28,46,51,10
Thiou,5 873,5 801,11 674,390,319,433,461,460,460,2 310,856,267,255,231,498,971,1 614,1 791,358
Yansa*,599,593,1 192,40,33,44,47,47,47,236,87,28,26,24,50,99,165,182,37
,,,,,,,,,,,,,,,,,,,
"""COMMUNE: ZOGORE - Rural""",11 126,12 352,23 478,644,533,764,758,817,866,4 903,2 150,606,507,541,806,1 483,2 504,4 321,1 275
Bôh,837,1 018,1 855,26,51,43,68,62,61,405,205,59,35,41,56,111,176,346,110
Boulounsi,447,482,929,19,29,21,23,30,34,204,86,22,18,24,24,64,93,181,57
Guessoum,274,276,550,14,6,31,15,30,28,108,56,16,9,17,10,34,71,84,21
Koro,170,175,345,7,11,12,9,17,16,70,35,10,5,11,13,21,33,63,12
Lilkana,636,689,1 325,46,28,44,63,52,48,263,108,33,28,31,58,86,169,208,60
Nango Foulce,1 051,1 176,2 227,76,44,60,79,67,74,485,203,63,49,53,77,120,213,432,132
Nango Yarce,1 035,1 196,2 231,57,47,86,62,63,92,454,227,63,49,55,80,148,228,410,110
Ninga,958,1 101,2 059,57,42,55,61,81,79,453,175,62,53,55,61,113,192,376,144
Piga-Songdin,428,420,848,29,30,34,30,34,41,182,67,24,18,21,28,48,92,133,37
Rambouli,121,141,262,5,6,9,4,5,11,59,27,8,10,6,9,24,21,44,14
Rega,1 187,1 268,2 455,79,44,82,92,98,101,549,218,50,42,41,67,138,288,441,125
Teonsgo,381,429,810,34,18,15,26,28,43,173,70,21,13,26,33,56,64,152,38
Torobo,72,69,141,4,0,2,4,4,5,28,9,2,7,4,3,16,17,27,9
Touri,302,292,594,12,22,30,15,24,16,115,48,7,16,21,24,40,79,97,28
Vire-Songdin,471,538,1 009,32,22,37,31,32,37,197,103,29,36,23,25,68,94,189,54
Zogoré,2 756,3 082,5 838,147,133,203,176,190,180,1 158,513,137,119,112,238,396,674,1 138,324
,,,,,,,,,,,,,,,,,,,
PROVINCE: ZONDOMA,112 405,127 613,240 018,7 009,7 214,8 251,8 538,8 712,9 327,48 685,20 486,5 831,5 093,5 213,8 867,17 267,29 769,39 633,10 123
,,,,,,,,,,,,,,,,,,,
"""COMMUNE: BASSI - Rural""",16 288,18 136,34 424,1 249,1 201,1 286,1 426,1 320,1 423,6 774,2 586,734,647,688,1 351,2 626,4 588,5 106,1 419
Bassi,2 757,3 055,5 812,253,189,236,219,224,251,1 145,465,126,96,110,229,461,803,780,225
Guiri-Guiri,857,1 002,1 859,75,41,68,91,81,69,382,148,38,34,34,50,130,257,290,71
Keneko,351,365,716,26,18,28,31,29,29,128,56,15,17,15,28,65,87,107,37
Kera,1 366,1 518,2 884,113,98,98,136,90,134,569,211,58,58,67,152,234,355,417,94
Kera – Doure,2 030,2 310,4 340,165,163,177,203,148,213,860,280,96,71,72,129,338,622,607,196
Lintiba,716,781,1 497,59,48,51,65,52,49,297,112,36,37,32,64,106,216,220,53
Ouettigue,531,510,1 041,38,47,36,37,47,46,192,84,30,23,16,52,79,124,155,35
Pella,831,864,1 695,46,58,54,52,66,50,307,118,37,39,33,97,131,219,309,79
Rondolga,950,1 160,2 110,81,78,84,97,91,79,431,153,43,30,36,62,142,267,341,95
Sandéba,166,207,373,8,11,11,19,8,17,81,31,4,15,11,15,24,51,58,9
Sapela,549,620,1 169,12,55,46,43,50,32,207,88,27,28,23,53,112,169,182,42
Saye,1 681,1 869,3 550,127,113,115,142,126,141,685,293,80,73,74,130,249,446,575,181
Sompela,91,84,175,2,6,10,4,11,5,32,16,3,1,3,7,13,25,26,11
Songodin,547,591,1 138,37,55,35,41,54,55,222,84,15,23,12,50,110,138,169,38
Sorogo,493,530,1 023,31,39,36,57,42,49,205,60,23,12,18,24,90,174,131,32
Taslima,1 128,1 213,2 341,88,91,84,82,99,101,476,176,53,35,72,82,164,309,328,101
Tougouya – Koko,1 052,1 256,2 308,76,81,100,89,86,92,475,184,44,48,55,109,140,285,340,104
Tourgo Silmi Mossi,192,201,393,12,10,17,18,16,11,80,27,6,7,5,18,38,41,71,16
,,,,,,,,,,,,,,,,,,,
"""COMMUNE: BOUSSOU - Rural""",15 227,17 766,32 993,871,870,1 121,1 117,1 282,1 359,7 489,2 968,929,767,662,1 049,1 944,3 745,5 460,1 360
Bangasse,1 836,2 170,4 006,114,81,142,128,146,139,876,402,121,116,83,121,223,438,691,185
Baoudoumboin,505,626,1 131,33,24,40,42,58,39,286,119,33,19,9,34,58,125,172,40
Boussou,1 893,2 063,3 956,91,101,103,123,123,133,794,361,130,122,107,180,309,450,669,160
Darba,378,467,845,31,30,26,26,32,39,175,89,23,12,13,30,53,95,135,36
Garou,443,514,957,25,40,44,31,53,34,228,70,19,20,15,33,65,112,145,23
Kirikodogo,1 060,1 169,2 229,47,63,71,83,73,103,492,182,56,52,52,80,137,301,358,79
Kiripalogo,750,884,1 634,42,44,49,53,53,76,387,188,46,47,47,45,70,150,257,80
Kolkom,217,281,498,6,10,13,17,20,14,109,56,13,18,13,17,41,57,73,21
Kourbo,1 466,1 737,3 203,83,63,122,115,132,137,739,285,93,71,71,83,167,320,576,146
Nogolado,235,248,483,10,9,16,20,23,20,113,38,19,8,20,10,32,58,75,12
Ouembairi,722,877,1 599,43,36,39,50,65,60,360,149,44,47,34,60,86,182,275,69
Palle,955,1 176,2 131,37,56,93,84,98,117,545,180,38,35,23,51,101,277,305,91
Posso,1 252,1 479,2 731,88,88,92,105,105,113,636,216,81,57,39,80,137,308,460,126
Tamounouma,1 711,1 976,3 687,78,114,116,109,140,156,833,317,112,67,72,117,220,432,653,151
Tangaye,223,305,528,14,14,18,12,28,19,136,52,11,11,16,12,25,56,85,19
Toubyengo,1 581,1 794,3 375,129,97,137,119,133,160,780,264,90,65,48,96,220,384,531,122
,,,,,,,,,,,,,,,,,,,
"""COMMUNE: GOURCY""",54 806,62 955,117 761,3 324,3 292,3 750,4 008,3 950,4 382,23 665,10 376,2 959,2 573,2 684,4 322,8 725,14 313,20 148,5 290
,,,,,,,,,,,,,,,,,,,
"""COMMUNE: GOURCY - Rural""",36 041,41 579,77 620,2 199,2 239,2 543,2 810,2 781,3 076,16 318,6 775,1 890,1 564,1 639,2 524,5 234,9 050,13 384,3 594
Baszaido,456,482,938,31,27,31,43,31,40,206,92,13,6,30,17,52,128,139,52
Beuguemdre,434,475,909,28,35,31,34,31,32,207,87,14,23,13,32,44,113,160,25
Bogo,286,292,578,22,22,25,22,15,21,101,58,7,13,15,19,55,72,96,15
Bougounam,2 097,2 503,4 600,145,124,122,141,122,146,859,422,101,113,97,185,401,580,836,206
Danaoua,1 443,1 654,3 097,130,168,123,135,91,86,578,245,83,65,60,114,244,373,483,119
Doure,777,841,1 618,34,47,51,65,57,60,349,123,42,33,43,58,118,215,267,56
Fourma,387,390,777,24,21,29,37,25,34,146,63,22,11,17,28,51,99,134,36
Kanda-kanda,383,501,884,9,23,16,20,21,21,147,43,17,20,12,23,44,170,250,48
Kasseba-Mossi,183,235,418,8,6,15,13,12,14,110,41,15,4,12,12,13,37,76,30
Kasseba-Samo,1 381,1 856,3 237,67,68,117,140,125,145,742,308,74,66,71,70,160,284,625,175
Kibilo,2 185,2 285,4 470,68,170,188,192,180,201,918,340,64,75,61,165,380,607,658,203
Koeneba,327,427,754,27,23,18,29,22,34,157,57,13,11,20,30,70,90,125,28
Kogola,992,1 181,2 173,67,40,67,80,88,95,527,196,69,42,45,70,118,213,354,102
Kolkom,818,898,1 716,74,55,62,62,73,76,343,118,32,28,35,76,115,259,253,55
Kontigue,1 941,2 301,4 242,108,111,111,149,134,174,910,359,109,114,105,162,322,421,730,223
Kontigue-Silmimossi,807,910,1 717,57,21,72,94,75,73,347,131,42,16,31,43,127,239,292,57
Kouba,710,929,1 639,36,33,28,58,75,76,382,168,53,29,40,42,80,160,285,94
Koudombo,1 071,1 227,2 298,59,74,60,71,84,91,471,216,65,58,51,79,142,273,409,95
Koundouba,1 710,1 930,3 640,126,83,125,141,135,137,760,303,82,88,80,122,232,394,627,205
Lago (Yirtaoré),1 625,1 845,3 470,64,101,113,109,122,127,748,348,114,77,73,99,177,361,646,191
Leleguere,423,540,963,32,24,40,33,34,26,234,114,25,11,19,28,43,86,168,46
Lonce,259,280,539,17,23,11,21,15,18,109,30,14,9,8,22,52,87,92,11
Mako,1 272,1 277,2 549,88,80,87,98,90,115,530,217,50,56,51,87,188,333,393,86
Minima,1 037,1 088,2 125,72,66,71,72,79,100,424,154,41,42,37,96,180,244,361,86
Moundian,906,1 112,2 018,54,46,64,72,61,83,434,222,70,34,48,38,125,241,340,86
Niessega,3 431,4 149,7 580,210,201,217,253,293,295,1 589,720,204,173,167,265,483,790,1 349,371
Pouima,347,381,728,27,20,27,28,35,29,148,67,12,11,11,20,58,84,120,31
Ramba,200,226,426,11,17,17,16,12,14,79,34,9,10,11,20,37,45,75,19
Rassogoma,707,809,1 516,53,39,45,46,46,51,308,142,35,39,39,44,112,194,252,71
Rengueba,603,791,1 394,41,36,49,48,64,60,332,150,26,40,28,26,68,142,227,57
Rom,278,319,597,17,11,26,13,24,17,129,44,18,11,13,17,44,72,115,26
Rombagare,514,534,1 048,28,37,38,34,49,56,219,80,27,16,22,31,47,145,169,50
Sologomnore,333,383,716,25,23,28,27,25,22,156,53,25,14,14,20,45,85,118,36
Tangaye,1 848,2 009,3 857,91,117,141,119,132,142,845,313,86,59,64,121,275,462,665,225
Tarba,1 422,1 889,3 311,97,108,116,113,129,167,683,268,64,53,64,93,211,390,606,149
Tomba,502,524,1 026,29,17,20,33,38,41,227,104,34,19,18,23,71,111,198,43
Touba,341,351,692,23,25,28,35,25,30,156,53,20,10,14,22,41,74,107,29
Yirtaoré,641,752,1 393,29,36,47,52,43,59,296,129,44,30,36,50,79,159,238,66
Zankolga,452,466,918,35,27,34,29,39,28,192,71,16,18,27,20,64,112,159,47
Zindiguesse,512,537,1 049,36,34,33,33,30,40,220,92,39,17,37,35,66,106,187,44
,,,,,,,,,,,,,,,,,,,
"""COMMUNE: GOURCY  - Urbain""",18 765,21 376,40 141,1 125,1 053,1 207,1 198,1 169,1 306,7 347,3 601,1 069,1 009,1 045,1 798,3 491,5 263,6 764,1 696
Secteur 1,2 051,2 337,4 388,107,101,122,116,124,163,840,419,120,101,121,199,403,516,732,204
Secteur 2,4 661,5 162,9 823,287,239,278,295,288,312,1 784,908,262,229,267,428,861,1 253,1 677,455
Secteur 3,5 805,6 682,12 487,396,340,403,391,364,395,2 178,1 099,323,356,327,606,1 113,1 767,2 013,416
Secteur 4,4 146,4 640,8 786,202,253,265,253,279,287,1 683,746,216,213,213,374,744,1 107,1 552,399
Secteur 5,2 102,2 555,4 657,133,120,139,143,114,149,862,429,148,110,117,191,370,620,790,222
,,,,,,,,,,,,,,,,,,,
"""COMMUNE: LEBA  - Rural""",6 380,7 182,13 562,373,447,456,428,471,556,2 747,1 206,346,313,324,507,876,1 547,2 398,567
Bouloulou,1 389,1 416,2 805,59,151,108,85,99,124,577,245,74,44,53,84,177,330,494,101
Bouri,347,395,742,29,21,25,30,29,35,134,64,13,17,17,31,51,99,120,27
Guessere,583,696,1 279,27,42,44,35,49,49,289,118,27,32,26,40,59,153,227,62
Léba,1 157,1 362,2 519,84,86,78,75,90,80,474,217,66,67,61,121,202,275,442,101
Marmissiga,170,188,358,6,8,10,14,11,10,70,40,4,7,9,17,25,45,69,13
Masbore,965,1 078,2 043,54,39,75,69,74,102,401,167,48,57,67,63,126,229,379,93
Ragueguema,219,312,531,20,20,19,24,15,22,114,39,9,8,14,14,29,77,83,24
Robonde,309,378,687,20,15,23,24,26,24,165,61,24,11,13,21,34,71,121,34
Ronsin,191,227,418,21,10,10,14,17,18,94,32,12,12,5,16,21,44,74,18
Sanh,1 050,1 130,2 180,53,55,64,58,61,92,429,223,69,58,59,100,152,224,389,94
,,,,,,,,,,,,,,,,,,,
"""COMMUNE: TOUGO  - Rural""",19 704,21 574,41 278,1 192,1 404,1 638,1 559,1 689,1 607,8 010,3 350,863,793,855,1 638,3 096,5 576,6 521,1 487
Bangassomba,687,789,1 476,41,71,69,50,66,54,327,116,30,32,30,64,82,166,225,53
Bascorma,1 719,1 869,3 588,161,107,151,174,147,147,698,285,67,74,72,113,337,441,511,103
Beda,232,252,484,12,18,19,13,17,25,97,40,5,13,9,17,34,74,74,17
Danaoua,572,628,1 200,22,21,65,48,39,54,264,118,28,24,28,41,93,139,184,32
Kalce,269,273,542,14,22,25,14,15,13,107,60,18,9,14,18,47,71,72,23
Keleguem,1 151,1 368,2 519,71,86,114,104,234,43,408,221,53,50,62,76,181,274,449,93
Kindibo,1 631,1 922,3 553,89,119,127,129,147,129,703,272,71,62,55,139,254,489,595,173
Lebenga,545,555,1 100,38,43,41,46,44,50,196,104,32,15,28,37,78,132,179,37
Mangoulma,280,296,576,15,26,13,23,17,17,100,42,11,16,15,19,56,99,90,17
Niebscebanco,78,77,155,4,6,5,1,9,3,30,15,3,3,7,8,10,15,28,8
Noungou,499,565,1 064,37,32,44,54,25,50,210,92,25,37,26,35,72,136,148,41
Ramesse,401,419,820,26,31,30,29,33,33,173,71,12,7,16,20,51,121,135,32
Raoumde,334,402,736,28,27,23,30,38,21,166,60,7,13,6,13,56,100,111,37
Rasko,522,602,1 124,34,30,40,35,36,44,207,85,37,22,32,40,91,165,190,36
Rassomde,977,1 055,2 032,39,42,67,74,64,64,396,175,48,42,45,92,146,317,339,82
Ridimbo,2 108,2 249,4 357,64,149,194,134,150,200,802,370,96,92,95,160,336,673,710,132
Rikiba,1 722,1 713,3 435,116,119,141,138,127,159,699,278,97,63,83,135,235,410,518,117
Roba,1 564,1 688,3 252,84,125,122,124,156,125,638,239,67,58,52,116,264,441,525,116
Tampouya,323,334,657,20,12,29,15,20,34,155,60,12,17,13,18,46,85,100,21
Toemigou,217,264,481,13,23,15,9,23,16,106,38,8,12,7,25,37,75,63,11
Tougo,2 044,2 207,4 251,163,122,139,142,137,131,742,303,75,75,84,267,283,643,745,200
Zire,738,839,1 577,10,79,68,75,57,79,322,145,30,28,43,53,136,205,191,56
Zondoma,1 091,1 208,2 299,91,94,97,98,88,116,464,161,31,29,33,132,171,305,339,50
,,,,,,,,,,,,,,,,,,,
REGION: PLATEAU CENTRAL,458 587,520 027,978 614,29 192,28 047,33 806,33 023,33 743,34 648,186 281,79 815,24 884,20 020,20 358,35 553,71 133,130 916,171 814,45 381
,,,,,,,,,,,,,,,,,,,
PROVINCE: GANZOURGOU,224 894,257 869,482 763,15 883,15 277,18 362,18 037,18 137,18 527,92 699,37 098,11 689,8 880,9 502,16 809,36 106,67 586,77 219,20 952
,,,,,,,,,,,,,,,,,,,
"""COMMUNE: BOUDRY  - Rural""",58 272,64 859,123 131,3 856,3 886,4 974,4 807,4 697,4 836,23 154,9 161,3 022,2 161,2 491,4 427,9 638,18 102,18 757,5 162
Bagzan,395,465,860,34,33,41,32,40,39,168,73,17,10,15,22,59,101,133,43
Bingré,530,630,1 160,44,48,42,38,37,42,219,74,18,18,20,53,87,170,196,54
Boalma,361,386,747,31,23,33,27,47,28,152,38,23,12,7,28,54,103,105,36
Boéna,4 341,4 775,9 116,202,272,398,347,323,328,1 640,618,239,171,170,408,824,1 529,1 336,311
Boudry,798,993,1 791,42,37,55,62,47,50,299,162,41,50,35,76,145,254,333,103
Boudry-Peulh,72,80,152,2,4,7,7,3,6,32,13,3,2,3,6,6,29,23,6
Bourma,1 569,1 746,3 315,61,78,131,138,111,148,647,243,85,65,64,132,270,529,523,90
Dikomtinga,222,264,486,14,9,22,18,13,17,97,39,17,11,12,16,32,59,81,29
Douré,210,255,465,9,7,17,16,9,16,95,35,7,12,12,20,44,47,86,33
Foulgo,304,347,651,14,22,32,20,34,28,115,53,18,15,17,21,54,80,93,35
Gondré,651,791,1 442,43,60,56,55,55,72,283,120,34,29,30,44,98,194,218,51
Gouingo,519,603,1 122,31,48,40,42,67,50,208,70,25,14,22,31,97,155,179,43
Gounghin,864,999,1 863,77,63,60,66,89,59,358,139,41,25,36,55,100,288,306,101
Guirga,189,218,407,15,14,14,21,24,18,89,29,8,4,6,8,28,62,52,15
Ibogo,323,380,703,31,11,26,33,19,45,134,47,22,10,13,26,55,110,102,19
Koankin,1 076,1 301,2 377,79,31,112,85,86,88,405,183,73,35,44,86,189,337,412,132
Kolonkomé,177,199,376,20,9,11,18,9,19,59,34,8,7,7,12,32,44,68,19
Kostenga,360,353,713,27,23,30,26,24,18,139,63,15,17,14,32,48,97,99,41
Lelkom,860,1 076,1 936,73,31,84,67,64,69,383,162,40,35,34,66,116,252,340,120
Liguidmalguéma,483,552,1 035,37,24,45,33,38,43,179,92,23,18,27,40,70,138,182,46
Limsèga,1 690,1 830,3 520,104,152,137,150,130,148,685,247,78,46,71,136,322,509,473,132
Malguessomdé,188,246,434,24,21,14,9,11,14,71,36,11,4,12,22,33,64,62,26
Manéssé,732,731,1 463,54,39,52,39,57,53,279,119,33,28,34,48,127,208,220,73
Mankarga Traditionnel,535,548,1 083,31,36,50,39,28,52,202,76,28,34,22,49,92,114,182,48
Mankarga V01,574,733,1 307,53,48,42,61,52,57,299,109,25,18,18,35,71,169,194,56
Mankarga V03,1 379,1 428,2 807,6,152,100,96,98,111,508,187,85,57,51,113,265,478,403,97
Mankarga V04,1 013,1 071,2 084,25,38,85,69,71,86,391,191,78,41,53,68,167,323,297,101
Mankarga V05,1 616,1 865,3 481,167,77,173,153,140,158,697,271,92,63,57,110,236,548,440,99
Mankarga V06,1 456,1 699,3 155,62,129,106,126,106,121,590,264,69,53,75,117,238,515,464,120
Mankarga V07,1 258,1 236,2 494,59,44,93,104,86,98,486,215,72,57,71,118,213,340,384,54
Mankarga V08,1 398,1 580,2 978,120,97,136,105,126,103,598,211,72,48,59,82,226,433,458,104
Mankarga V09,502,568,1 070,32,27,62,30,62,38,228,82,28,13,24,44,75,156,128,41
Mankarga V10,1 113,1 222,2 335,74,79,109,95,92,99,482,162,73,41,35,76,187,325,347,59
Mankarga V11,902,1 029,1 931,67,77,69,72,88,87,375,134,50,29,59,62,150,284,279,49
Nabasnonghin,525,573,1 098,37,30,50,35,37,40,211,82,38,22,21,27,73,155,183,57
Nabinkinsma,375,363,738,15,13,32,27,27,24,112,43,30,11,15,21,72,107,139,50
Nabiraogtenga,242,295,537,14,30,21,17,15,21,99,36,12,5,13,23,49,78,76,28
Nadioutenga,277,301,578,0,12,17,19,18,32,120,57,15,10,9,25,50,93,89,12
Namalguéma,331,355,686,24,32,23,31,16,28,117,47,10,10,8,33,64,117,99,27
Nanom,497,583,1 080,44,34,33,39,41,33,197,76,20,16,20,29,84,174,175,65
Nédogo,1 974,1 855,3 829,116,105,126,132,111,131,619,268,122,71,90,156,356,605,624,197
Nédogo-Peulh,95,115,210,1,7,15,6,8,10,35,21,2,2,6,10,19,29,30,9
Ouaongtenga,365,391,756,20,18,27,34,26,22,153,49,24,11,15,47,54,88,126,42
Ouayalgui V01,1 071,1 281,2 352,51,63,100,116,81,112,454,156,45,34,48,58,191,386,357,100
Ouayalgui V02,2 613,2 778,5 391,195,197,198,185,204,185,984,452,131,113,137,225,464,728,818,175
Ouayalgui V03,923,1 194,2 117,99,71,103,107,119,62,401,138,38,34,39,48,142,267,338,111
Ouayalgui V04,1 381,1 605,2 986,142,112,107,136,115,107,551,239,58,41,48,115,235,419,450,111
Ouayalgui V05,1 343,1 478,2 821,112,105,111,139,109,135,502,234,98,46,63,96,214,385,382,90
Ouayalgui V06,771,838,1 609,61,48,62,59,68,66,309,125,44,36,34,68,120,209,253,47
Ouayalgui V07,270,276,546,20,21,11,26,22,19,114,45,12,10,11,19,28,70,93,25
Ouayalgui V08,835,958,1 793,90,64,65,72,93,74,364,120,39,29,32,56,119,258,258,60
Ouayalgui V09,370,378,748,7,30,32,31,34,33,141,70,25,9,18,18,49,105,124,22
Ouayalgui V10,245,342,587,24,22,25,31,33,21,127,48,8,7,9,13,35,85,85,14
Ouayalgui V11,585,697,1 282,45,53,60,67,44,43,274,90,12,17,14,52,106,211,145,49
Payamtenga,223,262,485,20,6,21,18,21,21,94,34,16,9,13,23,52,49,76,12
Pittyn,711,754,1 465,45,42,46,65,52,54,275,111,33,32,22,55,94,188,264,87
Poédogo,444,504,948,37,34,25,40,37,33,183,61,17,16,14,38,92,131,133,57
Pousghin,976,1 004,1 980,69,67,70,88,76,68,320,144,43,31,43,54,185,323,302,97
Roppané,361,427,788,32,37,28,31,38,30,162,53,12,11,15,25,55,108,107,44
Sambrado,290,293,583,23,11,46,13,21,33,92,35,11,15,14,35,45,82,81,26
Sanda,667,834,1 501,21,78,62,54,72,54,301,107,37,22,42,57,113,236,186,59
Sankuissi,1 347,1 476,2 823,101,66,140,116,115,156,531,199,68,28,40,74,145,419,461,164
Silmiougou,220,255,475,21,5,21,18,19,16,80,32,15,10,9,22,43,64,87,13
Songdin,246,301,547,13,13,20,19,21,34,121,34,13,8,16,11,33,68,101,22
Tallé,656,671,1 327,51,35,43,58,52,52,263,90,24,27,24,57,105,192,202,52
Tamissi,270,292,562,7,26,23,28,20,24,118,42,20,11,16,26,42,77,70,12
Tanama V1,400,417,817,21,32,37,36,38,36,169,58,18,7,28,21,66,116,110,24
Tanama V2,380,430,810,11,23,45,28,32,34,146,63,19,25,28,34,65,134,103,20
Tanama V3,184,214,398,18,15,24,17,21,13,72,13,5,4,7,18,41,56,61,13
Tanama V4,92,102,194,10,4,7,5,3,9,36,12,4,3,5,8,30,30,23,5
Tanghin,694,744,1 438,51,33,64,60,59,60,268,120,32,23,35,43,118,213,216,43
Tankoala,72,88,160,5,5,3,8,7,4,37,13,5,1,2,4,11,17,29,9
Tanlouka,735,840,1 575,38,59,61,55,70,55,335,149,34,25,27,38,82,215,253,79
Tansèga,373,349,722,14,15,26,22,23,18,136,53,18,17,19,27,73,100,124,37
Tanwaka,856,988,1 844,73,53,78,59,76,67,341,147,33,37,27,45,122,267,287,132
Taonsgo,347,304,651,22,19,27,22,5,26,117,45,12,17,6,31,72,76,114,40
Tenkotenga,426,531,957,21,21,28,43,23,34,167,80,23,14,26,30,82,149,148,68
Tinsalgo,230,262,492,15,15,16,21,18,16,95,33,9,8,8,23,48,71,72,24
Toyogdo,469,499,968,13,32,50,24,46,44,187,73,25,20,17,42,68,147,147,33
Yaïka,1 087,1 129,2 216,92,70,105,73,72,64,382,162,52,38,36,66,136,349,383,136
Yinsinbingma,417,488,905,35,42,41,73,31,43,135,45,12,15,13,18,72,166,133,31
Zanrsin,271,311,582,20,17,22,17,21,23,112,32,23,11,15,22,39,72,105,31
Zoangpighin,682,791,1 473,63,41,63,55,61,62,265,81,31,39,21,49,100,223,230,89
Zormogdo,398,444,842,13,40,30,33,40,47,138,53,24,11,24,30,75,151,107,26
,,,,,,,,,,,,,,,,,,,
"""COMMUNE: KOGHO  - Rural""",10 281,13 154,23 435,710,713,946,932,924,1 030,4 909,1 921,641,391,465,746,1 410,2 901,3 783,1 013
Bassemkoukouri,504,686,1 190,39,26,49,43,55,60,276,100,37,28,27,21,51,129,197,52
Bendogo,650,833,1 483,47,37,63,69,65,54,338,116,39,27,19,38,83,167,254,67
Bissighin,779,918,1 697,58,75,73,78,75,79,338,118,31,26,40,55,118,238,242,53
Kogho,2 526,3 259,5 785,195,167,195,217,207,268,1 167,466,164,98,111,230,351,691,954,304
Kogho-Peulh,37,40,77,2,3,2,3,3,2,12,8,2,1,3,4,2,19,7,4
Linonghin,291,327,618,22,22,33,25,20,17,142,59,17,13,6,15,20,79,100,28
Rimalga,127,113,240,6,10,11,7,10,6,52,25,5,9,1,8,14,27,43,6
Ronsin,217,266,483,10,19,15,25,24,24,101,42,16,10,5,10,25,54,83,20
Santi,508,622,1 130,3,59,40,38,46,41,241,86,30,20,28,32,100,158,149,59
Tangandogo,361,517,878,35,15,46,39,34,44,189,67,23,13,22,22,44,102,149,34
Tanghin 1,1 145,1 477,2 622,60,74,105,114,115,110,565,187,73,44,53,76,183,320,433,110
Tanghin 2,348,474,822,30,23,40,30,27,39,172,93,26,7,15,25,31,89,146,29
Tanlallé,488,598,1 086,36,33,49,37,49,58,217,100,29,15,26,37,65,125,157,53
Tensobtenga,930,1 192,2 122,71,57,82,87,84,106,448,175,52,29,48,54,117,279,344,89
Tollingui,895,1 319,2 214,63,52,102,84,78,89,450,187,62,34,41,72,134,313,370,83
Zorgo,475,513,988,33,41,41,36,32,33,201,92,35,17,20,47,72,111,155,22
,,,,,,,,,,,,,,,,,,,
"""COMMUNE: MEGUET  - Rural""",22 999,27 259,50 258,1 736,1 695,1 801,1 775,1 807,1 896,9 692,4 033,1 209,952,966,1 704,3 361,6 507,8 482,2 642
Baghin,692,777,1 469,53,41,44,46,39,54,277,104,36,31,22,63,109,197,257,96
Bollé,831,897,1 728,56,55,72,70,65,70,361,142,36,27,30,44,107,225,292,76
Boulwando,1 262,1 496,2 758,95,103,102,111,101,148,526,212,50,41,47,75,163,348,501,135
Dazanré,418,564,982,36,38,37,36,32,37,178,81,22,17,17,31,52,119,165,84
Kabouda,775,1 063,1 838,51,47,68,69,74,59,306,124,41,41,23,70,124,238,346,157
Kakim,307,352,659,21,22,41,22,33,26,125,50,17,11,26,11,44,83,106,21
Kanré,1 052,1 234,2 286,79,64,55,82,84,81,444,192,52,59,51,79,151,314,391,108
Kougdoughin,643,834,1 477,46,47,75,55,57,75,296,112,33,24,43,42,81,196,234,61
Koulweogo,1 026,1 201,2 227,70,63,84,58,72,82,417,193,58,44,42,77,143,268,425,131
Lalmogo,320,402,722,24,19,31,27,23,21,167,67,27,13,12,20,34,71,132,34
Méguet,5 154,6 081,11 235,353,412,369,356,391,370,2 154,912,262,246,228,466,803,1 541,1 818,554
Nahoubé,824,915,1 739,74,58,68,62,56,59,322,148,59,40,37,52,128,213,285,78
Ouavoussé,594,772,1 366,49,45,42,44,67,49,228,125,27,17,28,37,88,142,270,108
Pimalga,611,650,1 261,44,49,53,48,38,55,227,97,42,23,26,55,83,164,207,50
Pinré,840,1 064,1 904,71,75,64,68,66,89,351,151,42,36,30,54,124,222,324,137
Tamasgo,1 205,1 402,2 607,87,106,110,86,115,89,476,194,71,52,37,96,202,329,439,118
Tanghin,1 882,2 320,4 202,148,99,138,133,123,165,837,357,127,72,77,133,273,513,724,283
Tibin,1 284,1 432,2 716,90,90,85,83,102,92,578,236,49,50,42,85,154,353,482,145
Vagma,752,876,1 628,74,58,62,77,54,64,319,126,43,21,32,55,110,222,250,61
Yama,236,302,538,22,13,19,26,17,28,100,35,18,11,12,10,32,84,87,24
Zemalga,1 889,2 123,4 012,157,150,146,172,156,153,812,316,78,59,89,128,288,555,610,143
Zinko,402,502,904,36,41,36,44,42,30,191,59,19,17,15,21,68,110,137,38
,,,,,,,,,,,,,,,,,,,
"""COMMUNE: MOGTEDO  - Rural""",34 833,38 411,73 244,2 522,2 244,2 737,2 852,2 712,2 831,13 957,5 428,1 712,1 353,1 428,2 740,5 931,11 153,11 164,2 480
Bomboré V1,954,1 060,2 014,70,72,83,80,79,91,413,150,45,37,33,81,144,310,281,45
Bomboré V2,796,971,1 767,68,61,104,55,68,73,349,144,27,28,39,44,123,259,272,53
Bomboré V3,1 622,1 782,3 404,120,92,147,151,120,156,645,261,89,62,75,123,295,486,490,92
Bomboré V4,354,361,715,39,23,23,30,31,34,150,32,15,12,15,26,52,111,104,18
Bomboré V5,1 189,1 313,2 502,69,75,95,91,105,80,472,189,52,46,55,82,202,397,410,82
Bomboré V6,616,695,1 311,65,43,51,45,50,44,276,81,33,21,34,55,122,176,190,25
Bomboré V7,832,955,1 787,26,78,82,54,80,81,386,113,34,27,37,52,132,287,269,49
Gadghin,1 278,1 332,2 610,78,55,96,115,105,113,498,191,62,47,76,111,225,373,390,75
Mogtédo,12 139,13 560,25 699,876,754,815,910,846,906,4 627,1 910,690,506,531,1 052,2 213,4 102,3 988,973
Mogtédo V1,379,396,775,33,31,42,32,31,43,144,49,11,11,15,19,48,141,90,35
Mogtédo V2,972,972,1 944,83,47,80,83,76,80,418,152,48,45,25,48,152,270,275,62
Mogtédo V3,938,1 014,1 952,72,57,75,76,76,77,407,155,41,28,54,56,147,276,294,61
Mogtédo V4,744,833,1 577,42,42,67,104,72,61,328,134,21,20,20,42,131,224,227,42
Mogtédo V5,659,685,1 344,32,54,55,54,50,48,273,116,27,30,20,56,87,192,211,39
Mogtédo V6,510,524,1 034,29,46,39,60,40,32,257,64,6,9,6,27,62,129,193,35
Nobsin,1 460,1 529,2 989,81,87,115,136,92,104,543,205,57,62,52,126,304,447,480,98
Rapadama V1,1 596,1 677,3 273,65,105,138,123,144,134,631,265,77,78,64,117,259,499,465,109
Rapadama V2,859,838,1 697,80,59,80,72,78,76,315,106,42,30,26,53,125,258,233,64
Rapadama V3,507,500,1 007,36,35,37,29,34,44,187,80,29,19,13,40,77,157,160,30
Rapadama V4,1 987,2 180,4 167,159,114,154,175,140,157,751,310,107,82,78,140,324,662,676,138
Rapadama V5,850,990,1 840,86,55,75,72,80,74,362,132,34,25,23,66,124,271,291,70
Rapadama V7,1 346,1 549,2 895,107,108,113,122,123,128,570,196,59,48,58,148,235,416,385,79
Rapadama V8,570,710,1 280,62,51,40,45,55,61,271,106,26,14,19,24,74,158,232,42
Rapadama V9,716,834,1 550,74,53,45,74,75,68,298,118,30,28,21,54,99,213,235,65
Toéssin,960,1 151,2 111,70,47,86,64,62,66,386,169,50,38,39,98,175,339,323,99
,,,,,,,,,,,,,,,,,,,
"""COMMUNE: SALOGO  - Rural""",13 757,16 935,30 692,1 098,1 039,1 221,1 305,1 223,1 298,6 158,2 134,675,536,517,901,2 087,4 180,4 941,1 379
Boilghin,670,949,1 619,66,70,73,96,72,58,295,97,20,29,25,40,72,246,255,105
Filiba,1 167,1 427,2 594,131,65,83,103,102,122,538,178,49,53,47,81,176,352,402,112
Foulgo,391,462,853,28,27,19,48,34,41,170,37,15,17,17,27,55,135,154,29
Gnégnéogo,1 148,1 520,2 668,70,78,110,130,117,127,601,190,56,40,41,64,153,351,450,90
Koumséogo,2 064,2 364,4 428,130,184,169,175,180,170,855,326,106,86,79,141,339,629,677,182
Nonghin,910,1 174,2 084,71,95,80,100,83,96,485,134,46,21,27,35,124,255,332,100
Salogo,2 651,3 048,5 699,177,166,252,218,185,230,1 036,430,136,104,94,203,476,824,924,244
Sambtenga,574,629,1 203,43,40,38,50,46,46,238,84,29,26,15,42,93,158,201,54
Sankango,779,968,1 747,85,54,77,54,86,79,347,108,46,31,24,55,128,236,259,78
Tandaga,415,532,947,37,28,40,34,44,36,198,86,18,19,14,23,52,109,167,42
Tansablogo,266,347,613,20,25,20,26,18,30,120,45,18,12,16,19,44,81,92,27
Yamegtenga,489,723,1 212,51,47,56,59,50,39,260,75,36,15,15,24,65,143,213,64
Zamsé,842,1 059,1 901,58,76,67,77,83,86,385,154,44,28,44,49,114,242,301,93
Zoétgomdé,125,123,248,6,9,10,7,11,18,48,12,5,9,4,7,7,34,49,12
Zomnogo,1 266,1 610,2 876,125,75,127,128,112,120,582,178,51,46,55,91,189,385,465,147
,,,,,,,,,,,,,,,,,,,
"""COMMUNE: ZAM  - Rural""",29 165,33 360,62 525,2 071,2 006,2 458,2 434,2 510,2 517,12 460,4 753,1 502,1 120,1 207,2 035,4 401,8 730,9 758,2 563
Amdalaye,276,285,561,15,19,16,27,23,25,115,46,16,6,17,12,48,70,86,20
Boulgou,481,532,1 013,32,43,38,46,39,45,215,70,29,20,21,30,63,137,146,39
Damigoghin,657,807,1 464,59,52,51,52,74,55,300,111,31,27,31,40,100,169,233,79
Damongto,598,756,1 354,53,67,48,69,49,51,289,90,24,22,24,36,83,176,213,60
Dassimpouigo,818,920,1 738,58,50,54,72,75,64,341,130,40,31,53,63,121,267,246,73
Dawaka,1 927,2 257,4 184,158,120,206,187,188,187,864,340,104,58,61,122,274,560,587,168
Gandeongo,1 084,1 334,2 418,91,80,117,94,98,101,486,162,35,26,45,92,193,303,381,114
Ipala,431,539,970,34,26,34,30,29,37,180,71,26,16,17,28,56,118,194,74
Kieglesse,430,498,928,35,22,40,35,36,31,194,84,21,26,15,24,60,110,145,50
Komgnesse,651,768,1 419,30,43,62,59,43,43,266,116,31,28,21,62,107,209,240,59
Koratinga,1 316,1 711,3 027,79,82,148,138,132,132,619,225,59,41,43,97,165,474,474,119
Koratinga peulh,178,190,368,10,14,12,10,16,15,85,22,9,4,7,16,25,56,57,10
Kougri,3 672,4 031,7 703,267,228,330,271,356,302,1 423,574,183,147,150,310,626,1 133,1 139,264
Kroumweogo,1 068,1 350,2 418,102,97,93,92,105,114,489,171,54,50,45,50,149,348,382,77
Lallé,1 097,1 185,2 282,87,79,90,77,89,93,452,162,68,39,45,77,150,308,370,96
Nabmalgma,296,313,609,12,17,16,13,14,17,95,57,17,17,11,24,49,78,132,40
Nahoutinga,837,935,1 772,61,62,64,74,84,72,345,116,42,27,32,58,123,255,300,57
Nangbangdré,397,516,913,12,38,54,52,39,40,185,47,19,9,15,28,60,128,161,26
Pissi,382,430,812,28,35,28,40,26,41,142,70,21,16,16,13,50,105,137,44
Pousghin,718,757,1 475,42,48,48,51,46,57,300,105,27,37,31,47,106,244,221,65
Rapadama,1 240,1 332,2 572,77,79,78,86,88,86,533,205,83,46,51,101,176,339,431,113
Rapadama peulh,197,175,372,5,18,15,14,19,9,77,28,5,8,12,14,26,41,72,9
Sambtinga,384,405,789,26,31,24,35,38,36,171,54,25,10,8,27,46,106,119,33
Song-naaba,613,680,1 293,49,28,45,48,45,46,253,111,27,32,39,42,78,142,237,71
Talembika,990,1 135,2 125,65,77,84,74,76,81,404,182,42,35,40,61,193,335,305,71
Toghin,809,908,1 717,62,48,72,76,74,84,363,115,58,23,32,44,148,243,225,50
Toyoko,1 012,1 168,2 180,91,64,70,101,90,80,458,180,42,40,36,57,135,296,351,89
Waltinga,633,719,1 352,40,41,70,43,62,63,274,91,34,23,30,48,103,209,170,51
Wayen Rapadama,1 221,1 268,2 489,71,75,96,70,113,85,513,201,71,49,54,72,157,344,403,115
Wayen-Zam,440,472,912,13,11,33,22,19,39,137,75,19,15,17,33,116,157,158,48
Weotinga,549,669,1 218,33,46,48,45,44,50,221,80,29,14,31,53,96,186,197,45
Yagma,542,651,1 193,27,44,43,49,38,58,246,98,32,15,34,42,75,154,203,35
Yarghin,346,385,731,29,29,27,25,31,40,150,57,12,9,11,16,48,100,113,34
Yorgho,1 229,1 463,2 692,108,78,99,122,105,127,569,207,73,63,47,66,162,335,412,119
Zam,1 646,1 816,3 462,110,115,105,135,107,111,706,300,94,91,65,130,234,495,518,146
,,,,,,,,,,,,,,,,,,,
"""COMMUNE: ZORGHO """,35 413,41 018,76 431,2 366,2 276,2 538,2 352,2 569,2 526,13 904,6 221,1 933,1 656,1 616,2 934,6 217,10 469,13 201,3 653
,,,,,,,,,,,,,,,,,,,
"""COMMUNE: ZORGHO  - Rural""",18 828,22 205,41 033,1 336,1 293,1 452,1 325,1 467,1 487,8 055,3 360,961,852,772,1 304,2 776,5 191,7 181,2 221
Bangbily,325,343,668,9,26,22,21,29,30,144,61,9,14,13,27,36,67,120,40
Bissiga,726,946,1 672,52,54,52,45,75,61,321,139,30,37,26,49,108,200,328,95
Bokin-Koudgo,152,213,365,10,9,17,12,16,9,83,23,6,4,6,12,24,50,65,19
Bougré,395,544,939,32,35,36,32,31,33,176,75,24,21,12,19,73,120,155,65
Dabèga,374,443,817,32,32,24,22,24,26,145,61,38,19,18,24,66,88,147,51
Daguintoéga,227,259,486,22,18,26,17,24,15,90,46,9,7,7,14,19,72,77,23
Digré,906,1 071,1 977,56,63,73,80,70,69,355,171,44,47,43,71,161,223,328,123
Douré,532,655,1 187,40,45,44,44,45,48,208,94,25,23,22,32,86,173,195,63
Gonkin,231,241,472,18,16,14,16,18,23,99,41,9,5,3,8,19,60,94,29
Imiga,714,763,1 477,47,46,40,49,51,64,277,101,43,39,36,39,106,188,252,99
Kidiba,668,778,1 446,38,57,40,56,54,56,286,125,35,34,27,40,86,168,277,67
Kologuessom,416,476,892,33,30,33,34,39,33,173,56,22,20,12,22,65,126,142,52
Koubéogo,375,419,794,22,23,20,21,32,22,147,69,22,21,14,16,72,102,142,49
Kourgou,303,242,545,11,14,27,12,8,27,87,45,18,4,23,10,43,70,117,29
Nabitenga,652,767,1 419,41,30,54,51,65,43,279,133,46,27,30,43,93,146,262,76
Sapaga,2 673,3 044,5 717,204,154,219,196,177,192,1 052,503,143,118,123,203,442,876,933,182
Sapaga –Peulh,419,468,887,37,40,40,38,40,51,159,50,16,13,20,31,68,139,110,35
Songdin,542,665,1 207,43,45,45,40,53,42,226,97,29,26,25,51,59,139,204,83
Souka,585,731,1 316,47,36,48,34,44,41,255,109,21,24,21,59,83,156,251,87
Taga,355,446,801,21,24,26,22,29,27,166,60,27,27,19,33,61,89,139,31
Tamasgo,552,676,1 228,44,45,36,49,51,40,263,102,29,37,14,45,70,109,233,61
Tamidou,242,287,529,13,16,12,20,15,23,109,49,9,10,14,24,23,43,121,28
Tampelcé,78,88,166,0,3,7,0,5,8,34,16,4,2,1,5,14,18,39,10
Tintog-Nabitenga,269,376,645,16,20,29,25,21,24,130,54,17,10,13,18,39,73,118,38
Tintogo,738,917,1 655,47,55,73,63,75,71,328,124,40,29,24,37,85,250,266,88
Torodo,796,845,1 641,43,49,64,28,38,42,484,124,34,28,21,46,95,158,283,104
Tourgoum-Tenga,421,548,969,41,31,33,36,44,36,204,82,15,13,17,30,63,107,165,52
Tuiré,1 256,1 509,2 765,92,66,85,76,81,100,530,249,53,63,52,77,211,372,488,170
Tuiré-Peulh,81,86,167,3,8,9,4,6,9,35,9,1,4,2,3,9,22,31,12
Yougoulmandé,363,476,839,31,21,24,39,35,35,172,67,13,10,19,33,47,114,143,36
Zaïnga,606,617,1 223,40,39,48,36,45,42,261,101,23,20,19,52,56,150,219,72
Zempassogo,767,883,1 650,56,48,53,40,45,66,291,113,39,34,27,53,122,242,306,115
Zinado,388,544,932,34,39,34,29,31,37,187,79,27,14,19,32,55,101,156,58
Zinguédéga,701,839,1 540,61,56,45,38,51,42,299,132,41,48,30,46,117,180,275,79
,,,,,,,,,,,,,,,,,,,
"""COMMUNE: ZORGHO - Urbain""",16 585,18 813,35 398,1 030,983,1 086,1 027,1 102,1 039,5 849,2 861,972,804,844,1 630,3 441,5 278,6 020,1 432
Secteur 1,3 223,3 710,6 933,206,205,224,198,196,187,1 088,528,226,176,179,363,740,1 101,1 096,220
Secteur 2,2 663,2 993,5 656,143,153,169,145,145,167,898,437,144,135,132,265,518,785,1 077,343
Secteur 3,1 687,1 938,3 625,87,92,101,107,117,94,611,313,99,80,93,179,329,543,656,124
Secteur 4,2 811,3 340,6 151,198,148,198,146,202,177,1 046,502,164,138,147,245,564,866,1 125,285
Secteur 5,977,1 040,2 017,60,53,59,62,70,69,342,169,39,40,39,91,179,304,335,106
Secteur 6,5 224,5 792,11 016,336,332,335,369,372,345,1 864,912,300,235,254,487,1 111,1 679,1 731,354
,,,,,,,,,,,,,,,,,,,
"""COMMUNE: ZOUNGOU  - Rural""",20 174,22 873,43 047,1 524,1 418,1 687,1 580,1 695,1 593,8 465,3 447,995,711,812,1 322,3 061,5 544,7 133,2 060
Badnogo,191,242,433,16,11,23,14,15,19,90,34,10,6,9,11,25,50,79,21
Bissirin,203,314,517,9,11,15,20,17,23,98,45,15,14,11,13,29,45,101,51
Bitoungou,416,493,909,40,37,34,42,33,34,176,74,17,13,18,11,44,129,160,47
Dakaongo,714,900,1 614,63,46,54,66,62,59,356,129,38,23,37,44,104,191,279,63
Darsalam,878,916,1 794,70,67,86,81,85,89,364,105,37,29,41,58,159,263,215,45
Gandaogo,745,906,1 651,50,56,61,44,50,55,306,137,41,42,31,53,119,166,336,104
Goantinga,488,507,995,30,19,25,37,39,30,204,95,28,25,30,28,46,116,185,58
Goghin,323,379,702,19,17,36,21,25,21,125,60,13,12,15,29,58,87,123,41
Kuilkanda,983,948,1 931,34,81,79,60,85,64,373,159,54,42,46,61,166,269,300,58
Kuilmasga,789,926,1 715,85,49,72,67,84,74,355,131,35,29,34,44,98,245,256,57
Nobtenga,373,450,823,28,29,34,29,39,28,160,65,18,7,11,30,60,93,148,44
Ouavoussé,797,1 004,1 801,59,69,62,70,65,65,362,183,40,35,27,49,102,192,324,97
Paspanga,992,1 019,2 011,75,62,78,82,61,93,400,124,32,30,20,48,133,296,354,123
Ramatoulaye,407,467,874,35,36,40,34,33,29,187,58,12,14,16,27,55,129,131,38
Silmiougou,721,907,1 628,53,59,74,53,45,60,331,169,38,22,21,45,119,176,271,92
Tameswéoghin,747,891,1 638,74,46,53,68,78,45,292,116,39,32,36,55,130,201,273,100
Tamidou,296,369,665,18,30,36,30,31,17,132,45,17,11,16,17,65,105,82,13
Tanghin,906,1 034,1 940,73,70,68,64,63,63,374,168,44,22,46,65,183,251,297,89
Tansèga,1 337,1 609,2 946,118,92,126,104,122,129,634,219,77,44,39,86,186,378,479,113
Taonsghin,543,567,1 110,36,28,41,41,40,42,223,97,18,15,11,29,59,126,223,81
Toéssin,480,559,1 039,29,29,41,45,44,38,185,64,26,15,22,26,83,146,190,56
Waada,1 887,2 102,3 989,156,157,154,171,198,167,801,307,98,64,64,126,272,529,574,151
Wemyaoghin,814,922,1 736,66,57,69,53,65,51,326,153,37,25,43,61,148,216,269,97
Yamganghin,793,869,1 662,63,58,75,78,76,63,327,97,28,17,17,38,121,256,292,56
Zantonré,636,759,1 395,50,46,58,53,56,61,286,111,25,29,31,47,81,168,236,57
Zorbimba,1 297,1 289,2 586,79,73,89,82,86,100,504,226,66,42,46,99,183,304,469,138
Zoungou,1 418,1 525,2 943,96,83,104,71,98,74,494,276,92,52,74,122,233,417,487,170
,,,,,,,,,,,,,,,,,,,
PROVINCE: KOURWEOGO,83 272,97 970,181 242,4 565,4 643,5 540,5 513,5 749,6 055,36 544,16 600,4 844,4 094,3 873,6 540,11 136,19 444,35 818,10 284
,,,,,,,,,,,,,,,,,,,
"""COMMUNE: BOUSSE """,27 135,31 508,58 643,1 478,1 578,1 785,1 763,1 838,1 894,11 502,5 459,1 544,1 275,1 255,2 264,4 067,6 576,11 370,2 995
,,,,,,,,,,,,,,,,,,,
"""COMMUNE: BOUSSE  - Rural""",15 538,18 083,33 621,860,916,1 144,1 086,1 133,1 233,7 156,3 155,845,648,602,930,1 583,3 504,6 949,1 877
Gasma,910,1 077,1 987,49,52,79,56,53,85,423,195,47,53,42,51,90,193,412,107
Goala,636,663,1 299,19,50,40,36,59,63,293,128,41,25,18,42,47,134,257,47
Golmidou,947,1 125,2 072,53,78,74,66,92,87,478,175,40,27,24,42,68,220,439,109
Goundrin,775,966,1 741,56,41,57,60,55,58,386,152,37,34,36,37,59,164,405,104
Guesna,655,734,1 389,34,29,46,44,45,61,282,134,29,21,23,44,84,147,289,77
Kaokin,1 911,2 356,4 267,95,131,131,154,162,161,884,387,113,63,79,127,177,389,931,283
Kiedpalogo,505,608,1 113,33,35,33,36,29,40,275,103,16,27,13,26,35,89,258,65
Kinana,634,832,1 466,51,36,75,51,48,65,321,135,36,21,28,34,57,167,275,66
Koui,1 544,1 860,3 404,109,96,109,102,102,111,701,315,82,74,62,80,163,421,680,197
Kourian,593,645,1 238,31,28,43,38,41,37,259,111,39,15,28,34,63,157,239,75
Laogo,451,434,885,21,14,33,23,13,27,178,81,36,18,23,38,53,104,188,35
Likinkelsé,598,747,1 345,28,47,64,34,54,40,277,154,32,18,26,41,85,134,252,59
Sandogo,1 408,1 461,2 869,52,94,96,95,101,107,594,242,76,73,52,75,149,360,577,126
Sao,3 118,3 604,6 722,173,139,193,223,226,215,1 431,662,173,142,132,204,351,612,1 413,433
Silmiougou,531,556,1 087,40,36,44,38,29,44,213,97,28,18,9,41,79,138,185,48
Yargo,322,415,737,16,10,27,30,24,32,161,84,20,19,7,14,23,75,149,46
,,,,,,,,,,,,,,,,,,,
"""COMMUNE: BOUSSE - Urbain""",11 597,13 425,25 022,618,662,641,677,705,661,4 346,2 304,699,627,653,1 334,2 484,3 072,4 421,1 118
Secteur 1,2 720,2 983,5 703,157,159,116,139,172,127,854,461,168,145,177,347,630,854,1 004,193
Secteur 2,2 160,2 497,4 657,133,144,123,116,132,105,768,430,111,127,131,260,546,577,803,151
Secteur 3,3 467,3 947,7 414,189,173,215,215,187,208,1 298,679,216,183,185,425,836,921,1 194,290
Secteur 4,2 077,2 464,4 541,92,113,110,115,129,136,870,463,136,105,108,205,333,440,886,300
Secteur 5,1 173,1 534,2 707,47,73,77,92,85,85,556,271,68,67,52,97,139,280,534,184
,,,,,,,,,,,,,,,,,,,
"""COMMUNE: LAYE  - Rural""",7 782,8 848,16 630,410,389,450,454,491,574,3 207,1 537,448,421,392,716,1 145,1 597,3 419,980
Barama,663,682,1 345,29,32,29,38,37,51,261,130,35,33,26,60,85,134,290,75
Boulala,526,622,1 148,24,27,27,32,28,51,225,126,39,25,27,41,63,68,257,88
Gantin,557,663,1 220,20,34,32,40,44,49,263,115,35,37,21,41,61,110,241,77
Gantogodo,633,717,1 350,27,29,48,41,45,48,294,112,39,27,42,62,83,121,261,71
Laye,3 839,4 231,8 070,206,188,227,208,217,242,1 434,706,217,210,203,400,678,870,1 638,426
Laye yarcé,162,215,377,12,10,12,10,17,10,59,30,7,13,14,11,40,44,64,24
Sapeo,382,460,842,26,19,13,15,29,37,175,82,18,17,17,33,41,64,188,68
Sondre,320,408,728,25,10,20,29,16,31,151,79,20,14,18,19,37,59,143,57
Wanonghin,81,90,171,5,4,2,4,5,4,34,19,3,2,4,5,7,11,39,23
Yactenga,619,760,1 379,36,36,40,37,53,51,311,138,35,43,20,44,50,116,298,71
,,,,,,,,,,,,,,,,,,,
"""COMMUNE: NIOU  - Rural""",16 102,19 069,35 171,897,914,1 080,1 077,1 161,1 112,7 165,3 280,1 010,834,809,1 268,2 098,3 819,6 557,2 090
Belé,258,294,552,16,16,14,12,25,21,132,44,9,10,8,17,35,69,101,23
Garga,518,565,1 083,34,28,43,32,42,24,226,91,26,21,28,27,63,142,204,52
Gasgo,287,287,574,9,19,18,24,26,26,134,42,18,11,15,14,31,69,93,25
Goabga,929,1 288,2 217,45,53,62,63,67,73,505,221,67,61,51,78,118,196,427,130
Koukin,1 285,1 531,2 816,74,74,91,98,103,128,575,213,88,55,54,103,156,311,514,179
Mouni,879,1 031,1 910,35,47,56,66,63,62,377,166,55,38,40,76,122,201,364,142
Nabzinigma,166,208,374,12,15,10,4,15,12,87,30,16,8,9,7,20,52,67,10
Napalgué,1 465,1 760,3 225,76,72,96,110,86,109,647,323,101,76,73,121,188,304,623,220
Niapa,380,384,764,24,24,29,32,23,36,170,60,22,15,11,17,42,93,119,47
Niou-kouka,791,1 069,1 860,35,42,56,47,35,40,358,187,60,48,52,94,110,185,391,120
Niou-natinga,1 330,1 499,2 829,70,74,107,82,83,78,557,263,79,80,73,133,218,325,489,118
Niou-tanghin,1 293,1 603,2 896,89,75,92,81,97,72,512,261,89,72,68,123,201,355,508,201
Niou-yarcé,537,560,1 097,35,21,36,26,32,33,210,99,19,27,25,48,104,123,191,68
Raongo,901,916,1 817,36,50,48,64,66,60,371,158,36,51,38,40,121,243,345,90
Sakouli,868,1 066,1 934,46,45,56,50,80,50,418,214,48,44,45,59,88,184,378,129
Sondogtenga,371,425,796,28,22,24,19,25,30,166,68,35,23,13,26,24,88,148,57
Sourou,664,791,1 455,55,30,42,55,36,47,281,143,46,34,39,53,86,134,287,87
Tamsé,417,521,938,25,28,31,29,38,32,191,93,25,15,12,28,54,91,183,63
Tangseghin,679,870,1 549,43,33,40,41,46,41,296,177,50,40,36,55,76,159,312,104
Wa,1 026,1 164,2 190,60,72,58,89,96,78,477,204,50,43,56,72,114,243,397,81
Zeguedeghin,1 058,1 237,2 295,50,74,71,53,77,60,475,223,71,62,63,77,127,252,416,144
,,,,,,,,,,,,,,,,,,,
"""COMMUNE: SOURGOUBILA  - Rural""",22 040,26 614,48 654,1 153,1 192,1 423,1 494,1 550,1 725,10 072,4 357,1 244,1 099,972,1 579,2 645,5 086,10 048,3 015
Bagayiri,305,365,670,17,18,16,26,23,23,150,80,13,17,9,15,22,60,141,40
Bantogdo,3 962,4 877,8 839,264,212,259,265,300,359,1 996,782,221,186,190,244,469,943,1 699,450
Barouli,587,756,1 343,32,30,38,35,37,52,294,123,37,34,46,29,70,134,291,61
Bouanga,374,391,765,17,18,30,19,20,23,138,66,18,22,16,33,71,92,142,40
Damsi,947,1 252,2 199,61,72,65,79,69,113,474,203,54,42,27,58,109,248,410,115
Diguila,578,610,1 188,35,21,25,31,40,31,233,122,35,30,23,54,52,113,259,84
Gonsin,1 721,1 831,3 552,80,82,95,100,102,104,612,306,91,84,87,138,274,417,760,220
Guela,1 336,1 600,2 936,74,65,109,91,78,96,578,285,53,71,53,107,160,302,592,222
Koala,173,226,399,6,11,7,12,12,11,70,34,7,5,9,18,26,46,79,46
Koukin,252,333,585,19,15,24,17,20,19,127,56,9,26,13,12,34,62,109,23
Lao,716,804,1 520,41,43,40,45,43,44,316,117,45,26,21,51,88,145,331,124
Manefyam,410,455,865,15,21,14,16,20,24,158,93,29,25,19,50,59,60,188,74
Nakamtenga,452,478,930,20,23,34,25,35,27,171,89,26,16,14,51,58,109,183,49
Salsé,693,843,1 536,37,49,48,54,61,56,319,140,22,25,18,33,79,197,314,84
Sandogo,2 604,3 156,5 760,105,155,175,184,183,213,1 252,527,175,133,110,154,215,617,1 239,323
Sanon,1 191,1 442,2 633,41,63,53,83,73,71,503,259,77,63,40,105,141,275,575,211
Silgo,986,1 264,2 250,58,46,69,80,70,96,525,176,45,44,34,48,94,213,484,168
Song-naba,460,608,1 068,19,26,36,38,40,34,241,102,26,19,19,26,65,114,196,67
Sourgoubila,2 765,3 206,5 971,138,135,148,168,186,178,1 150,506,168,143,159,263,386,576,1 265,402
Taonsogo,812,1 205,2 017,37,59,70,84,79,76,426,169,48,46,40,44,73,202,436,128
Zoundri,716,912,1 628,37,28,68,42,59,75,339,122,45,42,25,46,100,161,355,84
,,,,,,,,,,,,,,,,,,,
"""COMMUNE: TOEGHIN  - Rural""",10 213,11 931,22 144,627,570,802,725,709,750,4 598,1 967,598,465,445,713,1 181,2 366,4 424,1 204
Bendogo,563,690,1 253,46,31,41,42,49,37,274,96,38,25,27,34,60,143,242,68
Doanghin,460,518,978,21,19,30,36,38,29,226,83,20,17,20,42,55,109,190,43
Douré,441,494,935,14,26,30,34,27,30,226,80,26,24,21,25,38,109,178,47
Gogsé,290,375,665,20,17,20,21,19,23,145,59,22,13,16,21,20,66,140,43
Gourpila,664,784,1 448,41,49,49,47,57,51,320,109,35,30,18,30,68,166,298,80
Imkouka,436,522,958,42,25,37,40,30,28,218,76,28,24,15,32,51,97,171,44
Kangré,216,256,472,11,12,24,12,11,13,93,31,14,9,13,23,33,47,93,33
Listenga,564,646,1 210,22,32,53,43,44,55,261,106,29,26,21,19,64,133,238,64
Moetenga,529,635,1 164,31,37,40,41,34,50,242,106,37,21,18,49,63,113,231,51
Nahartenga,774,910,1 684,43,55,72,47,55,53,325,164,38,34,36,52,101,174,331,104
Sandogo,311,356,667,27,8,25,22,17,22,138,60,11,15,8,28,37,73,140,36
Sotenga,321,381,702,22,24,28,22,20,28,143,69,25,26,15,26,31,61,127,35
Tanghin,369,421,790,33,17,39,19,20,15,162,68,32,14,14,22,33,85,172,45
Toéghin,2 652,2 918,5 570,167,127,178,167,172,193,1 082,503,157,112,129,224,356,583,1 132,288
Toussougtenga,266,301,567,13,16,24,11,20,22,109,58,10,11,8,16,35,72,116,26
Youbga,213,259,472,20,11,14,23,17,17,84,48,10,8,14,16,23,45,91,31
Zeguedeghin,819,1 027,1 846,42,38,69,80,58,65,375,169,45,37,37,34,92,208,376,121
Zipelin,325,438,763,12,26,29,18,21,19,175,82,21,19,15,20,21,82,158,45
,,,,,,,,,,,,,,,,,,,
PROVINCE: OUBRITENGA,150 421,164 188,314 609,8 744,8 127,9 904,9 473,9 857,10 066,57 038,26 117,8 351,7 046,6 983,12 204,23 891,43 886,58 777,14 145
,,,,,,,,,,,,,,,,,,,
"""COMMUNE: ABSOUYA  - Rural""",15 851,19 386,35 237,1 103,1 109,1 366,1 350,1 460,1 384,6 733,2 699,808,618,680,1 113,2 330,4 771,6 185,1 528
Absouya,1 173,1 435,2 608,71,71,47,74,94,92,492,211,68,65,64,105,177,295,515,167
Bargo,1 147,1 327,2 474,68,69,118,92,123,105,494,163,43,30,31,61,181,379,414,103
Batenga,286,337,623,12,21,15,21,14,21,130,53,17,13,16,22,52,70,119,27
Bendogo,1 362,1 700,3 062,99,100,117,120,107,124,579,203,54,45,45,95,242,449,527,156
Bilogtenga,858,969,1 827,35,86,103,130,141,51,260,104,33,27,38,58,132,298,266,65
Danaogo,738,922,1 660,48,63,65,50,64,69,339,123,39,20,27,36,80,222,331,84
Gounghin,825,976,1 801,75,62,80,55,57,80,364,128,51,19,48,50,80,232,327,93
Largo,611,710,1 321,32,40,39,46,44,36,267,133,40,36,26,38,88,154,239,63
Moanéga,1 156,1 459,2 615,100,40,110,85,110,124,531,231,80,45,55,77,142,345,435,105
Mockin,1 789,2 196,3 985,139,135,141,171,144,147,756,319,83,84,73,155,258,496,713,171
Nabdoghin,1 022,1 391,2 413,97,86,109,78,94,103,459,175,47,40,54,67,156,318,428,102
Nayampousgo,736,878,1 614,42,76,98,84,110,70,288,96,30,20,15,41,96,252,236,60
Nioniogo,1 037,1 234,2 271,72,59,77,72,99,91,417,225,57,55,50,77,148,308,382,82
Sattin,527,770,1 297,38,45,45,41,74,52,271,109,21,18,21,40,75,194,210,43
Siguinvoussé,709,883,1 592,72,33,67,65,55,62,328,122,49,25,25,58,117,218,238,58
Siny,280,394,674,11,23,20,15,25,31,137,61,17,14,15,20,29,81,139,36
Songdin,490,495,985,2,38,25,36,32,39,184,85,28,20,23,30,82,119,216,26
Tambizinsé,220,267,487,11,19,12,24,13,30,90,32,6,8,15,16,32,68,88,23
Tampaongo,885,1 043,1 928,79,43,78,91,60,57,347,126,45,34,39,67,163,273,362,64
,,,,,,,,,,,,,,,,,,,
"""COMMUNE: DAPELOGO  - Rural""",21 480,23 468,44 948,1 077,1 046,1 328,1 343,1 426,1 397,8 475,4 026,1 250,1 130,1 085,1 766,3 249,5 530,8 543,2 277
Cissé-yargo,410,506,916,12,34,32,25,36,31,191,85,15,21,25,25,51,102,190,41
Dapelgo,3 561,3 787,7 348,207,168,164,145,219,219,1 238,637,218,217,200,380,742,881,1 364,349
Gademtenga,1 876,2 002,3 878,80,104,129,130,128,119,742,348,94,85,83,143,212,465,806,210
Garpéné,473,558,1 031,23,16,34,26,33,32,212,100,38,25,24,33,61,112,205,57
Guié,1 708,2 000,3 708,64,79,108,99,103,125,663,350,131,133,102,194,324,392,676,165
Kinsi,210,222,432,12,13,11,13,12,15,90,39,14,3,8,13,30,49,83,27
Korom,328,325,653,12,10,29,23,21,24,137,56,7,14,18,18,36,74,139,35
Kouhoudougou,235,286,521,14,21,16,15,22,14,112,46,5,7,7,15,26,68,106,27
Kouila,385,465,850,18,14,21,32,36,19,178,79,23,20,15,29,54,127,143,42
Manessa,2 602,2 902,5 504,125,152,192,196,205,209,1 069,441,132,103,107,180,335,745,1 028,285
Nabi-Yiri,92,93,185,4,3,4,6,2,6,39,17,4,4,2,9,3,23,43,16
Napalgué,183,161,344,9,8,4,11,13,10,54,35,5,13,7,10,26,63,63,13
Nayambsé,399,467,866,10,28,27,24,26,22,161,86,18,19,27,34,68,98,163,55
Niandeghin,215,257,472,11,8,15,18,13,15,97,56,13,7,18,19,26,40,92,24
Nioniogo,986,1 020,2 006,51,51,39,76,58,62,369,192,59,49,56,73,152,207,401,111
Ouamzong-Yiri,75,91,166,3,2,6,4,4,5,40,15,5,8,2,6,6,23,30,7
Pagatenga,503,565,1 068,28,14,28,28,35,23,209,127,39,39,27,46,60,83,217,65
Pighin,894,969,1 863,46,36,82,82,60,68,361,163,55,33,40,43,148,259,323,64
Poédogo,274,303,577,19,15,26,12,21,14,102,53,13,14,14,22,46,80,92,34
Soglozi,1 034,1 131,2 165,53,59,80,76,61,54,420,195,56,47,39,82,130,280,427,106
Somnawaye,529,528,1 057,24,19,34,29,31,32,199,68,33,33,35,38,74,151,191,66
Souka,479,545,1 024,33,20,22,38,45,32,226,85,24,34,30,34,54,131,177,39
Tamporain,272,278,550,9,20,13,18,15,9,97,49,13,19,18,27,36,57,124,26
Tanghin Niangeghin,250,276,526,14,10,12,6,19,16,94,58,17,14,18,12,26,56,123,31
Tanguiga,450,446,896,18,11,23,20,10,18,162,81,30,32,23,42,78,112,180,56
Tanlili,87,102,189,5,3,9,5,2,3,44,23,7,1,6,6,4,21,38,12
Tigem Koamba,377,424,801,17,20,24,33,19,26,160,79,31,16,13,31,38,103,155,36
Voaga,2 105,2 249,4 354,124,84,130,111,162,138,812,362,123,92,97,166,341,614,772,226
Youm-Yiri,198,196,394,19,8,4,17,8,18,78,42,8,11,15,10,24,47,69,16
Zakouré,290,314,604,13,16,10,25,7,19,119,59,20,17,9,26,38,67,123,36
,,,,,,,,,,,,,,,,,,,
"""COMMUNE: LOUMBILA  - Rural""",17 983,18 482,36 465,979,930,991,929,923,916,5 650,2 869,1 096,998,907,1 716,3 286,5 794,6 886,1 595
Bangrin,772,895,1 667,44,40,40,44,41,42,249,129,45,36,34,77,162,273,311,100
Bendogo,279,221,500,17,5,14,19,12,14,82,35,8,16,7,23,49,90,94,15
Daguilma,636,658,1 294,36,37,54,28,32,28,209,104,36,27,33,65,114,186,252,53
Dogomnogo,546,562,1 108,31,35,31,27,38,26,188,68,45,23,22,59,114,152,196,53
Donsin,1 177,977,2 154,63,48,71,53,50,46,254,152,40,39,48,114,213,446,432,85
Gandin,287,307,594,12,11,6,10,10,17,78,48,14,16,11,22,70,114,126,29
Goué,1 369,1 324,2 693,59,68,86,69,76,67,453,237,65,55,67,141,225,392,510,123
Goundry,346,406,752,17,25,19,17,15,18,139,59,27,21,13,26,47,85,170,54
Ipala,219,268,487,17,10,11,16,15,8,102,54,14,12,7,17,27,49,104,24
Kogninga,306,289,595,13,19,16,19,12,11,101,46,16,6,11,32,55,90,116,32
Koulsinga,28,24,52,0,0,2,2,1,0,6,9,2,0,1,0,9,8,9,3
Kouriyaoghin,354,360,714,29,23,17,17,23,13,163,47,18,16,16,21,62,101,128,20
Loumbila,870,793,1 663,44,24,41,47,35,30,219,109,44,39,33,86,138,364,353,57
Nabdogo,597,605,1 202,37,40,32,25,45,28,180,94,29,27,28,54,120,181,239,43
Nangtenga,178,172,350,5,11,6,9,9,9,61,38,10,3,11,14,25,43,73,23
Nomgana,1 627,1 644,3 271,91,90,100,98,87,91,487,248,70,82,72,139,340,551,594,131
Nonguestenga,358,371,729,30,22,19,27,18,24,107,59,13,16,24,31,65,106,137,31
Noungou,339,249,588,28,23,9,6,12,6,34,22,10,5,3,25,81,194,100,30
Ouemtenga,318,313,631,9,14,18,14,14,20,110,45,16,17,9,41,61,97,114,32
Pendissi,456,491,947,26,30,29,20,29,27,178,75,20,21,19,39,91,155,155,33
Pendogo,181,178,359,8,12,11,7,10,17,67,22,11,5,12,22,34,50,62,9
Poédogo I,1 397,1 434,2 831,68,66,72,55,69,63,438,209,122,93,102,151,266,417,546,94
Poédogo II,357,320,677,23,22,30,15,20,17,111,44,13,23,13,23,63,103,128,29
Pousghin,1 158,1 951,3 109,61,66,59,55,65,71,361,304,215,257,162,191,241,410,475,116
Ramitenga,223,229,452,16,8,5,12,12,9,94,39,10,6,11,27,27,65,91,20
Silmiougou,1 239,1 211,2 450,70,68,87,95,76,83,408,177,56,45,55,87,186,336,499,122
Tabtenga,1 072,1 019,2 091,73,61,42,71,44,68,370,176,59,40,32,90,169,320,375,101
Tangzougou,449,481,930,25,15,19,20,21,24,139,89,32,21,24,53,97,151,164,36
Tanlaorgo,146,160,306,7,8,7,5,8,7,49,31,8,5,4,8,29,39,69,22
Wavoussé,265,184,449,3,5,15,6,7,5,63,32,10,4,7,6,36,110,106,34
Zongo,434,386,820,17,24,23,21,17,27,150,68,18,22,16,32,70,116,158,41
,,,,,,,,,,,,,,,,,,,
"""COMMUNE: NAGREONGO  - Rural""",17 103,18 348,35 451,1 030,1 063,1 279,1 209,1 172,1 321,6 551,2 863,840,750,715,1 377,2 694,4 984,6 176,1 427
Baadnogo,362,368,730,23,21,19,16,22,32,154,65,23,12,19,22,48,91,134,29
Gondogo,440,554,994,23,24,49,20,27,46,205,102,34,19,19,34,62,124,162,44
Kolokom,1 941,2 177,4 118,120,89,168,157,138,168,787,316,96,99,71,148,319,661,642,139
Laongo-Taoré,190,229,419,19,13,11,15,9,19,76,37,7,7,8,11,24,57,74,32
Linoghin,1 238,1 285,2 523,51,67,57,82,66,62,411,192,61,67,60,125,202,381,482,157
Malgrétenga,1 322,1 399,2 721,63,60,101,96,84,100,546,211,66,52,64,94,219,387,484,94
Nagréongo,1 353,1 338,2 691,90,49,72,79,80,64,493,245,71,70,64,155,241,359,456,103
Nagréonkoudgo,1 569,1 696,3 265,169,113,126,148,111,113,547,195,53,59,67,134,267,559,513,91
Nahartenga,300,360,660,12,12,23,16,15,23,115,77,28,18,18,27,43,56,130,47
Napamboumbou,872,859,1 731,71,71,65,55,75,70,310,119,32,31,32,48,121,255,317,59
Pengdwendé,646,687,1 333,28,64,43,44,54,51,246,105,30,32,27,55,88,164,248,54
Sarogo,2 066,2 390,4 456,125,131,134,170,144,172,892,373,112,104,115,181,289,536,799,179
Satté,134,151,285,4,8,2,12,11,5,43,26,6,8,6,13,26,47,48,20
Signoghin,1 255,1 305,2 560,67,102,105,98,107,119,466,204,55,49,41,79,207,351,414,96
Tamanéga,211,246,457,0,12,17,11,17,14,86,31,17,9,7,9,39,69,96,23
Tanvoussé,764,778,1 542,43,50,63,43,51,61,259,131,41,23,21,57,129,199,295,76
Toghin-Bangré,975,997,1 972,64,64,80,65,74,85,410,174,46,39,25,63,124,272,323,64
Watinooma,926,993,1 919,41,68,102,53,59,77,304,146,35,22,30,85,182,279,360,76
Wavoussé,341,299,640,9,26,25,20,22,19,119,59,9,21,14,20,46,95,114,22
Youtenga,198,237,435,8,19,17,9,6,21,82,55,18,9,7,17,18,42,85,22
,,,,,,,,,,,,,,,,,,,
"""COMMUNE: OURGOU-MANEGA  - Rural""",11 394,12 636,24 030,670,613,849,660,758,863,4 888,2 155,652,533,449,736,1 485,2 932,4 605,1 182
Babou,214,229,443,12,3,16,12,14,25,77,47,12,13,11,18,32,53,81,17
Bissighin,156,207,363,12,10,11,12,8,12,79,29,10,13,6,7,34,40,64,16
Bouktenga,720,671,1 391,37,39,52,32,29,51,317,135,34,24,18,24,81,183,267,68
Boulporé,255,258,513,15,21,10,15,13,17,117,37,4,6,6,14,28,71,107,32
Faaga,156,157,313,9,3,19,13,9,11,62,20,4,8,7,12,29,48,55,4
Guemsaongo,249,278,527,18,10,13,11,17,21,96,29,14,17,12,20,39,65,121,24
Lindi,656,862,1 518,44,38,101,31,53,66,313,105,36,22,22,33,117,179,287,71
Loyargo,526,583,1 109,29,30,50,38,39,50,243,93,20,15,19,28,60,143,198,54
Manéga,896,1 009,1 905,60,48,56,45,48,60,363,179,56,44,43,55,123,246,376,103
Namassa,456,476,932,22,40,20,33,37,28,216,91,20,21,21,14,39,113,166,51
Nounkoudogo,196,229,425,19,16,7,8,20,17,85,45,6,11,12,17,33,41,75,13
Ourgou-Mossi,601,656,1 257,36,29,30,23,36,33,209,145,54,50,28,79,85,154,208,58
Ourgou-Yarcé,425,555,980,26,34,38,30,19,42,193,78,34,26,15,39,56,120,184,46
Poédogo,164,201,365,15,7,5,16,17,7,87,37,9,5,7,5,15,55,55,23
Romissi,403,407,810,26,16,33,29,32,30,147,77,18,25,17,22,48,107,145,38
Samissi,476,556,1 032,39,21,54,22,25,37,196,95,27,29,18,37,62,96,220,54
Sanbsin,183,157,340,6,6,13,7,11,3,79,30,9,5,6,10,19,54,70,12
Sanbsin -Peulh,94,100,194,6,5,8,6,9,9,33,16,2,4,8,8,16,25,31,8
Sidogo,551,613,1 164,24,37,39,31,46,46,234,116,25,27,22,41,84,135,207,50
Sidogo Yarcé,359,421,780,22,28,31,30,29,35,172,47,14,12,8,29,48,112,136,27
Somdamessom,265,292,557,19,13,12,10,13,22,103,45,18,9,9,19,35,54,137,39
Somdé,423,518,941,18,23,33,30,33,31,204,82,27,22,14,19,39,119,196,51
Sommassi,470,534,1 004,16,26,42,21,37,30,212,74,28,20,11,28,61,129,216,53
Tambogo,692,732,1 424,39,41,43,44,50,47,286,143,57,30,33,22,78,141,273,97
Tanghin- Manéga,552,610,1 162,25,21,28,33,39,38,250,104,31,31,33,39,69,142,212,67
Tebodogo,108,123,231,9,8,9,3,6,7,52,18,7,1,3,3,15,40,39,11
Tiguimtenga,328,347,675,21,9,21,20,13,19,127,74,20,17,16,29,47,83,133,26
Wazelé,82,93,175,5,3,3,7,3,8,36,15,8,2,4,4,9,20,36,12
Yobitenga,260,279,539,18,8,18,21,25,21,114,43,18,10,6,20,26,63,111,17
Zoundi,478,483,961,23,20,34,27,28,40,186,106,30,14,14,41,58,101,199,40
,,,,,,,,,,,,,,,,,,,
"""COMMUNE: ZINIARE """,42 626,45 690,88 316,2 495,2 184,2 600,2 372,2 469,2 441,14 946,7 248,2 344,2 040,2 109,3 746,7 612,13 026,16 936,3 748
,,,,,,,,,,,,,,,,,,,
"""COMMUNE: ZINIARE  - Rural""",26 589,28 431,55 020,1 596,1 369,1 742,1 598,1 681,1 668,10 117,4 607,1 444,1 162,1 169,1 978,3 967,7 433,10 735,2 754
Badnogo,285,317,602,8,20,20,18,30,20,120,47,18,9,11,14,23,78,130,36
Bagadogo,567,521,1 088,36,31,27,30,25,22,189,88,27,24,23,39,100,141,229,57
Barkoudouba,556,584,1 140,20,31,36,42,34,37,222,96,33,23,27,36,108,156,200,39
Barkuitenga,497,554,1 051,28,24,27,20,22,31,175,100,31,23,21,41,74,144,225,65
Basbedo,444,563,1 007,33,26,36,30,32,28,193,95,17,16,23,39,58,118,201,62
Betta,781,807,1 588,19,44,59,51,68,54,332,128,27,31,33,37,109,223,302,71
Bissiga Peulh,124,128,252,5,1,27,7,5,9,45,16,3,5,8,10,21,42,41,7
Boalin,586,590,1 176,31,24,29,39,25,28,216,99,31,38,32,48,125,136,227,48
Boulba,375,381,756,20,12,27,22,24,31,167,79,18,20,14,20,44,68,153,37
Douré,320,339,659,20,13,41,15,28,11,179,45,11,9,12,18,39,87,110,21
Gam-Silimimossé,462,486,948,22,20,39,40,29,39,193,73,14,21,18,19,61,127,177,56
Gombogo,234,283,517,10,9,17,17,11,18,110,36,6,9,7,13,33,70,111,40
Gombogo-Peulh,91,100,191,5,7,7,9,9,11,34,9,4,4,6,2,15,28,32,9
Gondogo Tandaaga,650,868,1 518,201,39,42,42,43,43,301,117,38,20,24,49,83,187,249,40
Gonsé,144,153,297,0,11,14,5,9,8,51,23,10,5,6,18,21,49,52,15
Goulgo,701,755,1 456,44,35,31,33,51,41,290,133,38,20,24,44,69,153,360,90
Ipala,740,748,1 488,33,24,72,57,53,51,286,114,33,23,31,58,102,212,263,76
Kartenga,749,763,1 512,22,39,34,38,27,37,293,143,39,42,35,54,136,187,313,73
Koada-Yarcé,241,238,479,9,12,12,10,15,15,82,50,13,9,7,10,48,71,86,30
Koassanga,1 069,1 149,2 218,39,56,75,53,81,74,395,188,46,57,42,89,158,332,423,110
Kolgondiessé,252,317,569,14,14,14,14,11,14,93,57,21,18,15,25,39,62,113,45
Kouila,1 255,1 222,2 477,59,49,82,63,78,63,398,172,70,54,66,113,242,358,483,127
Koulgandogo,356,431,787,18,26,24,34,26,29,148,64,35,19,14,26,54,104,132,34
Koulgandogo-Peulh,164,162,326,8,10,17,14,15,7,59,28,7,5,3,11,36,48,47,11
Koulkinka,513,609,1 122,30,19,26,31,23,35,246,104,29,33,35,44,68,120,232,47
Ladwenda,452,492,944,16,28,27,26,26,21,166,88,22,16,27,33,53,118,205,72
Laongo-Yanga,420,488,908,37,11,28,15,25,27,143,89,26,27,31,27,60,86,189,87
Matté,394,461,855,25,14,28,27,28,32,159,85,22,20,16,34,54,97,167,47
Moutti,843,876,1 719,44,49,59,70,64,61,325,156,44,32,34,56,77,255,326,67
Moyargo,346,386,732,35,3,23,21,26,20,147,59,20,17,27,18,45,79,151,41
Nab-Bingma,358,376,734,14,19,22,31,26,31,139,65,24,15,8,28,40,89,151,32
Nabitenga,350,340,690,8,16,18,17,19,22,109,70,31,24,14,30,64,78,133,37
Nakamtenga I,499,537,1 036,29,22,28,24,32,23,187,91,29,30,27,55,74,113,208,64
Nakamtenga II,301,337,638,28,7,17,20,13,17,116,56,21,13,6,19,39,82,160,24
Namassa,685,652,1 337,9,45,59,41,46,36,227,83,30,21,38,46,86,270,250,50
Napamboubou-saabin,313,349,662,13,18,19,13,19,18,121,65,12,13,13,34,35,77,140,52
Ouagatenga,455,472,927,28,17,22,34,28,23,193,78,33,22,15,35,65,118,176,40
Oubri-Yaoghin,712,701,1 413,38,47,37,32,29,48,210,129,49,35,24,68,117,195,292,63
Pilaga peulh,337,339,676,28,15,15,19,17,35,124,50,19,11,17,30,57,101,108,30
Rassempoughin,181,186,367,4,8,10,13,7,10,67,40,11,10,8,11,13,41,82,32
Sawana,1 212,1 353,2 565,69,84,77,93,82,77,494,209,76,49,61,86,133,410,439,126
Songpélcé,1 033,1 081,2 114,50,64,66,50,76,51,411,184,71,44,45,86,143,285,394,94
Soulgo,448,454,902,29,32,29,19,37,29,150,67,21,12,24,31,72,120,198,32
Tamassa,235,240,475,9,17,15,16,11,9,78,31,13,5,7,21,48,61,112,22
Tambogo Peulh,146,180,326,12,4,17,16,16,10,63,26,14,3,9,11,21,51,44,9
Tamissi,528,594,1 122,24,30,34,20,36,31,217,88,23,32,19,32,107,145,221,63
Tampouytenga,575,644,1 219,33,32,30,39,40,37,246,110,33,27,20,47,83,144,247,51
Tanghin Goudry,350,364,714,21,15,17,17,20,18,121,70,18,22,16,24,57,80,146,52
Tanghin-Gombogo,456,513,969,38,22,28,23,30,37,185,85,27,24,9,19,53,144,173,72
Tangoko Peulh,204,207,411,14,7,16,17,6,25,74,35,6,10,9,23,29,63,65,12
Taonsgo,1 004,1 027,2 031,63,46,81,65,84,63,363,143,46,23,42,67,186,313,350,96
Tibin,446,467,913,22,25,31,27,14,13,155,75,26,23,26,28,90,132,177,49
Ziga,1 150,1 247,2 397,122,76,54,59,50,88,310,176,58,45,40,102,200,385,540,92
,,,,,,,,,,,,,,,,,,,
"""COMMUNE: ZINIARE - Urbain""",16 037,17 259,33 296,899,815,858,774,788,773,4 829,2 641,900,878,940,1 768,3 645,5 593,6 201,994
Secteur 1,3 404,3 720,7 124,163,191,168,153,150,144,977,525,186,218,174,432,824,1 291,1 370,158
Secteur 2,5 887,6 221,12 108,353,296,328,272,305,310,1 781,991,326,305,356,619,1 322,1 951,2 227,366
Secteur 3,2 710,2 941,5 651,140,141,123,145,132,123,795,456,157,145,173,296,674,1 042,944,165
Secteur 4,2 751,2 863,5 614,165,115,145,132,124,110,844,440,161,148,161,289,560,923,1 099,198
Secteur 5,1 285,1 514,2 799,78,72,94,72,77,86,432,229,70,62,76,132,265,386,561,107
,,,,,,,,,,,,,,,,,,,
"""COMMUNE: ZITENGA - Rural""",23 984,26 178,50 162,1 390,1 182,1 491,1 610,1 649,1 744,9 795,4 257,1 361,977,1 038,1 750,3 235,6 849,9 446,2 388
Andem,978,1 048,2 026,72,20,61,83,83,88,412,158,50,39,48,60,122,241,367,122
Bagtenga,478,538,1 016,17,26,33,28,41,27,195,104,25,7,20,27,78,137,212,39
Banguissom,69,94,163,3,4,7,2,9,2,32,11,5,4,3,5,8,15,38,15
Barkoundouba-Mossi,434,437,871,25,14,28,26,23,18,155,59,26,15,28,40,67,130,175,42
Bendogo,505,592,1 097,25,31,36,28,28,24,205,98,31,19,20,54,90,148,220,40
Bissiga- Yarcé,563,627,1 190,35,41,33,31,49,43,239,108,25,18,24,29,75,170,205,65
Bissiga-Mossi,522,540,1 062,20,43,33,18,31,19,155,69,34,27,12,63,95,215,190,38
Boalla,271,300,571,12,14,19,25,14,21,114,62,8,9,12,13,26,63,120,39
Dayagretenga,287,368,655,18,11,12,13,18,19,143,50,24,16,13,21,27,72,146,52
Dimianema,566,613,1 179,39,27,37,45,37,39,258,89,30,16,20,26,61,158,239,58
Douré,132,150,282,5,8,11,5,6,8,47,34,7,9,6,10,27,22,62,15
Itaoré,419,421,840,23,20,16,29,29,26,148,76,28,20,27,18,55,114,164,47
Kissirigouem,732,803,1 535,25,48,53,64,56,78,315,108,29,29,37,41,108,253,237,54
Kogmasgo,209,240,449,12,11,6,12,16,10,88,43,10,10,12,15,16,56,96,36
Kolgondiessé,196,251,447,12,8,7,23,22,14,87,41,16,3,11,12,16,70,85,20
kologkom,176,186,362,7,10,8,8,17,8,70,28,10,7,12,11,19,49,70,28
Komnogo,252,250,502,12,18,13,8,13,16,91,45,10,8,14,18,29,63,115,29
Lallé,323,411,734,18,16,30,21,29,31,138,71,22,16,21,22,37,88,145,29
Leléxé,760,816,1 576,70,29,51,57,59,54,316,136,47,28,33,53,133,219,243,48
Lemnogo,786,908,1 694,39,30,47,72,44,55,310,168,38,37,22,61,124,259,305,83
Nagtaoli,146,149,295,7,9,8,9,9,10,63,25,8,4,9,10,25,26,63,10
Nambéguian,426,500,926,27,22,24,28,30,30,187,66,22,22,27,43,55,114,173,56
Nioniokodogo Mossi,130,206,336,9,3,8,7,10,7,57,37,15,9,4,16,14,40,72,28
Nioniokodogo Peulh,885,848,1 733,54,34,59,79,46,57,324,122,39,36,53,74,159,293,246,58
Nioniopalogo,275,368,643,20,11,11,14,16,24,137,40,15,10,7,38,47,98,127,28
Nonghin,1 005,1 213,2 218,58,54,58,67,53,62,394,189,75,59,50,122,164,319,405,89
Ouatinoma,482,569,1 051,21,24,30,23,38,31,198,86,30,25,25,38,62,130,224,66
Pedemtenga,542,616,1 158,29,24,41,31,34,46,249,107,40,22,23,31,82,131,221,47
Poédogo,297,315,612,14,9,14,26,16,20,120,57,18,18,20,31,38,73,113,25
Rajoutenga,312,282,594,20,9,9,23,20,22,111,41,24,9,12,23,44,83,111,33
Sadaba I,717,792,1 509,57,34,32,35,50,56,280,120,53,40,38,52,98,203,297,64
Sadaba II,1 036,1 012,2 048,82,57,71,67,80,99,403,144,50,43,30,48,127,303,366,78
Sambsin,183,224,407,7,15,15,11,11,20,89,55,9,7,6,12,14,45,74,17
Samtenga,403,382,785,31,15,32,28,24,37,153,62,23,23,20,25,48,108,132,24
Souka,263,280,543,20,13,18,13,26,21,101,50,11,5,15,12,37,94,82,25
Tabla,145,163,308,9,7,4,4,7,8,60,32,6,7,9,16,11,42,74,12
Tamasgo,651,665,1 316,28,30,56,46,40,54,274,108,38,21,18,45,89,170,241,58
Tampanga,217,230,447,14,15,16,18,19,18,87,41,10,8,4,9,30,59,77,22
Tampelga,444,526,970,27,23,34,23,34,39,187,98,19,18,13,22,51,132,198,52
Tampouy-Silmimossé,47,60,107,1,6,3,1,3,2,25,5,1,1,2,2,13,15,25,2
Tampouy-Yarcé,629,706,1 335,38,40,35,47,58,51,316,112,34,12,21,33,51,171,261,55
Tanghin,618,658,1 276,39,32,47,35,30,45,252,118,31,20,17,55,69,181,246,59
Tanghin Kossodo Peulh,173,166,339,4,15,8,17,13,14,64,23,13,3,9,9,20,57,60,10
Tankounga,980,1 099,2 079,52,58,57,67,62,66,384,195,58,46,51,66,120,267,406,124
Tanlili,802,931,1 733,45,29,52,61,51,64,328,153,45,38,39,60,112,215,342,99
Tiba,202,234,436,6,5,16,10,15,14,87,27,14,7,8,18,30,61,88,30
Tizilinziogo,213,227,440,7,9,14,19,19,15,87,35,10,11,7,11,44,72,60,20
Toanda,665,654,1 319,44,30,41,41,50,41,285,111,31,24,22,51,79,169,244,56
Yamana,640,631,1 271,30,37,36,38,43,44,257,149,42,22,28,46,55,145,251,48
Yanga,193,195,388,8,10,11,7,11,12,81,31,14,10,3,18,20,51,85,16
Yargo,680,709,1 389,44,32,30,55,42,43,240,110,38,33,27,65,105,196,265,64
Yirané,466,481,947,30,23,26,33,30,38,174,69,29,6,14,31,68,121,203,52
Zakin,287,310,597,8,11,22,22,18,22,133,54,16,10,7,15,27,80,110,42
Zéguédéguin,172,184,356,11,8,12,7,17,12,90,27,5,11,5,4,14,43,70,20
,,,,,,,,,,,,,,,,,,,
REGION: SAHEL,556 836,541 341,1 098 177,28 941,31 580,45 048,43 059,43 928,42 766,198 129,74 828,24 650,21 497,23 345,45 477,96 948,166 700,182 059,29 222
,,,,,,,,,,,,,,,,,,,
PROVINCE: OUDALAN,87 166,71 040,158 206,3 268,3 117,4 626,4 212,4 457,3 974,21 031,8 758,3 072,3 037,3 034,7 712,16 800,31 458,34 680,4 970
,,,,,,,,,,,,,,,,,,,
"""COMMUNE: DEOU** - Rural""",17 563,13 868,31 431,739,656,1 119,899,1 058,872,4 518,1 718,667,591,686,1 587,3 528,5 485,6 400,908
Ayagorou,306,241,547,13,11,19,16,18,15,78,30,11,10,12,28,62,96,112,16
Basnéré*,300,237,537,13,11,19,16,18,15,76,30,11,10,12,27,60,94,109,16
Boula-Est*,111,69,180,5,4,6,5,6,5,25,10,4,3,4,9,20,31,38,5
Boulkessi,523,412,935,22,19,34,26,32,26,135,51,20,18,20,47,105,163,190,27
Déou,7 205,5 673,12 878,302,268,460,370,433,358,1 856,703,275,239,280,649,1 447,2 249,2 620,369
Dibissi,853,672,1 525,36,32,54,44,52,43,217,83,32,29,34,77,171,266,311,44
Djayel,212,158,370,9,8,13,10,12,11,53,21,8,7,8,18,41,64,76,11
Férério,671,528,1 199,29,25,42,35,41,33,171,65,26,23,26,61,134,209,244,35
Gandafabou-Guelgobé,146,97,243,5,5,8,7,8,7,36,13,5,5,5,12,27,42,50,8
Gandafabou-Kelwélé,761,599,1 360,32,29,49,38,46,38,196,74,28,25,30,69,152,237,277,40
Gargassa,195,136,331,8,7,12,10,12,9,46,18,7,7,7,16,37,57,68,10
Gountawola,750,591,1 341,31,28,48,38,45,37,195,73,28,25,29,68,150,234,273,39
Gountouré-Gnégné*,271,195,466,11,9,16,13,16,13,68,26,9,9,10,23,52,81,96,14
Gountouré-Kiri*,136,89,225,5,5,8,6,8,7,31,13,5,5,5,11,25,39,46,6
Kalmamasine*,162,119,281,7,6,10,8,9,7,42,15,6,5,6,14,31,49,58,8
Kitagou,883,737,1 620,38,34,57,46,55,45,233,89,35,31,36,82,182,283,328,46
Lila,493,389,882,20,19,32,26,30,24,127,48,19,16,19,45,99,154,179,25
Loukodou*,286,217,503,12,11,18,14,17,14,70,28,11,9,11,25,57,88,103,15
Ndjahoye*,266,209,475,11,10,17,14,16,13,68,26,10,9,10,24,54,83,97,13
Saba*,689,543,1 232,29,25,44,35,41,34,179,67,26,23,27,62,138,215,251,36
Souringo*,149,99,248,5,5,9,7,8,7,35,13,5,5,5,13,28,43,52,8
Tchadi,94,39,133,3,3,5,4,4,3,18,7,3,3,3,6,14,23,29,5
Tikirkar*,201,159,360,9,8,13,10,12,10,49,20,8,7,8,19,40,62,74,11
Tiofa,689,626,1 315,31,27,47,37,44,36,190,72,28,25,29,68,149,230,265,37
Tountré-Poli,697,630,1 327,31,28,47,38,44,36,192,73,28,25,30,68,150,233,267,37
Windéwoldé,514,404,918,22,19,32,26,31,26,132,50,19,18,20,46,103,160,187,27
,,,,,,,,,,,,,,,,,,,
"""COMMUNE: GOROM-GOROM """,41 215,31 239,72 454,1 160,1 220,1 738,1 614,1 649,1 464,8 527,3 905,1 303,1 361,1 298,3 497,8 045,16 048,17 247,2 378
,,,,,,,,,,,,,,,,,,,
"""COMMUNE: GOROM-GOROM - Rural""",35 990,26 712,62 702,1 018,1 002,1 539,1 420,1 418,1 274,7 380,3 351,1 099,1 190,1 180,3 051,7 020,13 728,14 930,2 102
Adiarey-Diarey*,63,47,110,2,2,3,2,2,2,13,6,2,2,2,5,12,24,26,4
Alliakoum,628,408,1 036,8,6,8,5,1,4,151,119,35,28,18,45,98,193,308,9
Arréel,765,725,1 490,11,16,34,27,25,31,175,77,30,46,33,81,227,331,310,36
Assinga 1 (Willabé),99,24,123,0,0,0,0,0,0,0,0,0,0,0,0,1,9,110,3
Assinga 2 (Bellah),299,238,537,0,1,4,5,6,9,59,34,11,13,12,28,58,122,155,21
Bagawa,207,168,375,3,5,7,6,5,5,39,14,11,5,4,14,45,96,97,18
Balliata,643,615,1 257,108,18,65,60,71,33,226,92,10,16,18,67,72,156,228,16
Beiga,1 150,984,2 134,15,10,24,24,24,28,216,80,29,21,29,68,175,436,783,172
Belel-Séno,175,165,340,10,10,13,12,13,13,67,25,7,6,5,12,26,50,62,10
Bellagaoudi,155,144,298,1,5,2,4,4,2,8,9,4,5,6,14,53,81,87,15
Bidy I,555,422,976,2,5,6,6,9,7,82,68,21,38,18,72,145,214,254,29
Bidy II,143,155,298,0,3,5,3,3,4,31,5,4,4,13,7,31,81,96,10
Bosseye-Barabé,175,173,348,0,0,0,0,0,1,2,3,3,2,2,5,117,161,53,1
Bosseye-Dogabé,167,82,249,0,2,2,2,1,0,13,7,2,0,0,5,25,50,109,32
Bossey-Etage,229,199,428,0,1,1,1,0,0,11,6,1,2,2,7,26,136,212,22
Boukari,428,419,847,15,14,17,20,25,12,125,31,17,17,21,70,68,174,209,12
Boundouwoudou,79,50,129,0,0,0,0,0,0,2,1,4,3,3,7,22,29,56,3
Charam-Charam*,158,118,276,4,4,7,6,6,6,32,15,5,5,5,13,31,60,66,9
Dambouguel,1 938,1 316,3 254,37,25,27,26,23,19,227,236,52,81,86,164,419,1 042,719,70
Darkoye*,226,168,394,6,6,10,9,9,8,46,21,7,7,7,19,44,86,94,13
Débéré-Doumam,798,642,1 440,33,43,52,35,24,31,181,71,24,31,21,55,155,263,298,125
Débéré-Ling,433,204,636,49,10,55,9,7,7,40,22,10,5,13,55,72,81,160,41
Débéré-Nang,983,463,1 445,28,8,24,25,28,25,110,45,21,34,15,47,213,475,327,21
Débintia,431,386,817,14,7,7,5,14,8,90,45,17,8,14,14,75,146,305,49
Déibéri,411,393,804,7,15,39,34,34,28,113,34,14,15,8,36,88,174,151,15
Djaoutel,185,152,337,0,0,1,1,0,0,5,4,5,13,5,33,66,99,98,7
Djiéguérintou,540,382,922,6,5,6,13,9,7,64,24,10,14,14,54,152,233,273,40
Doumam,1 304,1 112,2 416,80,63,100,88,87,94,369,118,27,33,43,122,272,442,413,66
Essakane Site*,905,672,1 577,26,25,39,36,36,32,186,84,28,30,30,77,177,345,376,53
Essakane village*,352,262,614,10,10,15,14,14,12,72,33,11,12,12,30,69,134,146,21
Férel,617,546,1 164,6,22,24,21,25,27,126,72,32,11,15,57,105,265,310,46
Féterdé,99,80,179,3,3,5,1,5,4,24,5,2,2,7,14,34,40,31,1
Fourkoussou,99,50,149,0,1,1,0,3,1,5,6,1,1,2,7,33,39,47,2
Gagara I,335,327,663,11,9,25,26,25,24,115,51,12,16,18,30,68,88,119,25
Gagara II,275,230,505,2,10,5,6,10,10,65,52,11,18,15,31,61,109,88,13
Gaïgou,626,488,1 114,5,5,16,5,23,21,187,75,20,23,26,42,141,288,227,11
Gangani,231,220,451,14,14,16,15,17,18,89,31,9,8,6,16,35,66,82,13
Goseye 2,615,599,1 214,30,36,44,50,42,45,216,92,29,22,27,66,128,172,195,21
Goseye-Site*,454,337,791,13,13,19,18,18,16,93,42,14,15,15,38,89,173,188,27
Goseye-Village*,425,315,740,12,12,18,17,17,15,87,40,13,14,14,36,83,162,176,25
Goulgountou Kelchatmane,249,145,394,1,9,10,9,5,3,19,8,3,15,10,49,55,124,62,12
Gountouré,334,203,536,0,1,15,20,15,8,107,36,9,5,16,22,41,161,73,5
Guessel,585,445,1 029,12,50,39,45,33,38,188,43,9,17,17,41,173,227,96,1
Intara,345,16,361,0,0,1,0,2,0,7,4,1,0,1,4,15,165,155,7
Kel-Eguief,986,854,1 840,31,30,74,70,69,65,317,124,54,37,30,96,179,269,345,50
Kelfourwane,112,39,151,0,0,0,0,0,0,0,0,0,0,0,0,5,84,62,1
Kelgayane,290,205,495,15,6,10,15,9,8,56,23,5,5,1,13,23,117,163,25
Keltahount,116,84,200,1,1,4,2,4,3,15,15,5,5,10,11,25,45,54,1
Kiro-Hari*,246,183,429,7,7,11,10,10,9,50,23,8,8,8,21,48,94,102,14
Komé*,40,30,70,1,1,2,2,2,1,8,4,1,1,1,3,8,15,17,2
Koritigui,169,217,386,0,4,4,3,5,5,31,20,14,8,13,52,28,90,94,16
Korizéna,1 573,1 441,3 013,73,80,108,128,95,71,325,163,50,59,75,162,375,625,516,109
Léré-M’Bardi,239,212,451,5,5,3,12,5,7,42,44,9,28,17,39,56,76,95,7
Ley-Séno,560,476,1 036,75,16,43,24,32,14,157,75,20,32,22,75,123,153,152,24
Lillingo,774,549,1 323,7,3,5,9,8,15,181,143,75,55,60,110,197,174,280,1
Longuitiguel,189,167,356,3,5,7,10,5,5,6,1,7,8,2,25,92,96,76,8
Mamassi,613,582,1 194,35,35,43,42,45,46,235,85,25,22,16,43,94,177,216,35
Ménégou 1,301,65,366,0,1,1,3,3,0,11,9,1,2,3,6,34,95,177,22
Ménégou 2,365,220,585,8,9,14,9,18,12,70,16,10,11,15,20,71,120,154,28
N’Djidé Darga,214,200,414,12,12,15,15,16,16,82,29,9,7,5,15,33,61,75,12
N'Darga,244,231,475,14,14,16,17,18,18,95,34,9,8,6,17,37,71,86,14
N'Guidoye,889,725,1 614,59,47,103,67,81,78,275,90,26,17,28,57,135,272,253,25
Ounarè,246,167,414,0,0,4,4,7,5,40,35,5,3,8,37,31,66,94,75
Ourfou-Belel,372,349,721,0,17,39,17,51,20,111,27,12,7,7,29,82,158,135,7
Ouro-Hesso,297,345,642,16,15,18,34,28,30,120,34,8,11,11,10,37,117,115,36
Pétabarabé,269,51,320,0,0,1,1,0,1,5,1,0,2,2,2,35,53,77,141
Pétabouli*,168,125,293,5,5,7,7,7,6,34,16,5,6,6,14,33,64,70,10
Pétanouri*,28,21,49,1,1,1,1,1,1,6,3,1,1,1,2,5,11,12,2
Pételdaye,171,151,322,0,2,3,4,6,8,35,10,6,4,15,25,63,67,65,7
Pétoye,211,136,347,0,4,1,0,1,5,25,18,7,3,4,14,27,85,150,5
Saouga,1 389,1 318,2 707,18,30,57,45,57,44,306,143,49,53,35,145,347,645,665,68
Set-Séré,1 103,304,1 406,1,3,7,25,5,6,135,51,24,18,42,94,82,270,609,35
Takoye,173,159,332,6,3,5,3,6,11,43,22,7,7,6,15,25,53,95,24
Tandougou,705,369,1 074,7,14,21,22,25,26,119,44,20,31,21,69,159,225,245,25
Tasmakatt,680,244,924,3,5,8,5,6,10,54,35,14,15,11,29,77,375,255,23
Tassiri,71,18,89,0,0,0,0,1,0,0,0,0,0,0,2,5,44,36,1
Tidmarel,411,158,569,13,18,11,11,9,9,35,10,4,11,6,6,48,176,184,17
Timboulel,745,528,1 273,10,73,47,58,32,21,125,77,12,21,24,58,140,296,251,27
Tiofolboye*,188,139,327,5,5,8,7,7,7,38,17,6,6,6,16,37,72,78,11
Touka-Aguillanabé*,19,14,33,1,1,1,1,1,1,4,2,1,1,1,2,4,7,8,1
Touro,694,290,984,3,29,29,30,25,33,101,27,7,14,11,29,76,213,321,35
Zoungouwaye,217,61,278,0,0,0,0,0,0,0,1,1,0,2,8,47,95,118,6
,,,,,,,,,,,,,,,,,,,
"""COMMUNE: GOROM-GOROM - Urbain""",5 225,4 527,9 752,142,218,199,194,231,190,1 147,554,204,171,118,446,1 025,2 320,2 317,276
Secteur 1,2 225,1 748,3 973,55,75,97,93,122,85,486,235,84,70,50,149,402,1 052,846,72
Secteur 2,792,798,1 590,36,51,21,32,35,24,208,108,34,22,21,75,200,335,350,38
Secteur 3,567,595,1 162,7,14,22,31,19,23,141,62,16,14,15,63,108,225,361,41
Secteur 4,439,405,844,22,9,25,15,18,20,94,44,21,23,11,60,103,178,179,22
Secteur 5,1 202,981,2 183,22,69,34,23,37,38,218,105,49,42,21,99,212,530,581,103
,,,,,,,,,,,,,,,,,,,
"""COMMUNE: MARKOYE - Rural""",14 785,13 701,28 486,822,728,1 005,1 011,1 028,989,4 382,1 629,587,519,507,1 211,2 593,5 247,5 378,850
Bôm,962,620,1 582,6,49,59,78,73,45,184,75,16,41,29,78,166,314,320,49
Dambam I,824,767,1 591,14,34,25,37,43,44,184,84,26,31,25,80,170,412,344,38
Dambam II,845,861,1 706,102,22,71,54,53,72,269,114,76,29,39,45,201,330,195,34
Darkoye Wara-Wara,460,489,949,18,16,31,34,22,33,197,93,29,39,31,38,70,123,159,16
Deibanga Tafororat,299,278,577,0,5,27,19,33,20,89,28,12,9,8,20,47,102,134,24
Deibanga Timbossosso,588,449,1 037,3,31,47,37,47,29,148,69,23,22,20,52,93,188,191,37
Goungam,715,622,1 337,86,16,33,34,49,26,210,71,41,21,25,81,134,270,200,40
Ichagarnine,66,34,100,0,0,0,0,0,0,0,0,0,0,1,2,12,27,39,19
Idamossen,150,144,294,9,11,13,12,12,8,51,23,11,4,5,9,14,49,49,14
Iklan Idamossen,359,310,669,15,24,25,26,30,30,123,53,15,8,11,26,48,104,108,23
Iklan Oudalan,510,435,945,23,30,55,35,41,34,165,46,16,23,23,54,120,130,142,8
Inawas,834,764,1 598,69,62,68,60,68,53,212,81,22,18,28,66,139,309,312,31
Kel Arabo,212,89,301,0,0,1,2,6,3,19,8,1,3,1,4,13,64,164,12
Kel Tafadès,165,124,289,1,1,1,5,7,12,32,12,3,4,9,40,38,98,25,1
Kel Tamisgueit,177,182,359,0,0,3,3,4,5,38,18,9,14,9,22,62,82,68,22
Konsi,182,141,323,0,1,7,5,8,3,35,17,9,5,11,27,52,62,71,10
Kouna,235,185,420,1,4,5,2,4,6,36,28,12,12,1,18,40,107,124,20
Markoye,2 626,2 734,5 360,242,169,222,212,164,186,730,227,84,74,87,187,485,1 001,1 104,186
Salmossi,744,704,1 448,42,43,52,50,55,57,287,102,30,26,21,51,113,215,262,42
Tadabat,371,326,697,19,16,29,29,27,48,136,34,13,21,18,31,55,101,104,16
Tambao,303,263,566,6,4,4,1,5,4,64,35,8,11,7,25,75,147,147,23
Tin-Agadel,783,879,1 662,67,50,58,71,76,68,307,137,25,37,31,75,121,202,268,69
Tin-zonbaraten,296,207,503,1,26,20,26,24,21,83,12,4,2,4,22,28,115,108,7
Tokabangou,975,1 049,2 024,74,55,61,95,97,82,396,146,57,29,31,77,126,283,344,71
Tollel-Kaya,841,765,1 606,19,47,69,73,63,86,282,87,34,31,21,57,123,315,272,27
Tondiollel,88,99,187,0,5,8,6,8,5,33,8,2,0,2,7,10,39,48,6
Weldé Tondobanda,175,181,356,5,7,11,5,9,9,72,21,9,5,9,17,38,58,76,5
,,,,,,,,,,,,,,,,,,,
"""COMMUNE: OURSI - Rural""",9 119,7 885,17 004,441,380,559,521,542,453,2 434,945,321,329,343,870,1 642,2 884,3 836,504
Bangonadji,466,424,890,10,16,44,25,23,20,113,81,38,16,30,95,76,118,160,25
Boullel,1 082,767,1 849,32,40,46,64,114,57,413,114,29,34,36,76,123,349,301,21
Deberé,292,276,568,17,17,20,19,22,22,112,40,12,10,8,21,44,84,103,17
Dialafanka,323,345,668,0,1,3,5,7,11,81,44,24,20,14,33,102,144,149,30
Gonadaouri,202,142,344,0,5,4,3,6,2,36,27,9,9,5,23,57,75,70,13
Gountouré,387,251,638,78,7,8,25,17,15,36,20,1,13,1,27,33,95,212,50
Hondokiré,350,291,641,2,27,34,11,13,20,97,34,3,7,7,36,56,165,109,20
Kollel,890,907,1 797,0,50,123,89,78,70,288,85,42,28,39,115,170,236,323,61
Oursi,1 253,1 238,2 491,162,121,136,143,122,80,299,60,29,45,43,103,182,360,580,26
Petelgaoudi,190,80,270,0,2,2,1,2,2,2,1,3,3,3,8,20,92,118,11
Soukoundou,575,437,1 012,4,6,5,12,12,11,99,67,16,17,22,50,117,223,295,56
Tayaret,300,285,585,22,6,18,14,17,17,83,34,18,13,14,28,90,94,104,13
Thematane,195,195,390,6,0,7,13,8,10,88,14,7,8,7,14,49,67,86,6
Timbolo,261,208,469,10,7,10,10,7,14,88,23,8,9,11,19,64,58,120,11
Tin-Ediar,304,284,588,36,13,21,22,28,23,96,48,10,16,17,21,59,60,104,14
Tinhatane,215,159,374,1,3,2,2,3,6,26,31,6,8,8,21,48,83,112,14
Torom,471,370,841,1,2,6,2,4,11,132,64,20,19,22,60,83,125,238,52
Totori,216,216,432,4,5,4,9,10,14,72,30,12,7,5,7,16,67,156,14
Tounté,297,292,589,1,5,6,8,6,11,75,47,17,18,16,31,82,125,134,7
Tringuel,355,336,691,3,12,14,8,11,7,66,52,9,17,20,45,84,120,194,29
Yomboli,495,382,877,52,35,46,36,32,30,132,29,8,12,15,37,87,144,168,14
,,,,,,,,,,,,,,,,,,,
"""COMMUNE: TIN-AKOFF - Rural""",4 484,4 347,8 831,106,133,205,167,180,196,1 170,561,194,237,200,547,992,1 794,1 819,330
Bangao*,13,13,26,0,0,1,0,1,1,3,2,1,1,1,2,3,5,5,1
Beldiabé,910,834,1 744,9,17,29,23,25,22,203,103,22,44,42,137,237,403,398,29
Fadar-Fadar Nord*,14,14,28,0,0,1,1,1,1,4,2,1,1,1,2,3,6,6,1
Fadar-Fadar Sud*,36,34,70,1,1,2,1,1,2,9,4,2,2,2,4,8,14,14,3
Inabao*,27,27,54,1,1,1,1,1,1,7,3,1,1,1,3,6,11,11,2
Intangom,649,641,1 290,23,17,30,35,28,26,194,103,29,26,18,68,150,219,220,102
Intayalene*,58,57,115,1,2,3,2,2,3,15,7,3,3,3,7,13,23,24,4
Kacham-Est*,28,28,56,1,1,1,1,1,1,7,4,1,2,1,3,6,11,12,2
Kacham-Ouest*,23,22,45,1,1,1,1,1,1,6,3,1,1,1,3,5,9,9,2
Massifigui*,26,25,51,1,1,1,1,1,1,7,3,1,1,1,3,6,10,11,2
Menzourou,396,368,764,0,3,13,6,7,10,58,48,17,25,21,58,118,205,164,12
Rafnamane*,16,15,31,0,0,1,1,1,1,4,2,1,1,1,2,3,6,6,1
Tin-Akoff,798,776,1 573,17,28,46,31,37,50,255,115,39,35,24,80,111,289,383,32
Tin-Rhassane I,322,274,596,2,2,4,14,9,9,49,25,9,16,15,33,103,125,120,61
Tin-Rhassane II,218,241,459,26,5,10,10,10,12,38,15,13,24,20,42,54,106,60,14
Tin-Zalayanane,514,560,1 074,10,30,36,33,39,31,190,75,27,29,36,46,90,160,204,36
Wassakoré,436,418,854,14,24,25,6,16,24,119,46,27,26,14,53,75,190,171,25
,,,,,,,,,,,,,,,,,,,
PROVINCE: SENO,201 069,203 647,404 716,10 377,11 000,16 284,16 063,16 451,16 329,74 200,28 769,9 748,8 069,8 680,15 733,34 860,58 974,67 377,11 802
,,,,,,,,,,,,,,,,,,,
"""COMMUNE: BANI - Rural""",43 986,44 927,88 913,2 305,2 365,3 481,3 662,3 587,3 748,16 470,6 261,2 118,1 671,2 034,3 251,7 441,12 974,14 957,2 588
Adoudié,587,566,1 153,27,30,54,45,43,53,224,85,28,16,28,35,119,168,173,25
Alalel,318,311,629,30,4,22,28,27,23,133,47,11,12,15,26,37,94,98,22
Amsia,1 077,1 122,2 199,68,66,83,87,90,91,443,150,64,34,40,73,176,303,371,60
Babirka Mango,511,504,1 015,13,40,36,44,39,43,201,59,24,9,26,30,73,142,194,42
Babirka Ouro Demoa,215,213,428,7,6,18,15,23,24,59,21,9,4,8,21,26,74,95,18
Babirka Ouro Esso,687,721,1 408,68,17,40,49,53,61,234,95,42,32,26,49,109,211,271,51
Babirka Ouro Sory,790,900,1 690,21,68,79,77,62,83,308,125,39,29,40,67,122,244,281,45
Babirka Tangassouka,382,372,754,13,11,31,28,24,40,155,63,24,7,7,25,46,99,160,21
Bamguel,618,704,1 322,16,50,63,61,52,56,233,86,25,16,28,44,120,203,227,42
Bamloye,233,240,473,11,21,28,19,26,14,86,24,6,10,12,15,44,70,71,16
Bani,4 389,4 626,9 015,257,269,329,343,356,362,1 635,632,215,168,222,315,753,1 398,1 484,277
Bayeldiaga,529,581,1 110,5,14,8,17,19,25,217,126,24,30,11,49,102,187,261,15
Binderé,730,805,1 535,54,52,83,69,63,69,268,120,26,33,28,55,162,232,194,27
Bomboel,633,679,1 312,33,37,35,42,58,58,267,85,23,19,28,41,122,205,216,43
Bouna,915,1 014,1 929,81,35,87,101,104,70,382,135,33,41,46,69,142,260,288,55
Bouo,718,696,1 414,29,38,58,49,64,65,257,115,23,29,32,67,155,202,193,38
Dalinga,962,967,1 929,32,55,74,87,86,86,348,134,44,41,38,64,173,259,324,84
Debere diouldé,405,416,821,19,23,37,27,33,32,145,63,19,10,25,19,71,130,150,18
Dianalaye,1 825,1 731,3 556,78,101,117,124,125,151,683,258,97,74,96,127,311,549,572,93
Diatou,779,854,1 633,20,51,50,76,58,88,315,126,25,30,36,57,121,235,287,58
Diouga,449,456,905,16,20,28,34,36,37,170,65,23,13,19,37,67,134,172,34
Fidialaré,1 276,1 138,2 414,88,59,97,114,98,97,447,177,61,54,54,93,202,357,361,55
Gangaol,1 389,1 564,2 953,57,71,99,110,109,113,518,213,78,61,67,76,222,480,588,91
Gassel,1 169,1 111,2 280,27,61,110,84,88,99,448,137,60,38,37,78,213,364,394,42
Gorouel kadje,715,629,1 344,20,32,46,51,56,51,227,91,22,24,35,65,135,199,262,28
Gorouol kolle,521,576,1 097,45,14,44,60,43,41,200,65,30,27,26,32,85,147,204,34
Goundere,634,595,1 229,34,25,49,43,64,52,230,81,29,20,28,55,111,173,198,37
Guidere,737,793,1 530,37,51,59,54,63,64,325,126,37,33,32,52,108,196,257,36
Kallo,458,530,988,19,28,40,45,48,32,185,75,22,14,23,40,73,131,172,41
Karegoussi,696,702,1 398,55,43,63,61,65,57,268,96,26,29,24,48,91,194,241,37
Karga,615,602,1 217,45,7,47,39,39,47,232,99,35,21,46,36,82,160,239,43
Lamdamaol,2 858,2 927,5 785,194,154,236,262,252,261,1 090,424,139,103,122,222,508,826,833,159
Lerel,265,255,520,18,12,28,20,26,33,94,20,15,12,7,21,48,72,84,10
Loutougou,550,311,861,20,13,15,28,15,24,77,29,13,7,9,22,84,278,211,16
Monga,1 926,1 962,3 888,90,88,183,131,151,139,648,269,112,86,97,184,362,561,659,128
Moudjouma,701,754,1 455,52,63,62,62,57,43,267,80,30,21,43,41,126,218,258,32
Ourfare djouma,1 100,1 109,2 209,29,80,77,107,106,102,427,151,61,40,53,72,186,307,360,51
Ouro belco,154,137,291,2,8,11,13,11,15,64,27,5,7,6,10,21,32,46,13
Ouro Hoyendé,239,243,482,11,8,17,20,11,28,64,33,14,9,13,28,43,67,91,25
Ouro Noma,622,707,1 329,44,37,53,63,54,66,236,87,33,34,37,44,99,169,228,45
Ouro Sambo,274,310,584,24,14,20,21,22,20,117,44,13,17,16,18,25,81,119,13
Ouro Tiaguel,468,525,993,29,20,46,41,43,43,180,88,42,19,20,47,65,127,149,34
Pagalaga,1 188,1 155,2 343,73,58,112,114,94,102,461,149,64,37,76,90,208,305,348,52
Petareobe,667,714,1 381,61,27,79,62,62,59,267,94,24,24,35,62,93,164,233,35
Seno sofare,634,637,1 271,21,29,51,67,50,60,199,76,23,24,31,54,117,195,243,31
Solsala,382,449,831,17,20,30,33,24,35,149,61,21,19,23,24,82,114,143,36
Tchelel,501,496,997,3,54,48,34,37,42,198,66,24,21,22,43,80,135,160,30
Terbiel,502,472,974,31,11,53,58,33,53,205,68,25,12,15,32,79,136,133,30
Tiabia,639,529,1 168,38,28,29,49,57,46,222,98,37,26,16,40,94,154,202,32
Tialel,684,773,1 457,44,40,46,72,56,61,273,108,39,26,33,61,124,185,243,46
Tialol Tiope,1 211,1 241,2 452,78,82,100,111,90,111,483,158,47,54,65,89,206,333,369,76
Tibilindi,716,725,1 441,14,16,39,58,49,53,259,115,30,26,27,71,137,241,262,44
Tiguibamloye,402,424,826,20,31,33,38,52,39,133,44,13,14,19,30,70,124,145,21
Tiombiel,133,107,240,10,1,10,8,6,13,46,20,7,3,7,13,17,21,51,7
Windé Daké,397,398,795,25,9,33,28,48,33,158,49,18,11,23,25,70,113,115,37
Windé Djibairou,487,502,989,12,43,36,50,41,44,185,71,28,27,25,25,83,120,163,36
Windé Gnebe,324,347,671,20,20,20,29,26,39,125,58,17,14,11,23,41,96,111,21
,,,,,,,,,,,,,,,,,,,
"""COMMUNE: DORI """,89 815,90 744,180 559,4 729,4 811,7 106,6 856,7 086,7 135,32 556,12 865,4 365,3 562,3 699,7 168,15 593,26 558,30 690,5 780
,,,,,,,,,,,,,,,,,,,
"""COMMUNE: DORI - Rural""",66 630,67 417,134 047,3 500,3 521,5 586,5 402,5 634,5 696,25 429,9 708,3 216,2 639,2 677,5 083,10 702,18 239,22 587,4 428
Baaga,579,609,1 188,38,29,46,64,55,50,228,68,30,19,13,51,103,147,215,32
Bafelé,883,931,1 814,84,45,76,64,97,72,348,145,39,42,32,59,149,249,268,45
Balandagou,933,881,1 814,42,45,89,80,98,74,340,142,58,33,35,62,154,255,266,41
Bambofa,1 493,1 441,2 934,28,87,106,113,111,132,575,244,73,53,54,113,261,454,434,96
Bargare,246,220,466,22,9,11,17,10,13,78,49,11,13,3,23,40,56,93,18
Beguentigui,226,242,468,3,21,17,21,23,26,85,27,6,5,9,21,29,79,80,16
Bellare Djamalel,143,159,302,0,13,12,11,12,12,47,20,8,8,4,13,22,48,60,12
Bellare Maga,223,254,477,6,9,12,11,19,17,81,35,14,7,12,17,38,66,112,21
Beybaye,758,710,1 468,2,39,60,55,76,66,275,113,32,33,28,58,101,202,270,58
Billy,607,677,1 284,45,38,51,50,46,72,254,86,26,27,22,52,82,155,227,51
Binguel,336,349,685,35,21,29,28,30,32,135,48,20,18,17,27,42,66,115,22
Boudounguel,912,898,1 810,36,53,73,68,80,65,334,129,39,24,32,55,152,259,358,53
Bouloye,1 850,1 847,3 697,135,86,150,135,172,139,643,256,75,70,70,164,279,536,645,142
Bouloye Thiouly,1 833,1 838,3 671,103,86,174,137,174,165,688,314,79,79,92,156,276,424,615,109
Boundou Woundoudou,317,316,633,31,10,37,40,44,13,109,38,9,14,16,18,45,87,101,21
Boureye longondjou,558,625,1 183,26,43,48,33,61,45,228,92,30,15,25,32,88,156,221,40
Boureye Longué,556,625,1 181,26,34,51,38,38,51,224,74,31,20,30,46,104,171,194,49
Dangade,728,626,1 354,19,31,37,37,37,55,246,85,29,36,17,60,135,223,254,53
Dani,1 407,1 533,2 940,49,86,117,126,107,123,572,235,76,61,67,94,208,406,499,114
Dantchadi,777,806,1 583,0,33,90,60,52,72,297,108,37,28,23,55,129,249,281,69
Debere Talata,685,739,1 424,41,41,75,73,67,46,268,98,44,31,43,53,98,175,218,53
Demni,1 039,1 208,2 247,28,71,73,89,91,93,417,190,44,53,45,94,202,325,328,104
Djigo,920,850,1 770,14,21,47,41,43,56,336,164,52,41,51,78,174,279,331,42
Fetombaga,399,389,788,35,24,19,35,29,34,145,66,13,26,14,31,61,90,140,26
Fetombale,856,747,1 603,26,35,76,68,78,77,284,84,36,30,35,55,108,253,310,48
Foulgou,821,715,1 536,29,27,43,48,41,48,270,110,49,35,27,78,158,228,312,33
Gassel Biankou,413,363,776,33,16,42,37,21,29,163,62,7,11,14,20,58,140,113,10
Gotogou,683,775,1 458,39,30,63,55,59,78,295,94,43,27,18,54,116,197,236,54
Goudoubo,108,108,216,2,4,6,3,3,3,37,22,4,4,11,12,16,38,47,4
Guidé,957,925,1 882,50,42,82,67,69,74,387,143,62,42,42,71,146,284,279,42
Hogga,1 070,1 150,2 220,50,85,85,108,88,90,431,149,46,46,46,71,193,267,391,74
Hoggo Samboel,645,609,1 254,34,33,72,58,60,57,241,79,41,12,27,48,82,167,210,33
Kabeika,1 096,1 107,2 203,57,50,85,94,74,104,393,166,51,53,60,77,214,288,352,85
Kampiti,1 887,2 079,3 966,178,95,144,176,197,214,821,314,97,71,74,132,261,462,588,142
Katchari,717,732,1 449,59,15,83,62,61,70,264,76,36,29,43,47,112,161,284,47
Katchirga,3 926,3 952,7 878,238,252,336,317,335,263,1 501,563,209,184,154,304,615,1 038,1 307,262
Kiryollo Ouro Arsaba,719,740,1 459,49,56,70,58,61,68,298,123,38,27,33,47,98,162,234,37
Kodjalaye,1 241,1 148,2 389,63,103,128,84,105,135,472,121,55,26,42,101,204,284,360,106
Koria,1 882,1 800,3 682,151,56,129,155,153,140,631,215,68,71,56,118,320,660,621,138
Kouri,493,534,1 027,29,12,44,39,52,37,179,70,31,10,26,48,81,141,194,34
Lerbou,636,805,1 441,64,39,53,58,61,69,265,101,31,30,27,48,96,172,270,57
Lere Ibaye,569,524,1 093,22,32,42,46,49,46,216,82,27,23,15,47,98,128,183,37
Malbo,1 304,1 304,2 608,51,93,139,110,104,131,441,171,55,46,37,118,217,346,445,104
Mallere,653,707,1 360,36,43,48,65,56,56,217,104,31,24,30,49,121,184,245,51
Mamassiol,1 632,1 770,3 402,123,94,159,166,163,156,702,273,79,50,57,87,222,421,540,110
M'bamga,2 391,2 338,4 729,165,105,172,171,179,209,803,300,93,98,100,184,418,660,908,164
Nakou,480,591,1 071,42,27,41,43,48,46,221,79,26,21,21,36,74,130,170,46
N'diolloa,129,102,231,9,0,10,7,9,10,52,15,11,5,4,8,22,27,39,3
Nelba,312,327,639,31,21,17,13,27,31,128,47,23,12,8,33,49,71,111,17
Nobiol,708,729,1 437,16,43,62,58,57,63,301,110,35,35,41,57,133,172,215,39
Oulo,1 528,1 544,3 072,46,56,129,147,129,144,620,158,54,31,45,81,209,573,551,99
Ourfou,513,487,1 000,29,30,36,35,39,39,198,70,20,17,17,32,79,149,181,29
Ouro baagabe,526,546,1 072,33,19,61,38,44,39,218,84,30,14,17,51,82,134,164,44
Ouro Longa,146,124,270,0,10,14,11,9,9,48,10,5,4,4,4,10,58,61,13
Ouro torobe,550,591,1 141,36,34,37,47,53,35,209,86,34,26,21,39,85,128,224,47
Padala,677,714,1 391,16,72,80,74,66,80,287,101,35,34,32,56,107,183,145,23
Pempendiangou,166,200,366,12,12,16,15,14,16,82,34,10,4,5,12,25,37,60,12
Peoukoye,2 648,2 504,5 152,117,185,185,217,209,262,944,375,107,121,129,216,441,680,809,155
Petakolle,223,221,444,26,7,8,16,7,16,65,40,10,9,5,25,42,65,89,14
Sambonaye,1 509,1 467,2 976,52,88,161,121,115,143,609,210,73,58,59,135,236,363,453,100
Selbo,875,906,1 781,39,38,71,65,57,65,318,154,45,40,36,68,135,241,333,76
Soumkoum,79,96,175,0,7,16,8,4,14,26,11,4,4,1,8,14,27,30,1
Sourtatibe Touka,124,91,215,3,4,6,6,10,6,52,12,8,4,3,6,10,28,52,5
Taaka,1 922,1 904,3 826,90,110,171,152,174,163,733,299,96,79,58,143,285,530,633,110
Thioumbonga,79,86,165,3,6,8,10,3,4,35,9,4,3,3,9,12,20,31,5
Tigou,390,435,825,22,22,29,39,38,36,161,73,27,9,13,31,56,100,133,36
Tobidioga,502,575,1 077,26,30,48,42,44,49,228,82,32,22,26,45,87,98,182,36
Tohounguel,1 514,1 491,3 005,170,51,125,133,153,106,597,209,70,75,73,130,229,352,451,81
Touka Bayel,865,993,1 858,30,60,56,71,94,91,374,126,37,25,43,56,140,245,344,66
Touka Diomga,303,273,576,8,15,16,27,24,17,92,35,17,15,8,30,69,83,91,29
Touka Korno,439,465,904,34,12,49,38,39,27,135,52,14,13,15,38,86,124,189,39
Touka Ouro Nala,197,179,376,15,10,12,20,14,24,68,29,11,7,8,17,27,49,54,11
Touka Welde,360,343,703,22,14,26,24,33,37,126,60,8,10,15,21,69,113,104,21
Touka Wendou,241,255,496,0,8,15,20,18,17,96,44,15,4,14,28,40,59,104,14
Welde Katchirga,640,676,1 316,33,37,73,56,59,61,259,93,28,24,30,47,104,168,203,41
Yacouta,1 142,1 165,2 307,79,39,99,96,89,107,448,201,59,50,44,66,166,281,405,78
Yebelba,1 539,1 491,3 030,39,68,115,114,125,117,559,217,100,58,57,142,271,477,507,64
Yirga,2 197,2 141,4 338,26,94,193,168,189,145,876,335,104,101,94,165,382,636,715,115
,,,,,,,,,,,,,,,,,,,
"""COMMUNE: DORI - Urbain""",23 185,23 327,46 512,1 229,1 290,1 520,1 454,1 452,1 439,7 127,3 157,1 149,923,1 022,2 085,4 891,8 319,8 103,1 352
Secteur 1,3 709,3 921,7 630,173,210,255,224,215,212,1 099,577,200,192,175,365,802,1 477,1 277,177
Secteur 2,1 856,1 850,3 706,80,92,116,88,101,103,499,237,82,71,69,143,417,883,651,74
Secteur 3,1 796,1 832,3 628,109,87,80,91,99,86,535,291,98,84,74,144,319,574,778,179
Secteur 4,2 641,2 765,5 406,110,142,125,124,150,121,759,353,141,103,115,254,570,1 015,1 105,219
Secteur 5,6 924,6 384,13 308,331,401,397,380,406,389,1 884,794,313,234,307,682,1 732,2 546,2 271,241
Secteur 6,922,993,1 915,79,33,83,81,69,74,354,136,36,39,52,67,138,263,328,83
Secteur 7,3 862,4 068,7 930,217,246,338,321,308,314,1 460,586,207,142,164,316,682,1 201,1 165,263
Secteur 8,1 475,1 514,2 989,130,79,126,145,104,140,537,183,72,58,66,114,231,360,528,116
,,,,,,,,,,,,,,,,,,,
"""COMMUNE: FALAGOUNTOU - Rural""",16 501,17 389,33 890,944,1 001,1 449,1 439,1 521,1 366,6 530,2 510,762,738,704,1 432,2 887,4 853,5 019,735
Belgou,566,578,1 144,33,42,56,48,63,52,214,83,17,27,36,34,90,140,180,29
Ekeou,636,446,1 082,1,21,37,38,35,35,199,75,31,16,28,47,95,189,198,37
Falagountou,7 013,7 758,14 771,479,435,598,629,657,624,3 044,1 101,335,303,296,594,1 183,2 136,2 057,300
Fetobarabe,601,727,1 328,61,14,55,73,56,51,241,106,25,38,18,55,127,182,195,31
Gomo,522,539,1 061,17,27,43,40,32,46,178,93,20,27,19,66,86,145,196,26
Goulgountou,1 158,1 076,2 234,26,56,106,93,90,69,367,151,56,52,54,93,218,376,390,37
Gourara,433,472,905,49,23,40,54,39,44,154,51,19,4,11,49,97,144,104,23
Haïni,395,457,852,29,22,36,31,33,37,146,72,28,21,20,37,66,127,129,18
Haïni-Clinganaye,313,306,619,15,16,15,28,28,25,109,38,18,14,23,30,60,91,101,8
Kargono,2 017,2 136,4 153,132,170,243,191,204,167,798,316,87,95,85,154,370,549,527,65
Sella,320,331,651,15,28,29,27,28,28,104,58,7,26,17,33,71,62,99,19
Wiboria,1 469,1 606,3 075,65,83,117,119,173,121,654,214,81,61,60,134,201,380,515,97
Zargaloutan,785,758,1 543,14,48,64,60,68,55,247,132,29,42,28,71,166,258,234,27
Zeydrabe,273,199,472,8,16,10,8,15,12,75,20,9,12,9,35,57,74,94,18
,,,,,,,,,,,,,,,,,,,
"""COMMUNE: GORGADJI - Rural""",16 632,17 373,34 005,859,951,1 466,1 357,1 530,1 482,6 870,2 530,938,721,772,1 208,2 806,4 378,5 264,873
Bangataka,465,448,913,23,13,27,48,44,43,181,61,25,10,18,23,83,136,157,21
Bangataka Lere,937,881,1 818,55,43,73,77,68,78,372,132,41,44,53,82,136,210,297,57
Bouloye siguidi,816,933,1 749,51,31,79,94,78,79,359,113,64,35,31,56,127,222,286,44
Boundougnoudji,938,1 048,1 986,44,64,92,85,107,88,424,163,47,34,51,64,182,219,262,60
Demniol,1 095,1 042,2 137,29,30,118,65,111,80,410,172,75,45,45,79,183,288,351,56
Diobbou,1 248,1 255,2 503,31,45,77,99,117,100,504,183,61,56,62,91,263,337,425,52
Gorgadji,5 050,5 518,10 568,344,307,440,410,444,483,2 132,792,322,248,262,400,843,1 322,1 565,254
Gorouol galole,748,796,1 544,73,42,106,56,99,60,277,101,39,21,27,70,106,194,243,30
Guide,520,518,1 038,30,32,49,32,35,49,217,73,31,22,26,28,91,122,166,35
Lelly,1 491,1 566,3 057,69,104,147,147,147,135,648,252,78,49,57,86,227,447,404,60
Lere,361,346,707,21,21,25,25,27,28,140,50,15,12,14,21,55,105,127,21
Oulfou Alfa,107,102,209,6,6,8,7,8,8,41,15,5,4,4,7,16,31,37,6
Peteguerse,1 221,1 319,2 540,43,97,96,93,113,111,540,183,64,56,58,98,221,301,394,72
Tadjo,417,398,815,24,24,29,28,31,32,161,58,17,14,16,24,64,122,148,23
Tiekaledji,271,271,542,5,25,22,13,22,22,102,51,18,17,13,25,46,74,74,13
Tonga,947,932,1 879,11,67,78,78,79,86,362,131,36,54,35,54,163,248,328,69
,,,,,,,,,,,,,,,,,,,
"""COMMUNE: SAMPELGA - Rural""",10 604,10 336,20 940,496,585,937,851,852,790,3 478,1 319,436,396,434,911,1 906,3 225,3 695,629
Aligaga I,765,813,1 578,23,43,77,63,67,54,285,119,45,33,39,72,154,223,236,45
Aligaga II,730,651,1 381,33,37,54,51,50,74,258,80,41,17,30,43,109,211,257,36
Bandiedaga,1 150,1 095,2 245,63,77,126,106,98,95,420,143,45,35,42,91,171,307,365,61
Damdegou,1 241,1 197,2 438,67,80,127,112,119,72,382,133,30,56,57,135,223,379,391,75
Koyra,547,514,1 061,26,33,44,47,52,37,217,76,25,15,21,45,77,163,143,40
Mira,800,762,1 562,30,54,78,72,69,52,268,113,32,39,35,61,156,221,248,34
Niagassi,1 179,1 086,2 265,41,88,86,93,96,81,333,124,34,58,45,136,230,349,430,41
Sampelga,1 988,1 903,3 891,81,95,169,131,132,144,598,231,99,57,75,135,383,695,725,141
Waboti I,325,369,694,8,13,30,9,16,10,80,46,12,13,16,30,76,124,163,48
Waboti II,699,699,1 398,17,24,46,50,56,53,214,86,19,31,27,69,108,240,325,33
Woulmassoutou,1 180,1 247,2 427,107,41,100,117,97,118,423,168,54,42,47,94,219,313,412,75
,,,,,,,,,,,,,,,,,,,
"""COMMUNE: SEYTENGA - Rural""",23 531,22 878,46 409,1 044,1 287,1 845,1 898,1 875,1 808,8 296,3 284,1 129,981,1 037,1 763,4 227,6 986,7 752,1 197
Badourlébé,270,232,502,0,13,28,19,19,20,72,38,11,12,17,22,46,67,102,16
Bambary,749,654,1 403,5,33,49,48,55,54,253,112,34,33,32,52,135,217,255,36
Bandiedaga Gourmantche,2 958,3 168,6 126,146,232,282,293,266,294,1 210,433,132,153,152,228,564,864,762,115
Bandiedaga Lerel,681,617,1 298,20,28,95,45,66,40,252,115,35,23,26,45,131,172,178,27
Banguel Daou,437,384,821,13,16,40,36,32,30,155,68,10,16,16,35,95,118,122,19
Banguel Daou Didiole,502,426,928,20,22,51,36,56,40,164,63,19,13,23,30,97,138,132,24
Bellaré,1 058,1 083,2 141,95,42,115,91,111,63,416,167,59,42,63,88,171,254,310,54
Foufou,752,676,1 428,17,46,65,55,67,74,229,80,34,10,38,63,168,246,206,30
Hakoundel,244,223,467,9,6,11,15,13,14,48,33,11,6,6,19,44,97,110,25
Inagabou,509,445,954,28,9,22,31,26,40,167,60,27,20,22,47,86,155,188,26
Keindabé,423,385,808,1,39,29,24,31,31,135,62,26,19,28,28,59,122,141,33
Kourakou,1 191,1 152,2 343,40,69,99,108,97,97,413,153,52,47,57,85,219,330,410,67
Lamana,484,447,931,24,23,40,33,42,40,156,67,26,19,25,29,103,132,148,24
Ouro ahidjo,1 053,993,2 046,50,55,70,75,78,68,373,128,65,41,41,92,200,304,346,60
Ouro daka,535,469,1 004,19,19,59,43,38,46,175,66,21,22,28,47,73,155,160,33
Ouro foni,481,442,923,8,23,35,45,40,44,170,56,20,24,12,30,80,160,159,17
Oussaltan Banguel Daou,152,129,281,7,9,11,16,7,9,40,22,8,0,6,15,37,41,50,3
Oussaltan Dongobé,328,300,628,7,12,24,20,36,22,91,30,12,9,7,26,58,111,136,27
Petel Habé,530,511,1 041,42,31,38,51,55,44,183,56,14,17,14,37,123,172,148,16
Petel Karkallé,316,277,593,6,23,19,13,30,19,104,49,12,12,9,16,63,94,105,19
Seno Tiondi,390,357,747,13,23,16,32,31,27,155,57,7,17,11,29,52,84,164,29
Seytenga,3 297,3 341,6 638,113,178,213,227,221,219,1 030,472,192,141,148,229,629,1 167,1 307,152
Sidibebe,1 670,1 515,3 185,105,100,109,134,114,109,592,202,61,66,73,155,296,454,508,107
Soffokel,2 466,2 585,5 051,145,122,168,226,173,177,966,405,131,125,116,161,379,758,875,124
Tandakoye,492,512,1 004,30,35,41,45,48,39,168,78,20,18,14,38,87,143,171,29
Tao,654,671,1 325,36,38,51,70,56,57,261,76,38,35,22,50,104,174,224,33
Yattakou,909,884,1 793,45,41,65,67,67,91,318,136,52,41,31,67,128,257,335,52
,,,,,,,,,,,,,,,,,,,
PROVINCE: SOUM,180 411,183 250,363 661,11 113,11 964,16 295,15 431,16 052,15 463,70 956,25 287,8 042,6 901,7 864,14 811,29 878,50 673,54 508,8 423
,,,,,,,,,,,,,,,,,,,
"""COMMUNE: ARBINDA** - Rural""",46 657,51 790,98 447,3 563,3 352,4 682,4 413,4 806,4 740,19 853,6 389,2 284,1 912,2 402,3 882,7 777,12 820,13 270,2 302
Aladjou*,603,671,1 274,46,43,60,57,62,62,258,82,29,25,31,51,101,166,171,30
Arba-Débéré*,378,419,797,29,27,38,36,38,39,160,51,19,16,19,32,63,104,108,18
Arbinda,21 713,24 105,45 818,1 659,1 560,2 179,2 054,2 237,2 206,9 240,2 973,1 063,890,1 118,1 806,3 619,5 967,6 176,1 071
Arra*,898,997,1 895,68,65,90,85,92,91,383,123,44,37,46,75,150,247,255,44
Bamguel-baguel*,42,42,84,3,2,4,4,4,4,16,6,2,2,2,3,7,11,12,2
Belgou*,820,912,1 732,62,59,82,78,84,83,350,112,40,33,42,69,137,225,234,42
Belhouro*,893,992,1 885,68,65,89,84,92,91,381,123,44,37,45,74,149,245,254,44
Bossey*,471,523,994,36,34,47,44,48,48,199,65,23,19,24,40,79,130,134,24
Boulikessi*,281,312,593,21,20,28,26,28,29,120,39,14,12,15,23,47,77,80,14
Dalla*,430,477,907,33,31,44,40,44,44,180,59,21,18,22,36,72,119,122,22
Dampela*,438,486,924,33,31,44,42,46,45,185,60,21,18,23,36,73,121,124,22
Dandio*,199,217,416,15,14,20,18,20,20,84,27,10,9,10,16,33,54,56,10
Demtou*,568,632,1 200,44,41,57,54,58,58,240,78,28,23,29,48,95,157,162,28
Djamkolga*,352,392,744,27,25,36,34,36,36,150,49,17,14,18,28,59,97,100,18
Djika*,1 384,1 538,2 922,106,100,139,131,142,141,590,190,67,56,71,116,231,380,394,68
Foubé*,258,287,545,20,18,26,24,26,27,111,35,13,11,13,22,43,71,73,12
Gaïk-Goata*,969,1 076,2 045,74,69,98,92,100,97,412,133,48,40,50,81,162,267,276,46
Gaselnaye*,685,762,1 447,52,49,69,65,70,70,291,94,34,28,36,57,115,188,195,34
Gasseliki*,1 156,1 285,2 441,89,83,116,110,119,118,493,158,57,46,60,96,193,318,328,57
Gorel*,1 053,1 171,2 224,81,75,106,100,108,107,449,145,52,44,54,88,173,290,300,52
Gorguel*,264,290,554,20,19,26,25,27,27,111,36,13,11,14,22,43,72,75,13
Irakoulga*,393,433,826,29,28,40,37,41,39,167,53,19,16,20,33,65,108,111,20
Katté*,396,435,831,30,28,40,37,40,40,167,54,19,16,20,33,67,108,112,20
Kioké*,468,520,988,36,34,47,44,48,48,201,64,23,19,24,39,77,128,133,23
Kougri-koulga*,643,714,1 357,49,46,64,61,68,66,272,88,31,26,33,54,107,177,183,32
Kouilpagré*,439,487,926,33,32,44,42,46,45,187,59,21,18,23,36,74,121,125,20
Liki*,1 216,1 347,2 567,93,87,122,115,126,124,520,166,59,49,63,101,203,333,346,60
Lilgomdé*,1 261,1 401,2 662,96,91,126,120,130,128,538,172,61,52,65,105,210,347,359,62
Madoudji*,654,726,1 380,50,47,65,62,68,66,279,90,32,27,34,54,109,179,186,32
Niafo*,798,887,1 685,61,57,80,76,82,81,340,109,39,33,41,66,133,219,228,40
Oualdéguédé*,534,594,1 128,41,39,54,50,57,54,228,73,26,21,28,44,89,146,152,26
Ouilao*,103,106,213,8,7,10,9,10,10,46,14,4,4,5,8,17,27,29,5
Oulf-Alpha*,537,596,1 133,41,39,54,50,56,53,229,74,27,22,28,44,89,148,153,26
Palal-sambo*,767,852,1 619,58,56,77,72,79,78,328,105,38,31,39,64,127,211,218,38
Pelhouté*,798,887,1 685,61,57,80,76,82,80,340,109,39,33,41,67,133,219,228,40
Pem*,176,192,368,13,13,18,16,18,18,76,24,8,7,9,14,29,48,49,8
Peteldiré*,160,177,337,12,13,16,16,16,16,67,22,8,7,8,13,26,44,45,8
Petelkotia*,332,368,700,25,24,34,32,34,34,141,45,16,14,17,27,55,91,95,16
Sanga*,505,561,1 066,39,36,50,48,52,52,215,69,25,21,26,42,84,139,143,25
Sikiré*,984,1 111,2 077,76,71,99,94,103,100,404,136,51,40,51,83,166,272,282,49
Sirgné*,205,228,433,16,14,20,18,22,21,88,28,10,9,11,17,34,57,58,10
Werapoli*,274,304,578,21,20,28,26,28,27,116,38,13,11,14,23,46,75,78,14
Yalanga*,1 159,1 278,2 447,89,83,116,109,119,117,501,159,56,47,60,96,193,317,328,57
,,,,,,,,,,,,,,,,,,,
"""COMMUNE: BARABOULE** - Rural""",13 459,13 006,26 465,723,860,1 152,1 171,1 128,1 019,5 262,1 873,527,439,545,1 000,2 114,3 850,4 211,591
Baniel*,213,206,419,11,13,18,18,17,16,86,30,9,7,8,16,33,61,67,9
Baraboulé*,1 128,1 092,2 220,60,73,96,98,94,85,444,157,44,37,46,84,177,323,353,49
Dambougaré*,248,240,488,14,15,22,22,21,19,98,34,9,8,10,18,39,71,77,11
Dankanao,878,823,1 701,47,55,74,76,72,65,338,121,34,28,35,64,136,247,271,38
Dohouré,255,255,510,14,17,22,22,21,19,103,36,11,8,11,19,41,74,81,11
Dohouré-Foulbé,193,174,367,10,12,16,17,16,14,72,26,7,6,7,14,29,54,59,8
Dotoka,816,820,1 636,45,53,71,72,69,63,325,115,33,27,34,62,131,239,260,37
Fargou,143,136,279,7,9,12,12,12,11,55,20,5,5,6,11,22,41,45,6
Fili-Fili,983,928,1 911,52,63,83,84,82,73,380,136,38,32,39,73,152,278,304,42
Gadiougou*,283,276,559,16,18,24,24,24,22,110,40,11,9,11,21,45,82,89,13
Gassediouga,71,68,139,4,4,6,6,6,5,29,10,3,2,3,5,11,20,22,3
Gasseltepaoua,600,665,1 265,34,41,54,56,54,49,251,89,25,21,26,48,102,185,202,28
Hocoulourou,888,865,1 753,48,57,76,77,75,68,347,125,35,29,36,67,140,255,279,39
Konga,223,161,384,11,13,17,17,17,15,76,27,8,6,8,14,30,55,61,9
Lessam,537,497,1 034,28,33,45,46,44,40,206,74,21,17,21,39,82,150,165,23
Mehena,129,107,236,7,7,10,11,10,9,47,17,5,4,5,9,18,34,37,6
Oudouga,479,496,975,27,31,43,43,41,38,194,69,19,16,20,37,78,143,155,21
Ouindoupoli,1 203,1 081,2 284,62,74,100,101,98,89,454,162,46,38,47,86,182,331,363,51
Pahoundé*,615,599,1 214,34,39,53,54,51,46,242,86,24,20,25,46,97,177,193,27
Petalbaye,401,390,791,21,26,35,35,34,31,156,56,16,13,17,30,63,115,125,18
Petalkoulerou*,993,968,1 961,53,64,86,87,83,76,391,138,39,32,40,74,157,285,312,44
Pétégoli,1 247,1 305,2 552,70,85,111,115,112,97,502,177,49,45,53,96,206,371,406,57
Petel,278,205,483,13,16,21,21,20,18,98,35,10,8,10,18,38,69,77,11
Soffi,92,101,193,5,6,8,8,8,8,38,14,4,3,4,7,16,28,31,5
Windeboki*,563,548,1 111,30,36,49,49,47,43,220,79,22,18,23,42,89,162,177,25
,,,,,,,,,,,,,,,,,,,
"""COMMUNE: DIGUEL - Rural""",3 680,3 692,7 372,286,270,323,313,297,270,1 254,535,134,141,132,342,619,986,1 252,218
Belem-balou,356,345,701,26,23,35,20,25,26,130,63,18,18,18,36,60,85,99,17
Diguel,772,824,1 596,61,56,49,63,64,65,278,119,20,30,27,65,133,200,313,51
Doundoubangou,1 094,1 071,2 165,89,92,102,84,85,102,377,161,41,40,31,82,162,298,353,68
Kenou*,98,98,196,8,7,9,8,8,7,33,14,4,4,4,9,16,26,33,6
Kouyé,375,355,730,12,25,47,42,25,20,118,33,11,8,6,32,80,120,128,23
Lassa,280,259,539,29,19,28,40,34,15,45,39,15,14,9,30,53,78,76,17
Pelem-pelem,190,177,367,11,11,14,13,14,14,73,26,8,7,5,13,29,55,66,11
Pété Hadjè,181,173,354,8,1,10,5,10,6,62,15,10,2,15,35,39,53,70,16
Thiofi,334,389,723,43,35,30,38,32,15,137,65,8,19,18,40,47,73,112,11
,,,,,,,,,,,,,,,,,,,
"""COMMUNE: DJIBO """,41 516,41 695,83 211,2 662,2 577,3 513,3 457,3 495,3 355,15 723,5 984,1 949,1 622,1 649,3 270,6 838,12 081,13 166,1 870
,,,,,,,,,,,,,,,,,,,
"""COMMUNE: DJIBO - Rural""",11 456,10 293,21 749,531,692,945,909,886,882,3 980,1 501,458,426,447,895,1 882,3 408,3 556,351
Allamina,167,150,317,2,5,15,18,16,9,69,26,13,7,2,7,22,51,54,1
Bani,182,79,261,5,14,8,9,6,6,12,2,3,6,4,12,40,61,61,12
Banikani,205,199,404,11,25,37,33,27,26,51,12,1,0,1,6,84,80,10,0
Borguendé,1 448,1 361,2 809,89,89,112,115,111,114,514,207,49,54,59,97,235,434,463,67
Diabatou,86,80,166,5,5,6,6,6,6,33,12,3,3,3,6,13,25,30,4
Diagatao-Mossi,60,105,165,6,11,5,9,7,4,33,11,3,1,3,8,16,16,26,6
Digatao-Rimaïbé,436,353,789,13,13,31,34,23,39,176,75,22,18,15,15,35,102,160,18
Fétekoba,113,107,220,6,7,8,8,8,8,43,16,5,4,4,7,18,33,39,6
Fétonada,537,536,1 073,11,32,51,31,44,50,237,95,29,26,24,27,83,152,171,10
Ingani,215,160,375,2,2,7,8,4,4,25,27,13,16,8,18,35,139,64,3
Kamadjangou,337,255,592,37,30,17,33,25,22,83,33,13,8,20,22,52,118,73,6
Kermagou,252,186,438,7,3,7,9,8,12,54,27,6,8,9,12,46,135,92,3
Kolé-Dioudé,176,156,332,0,9,20,18,15,25,52,12,1,7,6,13,31,56,59,8
Koubel-Alpha,1 544,1 558,3 102,89,82,179,149,149,137,575,229,78,57,64,176,282,386,439,31
Koumbataka,321,312,633,22,29,25,25,31,24,116,33,16,14,14,27,54,92,106,5
Mondé-sô,251,219,470,8,18,20,24,27,24,98,26,9,5,9,20,26,67,78,11
Nganoua,489,367,856,15,17,32,41,27,27,172,62,15,32,19,55,76,118,126,22
Omo,268,256,524,1,19,30,18,23,16,100,40,9,13,15,16,46,63,104,11
Pételtioudé,339,286,625,0,51,38,47,30,29,87,12,8,3,21,58,114,102,24,1
Piladi,370,352,722,21,22,26,25,27,28,143,51,15,12,12,24,57,107,131,21
Sè,685,704,1 389,29,50,49,40,48,67,284,117,35,41,29,37,94,163,281,25
Seno-bani,716,504,1 220,68,44,50,53,44,50,215,85,20,18,18,34,73,218,229,1
Seno-Tépadjé,325,306,631,8,16,31,17,28,22,137,57,12,16,17,41,40,87,89,13
Silgueye,406,283,689,11,10,12,11,8,16,64,36,18,17,14,38,77,202,146,9
Sô,659,654,1 313,23,46,64,68,64,55,269,80,20,8,32,52,123,176,209,24
Som,433,345,778,21,33,27,29,36,28,178,51,21,13,8,27,56,112,127,11
Tondiata,321,314,635,8,7,29,25,32,28,138,57,16,15,13,22,33,70,124,18
Yaté,115,106,221,13,3,9,6,12,6,22,10,5,4,4,18,21,43,41,4
,,,,,,,,,,,,,,,,,,,
"""COMMUNE: DJIBO - Urbain""",30 060,31 402,61 462,2 131,1 885,2 568,2 548,2 609,2 473,11 743,4 483,1 491,1 196,1 202,2 375,4 956,8 673,9 610,1 519
Secteur 1,2 646,2 775,5 421,149,146,174,180,191,226,875,368,146,115,107,222,459,931,927,205
Secteur 2,3 708,3 859,7 567,343,230,310,287,320,292,1 361,532,150,140,144,297,635,1 064,1 238,224
Secteur 3,3 075,3 277,6 352,212,205,224,262,238,244,1 191,463,144,140,122,255,445,988,1 040,179
Secteur 4,7 349,8 110,15 459,677,396,652,647,646,639,3 004,1 123,402,277,308,537,1 263,2 137,2 375,376
Secteur 5,8 694,9 000,17 694,518,590,830,812,826,757,3 631,1 346,433,357,352,657,1 343,2 316,2 596,330
Secteur 6,880,816,1 696,23,45,70,63,82,77,363,139,38,29,28,69,129,225,270,46
Secteur 7,2 573,2 441,5 014,101,206,224,207,233,170,948,344,133,82,106,199,493,666,784,118
Secteur 8,774,778,1 552,100,51,63,73,53,56,276,115,28,32,19,89,124,208,239,26
Secteur 9 (Nibèrè-Saba),361,346,707,8,16,21,17,20,12,94,53,17,24,16,50,65,138,141,15
,,,,,,,,,,,,,,,,,,,
"""COMMUNE: KELBO** - Rural""",15 835,17 525,33 360,922,1 111,1 523,1 215,1 505,1 426,6 995,2 798,875,696,758,1 313,2 590,3 948,4 881,804
Bélégagnagué*,1 073,1 193,2 266,63,75,103,82,102,97,476,190,59,47,52,89,176,268,332,55
Bolin*,195,216,411,12,13,19,15,19,18,85,35,11,8,9,16,32,49,60,10
Bottogui,218,253,471,13,15,21,17,21,21,98,40,13,10,11,18,37,56,69,11
Bouloumbalé*,324,360,684,19,23,31,25,31,29,146,57,17,14,15,27,53,81,100,16
Diomsogui*,1 423,1 582,3 005,83,100,137,109,136,129,630,252,79,63,68,118,233,356,440,72
Gassel-Bola*,480,534,1 014,28,34,46,37,45,43,212,85,27,22,23,40,78,120,149,25
Gassel-Doundéhi*,197,218,415,12,13,19,15,19,18,87,35,11,8,10,16,32,49,61,10
Kelbo,5 723,6 320,12 043,331,402,551,438,544,512,2 532,1 008,315,251,273,476,934,1 424,1 763,289
Korga*,343,377,720,20,24,33,27,32,31,150,61,19,15,16,28,56,86,105,17
Lahel*,816,905,1 721,47,58,78,63,78,74,358,145,45,36,39,68,134,204,252,42
Louga*,447,497,944,26,32,44,34,43,41,196,79,25,20,21,37,73,112,138,23
Namsiguia*,366,405,771,21,26,35,28,34,33,162,65,21,16,18,30,60,91,112,19
Noralkingal*,907,1 006,1 913,53,64,88,69,87,82,400,161,50,40,44,75,149,226,279,46
Pougouzaïbaogo,1 921,2 101,4 022,111,134,184,147,181,172,844,337,105,84,91,159,312,476,588,97
Pougouzaï-Tenga*,266,295,561,16,19,25,21,25,24,116,47,15,12,13,22,44,66,82,14
Tahidi*,1 136,1 263,2 399,67,79,109,88,108,102,503,201,63,50,55,94,187,284,351,58
,,,,,,,,,,,,,,,,,,,
"""COMMUNE: KOUTOUGOU* - Rural""",13 382,13 331,26 713,786,888,1 204,1 143,1 175,1 133,5 189,1 832,571,499,578,1 100,2 204,3 754,4 042,615
Arra-Fulbé*,243,222,465,13,15,21,20,21,20,92,32,10,9,10,19,38,65,70,10
Dahoré*,143,142,285,8,10,13,12,12,12,55,19,6,6,6,12,24,40,43,7
Djamo*,738,736,1 474,43,49,66,63,65,63,287,101,32,27,32,61,121,207,223,34
Djayel*,299,297,596,18,20,27,25,26,25,116,41,13,11,13,25,49,83,90,14
Gaskindé*,655,652,1 307,38,43,58,56,57,55,256,90,28,25,28,54,108,183,198,30
Gomdé-Fulbé*,850,846,1 696,50,56,77,73,75,72,328,117,37,32,37,69,140,238,256,39
Gondé – Mossi*,552,550,1 102,32,37,50,48,49,47,212,75,24,21,24,46,90,155,167,25
Hamayala*,863,860,1 723,51,58,77,73,76,73,336,119,37,32,37,71,142,242,260,39
Hoka*,583,581,1 164,34,39,52,50,51,49,228,80,24,21,25,48,96,164,176,27
Houkoulourou*,589,579,1 168,35,39,52,50,51,50,227,80,25,21,25,49,96,164,177,27
Kékelnoda*,616,606,1 222,36,41,55,52,53,52,238,84,26,23,27,50,100,172,185,28
Kékénéné*,1 165,1 167,2 332,69,78,105,100,103,98,451,160,50,44,51,96,193,327,353,54
Keltoré*,53,53,106,4,4,4,4,4,4,22,7,2,2,2,5,9,15,16,2
Koutougou*,816,802,1 618,47,54,73,69,71,68,316,111,35,30,35,66,133,228,245,37
Pali-Pagua*,95,95,190,6,6,8,8,8,8,38,13,4,4,4,8,16,27,28,4
Souma*,1 290,1 286,2 576,75,85,116,110,114,109,501,177,55,48,56,106,213,362,390,59
Soum-Bellah*,984,981,1 965,58,66,89,84,87,84,378,134,42,37,43,81,162,277,298,45
Tongomayel-sirgné*,1 224,1 239,2 463,72,82,111,105,109,104,480,168,52,46,53,102,203,346,373,57
Tounté*,1 624,1 637,3 261,97,106,150,141,143,140,628,224,69,60,70,132,271,459,494,77
,,,,,,,,,,,,,,,,,,,
"""COMMUNE: NASSOUMBOU** - Rural""",9 418,8 595,18 013,420,657,909,716,769,739,3 278,1 059,296,312,330,922,1 661,2 889,2 702,354
Ariel*,117,107,224,5,8,11,9,9,9,40,14,4,4,4,11,21,37,34,4
Bangharia,599,533,1 132,26,40,57,46,49,46,208,66,19,20,21,57,104,181,170,22
Bouro,917,777,1 694,40,62,85,67,72,70,308,100,27,30,31,86,155,272,255,34
Damba,517,494,1 011,24,37,51,42,43,41,184,59,16,17,19,52,93,162,151,20
Déssouma,438,406,844,20,31,43,33,36,34,154,49,14,15,15,43,78,135,127,17
Kourfadji*,2 455,2 244,4 699,108,171,237,186,201,192,855,277,79,81,86,241,434,754,705,92
Kourou,170,164,334,8,12,17,14,15,14,61,20,5,5,6,17,31,53,49,7
Nassoumbou*,2 101,1 916,4 017,94,147,202,159,172,164,730,236,66,70,74,206,370,645,603,79
Pétéga,160,134,294,7,11,15,11,12,13,54,17,5,5,5,15,27,47,44,6
Pogol,263,233,496,11,18,25,19,21,21,90,29,8,8,9,26,46,80,75,10
Soboulé,144,165,309,8,11,15,13,13,13,56,18,5,5,6,16,29,49,46,6
Tem*,989,899,1 888,44,69,96,75,81,78,343,111,30,33,35,96,175,303,282,37
Wapta,392,389,781,18,29,40,31,33,32,142,46,13,14,14,41,72,125,117,14
Yérouporou,156,134,290,7,11,15,11,12,12,53,17,5,5,5,15,26,46,44,6
,,,,,,,,,,,,,,,,,,,
"""COMMUNE: POBE-MENGAO - Rural""",9 359,8 953,18 312,482,605,812,798,788,742,3 553,1 191,367,299,353,758,1 438,2 566,3 003,557
Bougué,2 448,2 491,4 939,73,172,236,234,218,205,1 014,316,96,77,111,209,340,621,808,209
Boui-Boui,314,358,672,48,21,18,30,26,16,105,30,11,5,13,45,67,103,124,10
Cissé,142,133,275,15,2,16,11,9,10,59,28,6,3,7,10,19,28,44,8
Débéré,260,245,505,15,15,18,17,19,20,100,36,10,9,8,17,40,75,91,15
Donombéné,349,371,720,19,30,25,28,28,30,144,63,19,16,17,20,31,104,119,27
Gargaboulé,2 107,2 126,4 233,158,147,207,194,181,178,817,296,79,77,80,160,319,508,688,144
Gaskindé,177,172,349,10,11,12,12,13,14,69,25,7,7,5,12,27,52,63,10
Kaboret,115,101,216,21,10,17,11,12,8,43,11,2,3,3,9,19,26,20,1
Loura,732,644,1 376,15,65,55,57,52,70,235,78,30,19,25,56,95,233,250,41
Mamassirou,39,39,78,2,2,2,2,3,4,16,5,2,2,1,3,6,12,14,2
Mentao,672,472,1 144,33,27,60,45,67,39,217,40,20,3,18,37,162,260,116,0
Niamanga,455,443,898,7,33,35,33,24,37,146,73,30,21,19,46,110,142,126,16
Noufoundou,201,191,392,18,4,17,11,21,7,73,23,11,11,5,26,15,42,88,20
Ouré,471,448,919,19,19,25,34,41,28,158,63,23,23,24,50,104,126,152,30
Pobé-Mengao,877,719,1 596,29,47,69,79,74,76,357,104,21,23,17,58,84,234,300,24
,,,,,,,,,,,,,,,,,,,
"""COMMUNE: TONGOMAYEL** - Rural""",27 105,24 663,51 768,1 269,1 644,2 177,2 205,2 089,2 039,9 849,3 626,1 039,981,1 117,2 224,4 637,7 779,7 981,1 112
Arbilo*,847,770,1 617,39,51,68,69,66,63,307,114,32,30,35,71,145,243,249,35
Béléhédé*,1 800,1 640,3 440,84,109,145,147,139,135,656,241,69,65,74,147,308,517,530,74
Boguel-Fassouré,627,627,1 254,31,40,53,53,51,50,237,87,25,24,27,54,113,190,193,26
Boguel-Tiaboli,671,654,1 325,33,42,56,56,54,52,251,93,26,25,28,57,120,200,204,28
Boudoudi,97,77,174,4,5,7,7,7,7,36,12,3,3,4,8,15,26,27,3
Bouléguégué,854,817,1 671,41,53,70,71,67,66,317,117,33,32,36,73,150,252,257,36
Bouleyanké*,329,300,629,15,20,27,26,25,24,121,44,12,12,14,29,56,94,97,13
Bouloboyé*,685,623,1 308,32,42,55,56,53,52,248,92,26,25,28,56,117,197,201,28
Débeyel*,760,691,1 451,36,46,61,62,58,57,275,101,29,28,31,63,130,218,224,32
Diguel,24,25,49,2,2,2,2,2,2,10,4,1,0,1,1,4,7,8,1
Dola,216,170,386,9,12,16,16,16,15,74,27,8,7,9,17,35,58,59,8
Feto-Dana*,191,173,364,9,11,15,15,15,15,70,25,7,7,8,16,33,54,56,8
Filio*,1 446,1 315,2 761,68,88,116,117,111,109,525,193,56,53,60,117,248,415,426,59
Gankouna,831,787,1 618,40,51,68,69,65,64,305,114,33,31,35,70,145,244,250,34
Gasselkoli*,382,347,729,18,23,31,31,30,29,138,51,15,14,15,30,66,110,113,15
Gassel-Loussoubé*,259,236,495,12,15,21,21,20,20,94,35,10,9,11,22,44,75,76,10
Gasselpaté*,768,698,1 466,36,46,62,63,60,57,278,103,29,28,31,63,132,220,226,32
Gouna,236,224,460,11,14,20,19,19,19,85,32,9,9,10,20,42,70,71,10
Houbaye,442,308,750,18,24,31,32,30,30,144,53,15,14,16,32,67,111,116,17
Kadiel,154,118,272,7,9,11,12,11,10,53,19,5,5,6,12,24,40,42,6
Kobaoua,1 530,1 593,3 123,76,100,131,133,126,122,592,218,63,58,68,136,282,471,481,66
Mamassi-Gaoubilé*,140,128,268,7,8,11,11,11,11,53,18,5,5,6,11,24,40,42,5
Mamassirou*,306,279,585,15,19,25,25,24,23,110,41,12,11,13,25,52,88,90,12
Maty,614,538,1 152,28,37,48,49,46,45,221,80,23,22,25,50,103,173,177,25
Mormoslol*,183,167,350,9,11,15,15,15,13,67,25,7,7,7,15,31,52,54,7
Narégué,647,566,1 213,30,39,51,51,49,47,232,85,25,23,26,51,109,182,187,26
Nérégué,297,250,547,13,17,23,23,22,21,105,38,11,10,12,24,49,82,85,12
N'Gassa-Loni*,477,433,910,22,29,39,39,37,35,174,63,18,17,20,39,81,137,140,20
Nianguel*,283,258,541,13,17,23,23,22,22,104,38,10,10,11,23,48,81,84,12
Oulaye*,189,171,360,9,11,15,15,15,14,70,25,7,7,7,15,33,54,55,8
Pétéldaou,682,560,1 242,30,40,52,53,50,49,236,87,25,24,27,54,110,186,192,27
Piraogo*,214,194,408,10,13,17,17,17,16,77,29,8,7,9,17,37,62,63,9
Pouga,295,310,605,14,19,25,26,24,24,115,42,12,11,14,27,54,92,93,13
Saylia,425,342,767,19,25,33,33,31,30,146,53,16,15,16,33,68,115,118,16
Sergoussouma,836,720,1 556,38,50,66,66,63,61,297,109,31,29,33,67,139,234,240,33
Sibé,1 477,1 199,2 676,66,85,112,114,108,106,510,188,54,51,58,116,238,400,412,58
Silgadji,1 126,1 089,2 215,54,71,94,94,89,87,419,155,44,42,49,95,199,334,341,48
Sona*,526,478,1 004,24,32,42,43,41,39,193,70,20,19,21,42,90,151,155,22
Taouremba*,2 447,2 231,4 678,116,146,196,204,182,189,890,330,99,91,97,194,418,700,722,104
Tiahiguel*,295,268,563,13,18,23,24,23,22,106,40,12,11,13,25,50,85,86,12
Tidyalié*,552,503,1 055,26,34,44,45,43,41,200,74,21,20,23,45,95,158,163,23
Tongomayel,211,191,402,10,13,17,17,17,16,75,29,8,7,9,18,36,60,62,8
Touranata,463,427,890,22,29,37,38,36,35,170,62,17,17,19,39,79,134,137,19
Toutou-Doundougorou*,404,367,771,19,25,33,33,32,30,145,54,15,14,17,33,69,116,119,17
Waguessi,57,65,122,3,4,5,5,5,4,22,8,2,2,4,7,11,19,19,2
Woba-Tila*,810,736,1 546,38,49,65,65,62,61,296,108,31,30,34,65,138,232,239,33
,,,,,,,,,,,,,,,,,,,
PROVINCE: YAGHA,88 190,83 404,171 594,4 183,5 499,7 843,7 353,6 968,7 000,31 942,12 014,3 788,3 490,3 767,7 221,15 410,25 595,25 494,4 027
,,,,,,,,,,,,,,,,,,,
"""COMMUNE: BOUNDORE* - Rural""",8 180,7 738,15 918,388,511,737,694,657,656,2 991,1 113,350,320,345,662,1 423,2 349,2 352,370
Barantiangou*,325,307,632,16,20,29,27,27,26,117,44,14,13,14,26,56,94,94,15
Bira*,180,170,350,8,12,16,15,14,15,66,25,8,7,8,14,31,51,52,8
Boundoré*,642,605,1 247,30,40,58,54,52,51,236,87,27,25,27,52,111,184,184,29
Dantiéré*,349,330,679,16,22,31,29,29,28,128,48,15,14,15,28,61,100,100,15
Datambi*,542,512,1 054,26,34,49,46,44,44,199,73,23,21,23,43,94,155,156,24
Formou*,187,177,364,9,12,17,16,15,15,68,25,8,8,8,15,33,53,54,8
Gabouga*,291,274,565,14,18,26,25,23,23,105,40,13,12,12,24,50,84,83,13
Kankantiari*,498,475,973,24,31,45,43,40,40,183,68,21,19,21,41,87,144,144,22
Kira*,282,267,549,14,18,25,24,23,23,102,38,12,11,12,23,49,81,81,13
Louba*,270,254,524,12,17,24,23,21,21,101,37,11,10,12,22,46,77,78,12
Ouro-Diako*,292,275,567,14,18,26,25,23,23,107,40,13,12,12,24,50,84,83,13
Pansi*,442,417,859,21,28,39,37,35,36,161,60,19,17,18,37,77,127,127,20
Soulountou*,415,392,807,20,26,37,35,33,33,153,56,17,16,17,34,73,119,119,19
Takatami*,739,697,1 436,35,46,66,62,60,59,269,100,32,29,31,60,129,212,212,34
Takoulo*,486,459,945,23,30,43,41,39,39,180,66,21,19,21,39,84,139,139,22
Tampétou*,349,330,679,16,22,31,29,29,28,128,48,15,14,15,28,61,100,100,15
Tangangari*,1 223,1 165,2 388,58,75,115,106,97,98,445,167,52,47,50,98,214,354,354,58
Tantiabongou*,163,154,317,8,10,15,14,13,13,59,22,7,6,7,13,29,47,47,7
Timbaouri*,85,81,166,4,6,8,8,7,7,28,12,4,4,4,7,15,24,24,4
Yama*,420,397,817,20,26,37,35,33,34,156,57,18,16,18,34,73,120,121,19
,,,,,,,,,,,,,,,,,,,
"""COMMUNE: MANSILA* - Rural""",12 881,12 184,25 065,608,805,1 160,1 092,1 034,1 033,4 709,1 752,550,504,543,1 043,2 240,3 698,3 707,587
Babonga*,1 190,1 126,2 316,56,75,107,101,95,95,434,162,51,47,49,98,207,342,342,55
Bana*,438,413,851,20,27,39,37,35,35,161,60,19,17,18,36,76,125,126,20
Banga*,511,482,993,24,32,46,43,41,40,188,69,21,20,21,41,89,147,147,24
Bognori*,497,469,966,24,31,45,42,40,40,182,67,21,19,21,40,86,143,143,22
Boliel*,327,308,635,16,20,29,27,27,26,118,44,14,13,14,27,57,94,94,15
Botan*,190,179,369,9,12,17,16,15,15,70,25,8,8,8,15,33,55,54,9
Botongtonga*,192,182,374,9,12,17,16,15,15,71,27,8,8,8,15,33,55,56,9
Boutonou*,200,189,389,10,12,18,17,16,16,73,27,8,8,9,16,35,57,58,9
Darounkayrou*,310,293,603,14,20,28,27,25,25,113,42,13,12,13,25,54,89,89,14
Djibondi*,590,556,1 146,28,37,53,50,48,47,214,80,25,23,24,49,102,169,170,27
Fouly*,299,282,581,14,18,27,25,24,24,108,41,13,12,13,24,52,86,86,14
Guitanga*,417,393,810,20,26,37,35,33,34,154,56,17,16,17,34,73,120,119,19
Hamdalaye*,492,465,957,23,31,45,42,39,40,180,67,21,19,21,39,86,141,141,22
Haoura*,559,527,1 086,26,35,51,47,45,44,205,75,23,22,24,45,97,160,161,26
Kontiana*,632,604,1 236,30,40,57,54,51,51,231,87,27,25,26,52,111,182,183,29
Kossi*,195,184,379,10,12,18,17,16,15,70,27,8,8,8,15,34,56,56,9
Koygouroual*,100,94,194,4,6,9,8,8,8,37,14,4,4,4,8,17,29,29,5
Lontari*,241,228,469,12,15,22,21,19,19,87,33,10,10,10,20,42,69,69,11
Mansila*,1 975,1 877,3 852,94,123,179,170,158,162,725,267,88,75,84,160,343,565,571,88
Ouro-Balla*,226,213,439,10,14,20,19,18,18,83,31,10,9,10,18,39,65,65,10
Ouro-Djama*,349,330,679,16,22,31,29,28,28,127,48,15,14,15,28,61,100,101,16
Penkatougou*,302,284,586,14,19,27,25,25,24,110,41,13,12,13,24,52,86,87,14
Pontitiaga*,226,214,440,10,14,20,19,18,18,84,31,10,9,10,18,39,65,65,10
Soféri*,285,268,553,14,18,25,24,23,23,103,39,12,11,12,23,50,82,81,13
Tamna*,284,268,552,14,18,25,24,23,23,102,39,12,11,12,23,50,82,81,13
Tantiaga*,216,203,419,10,14,19,18,17,17,80,29,9,8,9,18,37,62,62,10
Téparé*,424,400,824,20,26,39,36,34,34,155,58,18,17,18,34,73,122,121,19
Tiabongou*,654,624,1 278,31,41,59,56,53,52,242,89,28,25,28,53,114,189,189,29
Tioumbanga*,560,529,1 089,26,35,51,47,45,45,202,77,24,22,24,45,98,161,161,26
,,,,,,,,,,,,,,,,,,,
"""COMMUNE: SEBBA """,17 977,16 904,34 881,734,1 106,1 414,1 326,1 304,1 323,6 200,2 466,770,759,834,1 507,3 203,5 667,5 423,845
,,,,,,,,,,,,,,,,,,,
"""COMMUNE: SEBBA - Rural""",12 146,11 437,23 583,436,750,991,962,949,928,4 378,1 654,503,494,539,958,2 127,3 715,3 630,569
Bagnaba,137,131,268,8,8,10,9,10,10,53,19,5,5,5,8,21,40,49,8
Bandihossi,81,76,157,4,5,6,6,6,6,31,11,3,3,3,5,12,23,29,4
Diogora,541,531,1 072,12,51,48,55,45,47,220,77,27,23,27,43,97,144,139,17
Gandi,52,58,110,1,5,10,8,4,4,15,8,5,6,8,15,15,15,-6,-3
Gatougou,2 142,1 924,4 078,41,119,195,154,192,138,715,258,84,74,98,150,399,708,648,105
Gongongou,185,174,347,3,10,17,13,16,12,61,22,7,6,0,21,34,60,55,10
Guendé,66,63,129,4,4,4,4,5,5,26,9,3,2,3,4,10,19,23,4
Guissangou,769,691,1 460,21,65,57,59,53,56,278,110,39,36,30,46,112,223,236,39
Helga,1 864,1 688,3 552,76,118,155,175,132,150,652,247,72,77,78,142,296,558,548,76
Ibbal,1 852,1 828,3 680,89,102,144,140,153,133,731,250,88,75,77,159,339,572,551,77
Kankankogou,1 542,1 382,2 924,64,82,109,109,114,111,529,219,55,55,66,131,256,471,473,80
Kirgou ,115,109,224,6,7,8,8,8,8,45,16,5,4,4,7,18,33,41,6
Namantougou,1 220,1 225,2 445,45,75,85,107,81,103,436,183,46,60,67,104,226,380,373,74
Niaptana,92,85,177,6,5,6,6,6,7,35,13,3,3,3,6,14,27,32,5
Notou,607,641,1 248,30,33,64,44,64,56,233,73,20,28,37,51,134,205,155,21
Tambondi,709,663,1 372,18,50,60,50,46,67,254,116,34,31,29,50,117,184,228,38
Tandialouol,71,67,138,4,4,4,5,6,6,27,9,3,2,3,4,11,21,25,4
Wantarangou,101,101,202,4,7,9,10,8,9,37,14,4,4,1,12,16,32,31,4
,,,,,,,,,,,,,,,,,,,
"""COMMUNE: SEBBA - Urbain""",5 831,5 467,11 298,298,356,423,364,355,395,1 822,812,267,265,295,549,1 076,1 952,1 793,276
Secteur 1,927,813,1 740,53,67,55,54,52,71,247,110,41,34,60,75,169,363,256,33
Secteur 2,1 645,1 449,3 094,78,85,98,76,78,75,475,276,92,84,81,193,269,559,498,77
Secteur 3,1 319,1 227,2 546,54,70,104,56,83,83,395,191,63,60,77,108,253,453,422,74
Secteur 4,715,704,1 419,41,34,53,63,49,52,244,99,22,43,26,75,145,214,227,32
Secteur 5,1 225,1 274,2 499,72,100,113,115,93,114,461,136,49,44,51,98,240,363,390,60
,,,,,,,,,,,,,,,,,,,
"""COMMUNE: SOLHAN - Rural""",18 622,17 353,35 975,921,1 103,1 694,1 580,1 500,1 482,6 859,2 425,774,683,693,1 560,3 196,5 409,5 312,784
Bangaba,1 626,1 494,3 120,95,92,116,139,128,154,585,189,45,58,72,134,279,461,503,70
Banguel,1 223,1 227,2 450,96,105,119,107,146,86,432,169,64,43,42,67,205,319,386,64
Boutontou,1 237,1 228,2 465,87,92,139,124,101,130,475,156,44,53,30,90,192,352,354,46
Dambini,995,919,1 914,23,77,84,78,82,76,328,115,42,38,32,63,166,281,365,64
Diogota,2 124,1 876,4 000,124,93,259,198,161,163,752,262,84,83,83,182,336,585,557,78
Diori-Yagha,945,902,1 847,46,29,73,74,58,60,368,139,50,46,40,92,146,273,312,41
Gongorgouol,864,739,1 603,29,43,77,79,58,86,370,109,31,22,32,63,137,262,190,15
Gountouré,866,872,1 738,54,52,71,72,73,79,344,98,41,38,34,55,165,252,267,43
Habanga,2 751,2 705,5 456,116,199,271,256,217,249,1 077,391,138,74,107,242,503,769,750,97
Kodiengou,1 355,1 287,2 642,64,79,150,124,104,93,527,193,44,50,55,159,263,352,329,56
Komondi,521,484,1 005,10,48,42,40,33,37,185,80,25,25,25,38,84,150,160,23
Lontia,797,716,1 513,12,23,56,43,62,66,265,124,29,35,23,66,145,263,258,43
Nabaningou,34,26,60,1,2,5,2,5,3,5,2,1,0,0,7,9,10,7,1
Sambagou,1 079,875,1 954,43,58,76,77,85,67,388,165,56,26,41,74,174,330,256,38
Solhan,1 242,1 138,2 380,51,67,74,88,96,67,395,133,40,40,46,159,216,523,344,41
Yoba,963,865,1 828,70,44,82,79,91,66,363,100,40,52,31,69,176,227,274,64
,,,,,,,,,,,,,,,,,,,
"""COMMUNE: TANKOUGOUNADIE - Rural""",11 018,10 876,21 894,566,853,1 067,987,963,933,4 177,1 525,446,419,494,841,1 861,2 991,3 235,536
Baham,253,222,475,19,18,16,22,18,18,93,33,8,12,13,22,45,52,73,13
Balgabouga,616,582,1 198,11,67,64,76,52,38,165,82,16,30,21,60,110,181,202,23
Binguel,1 697,1 770,3 467,87,113,166,152,153,153,668,244,91,75,78,140,314,452,490,91
Denga,2 012,1 943,3 955,121,144,210,161,180,153,759,289,94,84,95,161,349,517,558,80
Dowendou,533,560,1 093,3,54,49,41,47,41,193,99,31,24,31,39,100,133,175,33
Herou,70,66,136,4,4,4,4,6,6,27,9,3,2,3,4,10,21,25,4
Kankanfogouol,725,698,1 423,78,59,61,71,45,71,293,89,23,22,38,43,110,183,207,30
Kéri,370,352,722,21,22,26,25,27,28,143,51,15,12,13,23,57,107,131,21
Kollakoye,1 218,1 177,2 395,74,112,109,124,127,104,453,147,32,29,37,86,169,381,374,37
Lonago,134,127,261,8,8,10,9,10,10,51,18,5,5,5,8,20,39,47,8
Moussoua,1 021,1 005,2 026,39,68,135,88,94,94,393,131,32,28,46,72,180,283,284,59
Tankougounadié,1 980,1 988,3 968,81,161,178,176,160,186,793,278,82,81,91,160,330,533,568,110
Tièna,389,386,775,20,23,39,38,44,31,146,55,14,15,23,23,67,109,101,27
,,,,,,,,,,,,,,,,,,,
"""COMMUNE: TITABE - Rural""",19 512,18 349,37 861,966,1 121,1 771,1 674,1 510,1 573,7 006,2 733,898,805,858,1 608,3 487,5 481,5 465,905
Batibogou,2 956,3 032,5 988,136,274,333,314,260,277,1 139,462,141,115,132,263,495,775,754,118
Bortoré,1 121,928,2 049,104,37,92,118,67,88,377,139,50,50,42,122,164,290,271,38
Diaounga,998,974,1 972,6,52,108,102,87,68,406,152,36,37,46,81,160,285,289,57
Diougoudjo,2 315,2 187,4 502,74,136,222,214,187,206,894,335,98,82,87,168,372,625,698,104
Djamana,694,669,1 363,103,31,61,62,45,36,189,63,35,26,40,43,173,203,211,42
Ipély,942,840,1 782,22,41,86,67,62,74,337,117,45,39,40,70,162,298,279,43
Kourori,939,833,1 772,57,44,72,67,70,79,347,141,44,41,39,48,148,256,252,67
Ouro-Sabou,1 415,1 470,2 885,84,65,135,113,122,119,517,210,58,67,62,117,266,410,458,82
Pougoumbiel,1 843,1 427,3 270,86,91,132,108,115,110,548,207,75,58,78,139,358,613,498,54
Tegou-Ladiel,801,692,1 493,5,44,62,56,47,62,278,130,46,36,61,79,136,213,212,26
Tègou-Mango,969,1 012,1 981,55,37,104,79,95,75,374,154,39,43,50,80,186,254,304,52
Tialé,1 005,826,1 831,33,39,58,77,64,60,303,137,55,69,58,126,213,265,230,44
Tiékagnibi,1 327,1 353,2 680,97,114,128,119,109,140,522,183,68,66,46,95,274,326,334,59
Titabé,2 187,2 106,4 293,104,116,178,178,180,179,775,303,108,76,77,177,380,668,675,119
,,,,,,,,,,,,,,,,,,,
REGION: SUD OUEST,423 178,452 264,875 442,24 158,24 641,29 050,29 753,29 634,30 291,161 022,64 842,21 001,17 067,15 514,34 175,70 980,131 373,161 390,30 551
,,,,,,,,,,,,,,,,,,,
PROVINVE: BOUGOURIBA,75 001,78 652,153 653,4 789,4 316,5 130,4 999,5 072,5 130,28 447,11 867,3 715,3 082,2 810,6 045,12 199,23 158,27 697,5 197
,,,,,,,,,,,,,,,,,,,
"COMMUNE: BONDIGUI - Rural""",14 777,14 746,29 523,941,976,1 205,1 079,1 008,1 139,5 383,2 053,642,568,527,1 196,2 593,4 878,4 627,708
Bondigui,3 168,3 073,6 241,180,201,249,188,202,208,1 047,494,159,146,139,293,595,1 046,939,155
Darodine,856,875,1 731,57,69,66,66,56,68,290,111,34,33,17,101,146,331,252,34
Diarkadougou,1 281,1 133,2 414,98,73,76,80,55,85,327,129,57,53,47,129,281,474,407,43
Gbonfesso,567,515,1 082,50,33,35,54,40,51,191,70,23,15,15,39,100,161,180,25
Intiédougou,1 425,1 521,2 946,98,111,118,116,111,115,603,203,56,46,50,80,245,474,454,66
Kobogo,399,391,790,21,21,37,16,16,38,153,69,17,12,18,30,59,104,152,27
Kpèdia,178,182,360,7,12,7,11,17,14,77,33,12,6,3,7,31,44,67,12
Mougué,1 141,1 179,2 320,87,95,66,95,72,78,454,186,53,57,54,92,187,362,342,40
Nabalé,721,651,1 372,45,43,63,70,38,57,254,118,26,25,26,63,125,215,180,24
Nabéré,777,766,1 543,52,40,72,63,45,58,273,118,36,31,28,70,146,231,244,36
Nahirindon,1 729,1 824,3 553,119,119,196,142,172,166,757,155,52,45,45,98,300,655,459,73
Obro,458,429,887,21,35,39,29,42,52,137,46,19,14,13,35,78,145,155,27
Sorindigui,373,323,696,18,17,28,31,21,26,112,51,11,21,12,22,66,102,133,25
Wan,716,806,1 522,52,43,55,47,42,55,286,120,47,25,26,67,100,194,299,64
Zanawa-Pougouli,988,1 078,2 066,36,64,98,71,79,68,422,150,40,39,34,70,134,340,364,57
,,,,,,,,,,,,,,,,,,,
"""COMMUNE: DIEBOUGOU """,31 555,31 749,63 304,1 777,1 716,1 846,1 903,1 936,1 773,10 751,4 777,1 537,1 295,1 187,2 635,5 458,10 553,12 037,2 123
,,,,,,,,,,,,,,,,,,,
"""COMMUNE: DIEBOUGOU - Rural""",18 779,18 837,37 616,1 045,919,1 091,1 189,1 232,1 172,7 067,3 025,925,710,607,1 337,2 675,5 602,7 499,1 521
Balignar,458,415,873,4,19,28,34,44,31,186,52,20,10,5,34,65,172,141,28
Bamako,783,828,1 611,48,53,28,39,50,34,309,156,42,15,22,41,103,267,326,78
Bapla,1 065,1 110,2 175,54,49,63,58,82,65,360,158,64,70,39,87,150,321,472,83
Bapla-Birifor,782,789,1 571,37,37,51,38,58,45,282,136,47,34,36,65,117,218,337,33
Barindia,503,499,1 002,42,29,31,57,31,27,180,82,20,21,9,23,60,160,186,44
Dankoblé,767,803,1 570,54,57,47,42,55,51,325,111,36,21,24,54,119,232,281,61
Danko-Tanzou,247,245,492,14,10,14,32,22,21,86,25,7,11,11,15,30,104,73,17
Diasser,510,566,1 076,30,24,29,40,22,26,178,111,25,24,15,27,85,157,230,53
Djinkargo,216,229,445,17,18,8,24,12,22,95,34,6,5,8,12,46,57,75,6
Kolepar,381,249,630,30,11,12,19,18,11,82,39,5,4,14,36,70,137,113,29
Kompieli-Wapali,433,406,839,37,29,42,31,27,20,154,64,20,17,13,36,71,95,154,29
Konsabla,802,842,1 644,45,55,50,46,46,52,325,150,42,35,24,75,103,221,323,52
Kpakpara,580,587,1 167,46,27,31,32,22,34,200,77,32,30,28,65,132,156,227,28
Lokodja,697,627,1 324,26,17,33,30,24,33,221,137,58,35,20,79,88,182,275,66
Loto,730,703,1 433,45,40,39,34,41,39,217,109,42,24,32,54,116,220,302,79
Mebar,579,576,1 155,38,33,32,25,46,27,217,93,17,21,31,29,81,160,253,52
Moulé,90,114,204,4,3,18,7,6,9,42,14,3,2,1,4,16,33,34,8
Moutori,833,808,1 641,48,42,59,42,58,53,297,131,41,30,20,45,106,232,349,88
Mouvielo,1 129,1 142,2 271,62,55,77,77,98,102,486,146,54,30,41,73,138,335,435,62
Naborgane,681,675,1 356,45,32,57,45,55,57,260,90,20,18,20,58,108,176,274,41
Nané,804,850,1 654,55,40,41,62,62,49,317,123,45,27,20,38,82,284,346,63
Navielgane,1 722,1 593,3 315,63,44,77,95,110,93,670,309,91,85,52,131,215,473,655,152
Nipodja,134,143,277,5,7,7,12,13,16,60,19,5,7,2,5,26,35,53,5
Segré,505,557,1 062,46,50,37,35,31,39,194,62,17,15,31,35,83,167,173,47
Séourégane,595,620,1 215,26,25,23,44,29,36,181,85,26,25,12,65,132,133,273,100
Sorgon,116,116,232,6,4,8,5,10,14,43,18,5,2,2,2,9,57,41,6
Tampé,736,799,1 535,33,28,51,56,43,45,378,152,43,26,16,40,74,227,265,58
Tansié,1 138,1 185,2 323,52,39,58,81,71,75,414,191,61,43,40,76,180,360,503,79
Tantoua,233,231,464,12,11,9,17,6,16,87,41,13,6,3,13,28,75,102,25
Tiedia,221,192,413,9,14,19,13,23,11,87,35,6,5,3,10,14,57,96,11
Voukoun,309,338,647,12,17,12,17,17,19,134,75,12,12,13,10,28,99,132,38
,,,,,,,,,,,,,,,,,,,
"""COMMUNE: DIEBOUGOU - Urbain""",12 776,12 912,25 688,732,797,755,714,704,601,3 684,1 752,612,585,580,1 298,2 783,4 951,4 538,602
Secteur 1,955,1 098,2 053,50,47,48,44,52,38,316,136,43,52,44,104,195,338,458,88
Secteur 2,2 075,2 239,4 314,147,141,122,114,121,108,622,267,92,91,63,234,451,808,793,140
Secteur 3,193,242,435,6,4,9,10,10,8,61,38,10,10,11,17,49,69,105,18
Secteur 4,1 623,1 519,3 142,88,70,77,74,91,69,452,188,69,78,67,186,373,576,620,64
Secteur 5,1 511,1 307,2 818,46,105,91,64,52,50,358,266,101,77,79,188,340,490,450,61
Secteur 6,1 657,1 807,3 464,116,104,106,120,96,75,525,214,81,74,101,169,415,675,547,46
Secteur 7,4 762,4 700,9 462,279,326,302,288,282,253,1 350,643,216,203,215,400,960,1 995,1 565,185
,,,,,,,,,,,,,,,,,,,
"""COMMUNE: DOLO - Rural""",5 326,5 468,10 794,296,310,323,316,356,362,2 064,831,219,210,193,387,856,1 381,2 145,545
Bèkoro,187,293,480,10,8,16,11,17,17,138,34,7,15,7,7,11,26,112,44
Bohéro,170,183,353,14,13,9,6,14,14,65,34,10,3,4,18,27,56,56,10
Diagnon,94,110,204,5,7,5,8,7,10,33,16,3,2,0,6,15,18,47,22
Dolindia,166,208,374,9,10,19,10,17,11,89,23,9,6,8,9,18,38,79,19
Dolo,2 035,1 855,3 890,101,120,109,121,125,137,733,297,79,80,65,170,365,529,694,165
Goumpologo,125,156,281,3,2,6,11,6,9,59,25,6,5,6,6,12,25,80,20
Hèllèlè,270,223,493,6,23,20,21,13,16,92,33,16,8,12,24,49,82,66,12
Milkpo,520,521,1 041,51,27,29,40,31,42,171,71,18,19,19,32,82,153,186,70
Nicéo,1 041,1 108,2 149,57,64,62,44,66,61,396,194,48,50,37,75,180,271,467,77
Nouvielgane,106,111,217,10,5,3,3,9,8,29,15,3,3,12,8,15,22,63,9
Olbontouné,323,313,636,11,16,19,24,28,15,122,46,10,8,12,18,50,88,120,49
Saptan,131,143,274,7,4,11,2,10,8,47,20,7,5,6,5,16,32,71,23
Soussoubro,117,160,277,12,9,12,8,9,9,60,15,2,5,3,9,11,34,69,10
Tinkiro-Lobi,41,84,125,0,2,3,7,4,5,30,8,1,1,2,0,5,7,35,15
,,,,,,,,,,,,,,,,,,,
"""COMMUNE: IOLONIORO - Rural""",16 644,18 707,35 351,1 479,1 058,1 358,1 265,1 337,1 334,6 963,2 763,857,687,621,1 336,2 551,4 894,5 861,987
Barkoura,175,158,333,4,3,7,6,4,11,64,38,18,16,9,23,20,32,69,9
Barsera,142,171,313,11,6,10,7,14,11,55,37,13,7,7,13,28,39,46,9
Binte,415,428,843,23,29,43,30,38,35,161,72,16,13,16,34,61,113,120,39
Botoro,383,505,888,12,26,46,36,35,35,201,59,17,15,14,23,44,113,169,43
Burkinao,142,174,316,188,13,4,4,3,0,9,1,2,0,1,4,11,27,41,8
Diassara,3 005,3 097,6 102,187,187,216,214,243,234,1 138,553,176,164,150,262,505,913,852,108
Djonlèra,255,283,538,6,11,10,20,12,28,140,26,6,23,6,27,41,22,145,15
Doumbouro,165,168,333,11,4,6,6,11,8,67,30,13,6,9,11,32,27,74,18
Dounkora,51,68,119,7,6,6,4,1,4,20,4,1,2,1,4,12,17,22,8
Dountelo,232,272,504,10,23,22,17,16,26,115,34,6,9,5,5,32,61,110,13
Gairo,110,162,272,3,5,6,8,15,9,66,15,9,6,2,5,11,19,83,10
G'Bingué,2 451,2 564,5 015,133,181,207,206,197,221,957,373,127,81,66,226,397,860,706,77
Gomgombiro,226,316,542,19,18,18,13,26,17,124,39,19,12,16,12,39,58,93,19
Gongontianao,100,185,285,1,11,13,13,5,14,78,27,3,2,3,1,5,24,68,17
Hebrimpono,124,151,275,161,4,2,4,1,1,14,3,0,1,2,3,9,22,43,5
Iolonioro,127,163,290,4,4,11,11,9,11,61,28,4,6,4,15,19,29,68,6
Kambeledaga,562,512,1 074,3,52,55,42,36,52,212,85,20,19,20,48,87,169,144,30
Koursera,982,960,1 942,34,59,82,70,90,78,450,164,40,35,33,62,149,284,266,46
Kpalbalbo,244,358,602,16,13,26,20,30,20,131,49,13,16,5,10,19,80,125,29
Loukoura,646,731,1 377,28,36,36,40,38,27,209,137,51,44,34,67,130,182,258,60
Milpo,140,205,345,4,5,6,7,11,7,73,37,12,15,7,12,10,37,74,28
N’Tonhero,351,343,694,21,11,25,21,21,25,186,49,16,11,7,23,38,86,135,19
Niombouna,108,151,259,6,4,5,8,9,4,51,27,7,4,4,10,18,28,63,11
Nonkuéro,45,70,115,2,1,6,2,8,5,22,6,4,1,3,5,8,8,27,7
Nyombripo,311,324,635,21,25,26,29,20,19,137,50,14,6,21,16,41,62,117,31
Ouidiara,160,182,342,13,11,10,8,4,9,56,21,4,4,5,21,30,61,75,10
Pergbalembiro,93,147,240,9,7,4,14,6,15,57,18,4,3,3,6,10,23,48,13
Pokouro,426,541,967,36,29,46,40,58,41,197,55,23,13,19,47,60,135,146,22
Poyo,658,823,1 481,52,35,64,64,58,61,283,112,33,15,37,75,112,215,231,34
Sangolo,357,452,809,27,11,35,21,26,35,185,81,18,16,10,19,33,91,170,31
Sarambour,207,241,448,13,10,17,18,16,19,96,32,6,9,7,16,35,72,75,7
Saramboura,475,636,1 111,16,18,80,46,46,48,223,80,28,17,14,51,49,168,183,44
Sidoumoukar,121,172,293,7,7,6,7,20,11,67,11,3,2,0,11,21,31,64,25
Sidoumoukar-Hiro,54,66,120,2,1,2,2,3,6,26,20,7,0,4,1,8,10,22,6
Sinamanana,41,105,146,8,4,7,11,4,7,33,7,1,1,0,1,6,12,30,14
Tiarkiro,60,93,153,13,10,4,3,3,1,18,7,1,3,0,11,8,36,31,4
Tomena,610,647,1 257,47,40,50,52,37,74,261,93,35,30,22,37,88,154,210,27
Torkiaro,89,125,214,1,4,8,8,7,3,43,21,5,3,2,5,15,32,43,14
Werinkera,1 074,1 111,2 185,90,67,82,87,111,63,445,154,47,33,31,60,199,339,343,34
Yeyera,446,531,977,33,36,30,35,26,29,162,78,26,20,16,47,88,143,184,24
Younora,281,316,597,197,31,19,11,19,10,70,30,9,4,6,7,23,60,88,13
,,,,,,,,,,,,,,,,,,,
"""COMMUNE: TIANKOURA - Rural""",6 699,7 982,14 681,296,256,398,436,435,522,3 286,1 443,460,322,282,491,741,1 452,3 027,834
Balambiro,47,74,121,2,2,5,8,6,3,26,8,5,1,3,1,5,20,21,5
Bombara,503,495,998,8,20,10,21,29,41,182,101,45,26,31,52,80,130,175,47
Dangbara,67,84,151,5,4,2,6,3,5,31,14,7,7,1,4,5,9,35,13
Diebiro,282,296,578,13,12,8,17,16,28,160,57,9,16,7,19,21,47,112,36
Diourao,258,307,565,9,9,11,8,10,18,154,54,21,12,6,11,16,49,145,32
Elfora,205,225,430,13,1,7,9,21,8,109,46,20,7,4,4,9,32,107,33
Gongoura,110,136,246,4,7,7,4,7,7,74,28,7,1,3,4,6,17,55,15
Guimbissenao,222,254,476,16,7,7,17,14,14,126,51,7,15,6,9,18,43,99,27
Kankoura,147,199,346,5,3,8,5,13,12,95,31,15,7,0,8,12,35,59,38
Kanseo,165,213,378,13,6,16,11,10,10,90,37,6,7,2,8,13,40,89,20
Kimpeo,74,105,179,4,2,3,2,4,7,44,26,1,3,2,5,8,13,41,14
Kolonkoura,73,137,210,5,5,10,5,6,7,33,14,4,4,4,5,11,26,54,17
Kouloh,130,145,275,5,6,12,5,2,11,64,27,8,4,5,13,21,19,63,10
Kourguenou,184,251,435,10,6,11,12,19,21,81,42,8,8,8,16,25,56,92,20
Kourou,248,370,618,9,12,17,20,19,25,163,72,15,15,15,17,22,49,115,33
Kpolo,258,330,588,15,7,11,29,16,32,147,53,10,5,9,2,11,53,155,33
Lobignonao,82,96,178,5,4,4,3,4,6,44,14,3,1,3,6,7,9,48,17
Minao,71,84,155,2,0,1,1,4,5,28,13,3,3,4,4,13,13,42,19
N’Tonhiro,62,88,150,1,3,3,5,7,5,39,6,1,1,2,5,11,23,29,9
Niempiro,59,62,121,3,3,1,2,2,4,30,15,3,1,7,7,5,11,19,8
Nkinora,66,96,162,0,3,5,7,4,3,44,13,3,6,3,3,2,10,42,14
Odara,122,185,307,5,2,11,12,4,7,84,27,5,1,6,7,4,17,76,39
Orkounou,214,245,459,9,7,9,16,15,12,95,44,12,4,6,18,30,47,102,33
Palembera,49,63,112,4,1,4,2,3,6,24,9,8,2,1,3,5,12,22,6
Sehintiro,246,284,530,11,11,16,14,19,20,112,53,32,9,6,24,30,37,106,30
Sinkiro,210,215,425,11,8,18,20,13,12,97,20,5,6,8,14,25,74,75,19
Sounkpourouna,102,115,217,1,4,3,5,3,6,54,25,7,1,2,9,11,31,44,11
Tiakoura,117,155,272,1,1,6,7,10,13,57,20,6,5,1,9,10,27,78,21
Tiankoura,590,510,1 100,31,21,30,22,20,31,181,136,67,56,56,67,100,123,137,22
Tinguera,398,399,797,1,23,22,26,24,34,161,90,29,14,11,22,33,98,174,35
Tiopanao,88,95,183,6,2,5,4,1,5,38,12,7,2,5,5,22,24,33,12
Tioyo,443,637,1 080,38,21,42,38,35,25,190,102,41,32,25,58,83,105,180,65
Tordiera,62,82,144,1,0,8,11,5,11,38,8,1,1,0,2,1,17,33,7
Uleo,70,108,178,3,4,7,7,4,4,42,20,6,2,3,2,4,17,45,8
Waltièra,81,121,202,4,4,5,7,7,6,42,24,7,6,3,3,5,13,47,19
Wangara,276,354,630,5,5,24,16,27,20,149,70,15,17,15,19,27,39,157,25
Yèbèlèla,117,142,259,3,7,15,13,13,11,57,22,1,9,1,5,16,19,54,13
Yèlèla,201,225,426,15,13,14,19,16,27,101,39,10,5,8,21,14,48,67,9
,,,,,,,,,,,,,,,,,,,
PROVINCE: IOBA,130 361,135 595,265 956,7 720,7 867,8 810,9 139,9 064,9 234,48 107,19 595,6 005,5 218,4 764,10 156,20 547,40 128,49 790,9 812
,,,,,,,,,,,,,,,,,,,
"""COMMUNE: DANO""",31 322,32 915,64 237,1 819,1 812,2 081,2 151,2 167,2 169,11 497,4 748,1 511,1 254,1 189,2 488,5 107,10 191,12 063,1 990
,,,,,,,,,,,,,,,,,,,
"""COMMUNE: DANO - Rural""",18 678,19 637,38 315,1 117,1 101,1 359,1 459,1 461,1 443,7 545,2 699,872,619,589,1 226,2 611,5 669,7 304,1 241
Bafore,506,548,1 054,41,36,41,38,39,34,211,65,24,16,17,38,104,153,176,21
Batiara,691,653,1 344,31,36,51,41,58,51,269,79,48,14,13,46,107,251,226,23
Bavoulé,371,364,735,12,19,32,24,27,20,152,71,22,11,5,19,35,90,181,15
Bolembar,4 240,4 583,8 823,249,258,295,380,378,378,1 728,613,197,130,105,246,500,1 304,1 736,326
Complan,1 049,1 171,2 220,70,45,64,81,73,59,384,186,39,41,31,69,151,275,541,111
Dayèrè,645,677,1 322,34,40,57,42,42,42,223,88,42,34,23,43,108,169,294,41
Fitingué,647,642,1 289,44,36,57,53,50,55,247,67,20,15,28,61,102,215,209,30
Gnigbaman,816,860,1 676,48,57,56,60,54,62,348,111,41,32,32,52,110,241,333,39
Gnikpiere,738,634,1 372,42,41,39,41,40,48,251,78,29,28,30,63,129,252,227,34
Gnimi,889,988,1 877,47,37,67,71,82,76,393,120,52,38,40,77,138,240,335,64
Kobar,902,909,1 811,91,62,75,86,65,75,392,115,31,9,21,59,113,284,300,33
Kpélégane,181,157,338,3,14,7,12,11,13,71,23,9,6,6,3,19,51,81,9
Lofing,754,732,1 486,36,38,52,38,46,42,297,109,27,24,25,58,113,211,303,67
Manzour,535,606,1 141,42,37,39,39,37,50,241,72,21,20,18,28,62,157,225,53
Sarba,876,819,1 695,64,32,75,62,54,71,315,115,50,33,27,84,136,267,271,39
Sorkon,698,774,1 472,51,50,47,48,48,56,309,138,37,13,28,51,89,201,268,38
Tambalan,522,698,1 220,30,43,47,50,67,49,262,104,31,16,27,33,60,177,197,27
Tambikpéré,157,92,249,2,3,3,4,7,2,21,7,3,5,1,7,23,59,89,13
Tambiri,503,571,1 074,24,40,36,39,48,50,205,77,21,27,13,26,76,131,204,57
Tessiougane,236,261,497,16,12,15,10,20,17,101,42,9,9,12,18,29,85,88,14
Wadièlè,257,279,536,8,24,24,13,25,20,102,43,15,12,9,18,45,85,88,5
Yabogane,734,789,1 523,43,46,57,76,52,58,267,109,30,29,44,42,139,244,249,38
Yo,1 165,1 267,2 432,62,73,89,109,101,81,547,180,49,36,18,56,147,353,435,96
Zouziègane,566,563,1 129,27,22,34,42,37,34,209,87,25,21,16,29,76,174,248,48
,,,,,,,,,,,,,,,,,,,
"""COMMUNE: DANO - Urbain""",12 644,13 278,25 922,702,711,722,692,706,726,3 952,2 049,639,635,600,1 262,2 496,4 522,4 759,749
Secteur 1,2 421,2 580,5 001,156,139,154,144,143,151,798,363,115,115,97,249,476,947,830,124
Secteur 2,3 384,3 737,7 121,188,236,180,160,185,181,1 079,564,214,179,181,355,682,1 327,1 291,119
Secteur 3,2 162,2 060,4 222,113,90,92,109,100,95,583,338,100,128,148,275,540,690,714,107
Secteur 4,1 703,1 893,3 596,79,93,117,100,100,108,494,263,77,64,64,150,357,670,720,140
Secteur 5,1 537,1 572,3 109,92,97,105,96,92,107,538,268,54,76,54,105,232,456,597,140
Secteur 6,399,436,835,29,14,25,25,27,33,153,79,22,19,21,31,49,123,163,22
Secteur 7,1 038,1 000,2 038,45,42,49,58,59,51,307,174,57,54,35,97,160,309,444,97
,,,,,,,,,,,,,,,,,,,
"""COMMUNE: DISSIN  - Rural""",22 229,23 349,45 578,1 222,1 170,1 390,1 391,1 456,1 517,7 983,3 674,1 179,915,823,1 632,3 291,6 294,9 248,2 393
Bagane,864,918,1 782,37,46,45,53,55,50,334,145,54,30,31,62,121,230,356,133
Benvar,1 122,1 144,2 266,61,70,73,80,61,87,443,179,59,54,45,73,149,288,434,110
Bilbalè,1 099,1 081,2 180,93,83,87,77,135,76,356,104,30,37,31,61,171,373,398,68
Dadonè,352,369,721,33,10,22,19,27,33,139,65,20,11,13,22,47,91,146,23
Dakolé,560,607,1 167,22,38,43,31,50,35,226,93,22,21,12,46,76,144,261,47
Dissin,4 415,4 646,9 061,217,230,233,219,218,261,1 414,721,237,225,212,406,822,1 443,1 768,435
Done,506,538,1 044,33,29,33,35,28,40,172,65,38,16,20,40,67,151,213,64
Gora,460,513,973,20,26,28,30,22,22,138,94,27,22,22,48,76,119,209,70
Kankampèlè,973,922,1 895,60,53,75,67,69,73,317,199,65,41,38,72,128,277,297,64
Kokolibou,681,760,1 441,34,43,42,48,42,44,265,132,39,36,28,49,103,142,297,97
Korgnègane,641,757,1 398,46,39,47,36,47,47,246,112,37,32,26,62,98,127,316,80
Kouléteon,515,600,1 115,25,28,29,33,40,34,198,87,35,7,22,39,62,125,267,84
Kpomahn,721,746,1 467,54,41,46,65,49,53,300,131,31,22,20,33,90,182,290,60
Kpopèri,743,744,1 487,44,17,61,49,67,56,315,114,42,27,24,50,86,167,294,74
Méon,218,228,446,11,5,10,13,14,17,70,42,9,13,4,14,27,55,129,13
Mou,1 535,1 661,3 196,72,94,87,88,108,109,587,266,77,74,56,104,206,340,713,215
Nakar,2 559,2 517,5 076,96,112,152,136,156,155,790,377,140,91,70,177,433,832,1 093,266
Namarè,254,300,554,22,11,27,22,18,26,108,47,10,3,2,18,40,79,106,15
Natiétéon,165,184,349,5,9,10,8,6,11,75,38,11,9,6,14,12,42,72,21
Navrikpè,453,494,947,30,22,24,39,31,33,167,69,21,16,20,30,57,135,215,38
Ouizine,475,507,982,21,33,31,46,35,38,174,88,29,23,18,36,50,121,201,38
Saala,781,832,1 613,35,32,34,48,46,50,313,143,36,30,23,42,74,207,363,137
Tansalba,652,669,1 321,37,25,43,38,35,39,241,126,39,26,36,40,70,156,257,113
Tansien,333,341,674,19,12,23,19,16,25,133,58,14,13,14,15,49,87,135,42
Toléper,325,326,651,16,13,16,27,22,23,114,43,22,19,9,24,67,107,113,16
Zodoun-Tampouo,827,945,1 772,79,49,69,65,59,80,348,136,35,17,21,55,110,274,305,70
,,,,,,,,,,,,,,,,,,,
"""COMMUNE: GUEGUERE  - Rural""",23 461,23 527,46 988,1 477,1 579,1 655,1 668,1 660,1 686,8 502,3 298,1 011,933,876,1 979,3 892,7 399,8 032,1 341
Badièrè,360,365,725,18,25,29,27,20,27,133,46,26,12,13,24,49,100,145,31
Badoné,526,570,1 096,39,29,40,34,42,35,187,73,21,23,25,33,93,196,185,41
Batièlè,440,415,855,16,20,24,28,15,23,122,78,32,26,25,58,91,125,146,26
Bilé,455,470,925,29,31,35,30,37,41,171,58,15,19,17,45,83,143,149,22
Bouni,1 510,1 522,3 032,69,103,131,117,137,144,611,185,62,59,51,118,210,500,486,49
Dabolé,289,282,571,14,19,25,12,27,24,113,42,9,9,9,19,23,85,111,30
Dahorè,468,493,961,26,24,28,21,29,13,165,78,27,33,22,49,70,132,188,56
Dakoula,882,900,1 782,61,60,74,63,49,48,351,146,34,32,20,79,144,262,310,49
Didro,629,480,1 109,3,22,20,34,16,21,131,87,34,21,12,49,108,270,264,17
Dioumouon,1 006,1 070,2 076,85,83,70,74,82,70,349,135,36,38,42,81,213,337,334,47
Doumouolè,617,650,1 267,41,49,37,52,44,54,266,76,31,18,33,74,101,178,184,29
Gnimbarè,408,465,873,20,33,35,40,31,35,168,64,20,12,14,28,65,134,139,35
Gogoba,1 217,1 130,2 347,66,112,81,106,90,92,407,146,48,50,39,104,219,365,373,49
Guéguéré,1 194,1 172,2 366,52,53,74,84,72,78,385,165,66,50,65,112,191,361,462,96
Katogué,501,511,1 012,34,32,63,41,40,37,201,81,15,15,16,22,62,169,153,31
Kolkol,810,890,1 700,81,60,62,67,70,66,316,125,40,29,34,84,145,257,238,26
Komon,243,291,534,15,27,17,21,25,21,90,30,14,5,4,27,45,89,92,12
Koregnon,698,657,1 355,44,54,52,52,50,55,238,85,20,35,26,42,122,260,200,20
Koulégane,703,730,1 433,49,48,51,55,63,52,296,100,29,31,23,52,106,214,237,27
Kourkour,686,659,1 345,38,48,43,44,34,42,235,93,28,33,21,68,144,172,242,60
Libiélé,416,346,762,33,27,19,34,26,24,132,38,9,16,12,40,80,126,119,27
Moulourou,677,618,1 295,33,37,30,47,29,48,225,88,31,30,22,69,115,183,242,66
Nablégane,362,343,705,20,27,20,34,31,27,141,50,14,14,14,33,41,108,100,31
Nakar,1 002,990,1 992,100,76,51,73,83,64,372,137,30,37,36,77,152,341,318,45
Naro,448,478,926,36,31,30,27,31,30,183,73,21,14,15,22,50,151,187,25
Naro-Bagane,374,382,756,32,23,22,20,26,31,157,57,12,7,21,23,46,95,159,25
Navrinkpkè,618,613,1 231,37,37,33,41,41,48,242,99,28,30,26,53,78,187,219,32
Pabo,376,388,764,31,28,31,28,36,31,132,57,15,15,7,20,58,132,129,14
Sahorè,137,130,267,5,13,8,8,13,9,45,21,6,4,6,4,26,39,54,6
Saléteon,972,936,1 908,59,70,75,58,64,82,357,126,42,51,27,81,187,327,277,25
Salibor,360,399,759,17,39,26,38,24,31,122,34,14,11,14,25,71,136,133,24
Tampouor,400,425,825,24,17,42,30,29,32,124,59,20,17,25,31,70,97,160,48
Tankiédougou,703,716,1 419,44,41,47,43,47,47,314,118,27,32,28,78,137,204,194,18
Ténoulé,1 287,1 295,2 582,74,74,78,78,77,69,404,191,63,53,46,113,229,424,501,108
Vourégane,586,596,1 182,39,29,43,42,45,29,200,99,25,22,19,40,99,171,244,36
Walala,445,440,885,27,24,35,25,29,36,162,64,15,15,24,45,75,127,156,26
Zelinkpè,656,710,1 366,66,54,74,40,56,70,255,94,32,15,23,57,94,202,202,32
,,,,,,,,,,,,,,,,,,,
"""COMMUNE: KOPER  - Rural""",13 913,14 738,28 651,812,842,909,1 027,1 000,966,5 110,2 146,634,560,511,1 084,2 042,3 969,5 792,1 247
Babora,1 123,1 250,2 373,70,60,57,80,73,77,380,190,39,43,46,95,152,317,557,137
Béné,1 717,1 758,3 475,74,130,132,119,106,125,657,275,75,79,61,130,259,482,659,112
Bingane,426,431,857,26,31,13,32,46,25,142,66,14,36,18,30,59,115,159,45
Biokoula,304,287,591,27,16,21,30,20,27,117,46,11,12,7,27,46,74,104,6
Boulmouontéon,501,466,967,32,20,49,26,36,38,183,55,25,8,17,35,93,129,180,41
Dalgane,706,803,1 509,32,38,31,51,45,45,270,128,37,44,28,60,76,200,335,89
Dibôg,608,638,1 246,36,38,39,40,54,30,215,107,28,34,26,51,111,135,256,46
Gorgahn,359,380,739,25,22,19,29,31,23,109,60,20,15,11,17,47,96,169,46
Gourpouo,426,454,880,27,20,31,37,28,34,173,67,23,17,11,29,57,106,174,46
Koper,536,575,1 111,25,28,50,32,37,35,207,94,34,38,24,52,51,133,214,57
Kpaï,1 148,1 273,2 421,56,64,69,83,76,73,383,167,49,46,47,94,167,324,577,146
Lopal,857,1 042,1 899,64,62,63,60,61,74,357,156,39,32,33,67,120,244,375,92
Mèmer,897,945,1 842,52,42,56,91,66,72,351,122,54,20,22,74,138,278,331,73
Mougnoupèlè,487,496,983,46,27,17,53,38,32,176,63,25,14,19,34,60,148,197,34
Pirkon,451,450,901,29,19,30,31,24,21,146,60,12,15,12,45,88,143,189,37
Soo-Vovor,432,318,750,18,21,34,9,29,27,139,69,18,7,12,30,42,154,131,10
Tangbè,428,487,915,32,32,40,37,44,35,159,64,11,13,17,32,74,132,166,27
Toulpouor,611,701,1 312,55,42,52,32,50,40,252,102,30,29,25,38,87,180,242,56
Zingane,383,391,774,7,19,17,23,18,16,115,51,22,14,19,31,71,106,198,47
Zoner,580,609,1 189,27,38,34,62,41,49,247,74,30,12,22,46,90,174,205,38
Zopal,933,984,1 917,52,73,55,70,77,68,332,130,38,32,34,67,154,299,374,62
,,,,,,,,,,,,,,,,,,,
"""COMMUNE: NIEGO  - Rural""",6 009,6 335,12 344,392,367,421,484,469,481,2 389,804,266,199,175,432,984,1 865,2 237,379
Bevougane,459,475,934,41,30,31,34,24,30,188,67,12,16,9,34,71,122,195,30
Dadouné,910,900,1 810,63,52,67,84,72,90,314,122,42,31,16,80,153,270,312,42
Kondon,676,686,1 362,16,38,42,65,54,61,295,72,22,11,17,42,154,256,195,22
Niégo,1 427,1 493,2 920,107,100,69,99,98,85,530,206,64,66,49,103,223,437,571,113
Tamagan,545,636,1 181,42,31,36,42,48,40,266,79,35,18,25,43,66,145,222,43
Toury,432,436,868,27,23,39,36,27,34,145,57,25,8,22,32,87,117,160,29
Varpouo,1 050,1 148,2 198,69,63,95,93,109,105,444,125,42,30,23,62,168,360,360,50
Wékanalé,510,561,1 071,27,30,42,31,37,36,207,76,24,19,14,36,62,158,222,50
,,,,,,,,,,,,,,,,,,,
"""COMMUNE: ORONKUA  - Rural""",14 918,15 774,30 692,913,1 019,1 110,1 191,1 138,1 187,6 043,2 237,604,597,527,1 172,2 363,4 523,5 171,897
Bankandi,1 711,1 744,3 455,108,107,106,148,166,97,601,257,73,70,67,121,288,513,636,97
Bisserké,1 539,1 631,3 170,112,93,130,142,131,184,653,202,67,47,45,110,218,489,457,90
Djianvour,437,503,940,31,43,30,48,32,34,195,57,17,15,7,43,69,146,139,34
Gagnimé,575,587,1 162,33,36,44,60,46,43,229,82,20,29,11,53,120,175,160,21
Gagnou,394,428,822,33,26,28,25,33,33,198,56,24,9,13,26,44,106,142,26
Gbangbadotéon,461,452,913,14,29,36,34,36,31,184,71,24,11,18,42,65,137,156,25
Gnitégba,931,1 097,2 028,63,64,56,68,43,57,377,148,23,42,55,69,147,339,387,90
Kankaniba,1 071,1 157,2 228,78,91,78,82,78,97,438,146,41,51,24,81,191,317,374,61
Kombazien,865,784,1 649,43,49,71,64,56,78,343,139,29,33,27,65,107,252,249,44
Oronkua,1 675,1 714,3 389,82,102,102,127,96,87,597,244,80,94,73,163,317,492,608,125
Orpoune,2 049,2 168,4 217,123,159,153,159,167,166,801,312,94,78,80,176,329,592,695,133
Pouléba,1 161,1 240,2 401,55,82,98,83,81,105,524,205,43,37,40,73,151,338,437,49
Wahablé,782,957,1 739,58,49,59,57,76,76,381,123,24,27,14,47,126,257,323,42
Zintéo,1 267,1 312,2 579,80,89,119,94,97,99,522,195,45,54,53,103,191,370,408,60
,,,,,,,,,,,,,,,,,,,
"""COMMUNE: OUESSA  - Rural""",8 362,8 871,17 233,451,489,584,563,531,532,2 977,1 276,395,344,357,668,1 420,2 739,3 240,667
Bekotenga,542,601,1 143,33,41,41,48,40,39,215,96,25,25,16,36,93,155,189,51
Dianlé,1 232,1 183,2 415,71,83,88,93,92,95,470,179,50,36,35,65,171,353,444,90
Hamélé,1 701,2 079,3 780,100,88,113,116,113,113,596,263,84,71,79,158,283,723,731,149
Kiérim,814,850,1 664,40,53,67,60,49,50,281,142,32,29,51,52,155,257,297,49
Kolinka,1 377,1 461,2 838,77,69,115,100,108,94,564,207,63,56,41,103,200,388,533,120
Langlé,629,671,1 300,42,31,42,29,34,40,214,114,36,30,24,50,88,171,291,64
Ouéssa,2 067,2 026,4 093,88,124,118,117,95,101,637,275,105,97,111,204,430,692,755,144
,,,,,,,,,,,,,,,,,,,
"""COMMUNE: ZAMBO  - Rural""",10 147,10 086,20 233,634,589,660,664,643,696,3 606,1 412,405,416,306,701,1 448,3 148,4 007,898
Bobra-Gogo,512,536,1 048,45,30,55,43,31,39,207,76,19,16,23,26,64,139,197,38
Bolkpè,105,97,202,3,10,3,10,6,2,31,14,4,4,3,9,12,41,40,10
Bontioli,636,602,1 238,47,38,55,48,51,43,218,72,27,14,8,38,97,228,204,50
Dergane,250,225,475,20,9,13,25,18,11,87,30,9,10,5,13,42,76,91,16
Djikologo,762,781,1 543,52,47,69,54,55,74,274,108,20,23,14,53,139,223,300,38
Forotéon,666,665,1 331,40,33,32,25,28,43,207,111,32,41,22,62,86,205,292,72
Gamgbo,268,243,511,4,14,18,17,23,13,84,27,8,11,5,27,41,121,86,12
Gbongbo-Zodoun,356,336,692,22,17,19,30,25,18,125,48,17,10,17,12,47,108,165,12
Gbonko,458,477,935,33,28,29,28,36,37,168,62,18,20,12,35,61,151,177,40
Gnamè,257,241,498,16,12,7,13,21,6,75,44,14,14,7,17,32,74,113,33
Habre,484,444,928,19,23,34,39,25,38,182,79,12,19,12,26,63,131,154,72
Korbè,249,287,536,12,11,20,11,14,13,82,38,12,15,6,26,36,85,122,33
Korompéri,364,401,765,12,23,12,22,20,28,120,66,21,19,17,21,46,109,183,46
Kpankpirè,643,660,1 303,34,39,36,48,32,53,221,90,32,40,21,45,96,175,272,69
Manoa,576,538,1 114,29,26,29,23,23,35,210,50,16,16,19,57,81,213,251,36
Nambléteon,335,327,662,25,13,22,16,35,20,111,42,16,11,3,26,46,109,121,46
Pintou,229,231,460,20,19,12,19,16,11,96,25,7,1,7,14,33,61,98,21
Tampla,472,474,946,54,41,33,31,32,33,180,59,20,16,14,43,74,120,158,38
Tieréteon,99,113,212,0,9,6,5,8,4,39,22,5,8,4,7,15,23,46,11
Tovor,616,599,1 215,30,26,44,35,30,47,206,97,25,31,25,26,104,189,246,54
Yorkiar,328,299,627,6,12,17,24,12,23,123,58,11,16,6,21,29,91,150,28
Zambo,500,541,1 041,22,38,31,36,28,31,184,71,20,23,15,39,65,189,196,53
Zoolo,982,969,1 951,89,71,64,62,74,74,376,123,40,38,41,58,139,287,345,70
,,,,,,,,,,,,,,,,,,,
PROVINCE: NOUMBIEL,49 272,49 643,98 915,2 960,2 985,3 500,3 529,3 483,3 553,18 984,7 326,2 412,1 893,1 694,3 884,8 124,14 404,17 485,2 699
,,,,,,,,,,,,,,,,,,,
"""COMMUNE: BATIE """,22 325,22 201,44 526,1 338,1 270,1 444,1 543,1 420,1 550,8 479,3 426,1 094,869,785,1 821,3 888,6 431,8 013,1 155
,,,,,,,,,,,,,,,,,,,
"""COMMUNE: BATIE  - Rural""",13 142,13 387,26 529,841,710,858,1 016,927,989,5 458,1 970,601,464,381,928,2 006,3 423,5 084,873
Ambourma,154,190,344,5,19,10,13,9,14,71,37,1,11,6,12,41,30,61,4
Bakon,705,744,1 449,74,40,47,76,60,45,298,77,13,25,14,51,131,201,257,40
Baminen,231,116,347,0,1,3,2,4,3,60,35,6,10,17,9,60,85,50,2
Banamba-Ipiel,796,847,1 643,71,61,58,83,68,79,297,136,66,33,19,59,99,198,260,56
Banamba-Izir,240,249,489,23,7,14,20,20,23,108,46,9,6,9,17,34,50,89,14
Banamba-Sesso,105,105,210,7,5,8,11,8,7,48,11,2,5,5,9,7,21,45,11
Banamba-Toma,184,185,369,11,15,11,10,18,13,71,30,9,7,8,12,30,56,60,8
Dabozir,112,111,223,3,4,7,6,8,4,52,30,4,5,9,9,9,10,48,15
Dakira,74,91,165,5,4,7,5,2,9,40,11,5,4,1,2,11,13,43,3
Dangbal,101,108,209,6,3,6,4,4,11,39,14,9,4,2,5,7,19,68,8
Diebe,79,87,166,1,6,4,13,7,9,43,11,2,0,0,1,2,20,38,9
Dieme,440,451,891,12,45,30,40,34,34,180,56,17,13,13,38,59,123,179,18
Dissieteon,60,63,123,5,3,2,8,3,2,36,11,1,2,2,2,5,14,24,3
Djoungbal,237,255,492,13,16,22,23,26,17,128,26,7,7,0,5,19,47,109,27
Dokita,238,219,457,1,4,12,13,14,16,82,26,24,6,15,26,63,69,74,12
Donsère,420,435,855,37,28,34,31,33,35,166,55,12,17,13,52,88,113,121,20
Douloumba,236,248,484,21,14,11,18,18,20,101,34,4,13,4,16,37,56,107,10
Fadio,383,316,699,13,26,22,13,25,15,156,49,12,15,16,27,88,109,107,6
Gangalma,440,408,848,13,27,32,41,19,40,162,55,16,14,5,41,105,147,106,25
Gapar,325,337,662,3,8,17,10,8,14,123,74,12,4,13,23,64,65,199,25
Gombar,318,306,624,65,9,19,36,28,14,124,37,4,11,9,31,53,95,86,3
Ipreteon,262,230,492,18,11,18,22,10,29,101,44,13,7,5,20,22,62,94,16
Kadjateon,133,186,319,9,8,13,9,16,24,73,13,4,10,2,4,9,33,63,29
Kamateon,226,238,464,17,9,6,9,16,12,114,34,7,5,2,8,30,64,121,10
Kamba,163,188,351,8,9,20,17,9,19,83,27,13,1,3,7,13,46,69,7
Kankoumana,160,162,322,9,13,14,8,11,8,67,22,6,9,5,21,49,22,51,7
Koriba,269,308,577,10,3,21,19,20,20,135,43,16,10,11,24,21,39,140,45
Koriba-Kinkininé,118,122,240,8,11,9,10,11,11,45,17,4,3,1,8,13,19,60,10
Koriba-Tanzou,202,224,426,11,15,15,26,13,17,103,34,10,6,4,2,15,52,88,15
Koudjo,635,689,1 324,34,49,38,65,50,47,228,94,27,30,40,61,106,148,262,45
Kpeka,56,65,121,2,5,3,3,2,4,36,5,4,1,0,3,7,24,17,5
Lakpar,44,46,90,4,3,1,0,2,4,17,10,0,2,4,4,3,4,27,5
Mal-Dodomo,435,398,833,18,10,40,28,26,28,131,70,28,32,12,40,86,164,113,7
Mal-Sourgoin,52,76,128,5,3,5,6,7,6,18,7,2,2,0,7,17,16,24,3
Malteon,68,64,132,3,2,1,3,3,4,36,14,5,3,1,4,6,11,25,11
Moriba,107,111,218,5,6,5,8,7,7,51,25,6,3,2,4,10,24,43,12
Niobol,106,92,198,3,4,5,3,5,14,48,13,6,4,0,1,7,28,41,16
Niolka,57,45,102,0,1,3,4,2,5,19,8,7,0,6,9,8,14,16,0
Nove,49,33,82,0,3,1,2,0,1,15,11,4,3,1,2,7,3,28,1
Poni-kienkire,401,387,788,31,38,30,26,24,31,179,40,22,9,13,23,61,120,124,17
Pribar,362,421,783,30,18,29,32,29,39,175,61,20,11,6,19,41,112,143,18
Sourapera,276,268,544,16,24,23,14,24,25,107,38,12,1,11,18,54,79,91,7
Tadoteon,155,179,334,10,9,18,17,21,10,80,10,4,2,1,7,4,21,81,39
Tagneteon,245,229,474,17,7,12,23,25,13,89,36,16,5,2,14,26,52,117,20
Takpo,215,270,485,8,9,14,17,25,10,100,49,17,8,7,6,15,39,141,20
Tamipar,278,301,579,8,13,14,17,19,22,139,47,10,7,1,19,10,74,149,30
Tinhouri,201,117,318,0,7,0,0,6,11,45,17,24,10,7,24,38,74,52,3
Tonior,191,195,386,38,7,6,21,10,9,61,30,5,9,11,24,49,50,50,6
Tonteon,158,132,290,12,5,7,15,6,6,75,21,4,3,4,8,28,39,47,10
Toppi,142,174,316,14,8,9,11,28,7,75,14,5,4,3,12,11,30,66,19
Toussana,181,247,428,17,7,12,16,18,14,96,51,13,7,2,5,2,44,105,19
Varkorkoula,336,392,728,36,14,30,36,32,33,162,50,10,10,12,13,36,102,130,22
Yoldeteon,166,132,298,0,4,6,4,4,6,50,24,5,7,6,13,53,74,40,2
Zilateon,462,467,929,32,21,27,27,20,35,167,78,21,19,12,30,80,106,205,49
Zindi,353,328,681,19,9,27,22,10,34,153,52,16,9,4,17,57,93,130,29
,,,,,,,,,,,,,,,,,,,
"""COMMUNE: BATIE - Urbain""",9 183,8 814,17 997,497,560,586,527,493,561,3 021,1 456,493,405,404,893,1 882,3 008,2 929,282
Secteur 1,4 157,4 022,8 179,240,243,247,213,223,254,1 301,703,240,176,180,365,840,1 477,1 355,122
Secteur 2,559,599,1 158,32,54,33,34,41,38,238,91,32,26,28,58,79,139,196,39
Secteur 3,1 048,1 061,2 109,57,67,80,65,73,72,350,149,48,47,44,137,241,292,350,37
Secteur 4,1 789,1 545,3 334,58,74,138,114,62,109,611,269,90,77,91,153,323,559,562,44
Secteur 5,1 630,1 587,3 217,110,122,88,101,94,88,521,244,83,79,61,180,399,541,466,40
,,,,,,,,,,,,,,,,,,,
"""COMMUNE: BOUSSOUKOULA  - Rural""",6 412,6 208,12 620,533,376,506,443,430,489,2 256,827,287,269,244,507,1 064,2 002,2 148,239
Baheldouo,407,247,654,20,6,12,15,21,6,78,18,13,9,4,13,68,206,157,8
Bidardouo,88,105,193,3,9,3,9,10,8,40,10,3,6,0,7,15,28,37,5
Binissira,76,90,166,6,5,8,5,6,9,33,10,6,1,4,11,12,15,30,5
Bobera,452,418,870,22,40,36,38,18,50,177,53,30,15,8,14,71,140,149,9
Boladouo,48,57,105,2,4,2,5,2,2,20,11,3,3,5,2,7,15,21,1
Bonkolou,249,240,489,24,16,21,19,12,22,97,20,7,4,13,12,39,88,84,11
Bonkolou-tolkahoun,109,112,221,8,8,11,6,5,5,48,13,8,3,6,11,20,26,38,5
Bountara,129,143,272,18,10,14,13,7,12,43,27,6,5,3,19,12,33,43,7
Boussoukoula,811,783,1 594,50,48,59,60,45,46,267,121,56,50,47,89,152,240,238,26
Dallera-Helmira,61,60,121,5,3,8,4,4,9,24,5,3,0,3,4,8,16,22,3
Donafara,212,187,399,9,12,20,13,24,25,78,26,12,6,3,17,26,53,65,10
Foumera,73,59,132,3,5,3,4,7,8,25,10,4,1,2,7,6,16,29,2
Gongonkar,153,134,287,9,9,7,11,16,10,52,18,10,3,4,13,21,45,55,4
Kalamkporo,69,67,136,4,2,2,7,6,6,30,7,6,3,3,4,11,15,27,3
Kimtara,50,38,88,1,3,4,1,2,4,16,3,1,0,1,4,8,16,19,5
Konkera,497,408,905,32,24,31,24,28,25,129,52,16,33,23,35,83,168,193,9
Kosso-Tier,396,421,817,33,23,35,22,28,33,156,61,14,15,22,35,75,116,125,24
Kosso-you,159,200,359,8,7,20,11,5,15,62,16,7,7,10,10,41,80,54,6
Kpambilou,117,101,218,3,3,12,2,9,8,50,16,5,4,2,8,14,30,42,10
Kpaon,84,80,164,27,8,13,4,2,8,30,9,4,4,1,3,4,16,26,5
Lankardouo,124,143,267,12,12,7,11,7,15,51,16,6,1,4,8,24,36,45,12
Nambouna-Boptara,166,159,325,9,10,15,18,16,15,40,21,5,4,7,16,36,51,55,7
Nepelimpira,82,56,138,6,6,3,3,5,3,24,5,2,2,1,4,13,33,27,1
Niobouro,107,96,203,6,4,3,7,6,5,37,24,5,9,3,15,10,19,39,11
Nobrodouo,94,106,200,18,0,9,10,9,8,28,8,1,5,1,9,29,25,37,3
Noperdouo,83,69,152,9,8,5,7,5,8,27,8,3,7,5,5,16,10,27,2
Paradouo,54,56,110,4,5,8,5,10,4,15,4,0,1,0,2,3,27,22,0
Pobanseo,189,204,393,12,13,14,14,19,14,76,30,6,8,6,20,39,55,61,6
Prounkera,101,118,219,1,7,9,11,9,7,35,22,6,3,4,10,23,36,32,4
Setadouo,47,44,91,1,5,3,2,3,2,13,8,7,4,2,4,8,7,20,2
Sikati,286,312,598,33,25,19,22,30,23,128,52,8,23,15,16,34,82,83,5
Tambilou,137,170,307,13,5,12,12,10,11,70,37,6,7,4,4,24,36,52,4
Tiempara,56,55,111,5,0,8,4,3,5,19,4,0,1,1,6,13,15,22,5
Tifrodouo,174,176,350,14,8,22,10,11,20,60,30,6,1,1,25,37,48,50,7
Tiokpolo,121,126,247,73,4,8,7,8,5,22,8,2,3,7,19,12,41,26,2
Vinadouo,306,317,623,28,15,36,25,19,28,130,40,9,16,18,25,47,103,77,7
Yelhourodouo,45,51,96,2,4,4,2,3,5,26,4,1,2,1,1,3,16,19,3
,,,,,,,,,,,,,,,,,,,
"""COMMUNE: KPUERE  - Rural""",3 506,3 885,7 391,180,227,342,328,363,267,1 430,588,195,124,141,235,511,965,1 271,224
Bonfateon,344,350,694,19,15,26,25,25,27,153,80,17,11,11,21,52,80,117,15
Derbar,197,216,413,3,6,53,37,62,0,27,28,2,2,5,2,28,60,84,14
Fadio,440,479,919,25,20,43,59,34,35,202,65,18,15,14,29,53,131,157,19
Fadio-Mépéhn,101,128,229,2,10,29,29,29,1,15,17,6,1,1,3,8,39,27,12
Kouldadouo,247,294,541,13,12,36,21,35,24,108,43,13,5,6,15,35,53,105,17
Kpuéré,1 001,1 091,2 092,49,74,52,72,57,73,373,168,76,49,50,93,195,291,352,68
Medicateon,254,322,576,25,16,11,13,27,32,126,61,13,12,12,21,26,67,94,20
Mereteon,146,141,287,5,14,13,8,6,8,70,25,7,5,4,7,22,39,43,11
Nabateon,111,146,257,9,14,12,13,5,13,65,23,7,3,12,9,5,20,42,5
Teheni-sud,88,115,203,0,13,27,7,28,8,45,4,1,0,0,0,1,26,40,3
Tiapreteon,34,28,62,2,1,1,2,3,3,13,8,1,1,1,3,3,9,9,2
Titinateon,543,575,1 118,28,32,39,42,52,43,233,66,34,20,25,32,83,150,201,38
,,,,,,,,,,,,,,,,,,,
"""COMMUNE: LEGMOIN  - Rural""",9 502,9 529,19 031,492,566,568,604,655,630,3 619,1 463,443,367,288,697,1 476,2 776,3 651,736
Bonyantéon,117,141,258,12,8,8,10,10,9,53,20,3,2,2,9,16,25,55,16
Bopiel,325,271,596,13,17,12,11,12,24,117,49,23,17,17,23,51,87,104,19
Dakpolo-Folapouo,134,127,261,7,10,5,10,7,7,63,13,2,5,3,4,13,41,59,12
Dakpolo-Gompar,223,257,480,15,21,11,15,12,15,97,29,5,11,3,24,36,63,88,35
Dankana,237,320,557,18,13,18,16,11,17,110,50,11,14,8,22,49,77,85,38
Dankana-Ipala,155,167,322,3,13,11,12,11,11,68,32,12,4,2,5,20,37,77,4
Dankana-Nabagone,324,321,645,6,21,19,29,23,24,138,49,17,11,7,22,42,89,131,17
Dassara,130,127,257,7,11,4,12,7,8,65,14,4,3,2,13,17,33,49,8
Dazouba,335,353,688,21,26,19,29,29,24,108,49,17,19,8,13,48,85,152,41
Deloutéon,129,126,255,13,4,13,6,13,5,53,22,3,1,4,7,24,36,43,8
Douotaon,104,103,207,2,7,13,5,6,6,39,15,3,4,2,9,11,39,41,5
Ferkane,131,152,283,11,2,6,10,15,10,69,29,5,7,2,4,8,36,62,7
Galire,260,243,503,11,20,23,14,24,10,109,43,17,8,5,18,32,83,72,14
Kala,141,119,260,8,7,5,7,7,13,48,15,8,5,0,7,19,27,71,13
Kiriblé,358,403,761,27,14,22,18,27,21,121,51,11,14,7,32,65,124,161,46
Koulbie,142,157,299,3,23,12,4,13,8,55,19,9,6,6,6,24,41,65,5
Koulé,885,812,1 697,49,62,44,48,55,50,299,126,57,37,31,59,144,251,322,63
Kour,234,258,492,9,20,14,24,23,17,86,36,18,8,7,37,33,77,76,7
Kpadier,107,97,204,6,7,4,9,9,9,54,16,4,3,4,6,2,16,51,4
Legmoin,960,959,1 919,57,53,56,48,51,64,267,146,55,57,46,104,199,329,314,73
Nakone,63,51,114,3,4,1,5,2,3,19,7,2,1,2,8,11,20,24,2
Nibieteon,154,187,341,7,7,8,12,11,13,86,37,8,5,3,4,16,31,83,10
Opor-Badouor,227,228,455,11,17,17,5,14,13,95,41,12,9,5,22,35,73,74,12
Opor-Kakalapouor,62,65,127,3,4,2,2,5,5,30,6,3,3,0,5,9,18,30,2
Opor-Séguéré,148,152,300,10,11,11,12,13,9,57,24,7,3,13,1,20,52,50,7
Opor-Tankoli,96,92,188,3,5,2,6,7,10,31,16,5,4,3,5,12,31,38,10
Ouadiel,300,337,637,8,24,19,21,25,25,131,54,7,7,13,21,50,83,126,23
Ouelba,329,273,602,13,20,43,25,38,27,102,25,6,10,8,24,56,123,68,14
Palior,169,194,363,9,10,7,11,15,9,73,37,5,6,7,10,26,60,61,17
Piri,130,99,229,2,3,6,5,7,8,38,25,3,4,1,13,24,52,36,2
Pontiel,60,65,125,5,5,3,6,5,7,27,8,2,3,2,1,1,14,33,3
Silom-Babori,83,81,164,2,0,3,4,3,7,35,10,5,1,6,8,15,18,38,9
Silom-Bagahn,275,282,557,11,8,22,15,21,20,95,63,12,11,6,20,43,78,118,14
Silom-Folapouo,197,176,373,5,9,11,6,7,12,89,30,16,8,1,21,19,32,91,16
Silom-Nabateon,40,40,80,2,2,4,1,2,1,20,5,2,0,1,2,9,4,23,2
Tiekel,154,177,331,10,9,15,21,16,13,77,17,8,4,1,10,7,32,73,18
Toupar,139,167,306,8,10,5,10,9,8,79,25,2,9,4,9,20,40,60,8
Voubé-Gompar,146,132,278,2,9,5,10,9,5,56,21,10,3,4,10,25,33,59,17
Voubé-Tanzou,167,121,288,13,5,6,12,12,10,50,20,2,3,1,7,29,38,65,15
Yapoteon,150,148,298,7,9,3,11,10,16,50,30,5,6,13,10,23,37,61,7
Zinka-Folapouo,215,207,422,18,14,9,23,13,13,79,27,4,4,5,18,36,54,76,29
Zinka-Kpoko,265,275,540,20,9,24,11,20,15,106,33,7,12,13,10,51,87,98,24
Zinka-Tol,89,87,176,8,4,6,7,4,7,26,15,1,2,1,4,20,24,37,10
Zinsiar,86,84,170,3,3,9,3,6,6,38,9,3,2,0,4,7,33,34,10
Zinzour,230,204,434,7,5,5,17,10,7,78,39,18,10,2,19,40,87,77,13
Zinzour-Polo,97,92,189,4,1,3,6,6,9,33,16,4,1,7,7,19,26,40,7
,,,,,,,,,,,,,,,,,,,
"""COMMUNE: MIDEBDO  - Rural""",7 527,7 820,15 347,417,546,640,611,615,617,3 200,1 022,393,264,236,624,1 185,2 230,2 402,345
Amimbiri,149,127,276,10,8,13,11,6,9,65,12,6,5,4,22,28,32,38,7
Beboula,63,82,145,5,3,10,7,3,8,35,6,2,1,0,5,13,22,23,2
Bielmira,181,85,266,3,12,7,3,9,7,30,9,6,5,11,20,51,53,37,3
Bonkossera,353,358,711,35,13,21,20,28,31,149,49,15,16,14,51,70,74,111,14
Boulignora,108,126,234,4,11,15,13,9,12,47,10,7,3,2,4,15,33,42,7
Bouloumpera,134,153,287,4,10,14,13,18,12,63,29,6,3,6,14,20,30,42,3
Bounoumbara,36,39,75,0,6,4,5,4,4,14,4,4,1,0,3,3,15,7,1
Dapladio,92,94,186,4,10,5,9,6,9,39,18,4,3,1,7,18,22,26,5
Diattara,316,342,658,10,16,21,31,27,26,156,55,12,9,8,16,31,86,139,15
Diebroudouo,135,167,302,0,16,20,17,16,18,66,6,5,4,0,6,24,67,30,7
Dimenemina,79,91,170,2,9,9,8,8,6,46,9,3,2,1,5,12,19,27,4
Diomena,85,88,173,7,7,10,5,10,2,40,11,7,2,3,6,14,20,26,3
Dobena,129,160,289,6,12,8,9,13,11,70,26,1,6,1,10,14,48,45,9
Dongolona,263,293,556,12,11,26,16,13,14,153,45,7,5,8,26,20,81,102,17
Farakouora,134,142,276,8,8,6,10,9,11,63,16,2,5,0,2,15,54,57,10
Foumbira,127,122,249,7,8,9,4,6,11,53,17,6,6,4,9,21,38,37,13
Founfouna,259,217,476,17,20,28,24,26,17,95,28,11,4,5,17,41,64,69,10
Gbengbéna,84,94,178,5,8,8,4,7,9,25,17,7,2,1,9,14,31,28,3
Guilakoura,145,168,313,13,11,11,10,16,12,72,23,6,4,6,5,15,48,54,7
Guilenyora,19,22,41,0,2,1,1,3,1,11,6,2,0,0,0,0,8,6,0
Halahera,72,83,155,0,9,6,6,9,10,40,5,5,1,1,2,12,26,23,0
Kalambouro,147,145,292,9,10,11,12,10,17,67,21,7,0,6,13,16,41,45,7
Kankoera,120,99,219,8,7,10,6,8,6,57,16,2,2,1,3,21,25,43,4
Kpanhèla,60,71,131,3,4,10,5,9,7,32,4,5,1,1,4,12,17,15,2
Kpantianao,283,310,593,28,8,24,27,24,21,121,33,20,8,5,24,56,96,90,8
Malampoupera,75,88,163,0,8,6,4,12,7,39,9,6,4,0,1,10,22,30,5
Midebdo,1 106,1 038,2 144,59,88,92,74,57,75,315,178,66,77,58,123,200,345,288,49
Napindouo,58,43,101,3,3,5,6,6,2,21,9,2,2,0,1,5,20,12,4
Nioyo,72,57,129,0,4,4,9,9,6,28,7,6,0,0,7,5,24,19,1
Niperdouo,44,52,96,6,1,5,3,4,2,23,6,3,1,0,7,9,9,15,2
Nkampira,38,56,94,2,3,3,3,8,3,17,8,4,3,2,2,5,13,16,2
Ntonhina,57,60,117,7,3,3,5,5,2,28,9,2,3,4,5,4,14,22,1
Ormitara,76,73,149,3,1,7,6,6,5,36,8,8,5,3,9,7,8,30,7
Ouele-Oulelena,169,185,354,13,23,17,23,18,22,74,10,3,9,5,11,26,34,56,10
Pampouna,358,340,698,26,33,21,31,29,37,115,34,24,8,14,31,73,105,107,10
Pobouro,74,84,158,5,3,2,8,9,5,41,9,3,1,1,3,15,29,23,1
Poltianao,295,340,635,30,24,37,34,23,29,138,41,15,7,7,22,48,71,88,21
Siliendouo-Rintimina,52,78,130,0,4,10,7,14,8,28,3,4,0,0,1,3,28,19,1
Similaopo,102,107,209,5,8,11,10,8,4,36,11,3,6,2,5,30,25,39,6
Sinaperdouo,331,366,697,19,27,26,30,29,24,166,44,28,10,13,26,57,96,89,13
Taperdouo,81,105,186,7,7,13,8,9,6,37,9,5,4,2,6,18,24,26,5
Tiafandouo,142,145,287,6,10,9,10,3,7,47,34,14,5,14,19,20,29,51,9
Tibeldouo,109,131,240,5,8,3,13,7,16,55,12,7,3,1,7,9,36,51,7
Tilampira,77,87,164,9,3,9,3,7,10,36,12,6,3,2,4,9,17,30,4
Tilpera,42,44,86,2,9,3,3,4,3,20,3,2,0,0,3,4,14,13,3
Timboura-Birifor,48,73,121,4,3,7,8,4,5,20,7,3,1,3,9,11,16,19,1
Timboura-Lobi,101,90,191,1,1,9,10,3,8,39,11,6,2,4,12,10,38,32,5
Tinhira,48,60,108,2,2,4,5,5,8,19,8,2,3,4,7,7,13,17,2
Tinkiro,29,25,54,0,3,0,2,4,3,16,5,2,1,0,0,3,9,6,0
Tokera-Bankoro,170,172,342,3,12,12,11,11,10,76,30,5,3,2,9,29,65,61,3
Tokera-Tiemourou,65,71,136,0,7,5,2,8,8,32,8,1,3,1,5,6,22,27,1
Torkouora,135,172,307,0,9,10,7,16,11,89,22,5,2,5,6,6,54,54,11
,,,,,,,,,,,,,,,,,,,
PROVINCE: PONI,168 544,188 374,356 918,8 689,9 473,11 610,12 086,12 015,12 374,65 484,26 054,8 869,6 874,6 246,14 090,30 110,53 683,66 418,12 843
,,,,,,,,,,,,,,,,,,,
"""COMMUNE: BOUROUM-BOUROUM  - Rural""",6 389,7 550,13 939,316,375,479,449,457,493,2 783,1 228,434,333,339,568,1 005,1 618,2 497,565
Bakadjara,367,394,761,16,23,41,28,29,36,189,61,21,13,16,23,36,105,106,18
Banlo,288,359,647,11,11,21,18,28,24,149,63,22,15,18,30,46,50,110,31
Bouméo,301,391,692,13,7,30,17,17,21,144,56,18,8,8,25,48,79,155,46
Bouroum-Bouroum,2 320,2 487,4 807,112,155,123,131,134,130,750,448,148,172,183,257,489,671,766,138
Gbonfléra,319,375,694,31,14,29,15,25,34,148,53,15,14,8,24,47,104,102,31
Hella,166,201,367,17,11,23,9,21,11,66,34,10,6,8,17,19,33,69,13
Hella I,242,289,531,15,10,25,22,18,14,111,47,15,12,9,26,26,53,105,23
Kokora,194,246,440,6,13,20,23,19,22,90,30,15,3,7,18,22,33,84,35
Konséra,248,289,537,7,10,11,23,9,23,100,62,22,12,14,27,31,77,90,19
Mandjinao,189,269,458,11,11,10,17,24,12,120,41,9,8,8,6,21,44,89,27
Mingboura,87,134,221,2,7,5,13,6,9,61,17,8,4,1,8,9,12,46,13
N'pantéra,199,273,472,4,9,14,12,14,14,131,48,14,11,6,6,19,36,120,14
Séouo,349,372,721,10,16,27,26,22,34,150,53,29,12,11,16,51,89,136,39
Sibéra,375,419,794,15,28,27,32,27,35,170,72,23,18,14,33,58,65,157,20
Sidana,53,108,161,6,2,2,6,2,3,36,10,6,1,5,1,13,17,36,15
Tikitionao,346,424,770,29,32,44,29,32,31,173,67,18,13,15,30,33,79,125,20
Timbarbitionao,95,137,232,3,3,5,12,7,11,45,28,8,3,2,5,14,16,55,15
Tiogagara,153,249,402,5,9,14,7,19,17,96,20,24,3,2,11,15,33,100,27
Youmpoa- Tiopanao,98,134,232,3,4,8,9,4,12,54,18,9,5,4,5,8,22,46,21
,,,,,,,,,,,,,,,,,,,
"""COMMUNE: BOUSSERA  - Rural""",8 324,9 809,18 133,266,373,581,682,649,693,3 561,1 252,458,285,205,543,1 050,2 286,4 382,867
Batié -Blé,105,132,237,0,0,0,1,0,1,33,14,7,4,5,32,39,36,58,7
Bouratéon,97,117,214,5,7,10,5,10,6,55,11,5,1,1,5,7,29,46,11
Bousséra,752,813,1 565,30,44,52,49,61,76,220,165,71,59,36,80,154,197,229,42
Dabori-Pari,119,135,254,1,4,1,0,1,1,4,4,0,1,1,4,37,91,81,23
Dalamièra,107,165,272,2,1,1,2,2,10,31,12,10,3,3,23,44,47,66,15
Dalangbara,78,141,219,6,6,8,7,7,2,47,18,7,4,1,6,16,16,51,17
Dapèra,75,90,165,2,4,5,3,6,4,46,12,4,5,1,4,4,15,36,14
Diénéména,186,239,425,5,9,9,7,11,24,75,28,13,5,7,24,22,57,97,32
Dobile,110,104,214,0,3,2,4,3,6,60,22,9,8,3,6,7,13,38,30
Dogberpari,182,185,367,0,18,14,24,14,6,74,15,4,5,9,10,18,45,85,26
Donka,122,137,259,4,8,4,13,11,17,61,15,5,3,3,4,12,37,54,8
Donko,355,416,771,13,20,58,71,49,37,126,63,24,5,7,6,43,103,128,18
Donko-Tambili,39,56,95,0,0,0,1,1,1,15,4,2,3,1,4,4,22,37,0
Fourbira,149,259,408,8,11,22,14,18,12,91,28,8,8,7,8,21,30,113,9
Gbadora,59,77,136,0,0,0,0,0,0,0,0,2,1,0,6,12,64,42,9
Gbadora-Tiopanao,35,27,62,0,0,0,0,0,0,1,0,0,0,0,0,2,28,26,5
Gbon,60,116,176,4,4,5,8,7,5,32,15,3,4,2,14,4,19,45,5
Gompare,47,68,115,4,0,2,6,4,4,25,6,4,2,0,0,2,12,42,2
Gongondi,114,171,285,7,7,9,8,9,23,43,7,5,6,3,6,22,40,66,24
Gongone,50,54,104,0,1,0,1,4,0,10,2,2,0,1,7,15,19,36,6
Gouamba,139,102,241,0,14,19,33,5,18,39,4,1,0,0,2,5,30,63,8
Kabra,176,217,393,8,11,22,14,9,12,76,28,8,3,3,8,17,55,106,13
Kampidiou,109,65,174,0,0,16,16,2,3,6,5,2,0,0,1,6,29,83,5
Kankaniblé,195,202,397,0,12,19,21,15,17,106,26,8,9,5,16,10,38,90,5
Kolondjoura,159,221,380,11,11,8,11,15,11,106,25,10,6,3,9,25,44,66,19
Koubéo-Djoulo,99,166,265,5,5,5,5,12,13,62,20,5,2,3,7,10,29,70,12
Koukoutéon,185,230,415,8,5,13,20,18,14,88,32,11,5,0,3,11,47,131,9
Koukoutéon-Diendientéon,200,257,457,5,7,16,11,28,13,107,16,8,4,2,3,8,37,181,11
Koulého,222,282,504,15,6,11,13,8,17,103,40,18,10,4,16,37,51,113,42
Kpara,128,149,277,2,6,2,6,8,9,43,19,5,7,4,8,21,36,78,23
Lamboura,62,69,131,0,1,2,3,3,3,26,12,1,2,2,4,8,23,36,5
Mekpa,220,187,407,7,9,13,13,17,22,124,31,10,2,5,4,13,43,83,11
Momol,251,262,513,4,4,8,14,20,18,101,24,9,4,0,14,12,54,205,22
Nonkinéna,119,176,295,11,6,6,13,4,15,51,35,13,6,7,9,37,32,41,9
Poira,125,175,300,0,6,6,10,7,8,74,36,13,3,6,13,10,20,61,27
Pollo,209,243,452,11,16,15,27,24,24,103,18,7,5,3,8,21,42,100,28
Sangboulona,24,36,60,1,1,1,3,1,3,10,3,3,1,1,1,2,5,21,3
Sangboulotira,59,84,143,2,0,3,1,6,4,32,15,8,3,2,6,14,13,25,9
Sierka,496,495,991,13,18,49,51,47,49,247,56,14,10,10,19,32,113,224,39
Simantéon,242,197,439,3,8,17,36,16,33,95,41,15,4,5,7,16,58,69,16
Sonon -Pari,61,67,128,3,6,4,2,7,8,38,8,2,1,0,0,5,19,19,6
Sonon-Tabéo,104,121,225,3,2,2,6,13,7,59,6,3,1,0,0,6,19,90,8
Sorkorèra,101,162,263,4,2,9,8,12,14,65,16,5,3,2,9,10,23,70,11
Soukoutéon,165,158,323,1,10,12,8,17,15,86,28,2,5,2,6,15,47,60,9
Sourapèra,170,235,405,6,12,10,9,11,12,69,28,13,7,6,22,34,51,85,30
Tankolon,193,228,421,11,6,10,11,8,14,85,35,8,7,9,14,22,51,109,21
Tankolon-Tiopanaon,59,98,157,2,5,6,3,4,5,37,17,1,7,0,4,5,29,32,0
Tanya-Pari,197,211,408,4,5,2,7,20,10,45,13,5,5,2,18,47,78,123,24
Tanya-Zousso,187,160,347,10,5,9,14,19,9,66,9,8,2,2,7,30,45,93,19
Timpo,46,64,110,0,2,2,3,5,2,19,9,6,3,4,3,3,18,24,7
Tindiao,67,99,166,0,6,6,4,11,5,20,20,5,4,2,8,12,10,48,5
Tindiar,56,60,116,0,3,0,2,0,8,25,8,4,2,1,1,2,15,41,4
Tinkèra,51,78,129,3,2,7,6,2,7,32,6,1,1,3,0,4,18,30,7
Tolompo,118,141,259,0,3,4,4,3,8,37,17,10,6,3,20,20,42,65,17
Tonkpourou,233,260,493,0,8,34,32,7,7,93,49,13,9,8,7,15,39,130,42
Topèra,123,184,307,5,2,7,7,13,13,65,29,7,6,2,13,12,28,74,24
Tripora,133,166,299,17,1,4,11,14,8,72,27,11,3,3,4,8,35,67,14
,,,,,,,,,,,,,,,,,,,
"""COMMUNE: DJIGOUE  - Rural""",19 354,19 884,39 238,1 273,1 418,1 652,1 604,1 629,1 429,7 446,2 785,908,737,720,1 514,3 419,6 060,5 838,806
Babrora,53,70,123,3,4,6,3,2,4,19,5,5,5,5,5,20,17,17,3
Badora,442,465,907,48,16,31,43,48,42,205,41,21,12,21,38,75,127,123,16
Bawé Bininbom,686,692,1 378,33,72,54,45,93,47,226,105,31,24,16,50,140,212,203,27
Bawédara,1 000,1 073,2 073,81,84,93,84,82,79,424,134,45,28,36,75,163,295,328,42
Birira,1 627,1 713,3 340,146,111,195,152,148,161,603,170,66,46,59,109,314,544,456,60
Bourio-Gan,405,397,802,19,19,25,37,19,23,191,53,23,10,17,30,71,113,144,8
Djatakoro,1 223,1 196,2 419,73,71,116,97,143,77,433,183,58,49,39,121,208,360,342,49
Djigoué,2 506,2 537,5 043,150,172,173,172,162,134,869,445,162,141,125,233,470,799,723,113
Dompo,183,174,357,8,24,16,12,19,16,67,19,7,3,5,11,33,55,54,8
Donkua,818,914,1 732,63,60,75,79,59,48,357,109,31,21,28,62,139,273,283,45
Filakora,365,404,769,15,15,34,25,26,27,181,68,12,19,12,26,48,85,153,23
Gongomboulo,342,357,699,9,14,22,17,24,18,157,56,17,20,9,25,61,134,102,14
Helintira,3 415,3 360,6 775,200,269,240,277,238,253,1 280,533,165,134,123,246,587,1 073,1 024,133
Kaleboukoura,180,179,359,8,12,7,8,12,17,79,31,13,3,6,21,21,50,65,6
Kankongno,329,332,661,26,22,29,27,22,27,132,52,17,9,9,29,62,90,92,16
Kankongo,297,323,620,21,13,27,31,23,26,120,46,20,10,13,27,32,91,93,27
Mampoura,426,435,861,13,21,38,28,19,35,166,76,13,27,22,36,69,145,142,11
Moulepo,1 171,1 202,2 373,96,104,99,105,95,106,446,165,35,31,33,59,234,388,338,39
N’Donhira,187,198,385,10,9,13,20,26,13,77,16,11,9,17,19,31,44,65,5
Nahinena,239,230,469,28,33,39,26,35,8,46,17,10,4,3,12,37,103,64,4
Pokamboulo,407,451,858,44,30,31,37,49,24,163,30,27,14,20,42,67,143,120,17
Sarmassi Gan,233,279,512,9,13,31,19,17,27,115,44,18,10,9,17,29,67,77,10
Sarmassi Lobi,853,965,1 818,24,66,88,87,89,85,416,135,34,31,21,61,150,221,260,50
Terpo,256,251,507,13,51,30,31,21,13,77,27,7,5,3,12,37,93,74,13
Tiebon,1 114,1 120,2 234,90,67,91,94,100,82,391,152,45,59,42,95,210,328,342,46
Tiwera,597,567,1 164,43,46,49,48,58,37,206,73,15,13,27,53,111,210,154,21
,,,,,,,,,,,,,,,,,,,
"""COMMUNE: GAOUA """,36 115,41 966,78 081,1 884,1 936,2 201,2 293,2 303,2 373,12 791,5 527,1 922,1 585,1 497,3 451,7 815,13 380,14 545,2 578
,,,,,,,,,,,,,,,,,,,
"""COMMUNE: GAOUA  - Rural""",14 322,18 475,32 797,681,764,965,1 060,1 098,1 188,6 363,2 629,850,559,466,1 004,1 983,4 251,7 242,1 694
Balantira,506,697,1 203,43,33,29,39,59,39,196,96,29,16,15,37,76,147,282,67
Barkpéréna,638,739,1 377,56,36,59,40,36,43,232,103,41,27,21,59,98,226,242,58
Bonko,234,345,579,12,9,13,19,25,28,111,32,5,4,3,9,26,77,160,46
Bonko-Dagbola,164,196,360,8,6,14,11,9,14,78,32,13,6,3,8,7,40,92,19
Bonko-Pérou,293,374,667,8,9,19,8,21,27,126,56,25,26,9,12,24,60,201,36
Boukéo-Birifor,94,102,196,3,5,4,6,3,1,19,6,1,2,2,7,17,51,60,9
Boukéo-Lobi,177,275,452,9,13,14,24,14,17,92,41,8,10,6,1,22,38,112,31
Boulèra,261,437,698,17,13,22,15,27,15,153,61,9,9,11,15,26,47,180,78
Bouli,340,478,818,22,23,32,21,27,29,143,51,20,11,7,23,56,95,229,29
Boulkpan,78,98,176,1,3,6,5,5,7,51,14,3,2,3,3,3,23,36,11
Brambèra,264,326,590,7,17,13,17,23,27,110,48,20,9,6,27,38,49,132,47
Danhal,334,405,739,8,14,13,21,33,18,97,46,21,23,13,42,86,151,123,30
Danhal-Kpangara,74,120,194,0,2,7,10,7,5,51,15,9,4,4,13,10,11,42,4
Danhal-Péra,197,157,354,4,2,1,2,1,5,62,47,5,17,12,19,33,68,71,5
Dionséra-Birifor,242,330,572,17,22,14,23,9,20,140,48,13,4,8,17,28,79,111,19
Dionséra-Lobi,133,201,334,6,8,6,10,9,14,75,44,10,5,3,7,15,38,62,22
Djikando,625,387,1 012,8,15,21,24,26,20,148,81,25,13,18,60,114,227,163,49
Doumbou,496,660,1 156,33,32,32,46,44,49,229,92,18,9,5,25,77,146,268,51
Dounkoura,93,153,246,7,3,9,11,4,11,61,17,4,1,4,7,8,19,59,21
Gbolo,143,161,304,0,4,9,7,9,10,63,30,7,12,8,23,34,46,37,5
Gongombili -Paboulona,329,371,700,21,23,18,18,22,27,141,54,14,9,8,17,57,107,122,42
Gongombili-Gongone,102,129,231,0,0,1,4,2,6,35,16,14,4,2,3,27,36,79,2
Gongombili-Kpovèra,148,187,335,0,2,12,7,9,11,56,27,9,9,12,15,31,57,64,14
Gongombili-Yèfara,170,211,381,7,5,13,11,7,10,79,18,2,7,7,21,38,54,92,10
Hello,331,445,776,13,12,21,15,22,16,170,74,28,18,17,24,57,93,169,27
Hello-Bondo,373,513,886,29,21,26,33,38,50,193,47,28,18,8,26,47,87,203,32
Hello-Gbakono,188,277,465,13,5,14,22,21,13,84,48,20,5,4,10,20,50,114,22
Kamaho,69,62,131,3,3,5,5,4,5,36,16,9,3,1,0,2,7,25,7
Kilimpira,199,282,481,16,5,12,7,16,32,99,29,28,12,3,12,32,62,93,23
Kimpi,410,542,952,20,19,29,34,37,36,174,91,19,16,8,26,57,156,189,41
Konkara,165,174,339,5,8,4,10,8,7,58,24,4,16,5,13,29,53,75,20
Koul-Bô,247,262,509,5,12,13,26,15,13,106,52,12,6,13,4,15,62,122,33
Koul-Campement,399,441,840,3,28,17,32,22,21,184,68,24,25,13,36,51,126,168,22
Koul-Gane,484,623,1 107,14,37,35,45,37,39,240,54,23,19,27,23,60,120,272,62
Koul-Pône-Gane,106,156,262,1,4,9,14,16,7,58,24,6,8,3,12,12,25,55,8
Koumboura,120,150,270,2,2,8,7,16,7,43,25,6,3,2,3,24,58,53,11
Kpantionao,104,121,225,7,6,9,8,8,9,55,20,4,0,3,7,7,24,40,18
Kpaon,266,394,660,15,19,21,25,23,27,150,50,24,1,5,6,21,101,144,28
Lahol,478,727,1 205,30,31,36,60,47,61,190,84,26,9,24,37,69,141,301,59
Lantao,398,524,922,20,30,30,36,36,35,231,82,17,16,8,24,42,84,188,43
Lou,112,197,309,0,0,12,8,10,7,64,36,7,6,7,10,19,28,74,21
Minkoura,68,116,184,1,2,1,3,3,8,40,23,5,2,1,2,12,23,35,23
Momane,204,210,414,1,11,11,19,12,11,79,36,7,7,3,20,28,61,92,16
Nakandjé,50,74,124,5,9,1,3,3,3,20,9,1,0,1,6,6,26,23,8
Niampira,209,301,510,2,18,17,14,33,24,89,52,16,5,7,10,18,55,113,37
Niôhyô,221,300,521,6,12,19,12,19,20,93,36,26,4,12,18,14,68,131,31
Orkopouo-Gane,218,333,551,20,10,27,16,18,29,81,38,12,4,11,12,24,62,154,33
Orkopouo-Ville,241,370,611,15,10,18,10,11,20,130,49,15,17,12,17,35,75,153,24
Ossoro,398,560,958,33,24,32,31,36,35,159,58,30,12,13,41,51,141,197,65
Siboulbié,94,121,215,3,5,5,5,11,9,41,23,4,2,3,5,9,17,61,12
Sidoumoukar,705,793,1 498,36,40,53,61,41,49,323,118,45,37,27,49,114,161,260,84
Sillalara,126,186,312,9,12,5,14,9,15,64,15,5,2,4,12,20,38,68,20
Sorgboura,387,514,901,10,22,26,19,21,39,193,96,28,20,16,29,44,97,194,47
Tamidiara,38,67,105,2,1,2,4,3,3,17,7,3,2,0,3,4,13,36,5
Tienkouèra,331,446,777,26,26,27,34,26,43,145,62,12,3,7,13,33,106,167,47
Wèlè-Wèlè,317,516,833,10,17,29,23,31,35,158,81,25,18,6,18,37,93,202,50
Youlabakou,131,139,270,9,4,10,6,14,7,48,27,6,4,2,6,19,46,52,10
,,,,,,,,,,,,,,,,,,,
"""COMMUNE: GAOUA - Urbain""",21 793,23 491,45 284,1 203,1 172,1 236,1 233,1 205,1 185,6 428,2 898,1 072,1 026,1 031,2 447,5 832,9 129,7 303,884
Secteur 1,2 715,2 786,5 501,107,165,143,167,145,188,703,277,129,121,122,300,744,1 232,892,66
Secteur 2,7 093,7 553,14 646,474,362,421,443,411,358,2 127,935,339,300,319,784,1 734,2 994,2 359,286
Secteur 3,3 888,4 585,8 473,226,226,214,199,222,218,1 194,587,221,194,212,441,1 035,1 769,1 380,135
Secteur 4,3 988,4 220,8 208,211,206,224,213,235,186,1 137,502,179,199,188,442,1 120,1 712,1 300,154
Secteur 5,947,928,1 875,50,50,49,33,32,42,240,122,39,48,39,68,291,320,393,59
Secteur 6,863,817,1 680,24,30,41,45,41,47,292,155,55,61,45,125,191,203,277,48
Secteur 7,711,810,1 521,25,51,47,43,43,59,259,100,43,32,37,65,153,284,239,41
Secteur 8,1 588,1 792,3 380,86,82,97,90,76,87,476,220,67,71,69,222,564,615,463,95
,,,,,,,,,,,,,,,,,,,
"""COMMUNE: GBOMBLORA - Rural""",12 121,13 048,25 169,567,644,764,830,797,859,4 963,1 840,586,456,426,1 015,1 963,3 444,4 889,1 126
Bahouan,226,248,474,9,19,16,13,15,14,104,40,14,6,6,15,32,59,88,24
Baniè,76,80,156,3,2,6,8,4,7,22,7,5,1,2,8,27,21,25,8
Bontara,33,43,76,0,0,0,0,0,1,2,5,0,1,0,0,3,15,37,12
Borohir,104,116,220,4,6,7,9,7,12,46,25,8,2,4,3,6,22,53,6
Boudéo,13,13,26,1,0,0,1,0,1,3,3,1,0,1,1,0,4,8,2
Boukantié,63,59,122,2,3,6,4,7,9,34,3,2,0,2,0,1,16,26,7
Boumiè,16,14,30,0,0,0,0,0,0,8,6,1,0,2,2,3,1,7,0
Dagnoro,177,245,422,7,7,12,12,16,13,93,34,7,7,9,28,27,44,87,19
Dakoutéon,111,69,180,0,1,0,3,2,5,44,12,6,4,4,23,18,37,21,0
Dalampouo,99,75,174,9,0,4,2,2,4,19,8,1,5,0,11,14,31,52,12
Dalampour,421,407,828,19,26,36,26,33,38,199,51,18,13,15,14,45,119,146,30
Damanadiao,99,153,252,2,5,7,7,9,6,29,13,11,3,6,11,17,58,56,12
Dikpéré,422,436,858,33,11,32,41,26,28,178,47,18,8,15,33,83,110,163,32
Djèpèra,83,121,204,7,10,7,6,7,7,37,13,7,4,4,8,12,26,32,17
Djinko,286,287,573,1,2,3,3,2,4,121,72,29,27,18,34,44,93,120,0
Dolonyoura,137,152,289,3,5,8,14,9,8,49,27,4,1,8,8,20,46,70,9
Dombière,65,84,149,3,4,1,5,3,6,41,7,6,3,4,8,5,20,28,5
Domser,95,93,188,1,5,4,10,6,13,45,11,1,2,1,3,15,20,37,14
Doudou,94,111,205,5,5,5,10,7,5,26,15,1,3,6,3,42,33,32,7
Doudou-Birifor,505,502,1 007,9,16,18,30,16,17,231,94,40,27,19,46,62,131,203,48
Doumoukéra,16,19,35,0,2,1,3,0,2,3,1,2,0,1,2,2,8,7,1
Dounkomina,149,156,305,12,10,9,11,12,15,69,30,5,3,3,8,14,39,51,14
Doyèra,6,8,14,0,0,0,1,2,1,2,1,0,0,0,0,0,3,3,1
Gamala,165,141,306,5,11,9,5,10,9,79,16,6,1,2,6,12,39,76,20
Gbokora,38,71,109,3,3,1,4,2,4,21,5,2,0,3,7,9,10,26,9
Gbomblora,134,106,240,1,2,1,1,4,1,35,35,11,7,8,13,33,31,54,3
Gbomblora-Kpèna,308,326,634,19,20,17,9,18,23,100,69,33,22,16,29,61,105,79,14
Gbonkoro,60,80,140,4,7,4,11,4,5,30,12,0,0,5,4,18,12,21,3
Gboulougnora,42,30,72,0,1,8,3,5,3,9,4,1,1,1,4,6,12,9,5
Gongombiro,287,374,661,21,20,26,19,20,22,116,56,18,17,21,20,49,77,123,36
Goran,170,150,320,8,3,7,12,8,16,71,19,7,0,5,6,26,58,69,5
Goribiréra,29,52,81,1,1,3,5,1,3,10,7,1,2,1,4,4,10,21,7
Hipiel,128,115,243,5,7,6,9,9,5,49,28,7,5,7,10,16,17,45,18
Houiéo,324,357,681,6,11,32,34,33,29,200,34,9,13,9,26,38,58,121,28
Houlbèra,69,110,179,5,1,5,8,1,7,33,18,3,3,5,8,23,12,39,8
Iridiaka,124,203,327,2,1,10,9,8,6,80,46,9,5,4,15,15,43,66,8
Kalséo,324,271,595,3,9,15,27,11,24,88,40,12,14,9,63,69,94,111,6
Kampène,197,238,435,10,8,11,9,5,10,86,43,12,9,7,15,30,51,95,34
Kelgbora,69,119,188,1,5,8,5,6,8,47,14,2,2,4,6,7,27,37,9
Kohinora-Sansana,458,509,967,37,34,30,35,33,27,181,77,19,28,20,63,90,99,158,36
Kollé,97,87,184,0,2,3,5,3,3,38,24,4,6,0,8,8,31,42,7
Korgho,46,54,100,4,3,3,3,5,1,27,9,1,2,0,2,10,12,15,3
Koukiè,5,11,16,0,0,0,0,0,1,2,0,0,0,0,0,1,2,7,3
Kouradatéon,94,64,158,0,0,1,1,2,4,35,17,6,12,2,6,13,16,32,11
Koussin,16,29,45,0,1,0,1,2,1,7,7,2,2,1,1,2,2,14,2
Kpoko,224,260,484,13,9,12,24,13,16,89,32,12,8,7,26,46,49,105,23
Lobio,154,194,348,9,8,13,10,11,11,78,32,3,6,5,4,26,40,65,27
Lombilé,34,24,58,1,1,4,1,5,1,7,4,2,0,0,0,2,3,18,9
Mébar-Birifor,51,53,104,2,2,1,4,4,3,21,8,2,5,4,4,10,9,16,9
Mébar-Dagara,273,246,519,9,23,21,21,42,13,105,18,7,1,6,8,36,128,74,7
Nièssè,345,294,639,3,43,17,38,27,33,139,23,5,2,4,24,54,141,83,3
Ouardaradou,637,667,1 304,63,57,54,53,50,72,251,65,37,29,15,51,136,128,185,58
Oukouéra,39,90,129,1,0,1,3,6,1,17,13,3,3,3,7,5,19,39,8
Pélinka,172,168,340,15,2,8,17,7,18,65,34,10,5,6,12,34,54,48,5
Pélinka-Youmboura,157,123,280,5,5,11,8,7,5,54,22,4,8,5,7,32,44,55,8
Ponalatéon,71,79,150,5,1,3,4,5,2,34,9,5,0,3,2,12,19,35,11
Sanwara,172,270,442,6,8,20,16,14,21,66,24,8,12,9,18,35,59,91,35
Sanwara-Tinkiro,136,201,337,7,19,21,10,10,4,45,18,1,3,6,25,48,60,46,14
Sillaba,81,93,174,3,1,14,5,7,4,38,10,3,1,1,2,8,17,47,13
Siwèra,171,217,388,9,11,22,7,13,22,70,29,4,5,4,10,25,60,81,16
Sonsira,116,146,262,17,5,13,13,12,6,47,19,4,8,4,10,16,35,49,4
Sorkoun,171,136,307,6,5,3,7,7,16,51,13,8,7,7,18,18,46,88,7
Soukoutéon,199,172,371,7,9,10,11,7,12,71,28,12,6,2,8,27,42,76,43
Sourapèra,43,51,94,2,5,2,1,2,7,21,6,3,1,2,3,4,6,25,4
Tampour,324,348,672,10,39,10,21,45,15,130,31,13,8,12,26,44,101,138,29
Tantouo,542,450,992,32,32,25,33,36,36,153,52,23,13,13,57,98,164,177,48
Tiogbalandi,16,32,48,3,1,1,1,2,1,10,2,1,1,0,1,2,3,11,8
Tiomolo,95,130,225,9,5,4,2,3,6,40,8,4,5,1,13,35,28,52,10
Tobo-Tankori,384,427,811,20,15,15,21,24,26,171,57,16,13,17,28,50,112,171,55
Tobo-Wélétéon,187,161,348,4,3,10,13,13,9,69,27,2,6,5,8,25,55,75,24
Tokpora,131,162,293,16,6,10,12,10,15,60,23,1,6,6,8,18,37,54,11
Tolkaboua,71,100,171,5,6,6,4,11,4,41,10,5,2,2,4,9,23,29,10
Tonkarlamine,53,69,122,0,0,1,1,2,2,11,4,3,3,1,3,11,19,45,16
Voubira,202,199,401,8,14,14,8,6,21,70,45,9,7,2,12,26,55,91,13
Wirko,17,20,37,1,0,0,0,2,3,8,7,1,0,0,1,1,2,9,2
Wolo-Wolo,209,279,488,8,9,22,18,14,17,109,30,8,7,8,20,25,60,111,22
Zimoulékpoul,164,199,363,3,11,14,9,5,9,73,32,15,4,6,10,13,52,88,19
,,,,,,,,,,,,,,,,,,,
"""COMMUNE: KAMPTI - Rural""",32 858,32 867,65 725,1 934,1 893,2 227,2 388,2 312,2 233,11 169,4 049,1 478,1 175,1 079,2 710,6 577,11 778,11 013,1 710
Bagniridouo,121,112,233,9,9,4,12,10,9,33,17,2,5,4,18,17,29,45,10
Bankora,128,84,212,5,0,2,2,5,3,39,9,6,5,4,7,21,43,53,8
Bantara,156,184,340,12,8,13,18,18,6,64,13,5,5,5,11,33,46,76,7
Barkpèra,144,174,318,11,12,10,15,20,6,90,17,9,6,2,6,21,42,42,9
Bodana,349,404,753,23,22,32,24,32,32,153,52,19,9,6,26,58,99,147,19
Bondomena,156,193,349,7,2,16,10,12,22,70,19,6,6,7,15,25,43,74,15
Boussoura,124,176,300,54,12,16,22,12,12,30,6,3,4,3,15,18,46,42,5
Danagbara,89,89,178,4,4,7,8,6,8,39,7,7,7,2,6,14,26,29,4
Danamiara,110,151,261,17,9,8,10,12,10,50,18,2,7,3,12,15,34,33,21
Dananyara,84,96,180,15,4,4,8,9,7,32,6,6,2,0,7,17,29,26,8
Danwassara,115,140,255,15,16,9,11,13,7,44,8,1,1,1,21,28,33,35,12
Difitara,19,19,38,1,1,2,1,0,1,8,4,0,0,0,2,0,5,10,3
Dindou,1 909,1 312,3 221,74,83,111,113,90,89,345,121,44,40,61,129,485,877,539,20
Dininemina,57,93,150,5,2,5,9,7,7,35,9,7,1,3,5,3,21,25,6
Dinkabra,592,683,1 275,17,43,54,49,43,30,217,88,29,27,33,58,137,262,163,25
Djiépèra,204,212,416,4,8,16,18,23,14,94,25,9,4,1,19,28,64,70,19
Donkomena,47,54,101,0,1,3,3,4,4,23,5,4,1,1,3,9,14,21,5
Fofora,536,381,917,22,20,18,32,20,17,111,37,24,21,33,61,124,230,131,16
Galgouli,752,778,1 530,44,41,61,43,56,46,271,121,34,20,25,64,130,312,236,26
Gbakonao,260,283,543,30,15,17,18,23,23,109,37,12,23,9,29,30,60,96,12
Gbalara,125,224,349,20,5,7,12,8,11,66,24,0,2,5,7,26,55,79,22
Gbangbankora,303,398,701,12,8,19,16,14,11,149,76,27,3,11,33,70,114,112,26
Gbantara,157,129,286,8,14,11,6,8,9,58,17,5,5,6,13,22,34,63,7
Gbelfèlèla,138,191,329,9,7,12,10,17,16,71,15,2,6,7,15,44,33,53,12
Gbonkolou,151,178,329,9,9,9,12,10,10,41,21,2,9,3,14,31,61,82,6
Gnelintara,162,163,325,16,12,14,13,14,13,44,17,7,8,8,21,30,46,47,15
Gnoyora,568,514,1 082,23,38,35,30,30,35,168,99,24,31,25,59,115,183,158,29
Gongone,328,300,628,20,24,26,26,29,27,107,41,9,11,19,21,49,98,103,18
Gongontionao,70,88,158,0,2,2,5,7,4,31,7,6,2,2,5,30,23,25,7
Gorotara,135,159,294,16,6,9,6,11,5,59,35,7,10,7,17,31,32,42,1
Gotakpoulala,175,202,377,8,5,13,18,22,19,81,31,12,4,3,8,24,38,76,15
Guirina,1 029,1 173,2 202,68,45,66,68,66,76,461,210,64,53,43,103,156,336,350,37
Houlmana,401,348,749,17,18,32,40,26,14,133,57,11,15,9,26,70,122,145,14
Ihoura,70,86,156,10,3,7,5,11,6,42,2,0,0,4,4,7,26,21,8
Irinao,337,379,716,29,22,26,19,28,32,143,49,18,20,15,26,50,101,124,14
Kampti,4 276,4 196,8 472,283,242,284,249,250,231,1 197,566,216,212,148,412,995,1 648,1 312,227
Kampti Lobi,726,642,1 368,54,34,38,36,42,44,206,87,29,35,36,62,171,233,237,24
Kilingbara,231,249,480,9,11,8,18,22,21,102,34,8,8,7,15,44,81,80,12
Kohinena,65,62,127,6,7,1,4,10,4,31,9,5,1,0,2,4,16,24,3
Kompi,221,241,462,9,6,12,20,14,17,77,32,15,8,5,12,26,60,126,23
Konakièra,149,194,343,10,15,11,5,17,15,71,25,6,10,6,14,17,50,55,16
Kongara,106,172,278,9,7,16,15,6,12,51,16,8,5,4,10,19,35,57,8
Koroho,21,19,40,23,0,1,0,0,0,2,0,1,0,0,0,3,2,5,3
Kotikora,163,174,337,0,11,13,2,13,15,70,24,7,11,3,17,27,54,60,10
Koulantionao,45,51,96,0,4,5,2,2,4,17,5,4,1,2,2,5,15,20,8
Kounkana,396,399,795,42,51,30,38,32,21,148,46,16,25,22,46,65,90,117,6
Kounkouna,104,137,241,13,6,7,6,5,8,34,18,5,6,3,9,16,42,52,11
Koursièra,147,161,308,12,25,22,17,16,3,35,12,5,2,2,6,38,48,61,4
Kpantionao,52,69,121,1,1,2,3,4,6,32,12,3,2,1,4,7,19,21,3
Kpapira,254,285,539,17,11,21,31,27,26,130,43,10,4,11,8,27,77,81,15
Kparanta,144,148,292,17,8,7,16,14,7,55,19,3,6,8,6,41,45,28,12
Kpatoura,342,339,681,4,29,16,28,21,25,146,40,9,12,5,27,53,123,134,9
Kpintana,86,139,225,6,4,5,4,11,7,42,15,4,3,2,7,16,25,63,11
Kuékuéra,930,643,1 573,48,43,48,54,45,49,173,59,26,18,29,79,256,409,220,17
Larbi,119,127,246,0,11,6,7,14,9,49,18,8,5,3,10,17,41,39,9
Latara,197,235,432,16,26,11,15,12,17,91,36,8,3,7,14,38,54,65,19
Lèba,356,360,716,19,20,15,20,35,34,135,64,18,11,17,19,53,95,128,33
Lermitera,231,263,494,16,13,11,19,19,24,116,28,10,7,8,17,37,89,68,12
Logolona,218,267,485,10,23,19,20,18,16,101,34,9,3,5,20,47,52,90,18
Loutionao,52,82,134,6,0,3,6,3,4,27,13,3,8,2,6,5,17,26,5
Mamena,234,269,503,15,14,17,26,19,19,98,27,18,9,13,18,44,43,113,10
Mintara,210,243,453,13,22,23,15,21,24,96,17,14,4,2,13,40,63,72,14
Mouléra,167,252,419,6,26,10,22,14,12,85,36,11,4,2,12,26,62,73,18
N’dangbara,187,246,433,1,11,13,16,17,12,80,30,11,11,3,12,34,55,97,30
N’Tompira,275,252,527,4,21,19,24,28,17,131,45,4,13,1,25,44,72,74,5
N’Tonhela,193,284,477,2,22,11,22,18,26,100,31,11,8,8,10,20,63,110,15
Naboundjira,87,82,169,5,3,6,6,8,6,30,11,5,9,3,4,10,29,24,10
Nambira,131,179,310,9,10,21,13,12,15,71,16,6,2,1,9,20,39,51,15
Niamina,187,267,454,8,7,14,14,14,16,93,31,14,9,8,17,38,74,82,15
Niamisséo,135,199,334,11,4,15,9,12,8,52,27,7,2,6,10,7,45,97,22
Nimpira,39,55,94,60,0,1,2,2,1,5,2,1,0,0,1,0,4,12,3
Niolkar,352,285,637,12,23,21,29,27,18,96,26,10,7,11,31,73,115,130,8
Niomboulola,220,244,464,12,25,28,29,27,31,82,20,17,1,4,14,35,80,55,4
Nokindjoura,300,315,615,19,26,18,24,35,38,134,40,22,4,7,26,34,97,73,18
Nokpadouo,128,131,259,9,7,6,9,9,9,56,18,7,7,4,7,17,30,56,8
Nouonkpalala,204,210,414,12,19,29,20,20,14,86,30,9,7,4,4,22,56,74,8
Olkoro,130,150,280,7,9,15,11,7,7,45,29,13,4,4,3,18,52,43,13
Ouadaradouo,81,134,215,5,2,2,4,5,4,27,12,3,2,2,9,20,52,59,7
Ouakouréra,179,187,366,1,23,20,12,14,16,66,32,12,5,3,13,22,54,51,22
Ouarbio,49,51,100,4,3,4,2,7,2,20,3,6,2,1,3,7,18,14,4
Ouationao,356,446,802,44,23,34,35,24,35,154,47,31,13,14,21,71,88,139,29
Ouèouèrèouè,84,100,184,5,10,2,8,4,4,45,17,4,6,3,6,18,19,22,11
Passena,267,289,556,11,6,18,23,24,42,139,32,15,5,7,8,31,96,79,20
Pièna,220,238,458,15,18,17,29,24,16,78,23,7,11,9,14,35,61,85,16
Pokarana,306,320,626,23,35,31,34,32,24,91,24,15,6,4,15,69,127,84,12
Polla Kampti,188,207,395,10,12,6,11,12,11,59,30,7,6,3,23,41,65,79,20
Poltionao,76,108,184,8,0,2,1,5,2,29,4,2,3,0,8,15,54,49,2
Poniro,143,167,310,9,4,10,11,9,14,73,10,4,6,7,14,36,40,53,10
Sakalao,123,136,259,13,4,6,7,17,10,48,13,9,3,3,6,22,39,50,9
Sambitèra,76,92,168,3,5,5,5,10,8,38,9,5,3,3,2,7,25,31,9
Sangbatara,159,142,301,3,9,10,12,10,12,55,13,4,4,1,11,29,52,70,6
Sangboulanti,3 246,1 592,4 838,67,101,141,123,85,91,293,134,84,58,94,268,949,1 646,687,17
Setoundouo,267,201,468,1,7,7,16,13,23,113,39,10,15,11,32,28,81,71,1
Soromboura,138,148,286,8,7,7,15,9,9,58,15,13,5,6,8,17,43,59,7
Takpouloula,148,177,325,3,10,11,15,14,16,57,18,10,8,5,9,36,49,47,17
Tièmana,101,133,234,12,2,9,10,11,7,35,12,6,9,5,8,26,31,42,9
Timbièl,47,58,105,4,3,3,3,3,6,24,8,6,0,3,3,11,13,14,1
Tinkakpèrèra,73,81,154,2,3,6,6,3,5,26,9,4,2,1,8,13,21,40,5
Tinkiro,240,343,583,23,20,31,36,35,19,109,38,13,9,11,26,54,68,80,11
Tintoura,103,141,244,7,6,8,8,15,12,52,14,7,1,2,6,11,31,52,12
Tiobiel,153,156,309,13,10,11,11,17,14,50,10,6,4,5,12,35,47,44,20
Tiobouro,73,107,180,0,16,8,6,8,8,27,15,7,1,1,6,16,30,27,4
Tiokpolo,362,395,757,37,21,30,23,34,35,170,40,7,13,5,41,58,102,112,29
Tiopanao,195,253,448,2,10,13,25,19,11,97,21,18,7,8,22,34,55,96,10
Tiosséra,249,334,583,22,9,14,23,14,23,129,51,13,6,9,25,47,80,95,23
Tobinkora,172,249,421,16,8,11,12,19,25,111,39,10,5,2,13,15,51,77,7
Tobroura,123,123,246,4,5,12,6,13,8,45,19,11,2,3,5,20,40,43,10
Tognora,76,79,155,4,6,4,8,3,8,39,13,1,5,3,5,10,23,19,4
Tohevara,120,158,278,10,5,8,9,11,17,56,24,4,3,4,2,19,37,60,9
Tompéna,137,175,312,18,31,6,23,4,9,37,16,7,7,2,6,28,47,58,13
Tompomena,477,487,964,36,21,37,40,45,46,226,54,20,17,16,31,49,153,150,23
Torkora,255,414,669,0,13,38,55,13,42,131,53,17,9,4,16,59,89,113,17
Tormana,170,181,351,7,9,17,10,13,8,67,19,15,6,7,17,42,43,57,14
Torohiri,265,325,590,9,12,25,32,25,22,119,43,14,11,8,23,32,71,122,22
Tountana-Sèboura,219,207,426,0,7,11,15,14,13,100,37,8,9,11,20,31,39,93,18
Yolonhira,231,266,497,6,10,17,26,17,23,87,28,4,8,6,19,37,82,112,15
,,,,,,,,,,,,,,,,,,,
"""COMMUNE: LOROPENI - Rural""",28 723,33 229,61 952,1 405,1 660,2 146,2 212,2 084,2 436,11 918,4 834,1 689,1 270,1 066,2 502,4 947,8 751,10 833,2 199
Bakénao,349,420,769,12,29,34,38,33,40,181,47,12,7,9,19,52,96,137,23
Barkoura,259,335,594,21,14,22,25,18,35,111,42,11,12,4,17,39,68,111,44
Barryèra,118,162,280,8,4,5,11,9,17,69,11,2,2,6,13,20,25,58,20
Béko-Kpantionao,207,317,524,11,10,22,17,15,24,93,49,8,7,13,13,55,48,104,35
Békora,139,156,295,4,12,10,8,10,14,50,25,6,3,2,13,24,29,62,23
Bonkolou,229,336,565,17,8,22,18,20,26,103,40,24,11,9,11,42,74,120,20
Bopta,195,208,403,15,12,18,15,8,12,75,38,14,5,9,26,35,42,63,16
Dakoura,263,352,615,18,13,18,29,14,29,141,34,12,7,6,22,34,83,130,25
Dimolo,834,877,1 711,45,50,59,49,56,70,363,139,40,26,29,48,128,228,327,54
Dipéo,1 143,1 264,2 407,77,58,73,82,75,73,442,250,105,71,52,128,184,320,351,66
Djégbanao,90,123,213,6,6,4,6,20,5,49,17,5,3,4,3,7,24,45,9
Djégonao,239,246,485,7,6,8,5,3,5,27,15,7,7,6,29,59,120,153,28
Dougasso,571,635,1 206,53,26,47,49,58,49,231,94,32,15,17,39,85,165,212,34
Dountéla,28,39,67,0,3,3,2,9,3,9,4,0,4,2,3,7,7,11,0
Filandé,607,679,1 286,9,51,47,45,37,41,236,73,27,10,9,49,124,261,236,31
Foutara,254,271,525,5,11,9,26,8,21,91,39,19,11,9,16,40,100,96,24
Hobikoko,139,188,327,7,9,11,11,9,21,69,22,8,1,2,10,18,42,53,34
Inguilbo,305,382,687,23,19,39,33,30,35,132,45,12,8,7,26,38,90,125,25
Irina,385,434,819,1,19,25,28,32,34,145,85,20,29,17,31,66,94,148,45
Kabaniora,164,224,388,20,11,8,22,10,11,47,35,8,13,12,24,42,36,64,25
Kassita,293,320,613,5,5,9,11,13,10,94,41,22,11,5,13,51,79,196,48
Koro,1 274,1 416,2 690,69,46,109,94,102,114,598,219,76,71,39,106,181,387,414,65
Kpanlou,252,300,552,8,16,23,25,22,18,128,46,13,14,5,16,37,56,107,18
Kpantionao,193,280,473,12,11,20,13,18,25,96,30,11,11,1,13,25,56,85,46
Kparryèra,406,551,957,36,17,32,29,40,43,204,77,36,12,4,27,76,99,188,37
Kpèra,372,390,762,32,35,42,40,34,27,153,54,6,20,11,32,43,86,134,13
Kpidara,389,406,795,7,34,24,28,26,28,140,56,16,6,12,23,98,109,140,48
Kpossara,50,78,128,0,3,3,6,2,4,22,14,3,7,2,5,9,20,25,3
Lakar,85,134,219,2,9,10,8,14,11,37,20,5,2,4,5,19,16,44,13
Laura,76,89,165,0,7,4,11,5,2,25,10,3,5,4,5,17,31,30,6
Lerbira,127,133,260,12,8,5,11,4,18,49,18,5,8,4,12,22,34,41,9
Lérébi,22,27,49,0,0,2,1,4,1,11,5,4,1,0,1,1,8,7,3
Libira,213,288,501,18,11,25,15,21,29,120,43,5,4,6,15,18,55,81,35
Lokosso-Dioula,881,908,1 789,44,45,58,59,57,56,319,161,39,35,35,66,140,296,322,57
Lokosso-Gan,1 234,1 349,2 583,86,63,81,103,119,95,477,214,78,67,59,99,240,374,379,49
Loropéni,3 845,4 418,8 263,178,224,258,246,208,249,1 320,751,286,249,217,554,825,1 068,1 377,253
Minièra,252,246,498,7,6,16,8,18,15,105,40,13,8,9,16,32,107,88,10
N’Tonhira,168,200,368,10,7,15,20,11,11,83,25,5,10,4,20,27,49,59,12
Nakanhoura,147,197,344,11,6,4,14,10,16,93,25,14,4,3,8,15,41,63,17
Nambi,822,914,1 736,34,66,83,75,77,84,398,122,35,29,29,55,123,301,199,26
Nantira,255,256,511,16,8,17,21,16,21,98,49,15,11,6,19,38,88,83,5
Niantana,140,213,353,8,11,5,11,12,10,68,20,5,3,6,19,26,57,72,20
Niofrèra,503,606,1 109,16,42,41,46,45,45,225,84,35,23,16,40,65,164,192,30
Obiré,666,800,1 466,27,20,44,49,56,39,239,119,44,55,36,58,149,171,279,81
Ollongo,241,254,495,4,9,5,13,10,13,82,36,9,12,8,30,70,100,78,16
Perkoura,211,246,457,8,6,6,15,7,12,71,31,8,10,3,19,37,75,122,27
Pokarana,487,591,1 078,27,33,36,52,30,62,220,67,16,18,13,37,100,124,184,59
Sagué,207,256,463,23,10,13,14,20,16,88,37,8,10,7,17,33,60,89,18
Sandokoro,177,230,407,4,1,16,15,12,18,100,47,14,4,8,17,21,47,68,15
Sarandye,217,229,446,0,13,23,21,22,27,82,34,12,11,5,14,34,78,57,13
Silapinéra,173,261,434,5,14,12,18,15,15,87,35,9,4,6,10,36,75,78,15
Silara,132,175,307,1,8,15,17,15,23,60,7,5,9,7,16,37,41,34,12
Sinara,370,426,796,8,21,33,27,31,35,173,45,14,13,11,22,58,152,134,19
Soronkina,383,419,802,12,15,28,32,18,36,180,58,27,18,13,26,60,105,146,28
Soukèra,146,176,322,2,7,11,12,19,12,50,21,14,5,7,15,24,47,66,10
Tako,540,621,1 161,17,20,47,33,33,49,245,103,36,29,28,46,79,156,209,31
Tako-Yoyora,267,360,627,15,8,28,12,17,29,117,19,15,9,2,14,53,94,165,30
Tangourbi,234,253,487,8,11,22,13,19,20,95,33,9,7,7,10,39,81,98,15
Tapira,541,637,1 178,9,20,49,45,43,47,254,95,33,16,20,60,79,161,220,27
Tiéfindougou,695,681,1 376,1,81,41,50,31,70,248,100,36,23,21,29,123,248,253,21
Tikéra,267,370,637,14,21,15,30,19,29,134,52,16,8,5,18,43,86,123,24
Tinkiro,698,836,1 534,22,43,54,50,58,70,339,116,41,23,23,53,105,225,247,65
Tiogagara,518,693,1 211,34,26,43,30,38,68,267,93,47,31,17,37,74,137,207,62
Tiopanao,252,288,540,9,24,25,20,20,17,110,43,9,10,11,24,32,80,81,25
Tiosséra,169,214,383,18,18,29,33,31,12,87,24,10,1,0,2,22,44,47,5
Toimbi,198,234,432,14,10,21,10,12,15,100,40,9,5,4,15,29,58,75,15
Toumpéna,42,60,102,1,0,3,1,3,2,20,2,2,0,0,3,6,20,31,8
Trimbio,789,839,1 628,61,62,62,61,63,85,330,107,41,15,28,54,123,228,261,47
Yérifoula-Dioula,949,969,1 918,70,58,52,74,47,58,348,139,65,33,43,76,136,317,330,72
Yérifoula-Gan,513,612,1 125,19,38,36,46,39,51,219,85,30,20,17,53,97,170,178,27
Zono,124,132,256,2,12,7,5,4,9,46,18,8,8,11,18,21,38,41,8
,,,,,,,,,,,,,,,,,,,
"""COMMUNE: MALBA - Rural""",5 746,6 935,12 681,188,267,394,324,435,464,2 622,1 044,287,215,178,418,698,1 431,2 986,730
Banipouo,136,195,331,2,7,5,8,11,15,100,13,5,3,1,3,5,26,101,26
Baranguira,189,211,400,0,6,8,11,11,12,73,60,9,8,13,7,23,49,87,23
Binsèo,107,168,275,7,0,4,9,6,11,54,25,7,4,2,7,18,31,72,18
Bou,407,447,854,19,11,18,23,38,46,178,63,19,10,8,27,25,98,215,56
Boura,106,200,306,8,8,11,7,10,7,53,28,7,2,3,5,10,29,87,31
Daboura Gantoura,161,210,371,5,8,6,6,13,18,99,22,5,4,8,4,18,36,88,31
Daboura Konkoro,42,86,128,1,2,3,2,3,2,21,6,5,0,1,1,5,15,48,13
Diarra,216,223,439,4,10,20,19,9,24,106,45,6,16,4,7,15,37,88,29
Dièri,48,68,116,2,4,1,1,4,5,29,12,4,1,0,2,1,4,38,8
Dossa,98,125,223,0,6,9,7,13,14,48,15,5,1,0,2,15,32,52,4
Dossa-Badala,65,79,144,0,3,5,3,6,7,31,18,1,4,0,4,2,11,46,3
Dossa-Bourondi,213,321,534,17,8,26,24,23,21,109,41,9,8,6,16,20,42,151,13
Dounkora,139,171,310,0,9,6,9,7,8,54,17,7,4,7,10,47,47,64,14
Godjir,83,115,198,2,3,3,5,4,2,55,12,3,6,2,4,2,18,64,13
Ipièl,70,113,183,6,5,8,11,7,7,30,11,4,1,1,8,4,26,42,12
Kamalangora,67,105,172,1,2,7,2,6,6,48,9,2,0,0,3,5,15,47,19
Kho,43,43,86,3,1,2,5,5,7,24,6,1,0,0,0,0,7,20,5
Kodio-Gboro,146,199,345,0,8,9,6,15,6,60,40,7,7,9,10,27,56,61,24
Kodio-Sambour,214,219,433,3,7,9,5,13,11,39,32,8,15,11,32,59,74,102,13
Kodio-Tioblo,234,216,450,1,12,15,9,13,5,58,25,10,10,5,30,46,84,96,31
Kpélé,455,503,958,8,9,20,12,24,32,195,84,20,22,13,36,57,128,247,51
Kponkpon,55,76,131,5,1,5,6,8,11,35,11,0,0,0,1,1,13,28,6
Malba,524,657,1 181,28,29,48,32,58,60,259,112,42,26,18,31,45,103,238,52
Malba Campement,300,292,592,6,4,24,11,24,10,128,58,16,15,16,26,45,62,129,18
N’Guèmpèra,62,75,137,2,1,5,3,4,2,43,3,8,1,2,3,8,10,36,6
Nanfor,201,220,421,4,14,19,4,12,12,78,47,11,11,3,22,37,55,80,12
Naradjou,58,72,130,6,4,3,8,6,10,30,4,0,0,2,3,1,14,29,10
Poyo,86,114,200,3,2,10,5,6,11,56,8,2,3,0,7,11,16,42,18
Soraguèra,75,113,188,4,4,3,4,5,9,45,10,5,1,5,6,8,19,51,9
Sorombora,190,205,395,7,10,8,6,8,16,85,49,11,0,13,15,14,42,87,24
Tassep,393,464,857,20,20,31,28,38,27,188,86,29,13,13,26,43,79,189,27
Tohèra-Soupèra,58,71,129,0,2,4,0,2,4,29,7,0,3,1,1,7,14,35,20
Tonora-Djolonkèra,85,125,210,4,5,2,4,4,11,42,10,5,2,2,7,12,22,54,24
Valla,175,225,400,7,3,11,11,9,10,74,27,5,3,3,16,21,54,89,57
Vavidjou,245,209,454,3,39,26,18,10,5,66,28,9,11,6,36,41,63,83,10
,,,,,,,,,,,,,,,,,,,
"""COMMUNE: NAKO - Rural""",14 491,17 587,32 078,629,678,846,978,1 036,1 074,6 365,2 666,816,595,535,1 017,1 836,3 686,7 514,1 807
Babière,256,234,490,1,3,12,35,61,9,36,25,9,15,14,32,54,73,85,26
Bakpara,165,217,382,8,6,14,8,14,4,74,52,5,8,15,15,22,49,72,16
Balarkar,210,254,464,9,10,17,9,13,19,84,42,9,8,3,12,25,55,111,38
Bambourou,131,200,331,10,11,14,9,14,11,83,17,1,1,1,4,10,38,90,17
Banipoulé,73,93,166,1,1,7,5,7,4,39,20,0,5,2,3,0,19,34,19
Barro,143,211,354,10,5,3,6,8,6,77,45,11,5,6,8,8,36,86,34
Bèlè,155,188,343,8,9,3,9,13,11,60,22,7,5,5,6,21,29,105,30
Bobora,42,43,79,2,2,3,3,2,1,17,8,1,1,0,2,3,8,23,3
Bori-Kouladori,184,210,394,11,6,9,16,15,16,91,33,6,5,2,23,17,32,101,11
Boukairo,324,329,653,6,14,17,21,25,29,116,42,9,7,3,12,36,96,159,61
Boulimbié,105,96,201,2,3,3,2,10,2,34,10,4,8,1,8,20,33,48,13
Dadjou,134,152,286,16,10,4,12,6,12,70,23,5,5,5,8,9,13,77,11
Dapola,577,568,1 145,18,25,27,25,31,29,228,98,34,29,28,49,69,167,224,64
Dèdèra,158,192,350,7,4,3,3,11,16,72,26,7,8,3,10,23,38,87,32
Diangara,230,314,544,20,8,8,16,13,24,123,58,10,2,9,5,12,61,140,35
Diolompo,137,196,333,10,8,12,13,10,13,81,23,2,1,4,9,20,27,79,21
Djipla,200,258,458,3,3,15,9,13,18,90,49,18,17,5,15,26,57,106,14
Djotoulela,79,94,173,0,3,0,3,1,4,39,18,4,2,4,2,14,16,48,15
Dolonsié,93,151,244,4,4,6,9,2,7,48,11,7,6,3,7,10,21,84,15
Doumasser,213,291,504,7,12,12,11,15,13,105,34,9,9,3,22,30,38,153,31
Dounikora,214,250,464,9,8,12,23,15,23,102,32,18,9,11,13,25,38,104,22
Gacoula,223,298,521,11,7,15,22,15,21,135,27,12,9,6,2,21,43,134,41
Gbongane,129,145,274,9,2,6,10,10,4,63,27,5,4,2,8,22,31,63,8
Gbonséra,116,173,289,4,9,13,18,20,15,53,24,6,5,5,6,14,21,55,21
Gogombili,65,63,128,4,4,4,1,5,5,30,11,8,3,2,5,1,13,24,8
Gourkpé-Soum,358,303,661,5,17,18,26,30,19,91,56,15,10,7,25,55,130,128,29
Guiguine,642,669,1 311,14,21,42,41,37,45,250,109,53,22,34,35,98,216,275,19
Hantom,102,142,244,3,3,7,10,3,8,60,19,7,7,6,4,10,18,66,13
Hemkoa,176,207,383,11,8,7,8,12,7,69,35,14,9,11,5,24,61,94,8
Horao,279,334,613,13,11,16,15,14,28,123,58,13,12,5,8,29,49,173,46
Komon,192,265,457,10,8,19,16,16,12,95,29,7,3,6,12,36,47,110,31
Kori,179,227,406,3,11,9,16,16,21,88,20,6,1,3,7,6,46,113,40
Korou,61,99,160,7,1,3,7,5,5,20,11,5,4,2,10,14,18,33,15
Kourbéra-Poura,273,333,606,14,26,28,33,15,29,107,28,6,5,14,15,40,54,153,39
Kourgbélé,122,123,245,5,7,4,6,6,7,50,28,5,2,1,1,17,30,68,8
Koutenadouo,219,318,537,10,19,13,22,19,14,133,55,6,17,8,13,36,52,84,36
Kouténao,94,136,230,4,8,7,11,12,12,45,17,3,4,4,3,5,20,62,13
Kpatoura,204,261,465,13,12,11,20,17,15,121,43,8,7,6,7,8,34,112,31
Kpélinkpé,138,160,298,2,7,8,10,8,12,79,23,8,2,6,5,22,35,63,8
Lemkar,581,633,1 214,23,26,38,53,49,38,215,115,27,13,9,37,67,135,326,43
Lodjompo,181,218,399,6,10,15,8,15,9,95,45,7,6,6,16,17,36,78,30
Lokonao,137,162,299,2,6,4,11,9,14,53,26,11,6,4,11,13,30,85,14
Lokono,158,232,390,0,12,3,8,12,11,84,43,14,10,8,16,20,60,77,12
Mara-Gna-Wan,140,192,332,9,12,3,12,11,18,68,27,5,5,4,9,7,31,104,7
Marinkoura,117,147,264,6,5,3,7,4,13,70,25,5,4,5,8,14,29,44,22
Mihébra,67,66,133,2,3,4,4,8,3,30,10,3,1,1,6,4,9,32,13
Miniéra,243,383,626,6,16,25,18,22,22,153,39,22,16,6,20,20,55,158,28
Moulera,188,247,435,8,5,10,6,13,16,93,42,12,11,18,14,17,41,98,31
Nako,998,1 097,2 095,57,51,46,59,59,55,245,154,102,73,82,152,216,346,331,67
Nambera,146,189,335,10,7,8,7,10,19,66,29,8,5,6,14,15,24,81,26
Nandoli,331,367,698,10,20,17,21,25,30,162,55,19,11,13,16,38,75,154,32
Nyanyara,56,57,113,3,1,3,1,3,3,29,9,4,1,1,3,10,10,19,13
Oussoupera-Fétéo,137,153,290,7,7,5,9,7,8,74,19,10,5,5,13,18,22,62,19
Péramèra,81,108,189,0,2,2,4,7,5,41,14,8,4,6,6,5,17,49,19
Pissine,77,68,145,4,2,3,7,5,3,17,8,3,1,0,5,12,20,43,12
Sabra,79,115,194,4,0,6,8,3,3,46,23,0,6,1,6,11,16,51,10
Salsi,81,106,187,4,1,9,10,9,7,41,10,5,1,0,3,8,24,52,3
Sandora,82,116,198,6,3,3,2,5,2,47,16,9,4,1,3,5,21,45,26
Sangol,146,219,365,10,9,10,8,8,12,79,36,3,8,1,7,17,40,89,28
Sibteon,78,78,156,3,4,5,3,2,6,31,11,3,3,0,8,3,12,41,21
Soumouo-Yobra,66,112,178,1,0,1,0,3,1,19,12,10,2,5,8,10,27,61,18
Tabou,196,300,496,17,11,19,10,20,13,90,54,7,6,3,4,16,63,127,36
Talliere-Ikori,391,470,861,21,15,28,21,28,30,163,59,21,5,14,20,42,91,231,72
Talliere-Sagnon,255,176,431,1,6,6,3,2,5,65,35,9,22,8,41,45,82,85,16
Talliere-Sawar,164,205,369,4,9,12,8,8,18,84,34,5,5,1,8,17,50,85,21
Tambili,73,71,144,0,3,4,2,6,5,34,12,5,2,0,3,4,13,48,3
Téniankoura,191,263,454,13,14,12,11,14,15,89,37,13,8,8,21,29,49,108,13
Tiarkiro,318,461,779,23,16,18,19,27,38,171,82,27,30,11,25,28,51,168,45
Tiékar,199,206,405,0,13,12,19,10,7,58,42,11,5,6,11,27,61,97,26
Timbio,163,239,402,1,8,15,8,9,22,78,39,6,5,6,10,35,34,95,31
Timbisseo,146,234,380,16,12,11,12,5,18,71,30,5,4,11,7,21,49,83,25
Tinkar,39,45,84,3,1,3,3,1,1,16,8,5,0,1,1,7,9,22,3
Tinko,73,138,211,4,7,8,6,8,9,48,18,7,1,2,2,5,16,60,10
Tohedera,59,68,127,3,2,3,7,5,6,27,9,5,2,0,6,7,11,28,6
Tounayèra,100,134,234,4,3,6,6,6,4,38,22,11,3,2,9,14,29,66,11
Waraba-Zinkar,208,274,482,16,10,14,16,14,17,105,47,9,7,14,16,26,58,99,14
Yabar,144,163,307,8,3,9,12,4,10,67,20,6,3,4,9,25,39,68,20
Youlao,167,205,372,6,5,9,7,18,6,96,30,9,9,4,6,24,27,102,14
Youmbara,40,73,119,4,2,3,3,3,2,26,12,2,0,3,1,5,12,36,5
,,,,,,,,,,,,,,,,,,,
"""COMMUNE: PERIGBAN - Rural""",4 423,5 499,9 922,227,229,320,326,313,320,1 866,829,291,223,201,352,800,1 249,1 921,455
Bondomina,82,92,174,6,3,8,7,4,10,28,9,5,1,3,7,17,35,26,5
Diégbanao,75,88,163,1,3,6,3,10,7,25,12,3,3,0,4,13,27,37,9
Diondione,69,66,135,1,1,3,5,6,4,29,12,2,2,4,0,13,8,36,9
Dodola,107,115,222,4,5,5,14,4,9,44,20,3,5,3,3,22,34,37,10
Gorongorona,179,193,372,13,13,7,6,14,14,77,24,8,8,12,20,26,46,59,25
Harkora,73,79,152,1,2,3,12,5,6,24,10,4,3,5,5,15,6,46,5
Kaldèra,161,206,367,0,4,8,5,8,8,68,28,10,5,5,17,43,64,74,20
Kamao,142,174,316,9,6,13,9,9,14,74,27,3,5,8,6,26,25,68,14
Kuèkuèra,203,322,525,16,20,9,18,26,17,115,33,12,8,8,13,29,84,86,31
Langara,64,83,147,0,6,3,5,3,5,34,16,3,0,3,3,7,13,42,4
N’Sorpèra,107,156,263,4,1,13,8,11,6,47,14,9,8,4,5,28,38,59,8
N’Tompira,132,165,297,6,8,4,19,5,7,66,25,8,7,8,8,16,37,55,18
Nyangbalandouo,33,70,103,0,1,4,5,3,7,19,5,1,1,3,4,7,16,25,2
Ouadaradouo,72,109,181,0,3,12,4,1,5,24,12,7,2,2,4,15,29,48,13
Périgban,983,1 200,2 183,65,67,72,64,62,65,342,201,89,78,61,110,227,254,368,58
Piersièlèla,128,138,266,8,3,6,7,7,8,62,31,10,4,5,4,10,43,47,11
Polkparara,107,122,229,1,3,12,11,8,10,47,14,9,5,4,11,12,13,54,15
Polla-Birifor,96,125,221,7,11,8,8,9,11,33,32,2,2,3,4,8,28,37,18
Sinkoura,303,351,654,23,15,33,18,10,17,115,40,12,15,13,39,76,81,121,26
Sompora,171,211,382,9,5,7,14,13,13,89,32,14,13,8,12,22,38,72,21
Sourounsourouna,295,422,717,12,19,27,26,30,17,127,50,23,13,6,17,65,94,145,46
Tankoura,138,174,312,11,1,10,9,10,9,65,31,6,8,4,8,11,34,81,14
Timbikora,71,73,144,0,0,1,3,1,1,17,6,3,1,4,9,15,37,34,12
Timintira,140,166,306,12,11,6,9,16,13,51,27,11,4,6,9,21,43,53,14
Tinlou,173,208,381,2,6,14,20,12,15,92,51,10,9,6,8,21,36,65,14
Tiopolo,45,45,90,1,0,7,2,5,1,23,8,2,1,1,3,7,9,15,5
Tontolombora,164,212,376,13,8,12,10,11,12,86,35,18,7,8,10,13,41,73,19
Vinvèlèna,16,22,38,1,0,1,0,2,1,10,4,0,0,1,1,1,3,12,1
Wirilona,94,112,206,1,4,6,5,8,8,33,20,4,5,3,8,14,33,46,8
"* COMMUNES/VILLAGES à défis sécuritaires non recensées dont les effectifs ont été estimés
** COMMUNES à défis sécuritaires partiellement recensées et dont des effectifs ont été estimés en complément",,,,,,,,,,,,,,,,,,,