"indicateur","region","rubrique","Unit","Date","Value"
"Evolution des nombres d'établissements et de classes du post-primaire et du secondaire général des secteurs public et privé par région","Boucle du Mouhoun","Etablissements","Nombre","1997","23"
"Evolution des nombres d'établissements et de classes du post-primaire et du secondaire général des secteurs public et privé par région","Boucle du Mouhoun","Etablissements","Nombre","1998","31"
"Evolution des nombres d'établissements et de classes du post-primaire et du secondaire général des secteurs public et privé par région","Boucle du Mouhoun","Etablissements","Nombre","1999","32"
"Evolution des nombres d'établissements et de classes du post-primaire et du secondaire général des secteurs public et privé par région","Boucle du Mouhoun","Etablissements","Nombre","2000","32"
"Evolution des nombres d'établissements et de classes du post-primaire et du secondaire général des secteurs public et privé par région","Boucle du Mouhoun","Etablissements","Nombre","2001","33"
"Evolution des nombres d'établissements et de classes du post-primaire et du secondaire général des secteurs public et privé par région","Boucle du Mouhoun","Etablissements","Nombre","2002","34"
"Evolution des nombres d'établissements et de classes du post-primaire et du secondaire général des secteurs public et privé par région","Boucle du Mouhoun","Etablissements","Nombre","2003","38"
"Evolution des nombres d'établissements et de classes du post-primaire et du secondaire général des secteurs public et privé par région","Boucle du Mouhoun","Etablissements","Nombre","2004","40"
"Evolution des nombres d'établissements et de classes du post-primaire et du secondaire général des secteurs public et privé par région","Boucle du Mouhoun","Etablissements","Nombre","2005","47"
"Evolution des nombres d'établissements et de classes du post-primaire et du secondaire général des secteurs public et privé par région","Boucle du Mouhoun","Etablissements","Nombre","2006","48"
"Evolution des nombres d'établissements et de classes du post-primaire et du secondaire général des secteurs public et privé par région","Boucle du Mouhoun","Etablissements","Nombre","2007","50"
"Evolution des nombres d'établissements et de classes du post-primaire et du secondaire général des secteurs public et privé par région","Boucle du Mouhoun","Etablissements","Nombre","2008","74"
"Evolution des nombres d'établissements et de classes du post-primaire et du secondaire général des secteurs public et privé par région","Boucle du Mouhoun","Etablissements","Nombre","2009","93"
"Evolution des nombres d'établissements et de classes du post-primaire et du secondaire général des secteurs public et privé par région","Boucle du Mouhoun","Etablissements","Nombre","2010","98"
"Evolution des nombres d'établissements et de classes du post-primaire et du secondaire général des secteurs public et privé par région","Boucle du Mouhoun","Etablissements","Nombre","2011","120"
"Evolution des nombres d'établissements et de classes du post-primaire et du secondaire général des secteurs public et privé par région","Boucle du Mouhoun","Etablissements","Nombre","2012","139"
"Evolution des nombres d'établissements et de classes du post-primaire et du secondaire général des secteurs public et privé par région","Boucle du Mouhoun","Etablissements","Nombre","2013","133"
"Evolution des nombres d'établissements et de classes du post-primaire et du secondaire général des secteurs public et privé par région","Boucle du Mouhoun","Etablissements","Nombre","2014","159"
"Evolution des nombres d'établissements et de classes du post-primaire et du secondaire général des secteurs public et privé par région","Boucle du Mouhoun","Etablissements","Nombre","2015","271"
"Evolution des nombres d'établissements et de classes du post-primaire et du secondaire général des secteurs public et privé par région","Boucle du Mouhoun","Etablissements","Nombre","2016","329"
"Evolution des nombres d'établissements et de classes du post-primaire et du secondaire général des secteurs public et privé par région","Boucle du Mouhoun","Etablissements","Nombre","2017","343"
"Evolution des nombres d'établissements et de classes du post-primaire et du secondaire général des secteurs public et privé par région","Boucle du Mouhoun","Etablissements","Nombre","2018","366"
"Evolution des nombres d'établissements et de classes du post-primaire et du secondaire général des secteurs public et privé par région","Boucle du Mouhoun","Etablissements","Nombre","2019","387"
"Evolution des nombres d'établissements et de classes du post-primaire et du secondaire général des secteurs public et privé par région","Boucle du Mouhoun","Etablissements","Nombre","2020","377"
"Evolution des nombres d'établissements et de classes du post-primaire et du secondaire général des secteurs public et privé par région","Boucle du Mouhoun","Etablissements","Nombre","2021","148"
"Evolution des nombres d'établissements et de classes du post-primaire et du secondaire général des secteurs public et privé par région","Boucle du Mouhoun","Etablissements","Nombre","2022","141"
"Evolution des nombres d'établissements et de classes du post-primaire et du secondaire général des secteurs public et privé par région","Boucle du Mouhoun","Classes","Nombre","1997","186"
"Evolution des nombres d'établissements et de classes du post-primaire et du secondaire général des secteurs public et privé par région","Boucle du Mouhoun","Classes","Nombre","1998","202"
"Evolution des nombres d'établissements et de classes du post-primaire et du secondaire général des secteurs public et privé par région","Boucle du Mouhoun","Classes","Nombre","1999","214"
"Evolution des nombres d'établissements et de classes du post-primaire et du secondaire général des secteurs public et privé par région","Boucle du Mouhoun","Classes","Nombre","2000","227"
"Evolution des nombres d'établissements et de classes du post-primaire et du secondaire général des secteurs public et privé par région","Boucle du Mouhoun","Classes","Nombre","2001","229"
"Evolution des nombres d'établissements et de classes du post-primaire et du secondaire général des secteurs public et privé par région","Boucle du Mouhoun","Classes","Nombre","2002","229"
"Evolution des nombres d'établissements et de classes du post-primaire et du secondaire général des secteurs public et privé par région","Boucle du Mouhoun","Classes","Nombre","2003","252"
"Evolution des nombres d'établissements et de classes du post-primaire et du secondaire général des secteurs public et privé par région","Boucle du Mouhoun","Classes","Nombre","2004","307"
"Evolution des nombres d'établissements et de classes du post-primaire et du secondaire général des secteurs public et privé par région","Boucle du Mouhoun","Classes","Nombre","2005","333"
"Evolution des nombres d'établissements et de classes du post-primaire et du secondaire général des secteurs public et privé par région","Boucle du Mouhoun","Classes","Nombre","2006","340"
"Evolution des nombres d'établissements et de classes du post-primaire et du secondaire général des secteurs public et privé par région","Boucle du Mouhoun","Classes","Nombre","2007","351"
"Evolution des nombres d'établissements et de classes du post-primaire et du secondaire général des secteurs public et privé par région","Boucle du Mouhoun","Classes","Nombre","2008","403"
"Evolution des nombres d'établissements et de classes du post-primaire et du secondaire général des secteurs public et privé par région","Boucle du Mouhoun","Classes","Nombre","2009","461"
"Evolution des nombres d'établissements et de classes du post-primaire et du secondaire général des secteurs public et privé par région","Boucle du Mouhoun","Classes","Nombre","2010","535"
"Evolution des nombres d'établissements et de classes du post-primaire et du secondaire général des secteurs public et privé par région","Boucle du Mouhoun","Classes","Nombre","2011","622"
"Evolution des nombres d'établissements et de classes du post-primaire et du secondaire général des secteurs public et privé par région","Boucle du Mouhoun","Classes","Nombre","2012","738"
"Evolution des nombres d'établissements et de classes du post-primaire et du secondaire général des secteurs public et privé par région","Boucle du Mouhoun","Classes","Nombre","2013","858"
"Evolution des nombres d'établissements et de classes du post-primaire et du secondaire général des secteurs public et privé par région","Boucle du Mouhoun","Classes","Nombre","2014","1027"
"Evolution des nombres d'établissements et de classes du post-primaire et du secondaire général des secteurs public et privé par région","Boucle du Mouhoun","Classes","Nombre","2015","1349"
"Evolution des nombres d'établissements et de classes du post-primaire et du secondaire général des secteurs public et privé par région","Boucle du Mouhoun","Classes","Nombre","2016","1739"
"Evolution des nombres d'établissements et de classes du post-primaire et du secondaire général des secteurs public et privé par région","Boucle du Mouhoun","Classes","Nombre","2017","1851"
"Evolution des nombres d'établissements et de classes du post-primaire et du secondaire général des secteurs public et privé par région","Boucle du Mouhoun","Classes","Nombre","2018","2159"
"Evolution des nombres d'établissements et de classes du post-primaire et du secondaire général des secteurs public et privé par région","Boucle du Mouhoun","Classes","Nombre","2019","2352"
"Evolution des nombres d'établissements et de classes du post-primaire et du secondaire général des secteurs public et privé par région","Boucle du Mouhoun","Classes","Nombre","2020","2349"
"Evolution des nombres d'établissements et de classes du post-primaire et du secondaire général des secteurs public et privé par région","Boucle du Mouhoun","Classes","Nombre","2021","1469"
"Evolution des nombres d'établissements et de classes du post-primaire et du secondaire général des secteurs public et privé par région","Boucle du Mouhoun","Classes","Nombre","2022","1335"
"Evolution des nombres d'établissements et de classes du post-primaire et du secondaire général des secteurs public et privé par région","Cascades","Etablissements","Nombre","1997","13"
"Evolution des nombres d'établissements et de classes du post-primaire et du secondaire général des secteurs public et privé par région","Cascades","Etablissements","Nombre","1998","15"
"Evolution des nombres d'établissements et de classes du post-primaire et du secondaire général des secteurs public et privé par région","Cascades","Etablissements","Nombre","1999","15"
"Evolution des nombres d'établissements et de classes du post-primaire et du secondaire général des secteurs public et privé par région","Cascades","Etablissements","Nombre","2000","18"
"Evolution des nombres d'établissements et de classes du post-primaire et du secondaire général des secteurs public et privé par région","Cascades","Etablissements","Nombre","2001","19"
"Evolution des nombres d'établissements et de classes du post-primaire et du secondaire général des secteurs public et privé par région","Cascades","Etablissements","Nombre","2002","20"
"Evolution des nombres d'établissements et de classes du post-primaire et du secondaire général des secteurs public et privé par région","Cascades","Etablissements","Nombre","2003","23"
"Evolution des nombres d'établissements et de classes du post-primaire et du secondaire général des secteurs public et privé par région","Cascades","Etablissements","Nombre","2004","24"
"Evolution des nombres d'établissements et de classes du post-primaire et du secondaire général des secteurs public et privé par région","Cascades","Etablissements","Nombre","2005","24"
"Evolution des nombres d'établissements et de classes du post-primaire et du secondaire général des secteurs public et privé par région","Cascades","Etablissements","Nombre","2006","25"
"Evolution des nombres d'établissements et de classes du post-primaire et du secondaire général des secteurs public et privé par région","Cascades","Etablissements","Nombre","2007","26"
"Evolution des nombres d'établissements et de classes du post-primaire et du secondaire général des secteurs public et privé par région","Cascades","Etablissements","Nombre","2008","37"
"Evolution des nombres d'établissements et de classes du post-primaire et du secondaire général des secteurs public et privé par région","Cascades","Etablissements","Nombre","2009","44"
"Evolution des nombres d'établissements et de classes du post-primaire et du secondaire général des secteurs public et privé par région","Cascades","Etablissements","Nombre","2010","49"
"Evolution des nombres d'établissements et de classes du post-primaire et du secondaire général des secteurs public et privé par région","Cascades","Etablissements","Nombre","2011","51"
"Evolution des nombres d'établissements et de classes du post-primaire et du secondaire général des secteurs public et privé par région","Cascades","Etablissements","Nombre","2012","54"
"Evolution des nombres d'établissements et de classes du post-primaire et du secondaire général des secteurs public et privé par région","Cascades","Etablissements","Nombre","2013","55"
"Evolution des nombres d'établissements et de classes du post-primaire et du secondaire général des secteurs public et privé par région","Cascades","Etablissements","Nombre","2014","58"
"Evolution des nombres d'établissements et de classes du post-primaire et du secondaire général des secteurs public et privé par région","Cascades","Etablissements","Nombre","2015","120"
"Evolution des nombres d'établissements et de classes du post-primaire et du secondaire général des secteurs public et privé par région","Cascades","Etablissements","Nombre","2016","118"
"Evolution des nombres d'établissements et de classes du post-primaire et du secondaire général des secteurs public et privé par région","Cascades","Etablissements","Nombre","2017","129"
"Evolution des nombres d'établissements et de classes du post-primaire et du secondaire général des secteurs public et privé par région","Cascades","Etablissements","Nombre","2018","142"
"Evolution des nombres d'établissements et de classes du post-primaire et du secondaire général des secteurs public et privé par région","Cascades","Etablissements","Nombre","2019","151"
"Evolution des nombres d'établissements et de classes du post-primaire et du secondaire général des secteurs public et privé par région","Cascades","Etablissements","Nombre","2020","175"
"Evolution des nombres d'établissements et de classes du post-primaire et du secondaire général des secteurs public et privé par région","Cascades","Etablissements","Nombre","2021","62"
"Evolution des nombres d'établissements et de classes du post-primaire et du secondaire général des secteurs public et privé par région","Cascades","Etablissements","Nombre","2022","66"
"Evolution des nombres d'établissements et de classes du post-primaire et du secondaire général des secteurs public et privé par région","Cascades","Classes","Nombre","1997","106"
"Evolution des nombres d'établissements et de classes du post-primaire et du secondaire général des secteurs public et privé par région","Cascades","Classes","Nombre","1998","114"
"Evolution des nombres d'établissements et de classes du post-primaire et du secondaire général des secteurs public et privé par région","Cascades","Classes","Nombre","1999","114"
"Evolution des nombres d'établissements et de classes du post-primaire et du secondaire général des secteurs public et privé par région","Cascades","Classes","Nombre","2000","130"
"Evolution des nombres d'établissements et de classes du post-primaire et du secondaire général des secteurs public et privé par région","Cascades","Classes","Nombre","2001","137"
"Evolution des nombres d'établissements et de classes du post-primaire et du secondaire général des secteurs public et privé par région","Cascades","Classes","Nombre","2002","144"
"Evolution des nombres d'établissements et de classes du post-primaire et du secondaire général des secteurs public et privé par région","Cascades","Classes","Nombre","2003","161"
"Evolution des nombres d'établissements et de classes du post-primaire et du secondaire général des secteurs public et privé par région","Cascades","Classes","Nombre","2004","181"
"Evolution des nombres d'établissements et de classes du post-primaire et du secondaire général des secteurs public et privé par région","Cascades","Classes","Nombre","2005","193"
"Evolution des nombres d'établissements et de classes du post-primaire et du secondaire général des secteurs public et privé par région","Cascades","Classes","Nombre","2006","194"
"Evolution des nombres d'établissements et de classes du post-primaire et du secondaire général des secteurs public et privé par région","Cascades","Classes","Nombre","2007","194"
"Evolution des nombres d'établissements et de classes du post-primaire et du secondaire général des secteurs public et privé par région","Cascades","Classes","Nombre","2008","217"
"Evolution des nombres d'établissements et de classes du post-primaire et du secondaire général des secteurs public et privé par région","Cascades","Classes","Nombre","2009","244"
"Evolution des nombres d'établissements et de classes du post-primaire et du secondaire général des secteurs public et privé par région","Cascades","Classes","Nombre","2010","273"
"Evolution des nombres d'établissements et de classes du post-primaire et du secondaire général des secteurs public et privé par région","Cascades","Classes","Nombre","2011","300"
"Evolution des nombres d'établissements et de classes du post-primaire et du secondaire général des secteurs public et privé par région","Cascades","Classes","Nombre","2012","331"
"Evolution des nombres d'établissements et de classes du post-primaire et du secondaire général des secteurs public et privé par région","Cascades","Classes","Nombre","2013","392"
"Evolution des nombres d'établissements et de classes du post-primaire et du secondaire général des secteurs public et privé par région","Cascades","Classes","Nombre","2014","466"
"Evolution des nombres d'établissements et de classes du post-primaire et du secondaire général des secteurs public et privé par région","Cascades","Classes","Nombre","2015","599"
"Evolution des nombres d'établissements et de classes du post-primaire et du secondaire général des secteurs public et privé par région","Cascades","Classes","Nombre","2016","669"
"Evolution des nombres d'établissements et de classes du post-primaire et du secondaire général des secteurs public et privé par région","Cascades","Classes","Nombre","2017","746"
"Evolution des nombres d'établissements et de classes du post-primaire et du secondaire général des secteurs public et privé par région","Cascades","Classes","Nombre","2018","840"
"Evolution des nombres d'établissements et de classes du post-primaire et du secondaire général des secteurs public et privé par région","Cascades","Classes","Nombre","2019","921"
"Evolution des nombres d'établissements et de classes du post-primaire et du secondaire général des secteurs public et privé par région","Cascades","Classes","Nombre","2020","1033"
"Evolution des nombres d'établissements et de classes du post-primaire et du secondaire général des secteurs public et privé par région","Cascades","Classes","Nombre","2021","647"
"Evolution des nombres d'établissements et de classes du post-primaire et du secondaire général des secteurs public et privé par région","Cascades","Classes","Nombre","2022","670"
"Evolution des nombres d'établissements et de classes du post-primaire et du secondaire général des secteurs public et privé par région","Centre","Etablissements","Nombre","1997","62"
"Evolution des nombres d'établissements et de classes du post-primaire et du secondaire général des secteurs public et privé par région","Centre","Etablissements","Nombre","1998","67"
"Evolution des nombres d'établissements et de classes du post-primaire et du secondaire général des secteurs public et privé par région","Centre","Etablissements","Nombre","1999","71"
"Evolution des nombres d'établissements et de classes du post-primaire et du secondaire général des secteurs public et privé par région","Centre","Etablissements","Nombre","2000","79"
"Evolution des nombres d'établissements et de classes du post-primaire et du secondaire général des secteurs public et privé par région","Centre","Etablissements","Nombre","2001","86"
"Evolution des nombres d'établissements et de classes du post-primaire et du secondaire général des secteurs public et privé par région","Centre","Etablissements","Nombre","2002","100"
"Evolution des nombres d'établissements et de classes du post-primaire et du secondaire général des secteurs public et privé par région","Centre","Etablissements","Nombre","2003","108"
"Evolution des nombres d'établissements et de classes du post-primaire et du secondaire général des secteurs public et privé par région","Centre","Etablissements","Nombre","2004","112"
"Evolution des nombres d'établissements et de classes du post-primaire et du secondaire général des secteurs public et privé par région","Centre","Etablissements","Nombre","2005","133"
"Evolution des nombres d'établissements et de classes du post-primaire et du secondaire général des secteurs public et privé par région","Centre","Etablissements","Nombre","2006","148"
"Evolution des nombres d'établissements et de classes du post-primaire et du secondaire général des secteurs public et privé par région","Centre","Etablissements","Nombre","2007","173"
"Evolution des nombres d'établissements et de classes du post-primaire et du secondaire général des secteurs public et privé par région","Centre","Etablissements","Nombre","2008","221"
"Evolution des nombres d'établissements et de classes du post-primaire et du secondaire général des secteurs public et privé par région","Centre","Etablissements","Nombre","2009","246"
"Evolution des nombres d'établissements et de classes du post-primaire et du secondaire général des secteurs public et privé par région","Centre","Etablissements","Nombre","2010","262"
"Evolution des nombres d'établissements et de classes du post-primaire et du secondaire général des secteurs public et privé par région","Centre","Etablissements","Nombre","2011","290"
"Evolution des nombres d'établissements et de classes du post-primaire et du secondaire général des secteurs public et privé par région","Centre","Etablissements","Nombre","2012","330"
"Evolution des nombres d'établissements et de classes du post-primaire et du secondaire général des secteurs public et privé par région","Centre","Etablissements","Nombre","2013","321"
"Evolution des nombres d'établissements et de classes du post-primaire et du secondaire général des secteurs public et privé par région","Centre","Etablissements","Nombre","2014","356"
"Evolution des nombres d'établissements et de classes du post-primaire et du secondaire général des secteurs public et privé par région","Centre","Etablissements","Nombre","2015","439"
"Evolution des nombres d'établissements et de classes du post-primaire et du secondaire général des secteurs public et privé par région","Centre","Etablissements","Nombre","2016","545"
"Evolution des nombres d'établissements et de classes du post-primaire et du secondaire général des secteurs public et privé par région","Centre","Etablissements","Nombre","2017","734"
"Evolution des nombres d'établissements et de classes du post-primaire et du secondaire général des secteurs public et privé par région","Centre","Etablissements","Nombre","2018","767"
"Evolution des nombres d'établissements et de classes du post-primaire et du secondaire général des secteurs public et privé par région","Centre","Etablissements","Nombre","2019","640"
"Evolution des nombres d'établissements et de classes du post-primaire et du secondaire général des secteurs public et privé par région","Centre","Etablissements","Nombre","2020","751"
"Evolution des nombres d'établissements et de classes du post-primaire et du secondaire général des secteurs public et privé par région","Centre","Etablissements","Nombre","2021","350"
"Evolution des nombres d'établissements et de classes du post-primaire et du secondaire général des secteurs public et privé par région","Centre","Etablissements","Nombre","2022","351"
"Evolution des nombres d'établissements et de classes du post-primaire et du secondaire général des secteurs public et privé par région","Centre","Classes","Nombre","1997","705"
"Evolution des nombres d'établissements et de classes du post-primaire et du secondaire général des secteurs public et privé par région","Centre","Classes","Nombre","1998","720"
"Evolution des nombres d'établissements et de classes du post-primaire et du secondaire général des secteurs public et privé par région","Centre","Classes","Nombre","1999","742"
"Evolution des nombres d'établissements et de classes du post-primaire et du secondaire général des secteurs public et privé par région","Centre","Classes","Nombre","2000","802"
"Evolution des nombres d'établissements et de classes du post-primaire et du secondaire général des secteurs public et privé par région","Centre","Classes","Nombre","2001","836"
"Evolution des nombres d'établissements et de classes du post-primaire et du secondaire général des secteurs public et privé par région","Centre","Classes","Nombre","2002","932"
"Evolution des nombres d'établissements et de classes du post-primaire et du secondaire général des secteurs public et privé par région","Centre","Classes","Nombre","2003","1025"
"Evolution des nombres d'établissements et de classes du post-primaire et du secondaire général des secteurs public et privé par région","Centre","Classes","Nombre","2004","1124"
"Evolution des nombres d'établissements et de classes du post-primaire et du secondaire général des secteurs public et privé par région","Centre","Classes","Nombre","2005","1320"
"Evolution des nombres d'établissements et de classes du post-primaire et du secondaire général des secteurs public et privé par région","Centre","Classes","Nombre","2006","1400"
"Evolution des nombres d'établissements et de classes du post-primaire et du secondaire général des secteurs public et privé par région","Centre","Classes","Nombre","2007","1464"
"Evolution des nombres d'établissements et de classes du post-primaire et du secondaire général des secteurs public et privé par région","Centre","Classes","Nombre","2008","1618"
"Evolution des nombres d'établissements et de classes du post-primaire et du secondaire général des secteurs public et privé par région","Centre","Classes","Nombre","2009","1701"
"Evolution des nombres d'établissements et de classes du post-primaire et du secondaire général des secteurs public et privé par région","Centre","Classes","Nombre","2010","1941"
"Evolution des nombres d'établissements et de classes du post-primaire et du secondaire général des secteurs public et privé par région","Centre","Classes","Nombre","2011","2132"
"Evolution des nombres d'établissements et de classes du post-primaire et du secondaire général des secteurs public et privé par région","Centre","Classes","Nombre","2012","2374"
"Evolution des nombres d'établissements et de classes du post-primaire et du secondaire général des secteurs public et privé par région","Centre","Classes","Nombre","2013","2595"
"Evolution des nombres d'établissements et de classes du post-primaire et du secondaire général des secteurs public et privé par région","Centre","Classes","Nombre","2014","2852"
"Evolution des nombres d'établissements et de classes du post-primaire et du secondaire général des secteurs public et privé par région","Centre","Classes","Nombre","2015","3190"
"Evolution des nombres d'établissements et de classes du post-primaire et du secondaire général des secteurs public et privé par région","Centre","Classes","Nombre","2016","3502"
"Evolution des nombres d'établissements et de classes du post-primaire et du secondaire général des secteurs public et privé par région","Centre","Classes","Nombre","2017","4216"
"Evolution des nombres d'établissements et de classes du post-primaire et du secondaire général des secteurs public et privé par région","Centre","Classes","Nombre","2018","4438"
"Evolution des nombres d'établissements et de classes du post-primaire et du secondaire général des secteurs public et privé par région","Centre","Classes","Nombre","2019","4665"
"Evolution des nombres d'établissements et de classes du post-primaire et du secondaire général des secteurs public et privé par région","Centre","Classes","Nombre","2020","5414"
"Evolution des nombres d'établissements et de classes du post-primaire et du secondaire général des secteurs public et privé par région","Centre","Classes","Nombre","2021","3894"
"Evolution des nombres d'établissements et de classes du post-primaire et du secondaire général des secteurs public et privé par région","Centre","Classes","Nombre","2022","3868"
"Evolution des nombres d'établissements et de classes du post-primaire et du secondaire général des secteurs public et privé par région","Centre-Est","Etablissements","Nombre","1997","14"
"Evolution des nombres d'établissements et de classes du post-primaire et du secondaire général des secteurs public et privé par région","Centre-Est","Etablissements","Nombre","1998","15"
"Evolution des nombres d'établissements et de classes du post-primaire et du secondaire général des secteurs public et privé par région","Centre-Est","Etablissements","Nombre","1999","16"
"Evolution des nombres d'établissements et de classes du post-primaire et du secondaire général des secteurs public et privé par région","Centre-Est","Etablissements","Nombre","2000","18"
"Evolution des nombres d'établissements et de classes du post-primaire et du secondaire général des secteurs public et privé par région","Centre-Est","Etablissements","Nombre","2001","18"
"Evolution des nombres d'établissements et de classes du post-primaire et du secondaire général des secteurs public et privé par région","Centre-Est","Etablissements","Nombre","2002","20"
"Evolution des nombres d'établissements et de classes du post-primaire et du secondaire général des secteurs public et privé par région","Centre-Est","Etablissements","Nombre","2003","23"
"Evolution des nombres d'établissements et de classes du post-primaire et du secondaire général des secteurs public et privé par région","Centre-Est","Etablissements","Nombre","2004","29"
"Evolution des nombres d'établissements et de classes du post-primaire et du secondaire général des secteurs public et privé par région","Centre-Est","Etablissements","Nombre","2005","31"
"Evolution des nombres d'établissements et de classes du post-primaire et du secondaire général des secteurs public et privé par région","Centre-Est","Etablissements","Nombre","2006","35"
"Evolution des nombres d'établissements et de classes du post-primaire et du secondaire général des secteurs public et privé par région","Centre-Est","Etablissements","Nombre","2007","42"
"Evolution des nombres d'établissements et de classes du post-primaire et du secondaire général des secteurs public et privé par région","Centre-Est","Etablissements","Nombre","2008","56"
"Evolution des nombres d'établissements et de classes du post-primaire et du secondaire général des secteurs public et privé par région","Centre-Est","Etablissements","Nombre","2009","63"
"Evolution des nombres d'établissements et de classes du post-primaire et du secondaire général des secteurs public et privé par région","Centre-Est","Etablissements","Nombre","2010","70"
"Evolution des nombres d'établissements et de classes du post-primaire et du secondaire général des secteurs public et privé par région","Centre-Est","Etablissements","Nombre","2011","73"
"Evolution des nombres d'établissements et de classes du post-primaire et du secondaire général des secteurs public et privé par région","Centre-Est","Etablissements","Nombre","2012","99"
"Evolution des nombres d'établissements et de classes du post-primaire et du secondaire général des secteurs public et privé par région","Centre-Est","Etablissements","Nombre","2013","98"
"Evolution des nombres d'établissements et de classes du post-primaire et du secondaire général des secteurs public et privé par région","Centre-Est","Etablissements","Nombre","2014","110"
"Evolution des nombres d'établissements et de classes du post-primaire et du secondaire général des secteurs public et privé par région","Centre-Est","Etablissements","Nombre","2015","189"
"Evolution des nombres d'établissements et de classes du post-primaire et du secondaire général des secteurs public et privé par région","Centre-Est","Etablissements","Nombre","2016","234"
"Evolution des nombres d'établissements et de classes du post-primaire et du secondaire général des secteurs public et privé par région","Centre-Est","Etablissements","Nombre","2017","241"
"Evolution des nombres d'établissements et de classes du post-primaire et du secondaire général des secteurs public et privé par région","Centre-Est","Etablissements","Nombre","2018","270"
"Evolution des nombres d'établissements et de classes du post-primaire et du secondaire général des secteurs public et privé par région","Centre-Est","Etablissements","Nombre","2019","298"
"Evolution des nombres d'établissements et de classes du post-primaire et du secondaire général des secteurs public et privé par région","Centre-Est","Etablissements","Nombre","2020","320"
"Evolution des nombres d'établissements et de classes du post-primaire et du secondaire général des secteurs public et privé par région","Centre-Est","Etablissements","Nombre","2021","109"
"Evolution des nombres d'établissements et de classes du post-primaire et du secondaire général des secteurs public et privé par région","Centre-Est","Etablissements","Nombre","2022","110"
"Evolution des nombres d'établissements et de classes du post-primaire et du secondaire général des secteurs public et privé par région","Centre-Est","Classes","Nombre","1997","122"
"Evolution des nombres d'établissements et de classes du post-primaire et du secondaire général des secteurs public et privé par région","Centre-Est","Classes","Nombre","1998","130"
"Evolution des nombres d'établissements et de classes du post-primaire et du secondaire général des secteurs public et privé par région","Centre-Est","Classes","Nombre","1999","137"
"Evolution des nombres d'établissements et de classes du post-primaire et du secondaire général des secteurs public et privé par région","Centre-Est","Classes","Nombre","2000","151"
"Evolution des nombres d'établissements et de classes du post-primaire et du secondaire général des secteurs public et privé par région","Centre-Est","Classes","Nombre","2001","162"
"Evolution des nombres d'établissements et de classes du post-primaire et du secondaire général des secteurs public et privé par région","Centre-Est","Classes","Nombre","2002","163"
"Evolution des nombres d'établissements et de classes du post-primaire et du secondaire général des secteurs public et privé par région","Centre-Est","Classes","Nombre","2003","174"
"Evolution des nombres d'établissements et de classes du post-primaire et du secondaire général des secteurs public et privé par région","Centre-Est","Classes","Nombre","2004","224"
"Evolution des nombres d'établissements et de classes du post-primaire et du secondaire général des secteurs public et privé par région","Centre-Est","Classes","Nombre","2005","238"
"Evolution des nombres d'établissements et de classes du post-primaire et du secondaire général des secteurs public et privé par région","Centre-Est","Classes","Nombre","2006","286"
"Evolution des nombres d'établissements et de classes du post-primaire et du secondaire général des secteurs public et privé par région","Centre-Est","Classes","Nombre","2007","293"
"Evolution des nombres d'établissements et de classes du post-primaire et du secondaire général des secteurs public et privé par région","Centre-Est","Classes","Nombre","2008","347"
"Evolution des nombres d'établissements et de classes du post-primaire et du secondaire général des secteurs public et privé par région","Centre-Est","Classes","Nombre","2009","405"
"Evolution des nombres d'établissements et de classes du post-primaire et du secondaire général des secteurs public et privé par région","Centre-Est","Classes","Nombre","2010","476"
"Evolution des nombres d'établissements et de classes du post-primaire et du secondaire général des secteurs public et privé par région","Centre-Est","Classes","Nombre","2011","518"
"Evolution des nombres d'établissements et de classes du post-primaire et du secondaire général des secteurs public et privé par région","Centre-Est","Classes","Nombre","2012","599"
"Evolution des nombres d'établissements et de classes du post-primaire et du secondaire général des secteurs public et privé par région","Centre-Est","Classes","Nombre","2013","680"
"Evolution des nombres d'établissements et de classes du post-primaire et du secondaire général des secteurs public et privé par région","Centre-Est","Classes","Nombre","2014","810"
"Evolution des nombres d'établissements et de classes du post-primaire et du secondaire général des secteurs public et privé par région","Centre-Est","Classes","Nombre","2015","1029"
"Evolution des nombres d'établissements et de classes du post-primaire et du secondaire général des secteurs public et privé par région","Centre-Est","Classes","Nombre","2016","1259"
"Evolution des nombres d'établissements et de classes du post-primaire et du secondaire général des secteurs public et privé par région","Centre-Est","Classes","Nombre","2017","1381"
"Evolution des nombres d'établissements et de classes du post-primaire et du secondaire général des secteurs public et privé par région","Centre-Est","Classes","Nombre","2018","1707"
"Evolution des nombres d'établissements et de classes du post-primaire et du secondaire général des secteurs public et privé par région","Centre-Est","Classes","Nombre","2019","1832"
"Evolution des nombres d'établissements et de classes du post-primaire et du secondaire général des secteurs public et privé par région","Centre-Est","Classes","Nombre","2020","1896"
"Evolution des nombres d'établissements et de classes du post-primaire et du secondaire général des secteurs public et privé par région","Centre-Est","Classes","Nombre","2021","1147"
"Evolution des nombres d'établissements et de classes du post-primaire et du secondaire général des secteurs public et privé par région","Centre-Est","Classes","Nombre","2022","1100"
"Evolution des nombres d'établissements et de classes du post-primaire et du secondaire général des secteurs public et privé par région","Centre-Nord","Etablissements","Nombre","1997","15"
"Evolution des nombres d'établissements et de classes du post-primaire et du secondaire général des secteurs public et privé par région","Centre-Nord","Etablissements","Nombre","1998","16"
"Evolution des nombres d'établissements et de classes du post-primaire et du secondaire général des secteurs public et privé par région","Centre-Nord","Etablissements","Nombre","1999","16"
"Evolution des nombres d'établissements et de classes du post-primaire et du secondaire général des secteurs public et privé par région","Centre-Nord","Etablissements","Nombre","2000","16"
"Evolution des nombres d'établissements et de classes du post-primaire et du secondaire général des secteurs public et privé par région","Centre-Nord","Etablissements","Nombre","2001","17"
"Evolution des nombres d'établissements et de classes du post-primaire et du secondaire général des secteurs public et privé par région","Centre-Nord","Etablissements","Nombre","2002","22"
"Evolution des nombres d'établissements et de classes du post-primaire et du secondaire général des secteurs public et privé par région","Centre-Nord","Etablissements","Nombre","2003","23"
"Evolution des nombres d'établissements et de classes du post-primaire et du secondaire général des secteurs public et privé par région","Centre-Nord","Etablissements","Nombre","2004","25"
"Evolution des nombres d'établissements et de classes du post-primaire et du secondaire général des secteurs public et privé par région","Centre-Nord","Etablissements","Nombre","2005","29"
"Evolution des nombres d'établissements et de classes du post-primaire et du secondaire général des secteurs public et privé par région","Centre-Nord","Etablissements","Nombre","2006","31"
"Evolution des nombres d'établissements et de classes du post-primaire et du secondaire général des secteurs public et privé par région","Centre-Nord","Etablissements","Nombre","2007","35"
"Evolution des nombres d'établissements et de classes du post-primaire et du secondaire général des secteurs public et privé par région","Centre-Nord","Etablissements","Nombre","2008","51"
"Evolution des nombres d'établissements et de classes du post-primaire et du secondaire général des secteurs public et privé par région","Centre-Nord","Etablissements","Nombre","2009","55"
"Evolution des nombres d'établissements et de classes du post-primaire et du secondaire général des secteurs public et privé par région","Centre-Nord","Etablissements","Nombre","2010","61"
"Evolution des nombres d'établissements et de classes du post-primaire et du secondaire général des secteurs public et privé par région","Centre-Nord","Etablissements","Nombre","2011","69"
"Evolution des nombres d'établissements et de classes du post-primaire et du secondaire général des secteurs public et privé par région","Centre-Nord","Etablissements","Nombre","2012","76"
"Evolution des nombres d'établissements et de classes du post-primaire et du secondaire général des secteurs public et privé par région","Centre-Nord","Etablissements","Nombre","2013","79"
"Evolution des nombres d'établissements et de classes du post-primaire et du secondaire général des secteurs public et privé par région","Centre-Nord","Etablissements","Nombre","2014","95"
"Evolution des nombres d'établissements et de classes du post-primaire et du secondaire général des secteurs public et privé par région","Centre-Nord","Etablissements","Nombre","2015","124"
"Evolution des nombres d'établissements et de classes du post-primaire et du secondaire général des secteurs public et privé par région","Centre-Nord","Etablissements","Nombre","2016","226"
"Evolution des nombres d'établissements et de classes du post-primaire et du secondaire général des secteurs public et privé par région","Centre-Nord","Etablissements","Nombre","2017","232"
"Evolution des nombres d'établissements et de classes du post-primaire et du secondaire général des secteurs public et privé par région","Centre-Nord","Etablissements","Nombre","2018","244"
"Evolution des nombres d'établissements et de classes du post-primaire et du secondaire général des secteurs public et privé par région","Centre-Nord","Etablissements","Nombre","2019","280"
"Evolution des nombres d'établissements et de classes du post-primaire et du secondaire général des secteurs public et privé par région","Centre-Nord","Etablissements","Nombre","2020","247"
"Evolution des nombres d'établissements et de classes du post-primaire et du secondaire général des secteurs public et privé par région","Centre-Nord","Etablissements","Nombre","2021","85"
"Evolution des nombres d'établissements et de classes du post-primaire et du secondaire général des secteurs public et privé par région","Centre-Nord","Etablissements","Nombre","2022","81"
"Evolution des nombres d'établissements et de classes du post-primaire et du secondaire général des secteurs public et privé par région","Centre-Nord","Classes","Nombre","1997","121"
"Evolution des nombres d'établissements et de classes du post-primaire et du secondaire général des secteurs public et privé par région","Centre-Nord","Classes","Nombre","1998","126"
"Evolution des nombres d'établissements et de classes du post-primaire et du secondaire général des secteurs public et privé par région","Centre-Nord","Classes","Nombre","1999","129"
"Evolution des nombres d'établissements et de classes du post-primaire et du secondaire général des secteurs public et privé par région","Centre-Nord","Classes","Nombre","2000","132"
"Evolution des nombres d'établissements et de classes du post-primaire et du secondaire général des secteurs public et privé par région","Centre-Nord","Classes","Nombre","2001","139"
"Evolution des nombres d'établissements et de classes du post-primaire et du secondaire général des secteurs public et privé par région","Centre-Nord","Classes","Nombre","2002","134"
"Evolution des nombres d'établissements et de classes du post-primaire et du secondaire général des secteurs public et privé par région","Centre-Nord","Classes","Nombre","2003","157"
"Evolution des nombres d'établissements et de classes du post-primaire et du secondaire général des secteurs public et privé par région","Centre-Nord","Classes","Nombre","2004","191"
"Evolution des nombres d'établissements et de classes du post-primaire et du secondaire général des secteurs public et privé par région","Centre-Nord","Classes","Nombre","2005","218"
"Evolution des nombres d'établissements et de classes du post-primaire et du secondaire général des secteurs public et privé par région","Centre-Nord","Classes","Nombre","2006","245"
"Evolution des nombres d'établissements et de classes du post-primaire et du secondaire général des secteurs public et privé par région","Centre-Nord","Classes","Nombre","2007","240"
"Evolution des nombres d'établissements et de classes du post-primaire et du secondaire général des secteurs public et privé par région","Centre-Nord","Classes","Nombre","2008","286"
"Evolution des nombres d'établissements et de classes du post-primaire et du secondaire général des secteurs public et privé par région","Centre-Nord","Classes","Nombre","2009","318"
"Evolution des nombres d'établissements et de classes du post-primaire et du secondaire général des secteurs public et privé par région","Centre-Nord","Classes","Nombre","2010","354"
"Evolution des nombres d'établissements et de classes du post-primaire et du secondaire général des secteurs public et privé par région","Centre-Nord","Classes","Nombre","2011","414"
"Evolution des nombres d'établissements et de classes du post-primaire et du secondaire général des secteurs public et privé par région","Centre-Nord","Classes","Nombre","2012","468"
"Evolution des nombres d'établissements et de classes du post-primaire et du secondaire général des secteurs public et privé par région","Centre-Nord","Classes","Nombre","2013","567"
"Evolution des nombres d'établissements et de classes du post-primaire et du secondaire général des secteurs public et privé par région","Centre-Nord","Classes","Nombre","2014","687"
"Evolution des nombres d'établissements et de classes du post-primaire et du secondaire général des secteurs public et privé par région","Centre-Nord","Classes","Nombre","2015","848"
"Evolution des nombres d'établissements et de classes du post-primaire et du secondaire général des secteurs public et privé par région","Centre-Nord","Classes","Nombre","2016","1096"
"Evolution des nombres d'établissements et de classes du post-primaire et du secondaire général des secteurs public et privé par région","Centre-Nord","Classes","Nombre","2017","1237"
"Evolution des nombres d'établissements et de classes du post-primaire et du secondaire général des secteurs public et privé par région","Centre-Nord","Classes","Nombre","2018","1388"
"Evolution des nombres d'établissements et de classes du post-primaire et du secondaire général des secteurs public et privé par région","Centre-Nord","Classes","Nombre","2019","1582"
"Evolution des nombres d'établissements et de classes du post-primaire et du secondaire général des secteurs public et privé par région","Centre-Nord","Classes","Nombre","2020","1412"
"Evolution des nombres d'établissements et de classes du post-primaire et du secondaire général des secteurs public et privé par région","Centre-Nord","Classes","Nombre","2021","900"
"Evolution des nombres d'établissements et de classes du post-primaire et du secondaire général des secteurs public et privé par région","Centre-Nord","Classes","Nombre","2022","865"
"Evolution des nombres d'établissements et de classes du post-primaire et du secondaire général des secteurs public et privé par région","Centre-Ouest","Etablissements","Nombre","1997","24"
"Evolution des nombres d'établissements et de classes du post-primaire et du secondaire général des secteurs public et privé par région","Centre-Ouest","Etablissements","Nombre","1998","29"
"Evolution des nombres d'établissements et de classes du post-primaire et du secondaire général des secteurs public et privé par région","Centre-Ouest","Etablissements","Nombre","1999","32"
"Evolution des nombres d'établissements et de classes du post-primaire et du secondaire général des secteurs public et privé par région","Centre-Ouest","Etablissements","Nombre","2000","33"
"Evolution des nombres d'établissements et de classes du post-primaire et du secondaire général des secteurs public et privé par région","Centre-Ouest","Etablissements","Nombre","2001","37"
"Evolution des nombres d'établissements et de classes du post-primaire et du secondaire général des secteurs public et privé par région","Centre-Ouest","Etablissements","Nombre","2002","39"
"Evolution des nombres d'établissements et de classes du post-primaire et du secondaire général des secteurs public et privé par région","Centre-Ouest","Etablissements","Nombre","2003","41"
"Evolution des nombres d'établissements et de classes du post-primaire et du secondaire général des secteurs public et privé par région","Centre-Ouest","Etablissements","Nombre","2004","45"
"Evolution des nombres d'établissements et de classes du post-primaire et du secondaire général des secteurs public et privé par région","Centre-Ouest","Etablissements","Nombre","2005","51"
"Evolution des nombres d'établissements et de classes du post-primaire et du secondaire général des secteurs public et privé par région","Centre-Ouest","Etablissements","Nombre","2006","53"
"Evolution des nombres d'établissements et de classes du post-primaire et du secondaire général des secteurs public et privé par région","Centre-Ouest","Etablissements","Nombre","2007","58"
"Evolution des nombres d'établissements et de classes du post-primaire et du secondaire général des secteurs public et privé par région","Centre-Ouest","Etablissements","Nombre","2008","82"
"Evolution des nombres d'établissements et de classes du post-primaire et du secondaire général des secteurs public et privé par région","Centre-Ouest","Etablissements","Nombre","2009","91"
"Evolution des nombres d'établissements et de classes du post-primaire et du secondaire général des secteurs public et privé par région","Centre-Ouest","Etablissements","Nombre","2010","102"
"Evolution des nombres d'établissements et de classes du post-primaire et du secondaire général des secteurs public et privé par région","Centre-Ouest","Etablissements","Nombre","2011","112"
"Evolution des nombres d'établissements et de classes du post-primaire et du secondaire général des secteurs public et privé par région","Centre-Ouest","Etablissements","Nombre","2012","117"
"Evolution des nombres d'établissements et de classes du post-primaire et du secondaire général des secteurs public et privé par région","Centre-Ouest","Etablissements","Nombre","2013","115"
"Evolution des nombres d'établissements et de classes du post-primaire et du secondaire général des secteurs public et privé par région","Centre-Ouest","Etablissements","Nombre","2014","137"
"Evolution des nombres d'établissements et de classes du post-primaire et du secondaire général des secteurs public et privé par région","Centre-Ouest","Etablissements","Nombre","2015","268"
"Evolution des nombres d'établissements et de classes du post-primaire et du secondaire général des secteurs public et privé par région","Centre-Ouest","Etablissements","Nombre","2016","312"
"Evolution des nombres d'établissements et de classes du post-primaire et du secondaire général des secteurs public et privé par région","Centre-Ouest","Etablissements","Nombre","2017","337"
"Evolution des nombres d'établissements et de classes du post-primaire et du secondaire général des secteurs public et privé par région","Centre-Ouest","Etablissements","Nombre","2018","382"
"Evolution des nombres d'établissements et de classes du post-primaire et du secondaire général des secteurs public et privé par région","Centre-Ouest","Etablissements","Nombre","2019","426"
"Evolution des nombres d'établissements et de classes du post-primaire et du secondaire général des secteurs public et privé par région","Centre-Ouest","Etablissements","Nombre","2020","453"
"Evolution des nombres d'établissements et de classes du post-primaire et du secondaire général des secteurs public et privé par région","Centre-Ouest","Etablissements","Nombre","2021","157"
"Evolution des nombres d'établissements et de classes du post-primaire et du secondaire général des secteurs public et privé par région","Centre-Ouest","Etablissements","Nombre","2022","160"
"Evolution des nombres d'établissements et de classes du post-primaire et du secondaire général des secteurs public et privé par région","Centre-Ouest","Classes","Nombre","1997","224"
"Evolution des nombres d'établissements et de classes du post-primaire et du secondaire général des secteurs public et privé par région","Centre-Ouest","Classes","Nombre","1998","236"
"Evolution des nombres d'établissements et de classes du post-primaire et du secondaire général des secteurs public et privé par région","Centre-Ouest","Classes","Nombre","1999","248"
"Evolution des nombres d'établissements et de classes du post-primaire et du secondaire général des secteurs public et privé par région","Centre-Ouest","Classes","Nombre","2000","263"
"Evolution des nombres d'établissements et de classes du post-primaire et du secondaire général des secteurs public et privé par région","Centre-Ouest","Classes","Nombre","2001","262"
"Evolution des nombres d'établissements et de classes du post-primaire et du secondaire général des secteurs public et privé par région","Centre-Ouest","Classes","Nombre","2002","281"
"Evolution des nombres d'établissements et de classes du post-primaire et du secondaire général des secteurs public et privé par région","Centre-Ouest","Classes","Nombre","2003","327"
"Evolution des nombres d'établissements et de classes du post-primaire et du secondaire général des secteurs public et privé par région","Centre-Ouest","Classes","Nombre","2004","365"
"Evolution des nombres d'établissements et de classes du post-primaire et du secondaire général des secteurs public et privé par région","Centre-Ouest","Classes","Nombre","2005","416"
"Evolution des nombres d'établissements et de classes du post-primaire et du secondaire général des secteurs public et privé par région","Centre-Ouest","Classes","Nombre","2006","429"
"Evolution des nombres d'établissements et de classes du post-primaire et du secondaire général des secteurs public et privé par région","Centre-Ouest","Classes","Nombre","2007","419"
"Evolution des nombres d'établissements et de classes du post-primaire et du secondaire général des secteurs public et privé par région","Centre-Ouest","Classes","Nombre","2008","469"
"Evolution des nombres d'établissements et de classes du post-primaire et du secondaire général des secteurs public et privé par région","Centre-Ouest","Classes","Nombre","2009","521"
"Evolution des nombres d'établissements et de classes du post-primaire et du secondaire général des secteurs public et privé par région","Centre-Ouest","Classes","Nombre","2010","597"
"Evolution des nombres d'établissements et de classes du post-primaire et du secondaire général des secteurs public et privé par région","Centre-Ouest","Classes","Nombre","2011","681"
"Evolution des nombres d'établissements et de classes du post-primaire et du secondaire général des secteurs public et privé par région","Centre-Ouest","Classes","Nombre","2012","743"
"Evolution des nombres d'établissements et de classes du post-primaire et du secondaire général des secteurs public et privé par région","Centre-Ouest","Classes","Nombre","2013","864"
"Evolution des nombres d'établissements et de classes du post-primaire et du secondaire général des secteurs public et privé par région","Centre-Ouest","Classes","Nombre","2014","1017"
"Evolution des nombres d'établissements et de classes du post-primaire et du secondaire général des secteurs public et privé par région","Centre-Ouest","Classes","Nombre","2015","1376"
"Evolution des nombres d'établissements et de classes du post-primaire et du secondaire général des secteurs public et privé par région","Centre-Ouest","Classes","Nombre","2016","1598"
"Evolution des nombres d'établissements et de classes du post-primaire et du secondaire général des secteurs public et privé par région","Centre-Ouest","Classes","Nombre","2017","1881"
"Evolution des nombres d'établissements et de classes du post-primaire et du secondaire général des secteurs public et privé par région","Centre-Ouest","Classes","Nombre","2018","2252"
"Evolution des nombres d'établissements et de classes du post-primaire et du secondaire général des secteurs public et privé par région","Centre-Ouest","Classes","Nombre","2019","2648"
"Evolution des nombres d'établissements et de classes du post-primaire et du secondaire général des secteurs public et privé par région","Centre-Ouest","Classes","Nombre","2020","2672"
"Evolution des nombres d'établissements et de classes du post-primaire et du secondaire général des secteurs public et privé par région","Centre-Ouest","Classes","Nombre","2021","1675"
"Evolution des nombres d'établissements et de classes du post-primaire et du secondaire général des secteurs public et privé par région","Centre-Ouest","Classes","Nombre","2022","1620"
"Evolution des nombres d'établissements et de classes du post-primaire et du secondaire général des secteurs public et privé par région","Centre-Sud","Etablissements","Nombre","1997","10"
"Evolution des nombres d'établissements et de classes du post-primaire et du secondaire général des secteurs public et privé par région","Centre-Sud","Etablissements","Nombre","1998","12"
"Evolution des nombres d'établissements et de classes du post-primaire et du secondaire général des secteurs public et privé par région","Centre-Sud","Etablissements","Nombre","1999","13"
"Evolution des nombres d'établissements et de classes du post-primaire et du secondaire général des secteurs public et privé par région","Centre-Sud","Etablissements","Nombre","2000","15"
"Evolution des nombres d'établissements et de classes du post-primaire et du secondaire général des secteurs public et privé par région","Centre-Sud","Etablissements","Nombre","2001","16"
"Evolution des nombres d'établissements et de classes du post-primaire et du secondaire général des secteurs public et privé par région","Centre-Sud","Etablissements","Nombre","2002","19"
"Evolution des nombres d'établissements et de classes du post-primaire et du secondaire général des secteurs public et privé par région","Centre-Sud","Etablissements","Nombre","2003","23"
"Evolution des nombres d'établissements et de classes du post-primaire et du secondaire général des secteurs public et privé par région","Centre-Sud","Etablissements","Nombre","2004","24"
"Evolution des nombres d'établissements et de classes du post-primaire et du secondaire général des secteurs public et privé par région","Centre-Sud","Etablissements","Nombre","2005","27"
"Evolution des nombres d'établissements et de classes du post-primaire et du secondaire général des secteurs public et privé par région","Centre-Sud","Etablissements","Nombre","2006","27"
"Evolution des nombres d'établissements et de classes du post-primaire et du secondaire général des secteurs public et privé par région","Centre-Sud","Etablissements","Nombre","2007","28"
"Evolution des nombres d'établissements et de classes du post-primaire et du secondaire général des secteurs public et privé par région","Centre-Sud","Etablissements","Nombre","2008","37"
"Evolution des nombres d'établissements et de classes du post-primaire et du secondaire général des secteurs public et privé par région","Centre-Sud","Etablissements","Nombre","2009","46"
"Evolution des nombres d'établissements et de classes du post-primaire et du secondaire général des secteurs public et privé par région","Centre-Sud","Etablissements","Nombre","2010","55"
"Evolution des nombres d'établissements et de classes du post-primaire et du secondaire général des secteurs public et privé par région","Centre-Sud","Etablissements","Nombre","2011","58"
"Evolution des nombres d'établissements et de classes du post-primaire et du secondaire général des secteurs public et privé par région","Centre-Sud","Etablissements","Nombre","2012","64"
"Evolution des nombres d'établissements et de classes du post-primaire et du secondaire général des secteurs public et privé par région","Centre-Sud","Etablissements","Nombre","2013","67"
"Evolution des nombres d'établissements et de classes du post-primaire et du secondaire général des secteurs public et privé par région","Centre-Sud","Etablissements","Nombre","2014","80"
"Evolution des nombres d'établissements et de classes du post-primaire et du secondaire général des secteurs public et privé par région","Centre-Sud","Etablissements","Nombre","2015","134"
"Evolution des nombres d'établissements et de classes du post-primaire et du secondaire général des secteurs public et privé par région","Centre-Sud","Etablissements","Nombre","2016","163"
"Evolution des nombres d'établissements et de classes du post-primaire et du secondaire général des secteurs public et privé par région","Centre-Sud","Etablissements","Nombre","2017","173"
"Evolution des nombres d'établissements et de classes du post-primaire et du secondaire général des secteurs public et privé par région","Centre-Sud","Etablissements","Nombre","2018","170"
"Evolution des nombres d'établissements et de classes du post-primaire et du secondaire général des secteurs public et privé par région","Centre-Sud","Etablissements","Nombre","2019","170"
"Evolution des nombres d'établissements et de classes du post-primaire et du secondaire général des secteurs public et privé par région","Centre-Sud","Etablissements","Nombre","2020","206"
"Evolution des nombres d'établissements et de classes du post-primaire et du secondaire général des secteurs public et privé par région","Centre-Sud","Etablissements","Nombre","2021","76"
"Evolution des nombres d'établissements et de classes du post-primaire et du secondaire général des secteurs public et privé par région","Centre-Sud","Etablissements","Nombre","2022","72"
"Evolution des nombres d'établissements et de classes du post-primaire et du secondaire général des secteurs public et privé par région","Centre-Sud","Classes","Nombre","1997","85"
"Evolution des nombres d'établissements et de classes du post-primaire et du secondaire général des secteurs public et privé par région","Centre-Sud","Classes","Nombre","1998","87"
"Evolution des nombres d'établissements et de classes du post-primaire et du secondaire général des secteurs public et privé par région","Centre-Sud","Classes","Nombre","1999","93"
"Evolution des nombres d'établissements et de classes du post-primaire et du secondaire général des secteurs public et privé par région","Centre-Sud","Classes","Nombre","2000","98"
"Evolution des nombres d'établissements et de classes du post-primaire et du secondaire général des secteurs public et privé par région","Centre-Sud","Classes","Nombre","2001","106"
"Evolution des nombres d'établissements et de classes du post-primaire et du secondaire général des secteurs public et privé par région","Centre-Sud","Classes","Nombre","2002","115"
"Evolution des nombres d'établissements et de classes du post-primaire et du secondaire général des secteurs public et privé par région","Centre-Sud","Classes","Nombre","2003","128"
"Evolution des nombres d'établissements et de classes du post-primaire et du secondaire général des secteurs public et privé par région","Centre-Sud","Classes","Nombre","2004","160"
"Evolution des nombres d'établissements et de classes du post-primaire et du secondaire général des secteurs public et privé par région","Centre-Sud","Classes","Nombre","2005","191"
"Evolution des nombres d'établissements et de classes du post-primaire et du secondaire général des secteurs public et privé par région","Centre-Sud","Classes","Nombre","2006","205"
"Evolution des nombres d'établissements et de classes du post-primaire et du secondaire général des secteurs public et privé par région","Centre-Sud","Classes","Nombre","2007","207"
"Evolution des nombres d'établissements et de classes du post-primaire et du secondaire général des secteurs public et privé par région","Centre-Sud","Classes","Nombre","2008","229"
"Evolution des nombres d'établissements et de classes du post-primaire et du secondaire général des secteurs public et privé par région","Centre-Sud","Classes","Nombre","2009","257"
"Evolution des nombres d'établissements et de classes du post-primaire et du secondaire général des secteurs public et privé par région","Centre-Sud","Classes","Nombre","2010","313"
"Evolution des nombres d'établissements et de classes du post-primaire et du secondaire général des secteurs public et privé par région","Centre-Sud","Classes","Nombre","2011","364"
"Evolution des nombres d'établissements et de classes du post-primaire et du secondaire général des secteurs public et privé par région","Centre-Sud","Classes","Nombre","2012","419"
"Evolution des nombres d'établissements et de classes du post-primaire et du secondaire général des secteurs public et privé par région","Centre-Sud","Classes","Nombre","2013","495"
"Evolution des nombres d'établissements et de classes du post-primaire et du secondaire général des secteurs public et privé par région","Centre-Sud","Classes","Nombre","2014","569"
"Evolution des nombres d'établissements et de classes du post-primaire et du secondaire général des secteurs public et privé par région","Centre-Sud","Classes","Nombre","2015","752"
"Evolution des nombres d'établissements et de classes du post-primaire et du secondaire général des secteurs public et privé par région","Centre-Sud","Classes","Nombre","2016","872"
"Evolution des nombres d'établissements et de classes du post-primaire et du secondaire général des secteurs public et privé par région","Centre-Sud","Classes","Nombre","2017","1002"
"Evolution des nombres d'établissements et de classes du post-primaire et du secondaire général des secteurs public et privé par région","Centre-Sud","Classes","Nombre","2018","1061"
"Evolution des nombres d'établissements et de classes du post-primaire et du secondaire général des secteurs public et privé par région","Centre-Sud","Classes","Nombre","2019","1104"
"Evolution des nombres d'établissements et de classes du post-primaire et du secondaire général des secteurs public et privé par région","Centre-Sud","Classes","Nombre","2020","1245"
"Evolution des nombres d'établissements et de classes du post-primaire et du secondaire général des secteurs public et privé par région","Centre-Sud","Classes","Nombre","2021","774"
"Evolution des nombres d'établissements et de classes du post-primaire et du secondaire général des secteurs public et privé par région","Centre-Sud","Classes","Nombre","2022","702"
"Evolution des nombres d'établissements et de classes du post-primaire et du secondaire général des secteurs public et privé par région","Est","Etablissements","Nombre","1997","13"
"Evolution des nombres d'établissements et de classes du post-primaire et du secondaire général des secteurs public et privé par région","Est","Etablissements","Nombre","1998","13"
"Evolution des nombres d'établissements et de classes du post-primaire et du secondaire général des secteurs public et privé par région","Est","Etablissements","Nombre","1999","15"
"Evolution des nombres d'établissements et de classes du post-primaire et du secondaire général des secteurs public et privé par région","Est","Etablissements","Nombre","2000","15"
"Evolution des nombres d'établissements et de classes du post-primaire et du secondaire général des secteurs public et privé par région","Est","Etablissements","Nombre","2001","16"
"Evolution des nombres d'établissements et de classes du post-primaire et du secondaire général des secteurs public et privé par région","Est","Etablissements","Nombre","2002","21"
"Evolution des nombres d'établissements et de classes du post-primaire et du secondaire général des secteurs public et privé par région","Est","Etablissements","Nombre","2003","22"
"Evolution des nombres d'établissements et de classes du post-primaire et du secondaire général des secteurs public et privé par région","Est","Etablissements","Nombre","2004","26"
"Evolution des nombres d'établissements et de classes du post-primaire et du secondaire général des secteurs public et privé par région","Est","Etablissements","Nombre","2005","28"
"Evolution des nombres d'établissements et de classes du post-primaire et du secondaire général des secteurs public et privé par région","Est","Etablissements","Nombre","2006","31"
"Evolution des nombres d'établissements et de classes du post-primaire et du secondaire général des secteurs public et privé par région","Est","Etablissements","Nombre","2007","33"
"Evolution des nombres d'établissements et de classes du post-primaire et du secondaire général des secteurs public et privé par région","Est","Etablissements","Nombre","2008","52"
"Evolution des nombres d'établissements et de classes du post-primaire et du secondaire général des secteurs public et privé par région","Est","Etablissements","Nombre","2009","59"
"Evolution des nombres d'établissements et de classes du post-primaire et du secondaire général des secteurs public et privé par région","Est","Etablissements","Nombre","2010","70"
"Evolution des nombres d'établissements et de classes du post-primaire et du secondaire général des secteurs public et privé par région","Est","Etablissements","Nombre","2011","75"
"Evolution des nombres d'établissements et de classes du post-primaire et du secondaire général des secteurs public et privé par région","Est","Etablissements","Nombre","2012","81"
"Evolution des nombres d'établissements et de classes du post-primaire et du secondaire général des secteurs public et privé par région","Est","Etablissements","Nombre","2013","69"
"Evolution des nombres d'établissements et de classes du post-primaire et du secondaire général des secteurs public et privé par région","Est","Etablissements","Nombre","2014","84"
"Evolution des nombres d'établissements et de classes du post-primaire et du secondaire général des secteurs public et privé par région","Est","Etablissements","Nombre","2015","150"
"Evolution des nombres d'établissements et de classes du post-primaire et du secondaire général des secteurs public et privé par région","Est","Etablissements","Nombre","2016","182"
"Evolution des nombres d'établissements et de classes du post-primaire et du secondaire général des secteurs public et privé par région","Est","Etablissements","Nombre","2017","199"
"Evolution des nombres d'établissements et de classes du post-primaire et du secondaire général des secteurs public et privé par région","Est","Etablissements","Nombre","2018","206"
"Evolution des nombres d'établissements et de classes du post-primaire et du secondaire général des secteurs public et privé par région","Est","Etablissements","Nombre","2019","212"
"Evolution des nombres d'établissements et de classes du post-primaire et du secondaire général des secteurs public et privé par région","Est","Etablissements","Nombre","2020","216"
"Evolution des nombres d'établissements et de classes du post-primaire et du secondaire général des secteurs public et privé par région","Est","Etablissements","Nombre","2021","72"
"Evolution des nombres d'établissements et de classes du post-primaire et du secondaire général des secteurs public et privé par région","Est","Etablissements","Nombre","2022","60"
"Evolution des nombres d'établissements et de classes du post-primaire et du secondaire général des secteurs public et privé par région","Est","Classes","Nombre","1997","98"
"Evolution des nombres d'établissements et de classes du post-primaire et du secondaire général des secteurs public et privé par région","Est","Classes","Nombre","1998","99"
"Evolution des nombres d'établissements et de classes du post-primaire et du secondaire général des secteurs public et privé par région","Est","Classes","Nombre","1999","104"
"Evolution des nombres d'établissements et de classes du post-primaire et du secondaire général des secteurs public et privé par région","Est","Classes","Nombre","2000","107"
"Evolution des nombres d'établissements et de classes du post-primaire et du secondaire général des secteurs public et privé par région","Est","Classes","Nombre","2001","111"
"Evolution des nombres d'établissements et de classes du post-primaire et du secondaire général des secteurs public et privé par région","Est","Classes","Nombre","2002","125"
"Evolution des nombres d'établissements et de classes du post-primaire et du secondaire général des secteurs public et privé par région","Est","Classes","Nombre","2003","139"
"Evolution des nombres d'établissements et de classes du post-primaire et du secondaire général des secteurs public et privé par région","Est","Classes","Nombre","2004","180"
"Evolution des nombres d'établissements et de classes du post-primaire et du secondaire général des secteurs public et privé par région","Est","Classes","Nombre","2005","195"
"Evolution des nombres d'établissements et de classes du post-primaire et du secondaire général des secteurs public et privé par région","Est","Classes","Nombre","2006","214"
"Evolution des nombres d'établissements et de classes du post-primaire et du secondaire général des secteurs public et privé par région","Est","Classes","Nombre","2007","217"
"Evolution des nombres d'établissements et de classes du post-primaire et du secondaire général des secteurs public et privé par région","Est","Classes","Nombre","2008","246"
"Evolution des nombres d'établissements et de classes du post-primaire et du secondaire général des secteurs public et privé par région","Est","Classes","Nombre","2009","300"
"Evolution des nombres d'établissements et de classes du post-primaire et du secondaire général des secteurs public et privé par région","Est","Classes","Nombre","2010","351"
"Evolution des nombres d'établissements et de classes du post-primaire et du secondaire général des secteurs public et privé par région","Est","Classes","Nombre","2011","400"
"Evolution des nombres d'établissements et de classes du post-primaire et du secondaire général des secteurs public et privé par région","Est","Classes","Nombre","2012","453"
"Evolution des nombres d'établissements et de classes du post-primaire et du secondaire général des secteurs public et privé par région","Est","Classes","Nombre","2013","535"
"Evolution des nombres d'établissements et de classes du post-primaire et du secondaire général des secteurs public et privé par région","Est","Classes","Nombre","2014","643"
"Evolution des nombres d'établissements et de classes du post-primaire et du secondaire général des secteurs public et privé par région","Est","Classes","Nombre","2015","815"
"Evolution des nombres d'établissements et de classes du post-primaire et du secondaire général des secteurs public et privé par région","Est","Classes","Nombre","2016","963"
"Evolution des nombres d'établissements et de classes du post-primaire et du secondaire général des secteurs public et privé par région","Est","Classes","Nombre","2017","1157"
"Evolution des nombres d'établissements et de classes du post-primaire et du secondaire général des secteurs public et privé par région","Est","Classes","Nombre","2018","1290"
"Evolution des nombres d'établissements et de classes du post-primaire et du secondaire général des secteurs public et privé par région","Est","Classes","Nombre","2019","1354"
"Evolution des nombres d'établissements et de classes du post-primaire et du secondaire général des secteurs public et privé par région","Est","Classes","Nombre","2020","1427"
"Evolution des nombres d'établissements et de classes du post-primaire et du secondaire général des secteurs public et privé par région","Est","Classes","Nombre","2021","818"
"Evolution des nombres d'établissements et de classes du post-primaire et du secondaire général des secteurs public et privé par région","Est","Classes","Nombre","2022","651"
"Evolution des nombres d'établissements et de classes du post-primaire et du secondaire général des secteurs public et privé par région","Hauts-Bassins","Etablissements","Nombre","1997","48"
"Evolution des nombres d'établissements et de classes du post-primaire et du secondaire général des secteurs public et privé par région","Hauts-Bassins","Etablissements","Nombre","1998","49"
"Evolution des nombres d'établissements et de classes du post-primaire et du secondaire général des secteurs public et privé par région","Hauts-Bassins","Etablissements","Nombre","1999","53"
"Evolution des nombres d'établissements et de classes du post-primaire et du secondaire général des secteurs public et privé par région","Hauts-Bassins","Etablissements","Nombre","2000","56"
"Evolution des nombres d'établissements et de classes du post-primaire et du secondaire général des secteurs public et privé par région","Hauts-Bassins","Etablissements","Nombre","2001","60"
"Evolution des nombres d'établissements et de classes du post-primaire et du secondaire général des secteurs public et privé par région","Hauts-Bassins","Etablissements","Nombre","2002","65"
"Evolution des nombres d'établissements et de classes du post-primaire et du secondaire général des secteurs public et privé par région","Hauts-Bassins","Etablissements","Nombre","2003","70"
"Evolution des nombres d'établissements et de classes du post-primaire et du secondaire général des secteurs public et privé par région","Hauts-Bassins","Etablissements","Nombre","2004","75"
"Evolution des nombres d'établissements et de classes du post-primaire et du secondaire général des secteurs public et privé par région","Hauts-Bassins","Etablissements","Nombre","2005","77"
"Evolution des nombres d'établissements et de classes du post-primaire et du secondaire général des secteurs public et privé par région","Hauts-Bassins","Etablissements","Nombre","2006","87"
"Evolution des nombres d'établissements et de classes du post-primaire et du secondaire général des secteurs public et privé par région","Hauts-Bassins","Etablissements","Nombre","2007","92"
"Evolution des nombres d'établissements et de classes du post-primaire et du secondaire général des secteurs public et privé par région","Hauts-Bassins","Etablissements","Nombre","2008","124"
"Evolution des nombres d'établissements et de classes du post-primaire et du secondaire général des secteurs public et privé par région","Hauts-Bassins","Etablissements","Nombre","2009","136"
"Evolution des nombres d'établissements et de classes du post-primaire et du secondaire général des secteurs public et privé par région","Hauts-Bassins","Etablissements","Nombre","2010","140"
"Evolution des nombres d'établissements et de classes du post-primaire et du secondaire général des secteurs public et privé par région","Hauts-Bassins","Etablissements","Nombre","2011","159"
"Evolution des nombres d'établissements et de classes du post-primaire et du secondaire général des secteurs public et privé par région","Hauts-Bassins","Etablissements","Nombre","2012","185"
"Evolution des nombres d'établissements et de classes du post-primaire et du secondaire général des secteurs public et privé par région","Hauts-Bassins","Etablissements","Nombre","2013","169"
"Evolution des nombres d'établissements et de classes du post-primaire et du secondaire général des secteurs public et privé par région","Hauts-Bassins","Etablissements","Nombre","2014","190"
"Evolution des nombres d'établissements et de classes du post-primaire et du secondaire général des secteurs public et privé par région","Hauts-Bassins","Etablissements","Nombre","2015","262"
"Evolution des nombres d'établissements et de classes du post-primaire et du secondaire général des secteurs public et privé par région","Hauts-Bassins","Etablissements","Nombre","2016","329"
"Evolution des nombres d'établissements et de classes du post-primaire et du secondaire général des secteurs public et privé par région","Hauts-Bassins","Etablissements","Nombre","2017","347"
"Evolution des nombres d'établissements et de classes du post-primaire et du secondaire général des secteurs public et privé par région","Hauts-Bassins","Etablissements","Nombre","2018","389"
"Evolution des nombres d'établissements et de classes du post-primaire et du secondaire général des secteurs public et privé par région","Hauts-Bassins","Etablissements","Nombre","2019","399"
"Evolution des nombres d'établissements et de classes du post-primaire et du secondaire général des secteurs public et privé par région","Hauts-Bassins","Etablissements","Nombre","2020","454"
"Evolution des nombres d'établissements et de classes du post-primaire et du secondaire général des secteurs public et privé par région","Hauts-Bassins","Etablissements","Nombre","2021","187"
"Evolution des nombres d'établissements et de classes du post-primaire et du secondaire général des secteurs public et privé par région","Hauts-Bassins","Etablissements","Nombre","2022","203"
"Evolution des nombres d'établissements et de classes du post-primaire et du secondaire général des secteurs public et privé par région","Hauts-Bassins","Classes","Nombre","1997","409"
"Evolution des nombres d'établissements et de classes du post-primaire et du secondaire général des secteurs public et privé par région","Hauts-Bassins","Classes","Nombre","1998","425"
"Evolution des nombres d'établissements et de classes du post-primaire et du secondaire général des secteurs public et privé par région","Hauts-Bassins","Classes","Nombre","1999","419"
"Evolution des nombres d'établissements et de classes du post-primaire et du secondaire général des secteurs public et privé par région","Hauts-Bassins","Classes","Nombre","2000","454"
"Evolution des nombres d'établissements et de classes du post-primaire et du secondaire général des secteurs public et privé par région","Hauts-Bassins","Classes","Nombre","2001","474"
"Evolution des nombres d'établissements et de classes du post-primaire et du secondaire général des secteurs public et privé par région","Hauts-Bassins","Classes","Nombre","2002","474"
"Evolution des nombres d'établissements et de classes du post-primaire et du secondaire général des secteurs public et privé par région","Hauts-Bassins","Classes","Nombre","2003","547"
"Evolution des nombres d'établissements et de classes du post-primaire et du secondaire général des secteurs public et privé par région","Hauts-Bassins","Classes","Nombre","2004","630"
"Evolution des nombres d'établissements et de classes du post-primaire et du secondaire général des secteurs public et privé par région","Hauts-Bassins","Classes","Nombre","2005","681"
"Evolution des nombres d'établissements et de classes du post-primaire et du secondaire général des secteurs public et privé par région","Hauts-Bassins","Classes","Nombre","2006","753"
"Evolution des nombres d'établissements et de classes du post-primaire et du secondaire général des secteurs public et privé par région","Hauts-Bassins","Classes","Nombre","2007","760"
"Evolution des nombres d'établissements et de classes du post-primaire et du secondaire général des secteurs public et privé par région","Hauts-Bassins","Classes","Nombre","2008","840"
"Evolution des nombres d'établissements et de classes du post-primaire et du secondaire général des secteurs public et privé par région","Hauts-Bassins","Classes","Nombre","2009","890"
"Evolution des nombres d'établissements et de classes du post-primaire et du secondaire général des secteurs public et privé par région","Hauts-Bassins","Classes","Nombre","2010","974"
"Evolution des nombres d'établissements et de classes du post-primaire et du secondaire général des secteurs public et privé par région","Hauts-Bassins","Classes","Nombre","2011","1062"
"Evolution des nombres d'établissements et de classes du post-primaire et du secondaire général des secteurs public et privé par région","Hauts-Bassins","Classes","Nombre","2012","1192"
"Evolution des nombres d'établissements et de classes du post-primaire et du secondaire général des secteurs public et privé par région","Hauts-Bassins","Classes","Nombre","2013","1313"
"Evolution des nombres d'établissements et de classes du post-primaire et du secondaire général des secteurs public et privé par région","Hauts-Bassins","Classes","Nombre","2014","1479"
"Evolution des nombres d'établissements et de classes du post-primaire et du secondaire général des secteurs public et privé par région","Hauts-Bassins","Classes","Nombre","2015","1685"
"Evolution des nombres d'établissements et de classes du post-primaire et du secondaire général des secteurs public et privé par région","Hauts-Bassins","Classes","Nombre","2016","1939"
"Evolution des nombres d'établissements et de classes du post-primaire et du secondaire général des secteurs public et privé par région","Hauts-Bassins","Classes","Nombre","2017","2175"
"Evolution des nombres d'établissements et de classes du post-primaire et du secondaire général des secteurs public et privé par région","Hauts-Bassins","Classes","Nombre","2018","2505"
"Evolution des nombres d'établissements et de classes du post-primaire et du secondaire général des secteurs public et privé par région","Hauts-Bassins","Classes","Nombre","2019","2803"
"Evolution des nombres d'établissements et de classes du post-primaire et du secondaire général des secteurs public et privé par région","Hauts-Bassins","Classes","Nombre","2020","3066"
"Evolution des nombres d'établissements et de classes du post-primaire et du secondaire général des secteurs public et privé par région","Hauts-Bassins","Classes","Nombre","2021","2151"
"Evolution des nombres d'établissements et de classes du post-primaire et du secondaire général des secteurs public et privé par région","Hauts-Bassins","Classes","Nombre","2022","2256"
"Evolution des nombres d'établissements et de classes du post-primaire et du secondaire général des secteurs public et privé par région","Nord","Etablissements","Nombre","1997","18"
"Evolution des nombres d'établissements et de classes du post-primaire et du secondaire général des secteurs public et privé par région","Nord","Etablissements","Nombre","1998","24"
"Evolution des nombres d'établissements et de classes du post-primaire et du secondaire général des secteurs public et privé par région","Nord","Etablissements","Nombre","1999","26"
"Evolution des nombres d'établissements et de classes du post-primaire et du secondaire général des secteurs public et privé par région","Nord","Etablissements","Nombre","2000","26"
"Evolution des nombres d'établissements et de classes du post-primaire et du secondaire général des secteurs public et privé par région","Nord","Etablissements","Nombre","2001","29"
"Evolution des nombres d'établissements et de classes du post-primaire et du secondaire général des secteurs public et privé par région","Nord","Etablissements","Nombre","2002","32"
"Evolution des nombres d'établissements et de classes du post-primaire et du secondaire général des secteurs public et privé par région","Nord","Etablissements","Nombre","2003","33"
"Evolution des nombres d'établissements et de classes du post-primaire et du secondaire général des secteurs public et privé par région","Nord","Etablissements","Nombre","2004","35"
"Evolution des nombres d'établissements et de classes du post-primaire et du secondaire général des secteurs public et privé par région","Nord","Etablissements","Nombre","2005","38"
"Evolution des nombres d'établissements et de classes du post-primaire et du secondaire général des secteurs public et privé par région","Nord","Etablissements","Nombre","2006","41"
"Evolution des nombres d'établissements et de classes du post-primaire et du secondaire général des secteurs public et privé par région","Nord","Etablissements","Nombre","2007","47"
"Evolution des nombres d'établissements et de classes du post-primaire et du secondaire général des secteurs public et privé par région","Nord","Etablissements","Nombre","2008","61"
"Evolution des nombres d'établissements et de classes du post-primaire et du secondaire général des secteurs public et privé par région","Nord","Etablissements","Nombre","2009","75"
"Evolution des nombres d'établissements et de classes du post-primaire et du secondaire général des secteurs public et privé par région","Nord","Etablissements","Nombre","2010","94"
"Evolution des nombres d'établissements et de classes du post-primaire et du secondaire général des secteurs public et privé par région","Nord","Etablissements","Nombre","2011","117"
"Evolution des nombres d'établissements et de classes du post-primaire et du secondaire général des secteurs public et privé par région","Nord","Etablissements","Nombre","2012","121"
"Evolution des nombres d'établissements et de classes du post-primaire et du secondaire général des secteurs public et privé par région","Nord","Etablissements","Nombre","2013","118"
"Evolution des nombres d'établissements et de classes du post-primaire et du secondaire général des secteurs public et privé par région","Nord","Etablissements","Nombre","2014","141"
"Evolution des nombres d'établissements et de classes du post-primaire et du secondaire général des secteurs public et privé par région","Nord","Etablissements","Nombre","2015","195"
"Evolution des nombres d'établissements et de classes du post-primaire et du secondaire général des secteurs public et privé par région","Nord","Etablissements","Nombre","2016","237"
"Evolution des nombres d'établissements et de classes du post-primaire et du secondaire général des secteurs public et privé par région","Nord","Etablissements","Nombre","2017","244"
"Evolution des nombres d'établissements et de classes du post-primaire et du secondaire général des secteurs public et privé par région","Nord","Etablissements","Nombre","2018","267"
"Evolution des nombres d'établissements et de classes du post-primaire et du secondaire général des secteurs public et privé par région","Nord","Etablissements","Nombre","2019","280"
"Evolution des nombres d'établissements et de classes du post-primaire et du secondaire général des secteurs public et privé par région","Nord","Etablissements","Nombre","2020","276"
"Evolution des nombres d'établissements et de classes du post-primaire et du secondaire général des secteurs public et privé par région","Nord","Etablissements","Nombre","2021","120"
"Evolution des nombres d'établissements et de classes du post-primaire et du secondaire général des secteurs public et privé par région","Nord","Etablissements","Nombre","2022","121"
"Evolution des nombres d'établissements et de classes du post-primaire et du secondaire général des secteurs public et privé par région","Nord","Classes","Nombre","1997","156"
"Evolution des nombres d'établissements et de classes du post-primaire et du secondaire général des secteurs public et privé par région","Nord","Classes","Nombre","1998","176"
"Evolution des nombres d'établissements et de classes du post-primaire et du secondaire général des secteurs public et privé par région","Nord","Classes","Nombre","1999","195"
"Evolution des nombres d'établissements et de classes du post-primaire et du secondaire général des secteurs public et privé par région","Nord","Classes","Nombre","2000","201"
"Evolution des nombres d'établissements et de classes du post-primaire et du secondaire général des secteurs public et privé par région","Nord","Classes","Nombre","2001","220"
"Evolution des nombres d'établissements et de classes du post-primaire et du secondaire général des secteurs public et privé par région","Nord","Classes","Nombre","2002","240"
"Evolution des nombres d'établissements et de classes du post-primaire et du secondaire général des secteurs public et privé par région","Nord","Classes","Nombre","2003","243"
"Evolution des nombres d'établissements et de classes du post-primaire et du secondaire général des secteurs public et privé par région","Nord","Classes","Nombre","2004","259"
"Evolution des nombres d'établissements et de classes du post-primaire et du secondaire général des secteurs public et privé par région","Nord","Classes","Nombre","2005","292"
"Evolution des nombres d'établissements et de classes du post-primaire et du secondaire général des secteurs public et privé par région","Nord","Classes","Nombre","2006","308"
"Evolution des nombres d'établissements et de classes du post-primaire et du secondaire général des secteurs public et privé par région","Nord","Classes","Nombre","2007","353"
"Evolution des nombres d'établissements et de classes du post-primaire et du secondaire général des secteurs public et privé par région","Nord","Classes","Nombre","2008","391"
"Evolution des nombres d'établissements et de classes du post-primaire et du secondaire général des secteurs public et privé par région","Nord","Classes","Nombre","2009","442"
"Evolution des nombres d'établissements et de classes du post-primaire et du secondaire général des secteurs public et privé par région","Nord","Classes","Nombre","2010","517"
"Evolution des nombres d'établissements et de classes du post-primaire et du secondaire général des secteurs public et privé par région","Nord","Classes","Nombre","2011","651"
"Evolution des nombres d'établissements et de classes du post-primaire et du secondaire général des secteurs public et privé par région","Nord","Classes","Nombre","2012","725"
"Evolution des nombres d'établissements et de classes du post-primaire et du secondaire général des secteurs public et privé par région","Nord","Classes","Nombre","2013","809"
"Evolution des nombres d'établissements et de classes du post-primaire et du secondaire général des secteurs public et privé par région","Nord","Classes","Nombre","2014","962"
"Evolution des nombres d'établissements et de classes du post-primaire et du secondaire général des secteurs public et privé par région","Nord","Classes","Nombre","2015","1183"
"Evolution des nombres d'établissements et de classes du post-primaire et du secondaire général des secteurs public et privé par région","Nord","Classes","Nombre","2016","1379"
"Evolution des nombres d'établissements et de classes du post-primaire et du secondaire général des secteurs public et privé par région","Nord","Classes","Nombre","2017","1510"
"Evolution des nombres d'établissements et de classes du post-primaire et du secondaire général des secteurs public et privé par région","Nord","Classes","Nombre","2018","1801"
"Evolution des nombres d'établissements et de classes du post-primaire et du secondaire général des secteurs public et privé par région","Nord","Classes","Nombre","2019","1887"
"Evolution des nombres d'établissements et de classes du post-primaire et du secondaire général des secteurs public et privé par région","Nord","Classes","Nombre","2020","1899"
"Evolution des nombres d'établissements et de classes du post-primaire et du secondaire général des secteurs public et privé par région","Nord","Classes","Nombre","2021","1221"
"Evolution des nombres d'établissements et de classes du post-primaire et du secondaire général des secteurs public et privé par région","Nord","Classes","Nombre","2022","1173"
"Evolution des nombres d'établissements et de classes du post-primaire et du secondaire général des secteurs public et privé par région","Plateau Central","Etablissements","Nombre","1997","11"
"Evolution des nombres d'établissements et de classes du post-primaire et du secondaire général des secteurs public et privé par région","Plateau Central","Etablissements","Nombre","1998","13"
"Evolution des nombres d'établissements et de classes du post-primaire et du secondaire général des secteurs public et privé par région","Plateau Central","Etablissements","Nombre","1999","14"
"Evolution des nombres d'établissements et de classes du post-primaire et du secondaire général des secteurs public et privé par région","Plateau Central","Etablissements","Nombre","2000","15"
"Evolution des nombres d'établissements et de classes du post-primaire et du secondaire général des secteurs public et privé par région","Plateau Central","Etablissements","Nombre","2001","15"
"Evolution des nombres d'établissements et de classes du post-primaire et du secondaire général des secteurs public et privé par région","Plateau Central","Etablissements","Nombre","2002","22"
"Evolution des nombres d'établissements et de classes du post-primaire et du secondaire général des secteurs public et privé par région","Plateau Central","Etablissements","Nombre","2003","21"
"Evolution des nombres d'établissements et de classes du post-primaire et du secondaire général des secteurs public et privé par région","Plateau Central","Etablissements","Nombre","2004","24"
"Evolution des nombres d'établissements et de classes du post-primaire et du secondaire général des secteurs public et privé par région","Plateau Central","Etablissements","Nombre","2005","25"
"Evolution des nombres d'établissements et de classes du post-primaire et du secondaire général des secteurs public et privé par région","Plateau Central","Etablissements","Nombre","2006","31"
"Evolution des nombres d'établissements et de classes du post-primaire et du secondaire général des secteurs public et privé par région","Plateau Central","Etablissements","Nombre","2007","33"
"Evolution des nombres d'établissements et de classes du post-primaire et du secondaire général des secteurs public et privé par région","Plateau Central","Etablissements","Nombre","2008","43"
"Evolution des nombres d'établissements et de classes du post-primaire et du secondaire général des secteurs public et privé par région","Plateau Central","Etablissements","Nombre","2009","52"
"Evolution des nombres d'établissements et de classes du post-primaire et du secondaire général des secteurs public et privé par région","Plateau Central","Etablissements","Nombre","2010","50"
"Evolution des nombres d'établissements et de classes du post-primaire et du secondaire général des secteurs public et privé par région","Plateau Central","Etablissements","Nombre","2011","63"
"Evolution des nombres d'établissements et de classes du post-primaire et du secondaire général des secteurs public et privé par région","Plateau Central","Etablissements","Nombre","2012","69"
"Evolution des nombres d'établissements et de classes du post-primaire et du secondaire général des secteurs public et privé par région","Plateau Central","Etablissements","Nombre","2013","63"
"Evolution des nombres d'établissements et de classes du post-primaire et du secondaire général des secteurs public et privé par région","Plateau Central","Etablissements","Nombre","2014","75"
"Evolution des nombres d'établissements et de classes du post-primaire et du secondaire général des secteurs public et privé par région","Plateau Central","Etablissements","Nombre","2015","100"
"Evolution des nombres d'établissements et de classes du post-primaire et du secondaire général des secteurs public et privé par région","Plateau Central","Etablissements","Nombre","2016","147"
"Evolution des nombres d'établissements et de classes du post-primaire et du secondaire général des secteurs public et privé par région","Plateau Central","Etablissements","Nombre","2017","180"
"Evolution des nombres d'établissements et de classes du post-primaire et du secondaire général des secteurs public et privé par région","Plateau Central","Etablissements","Nombre","2018","200"
"Evolution des nombres d'établissements et de classes du post-primaire et du secondaire général des secteurs public et privé par région","Plateau Central","Etablissements","Nombre","2019","228"
"Evolution des nombres d'établissements et de classes du post-primaire et du secondaire général des secteurs public et privé par région","Plateau Central","Etablissements","Nombre","2020","243"
"Evolution des nombres d'établissements et de classes du post-primaire et du secondaire général des secteurs public et privé par région","Plateau Central","Etablissements","Nombre","2021","75"
"Evolution des nombres d'établissements et de classes du post-primaire et du secondaire général des secteurs public et privé par région","Plateau Central","Etablissements","Nombre","2022","75"
"Evolution des nombres d'établissements et de classes du post-primaire et du secondaire général des secteurs public et privé par région","Plateau Central","Classes","Nombre","1997","86"
"Evolution des nombres d'établissements et de classes du post-primaire et du secondaire général des secteurs public et privé par région","Plateau Central","Classes","Nombre","1998","93"
"Evolution des nombres d'établissements et de classes du post-primaire et du secondaire général des secteurs public et privé par région","Plateau Central","Classes","Nombre","1999","95"
"Evolution des nombres d'établissements et de classes du post-primaire et du secondaire général des secteurs public et privé par région","Plateau Central","Classes","Nombre","2000","107"
"Evolution des nombres d'établissements et de classes du post-primaire et du secondaire général des secteurs public et privé par région","Plateau Central","Classes","Nombre","2001","107"
"Evolution des nombres d'établissements et de classes du post-primaire et du secondaire général des secteurs public et privé par région","Plateau Central","Classes","Nombre","2002","131"
"Evolution des nombres d'établissements et de classes du post-primaire et du secondaire général des secteurs public et privé par région","Plateau Central","Classes","Nombre","2003","137"
"Evolution des nombres d'établissements et de classes du post-primaire et du secondaire général des secteurs public et privé par région","Plateau Central","Classes","Nombre","2004","184"
"Evolution des nombres d'établissements et de classes du post-primaire et du secondaire général des secteurs public et privé par région","Plateau Central","Classes","Nombre","2005","215"
"Evolution des nombres d'établissements et de classes du post-primaire et du secondaire général des secteurs public et privé par région","Plateau Central","Classes","Nombre","2006","217"
"Evolution des nombres d'établissements et de classes du post-primaire et du secondaire général des secteurs public et privé par région","Plateau Central","Classes","Nombre","2007","208"
"Evolution des nombres d'établissements et de classes du post-primaire et du secondaire général des secteurs public et privé par région","Plateau Central","Classes","Nombre","2008","223"
"Evolution des nombres d'établissements et de classes du post-primaire et du secondaire général des secteurs public et privé par région","Plateau Central","Classes","Nombre","2009","262"
"Evolution des nombres d'établissements et de classes du post-primaire et du secondaire général des secteurs public et privé par région","Plateau Central","Classes","Nombre","2010","302"
"Evolution des nombres d'établissements et de classes du post-primaire et du secondaire général des secteurs public et privé par région","Plateau Central","Classes","Nombre","2011","385"
"Evolution des nombres d'établissements et de classes du post-primaire et du secondaire général des secteurs public et privé par région","Plateau Central","Classes","Nombre","2012","415"
"Evolution des nombres d'établissements et de classes du post-primaire et du secondaire général des secteurs public et privé par région","Plateau Central","Classes","Nombre","2013","486"
"Evolution des nombres d'établissements et de classes du post-primaire et du secondaire général des secteurs public et privé par région","Plateau Central","Classes","Nombre","2014","571"
"Evolution des nombres d'établissements et de classes du post-primaire et du secondaire général des secteurs public et privé par région","Plateau Central","Classes","Nombre","2015","731"
"Evolution des nombres d'établissements et de classes du post-primaire et du secondaire général des secteurs public et privé par région","Plateau Central","Classes","Nombre","2016","843"
"Evolution des nombres d'établissements et de classes du post-primaire et du secondaire général des secteurs public et privé par région","Plateau Central","Classes","Nombre","2017","985"
"Evolution des nombres d'établissements et de classes du post-primaire et du secondaire général des secteurs public et privé par région","Plateau Central","Classes","Nombre","2018","1163"
"Evolution des nombres d'établissements et de classes du post-primaire et du secondaire général des secteurs public et privé par région","Plateau Central","Classes","Nombre","2019","1298"
"Evolution des nombres d'établissements et de classes du post-primaire et du secondaire général des secteurs public et privé par région","Plateau Central","Classes","Nombre","2020","1371"
"Evolution des nombres d'établissements et de classes du post-primaire et du secondaire général des secteurs public et privé par région","Plateau Central","Classes","Nombre","2021","768"
"Evolution des nombres d'établissements et de classes du post-primaire et du secondaire général des secteurs public et privé par région","Plateau Central","Classes","Nombre","2022","736"
"Evolution des nombres d'établissements et de classes du post-primaire et du secondaire général des secteurs public et privé par région","Sahel","Etablissements","Nombre","1997","8"
"Evolution des nombres d'établissements et de classes du post-primaire et du secondaire général des secteurs public et privé par région","Sahel","Etablissements","Nombre","1998","9"
"Evolution des nombres d'établissements et de classes du post-primaire et du secondaire général des secteurs public et privé par région","Sahel","Etablissements","Nombre","1999","12"
"Evolution des nombres d'établissements et de classes du post-primaire et du secondaire général des secteurs public et privé par région","Sahel","Etablissements","Nombre","2000","12"
"Evolution des nombres d'établissements et de classes du post-primaire et du secondaire général des secteurs public et privé par région","Sahel","Etablissements","Nombre","2001","12"
"Evolution des nombres d'établissements et de classes du post-primaire et du secondaire général des secteurs public et privé par région","Sahel","Etablissements","Nombre","2002","15"
"Evolution des nombres d'établissements et de classes du post-primaire et du secondaire général des secteurs public et privé par région","Sahel","Etablissements","Nombre","2003","15"
"Evolution des nombres d'établissements et de classes du post-primaire et du secondaire général des secteurs public et privé par région","Sahel","Etablissements","Nombre","2004","15"
"Evolution des nombres d'établissements et de classes du post-primaire et du secondaire général des secteurs public et privé par région","Sahel","Etablissements","Nombre","2005","15"
"Evolution des nombres d'établissements et de classes du post-primaire et du secondaire général des secteurs public et privé par région","Sahel","Etablissements","Nombre","2006","16"
"Evolution des nombres d'établissements et de classes du post-primaire et du secondaire général des secteurs public et privé par région","Sahel","Etablissements","Nombre","2007","17"
"Evolution des nombres d'établissements et de classes du post-primaire et du secondaire général des secteurs public et privé par région","Sahel","Etablissements","Nombre","2008","24"
"Evolution des nombres d'établissements et de classes du post-primaire et du secondaire général des secteurs public et privé par région","Sahel","Etablissements","Nombre","2009","33"
"Evolution des nombres d'établissements et de classes du post-primaire et du secondaire général des secteurs public et privé par région","Sahel","Etablissements","Nombre","2010","43"
"Evolution des nombres d'établissements et de classes du post-primaire et du secondaire général des secteurs public et privé par région","Sahel","Etablissements","Nombre","2011","47"
"Evolution des nombres d'établissements et de classes du post-primaire et du secondaire général des secteurs public et privé par région","Sahel","Etablissements","Nombre","2012","46"
"Evolution des nombres d'établissements et de classes du post-primaire et du secondaire général des secteurs public et privé par région","Sahel","Etablissements","Nombre","2013","50"
"Evolution des nombres d'établissements et de classes du post-primaire et du secondaire général des secteurs public et privé par région","Sahel","Etablissements","Nombre","2014","50"
"Evolution des nombres d'établissements et de classes du post-primaire et du secondaire général des secteurs public et privé par région","Sahel","Etablissements","Nombre","2015","83"
"Evolution des nombres d'établissements et de classes du post-primaire et du secondaire général des secteurs public et privé par région","Sahel","Etablissements","Nombre","2016","90"
"Evolution des nombres d'établissements et de classes du post-primaire et du secondaire général des secteurs public et privé par région","Sahel","Etablissements","Nombre","2017","98"
"Evolution des nombres d'établissements et de classes du post-primaire et du secondaire général des secteurs public et privé par région","Sahel","Etablissements","Nombre","2018","84"
"Evolution des nombres d'établissements et de classes du post-primaire et du secondaire général des secteurs public et privé par région","Sahel","Etablissements","Nombre","2019","58"
"Evolution des nombres d'établissements et de classes du post-primaire et du secondaire général des secteurs public et privé par région","Sahel","Etablissements","Nombre","2020","37"
"Evolution des nombres d'établissements et de classes du post-primaire et du secondaire général des secteurs public et privé par région","Sahel","Etablissements","Nombre","2021","17"
"Evolution des nombres d'établissements et de classes du post-primaire et du secondaire général des secteurs public et privé par région","Sahel","Etablissements","Nombre","2022","17"
"Evolution des nombres d'établissements et de classes du post-primaire et du secondaire général des secteurs public et privé par région","Sahel","Classes","Nombre","1997","48"
"Evolution des nombres d'établissements et de classes du post-primaire et du secondaire général des secteurs public et privé par région","Sahel","Classes","Nombre","1998","51"
"Evolution des nombres d'établissements et de classes du post-primaire et du secondaire général des secteurs public et privé par région","Sahel","Classes","Nombre","1999","55"
"Evolution des nombres d'établissements et de classes du post-primaire et du secondaire général des secteurs public et privé par région","Sahel","Classes","Nombre","2000","61"
"Evolution des nombres d'établissements et de classes du post-primaire et du secondaire général des secteurs public et privé par région","Sahel","Classes","Nombre","2001","64"
"Evolution des nombres d'établissements et de classes du post-primaire et du secondaire général des secteurs public et privé par région","Sahel","Classes","Nombre","2002","78"
"Evolution des nombres d'établissements et de classes du post-primaire et du secondaire général des secteurs public et privé par région","Sahel","Classes","Nombre","2003","81"
"Evolution des nombres d'établissements et de classes du post-primaire et du secondaire général des secteurs public et privé par région","Sahel","Classes","Nombre","2004","92"
"Evolution des nombres d'établissements et de classes du post-primaire et du secondaire général des secteurs public et privé par région","Sahel","Classes","Nombre","2005","94"
"Evolution des nombres d'établissements et de classes du post-primaire et du secondaire général des secteurs public et privé par région","Sahel","Classes","Nombre","2006","100"
"Evolution des nombres d'établissements et de classes du post-primaire et du secondaire général des secteurs public et privé par région","Sahel","Classes","Nombre","2007","106"
"Evolution des nombres d'établissements et de classes du post-primaire et du secondaire général des secteurs public et privé par région","Sahel","Classes","Nombre","2008","121"
"Evolution des nombres d'établissements et de classes du post-primaire et du secondaire général des secteurs public et privé par région","Sahel","Classes","Nombre","2009","142"
"Evolution des nombres d'établissements et de classes du post-primaire et du secondaire général des secteurs public et privé par région","Sahel","Classes","Nombre","2010","179"
"Evolution des nombres d'établissements et de classes du post-primaire et du secondaire général des secteurs public et privé par région","Sahel","Classes","Nombre","2011","204"
"Evolution des nombres d'établissements et de classes du post-primaire et du secondaire général des secteurs public et privé par région","Sahel","Classes","Nombre","2012","233"
"Evolution des nombres d'établissements et de classes du post-primaire et du secondaire général des secteurs public et privé par région","Sahel","Classes","Nombre","2013","258"
"Evolution des nombres d'établissements et de classes du post-primaire et du secondaire général des secteurs public et privé par région","Sahel","Classes","Nombre","2014","271"
"Evolution des nombres d'établissements et de classes du post-primaire et du secondaire général des secteurs public et privé par région","Sahel","Classes","Nombre","2015","345"
"Evolution des nombres d'établissements et de classes du post-primaire et du secondaire général des secteurs public et privé par région","Sahel","Classes","Nombre","2016","397"
"Evolution des nombres d'établissements et de classes du post-primaire et du secondaire général des secteurs public et privé par région","Sahel","Classes","Nombre","2017","458"
"Evolution des nombres d'établissements et de classes du post-primaire et du secondaire général des secteurs public et privé par région","Sahel","Classes","Nombre","2018","465"
"Evolution des nombres d'établissements et de classes du post-primaire et du secondaire général des secteurs public et privé par région","Sahel","Classes","Nombre","2019","349"
"Evolution des nombres d'établissements et de classes du post-primaire et du secondaire général des secteurs public et privé par région","Sahel","Classes","Nombre","2020","267"
"Evolution des nombres d'établissements et de classes du post-primaire et du secondaire général des secteurs public et privé par région","Sahel","Classes","Nombre","2021","202"
"Evolution des nombres d'établissements et de classes du post-primaire et du secondaire général des secteurs public et privé par région","Sahel","Classes","Nombre","2022","194"
"Evolution des nombres d'établissements et de classes du post-primaire et du secondaire général des secteurs public et privé par région","Sud-Ouest","Etablissements","Nombre","1997","13"
"Evolution des nombres d'établissements et de classes du post-primaire et du secondaire général des secteurs public et privé par région","Sud-Ouest","Etablissements","Nombre","1998","14"
"Evolution des nombres d'établissements et de classes du post-primaire et du secondaire général des secteurs public et privé par région","Sud-Ouest","Etablissements","Nombre","1999","15"
"Evolution des nombres d'établissements et de classes du post-primaire et du secondaire général des secteurs public et privé par région","Sud-Ouest","Etablissements","Nombre","2000","16"
"Evolution des nombres d'établissements et de classes du post-primaire et du secondaire général des secteurs public et privé par région","Sud-Ouest","Etablissements","Nombre","2001","19"
"Evolution des nombres d'établissements et de classes du post-primaire et du secondaire général des secteurs public et privé par région","Sud-Ouest","Etablissements","Nombre","2002","22"
"Evolution des nombres d'établissements et de classes du post-primaire et du secondaire général des secteurs public et privé par région","Sud-Ouest","Etablissements","Nombre","2003","23"
"Evolution des nombres d'établissements et de classes du post-primaire et du secondaire général des secteurs public et privé par région","Sud-Ouest","Etablissements","Nombre","2004","23"
"Evolution des nombres d'établissements et de classes du post-primaire et du secondaire général des secteurs public et privé par région","Sud-Ouest","Etablissements","Nombre","2005","23"
"Evolution des nombres d'établissements et de classes du post-primaire et du secondaire général des secteurs public et privé par région","Sud-Ouest","Etablissements","Nombre","2006","23"
"Evolution des nombres d'établissements et de classes du post-primaire et du secondaire général des secteurs public et privé par région","Sud-Ouest","Etablissements","Nombre","2007","28"
"Evolution des nombres d'établissements et de classes du post-primaire et du secondaire général des secteurs public et privé par région","Sud-Ouest","Etablissements","Nombre","2008","42"
"Evolution des nombres d'établissements et de classes du post-primaire et du secondaire général des secteurs public et privé par région","Sud-Ouest","Etablissements","Nombre","2009","48"
"Evolution des nombres d'établissements et de classes du post-primaire et du secondaire général des secteurs public et privé par région","Sud-Ouest","Etablissements","Nombre","2010","51"
"Evolution des nombres d'établissements et de classes du post-primaire et du secondaire général des secteurs public et privé par région","Sud-Ouest","Etablissements","Nombre","2011","57"
"Evolution des nombres d'établissements et de classes du post-primaire et du secondaire général des secteurs public et privé par région","Sud-Ouest","Etablissements","Nombre","2012","63"
"Evolution des nombres d'établissements et de classes du post-primaire et du secondaire général des secteurs public et privé par région","Sud-Ouest","Etablissements","Nombre","2013","59"
"Evolution des nombres d'établissements et de classes du post-primaire et du secondaire général des secteurs public et privé par région","Sud-Ouest","Etablissements","Nombre","2014","63"
"Evolution des nombres d'établissements et de classes du post-primaire et du secondaire général des secteurs public et privé par région","Sud-Ouest","Etablissements","Nombre","2015","127"
"Evolution des nombres d'établissements et de classes du post-primaire et du secondaire général des secteurs public et privé par région","Sud-Ouest","Etablissements","Nombre","2016","153"
"Evolution des nombres d'établissements et de classes du post-primaire et du secondaire général des secteurs public et privé par région","Sud-Ouest","Etablissements","Nombre","2017","164"
"Evolution des nombres d'établissements et de classes du post-primaire et du secondaire général des secteurs public et privé par région","Sud-Ouest","Etablissements","Nombre","2018","173"
"Evolution des nombres d'établissements et de classes du post-primaire et du secondaire général des secteurs public et privé par région","Sud-Ouest","Etablissements","Nombre","2019","177"
"Evolution des nombres d'établissements et de classes du post-primaire et du secondaire général des secteurs public et privé par région","Sud-Ouest","Etablissements","Nombre","2020","183"
"Evolution des nombres d'établissements et de classes du post-primaire et du secondaire général des secteurs public et privé par région","Sud-Ouest","Etablissements","Nombre","2021","65"
"Evolution des nombres d'établissements et de classes du post-primaire et du secondaire général des secteurs public et privé par région","Sud-Ouest","Etablissements","Nombre","2022","65"
"Evolution des nombres d'établissements et de classes du post-primaire et du secondaire général des secteurs public et privé par région","Sud-Ouest","Classes","Nombre","1997","90"
"Evolution des nombres d'établissements et de classes du post-primaire et du secondaire général des secteurs public et privé par région","Sud-Ouest","Classes","Nombre","1998","96"
"Evolution des nombres d'établissements et de classes du post-primaire et du secondaire général des secteurs public et privé par région","Sud-Ouest","Classes","Nombre","1999","101"
"Evolution des nombres d'établissements et de classes du post-primaire et du secondaire général des secteurs public et privé par région","Sud-Ouest","Classes","Nombre","2000","104"
"Evolution des nombres d'établissements et de classes du post-primaire et du secondaire général des secteurs public et privé par région","Sud-Ouest","Classes","Nombre","2001","108"
"Evolution des nombres d'établissements et de classes du post-primaire et du secondaire général des secteurs public et privé par région","Sud-Ouest","Classes","Nombre","2002","111"
"Evolution des nombres d'établissements et de classes du post-primaire et du secondaire général des secteurs public et privé par région","Sud-Ouest","Classes","Nombre","2003","130"
"Evolution des nombres d'établissements et de classes du post-primaire et du secondaire général des secteurs public et privé par région","Sud-Ouest","Classes","Nombre","2004","147"
"Evolution des nombres d'établissements et de classes du post-primaire et du secondaire général des secteurs public et privé par région","Sud-Ouest","Classes","Nombre","2005","153"
"Evolution des nombres d'établissements et de classes du post-primaire et du secondaire général des secteurs public et privé par région","Sud-Ouest","Classes","Nombre","2006","169"
"Evolution des nombres d'établissements et de classes du post-primaire et du secondaire général des secteurs public et privé par région","Sud-Ouest","Classes","Nombre","2007","189"
"Evolution des nombres d'établissements et de classes du post-primaire et du secondaire général des secteurs public et privé par région","Sud-Ouest","Classes","Nombre","2008","220"
"Evolution des nombres d'établissements et de classes du post-primaire et du secondaire général des secteurs public et privé par région","Sud-Ouest","Classes","Nombre","2009","255"
"Evolution des nombres d'établissements et de classes du post-primaire et du secondaire général des secteurs public et privé par région","Sud-Ouest","Classes","Nombre","2010","294"
"Evolution des nombres d'établissements et de classes du post-primaire et du secondaire général des secteurs public et privé par région","Sud-Ouest","Classes","Nombre","2011","342"
"Evolution des nombres d'établissements et de classes du post-primaire et du secondaire général des secteurs public et privé par région","Sud-Ouest","Classes","Nombre","2012","381"
"Evolution des nombres d'établissements et de classes du post-primaire et du secondaire général des secteurs public et privé par région","Sud-Ouest","Classes","Nombre","2013","423"
"Evolution des nombres d'établissements et de classes du post-primaire et du secondaire général des secteurs public et privé par région","Sud-Ouest","Classes","Nombre","2014","478"
"Evolution des nombres d'établissements et de classes du post-primaire et du secondaire général des secteurs public et privé par région","Sud-Ouest","Classes","Nombre","2015","612"
"Evolution des nombres d'établissements et de classes du post-primaire et du secondaire général des secteurs public et privé par région","Sud-Ouest","Classes","Nombre","2016","685"
"Evolution des nombres d'établissements et de classes du post-primaire et du secondaire général des secteurs public et privé par région","Sud-Ouest","Classes","Nombre","2017","818"
"Evolution des nombres d'établissements et de classes du post-primaire et du secondaire général des secteurs public et privé par région","Sud-Ouest","Classes","Nombre","2018","923"
"Evolution des nombres d'établissements et de classes du post-primaire et du secondaire général des secteurs public et privé par région","Sud-Ouest","Classes","Nombre","2019","959"
"Evolution des nombres d'établissements et de classes du post-primaire et du secondaire général des secteurs public et privé par région","Sud-Ouest","Classes","Nombre","2020","1022"
"Evolution des nombres d'établissements et de classes du post-primaire et du secondaire général des secteurs public et privé par région","Sud-Ouest","Classes","Nombre","2021","595"
"Evolution des nombres d'établissements et de classes du post-primaire et du secondaire général des secteurs public et privé par région","Sud-Ouest","Classes","Nombre","2022","589"
"Evolution des nombres d'établissements et de classes du post-primaire et du secondaire général des secteurs public et privé par région","Burkina Faso","Etablissements","Nombre","1997","272"
"Evolution des nombres d'établissements et de classes du post-primaire et du secondaire général des secteurs public et privé par région","Burkina Faso","Etablissements","Nombre","1998","307"
"Evolution des nombres d'établissements et de classes du post-primaire et du secondaire général des secteurs public et privé par région","Burkina Faso","Etablissements","Nombre","1999","330"
"Evolution des nombres d'établissements et de classes du post-primaire et du secondaire général des secteurs public et privé par région","Burkina Faso","Etablissements","Nombre","2000","351"
"Evolution des nombres d'établissements et de classes du post-primaire et du secondaire général des secteurs public et privé par région","Burkina Faso","Etablissements","Nombre","2001","377"
"Evolution des nombres d'établissements et de classes du post-primaire et du secondaire général des secteurs public et privé par région","Burkina Faso","Etablissements","Nombre","2002","431"
"Evolution des nombres d'établissements et de classes du post-primaire et du secondaire général des secteurs public et privé par région","Burkina Faso","Etablissements","Nombre","2003","463"
"Evolution des nombres d'établissements et de classes du post-primaire et du secondaire général des secteurs public et privé par région","Burkina Faso","Etablissements","Nombre","2004","497"
"Evolution des nombres d'établissements et de classes du post-primaire et du secondaire général des secteurs public et privé par région","Burkina Faso","Etablissements","Nombre","2005","548"
"Evolution des nombres d'établissements et de classes du post-primaire et du secondaire général des secteurs public et privé par région","Burkina Faso","Etablissements","Nombre","2006","596"
"Evolution des nombres d'établissements et de classes du post-primaire et du secondaire général des secteurs public et privé par région","Burkina Faso","Etablissements","Nombre","2007","662"
"Evolution des nombres d'établissements et de classes du post-primaire et du secondaire général des secteurs public et privé par région","Burkina Faso","Etablissements","Nombre","2008","904"
"Evolution des nombres d'établissements et de classes du post-primaire et du secondaire général des secteurs public et privé par région","Burkina Faso","Etablissements","Nombre","2009","1041"
"Evolution des nombres d'établissements et de classes du post-primaire et du secondaire général des secteurs public et privé par région","Burkina Faso","Etablissements","Nombre","2010","1145"
"Evolution des nombres d'établissements et de classes du post-primaire et du secondaire général des secteurs public et privé par région","Burkina Faso","Etablissements","Nombre","2011","1291"
"Evolution des nombres d'établissements et de classes du post-primaire et du secondaire général des secteurs public et privé par région","Burkina Faso","Etablissements","Nombre","2012","1444"
"Evolution des nombres d'établissements et de classes du post-primaire et du secondaire général des secteurs public et privé par région","Burkina Faso","Etablissements","Nombre","2013","1396"
"Evolution des nombres d'établissements et de classes du post-primaire et du secondaire général des secteurs public et privé par région","Burkina Faso","Etablissements","Nombre","2014","1598"
"Evolution des nombres d'établissements et de classes du post-primaire et du secondaire général des secteurs public et privé par région","Burkina Faso","Etablissements","Nombre","2015","2462"
"Evolution des nombres d'établissements et de classes du post-primaire et du secondaire général des secteurs public et privé par région","Burkina Faso","Etablissements","Nombre","2016","3065"
"Evolution des nombres d'établissements et de classes du post-primaire et du secondaire général des secteurs public et privé par région","Burkina Faso","Etablissements","Nombre","2017","3421"
"Evolution des nombres d'établissements et de classes du post-primaire et du secondaire général des secteurs public et privé par région","Burkina Faso","Etablissements","Nombre","2018","3660"
"Evolution des nombres d'établissements et de classes du post-primaire et du secondaire général des secteurs public et privé par région","Burkina Faso","Etablissements","Nombre","2019","3706"
"Evolution des nombres d'établissements et de classes du post-primaire et du secondaire général des secteurs public et privé par région","Burkina Faso","Etablissements","Nombre","2020","3938"
"Evolution des nombres d'établissements et de classes du post-primaire et du secondaire général des secteurs public et privé par région","Burkina Faso","Etablissements","Nombre","2021","1523"
"Evolution des nombres d'établissements et de classes du post-primaire et du secondaire général des secteurs public et privé par région","Burkina Faso","Etablissements","Nombre","2022","1522"
"Evolution des nombres d'établissements et de classes du post-primaire et du secondaire général des secteurs public et privé par région","Burkina Faso","Classes","Nombre","1997","2436"
"Evolution des nombres d'établissements et de classes du post-primaire et du secondaire général des secteurs public et privé par région","Burkina Faso","Classes","Nombre","1998","2555"
"Evolution des nombres d'établissements et de classes du post-primaire et du secondaire général des secteurs public et privé par région","Burkina Faso","Classes","Nombre","1999","2646"
"Evolution des nombres d'établissements et de classes du post-primaire et du secondaire général des secteurs public et privé par région","Burkina Faso","Classes","Nombre","2000","2837"
"Evolution des nombres d'établissements et de classes du post-primaire et du secondaire général des secteurs public et privé par région","Burkina Faso","Classes","Nombre","2001","2955"
"Evolution des nombres d'établissements et de classes du post-primaire et du secondaire général des secteurs public et privé par région","Burkina Faso","Classes","Nombre","2002","3157"
"Evolution des nombres d'établissements et de classes du post-primaire et du secondaire général des secteurs public et privé par région","Burkina Faso","Classes","Nombre","2003","3501"
"Evolution des nombres d'établissements et de classes du post-primaire et du secondaire général des secteurs public et privé par région","Burkina Faso","Classes","Nombre","2004","4044"
"Evolution des nombres d'établissements et de classes du post-primaire et du secondaire général des secteurs public et privé par région","Burkina Faso","Classes","Nombre","2005","4539"
"Evolution des nombres d'établissements et de classes du post-primaire et du secondaire général des secteurs public et privé par région","Burkina Faso","Classes","Nombre","2006","4860"
"Evolution des nombres d'établissements et de classes du post-primaire et du secondaire général des secteurs public et privé par région","Burkina Faso","Classes","Nombre","2007","5001"
"Evolution des nombres d'établissements et de classes du post-primaire et du secondaire général des secteurs public et privé par région","Burkina Faso","Classes","Nombre","2008","5610"
"Evolution des nombres d'établissements et de classes du post-primaire et du secondaire général des secteurs public et privé par région","Burkina Faso","Classes","Nombre","2009","6198"
"Evolution des nombres d'établissements et de classes du post-primaire et du secondaire général des secteurs public et privé par région","Burkina Faso","Classes","Nombre","2010","7106"
"Evolution des nombres d'établissements et de classes du post-primaire et du secondaire général des secteurs public et privé par région","Burkina Faso","Classes","Nombre","2011","8075"
"Evolution des nombres d'établissements et de classes du post-primaire et du secondaire général des secteurs public et privé par région","Burkina Faso","Classes","Nombre","2012","9071"
"Evolution des nombres d'établissements et de classes du post-primaire et du secondaire général des secteurs public et privé par région","Burkina Faso","Classes","Nombre","2013","10275"
"Evolution des nombres d'établissements et de classes du post-primaire et du secondaire général des secteurs public et privé par région","Burkina Faso","Classes","Nombre","2014","11832"
"Evolution des nombres d'établissements et de classes du post-primaire et du secondaire général des secteurs public et privé par région","Burkina Faso","Classes","Nombre","2015","14514"
"Evolution des nombres d'établissements et de classes du post-primaire et du secondaire général des secteurs public et privé par région","Burkina Faso","Classes","Nombre","2016","16941"
"Evolution des nombres d'établissements et de classes du post-primaire et du secondaire général des secteurs public et privé par région","Burkina Faso","Classes","Nombre","2017","19417"
"Evolution des nombres d'établissements et de classes du post-primaire et du secondaire général des secteurs public et privé par région","Burkina Faso","Classes","Nombre","2018","21992"
"Evolution des nombres d'établissements et de classes du post-primaire et du secondaire général des secteurs public et privé par région","Burkina Faso","Classes","Nombre","2019","23754"
"Evolution des nombres d'établissements et de classes du post-primaire et du secondaire général des secteurs public et privé par région","Burkina Faso","Classes","Nombre","2020","25073"
"Evolution des nombres d'établissements et de classes du post-primaire et du secondaire général des secteurs public et privé par région","Burkina Faso","Classes","Nombre","2021","16261"
"Evolution des nombres d'établissements et de classes du post-primaire et du secondaire général des secteurs public et privé par région","Burkina Faso","Classes","Nombre","2022","15759"
