"indicateur","region","rubrique","Unit","Date","Value"
"Evolution des nombres d'établissements et de classes  de l'enseignement secondaire technique et professionnel des secteurs public et privé par région","Boucle du Mouhoun","Etablissements","Nombre","1997","3"
"Evolution des nombres d'établissements et de classes  de l'enseignement secondaire technique et professionnel des secteurs public et privé par région","Boucle du Mouhoun","Etablissements","Nombre","1998","5"
"Evolution des nombres d'établissements et de classes  de l'enseignement secondaire technique et professionnel des secteurs public et privé par région","Boucle du Mouhoun","Etablissements","Nombre","1999","4"
"Evolution des nombres d'établissements et de classes  de l'enseignement secondaire technique et professionnel des secteurs public et privé par région","Boucle du Mouhoun","Etablissements","Nombre","2000","4"
"Evolution des nombres d'établissements et de classes  de l'enseignement secondaire technique et professionnel des secteurs public et privé par région","Boucle du Mouhoun","Etablissements","Nombre","2001","4"
"Evolution des nombres d'établissements et de classes  de l'enseignement secondaire technique et professionnel des secteurs public et privé par région","Boucle du Mouhoun","Etablissements","Nombre","2002","4"
"Evolution des nombres d'établissements et de classes  de l'enseignement secondaire technique et professionnel des secteurs public et privé par région","Boucle du Mouhoun","Etablissements","Nombre","2003","4"
"Evolution des nombres d'établissements et de classes  de l'enseignement secondaire technique et professionnel des secteurs public et privé par région","Boucle du Mouhoun","Etablissements","Nombre","2004","3"
"Evolution des nombres d'établissements et de classes  de l'enseignement secondaire technique et professionnel des secteurs public et privé par région","Boucle du Mouhoun","Etablissements","Nombre","2005","3"
"Evolution des nombres d'établissements et de classes  de l'enseignement secondaire technique et professionnel des secteurs public et privé par région","Boucle du Mouhoun","Etablissements","Nombre","2006","3"
"Evolution des nombres d'établissements et de classes  de l'enseignement secondaire technique et professionnel des secteurs public et privé par région","Boucle du Mouhoun","Etablissements","Nombre","2007","3"
"Evolution des nombres d'établissements et de classes  de l'enseignement secondaire technique et professionnel des secteurs public et privé par région","Boucle du Mouhoun","Etablissements","Nombre","2008","4"
"Evolution des nombres d'établissements et de classes  de l'enseignement secondaire technique et professionnel des secteurs public et privé par région","Boucle du Mouhoun","Etablissements","Nombre","2009","5"
"Evolution des nombres d'établissements et de classes  de l'enseignement secondaire technique et professionnel des secteurs public et privé par région","Boucle du Mouhoun","Etablissements","Nombre","2010","3"
"Evolution des nombres d'établissements et de classes  de l'enseignement secondaire technique et professionnel des secteurs public et privé par région","Boucle du Mouhoun","Etablissements","Nombre","2011","4"
"Evolution des nombres d'établissements et de classes  de l'enseignement secondaire technique et professionnel des secteurs public et privé par région","Boucle du Mouhoun","Etablissements","Nombre","2012","6"
"Evolution des nombres d'établissements et de classes  de l'enseignement secondaire technique et professionnel des secteurs public et privé par région","Boucle du Mouhoun","Etablissements","Nombre","2013","5"
"Evolution des nombres d'établissements et de classes  de l'enseignement secondaire technique et professionnel des secteurs public et privé par région","Boucle du Mouhoun","Etablissements","Nombre","2014","4"
"Evolution des nombres d'établissements et de classes  de l'enseignement secondaire technique et professionnel des secteurs public et privé par région","Boucle du Mouhoun","Etablissements","Nombre","2015","5"
"Evolution des nombres d'établissements et de classes  de l'enseignement secondaire technique et professionnel des secteurs public et privé par région","Boucle du Mouhoun","Etablissements","Nombre","2016","8"
"Evolution des nombres d'établissements et de classes  de l'enseignement secondaire technique et professionnel des secteurs public et privé par région","Boucle du Mouhoun","Etablissements","Nombre","2017","8"
"Evolution des nombres d'établissements et de classes  de l'enseignement secondaire technique et professionnel des secteurs public et privé par région","Boucle du Mouhoun","Etablissements","Nombre","2018","7"
"Evolution des nombres d'établissements et de classes  de l'enseignement secondaire technique et professionnel des secteurs public et privé par région","Boucle du Mouhoun","Etablissements","Nombre","2019","7"
"Evolution des nombres d'établissements et de classes  de l'enseignement secondaire technique et professionnel des secteurs public et privé par région","Boucle du Mouhoun","Etablissements","Nombre","2020","7"
"Evolution des nombres d'établissements et de classes  de l'enseignement secondaire technique et professionnel des secteurs public et privé par région","Boucle du Mouhoun","Etablissements","Nombre","2021","11"
"Evolution des nombres d'établissements et de classes  de l'enseignement secondaire technique et professionnel des secteurs public et privé par région","Boucle du Mouhoun","Etablissements","Nombre","2022","11"
"Evolution des nombres d'établissements et de classes  de l'enseignement secondaire technique et professionnel des secteurs public et privé par région","Boucle du Mouhoun","Etablissements","Nombre","2023","11"
"Evolution des nombres d'établissements et de classes  de l'enseignement secondaire technique et professionnel des secteurs public et privé par région","Boucle du Mouhoun","Classes","Nombre","1997","16"
"Evolution des nombres d'établissements et de classes  de l'enseignement secondaire technique et professionnel des secteurs public et privé par région","Boucle du Mouhoun","Classes","Nombre","1998","11"
"Evolution des nombres d'établissements et de classes  de l'enseignement secondaire technique et professionnel des secteurs public et privé par région","Boucle du Mouhoun","Classes","Nombre","1999","18"
"Evolution des nombres d'établissements et de classes  de l'enseignement secondaire technique et professionnel des secteurs public et privé par région","Boucle du Mouhoun","Classes","Nombre","2000","20"
"Evolution des nombres d'établissements et de classes  de l'enseignement secondaire technique et professionnel des secteurs public et privé par région","Boucle du Mouhoun","Classes","Nombre","2001","20"
"Evolution des nombres d'établissements et de classes  de l'enseignement secondaire technique et professionnel des secteurs public et privé par région","Boucle du Mouhoun","Classes","Nombre","2002","20"
"Evolution des nombres d'établissements et de classes  de l'enseignement secondaire technique et professionnel des secteurs public et privé par région","Boucle du Mouhoun","Classes","Nombre","2003","20"
"Evolution des nombres d'établissements et de classes  de l'enseignement secondaire technique et professionnel des secteurs public et privé par région","Boucle du Mouhoun","Classes","Nombre","2004","14"
"Evolution des nombres d'établissements et de classes  de l'enseignement secondaire technique et professionnel des secteurs public et privé par région","Boucle du Mouhoun","Classes","Nombre","2005","14"
"Evolution des nombres d'établissements et de classes  de l'enseignement secondaire technique et professionnel des secteurs public et privé par région","Boucle du Mouhoun","Classes","Nombre","2006","13"
"Evolution des nombres d'établissements et de classes  de l'enseignement secondaire technique et professionnel des secteurs public et privé par région","Boucle du Mouhoun","Classes","Nombre","2007","20"
"Evolution des nombres d'établissements et de classes  de l'enseignement secondaire technique et professionnel des secteurs public et privé par région","Boucle du Mouhoun","Classes","Nombre","2008","15"
"Evolution des nombres d'établissements et de classes  de l'enseignement secondaire technique et professionnel des secteurs public et privé par région","Boucle du Mouhoun","Classes","Nombre","2009","12"
"Evolution des nombres d'établissements et de classes  de l'enseignement secondaire technique et professionnel des secteurs public et privé par région","Boucle du Mouhoun","Classes","Nombre","2010","13"
"Evolution des nombres d'établissements et de classes  de l'enseignement secondaire technique et professionnel des secteurs public et privé par région","Boucle du Mouhoun","Classes","Nombre","2011","18"
"Evolution des nombres d'établissements et de classes  de l'enseignement secondaire technique et professionnel des secteurs public et privé par région","Boucle du Mouhoun","Classes","Nombre","2012","18"
"Evolution des nombres d'établissements et de classes  de l'enseignement secondaire technique et professionnel des secteurs public et privé par région","Boucle du Mouhoun","Classes","Nombre","2013","23"
"Evolution des nombres d'établissements et de classes  de l'enseignement secondaire technique et professionnel des secteurs public et privé par région","Boucle du Mouhoun","Classes","Nombre","2014","24"
"Evolution des nombres d'établissements et de classes  de l'enseignement secondaire technique et professionnel des secteurs public et privé par région","Boucle du Mouhoun","Classes","Nombre","2015","31"
"Evolution des nombres d'établissements et de classes  de l'enseignement secondaire technique et professionnel des secteurs public et privé par région","Boucle du Mouhoun","Classes","Nombre","2016","48"
"Evolution des nombres d'établissements et de classes  de l'enseignement secondaire technique et professionnel des secteurs public et privé par région","Boucle du Mouhoun","Classes","Nombre","2017","45"
"Evolution des nombres d'établissements et de classes  de l'enseignement secondaire technique et professionnel des secteurs public et privé par région","Boucle du Mouhoun","Classes","Nombre","2018","39"
"Evolution des nombres d'établissements et de classes  de l'enseignement secondaire technique et professionnel des secteurs public et privé par région","Boucle du Mouhoun","Classes","Nombre","2019","44"
"Evolution des nombres d'établissements et de classes  de l'enseignement secondaire technique et professionnel des secteurs public et privé par région","Boucle du Mouhoun","Classes","Nombre","2020","47"
"Evolution des nombres d'établissements et de classes  de l'enseignement secondaire technique et professionnel des secteurs public et privé par région","Boucle du Mouhoun","Classes","Nombre","2021","55"
"Evolution des nombres d'établissements et de classes  de l'enseignement secondaire technique et professionnel des secteurs public et privé par région","Boucle du Mouhoun","Classes","Nombre","2022","61"
"Evolution des nombres d'établissements et de classes  de l'enseignement secondaire technique et professionnel des secteurs public et privé par région","Boucle du Mouhoun","Classes","Nombre","2023","77"
"Evolution des nombres d'établissements et de classes  de l'enseignement secondaire technique et professionnel des secteurs public et privé par région","Cascades","Etablissements","Nombre","1997","1"
"Evolution des nombres d'établissements et de classes  de l'enseignement secondaire technique et professionnel des secteurs public et privé par région","Cascades","Etablissements","Nombre","1998","2"
"Evolution des nombres d'établissements et de classes  de l'enseignement secondaire technique et professionnel des secteurs public et privé par région","Cascades","Etablissements","Nombre","1999","2"
"Evolution des nombres d'établissements et de classes  de l'enseignement secondaire technique et professionnel des secteurs public et privé par région","Cascades","Etablissements","Nombre","2000","2"
"Evolution des nombres d'établissements et de classes  de l'enseignement secondaire technique et professionnel des secteurs public et privé par région","Cascades","Etablissements","Nombre","2001","3"
"Evolution des nombres d'établissements et de classes  de l'enseignement secondaire technique et professionnel des secteurs public et privé par région","Cascades","Etablissements","Nombre","2002","3"
"Evolution des nombres d'établissements et de classes  de l'enseignement secondaire technique et professionnel des secteurs public et privé par région","Cascades","Etablissements","Nombre","2003","2"
"Evolution des nombres d'établissements et de classes  de l'enseignement secondaire technique et professionnel des secteurs public et privé par région","Cascades","Etablissements","Nombre","2004","2"
"Evolution des nombres d'établissements et de classes  de l'enseignement secondaire technique et professionnel des secteurs public et privé par région","Cascades","Etablissements","Nombre","2005","2"
"Evolution des nombres d'établissements et de classes  de l'enseignement secondaire technique et professionnel des secteurs public et privé par région","Cascades","Etablissements","Nombre","2006","2"
"Evolution des nombres d'établissements et de classes  de l'enseignement secondaire technique et professionnel des secteurs public et privé par région","Cascades","Etablissements","Nombre","2007","3"
"Evolution des nombres d'établissements et de classes  de l'enseignement secondaire technique et professionnel des secteurs public et privé par région","Cascades","Etablissements","Nombre","2008","3"
"Evolution des nombres d'établissements et de classes  de l'enseignement secondaire technique et professionnel des secteurs public et privé par région","Cascades","Etablissements","Nombre","2009","3"
"Evolution des nombres d'établissements et de classes  de l'enseignement secondaire technique et professionnel des secteurs public et privé par région","Cascades","Etablissements","Nombre","2010","3"
"Evolution des nombres d'établissements et de classes  de l'enseignement secondaire technique et professionnel des secteurs public et privé par région","Cascades","Etablissements","Nombre","2011","2"
"Evolution des nombres d'établissements et de classes  de l'enseignement secondaire technique et professionnel des secteurs public et privé par région","Cascades","Etablissements","Nombre","2012","2"
"Evolution des nombres d'établissements et de classes  de l'enseignement secondaire technique et professionnel des secteurs public et privé par région","Cascades","Etablissements","Nombre","2013","3"
"Evolution des nombres d'établissements et de classes  de l'enseignement secondaire technique et professionnel des secteurs public et privé par région","Cascades","Etablissements","Nombre","2014","3"
"Evolution des nombres d'établissements et de classes  de l'enseignement secondaire technique et professionnel des secteurs public et privé par région","Cascades","Etablissements","Nombre","2015","3"
"Evolution des nombres d'établissements et de classes  de l'enseignement secondaire technique et professionnel des secteurs public et privé par région","Cascades","Etablissements","Nombre","2016","3"
"Evolution des nombres d'établissements et de classes  de l'enseignement secondaire technique et professionnel des secteurs public et privé par région","Cascades","Etablissements","Nombre","2017","4"
"Evolution des nombres d'établissements et de classes  de l'enseignement secondaire technique et professionnel des secteurs public et privé par région","Cascades","Etablissements","Nombre","2018","4"
"Evolution des nombres d'établissements et de classes  de l'enseignement secondaire technique et professionnel des secteurs public et privé par région","Cascades","Etablissements","Nombre","2019","4"
"Evolution des nombres d'établissements et de classes  de l'enseignement secondaire technique et professionnel des secteurs public et privé par région","Cascades","Etablissements","Nombre","2020","4"
"Evolution des nombres d'établissements et de classes  de l'enseignement secondaire technique et professionnel des secteurs public et privé par région","Cascades","Etablissements","Nombre","2021","5"
"Evolution des nombres d'établissements et de classes  de l'enseignement secondaire technique et professionnel des secteurs public et privé par région","Cascades","Etablissements","Nombre","2022","5"
"Evolution des nombres d'établissements et de classes  de l'enseignement secondaire technique et professionnel des secteurs public et privé par région","Cascades","Etablissements","Nombre","2023","5"
"Evolution des nombres d'établissements et de classes  de l'enseignement secondaire technique et professionnel des secteurs public et privé par région","Cascades","Classes","Nombre","1997","3"
"Evolution des nombres d'établissements et de classes  de l'enseignement secondaire technique et professionnel des secteurs public et privé par région","Cascades","Classes","Nombre","1998","4"
"Evolution des nombres d'établissements et de classes  de l'enseignement secondaire technique et professionnel des secteurs public et privé par région","Cascades","Classes","Nombre","1999","6"
"Evolution des nombres d'établissements et de classes  de l'enseignement secondaire technique et professionnel des secteurs public et privé par région","Cascades","Classes","Nombre","2000","6"
"Evolution des nombres d'établissements et de classes  de l'enseignement secondaire technique et professionnel des secteurs public et privé par région","Cascades","Classes","Nombre","2001","6"
"Evolution des nombres d'établissements et de classes  de l'enseignement secondaire technique et professionnel des secteurs public et privé par région","Cascades","Classes","Nombre","2002","6"
"Evolution des nombres d'établissements et de classes  de l'enseignement secondaire technique et professionnel des secteurs public et privé par région","Cascades","Classes","Nombre","2003","5"
"Evolution des nombres d'établissements et de classes  de l'enseignement secondaire technique et professionnel des secteurs public et privé par région","Cascades","Classes","Nombre","2004","6"
"Evolution des nombres d'établissements et de classes  de l'enseignement secondaire technique et professionnel des secteurs public et privé par région","Cascades","Classes","Nombre","2005","6"
"Evolution des nombres d'établissements et de classes  de l'enseignement secondaire technique et professionnel des secteurs public et privé par région","Cascades","Classes","Nombre","2006","5"
"Evolution des nombres d'établissements et de classes  de l'enseignement secondaire technique et professionnel des secteurs public et privé par région","Cascades","Classes","Nombre","2007","7"
"Evolution des nombres d'établissements et de classes  de l'enseignement secondaire technique et professionnel des secteurs public et privé par région","Cascades","Classes","Nombre","2008","10"
"Evolution des nombres d'établissements et de classes  de l'enseignement secondaire technique et professionnel des secteurs public et privé par région","Cascades","Classes","Nombre","2009","12"
"Evolution des nombres d'établissements et de classes  de l'enseignement secondaire technique et professionnel des secteurs public et privé par région","Cascades","Classes","Nombre","2010","11"
"Evolution des nombres d'établissements et de classes  de l'enseignement secondaire technique et professionnel des secteurs public et privé par région","Cascades","Classes","Nombre","2011","11"
"Evolution des nombres d'établissements et de classes  de l'enseignement secondaire technique et professionnel des secteurs public et privé par région","Cascades","Classes","Nombre","2012","11"
"Evolution des nombres d'établissements et de classes  de l'enseignement secondaire technique et professionnel des secteurs public et privé par région","Cascades","Classes","Nombre","2013","10"
"Evolution des nombres d'établissements et de classes  de l'enseignement secondaire technique et professionnel des secteurs public et privé par région","Cascades","Classes","Nombre","2014","10"
"Evolution des nombres d'établissements et de classes  de l'enseignement secondaire technique et professionnel des secteurs public et privé par région","Cascades","Classes","Nombre","2015","11"
"Evolution des nombres d'établissements et de classes  de l'enseignement secondaire technique et professionnel des secteurs public et privé par région","Cascades","Classes","Nombre","2016","13"
"Evolution des nombres d'établissements et de classes  de l'enseignement secondaire technique et professionnel des secteurs public et privé par région","Cascades","Classes","Nombre","2017","16"
"Evolution des nombres d'établissements et de classes  de l'enseignement secondaire technique et professionnel des secteurs public et privé par région","Cascades","Classes","Nombre","2018","19"
"Evolution des nombres d'établissements et de classes  de l'enseignement secondaire technique et professionnel des secteurs public et privé par région","Cascades","Classes","Nombre","2019","20"
"Evolution des nombres d'établissements et de classes  de l'enseignement secondaire technique et professionnel des secteurs public et privé par région","Cascades","Classes","Nombre","2020","19"
"Evolution des nombres d'établissements et de classes  de l'enseignement secondaire technique et professionnel des secteurs public et privé par région","Cascades","Classes","Nombre","2021","26"
"Evolution des nombres d'établissements et de classes  de l'enseignement secondaire technique et professionnel des secteurs public et privé par région","Cascades","Classes","Nombre","2022","28"
"Evolution des nombres d'établissements et de classes  de l'enseignement secondaire technique et professionnel des secteurs public et privé par région","Cascades","Classes","Nombre","2023","31"
"Evolution des nombres d'établissements et de classes  de l'enseignement secondaire technique et professionnel des secteurs public et privé par région","Centre (sans Ouagadougou)","Etablissements","Nombre","1997","21"
"Evolution des nombres d'établissements et de classes  de l'enseignement secondaire technique et professionnel des secteurs public et privé par région","Centre (sans Ouagadougou)","Etablissements","Nombre","1998","22"
"Evolution des nombres d'établissements et de classes  de l'enseignement secondaire technique et professionnel des secteurs public et privé par région","Centre (sans Ouagadougou)","Etablissements","Nombre","1999","24"
"Evolution des nombres d'établissements et de classes  de l'enseignement secondaire technique et professionnel des secteurs public et privé par région","Centre (sans Ouagadougou)","Etablissements","Nombre","2000","29"
"Evolution des nombres d'établissements et de classes  de l'enseignement secondaire technique et professionnel des secteurs public et privé par région","Centre (sans Ouagadougou)","Etablissements","Nombre","2001","33"
"Evolution des nombres d'établissements et de classes  de l'enseignement secondaire technique et professionnel des secteurs public et privé par région","Centre (sans Ouagadougou)","Etablissements","Nombre","2002","36"
"Evolution des nombres d'établissements et de classes  de l'enseignement secondaire technique et professionnel des secteurs public et privé par région","Centre (sans Ouagadougou)","Etablissements","Nombre","2003","39"
"Evolution des nombres d'établissements et de classes  de l'enseignement secondaire technique et professionnel des secteurs public et privé par région","Centre (sans Ouagadougou)","Etablissements","Nombre","2004","36"
"Evolution des nombres d'établissements et de classes  de l'enseignement secondaire technique et professionnel des secteurs public et privé par région","Centre (sans Ouagadougou)","Etablissements","Nombre","2005","42"
"Evolution des nombres d'établissements et de classes  de l'enseignement secondaire technique et professionnel des secteurs public et privé par région","Centre (sans Ouagadougou)","Etablissements","Nombre","2006","45"
"Evolution des nombres d'établissements et de classes  de l'enseignement secondaire technique et professionnel des secteurs public et privé par région","Centre (sans Ouagadougou)","Etablissements","Nombre","2007","55"
"Evolution des nombres d'établissements et de classes  de l'enseignement secondaire technique et professionnel des secteurs public et privé par région","Centre (sans Ouagadougou)","Etablissements","Nombre","2008","62"
"Evolution des nombres d'établissements et de classes  de l'enseignement secondaire technique et professionnel des secteurs public et privé par région","Centre (sans Ouagadougou)","Etablissements","Nombre","2009","63"
"Evolution des nombres d'établissements et de classes  de l'enseignement secondaire technique et professionnel des secteurs public et privé par région","Centre (sans Ouagadougou)","Etablissements","Nombre","2010","61"
"Evolution des nombres d'établissements et de classes  de l'enseignement secondaire technique et professionnel des secteurs public et privé par région","Centre (sans Ouagadougou)","Etablissements","Nombre","2011","62"
"Evolution des nombres d'établissements et de classes  de l'enseignement secondaire technique et professionnel des secteurs public et privé par région","Centre (sans Ouagadougou)","Etablissements","Nombre","2012","68"
"Evolution des nombres d'établissements et de classes  de l'enseignement secondaire technique et professionnel des secteurs public et privé par région","Centre (sans Ouagadougou)","Etablissements","Nombre","2013","72"
"Evolution des nombres d'établissements et de classes  de l'enseignement secondaire technique et professionnel des secteurs public et privé par région","Centre (sans Ouagadougou)","Etablissements","Nombre","2014","73"
"Evolution des nombres d'établissements et de classes  de l'enseignement secondaire technique et professionnel des secteurs public et privé par région","Centre (sans Ouagadougou)","Etablissements","Nombre","2015","81"
"Evolution des nombres d'établissements et de classes  de l'enseignement secondaire technique et professionnel des secteurs public et privé par région","Centre (sans Ouagadougou)","Etablissements","Nombre","2016","90"
"Evolution des nombres d'établissements et de classes  de l'enseignement secondaire technique et professionnel des secteurs public et privé par région","Centre (sans Ouagadougou)","Etablissements","Nombre","2017","91"
"Evolution des nombres d'établissements et de classes  de l'enseignement secondaire technique et professionnel des secteurs public et privé par région","Centre (sans Ouagadougou)","Etablissements","Nombre","2018","79"
"Evolution des nombres d'établissements et de classes  de l'enseignement secondaire technique et professionnel des secteurs public et privé par région","Centre (sans Ouagadougou)","Etablissements","Nombre","2019","77"
"Evolution des nombres d'établissements et de classes  de l'enseignement secondaire technique et professionnel des secteurs public et privé par région","Centre (sans Ouagadougou)","Etablissements","Nombre","2020","83"
"Evolution des nombres d'établissements et de classes  de l'enseignement secondaire technique et professionnel des secteurs public et privé par région","Centre (sans Ouagadougou)","Etablissements","Nombre","2021","81"
"Evolution des nombres d'établissements et de classes  de l'enseignement secondaire technique et professionnel des secteurs public et privé par région","Centre (sans Ouagadougou)","Etablissements","Nombre","2022","65"
"Evolution des nombres d'établissements et de classes  de l'enseignement secondaire technique et professionnel des secteurs public et privé par région","Centre (sans Ouagadougou)","Etablissements","Nombre","2023","66"
"Evolution des nombres d'établissements et de classes  de l'enseignement secondaire technique et professionnel des secteurs public et privé par région","Centre (sans Ouagadougou)","Classes","Nombre","1997","160"
"Evolution des nombres d'établissements et de classes  de l'enseignement secondaire technique et professionnel des secteurs public et privé par région","Centre (sans Ouagadougou)","Classes","Nombre","1998","188"
"Evolution des nombres d'établissements et de classes  de l'enseignement secondaire technique et professionnel des secteurs public et privé par région","Centre (sans Ouagadougou)","Classes","Nombre","1999","159"
"Evolution des nombres d'établissements et de classes  de l'enseignement secondaire technique et professionnel des secteurs public et privé par région","Centre (sans Ouagadougou)","Classes","Nombre","2000","221"
"Evolution des nombres d'établissements et de classes  de l'enseignement secondaire technique et professionnel des secteurs public et privé par région","Centre (sans Ouagadougou)","Classes","Nombre","2001","252"
"Evolution des nombres d'établissements et de classes  de l'enseignement secondaire technique et professionnel des secteurs public et privé par région","Centre (sans Ouagadougou)","Classes","Nombre","2002","302"
"Evolution des nombres d'établissements et de classes  de l'enseignement secondaire technique et professionnel des secteurs public et privé par région","Centre (sans Ouagadougou)","Classes","Nombre","2003","336"
"Evolution des nombres d'établissements et de classes  de l'enseignement secondaire technique et professionnel des secteurs public et privé par région","Centre (sans Ouagadougou)","Classes","Nombre","2004","335"
"Evolution des nombres d'établissements et de classes  de l'enseignement secondaire technique et professionnel des secteurs public et privé par région","Centre (sans Ouagadougou)","Classes","Nombre","2005","367"
"Evolution des nombres d'établissements et de classes  de l'enseignement secondaire technique et professionnel des secteurs public et privé par région","Centre (sans Ouagadougou)","Classes","Nombre","2006","401"
"Evolution des nombres d'établissements et de classes  de l'enseignement secondaire technique et professionnel des secteurs public et privé par région","Centre (sans Ouagadougou)","Classes","Nombre","2007","455"
"Evolution des nombres d'établissements et de classes  de l'enseignement secondaire technique et professionnel des secteurs public et privé par région","Centre (sans Ouagadougou)","Classes","Nombre","2008","470"
"Evolution des nombres d'établissements et de classes  de l'enseignement secondaire technique et professionnel des secteurs public et privé par région","Centre (sans Ouagadougou)","Classes","Nombre","2009","475"
"Evolution des nombres d'établissements et de classes  de l'enseignement secondaire technique et professionnel des secteurs public et privé par région","Centre (sans Ouagadougou)","Classes","Nombre","2010","513"
"Evolution des nombres d'établissements et de classes  de l'enseignement secondaire technique et professionnel des secteurs public et privé par région","Centre (sans Ouagadougou)","Classes","Nombre","2011","512"
"Evolution des nombres d'établissements et de classes  de l'enseignement secondaire technique et professionnel des secteurs public et privé par région","Centre (sans Ouagadougou)","Classes","Nombre","2012","512"
"Evolution des nombres d'établissements et de classes  de l'enseignement secondaire technique et professionnel des secteurs public et privé par région","Centre (sans Ouagadougou)","Classes","Nombre","2013","548"
"Evolution des nombres d'établissements et de classes  de l'enseignement secondaire technique et professionnel des secteurs public et privé par région","Centre (sans Ouagadougou)","Classes","Nombre","2014","563"
"Evolution des nombres d'établissements et de classes  de l'enseignement secondaire technique et professionnel des secteurs public et privé par région","Centre (sans Ouagadougou)","Classes","Nombre","2015","577"
"Evolution des nombres d'établissements et de classes  de l'enseignement secondaire technique et professionnel des secteurs public et privé par région","Centre (sans Ouagadougou)","Classes","Nombre","2016","621"
"Evolution des nombres d'établissements et de classes  de l'enseignement secondaire technique et professionnel des secteurs public et privé par région","Centre (sans Ouagadougou)","Classes","Nombre","2017","621"
"Evolution des nombres d'établissements et de classes  de l'enseignement secondaire technique et professionnel des secteurs public et privé par région","Centre (sans Ouagadougou)","Classes","Nombre","2018","601"
"Evolution des nombres d'établissements et de classes  de l'enseignement secondaire technique et professionnel des secteurs public et privé par région","Centre (sans Ouagadougou)","Classes","Nombre","2019","600"
"Evolution des nombres d'établissements et de classes  de l'enseignement secondaire technique et professionnel des secteurs public et privé par région","Centre (sans Ouagadougou)","Classes","Nombre","2020","648"
"Evolution des nombres d'établissements et de classes  de l'enseignement secondaire technique et professionnel des secteurs public et privé par région","Centre (sans Ouagadougou)","Classes","Nombre","2021","683"
"Evolution des nombres d'établissements et de classes  de l'enseignement secondaire technique et professionnel des secteurs public et privé par région","Centre (sans Ouagadougou)","Classes","Nombre","2022","676"
"Evolution des nombres d'établissements et de classes  de l'enseignement secondaire technique et professionnel des secteurs public et privé par région","Centre (sans Ouagadougou)","Classes","Nombre","2023","738"
"Evolution des nombres d'établissements et de classes  de l'enseignement secondaire technique et professionnel des secteurs public et privé par région","Centre-Est","Etablissements","Nombre","1997","2"
"Evolution des nombres d'établissements et de classes  de l'enseignement secondaire technique et professionnel des secteurs public et privé par région","Centre-Est","Etablissements","Nombre","1998","2"
"Evolution des nombres d'établissements et de classes  de l'enseignement secondaire technique et professionnel des secteurs public et privé par région","Centre-Est","Etablissements","Nombre","1999","2"
"Evolution des nombres d'établissements et de classes  de l'enseignement secondaire technique et professionnel des secteurs public et privé par région","Centre-Est","Etablissements","Nombre","2000","2"
"Evolution des nombres d'établissements et de classes  de l'enseignement secondaire technique et professionnel des secteurs public et privé par région","Centre-Est","Etablissements","Nombre","2001","2"
"Evolution des nombres d'établissements et de classes  de l'enseignement secondaire technique et professionnel des secteurs public et privé par région","Centre-Est","Etablissements","Nombre","2002","2"
"Evolution des nombres d'établissements et de classes  de l'enseignement secondaire technique et professionnel des secteurs public et privé par région","Centre-Est","Etablissements","Nombre","2003","2"
"Evolution des nombres d'établissements et de classes  de l'enseignement secondaire technique et professionnel des secteurs public et privé par région","Centre-Est","Etablissements","Nombre","2004","2"
"Evolution des nombres d'établissements et de classes  de l'enseignement secondaire technique et professionnel des secteurs public et privé par région","Centre-Est","Etablissements","Nombre","2005","2"
"Evolution des nombres d'établissements et de classes  de l'enseignement secondaire technique et professionnel des secteurs public et privé par région","Centre-Est","Etablissements","Nombre","2006","2"
"Evolution des nombres d'établissements et de classes  de l'enseignement secondaire technique et professionnel des secteurs public et privé par région","Centre-Est","Etablissements","Nombre","2007","2"
"Evolution des nombres d'établissements et de classes  de l'enseignement secondaire technique et professionnel des secteurs public et privé par région","Centre-Est","Etablissements","Nombre","2008","2"
"Evolution des nombres d'établissements et de classes  de l'enseignement secondaire technique et professionnel des secteurs public et privé par région","Centre-Est","Etablissements","Nombre","2009","2"
"Evolution des nombres d'établissements et de classes  de l'enseignement secondaire technique et professionnel des secteurs public et privé par région","Centre-Est","Etablissements","Nombre","2010","1"
"Evolution des nombres d'établissements et de classes  de l'enseignement secondaire technique et professionnel des secteurs public et privé par région","Centre-Est","Etablissements","Nombre","2011","2"
"Evolution des nombres d'établissements et de classes  de l'enseignement secondaire technique et professionnel des secteurs public et privé par région","Centre-Est","Etablissements","Nombre","2012","2"
"Evolution des nombres d'établissements et de classes  de l'enseignement secondaire technique et professionnel des secteurs public et privé par région","Centre-Est","Etablissements","Nombre","2013","3"
"Evolution des nombres d'établissements et de classes  de l'enseignement secondaire technique et professionnel des secteurs public et privé par région","Centre-Est","Etablissements","Nombre","2014","4"
"Evolution des nombres d'établissements et de classes  de l'enseignement secondaire technique et professionnel des secteurs public et privé par région","Centre-Est","Etablissements","Nombre","2015","4"
"Evolution des nombres d'établissements et de classes  de l'enseignement secondaire technique et professionnel des secteurs public et privé par région","Centre-Est","Etablissements","Nombre","2016","4"
"Evolution des nombres d'établissements et de classes  de l'enseignement secondaire technique et professionnel des secteurs public et privé par région","Centre-Est","Etablissements","Nombre","2017","4"
"Evolution des nombres d'établissements et de classes  de l'enseignement secondaire technique et professionnel des secteurs public et privé par région","Centre-Est","Etablissements","Nombre","2018","4"
"Evolution des nombres d'établissements et de classes  de l'enseignement secondaire technique et professionnel des secteurs public et privé par région","Centre-Est","Etablissements","Nombre","2019","3"
"Evolution des nombres d'établissements et de classes  de l'enseignement secondaire technique et professionnel des secteurs public et privé par région","Centre-Est","Etablissements","Nombre","2020","4"
"Evolution des nombres d'établissements et de classes  de l'enseignement secondaire technique et professionnel des secteurs public et privé par région","Centre-Est","Etablissements","Nombre","2021","5"
"Evolution des nombres d'établissements et de classes  de l'enseignement secondaire technique et professionnel des secteurs public et privé par région","Centre-Est","Etablissements","Nombre","2022","7"
"Evolution des nombres d'établissements et de classes  de l'enseignement secondaire technique et professionnel des secteurs public et privé par région","Centre-Est","Etablissements","Nombre","2023","7"
"Evolution des nombres d'établissements et de classes  de l'enseignement secondaire technique et professionnel des secteurs public et privé par région","Centre-Est","Classes","Nombre","1997","5"
"Evolution des nombres d'établissements et de classes  de l'enseignement secondaire technique et professionnel des secteurs public et privé par région","Centre-Est","Classes","Nombre","1998","9"
"Evolution des nombres d'établissements et de classes  de l'enseignement secondaire technique et professionnel des secteurs public et privé par région","Centre-Est","Classes","Nombre","1999","9"
"Evolution des nombres d'établissements et de classes  de l'enseignement secondaire technique et professionnel des secteurs public et privé par région","Centre-Est","Classes","Nombre","2000","7"
"Evolution des nombres d'établissements et de classes  de l'enseignement secondaire technique et professionnel des secteurs public et privé par région","Centre-Est","Classes","Nombre","2001","7"
"Evolution des nombres d'établissements et de classes  de l'enseignement secondaire technique et professionnel des secteurs public et privé par région","Centre-Est","Classes","Nombre","2002","12"
"Evolution des nombres d'établissements et de classes  de l'enseignement secondaire technique et professionnel des secteurs public et privé par région","Centre-Est","Classes","Nombre","2003","14"
"Evolution des nombres d'établissements et de classes  de l'enseignement secondaire technique et professionnel des secteurs public et privé par région","Centre-Est","Classes","Nombre","2004","10"
"Evolution des nombres d'établissements et de classes  de l'enseignement secondaire technique et professionnel des secteurs public et privé par région","Centre-Est","Classes","Nombre","2005","14"
"Evolution des nombres d'établissements et de classes  de l'enseignement secondaire technique et professionnel des secteurs public et privé par région","Centre-Est","Classes","Nombre","2006","10"
"Evolution des nombres d'établissements et de classes  de l'enseignement secondaire technique et professionnel des secteurs public et privé par région","Centre-Est","Classes","Nombre","2007","9"
"Evolution des nombres d'établissements et de classes  de l'enseignement secondaire technique et professionnel des secteurs public et privé par région","Centre-Est","Classes","Nombre","2008","5"
"Evolution des nombres d'établissements et de classes  de l'enseignement secondaire technique et professionnel des secteurs public et privé par région","Centre-Est","Classes","Nombre","2009","3"
"Evolution des nombres d'établissements et de classes  de l'enseignement secondaire technique et professionnel des secteurs public et privé par région","Centre-Est","Classes","Nombre","2010","2"
"Evolution des nombres d'établissements et de classes  de l'enseignement secondaire technique et professionnel des secteurs public et privé par région","Centre-Est","Classes","Nombre","2011","4"
"Evolution des nombres d'établissements et de classes  de l'enseignement secondaire technique et professionnel des secteurs public et privé par région","Centre-Est","Classes","Nombre","2012","4"
"Evolution des nombres d'établissements et de classes  de l'enseignement secondaire technique et professionnel des secteurs public et privé par région","Centre-Est","Classes","Nombre","2013","6"
"Evolution des nombres d'établissements et de classes  de l'enseignement secondaire technique et professionnel des secteurs public et privé par région","Centre-Est","Classes","Nombre","2014","7"
"Evolution des nombres d'établissements et de classes  de l'enseignement secondaire technique et professionnel des secteurs public et privé par région","Centre-Est","Classes","Nombre","2015","9"
"Evolution des nombres d'établissements et de classes  de l'enseignement secondaire technique et professionnel des secteurs public et privé par région","Centre-Est","Classes","Nombre","2016","16"
"Evolution des nombres d'établissements et de classes  de l'enseignement secondaire technique et professionnel des secteurs public et privé par région","Centre-Est","Classes","Nombre","2017","19"
"Evolution des nombres d'établissements et de classes  de l'enseignement secondaire technique et professionnel des secteurs public et privé par région","Centre-Est","Classes","Nombre","2018","20"
"Evolution des nombres d'établissements et de classes  de l'enseignement secondaire technique et professionnel des secteurs public et privé par région","Centre-Est","Classes","Nombre","2019","18"
"Evolution des nombres d'établissements et de classes  de l'enseignement secondaire technique et professionnel des secteurs public et privé par région","Centre-Est","Classes","Nombre","2020","20"
"Evolution des nombres d'établissements et de classes  de l'enseignement secondaire technique et professionnel des secteurs public et privé par région","Centre-Est","Classes","Nombre","2021","21"
"Evolution des nombres d'établissements et de classes  de l'enseignement secondaire technique et professionnel des secteurs public et privé par région","Centre-Est","Classes","Nombre","2022","27"
"Evolution des nombres d'établissements et de classes  de l'enseignement secondaire technique et professionnel des secteurs public et privé par région","Centre-Est","Classes","Nombre","2023","35"
"Evolution des nombres d'établissements et de classes  de l'enseignement secondaire technique et professionnel des secteurs public et privé par région","Centre-Nord","Etablissements","Nombre","1997","1"
"Evolution des nombres d'établissements et de classes  de l'enseignement secondaire technique et professionnel des secteurs public et privé par région","Centre-Nord","Etablissements","Nombre","1998","1"
"Evolution des nombres d'établissements et de classes  de l'enseignement secondaire technique et professionnel des secteurs public et privé par région","Centre-Nord","Etablissements","Nombre","1999","1"
"Evolution des nombres d'établissements et de classes  de l'enseignement secondaire technique et professionnel des secteurs public et privé par région","Centre-Nord","Etablissements","Nombre","2000","1"
"Evolution des nombres d'établissements et de classes  de l'enseignement secondaire technique et professionnel des secteurs public et privé par région","Centre-Nord","Etablissements","Nombre","2001","1"
"Evolution des nombres d'établissements et de classes  de l'enseignement secondaire technique et professionnel des secteurs public et privé par région","Centre-Nord","Etablissements","Nombre","2002","1"
"Evolution des nombres d'établissements et de classes  de l'enseignement secondaire technique et professionnel des secteurs public et privé par région","Centre-Nord","Etablissements","Nombre","2003","1"
"Evolution des nombres d'établissements et de classes  de l'enseignement secondaire technique et professionnel des secteurs public et privé par région","Centre-Nord","Etablissements","Nombre","2004","1"
"Evolution des nombres d'établissements et de classes  de l'enseignement secondaire technique et professionnel des secteurs public et privé par région","Centre-Nord","Etablissements","Nombre","2005","2"
"Evolution des nombres d'établissements et de classes  de l'enseignement secondaire technique et professionnel des secteurs public et privé par région","Centre-Nord","Etablissements","Nombre","2006","1"
"Evolution des nombres d'établissements et de classes  de l'enseignement secondaire technique et professionnel des secteurs public et privé par région","Centre-Nord","Etablissements","Nombre","2007","1"
"Evolution des nombres d'établissements et de classes  de l'enseignement secondaire technique et professionnel des secteurs public et privé par région","Centre-Nord","Etablissements","Nombre","2008","1"
"Evolution des nombres d'établissements et de classes  de l'enseignement secondaire technique et professionnel des secteurs public et privé par région","Centre-Nord","Etablissements","Nombre","2009","2"
"Evolution des nombres d'établissements et de classes  de l'enseignement secondaire technique et professionnel des secteurs public et privé par région","Centre-Nord","Etablissements","Nombre","2010","2"
"Evolution des nombres d'établissements et de classes  de l'enseignement secondaire technique et professionnel des secteurs public et privé par région","Centre-Nord","Etablissements","Nombre","2011","2"
"Evolution des nombres d'établissements et de classes  de l'enseignement secondaire technique et professionnel des secteurs public et privé par région","Centre-Nord","Etablissements","Nombre","2012","2"
"Evolution des nombres d'établissements et de classes  de l'enseignement secondaire technique et professionnel des secteurs public et privé par région","Centre-Nord","Etablissements","Nombre","2013","3"
"Evolution des nombres d'établissements et de classes  de l'enseignement secondaire technique et professionnel des secteurs public et privé par région","Centre-Nord","Etablissements","Nombre","2014","3"
"Evolution des nombres d'établissements et de classes  de l'enseignement secondaire technique et professionnel des secteurs public et privé par région","Centre-Nord","Etablissements","Nombre","2015","3"
"Evolution des nombres d'établissements et de classes  de l'enseignement secondaire technique et professionnel des secteurs public et privé par région","Centre-Nord","Etablissements","Nombre","2016","3"
"Evolution des nombres d'établissements et de classes  de l'enseignement secondaire technique et professionnel des secteurs public et privé par région","Centre-Nord","Etablissements","Nombre","2017","3"
"Evolution des nombres d'établissements et de classes  de l'enseignement secondaire technique et professionnel des secteurs public et privé par région","Centre-Nord","Etablissements","Nombre","2018","3"
"Evolution des nombres d'établissements et de classes  de l'enseignement secondaire technique et professionnel des secteurs public et privé par région","Centre-Nord","Etablissements","Nombre","2019","3"
"Evolution des nombres d'établissements et de classes  de l'enseignement secondaire technique et professionnel des secteurs public et privé par région","Centre-Nord","Etablissements","Nombre","2020","5"
"Evolution des nombres d'établissements et de classes  de l'enseignement secondaire technique et professionnel des secteurs public et privé par région","Centre-Nord","Etablissements","Nombre","2021","6"
"Evolution des nombres d'établissements et de classes  de l'enseignement secondaire technique et professionnel des secteurs public et privé par région","Centre-Nord","Etablissements","Nombre","2022","6"
"Evolution des nombres d'établissements et de classes  de l'enseignement secondaire technique et professionnel des secteurs public et privé par région","Centre-Nord","Etablissements","Nombre","2023","6"
"Evolution des nombres d'établissements et de classes  de l'enseignement secondaire technique et professionnel des secteurs public et privé par région","Centre-Nord","Classes","Nombre","1997","4"
"Evolution des nombres d'établissements et de classes  de l'enseignement secondaire technique et professionnel des secteurs public et privé par région","Centre-Nord","Classes","Nombre","1998","4"
"Evolution des nombres d'établissements et de classes  de l'enseignement secondaire technique et professionnel des secteurs public et privé par région","Centre-Nord","Classes","Nombre","1999","4"
"Evolution des nombres d'établissements et de classes  de l'enseignement secondaire technique et professionnel des secteurs public et privé par région","Centre-Nord","Classes","Nombre","2000","4"
"Evolution des nombres d'établissements et de classes  de l'enseignement secondaire technique et professionnel des secteurs public et privé par région","Centre-Nord","Classes","Nombre","2001","4"
"Evolution des nombres d'établissements et de classes  de l'enseignement secondaire technique et professionnel des secteurs public et privé par région","Centre-Nord","Classes","Nombre","2002","4"
"Evolution des nombres d'établissements et de classes  de l'enseignement secondaire technique et professionnel des secteurs public et privé par région","Centre-Nord","Classes","Nombre","2003","3"
"Evolution des nombres d'établissements et de classes  de l'enseignement secondaire technique et professionnel des secteurs public et privé par région","Centre-Nord","Classes","Nombre","2004","2"
"Evolution des nombres d'établissements et de classes  de l'enseignement secondaire technique et professionnel des secteurs public et privé par région","Centre-Nord","Classes","Nombre","2005","2"
"Evolution des nombres d'établissements et de classes  de l'enseignement secondaire technique et professionnel des secteurs public et privé par région","Centre-Nord","Classes","Nombre","2006","2"
"Evolution des nombres d'établissements et de classes  de l'enseignement secondaire technique et professionnel des secteurs public et privé par région","Centre-Nord","Classes","Nombre","2007","1"
"Evolution des nombres d'établissements et de classes  de l'enseignement secondaire technique et professionnel des secteurs public et privé par région","Centre-Nord","Classes","Nombre","2008","1"
"Evolution des nombres d'établissements et de classes  de l'enseignement secondaire technique et professionnel des secteurs public et privé par région","Centre-Nord","Classes","Nombre","2009","6"
"Evolution des nombres d'établissements et de classes  de l'enseignement secondaire technique et professionnel des secteurs public et privé par région","Centre-Nord","Classes","Nombre","2010","8"
"Evolution des nombres d'établissements et de classes  de l'enseignement secondaire technique et professionnel des secteurs public et privé par région","Centre-Nord","Classes","Nombre","2011","9"
"Evolution des nombres d'établissements et de classes  de l'enseignement secondaire technique et professionnel des secteurs public et privé par région","Centre-Nord","Classes","Nombre","2012","9"
"Evolution des nombres d'établissements et de classes  de l'enseignement secondaire technique et professionnel des secteurs public et privé par région","Centre-Nord","Classes","Nombre","2013","10"
"Evolution des nombres d'établissements et de classes  de l'enseignement secondaire technique et professionnel des secteurs public et privé par région","Centre-Nord","Classes","Nombre","2014","11"
"Evolution des nombres d'établissements et de classes  de l'enseignement secondaire technique et professionnel des secteurs public et privé par région","Centre-Nord","Classes","Nombre","2015","10"
"Evolution des nombres d'établissements et de classes  de l'enseignement secondaire technique et professionnel des secteurs public et privé par région","Centre-Nord","Classes","Nombre","2016","12"
"Evolution des nombres d'établissements et de classes  de l'enseignement secondaire technique et professionnel des secteurs public et privé par région","Centre-Nord","Classes","Nombre","2017","12"
"Evolution des nombres d'établissements et de classes  de l'enseignement secondaire technique et professionnel des secteurs public et privé par région","Centre-Nord","Classes","Nombre","2018","14"
"Evolution des nombres d'établissements et de classes  de l'enseignement secondaire technique et professionnel des secteurs public et privé par région","Centre-Nord","Classes","Nombre","2019","17"
"Evolution des nombres d'établissements et de classes  de l'enseignement secondaire technique et professionnel des secteurs public et privé par région","Centre-Nord","Classes","Nombre","2020","21"
"Evolution des nombres d'établissements et de classes  de l'enseignement secondaire technique et professionnel des secteurs public et privé par région","Centre-Nord","Classes","Nombre","2021","34"
"Evolution des nombres d'établissements et de classes  de l'enseignement secondaire technique et professionnel des secteurs public et privé par région","Centre-Nord","Classes","Nombre","2022","38"
"Evolution des nombres d'établissements et de classes  de l'enseignement secondaire technique et professionnel des secteurs public et privé par région","Centre-Nord","Classes","Nombre","2023","44"
"Evolution des nombres d'établissements et de classes  de l'enseignement secondaire technique et professionnel des secteurs public et privé par région","Centre-Ouest","Etablissements","Nombre","1997","3"
"Evolution des nombres d'établissements et de classes  de l'enseignement secondaire technique et professionnel des secteurs public et privé par région","Centre-Ouest","Etablissements","Nombre","1998","5"
"Evolution des nombres d'établissements et de classes  de l'enseignement secondaire technique et professionnel des secteurs public et privé par région","Centre-Ouest","Etablissements","Nombre","1999","5"
"Evolution des nombres d'établissements et de classes  de l'enseignement secondaire technique et professionnel des secteurs public et privé par région","Centre-Ouest","Etablissements","Nombre","2000","5"
"Evolution des nombres d'établissements et de classes  de l'enseignement secondaire technique et professionnel des secteurs public et privé par région","Centre-Ouest","Etablissements","Nombre","2001","5"
"Evolution des nombres d'établissements et de classes  de l'enseignement secondaire technique et professionnel des secteurs public et privé par région","Centre-Ouest","Etablissements","Nombre","2002","7"
"Evolution des nombres d'établissements et de classes  de l'enseignement secondaire technique et professionnel des secteurs public et privé par région","Centre-Ouest","Etablissements","Nombre","2003","7"
"Evolution des nombres d'établissements et de classes  de l'enseignement secondaire technique et professionnel des secteurs public et privé par région","Centre-Ouest","Etablissements","Nombre","2004","7"
"Evolution des nombres d'établissements et de classes  de l'enseignement secondaire technique et professionnel des secteurs public et privé par région","Centre-Ouest","Etablissements","Nombre","2005","6"
"Evolution des nombres d'établissements et de classes  de l'enseignement secondaire technique et professionnel des secteurs public et privé par région","Centre-Ouest","Etablissements","Nombre","2006","7"
"Evolution des nombres d'établissements et de classes  de l'enseignement secondaire technique et professionnel des secteurs public et privé par région","Centre-Ouest","Etablissements","Nombre","2007","8"
"Evolution des nombres d'établissements et de classes  de l'enseignement secondaire technique et professionnel des secteurs public et privé par région","Centre-Ouest","Etablissements","Nombre","2008","9"
"Evolution des nombres d'établissements et de classes  de l'enseignement secondaire technique et professionnel des secteurs public et privé par région","Centre-Ouest","Etablissements","Nombre","2009","9"
"Evolution des nombres d'établissements et de classes  de l'enseignement secondaire technique et professionnel des secteurs public et privé par région","Centre-Ouest","Etablissements","Nombre","2010","8"
"Evolution des nombres d'établissements et de classes  de l'enseignement secondaire technique et professionnel des secteurs public et privé par région","Centre-Ouest","Etablissements","Nombre","2011","9"
"Evolution des nombres d'établissements et de classes  de l'enseignement secondaire technique et professionnel des secteurs public et privé par région","Centre-Ouest","Etablissements","Nombre","2012","9"
"Evolution des nombres d'établissements et de classes  de l'enseignement secondaire technique et professionnel des secteurs public et privé par région","Centre-Ouest","Etablissements","Nombre","2013","9"
"Evolution des nombres d'établissements et de classes  de l'enseignement secondaire technique et professionnel des secteurs public et privé par région","Centre-Ouest","Etablissements","Nombre","2014","10"
"Evolution des nombres d'établissements et de classes  de l'enseignement secondaire technique et professionnel des secteurs public et privé par région","Centre-Ouest","Etablissements","Nombre","2015","10"
"Evolution des nombres d'établissements et de classes  de l'enseignement secondaire technique et professionnel des secteurs public et privé par région","Centre-Ouest","Etablissements","Nombre","2016","9"
"Evolution des nombres d'établissements et de classes  de l'enseignement secondaire technique et professionnel des secteurs public et privé par région","Centre-Ouest","Etablissements","Nombre","2017","8"
"Evolution des nombres d'établissements et de classes  de l'enseignement secondaire technique et professionnel des secteurs public et privé par région","Centre-Ouest","Etablissements","Nombre","2018","9"
"Evolution des nombres d'établissements et de classes  de l'enseignement secondaire technique et professionnel des secteurs public et privé par région","Centre-Ouest","Etablissements","Nombre","2019","8"
"Evolution des nombres d'établissements et de classes  de l'enseignement secondaire technique et professionnel des secteurs public et privé par région","Centre-Ouest","Etablissements","Nombre","2020","9"
"Evolution des nombres d'établissements et de classes  de l'enseignement secondaire technique et professionnel des secteurs public et privé par région","Centre-Ouest","Etablissements","Nombre","2021","11"
"Evolution des nombres d'établissements et de classes  de l'enseignement secondaire technique et professionnel des secteurs public et privé par région","Centre-Ouest","Etablissements","Nombre","2022","13"
"Evolution des nombres d'établissements et de classes  de l'enseignement secondaire technique et professionnel des secteurs public et privé par région","Centre-Ouest","Etablissements","Nombre","2023","13"
"Evolution des nombres d'établissements et de classes  de l'enseignement secondaire technique et professionnel des secteurs public et privé par région","Centre-Ouest","Classes","Nombre","1997","9"
"Evolution des nombres d'établissements et de classes  de l'enseignement secondaire technique et professionnel des secteurs public et privé par région","Centre-Ouest","Classes","Nombre","1998","17"
"Evolution des nombres d'établissements et de classes  de l'enseignement secondaire technique et professionnel des secteurs public et privé par région","Centre-Ouest","Classes","Nombre","1999","20"
"Evolution des nombres d'établissements et de classes  de l'enseignement secondaire technique et professionnel des secteurs public et privé par région","Centre-Ouest","Classes","Nombre","2000","19"
"Evolution des nombres d'établissements et de classes  de l'enseignement secondaire technique et professionnel des secteurs public et privé par région","Centre-Ouest","Classes","Nombre","2001","19"
"Evolution des nombres d'établissements et de classes  de l'enseignement secondaire technique et professionnel des secteurs public et privé par région","Centre-Ouest","Classes","Nombre","2002","18"
"Evolution des nombres d'établissements et de classes  de l'enseignement secondaire technique et professionnel des secteurs public et privé par région","Centre-Ouest","Classes","Nombre","2003","31"
"Evolution des nombres d'établissements et de classes  de l'enseignement secondaire technique et professionnel des secteurs public et privé par région","Centre-Ouest","Classes","Nombre","2004","32"
"Evolution des nombres d'établissements et de classes  de l'enseignement secondaire technique et professionnel des secteurs public et privé par région","Centre-Ouest","Classes","Nombre","2005","39"
"Evolution des nombres d'établissements et de classes  de l'enseignement secondaire technique et professionnel des secteurs public et privé par région","Centre-Ouest","Classes","Nombre","2006","46"
"Evolution des nombres d'établissements et de classes  de l'enseignement secondaire technique et professionnel des secteurs public et privé par région","Centre-Ouest","Classes","Nombre","2007","32"
"Evolution des nombres d'établissements et de classes  de l'enseignement secondaire technique et professionnel des secteurs public et privé par région","Centre-Ouest","Classes","Nombre","2008","51"
"Evolution des nombres d'établissements et de classes  de l'enseignement secondaire technique et professionnel des secteurs public et privé par région","Centre-Ouest","Classes","Nombre","2009","52"
"Evolution des nombres d'établissements et de classes  de l'enseignement secondaire technique et professionnel des secteurs public et privé par région","Centre-Ouest","Classes","Nombre","2010","55"
"Evolution des nombres d'établissements et de classes  de l'enseignement secondaire technique et professionnel des secteurs public et privé par région","Centre-Ouest","Classes","Nombre","2011","62"
"Evolution des nombres d'établissements et de classes  de l'enseignement secondaire technique et professionnel des secteurs public et privé par région","Centre-Ouest","Classes","Nombre","2012","62"
"Evolution des nombres d'établissements et de classes  de l'enseignement secondaire technique et professionnel des secteurs public et privé par région","Centre-Ouest","Classes","Nombre","2013","68"
"Evolution des nombres d'établissements et de classes  de l'enseignement secondaire technique et professionnel des secteurs public et privé par région","Centre-Ouest","Classes","Nombre","2014","66"
"Evolution des nombres d'établissements et de classes  de l'enseignement secondaire technique et professionnel des secteurs public et privé par région","Centre-Ouest","Classes","Nombre","2015","66"
"Evolution des nombres d'établissements et de classes  de l'enseignement secondaire technique et professionnel des secteurs public et privé par région","Centre-Ouest","Classes","Nombre","2016","61"
"Evolution des nombres d'établissements et de classes  de l'enseignement secondaire technique et professionnel des secteurs public et privé par région","Centre-Ouest","Classes","Nombre","2017","58"
"Evolution des nombres d'établissements et de classes  de l'enseignement secondaire technique et professionnel des secteurs public et privé par région","Centre-Ouest","Classes","Nombre","2018","62"
"Evolution des nombres d'établissements et de classes  de l'enseignement secondaire technique et professionnel des secteurs public et privé par région","Centre-Ouest","Classes","Nombre","2019","77"
"Evolution des nombres d'établissements et de classes  de l'enseignement secondaire technique et professionnel des secteurs public et privé par région","Centre-Ouest","Classes","Nombre","2020","78"
"Evolution des nombres d'établissements et de classes  de l'enseignement secondaire technique et professionnel des secteurs public et privé par région","Centre-Ouest","Classes","Nombre","2021","66"
"Evolution des nombres d'établissements et de classes  de l'enseignement secondaire technique et professionnel des secteurs public et privé par région","Centre-Ouest","Classes","Nombre","2022","83"
"Evolution des nombres d'établissements et de classes  de l'enseignement secondaire technique et professionnel des secteurs public et privé par région","Centre-Ouest","Classes","Nombre","2023","102"
"Evolution des nombres d'établissements et de classes  de l'enseignement secondaire technique et professionnel des secteurs public et privé par région","Centre-Sud","Etablissements","Nombre","1997","0"
"Evolution des nombres d'établissements et de classes  de l'enseignement secondaire technique et professionnel des secteurs public et privé par région","Centre-Sud","Etablissements","Nombre","1998","0"
"Evolution des nombres d'établissements et de classes  de l'enseignement secondaire technique et professionnel des secteurs public et privé par région","Centre-Sud","Etablissements","Nombre","1999","0"
"Evolution des nombres d'établissements et de classes  de l'enseignement secondaire technique et professionnel des secteurs public et privé par région","Centre-Sud","Etablissements","Nombre","2000","0"
"Evolution des nombres d'établissements et de classes  de l'enseignement secondaire technique et professionnel des secteurs public et privé par région","Centre-Sud","Etablissements","Nombre","2001","0"
"Evolution des nombres d'établissements et de classes  de l'enseignement secondaire technique et professionnel des secteurs public et privé par région","Centre-Sud","Etablissements","Nombre","2002","0"
"Evolution des nombres d'établissements et de classes  de l'enseignement secondaire technique et professionnel des secteurs public et privé par région","Centre-Sud","Etablissements","Nombre","2003","0"
"Evolution des nombres d'établissements et de classes  de l'enseignement secondaire technique et professionnel des secteurs public et privé par région","Centre-Sud","Etablissements","Nombre","2004","0"
"Evolution des nombres d'établissements et de classes  de l'enseignement secondaire technique et professionnel des secteurs public et privé par région","Centre-Sud","Etablissements","Nombre","2005","2"
"Evolution des nombres d'établissements et de classes  de l'enseignement secondaire technique et professionnel des secteurs public et privé par région","Centre-Sud","Etablissements","Nombre","2006","1"
"Evolution des nombres d'établissements et de classes  de l'enseignement secondaire technique et professionnel des secteurs public et privé par région","Centre-Sud","Etablissements","Nombre","2007","1"
"Evolution des nombres d'établissements et de classes  de l'enseignement secondaire technique et professionnel des secteurs public et privé par région","Centre-Sud","Etablissements","Nombre","2008","1"
"Evolution des nombres d'établissements et de classes  de l'enseignement secondaire technique et professionnel des secteurs public et privé par région","Centre-Sud","Etablissements","Nombre","2009","1"
"Evolution des nombres d'établissements et de classes  de l'enseignement secondaire technique et professionnel des secteurs public et privé par région","Centre-Sud","Etablissements","Nombre","2010","2"
"Evolution des nombres d'établissements et de classes  de l'enseignement secondaire technique et professionnel des secteurs public et privé par région","Centre-Sud","Etablissements","Nombre","2011","3"
"Evolution des nombres d'établissements et de classes  de l'enseignement secondaire technique et professionnel des secteurs public et privé par région","Centre-Sud","Etablissements","Nombre","2012","3"
"Evolution des nombres d'établissements et de classes  de l'enseignement secondaire technique et professionnel des secteurs public et privé par région","Centre-Sud","Etablissements","Nombre","2013","3"
"Evolution des nombres d'établissements et de classes  de l'enseignement secondaire technique et professionnel des secteurs public et privé par région","Centre-Sud","Etablissements","Nombre","2014","3"
"Evolution des nombres d'établissements et de classes  de l'enseignement secondaire technique et professionnel des secteurs public et privé par région","Centre-Sud","Etablissements","Nombre","2015","2"
"Evolution des nombres d'établissements et de classes  de l'enseignement secondaire technique et professionnel des secteurs public et privé par région","Centre-Sud","Etablissements","Nombre","2016","3"
"Evolution des nombres d'établissements et de classes  de l'enseignement secondaire technique et professionnel des secteurs public et privé par région","Centre-Sud","Etablissements","Nombre","2017","3"
"Evolution des nombres d'établissements et de classes  de l'enseignement secondaire technique et professionnel des secteurs public et privé par région","Centre-Sud","Etablissements","Nombre","2018","3"
"Evolution des nombres d'établissements et de classes  de l'enseignement secondaire technique et professionnel des secteurs public et privé par région","Centre-Sud","Etablissements","Nombre","2019","3"
"Evolution des nombres d'établissements et de classes  de l'enseignement secondaire technique et professionnel des secteurs public et privé par région","Centre-Sud","Etablissements","Nombre","2020","4"
"Evolution des nombres d'établissements et de classes  de l'enseignement secondaire technique et professionnel des secteurs public et privé par région","Centre-Sud","Etablissements","Nombre","2021","4"
"Evolution des nombres d'établissements et de classes  de l'enseignement secondaire technique et professionnel des secteurs public et privé par région","Centre-Sud","Etablissements","Nombre","2022","5"
"Evolution des nombres d'établissements et de classes  de l'enseignement secondaire technique et professionnel des secteurs public et privé par région","Centre-Sud","Etablissements","Nombre","2023","6"
"Evolution des nombres d'établissements et de classes  de l'enseignement secondaire technique et professionnel des secteurs public et privé par région","Centre-Sud","Classes","Nombre","1997","0"
"Evolution des nombres d'établissements et de classes  de l'enseignement secondaire technique et professionnel des secteurs public et privé par région","Centre-Sud","Classes","Nombre","1998","0"
"Evolution des nombres d'établissements et de classes  de l'enseignement secondaire technique et professionnel des secteurs public et privé par région","Centre-Sud","Classes","Nombre","1999","0"
"Evolution des nombres d'établissements et de classes  de l'enseignement secondaire technique et professionnel des secteurs public et privé par région","Centre-Sud","Classes","Nombre","2000","0"
"Evolution des nombres d'établissements et de classes  de l'enseignement secondaire technique et professionnel des secteurs public et privé par région","Centre-Sud","Classes","Nombre","2001","0"
"Evolution des nombres d'établissements et de classes  de l'enseignement secondaire technique et professionnel des secteurs public et privé par région","Centre-Sud","Classes","Nombre","2002","0"
"Evolution des nombres d'établissements et de classes  de l'enseignement secondaire technique et professionnel des secteurs public et privé par région","Centre-Sud","Classes","Nombre","2003","0"
"Evolution des nombres d'établissements et de classes  de l'enseignement secondaire technique et professionnel des secteurs public et privé par région","Centre-Sud","Classes","Nombre","2004","0"
"Evolution des nombres d'établissements et de classes  de l'enseignement secondaire technique et professionnel des secteurs public et privé par région","Centre-Sud","Classes","Nombre","2005","4"
"Evolution des nombres d'établissements et de classes  de l'enseignement secondaire technique et professionnel des secteurs public et privé par région","Centre-Sud","Classes","Nombre","2006","3"
"Evolution des nombres d'établissements et de classes  de l'enseignement secondaire technique et professionnel des secteurs public et privé par région","Centre-Sud","Classes","Nombre","2007","3"
"Evolution des nombres d'établissements et de classes  de l'enseignement secondaire technique et professionnel des secteurs public et privé par région","Centre-Sud","Classes","Nombre","2008","7"
"Evolution des nombres d'établissements et de classes  de l'enseignement secondaire technique et professionnel des secteurs public et privé par région","Centre-Sud","Classes","Nombre","2009","3"
"Evolution des nombres d'établissements et de classes  de l'enseignement secondaire technique et professionnel des secteurs public et privé par région","Centre-Sud","Classes","Nombre","2010","6"
"Evolution des nombres d'établissements et de classes  de l'enseignement secondaire technique et professionnel des secteurs public et privé par région","Centre-Sud","Classes","Nombre","2011","9"
"Evolution des nombres d'établissements et de classes  de l'enseignement secondaire technique et professionnel des secteurs public et privé par région","Centre-Sud","Classes","Nombre","2012","9"
"Evolution des nombres d'établissements et de classes  de l'enseignement secondaire technique et professionnel des secteurs public et privé par région","Centre-Sud","Classes","Nombre","2013","5"
"Evolution des nombres d'établissements et de classes  de l'enseignement secondaire technique et professionnel des secteurs public et privé par région","Centre-Sud","Classes","Nombre","2014","4"
"Evolution des nombres d'établissements et de classes  de l'enseignement secondaire technique et professionnel des secteurs public et privé par région","Centre-Sud","Classes","Nombre","2015","3"
"Evolution des nombres d'établissements et de classes  de l'enseignement secondaire technique et professionnel des secteurs public et privé par région","Centre-Sud","Classes","Nombre","2016","12"
"Evolution des nombres d'établissements et de classes  de l'enseignement secondaire technique et professionnel des secteurs public et privé par région","Centre-Sud","Classes","Nombre","2017","14"
"Evolution des nombres d'établissements et de classes  de l'enseignement secondaire technique et professionnel des secteurs public et privé par région","Centre-Sud","Classes","Nombre","2018","16"
"Evolution des nombres d'établissements et de classes  de l'enseignement secondaire technique et professionnel des secteurs public et privé par région","Centre-Sud","Classes","Nombre","2019","15"
"Evolution des nombres d'établissements et de classes  de l'enseignement secondaire technique et professionnel des secteurs public et privé par région","Centre-Sud","Classes","Nombre","2020","21"
"Evolution des nombres d'établissements et de classes  de l'enseignement secondaire technique et professionnel des secteurs public et privé par région","Centre-Sud","Classes","Nombre","2021","16"
"Evolution des nombres d'établissements et de classes  de l'enseignement secondaire technique et professionnel des secteurs public et privé par région","Centre-Sud","Classes","Nombre","2022","26"
"Evolution des nombres d'établissements et de classes  de l'enseignement secondaire technique et professionnel des secteurs public et privé par région","Centre-Sud","Classes","Nombre","2023","72"
"Evolution des nombres d'établissements et de classes  de l'enseignement secondaire technique et professionnel des secteurs public et privé par région","Est","Etablissements","Nombre","1997","1"
"Evolution des nombres d'établissements et de classes  de l'enseignement secondaire technique et professionnel des secteurs public et privé par région","Est","Etablissements","Nombre","1998","1"
"Evolution des nombres d'établissements et de classes  de l'enseignement secondaire technique et professionnel des secteurs public et privé par région","Est","Etablissements","Nombre","1999","2"
"Evolution des nombres d'établissements et de classes  de l'enseignement secondaire technique et professionnel des secteurs public et privé par région","Est","Etablissements","Nombre","2000","3"
"Evolution des nombres d'établissements et de classes  de l'enseignement secondaire technique et professionnel des secteurs public et privé par région","Est","Etablissements","Nombre","2001","3"
"Evolution des nombres d'établissements et de classes  de l'enseignement secondaire technique et professionnel des secteurs public et privé par région","Est","Etablissements","Nombre","2002","3"
"Evolution des nombres d'établissements et de classes  de l'enseignement secondaire technique et professionnel des secteurs public et privé par région","Est","Etablissements","Nombre","2003","4"
"Evolution des nombres d'établissements et de classes  de l'enseignement secondaire technique et professionnel des secteurs public et privé par région","Est","Etablissements","Nombre","2004","4"
"Evolution des nombres d'établissements et de classes  de l'enseignement secondaire technique et professionnel des secteurs public et privé par région","Est","Etablissements","Nombre","2005","4"
"Evolution des nombres d'établissements et de classes  de l'enseignement secondaire technique et professionnel des secteurs public et privé par région","Est","Etablissements","Nombre","2006","4"
"Evolution des nombres d'établissements et de classes  de l'enseignement secondaire technique et professionnel des secteurs public et privé par région","Est","Etablissements","Nombre","2007","4"
"Evolution des nombres d'établissements et de classes  de l'enseignement secondaire technique et professionnel des secteurs public et privé par région","Est","Etablissements","Nombre","2008","4"
"Evolution des nombres d'établissements et de classes  de l'enseignement secondaire technique et professionnel des secteurs public et privé par région","Est","Etablissements","Nombre","2009","4"
"Evolution des nombres d'établissements et de classes  de l'enseignement secondaire technique et professionnel des secteurs public et privé par région","Est","Etablissements","Nombre","2010","3"
"Evolution des nombres d'établissements et de classes  de l'enseignement secondaire technique et professionnel des secteurs public et privé par région","Est","Etablissements","Nombre","2011","3"
"Evolution des nombres d'établissements et de classes  de l'enseignement secondaire technique et professionnel des secteurs public et privé par région","Est","Etablissements","Nombre","2012","3"
"Evolution des nombres d'établissements et de classes  de l'enseignement secondaire technique et professionnel des secteurs public et privé par région","Est","Etablissements","Nombre","2013","4"
"Evolution des nombres d'établissements et de classes  de l'enseignement secondaire technique et professionnel des secteurs public et privé par région","Est","Etablissements","Nombre","2014","4"
"Evolution des nombres d'établissements et de classes  de l'enseignement secondaire technique et professionnel des secteurs public et privé par région","Est","Etablissements","Nombre","2015","3"
"Evolution des nombres d'établissements et de classes  de l'enseignement secondaire technique et professionnel des secteurs public et privé par région","Est","Etablissements","Nombre","2016","4"
"Evolution des nombres d'établissements et de classes  de l'enseignement secondaire technique et professionnel des secteurs public et privé par région","Est","Etablissements","Nombre","2017","5"
"Evolution des nombres d'établissements et de classes  de l'enseignement secondaire technique et professionnel des secteurs public et privé par région","Est","Etablissements","Nombre","2018","5"
"Evolution des nombres d'établissements et de classes  de l'enseignement secondaire technique et professionnel des secteurs public et privé par région","Est","Etablissements","Nombre","2019","5"
"Evolution des nombres d'établissements et de classes  de l'enseignement secondaire technique et professionnel des secteurs public et privé par région","Est","Etablissements","Nombre","2020","5"
"Evolution des nombres d'établissements et de classes  de l'enseignement secondaire technique et professionnel des secteurs public et privé par région","Est","Etablissements","Nombre","2021","5"
"Evolution des nombres d'établissements et de classes  de l'enseignement secondaire technique et professionnel des secteurs public et privé par région","Est","Etablissements","Nombre","2022","5"
"Evolution des nombres d'établissements et de classes  de l'enseignement secondaire technique et professionnel des secteurs public et privé par région","Est","Etablissements","Nombre","2023","6"
"Evolution des nombres d'établissements et de classes  de l'enseignement secondaire technique et professionnel des secteurs public et privé par région","Est","Classes","Nombre","1997","10"
"Evolution des nombres d'établissements et de classes  de l'enseignement secondaire technique et professionnel des secteurs public et privé par région","Est","Classes","Nombre","1998","10"
"Evolution des nombres d'établissements et de classes  de l'enseignement secondaire technique et professionnel des secteurs public et privé par région","Est","Classes","Nombre","1999","11"
"Evolution des nombres d'établissements et de classes  de l'enseignement secondaire technique et professionnel des secteurs public et privé par région","Est","Classes","Nombre","2000","13"
"Evolution des nombres d'établissements et de classes  de l'enseignement secondaire technique et professionnel des secteurs public et privé par région","Est","Classes","Nombre","2001","13"
"Evolution des nombres d'établissements et de classes  de l'enseignement secondaire technique et professionnel des secteurs public et privé par région","Est","Classes","Nombre","2002","27"
"Evolution des nombres d'établissements et de classes  de l'enseignement secondaire technique et professionnel des secteurs public et privé par région","Est","Classes","Nombre","2003","18"
"Evolution des nombres d'établissements et de classes  de l'enseignement secondaire technique et professionnel des secteurs public et privé par région","Est","Classes","Nombre","2004","20"
"Evolution des nombres d'établissements et de classes  de l'enseignement secondaire technique et professionnel des secteurs public et privé par région","Est","Classes","Nombre","2005","20"
"Evolution des nombres d'établissements et de classes  de l'enseignement secondaire technique et professionnel des secteurs public et privé par région","Est","Classes","Nombre","2006","19"
"Evolution des nombres d'établissements et de classes  de l'enseignement secondaire technique et professionnel des secteurs public et privé par région","Est","Classes","Nombre","2007","13"
"Evolution des nombres d'établissements et de classes  de l'enseignement secondaire technique et professionnel des secteurs public et privé par région","Est","Classes","Nombre","2008","17"
"Evolution des nombres d'établissements et de classes  de l'enseignement secondaire technique et professionnel des secteurs public et privé par région","Est","Classes","Nombre","2009","25"
"Evolution des nombres d'établissements et de classes  de l'enseignement secondaire technique et professionnel des secteurs public et privé par région","Est","Classes","Nombre","2010","22"
"Evolution des nombres d'établissements et de classes  de l'enseignement secondaire technique et professionnel des secteurs public et privé par région","Est","Classes","Nombre","2011","24"
"Evolution des nombres d'établissements et de classes  de l'enseignement secondaire technique et professionnel des secteurs public et privé par région","Est","Classes","Nombre","2012","24"
"Evolution des nombres d'établissements et de classes  de l'enseignement secondaire technique et professionnel des secteurs public et privé par région","Est","Classes","Nombre","2013","25"
"Evolution des nombres d'établissements et de classes  de l'enseignement secondaire technique et professionnel des secteurs public et privé par région","Est","Classes","Nombre","2014","25"
"Evolution des nombres d'établissements et de classes  de l'enseignement secondaire technique et professionnel des secteurs public et privé par région","Est","Classes","Nombre","2015","24"
"Evolution des nombres d'établissements et de classes  de l'enseignement secondaire technique et professionnel des secteurs public et privé par région","Est","Classes","Nombre","2016","22"
"Evolution des nombres d'établissements et de classes  de l'enseignement secondaire technique et professionnel des secteurs public et privé par région","Est","Classes","Nombre","2017","26"
"Evolution des nombres d'établissements et de classes  de l'enseignement secondaire technique et professionnel des secteurs public et privé par région","Est","Classes","Nombre","2018","28"
"Evolution des nombres d'établissements et de classes  de l'enseignement secondaire technique et professionnel des secteurs public et privé par région","Est","Classes","Nombre","2019","37"
"Evolution des nombres d'établissements et de classes  de l'enseignement secondaire technique et professionnel des secteurs public et privé par région","Est","Classes","Nombre","2020","41"
"Evolution des nombres d'établissements et de classes  de l'enseignement secondaire technique et professionnel des secteurs public et privé par région","Est","Classes","Nombre","2021","33"
"Evolution des nombres d'établissements et de classes  de l'enseignement secondaire technique et professionnel des secteurs public et privé par région","Est","Classes","Nombre","2022","36"
"Evolution des nombres d'établissements et de classes  de l'enseignement secondaire technique et professionnel des secteurs public et privé par région","Est","Classes","Nombre","2023","46"
"Evolution des nombres d'établissements et de classes  de l'enseignement secondaire technique et professionnel des secteurs public et privé par région","Hauts-Bassins","Etablissements","Nombre","1997","8"
"Evolution des nombres d'établissements et de classes  de l'enseignement secondaire technique et professionnel des secteurs public et privé par région","Hauts-Bassins","Etablissements","Nombre","1998","10"
"Evolution des nombres d'établissements et de classes  de l'enseignement secondaire technique et professionnel des secteurs public et privé par région","Hauts-Bassins","Etablissements","Nombre","1999","9"
"Evolution des nombres d'établissements et de classes  de l'enseignement secondaire technique et professionnel des secteurs public et privé par région","Hauts-Bassins","Etablissements","Nombre","2000","9"
"Evolution des nombres d'établissements et de classes  de l'enseignement secondaire technique et professionnel des secteurs public et privé par région","Hauts-Bassins","Etablissements","Nombre","2001","9"
"Evolution des nombres d'établissements et de classes  de l'enseignement secondaire technique et professionnel des secteurs public et privé par région","Hauts-Bassins","Etablissements","Nombre","2002","9"
"Evolution des nombres d'établissements et de classes  de l'enseignement secondaire technique et professionnel des secteurs public et privé par région","Hauts-Bassins","Etablissements","Nombre","2003","10"
"Evolution des nombres d'établissements et de classes  de l'enseignement secondaire technique et professionnel des secteurs public et privé par région","Hauts-Bassins","Etablissements","Nombre","2004","9"
"Evolution des nombres d'établissements et de classes  de l'enseignement secondaire technique et professionnel des secteurs public et privé par région","Hauts-Bassins","Etablissements","Nombre","2005","11"
"Evolution des nombres d'établissements et de classes  de l'enseignement secondaire technique et professionnel des secteurs public et privé par région","Hauts-Bassins","Etablissements","Nombre","2006","16"
"Evolution des nombres d'établissements et de classes  de l'enseignement secondaire technique et professionnel des secteurs public et privé par région","Hauts-Bassins","Etablissements","Nombre","2007","20"
"Evolution des nombres d'établissements et de classes  de l'enseignement secondaire technique et professionnel des secteurs public et privé par région","Hauts-Bassins","Etablissements","Nombre","2008","23"
"Evolution des nombres d'établissements et de classes  de l'enseignement secondaire technique et professionnel des secteurs public et privé par région","Hauts-Bassins","Etablissements","Nombre","2009","26"
"Evolution des nombres d'établissements et de classes  de l'enseignement secondaire technique et professionnel des secteurs public et privé par région","Hauts-Bassins","Etablissements","Nombre","2010","25"
"Evolution des nombres d'établissements et de classes  de l'enseignement secondaire technique et professionnel des secteurs public et privé par région","Hauts-Bassins","Etablissements","Nombre","2011","25"
"Evolution des nombres d'établissements et de classes  de l'enseignement secondaire technique et professionnel des secteurs public et privé par région","Hauts-Bassins","Etablissements","Nombre","2012","29"
"Evolution des nombres d'établissements et de classes  de l'enseignement secondaire technique et professionnel des secteurs public et privé par région","Hauts-Bassins","Etablissements","Nombre","2013","30"
"Evolution des nombres d'établissements et de classes  de l'enseignement secondaire technique et professionnel des secteurs public et privé par région","Hauts-Bassins","Etablissements","Nombre","2014","28"
"Evolution des nombres d'établissements et de classes  de l'enseignement secondaire technique et professionnel des secteurs public et privé par région","Hauts-Bassins","Etablissements","Nombre","2015","28"
"Evolution des nombres d'établissements et de classes  de l'enseignement secondaire technique et professionnel des secteurs public et privé par région","Hauts-Bassins","Etablissements","Nombre","2016","30"
"Evolution des nombres d'établissements et de classes  de l'enseignement secondaire technique et professionnel des secteurs public et privé par région","Hauts-Bassins","Etablissements","Nombre","2017","32"
"Evolution des nombres d'établissements et de classes  de l'enseignement secondaire technique et professionnel des secteurs public et privé par région","Hauts-Bassins","Etablissements","Nombre","2018","27"
"Evolution des nombres d'établissements et de classes  de l'enseignement secondaire technique et professionnel des secteurs public et privé par région","Hauts-Bassins","Etablissements","Nombre","2019","26"
"Evolution des nombres d'établissements et de classes  de l'enseignement secondaire technique et professionnel des secteurs public et privé par région","Hauts-Bassins","Etablissements","Nombre","2020","27"
"Evolution des nombres d'établissements et de classes  de l'enseignement secondaire technique et professionnel des secteurs public et privé par région","Hauts-Bassins","Etablissements","Nombre","2021","26"
"Evolution des nombres d'établissements et de classes  de l'enseignement secondaire technique et professionnel des secteurs public et privé par région","Hauts-Bassins","Etablissements","Nombre","2022","27"
"Evolution des nombres d'établissements et de classes  de l'enseignement secondaire technique et professionnel des secteurs public et privé par région","Hauts-Bassins","Etablissements","Nombre","2023","30"
"Evolution des nombres d'établissements et de classes  de l'enseignement secondaire technique et professionnel des secteurs public et privé par région","Hauts-Bassins","Classes","Nombre","1997","52"
"Evolution des nombres d'établissements et de classes  de l'enseignement secondaire technique et professionnel des secteurs public et privé par région","Hauts-Bassins","Classes","Nombre","1998","52"
"Evolution des nombres d'établissements et de classes  de l'enseignement secondaire technique et professionnel des secteurs public et privé par région","Hauts-Bassins","Classes","Nombre","1999","50"
"Evolution des nombres d'établissements et de classes  de l'enseignement secondaire technique et professionnel des secteurs public et privé par région","Hauts-Bassins","Classes","Nombre","2000","59"
"Evolution des nombres d'établissements et de classes  de l'enseignement secondaire technique et professionnel des secteurs public et privé par région","Hauts-Bassins","Classes","Nombre","2001","59"
"Evolution des nombres d'établissements et de classes  de l'enseignement secondaire technique et professionnel des secteurs public et privé par région","Hauts-Bassins","Classes","Nombre","2002","54"
"Evolution des nombres d'établissements et de classes  de l'enseignement secondaire technique et professionnel des secteurs public et privé par région","Hauts-Bassins","Classes","Nombre","2003","70"
"Evolution des nombres d'établissements et de classes  de l'enseignement secondaire technique et professionnel des secteurs public et privé par région","Hauts-Bassins","Classes","Nombre","2004","85"
"Evolution des nombres d'établissements et de classes  de l'enseignement secondaire technique et professionnel des secteurs public et privé par région","Hauts-Bassins","Classes","Nombre","2005","84"
"Evolution des nombres d'établissements et de classes  de l'enseignement secondaire technique et professionnel des secteurs public et privé par région","Hauts-Bassins","Classes","Nombre","2006","107"
"Evolution des nombres d'établissements et de classes  de l'enseignement secondaire technique et professionnel des secteurs public et privé par région","Hauts-Bassins","Classes","Nombre","2007","117"
"Evolution des nombres d'établissements et de classes  de l'enseignement secondaire technique et professionnel des secteurs public et privé par région","Hauts-Bassins","Classes","Nombre","2008","125"
"Evolution des nombres d'établissements et de classes  de l'enseignement secondaire technique et professionnel des secteurs public et privé par région","Hauts-Bassins","Classes","Nombre","2009","134"
"Evolution des nombres d'établissements et de classes  de l'enseignement secondaire technique et professionnel des secteurs public et privé par région","Hauts-Bassins","Classes","Nombre","2010","119"
"Evolution des nombres d'établissements et de classes  de l'enseignement secondaire technique et professionnel des secteurs public et privé par région","Hauts-Bassins","Classes","Nombre","2011","135"
"Evolution des nombres d'établissements et de classes  de l'enseignement secondaire technique et professionnel des secteurs public et privé par région","Hauts-Bassins","Classes","Nombre","2012","135"
"Evolution des nombres d'établissements et de classes  de l'enseignement secondaire technique et professionnel des secteurs public et privé par région","Hauts-Bassins","Classes","Nombre","2013","149"
"Evolution des nombres d'établissements et de classes  de l'enseignement secondaire technique et professionnel des secteurs public et privé par région","Hauts-Bassins","Classes","Nombre","2014","151"
"Evolution des nombres d'établissements et de classes  de l'enseignement secondaire technique et professionnel des secteurs public et privé par région","Hauts-Bassins","Classes","Nombre","2015","143"
"Evolution des nombres d'établissements et de classes  de l'enseignement secondaire technique et professionnel des secteurs public et privé par région","Hauts-Bassins","Classes","Nombre","2016","141"
"Evolution des nombres d'établissements et de classes  de l'enseignement secondaire technique et professionnel des secteurs public et privé par région","Hauts-Bassins","Classes","Nombre","2017","139"
"Evolution des nombres d'établissements et de classes  de l'enseignement secondaire technique et professionnel des secteurs public et privé par région","Hauts-Bassins","Classes","Nombre","2018","141"
"Evolution des nombres d'établissements et de classes  de l'enseignement secondaire technique et professionnel des secteurs public et privé par région","Hauts-Bassins","Classes","Nombre","2019","115"
"Evolution des nombres d'établissements et de classes  de l'enseignement secondaire technique et professionnel des secteurs public et privé par région","Hauts-Bassins","Classes","Nombre","2020","136"
"Evolution des nombres d'établissements et de classes  de l'enseignement secondaire technique et professionnel des secteurs public et privé par région","Hauts-Bassins","Classes","Nombre","2021","134"
"Evolution des nombres d'établissements et de classes  de l'enseignement secondaire technique et professionnel des secteurs public et privé par région","Hauts-Bassins","Classes","Nombre","2022","174"
"Evolution des nombres d'établissements et de classes  de l'enseignement secondaire technique et professionnel des secteurs public et privé par région","Hauts-Bassins","Classes","Nombre","2023","193"
"Evolution des nombres d'établissements et de classes  de l'enseignement secondaire technique et professionnel des secteurs public et privé par région","Nord","Etablissements","Nombre","1997","2"
"Evolution des nombres d'établissements et de classes  de l'enseignement secondaire technique et professionnel des secteurs public et privé par région","Nord","Etablissements","Nombre","1998","3"
"Evolution des nombres d'établissements et de classes  de l'enseignement secondaire technique et professionnel des secteurs public et privé par région","Nord","Etablissements","Nombre","1999","2"
"Evolution des nombres d'établissements et de classes  de l'enseignement secondaire technique et professionnel des secteurs public et privé par région","Nord","Etablissements","Nombre","2000","2"
"Evolution des nombres d'établissements et de classes  de l'enseignement secondaire technique et professionnel des secteurs public et privé par région","Nord","Etablissements","Nombre","2001","2"
"Evolution des nombres d'établissements et de classes  de l'enseignement secondaire technique et professionnel des secteurs public et privé par région","Nord","Etablissements","Nombre","2002","3"
"Evolution des nombres d'établissements et de classes  de l'enseignement secondaire technique et professionnel des secteurs public et privé par région","Nord","Etablissements","Nombre","2003","3"
"Evolution des nombres d'établissements et de classes  de l'enseignement secondaire technique et professionnel des secteurs public et privé par région","Nord","Etablissements","Nombre","2004","2"
"Evolution des nombres d'établissements et de classes  de l'enseignement secondaire technique et professionnel des secteurs public et privé par région","Nord","Etablissements","Nombre","2005","2"
"Evolution des nombres d'établissements et de classes  de l'enseignement secondaire technique et professionnel des secteurs public et privé par région","Nord","Etablissements","Nombre","2006","2"
"Evolution des nombres d'établissements et de classes  de l'enseignement secondaire technique et professionnel des secteurs public et privé par région","Nord","Etablissements","Nombre","2007","2"
"Evolution des nombres d'établissements et de classes  de l'enseignement secondaire technique et professionnel des secteurs public et privé par région","Nord","Etablissements","Nombre","2008","4"
"Evolution des nombres d'établissements et de classes  de l'enseignement secondaire technique et professionnel des secteurs public et privé par région","Nord","Etablissements","Nombre","2009","3"
"Evolution des nombres d'établissements et de classes  de l'enseignement secondaire technique et professionnel des secteurs public et privé par région","Nord","Etablissements","Nombre","2010","5"
"Evolution des nombres d'établissements et de classes  de l'enseignement secondaire technique et professionnel des secteurs public et privé par région","Nord","Etablissements","Nombre","2011","5"
"Evolution des nombres d'établissements et de classes  de l'enseignement secondaire technique et professionnel des secteurs public et privé par région","Nord","Etablissements","Nombre","2012","6"
"Evolution des nombres d'établissements et de classes  de l'enseignement secondaire technique et professionnel des secteurs public et privé par région","Nord","Etablissements","Nombre","2013","4"
"Evolution des nombres d'établissements et de classes  de l'enseignement secondaire technique et professionnel des secteurs public et privé par région","Nord","Etablissements","Nombre","2014","3"
"Evolution des nombres d'établissements et de classes  de l'enseignement secondaire technique et professionnel des secteurs public et privé par région","Nord","Etablissements","Nombre","2015","4"
"Evolution des nombres d'établissements et de classes  de l'enseignement secondaire technique et professionnel des secteurs public et privé par région","Nord","Etablissements","Nombre","2016","3"
"Evolution des nombres d'établissements et de classes  de l'enseignement secondaire technique et professionnel des secteurs public et privé par région","Nord","Etablissements","Nombre","2017","3"
"Evolution des nombres d'établissements et de classes  de l'enseignement secondaire technique et professionnel des secteurs public et privé par région","Nord","Etablissements","Nombre","2018","3"
"Evolution des nombres d'établissements et de classes  de l'enseignement secondaire technique et professionnel des secteurs public et privé par région","Nord","Etablissements","Nombre","2019","3"
"Evolution des nombres d'établissements et de classes  de l'enseignement secondaire technique et professionnel des secteurs public et privé par région","Nord","Etablissements","Nombre","2020","4"
"Evolution des nombres d'établissements et de classes  de l'enseignement secondaire technique et professionnel des secteurs public et privé par région","Nord","Etablissements","Nombre","2021","6"
"Evolution des nombres d'établissements et de classes  de l'enseignement secondaire technique et professionnel des secteurs public et privé par région","Nord","Etablissements","Nombre","2022","6"
"Evolution des nombres d'établissements et de classes  de l'enseignement secondaire technique et professionnel des secteurs public et privé par région","Nord","Etablissements","Nombre","2023","8"
"Evolution des nombres d'établissements et de classes  de l'enseignement secondaire technique et professionnel des secteurs public et privé par région","Nord","Classes","Nombre","1997","7"
"Evolution des nombres d'établissements et de classes  de l'enseignement secondaire technique et professionnel des secteurs public et privé par région","Nord","Classes","Nombre","1998","11"
"Evolution des nombres d'établissements et de classes  de l'enseignement secondaire technique et professionnel des secteurs public et privé par région","Nord","Classes","Nombre","1999","8"
"Evolution des nombres d'établissements et de classes  de l'enseignement secondaire technique et professionnel des secteurs public et privé par région","Nord","Classes","Nombre","2000","8"
"Evolution des nombres d'établissements et de classes  de l'enseignement secondaire technique et professionnel des secteurs public et privé par région","Nord","Classes","Nombre","2001","10"
"Evolution des nombres d'établissements et de classes  de l'enseignement secondaire technique et professionnel des secteurs public et privé par région","Nord","Classes","Nombre","2002","12"
"Evolution des nombres d'établissements et de classes  de l'enseignement secondaire technique et professionnel des secteurs public et privé par région","Nord","Classes","Nombre","2003","14"
"Evolution des nombres d'établissements et de classes  de l'enseignement secondaire technique et professionnel des secteurs public et privé par région","Nord","Classes","Nombre","2004","17"
"Evolution des nombres d'établissements et de classes  de l'enseignement secondaire technique et professionnel des secteurs public et privé par région","Nord","Classes","Nombre","2005","12"
"Evolution des nombres d'établissements et de classes  de l'enseignement secondaire technique et professionnel des secteurs public et privé par région","Nord","Classes","Nombre","2006","16"
"Evolution des nombres d'établissements et de classes  de l'enseignement secondaire technique et professionnel des secteurs public et privé par région","Nord","Classes","Nombre","2007","12"
"Evolution des nombres d'établissements et de classes  de l'enseignement secondaire technique et professionnel des secteurs public et privé par région","Nord","Classes","Nombre","2008","13"
"Evolution des nombres d'établissements et de classes  de l'enseignement secondaire technique et professionnel des secteurs public et privé par région","Nord","Classes","Nombre","2009","23"
"Evolution des nombres d'établissements et de classes  de l'enseignement secondaire technique et professionnel des secteurs public et privé par région","Nord","Classes","Nombre","2010","21"
"Evolution des nombres d'établissements et de classes  de l'enseignement secondaire technique et professionnel des secteurs public et privé par région","Nord","Classes","Nombre","2011","21"
"Evolution des nombres d'établissements et de classes  de l'enseignement secondaire technique et professionnel des secteurs public et privé par région","Nord","Classes","Nombre","2012","21"
"Evolution des nombres d'établissements et de classes  de l'enseignement secondaire technique et professionnel des secteurs public et privé par région","Nord","Classes","Nombre","2013","23"
"Evolution des nombres d'établissements et de classes  de l'enseignement secondaire technique et professionnel des secteurs public et privé par région","Nord","Classes","Nombre","2014","29"
"Evolution des nombres d'établissements et de classes  de l'enseignement secondaire technique et professionnel des secteurs public et privé par région","Nord","Classes","Nombre","2015","15"
"Evolution des nombres d'établissements et de classes  de l'enseignement secondaire technique et professionnel des secteurs public et privé par région","Nord","Classes","Nombre","2016","22"
"Evolution des nombres d'établissements et de classes  de l'enseignement secondaire technique et professionnel des secteurs public et privé par région","Nord","Classes","Nombre","2017","21"
"Evolution des nombres d'établissements et de classes  de l'enseignement secondaire technique et professionnel des secteurs public et privé par région","Nord","Classes","Nombre","2018","26"
"Evolution des nombres d'établissements et de classes  de l'enseignement secondaire technique et professionnel des secteurs public et privé par région","Nord","Classes","Nombre","2019","32"
"Evolution des nombres d'établissements et de classes  de l'enseignement secondaire technique et professionnel des secteurs public et privé par région","Nord","Classes","Nombre","2020","37"
"Evolution des nombres d'établissements et de classes  de l'enseignement secondaire technique et professionnel des secteurs public et privé par région","Nord","Classes","Nombre","2021","48"
"Evolution des nombres d'établissements et de classes  de l'enseignement secondaire technique et professionnel des secteurs public et privé par région","Nord","Classes","Nombre","2022","50"
"Evolution des nombres d'établissements et de classes  de l'enseignement secondaire technique et professionnel des secteurs public et privé par région","Nord","Classes","Nombre","2023","60"
"Evolution des nombres d'établissements et de classes  de l'enseignement secondaire technique et professionnel des secteurs public et privé par région","Plateau Central","Etablissements","Nombre","1997","0"
"Evolution des nombres d'établissements et de classes  de l'enseignement secondaire technique et professionnel des secteurs public et privé par région","Plateau Central","Etablissements","Nombre","1998","0"
"Evolution des nombres d'établissements et de classes  de l'enseignement secondaire technique et professionnel des secteurs public et privé par région","Plateau Central","Etablissements","Nombre","1999","0"
"Evolution des nombres d'établissements et de classes  de l'enseignement secondaire technique et professionnel des secteurs public et privé par région","Plateau Central","Etablissements","Nombre","2000","0"
"Evolution des nombres d'établissements et de classes  de l'enseignement secondaire technique et professionnel des secteurs public et privé par région","Plateau Central","Etablissements","Nombre","2001","0"
"Evolution des nombres d'établissements et de classes  de l'enseignement secondaire technique et professionnel des secteurs public et privé par région","Plateau Central","Etablissements","Nombre","2002","0"
"Evolution des nombres d'établissements et de classes  de l'enseignement secondaire technique et professionnel des secteurs public et privé par région","Plateau Central","Etablissements","Nombre","2003","0"
"Evolution des nombres d'établissements et de classes  de l'enseignement secondaire technique et professionnel des secteurs public et privé par région","Plateau Central","Etablissements","Nombre","2004","0"
"Evolution des nombres d'établissements et de classes  de l'enseignement secondaire technique et professionnel des secteurs public et privé par région","Plateau Central","Etablissements","Nombre","2005","0"
"Evolution des nombres d'établissements et de classes  de l'enseignement secondaire technique et professionnel des secteurs public et privé par région","Plateau Central","Etablissements","Nombre","2006","0"
"Evolution des nombres d'établissements et de classes  de l'enseignement secondaire technique et professionnel des secteurs public et privé par région","Plateau Central","Etablissements","Nombre","2007","0"
"Evolution des nombres d'établissements et de classes  de l'enseignement secondaire technique et professionnel des secteurs public et privé par région","Plateau Central","Etablissements","Nombre","2008","0"
"Evolution des nombres d'établissements et de classes  de l'enseignement secondaire technique et professionnel des secteurs public et privé par région","Plateau Central","Etablissements","Nombre","2009","0"
"Evolution des nombres d'établissements et de classes  de l'enseignement secondaire technique et professionnel des secteurs public et privé par région","Plateau Central","Etablissements","Nombre","2010","1"
"Evolution des nombres d'établissements et de classes  de l'enseignement secondaire technique et professionnel des secteurs public et privé par région","Plateau Central","Etablissements","Nombre","2011","1"
"Evolution des nombres d'établissements et de classes  de l'enseignement secondaire technique et professionnel des secteurs public et privé par région","Plateau Central","Etablissements","Nombre","2012","1"
"Evolution des nombres d'établissements et de classes  de l'enseignement secondaire technique et professionnel des secteurs public et privé par région","Plateau Central","Etablissements","Nombre","2013","1"
"Evolution des nombres d'établissements et de classes  de l'enseignement secondaire technique et professionnel des secteurs public et privé par région","Plateau Central","Etablissements","Nombre","2014","1"
"Evolution des nombres d'établissements et de classes  de l'enseignement secondaire technique et professionnel des secteurs public et privé par région","Plateau Central","Etablissements","Nombre","2015","0"
"Evolution des nombres d'établissements et de classes  de l'enseignement secondaire technique et professionnel des secteurs public et privé par région","Plateau Central","Etablissements","Nombre","2016","2"
"Evolution des nombres d'établissements et de classes  de l'enseignement secondaire technique et professionnel des secteurs public et privé par région","Plateau Central","Etablissements","Nombre","2017","2"
"Evolution des nombres d'établissements et de classes  de l'enseignement secondaire technique et professionnel des secteurs public et privé par région","Plateau Central","Etablissements","Nombre","2018","2"
"Evolution des nombres d'établissements et de classes  de l'enseignement secondaire technique et professionnel des secteurs public et privé par région","Plateau Central","Etablissements","Nombre","2019","2"
"Evolution des nombres d'établissements et de classes  de l'enseignement secondaire technique et professionnel des secteurs public et privé par région","Plateau Central","Etablissements","Nombre","2020","3"
"Evolution des nombres d'établissements et de classes  de l'enseignement secondaire technique et professionnel des secteurs public et privé par région","Plateau Central","Etablissements","Nombre","2021","5"
"Evolution des nombres d'établissements et de classes  de l'enseignement secondaire technique et professionnel des secteurs public et privé par région","Plateau Central","Etablissements","Nombre","2022","5"
"Evolution des nombres d'établissements et de classes  de l'enseignement secondaire technique et professionnel des secteurs public et privé par région","Plateau Central","Etablissements","Nombre","2023","5"
"Evolution des nombres d'établissements et de classes  de l'enseignement secondaire technique et professionnel des secteurs public et privé par région","Plateau Central","Classes","Nombre","1997","0"
"Evolution des nombres d'établissements et de classes  de l'enseignement secondaire technique et professionnel des secteurs public et privé par région","Plateau Central","Classes","Nombre","1998","0"
"Evolution des nombres d'établissements et de classes  de l'enseignement secondaire technique et professionnel des secteurs public et privé par région","Plateau Central","Classes","Nombre","1999","0"
"Evolution des nombres d'établissements et de classes  de l'enseignement secondaire technique et professionnel des secteurs public et privé par région","Plateau Central","Classes","Nombre","2000","0"
"Evolution des nombres d'établissements et de classes  de l'enseignement secondaire technique et professionnel des secteurs public et privé par région","Plateau Central","Classes","Nombre","2001","0"
"Evolution des nombres d'établissements et de classes  de l'enseignement secondaire technique et professionnel des secteurs public et privé par région","Plateau Central","Classes","Nombre","2002","0"
"Evolution des nombres d'établissements et de classes  de l'enseignement secondaire technique et professionnel des secteurs public et privé par région","Plateau Central","Classes","Nombre","2003","0"
"Evolution des nombres d'établissements et de classes  de l'enseignement secondaire technique et professionnel des secteurs public et privé par région","Plateau Central","Classes","Nombre","2004","0"
"Evolution des nombres d'établissements et de classes  de l'enseignement secondaire technique et professionnel des secteurs public et privé par région","Plateau Central","Classes","Nombre","2005","0"
"Evolution des nombres d'établissements et de classes  de l'enseignement secondaire technique et professionnel des secteurs public et privé par région","Plateau Central","Classes","Nombre","2006","0"
"Evolution des nombres d'établissements et de classes  de l'enseignement secondaire technique et professionnel des secteurs public et privé par région","Plateau Central","Classes","Nombre","2007","0"
"Evolution des nombres d'établissements et de classes  de l'enseignement secondaire technique et professionnel des secteurs public et privé par région","Plateau Central","Classes","Nombre","2008","0"
"Evolution des nombres d'établissements et de classes  de l'enseignement secondaire technique et professionnel des secteurs public et privé par région","Plateau Central","Classes","Nombre","2009","0"
"Evolution des nombres d'établissements et de classes  de l'enseignement secondaire technique et professionnel des secteurs public et privé par région","Plateau Central","Classes","Nombre","2010","1"
"Evolution des nombres d'établissements et de classes  de l'enseignement secondaire technique et professionnel des secteurs public et privé par région","Plateau Central","Classes","Nombre","2011","3"
"Evolution des nombres d'établissements et de classes  de l'enseignement secondaire technique et professionnel des secteurs public et privé par région","Plateau Central","Classes","Nombre","2012","3"
"Evolution des nombres d'établissements et de classes  de l'enseignement secondaire technique et professionnel des secteurs public et privé par région","Plateau Central","Classes","Nombre","2013","3"
"Evolution des nombres d'établissements et de classes  de l'enseignement secondaire technique et professionnel des secteurs public et privé par région","Plateau Central","Classes","Nombre","2014","3"
"Evolution des nombres d'établissements et de classes  de l'enseignement secondaire technique et professionnel des secteurs public et privé par région","Plateau Central","Classes","Nombre","2015","0"
"Evolution des nombres d'établissements et de classes  de l'enseignement secondaire technique et professionnel des secteurs public et privé par région","Plateau Central","Classes","Nombre","2016","2"
"Evolution des nombres d'établissements et de classes  de l'enseignement secondaire technique et professionnel des secteurs public et privé par région","Plateau Central","Classes","Nombre","2017","4"
"Evolution des nombres d'établissements et de classes  de l'enseignement secondaire technique et professionnel des secteurs public et privé par région","Plateau Central","Classes","Nombre","2018","6"
"Evolution des nombres d'établissements et de classes  de l'enseignement secondaire technique et professionnel des secteurs public et privé par région","Plateau Central","Classes","Nombre","2019","8"
"Evolution des nombres d'établissements et de classes  de l'enseignement secondaire technique et professionnel des secteurs public et privé par région","Plateau Central","Classes","Nombre","2020","8"
"Evolution des nombres d'établissements et de classes  de l'enseignement secondaire technique et professionnel des secteurs public et privé par région","Plateau Central","Classes","Nombre","2021","15"
"Evolution des nombres d'établissements et de classes  de l'enseignement secondaire technique et professionnel des secteurs public et privé par région","Plateau Central","Classes","Nombre","2022","16"
"Evolution des nombres d'établissements et de classes  de l'enseignement secondaire technique et professionnel des secteurs public et privé par région","Plateau Central","Classes","Nombre","2023","16"
"Evolution des nombres d'établissements et de classes  de l'enseignement secondaire technique et professionnel des secteurs public et privé par région","Sahel","Etablissements","Nombre","1997","0"
"Evolution des nombres d'établissements et de classes  de l'enseignement secondaire technique et professionnel des secteurs public et privé par région","Sahel","Etablissements","Nombre","1998","0"
"Evolution des nombres d'établissements et de classes  de l'enseignement secondaire technique et professionnel des secteurs public et privé par région","Sahel","Etablissements","Nombre","1999","0"
"Evolution des nombres d'établissements et de classes  de l'enseignement secondaire technique et professionnel des secteurs public et privé par région","Sahel","Etablissements","Nombre","2000","0"
"Evolution des nombres d'établissements et de classes  de l'enseignement secondaire technique et professionnel des secteurs public et privé par région","Sahel","Etablissements","Nombre","2001","0"
"Evolution des nombres d'établissements et de classes  de l'enseignement secondaire technique et professionnel des secteurs public et privé par région","Sahel","Etablissements","Nombre","2002","0"
"Evolution des nombres d'établissements et de classes  de l'enseignement secondaire technique et professionnel des secteurs public et privé par région","Sahel","Etablissements","Nombre","2003","0"
"Evolution des nombres d'établissements et de classes  de l'enseignement secondaire technique et professionnel des secteurs public et privé par région","Sahel","Etablissements","Nombre","2004","0"
"Evolution des nombres d'établissements et de classes  de l'enseignement secondaire technique et professionnel des secteurs public et privé par région","Sahel","Etablissements","Nombre","2005","0"
"Evolution des nombres d'établissements et de classes  de l'enseignement secondaire technique et professionnel des secteurs public et privé par région","Sahel","Etablissements","Nombre","2006","0"
"Evolution des nombres d'établissements et de classes  de l'enseignement secondaire technique et professionnel des secteurs public et privé par région","Sahel","Etablissements","Nombre","2007","0"
"Evolution des nombres d'établissements et de classes  de l'enseignement secondaire technique et professionnel des secteurs public et privé par région","Sahel","Etablissements","Nombre","2008","0"
"Evolution des nombres d'établissements et de classes  de l'enseignement secondaire technique et professionnel des secteurs public et privé par région","Sahel","Etablissements","Nombre","2009","0"
"Evolution des nombres d'établissements et de classes  de l'enseignement secondaire technique et professionnel des secteurs public et privé par région","Sahel","Etablissements","Nombre","2010","0"
"Evolution des nombres d'établissements et de classes  de l'enseignement secondaire technique et professionnel des secteurs public et privé par région","Sahel","Etablissements","Nombre","2011","0"
"Evolution des nombres d'établissements et de classes  de l'enseignement secondaire technique et professionnel des secteurs public et privé par région","Sahel","Etablissements","Nombre","2012","0"
"Evolution des nombres d'établissements et de classes  de l'enseignement secondaire technique et professionnel des secteurs public et privé par région","Sahel","Etablissements","Nombre","2013","0"
"Evolution des nombres d'établissements et de classes  de l'enseignement secondaire technique et professionnel des secteurs public et privé par région","Sahel","Etablissements","Nombre","2014","0"
"Evolution des nombres d'établissements et de classes  de l'enseignement secondaire technique et professionnel des secteurs public et privé par région","Sahel","Etablissements","Nombre","2015","0"
"Evolution des nombres d'établissements et de classes  de l'enseignement secondaire technique et professionnel des secteurs public et privé par région","Sahel","Etablissements","Nombre","2016","0"
"Evolution des nombres d'établissements et de classes  de l'enseignement secondaire technique et professionnel des secteurs public et privé par région","Sahel","Etablissements","Nombre","2017","0"
"Evolution des nombres d'établissements et de classes  de l'enseignement secondaire technique et professionnel des secteurs public et privé par région","Sahel","Etablissements","Nombre","2018","0"
"Evolution des nombres d'établissements et de classes  de l'enseignement secondaire technique et professionnel des secteurs public et privé par région","Sahel","Etablissements","Nombre","2019","1"
"Evolution des nombres d'établissements et de classes  de l'enseignement secondaire technique et professionnel des secteurs public et privé par région","Sahel","Etablissements","Nombre","2020","1"
"Evolution des nombres d'établissements et de classes  de l'enseignement secondaire technique et professionnel des secteurs public et privé par région","Sahel","Etablissements","Nombre","2021","1"
"Evolution des nombres d'établissements et de classes  de l'enseignement secondaire technique et professionnel des secteurs public et privé par région","Sahel","Etablissements","Nombre","2022","2"
"Evolution des nombres d'établissements et de classes  de l'enseignement secondaire technique et professionnel des secteurs public et privé par région","Sahel","Etablissements","Nombre","2023","2"
"Evolution des nombres d'établissements et de classes  de l'enseignement secondaire technique et professionnel des secteurs public et privé par région","Sahel","Classes","Nombre","1997","0"
"Evolution des nombres d'établissements et de classes  de l'enseignement secondaire technique et professionnel des secteurs public et privé par région","Sahel","Classes","Nombre","1998","0"
"Evolution des nombres d'établissements et de classes  de l'enseignement secondaire technique et professionnel des secteurs public et privé par région","Sahel","Classes","Nombre","1999","0"
"Evolution des nombres d'établissements et de classes  de l'enseignement secondaire technique et professionnel des secteurs public et privé par région","Sahel","Classes","Nombre","2000","0"
"Evolution des nombres d'établissements et de classes  de l'enseignement secondaire technique et professionnel des secteurs public et privé par région","Sahel","Classes","Nombre","2001","0"
"Evolution des nombres d'établissements et de classes  de l'enseignement secondaire technique et professionnel des secteurs public et privé par région","Sahel","Classes","Nombre","2002","0"
"Evolution des nombres d'établissements et de classes  de l'enseignement secondaire technique et professionnel des secteurs public et privé par région","Sahel","Classes","Nombre","2003","0"
"Evolution des nombres d'établissements et de classes  de l'enseignement secondaire technique et professionnel des secteurs public et privé par région","Sahel","Classes","Nombre","2004","0"
"Evolution des nombres d'établissements et de classes  de l'enseignement secondaire technique et professionnel des secteurs public et privé par région","Sahel","Classes","Nombre","2005","0"
"Evolution des nombres d'établissements et de classes  de l'enseignement secondaire technique et professionnel des secteurs public et privé par région","Sahel","Classes","Nombre","2006","0"
"Evolution des nombres d'établissements et de classes  de l'enseignement secondaire technique et professionnel des secteurs public et privé par région","Sahel","Classes","Nombre","2007","0"
"Evolution des nombres d'établissements et de classes  de l'enseignement secondaire technique et professionnel des secteurs public et privé par région","Sahel","Classes","Nombre","2008","0"
"Evolution des nombres d'établissements et de classes  de l'enseignement secondaire technique et professionnel des secteurs public et privé par région","Sahel","Classes","Nombre","2009","0"
"Evolution des nombres d'établissements et de classes  de l'enseignement secondaire technique et professionnel des secteurs public et privé par région","Sahel","Classes","Nombre","2010","0"
"Evolution des nombres d'établissements et de classes  de l'enseignement secondaire technique et professionnel des secteurs public et privé par région","Sahel","Classes","Nombre","2011","0"
"Evolution des nombres d'établissements et de classes  de l'enseignement secondaire technique et professionnel des secteurs public et privé par région","Sahel","Classes","Nombre","2012","0"
"Evolution des nombres d'établissements et de classes  de l'enseignement secondaire technique et professionnel des secteurs public et privé par région","Sahel","Classes","Nombre","2013","0"
"Evolution des nombres d'établissements et de classes  de l'enseignement secondaire technique et professionnel des secteurs public et privé par région","Sahel","Classes","Nombre","2014","0"
"Evolution des nombres d'établissements et de classes  de l'enseignement secondaire technique et professionnel des secteurs public et privé par région","Sahel","Classes","Nombre","2015","0"
"Evolution des nombres d'établissements et de classes  de l'enseignement secondaire technique et professionnel des secteurs public et privé par région","Sahel","Classes","Nombre","2016","0"
"Evolution des nombres d'établissements et de classes  de l'enseignement secondaire technique et professionnel des secteurs public et privé par région","Sahel","Classes","Nombre","2017","0"
"Evolution des nombres d'établissements et de classes  de l'enseignement secondaire technique et professionnel des secteurs public et privé par région","Sahel","Classes","Nombre","2018","0"
"Evolution des nombres d'établissements et de classes  de l'enseignement secondaire technique et professionnel des secteurs public et privé par région","Sahel","Classes","Nombre","2019","18"
"Evolution des nombres d'établissements et de classes  de l'enseignement secondaire technique et professionnel des secteurs public et privé par région","Sahel","Classes","Nombre","2020","8"
"Evolution des nombres d'établissements et de classes  de l'enseignement secondaire technique et professionnel des secteurs public et privé par région","Sahel","Classes","Nombre","2021","11"
"Evolution des nombres d'établissements et de classes  de l'enseignement secondaire technique et professionnel des secteurs public et privé par région","Sahel","Classes","Nombre","2022","13"
"Evolution des nombres d'établissements et de classes  de l'enseignement secondaire technique et professionnel des secteurs public et privé par région","Sahel","Classes","Nombre","2023","14"
"Evolution des nombres d'établissements et de classes  de l'enseignement secondaire technique et professionnel des secteurs public et privé par région","Sud-Ouest","Etablissements","Nombre","1997","0"
"Evolution des nombres d'établissements et de classes  de l'enseignement secondaire technique et professionnel des secteurs public et privé par région","Sud-Ouest","Etablissements","Nombre","1998","0"
"Evolution des nombres d'établissements et de classes  de l'enseignement secondaire technique et professionnel des secteurs public et privé par région","Sud-Ouest","Etablissements","Nombre","1999","0"
"Evolution des nombres d'établissements et de classes  de l'enseignement secondaire technique et professionnel des secteurs public et privé par région","Sud-Ouest","Etablissements","Nombre","2000","0"
"Evolution des nombres d'établissements et de classes  de l'enseignement secondaire technique et professionnel des secteurs public et privé par région","Sud-Ouest","Etablissements","Nombre","2001","0"
"Evolution des nombres d'établissements et de classes  de l'enseignement secondaire technique et professionnel des secteurs public et privé par région","Sud-Ouest","Etablissements","Nombre","2002","1"
"Evolution des nombres d'établissements et de classes  de l'enseignement secondaire technique et professionnel des secteurs public et privé par région","Sud-Ouest","Etablissements","Nombre","2003","1"
"Evolution des nombres d'établissements et de classes  de l'enseignement secondaire technique et professionnel des secteurs public et privé par région","Sud-Ouest","Etablissements","Nombre","2004","1"
"Evolution des nombres d'établissements et de classes  de l'enseignement secondaire technique et professionnel des secteurs public et privé par région","Sud-Ouest","Etablissements","Nombre","2005","1"
"Evolution des nombres d'établissements et de classes  de l'enseignement secondaire technique et professionnel des secteurs public et privé par région","Sud-Ouest","Etablissements","Nombre","2006","1"
"Evolution des nombres d'établissements et de classes  de l'enseignement secondaire technique et professionnel des secteurs public et privé par région","Sud-Ouest","Etablissements","Nombre","2007","1"
"Evolution des nombres d'établissements et de classes  de l'enseignement secondaire technique et professionnel des secteurs public et privé par région","Sud-Ouest","Etablissements","Nombre","2008","1"
"Evolution des nombres d'établissements et de classes  de l'enseignement secondaire technique et professionnel des secteurs public et privé par région","Sud-Ouest","Etablissements","Nombre","2009","1"
"Evolution des nombres d'établissements et de classes  de l'enseignement secondaire technique et professionnel des secteurs public et privé par région","Sud-Ouest","Etablissements","Nombre","2010","1"
"Evolution des nombres d'établissements et de classes  de l'enseignement secondaire technique et professionnel des secteurs public et privé par région","Sud-Ouest","Etablissements","Nombre","2011","3"
"Evolution des nombres d'établissements et de classes  de l'enseignement secondaire technique et professionnel des secteurs public et privé par région","Sud-Ouest","Etablissements","Nombre","2012","3"
"Evolution des nombres d'établissements et de classes  de l'enseignement secondaire technique et professionnel des secteurs public et privé par région","Sud-Ouest","Etablissements","Nombre","2013","4"
"Evolution des nombres d'établissements et de classes  de l'enseignement secondaire technique et professionnel des secteurs public et privé par région","Sud-Ouest","Etablissements","Nombre","2014","4"
"Evolution des nombres d'établissements et de classes  de l'enseignement secondaire technique et professionnel des secteurs public et privé par région","Sud-Ouest","Etablissements","Nombre","2015","4"
"Evolution des nombres d'établissements et de classes  de l'enseignement secondaire technique et professionnel des secteurs public et privé par région","Sud-Ouest","Etablissements","Nombre","2016","4"
"Evolution des nombres d'établissements et de classes  de l'enseignement secondaire technique et professionnel des secteurs public et privé par région","Sud-Ouest","Etablissements","Nombre","2017","4"
"Evolution des nombres d'établissements et de classes  de l'enseignement secondaire technique et professionnel des secteurs public et privé par région","Sud-Ouest","Etablissements","Nombre","2018","4"
"Evolution des nombres d'établissements et de classes  de l'enseignement secondaire technique et professionnel des secteurs public et privé par région","Sud-Ouest","Etablissements","Nombre","2019","4"
"Evolution des nombres d'établissements et de classes  de l'enseignement secondaire technique et professionnel des secteurs public et privé par région","Sud-Ouest","Etablissements","Nombre","2020","5"
"Evolution des nombres d'établissements et de classes  de l'enseignement secondaire technique et professionnel des secteurs public et privé par région","Sud-Ouest","Etablissements","Nombre","2021","5"
"Evolution des nombres d'établissements et de classes  de l'enseignement secondaire technique et professionnel des secteurs public et privé par région","Sud-Ouest","Etablissements","Nombre","2022","5"
"Evolution des nombres d'établissements et de classes  de l'enseignement secondaire technique et professionnel des secteurs public et privé par région","Sud-Ouest","Etablissements","Nombre","2023","5"
"Evolution des nombres d'établissements et de classes  de l'enseignement secondaire technique et professionnel des secteurs public et privé par région","Sud-Ouest","Classes","Nombre","1997","0"
"Evolution des nombres d'établissements et de classes  de l'enseignement secondaire technique et professionnel des secteurs public et privé par région","Sud-Ouest","Classes","Nombre","1998","0"
"Evolution des nombres d'établissements et de classes  de l'enseignement secondaire technique et professionnel des secteurs public et privé par région","Sud-Ouest","Classes","Nombre","1999","0"
"Evolution des nombres d'établissements et de classes  de l'enseignement secondaire technique et professionnel des secteurs public et privé par région","Sud-Ouest","Classes","Nombre","2000","0"
"Evolution des nombres d'établissements et de classes  de l'enseignement secondaire technique et professionnel des secteurs public et privé par région","Sud-Ouest","Classes","Nombre","2001","0"
"Evolution des nombres d'établissements et de classes  de l'enseignement secondaire technique et professionnel des secteurs public et privé par région","Sud-Ouest","Classes","Nombre","2002","3"
"Evolution des nombres d'établissements et de classes  de l'enseignement secondaire technique et professionnel des secteurs public et privé par région","Sud-Ouest","Classes","Nombre","2003","5"
"Evolution des nombres d'établissements et de classes  de l'enseignement secondaire technique et professionnel des secteurs public et privé par région","Sud-Ouest","Classes","Nombre","2004","8"
"Evolution des nombres d'établissements et de classes  de l'enseignement secondaire technique et professionnel des secteurs public et privé par région","Sud-Ouest","Classes","Nombre","2005","7"
"Evolution des nombres d'établissements et de classes  de l'enseignement secondaire technique et professionnel des secteurs public et privé par région","Sud-Ouest","Classes","Nombre","2006","8"
"Evolution des nombres d'établissements et de classes  de l'enseignement secondaire technique et professionnel des secteurs public et privé par région","Sud-Ouest","Classes","Nombre","2007","7"
"Evolution des nombres d'établissements et de classes  de l'enseignement secondaire technique et professionnel des secteurs public et privé par région","Sud-Ouest","Classes","Nombre","2008","8"
"Evolution des nombres d'établissements et de classes  de l'enseignement secondaire technique et professionnel des secteurs public et privé par région","Sud-Ouest","Classes","Nombre","2009","9"
"Evolution des nombres d'établissements et de classes  de l'enseignement secondaire technique et professionnel des secteurs public et privé par région","Sud-Ouest","Classes","Nombre","2010","10"
"Evolution des nombres d'établissements et de classes  de l'enseignement secondaire technique et professionnel des secteurs public et privé par région","Sud-Ouest","Classes","Nombre","2011","9"
"Evolution des nombres d'établissements et de classes  de l'enseignement secondaire technique et professionnel des secteurs public et privé par région","Sud-Ouest","Classes","Nombre","2012","9"
"Evolution des nombres d'établissements et de classes  de l'enseignement secondaire technique et professionnel des secteurs public et privé par région","Sud-Ouest","Classes","Nombre","2013","13"
"Evolution des nombres d'établissements et de classes  de l'enseignement secondaire technique et professionnel des secteurs public et privé par région","Sud-Ouest","Classes","Nombre","2014","13"
"Evolution des nombres d'établissements et de classes  de l'enseignement secondaire technique et professionnel des secteurs public et privé par région","Sud-Ouest","Classes","Nombre","2015","16"
"Evolution des nombres d'établissements et de classes  de l'enseignement secondaire technique et professionnel des secteurs public et privé par région","Sud-Ouest","Classes","Nombre","2016","16"
"Evolution des nombres d'établissements et de classes  de l'enseignement secondaire technique et professionnel des secteurs public et privé par région","Sud-Ouest","Classes","Nombre","2017","14"
"Evolution des nombres d'établissements et de classes  de l'enseignement secondaire technique et professionnel des secteurs public et privé par région","Sud-Ouest","Classes","Nombre","2018","18"
"Evolution des nombres d'établissements et de classes  de l'enseignement secondaire technique et professionnel des secteurs public et privé par région","Sud-Ouest","Classes","Nombre","2019","22"
"Evolution des nombres d'établissements et de classes  de l'enseignement secondaire technique et professionnel des secteurs public et privé par région","Sud-Ouest","Classes","Nombre","2020","19"
"Evolution des nombres d'établissements et de classes  de l'enseignement secondaire technique et professionnel des secteurs public et privé par région","Sud-Ouest","Classes","Nombre","2021","24"
"Evolution des nombres d'établissements et de classes  de l'enseignement secondaire technique et professionnel des secteurs public et privé par région","Sud-Ouest","Classes","Nombre","2022","27"
"Evolution des nombres d'établissements et de classes  de l'enseignement secondaire technique et professionnel des secteurs public et privé par région","Sud-Ouest","Classes","Nombre","2023","29"
"Evolution des nombres d'établissements et de classes  de l'enseignement secondaire technique et professionnel des secteurs public et privé par région","Burkina Faso","Etablissements","Nombre","1997","42"
"Evolution des nombres d'établissements et de classes  de l'enseignement secondaire technique et professionnel des secteurs public et privé par région","Burkina Faso","Etablissements","Nombre","1998","51"
"Evolution des nombres d'établissements et de classes  de l'enseignement secondaire technique et professionnel des secteurs public et privé par région","Burkina Faso","Etablissements","Nombre","1999","51"
"Evolution des nombres d'établissements et de classes  de l'enseignement secondaire technique et professionnel des secteurs public et privé par région","Burkina Faso","Etablissements","Nombre","2000","57"
"Evolution des nombres d'établissements et de classes  de l'enseignement secondaire technique et professionnel des secteurs public et privé par région","Burkina Faso","Etablissements","Nombre","2001","62"
"Evolution des nombres d'établissements et de classes  de l'enseignement secondaire technique et professionnel des secteurs public et privé par région","Burkina Faso","Etablissements","Nombre","2002","69"
"Evolution des nombres d'établissements et de classes  de l'enseignement secondaire technique et professionnel des secteurs public et privé par région","Burkina Faso","Etablissements","Nombre","2003","73"
"Evolution des nombres d'établissements et de classes  de l'enseignement secondaire technique et professionnel des secteurs public et privé par région","Burkina Faso","Etablissements","Nombre","2004","67"
"Evolution des nombres d'établissements et de classes  de l'enseignement secondaire technique et professionnel des secteurs public et privé par région","Burkina Faso","Etablissements","Nombre","2005","77"
"Evolution des nombres d'établissements et de classes  de l'enseignement secondaire technique et professionnel des secteurs public et privé par région","Burkina Faso","Etablissements","Nombre","2006","84"
"Evolution des nombres d'établissements et de classes  de l'enseignement secondaire technique et professionnel des secteurs public et privé par région","Burkina Faso","Etablissements","Nombre","2007","100"
"Evolution des nombres d'établissements et de classes  de l'enseignement secondaire technique et professionnel des secteurs public et privé par région","Burkina Faso","Etablissements","Nombre","2008","114"
"Evolution des nombres d'établissements et de classes  de l'enseignement secondaire technique et professionnel des secteurs public et privé par région","Burkina Faso","Etablissements","Nombre","2009","119"
"Evolution des nombres d'établissements et de classes  de l'enseignement secondaire technique et professionnel des secteurs public et privé par région","Burkina Faso","Etablissements","Nombre","2010","115"
"Evolution des nombres d'établissements et de classes  de l'enseignement secondaire technique et professionnel des secteurs public et privé par région","Burkina Faso","Etablissements","Nombre","2011","121"
"Evolution des nombres d'établissements et de classes  de l'enseignement secondaire technique et professionnel des secteurs public et privé par région","Burkina Faso","Etablissements","Nombre","2012","134"
"Evolution des nombres d'établissements et de classes  de l'enseignement secondaire technique et professionnel des secteurs public et privé par région","Burkina Faso","Etablissements","Nombre","2013","141"
"Evolution des nombres d'établissements et de classes  de l'enseignement secondaire technique et professionnel des secteurs public et privé par région","Burkina Faso","Etablissements","Nombre","2014","140"
"Evolution des nombres d'établissements et de classes  de l'enseignement secondaire technique et professionnel des secteurs public et privé par région","Burkina Faso","Etablissements","Nombre","2015","147"
"Evolution des nombres d'établissements et de classes  de l'enseignement secondaire technique et professionnel des secteurs public et privé par région","Burkina Faso","Etablissements","Nombre","2016","163"
"Evolution des nombres d'établissements et de classes  de l'enseignement secondaire technique et professionnel des secteurs public et privé par région","Burkina Faso","Etablissements","Nombre","2017","167"
"Evolution des nombres d'établissements et de classes  de l'enseignement secondaire technique et professionnel des secteurs public et privé par région","Burkina Faso","Etablissements","Nombre","2018","150"
"Evolution des nombres d'établissements et de classes  de l'enseignement secondaire technique et professionnel des secteurs public et privé par région","Burkina Faso","Etablissements","Nombre","2019","146"
"Evolution des nombres d'établissements et de classes  de l'enseignement secondaire technique et professionnel des secteurs public et privé par région","Burkina Faso","Etablissements","Nombre","2020","161"
"Evolution des nombres d'établissements et de classes  de l'enseignement secondaire technique et professionnel des secteurs public et privé par région","Burkina Faso","Etablissements","Nombre","2021","171"
"Evolution des nombres d'établissements et de classes  de l'enseignement secondaire technique et professionnel des secteurs public et privé par région","Burkina Faso","Etablissements","Nombre","2022","162"
"Evolution des nombres d'établissements et de classes  de l'enseignement secondaire technique et professionnel des secteurs public et privé par région","Burkina Faso","Etablissements","Nombre","2023","170"
"Evolution des nombres d'établissements et de classes  de l'enseignement secondaire technique et professionnel des secteurs public et privé par région","Burkina Faso","Classes","Nombre","1997","266"
"Evolution des nombres d'établissements et de classes  de l'enseignement secondaire technique et professionnel des secteurs public et privé par région","Burkina Faso","Classes","Nombre","1998","306"
"Evolution des nombres d'établissements et de classes  de l'enseignement secondaire technique et professionnel des secteurs public et privé par région","Burkina Faso","Classes","Nombre","1999","285"
"Evolution des nombres d'établissements et de classes  de l'enseignement secondaire technique et professionnel des secteurs public et privé par région","Burkina Faso","Classes","Nombre","2000","357"
"Evolution des nombres d'établissements et de classes  de l'enseignement secondaire technique et professionnel des secteurs public et privé par région","Burkina Faso","Classes","Nombre","2001","390"
"Evolution des nombres d'établissements et de classes  de l'enseignement secondaire technique et professionnel des secteurs public et privé par région","Burkina Faso","Classes","Nombre","2002","458"
"Evolution des nombres d'établissements et de classes  de l'enseignement secondaire technique et professionnel des secteurs public et privé par région","Burkina Faso","Classes","Nombre","2003","516"
"Evolution des nombres d'établissements et de classes  de l'enseignement secondaire technique et professionnel des secteurs public et privé par région","Burkina Faso","Classes","Nombre","2004","529"
"Evolution des nombres d'établissements et de classes  de l'enseignement secondaire technique et professionnel des secteurs public et privé par région","Burkina Faso","Classes","Nombre","2005","569"
"Evolution des nombres d'établissements et de classes  de l'enseignement secondaire technique et professionnel des secteurs public et privé par région","Burkina Faso","Classes","Nombre","2006","630"
"Evolution des nombres d'établissements et de classes  de l'enseignement secondaire technique et professionnel des secteurs public et privé par région","Burkina Faso","Classes","Nombre","2007","676"
"Evolution des nombres d'établissements et de classes  de l'enseignement secondaire technique et professionnel des secteurs public et privé par région","Burkina Faso","Classes","Nombre","2008","722"
"Evolution des nombres d'établissements et de classes  de l'enseignement secondaire technique et professionnel des secteurs public et privé par région","Burkina Faso","Classes","Nombre","2009","754"
"Evolution des nombres d'établissements et de classes  de l'enseignement secondaire technique et professionnel des secteurs public et privé par région","Burkina Faso","Classes","Nombre","2010","781"
"Evolution des nombres d'établissements et de classes  de l'enseignement secondaire technique et professionnel des secteurs public et privé par région","Burkina Faso","Classes","Nombre","2011","817"
"Evolution des nombres d'établissements et de classes  de l'enseignement secondaire technique et professionnel des secteurs public et privé par région","Burkina Faso","Classes","Nombre","2012","817"
"Evolution des nombres d'établissements et de classes  de l'enseignement secondaire technique et professionnel des secteurs public et privé par région","Burkina Faso","Classes","Nombre","2013","883"
"Evolution des nombres d'établissements et de classes  de l'enseignement secondaire technique et professionnel des secteurs public et privé par région","Burkina Faso","Classes","Nombre","2014","906"
"Evolution des nombres d'établissements et de classes  de l'enseignement secondaire technique et professionnel des secteurs public et privé par région","Burkina Faso","Classes","Nombre","2015","905"
"Evolution des nombres d'établissements et de classes  de l'enseignement secondaire technique et professionnel des secteurs public et privé par région","Burkina Faso","Classes","Nombre","2016","986"
"Evolution des nombres d'établissements et de classes  de l'enseignement secondaire technique et professionnel des secteurs public et privé par région","Burkina Faso","Classes","Nombre","2017","989"
"Evolution des nombres d'établissements et de classes  de l'enseignement secondaire technique et professionnel des secteurs public et privé par région","Burkina Faso","Classes","Nombre","2018","990"
"Evolution des nombres d'établissements et de classes  de l'enseignement secondaire technique et professionnel des secteurs public et privé par région","Burkina Faso","Classes","Nombre","2019","1023"
"Evolution des nombres d'établissements et de classes  de l'enseignement secondaire technique et professionnel des secteurs public et privé par région","Burkina Faso","Classes","Nombre","2020","1103"
"Evolution des nombres d'établissements et de classes  de l'enseignement secondaire technique et professionnel des secteurs public et privé par région","Burkina Faso","Classes","Nombre","2021","1166"
"Evolution des nombres d'établissements et de classes  de l'enseignement secondaire technique et professionnel des secteurs public et privé par région","Burkina Faso","Classes","Nombre","2022","1255"
"Evolution des nombres d'établissements et de classes  de l'enseignement secondaire technique et professionnel des secteurs public et privé par région","Burkina Faso","Classes","Nombre","2023","1457"
