"indicateur","region","rubrique","Unit","Date","Value"
"Evolution des nombres d'écoles et de salles de classe du primaire des secteurs privé et public par région","Boucle du Mouhoun","Ecoles","Nombre","1997","424"
"Evolution des nombres d'écoles et de salles de classe du primaire des secteurs privé et public par région","Boucle du Mouhoun","Ecoles","Nombre","1998","459"
"Evolution des nombres d'écoles et de salles de classe du primaire des secteurs privé et public par région","Boucle du Mouhoun","Ecoles","Nombre","1999","482"
"Evolution des nombres d'écoles et de salles de classe du primaire des secteurs privé et public par région","Boucle du Mouhoun","Ecoles","Nombre","2000","537"
"Evolution des nombres d'écoles et de salles de classe du primaire des secteurs privé et public par région","Boucle du Mouhoun","Ecoles","Nombre","2001","595"
"Evolution des nombres d'écoles et de salles de classe du primaire des secteurs privé et public par région","Boucle du Mouhoun","Ecoles","Nombre","2002","614"
"Evolution des nombres d'écoles et de salles de classe du primaire des secteurs privé et public par région","Boucle du Mouhoun","Ecoles","Nombre","2003","647"
"Evolution des nombres d'écoles et de salles de classe du primaire des secteurs privé et public par région","Boucle du Mouhoun","Ecoles","Nombre","2004","696"
"Evolution des nombres d'écoles et de salles de classe du primaire des secteurs privé et public par région","Boucle du Mouhoun","Ecoles","Nombre","2005","747"
"Evolution des nombres d'écoles et de salles de classe du primaire des secteurs privé et public par région","Boucle du Mouhoun","Ecoles","Nombre","2006","815"
"Evolution des nombres d'écoles et de salles de classe du primaire des secteurs privé et public par région","Boucle du Mouhoun","Ecoles","Nombre","2007","866"
"Evolution des nombres d'écoles et de salles de classe du primaire des secteurs privé et public par région","Boucle du Mouhoun","Ecoles","Nombre","2008","911"
"Evolution des nombres d'écoles et de salles de classe du primaire des secteurs privé et public par région","Boucle du Mouhoun","Ecoles","Nombre","2009","971"
"Evolution des nombres d'écoles et de salles de classe du primaire des secteurs privé et public par région","Boucle du Mouhoun","Ecoles","Nombre","2010","1014"
"Evolution des nombres d'écoles et de salles de classe du primaire des secteurs privé et public par région","Boucle du Mouhoun","Ecoles","Nombre","2011","1053"
"Evolution des nombres d'écoles et de salles de classe du primaire des secteurs privé et public par région","Boucle du Mouhoun","Ecoles","Nombre","2012","1108"
"Evolution des nombres d'écoles et de salles de classe du primaire des secteurs privé et public par région","Boucle du Mouhoun","Ecoles","Nombre","2013","1182"
"Evolution des nombres d'écoles et de salles de classe du primaire des secteurs privé et public par région","Boucle du Mouhoun","Ecoles","Nombre","2014","1235"
"Evolution des nombres d'écoles et de salles de classe du primaire des secteurs privé et public par région","Boucle du Mouhoun","Ecoles","Nombre","2015","1245"
"Evolution des nombres d'écoles et de salles de classe du primaire des secteurs privé et public par région","Boucle du Mouhoun","Ecoles","Nombre","2016","1281"
"Evolution des nombres d'écoles et de salles de classe du primaire des secteurs privé et public par région","Boucle du Mouhoun","Ecoles","Nombre","2017","1340"
"Evolution des nombres d'écoles et de salles de classe du primaire des secteurs privé et public par région","Boucle du Mouhoun","Ecoles","Nombre","2018","1382"
"Evolution des nombres d'écoles et de salles de classe du primaire des secteurs privé et public par région","Boucle du Mouhoun","Ecoles","Nombre","2019","1438"
"Evolution des nombres d'écoles et de salles de classe du primaire des secteurs privé et public par région","Boucle du Mouhoun","Ecoles","Nombre","2020","1260"
"Evolution des nombres d'écoles et de salles de classe du primaire des secteurs privé et public par région","Boucle du Mouhoun","Ecoles","Nombre","2022","1111"
"Evolution des nombres d'écoles et de salles de classe du primaire des secteurs privé et public par région","Boucle du Mouhoun","Ecoles","Nombre","2023","658"
"Evolution des nombres d'écoles et de salles de classe du primaire des secteurs privé et public par région","Boucle du Mouhoun","Classes","Nombre","1997","1425"
"Evolution des nombres d'écoles et de salles de classe du primaire des secteurs privé et public par région","Boucle du Mouhoun","Classes","Nombre","1998","1610"
"Evolution des nombres d'écoles et de salles de classe du primaire des secteurs privé et public par région","Boucle du Mouhoun","Classes","Nombre","1999","1708"
"Evolution des nombres d'écoles et de salles de classe du primaire des secteurs privé et public par région","Boucle du Mouhoun","Classes","Nombre","2000","1810"
"Evolution des nombres d'écoles et de salles de classe du primaire des secteurs privé et public par région","Boucle du Mouhoun","Classes","Nombre","2001","1824"
"Evolution des nombres d'écoles et de salles de classe du primaire des secteurs privé et public par région","Boucle du Mouhoun","Classes","Nombre","2002","2023"
"Evolution des nombres d'écoles et de salles de classe du primaire des secteurs privé et public par région","Boucle du Mouhoun","Classes","Nombre","2003","2177"
"Evolution des nombres d'écoles et de salles de classe du primaire des secteurs privé et public par région","Boucle du Mouhoun","Classes","Nombre","2004","2337"
"Evolution des nombres d'écoles et de salles de classe du primaire des secteurs privé et public par région","Boucle du Mouhoun","Classes","Nombre","2005","2552"
"Evolution des nombres d'écoles et de salles de classe du primaire des secteurs privé et public par région","Boucle du Mouhoun","Classes","Nombre","2006","2786"
"Evolution des nombres d'écoles et de salles de classe du primaire des secteurs privé et public par région","Boucle du Mouhoun","Classes","Nombre","2007","3003"
"Evolution des nombres d'écoles et de salles de classe du primaire des secteurs privé et public par région","Boucle du Mouhoun","Classes","Nombre","2008","3303"
"Evolution des nombres d'écoles et de salles de classe du primaire des secteurs privé et public par région","Boucle du Mouhoun","Classes","Nombre","2009","3473"
"Evolution des nombres d'écoles et de salles de classe du primaire des secteurs privé et public par région","Boucle du Mouhoun","Classes","Nombre","2010","3807"
"Evolution des nombres d'écoles et de salles de classe du primaire des secteurs privé et public par région","Boucle du Mouhoun","Classes","Nombre","2011","4029"
"Evolution des nombres d'écoles et de salles de classe du primaire des secteurs privé et public par région","Boucle du Mouhoun","Classes","Nombre","2012","4316"
"Evolution des nombres d'écoles et de salles de classe du primaire des secteurs privé et public par région","Boucle du Mouhoun","Classes","Nombre","2013","4681"
"Evolution des nombres d'écoles et de salles de classe du primaire des secteurs privé et public par région","Boucle du Mouhoun","Classes","Nombre","2014","4884"
"Evolution des nombres d'écoles et de salles de classe du primaire des secteurs privé et public par région","Boucle du Mouhoun","Classes","Nombre","2015","5158"
"Evolution des nombres d'écoles et de salles de classe du primaire des secteurs privé et public par région","Boucle du Mouhoun","Classes","Nombre","2016","5470"
"Evolution des nombres d'écoles et de salles de classe du primaire des secteurs privé et public par région","Boucle du Mouhoun","Classes","Nombre","2017","6101"
"Evolution des nombres d'écoles et de salles de classe du primaire des secteurs privé et public par région","Boucle du Mouhoun","Classes","Nombre","2018","6111"
"Evolution des nombres d'écoles et de salles de classe du primaire des secteurs privé et public par région","Boucle du Mouhoun","Classes","Nombre","2019","6374"
"Evolution des nombres d'écoles et de salles de classe du primaire des secteurs privé et public par région","Boucle du Mouhoun","Classes","Nombre","2020","5752"
"Evolution des nombres d'écoles et de salles de classe du primaire des secteurs privé et public par région","Boucle du Mouhoun","Classes","Nombre","2022","4982"
"Evolution des nombres d'écoles et de salles de classe du primaire des secteurs privé et public par région","Boucle du Mouhoun","Classes","Nombre","2023","2940"
"Evolution des nombres d'écoles et de salles de classe du primaire des secteurs privé et public par région","Cascades","Ecoles","Nombre","1997","131"
"Evolution des nombres d'écoles et de salles de classe du primaire des secteurs privé et public par région","Cascades","Ecoles","Nombre","1998","161"
"Evolution des nombres d'écoles et de salles de classe du primaire des secteurs privé et public par région","Cascades","Ecoles","Nombre","1999","168"
"Evolution des nombres d'écoles et de salles de classe du primaire des secteurs privé et public par région","Cascades","Ecoles","Nombre","2000","178"
"Evolution des nombres d'écoles et de salles de classe du primaire des secteurs privé et public par région","Cascades","Ecoles","Nombre","2001","184"
"Evolution des nombres d'écoles et de salles de classe du primaire des secteurs privé et public par région","Cascades","Ecoles","Nombre","2002","189"
"Evolution des nombres d'écoles et de salles de classe du primaire des secteurs privé et public par région","Cascades","Ecoles","Nombre","2003","201"
"Evolution des nombres d'écoles et de salles de classe du primaire des secteurs privé et public par région","Cascades","Ecoles","Nombre","2004","211"
"Evolution des nombres d'écoles et de salles de classe du primaire des secteurs privé et public par région","Cascades","Ecoles","Nombre","2005","238"
"Evolution des nombres d'écoles et de salles de classe du primaire des secteurs privé et public par région","Cascades","Ecoles","Nombre","2006","264"
"Evolution des nombres d'écoles et de salles de classe du primaire des secteurs privé et public par région","Cascades","Ecoles","Nombre","2007","299"
"Evolution des nombres d'écoles et de salles de classe du primaire des secteurs privé et public par région","Cascades","Ecoles","Nombre","2008","338"
"Evolution des nombres d'écoles et de salles de classe du primaire des secteurs privé et public par région","Cascades","Ecoles","Nombre","2009","398"
"Evolution des nombres d'écoles et de salles de classe du primaire des secteurs privé et public par région","Cascades","Ecoles","Nombre","2010","435"
"Evolution des nombres d'écoles et de salles de classe du primaire des secteurs privé et public par région","Cascades","Ecoles","Nombre","2011","468"
"Evolution des nombres d'écoles et de salles de classe du primaire des secteurs privé et public par région","Cascades","Ecoles","Nombre","2012","505"
"Evolution des nombres d'écoles et de salles de classe du primaire des secteurs privé et public par région","Cascades","Ecoles","Nombre","2013","543"
"Evolution des nombres d'écoles et de salles de classe du primaire des secteurs privé et public par région","Cascades","Ecoles","Nombre","2014","569"
"Evolution des nombres d'écoles et de salles de classe du primaire des secteurs privé et public par région","Cascades","Ecoles","Nombre","2015","600"
"Evolution des nombres d'écoles et de salles de classe du primaire des secteurs privé et public par région","Cascades","Ecoles","Nombre","2016","621"
"Evolution des nombres d'écoles et de salles de classe du primaire des secteurs privé et public par région","Cascades","Ecoles","Nombre","2017","646"
"Evolution des nombres d'écoles et de salles de classe du primaire des secteurs privé et public par région","Cascades","Ecoles","Nombre","2018","658"
"Evolution des nombres d'écoles et de salles de classe du primaire des secteurs privé et public par région","Cascades","Ecoles","Nombre","2019","673"
"Evolution des nombres d'écoles et de salles de classe du primaire des secteurs privé et public par région","Cascades","Ecoles","Nombre","2020","686"
"Evolution des nombres d'écoles et de salles de classe du primaire des secteurs privé et public par région","Cascades","Ecoles","Nombre","2021","714"
"Evolution des nombres d'écoles et de salles de classe du primaire des secteurs privé et public par région","Cascades","Ecoles","Nombre","2022","674"
"Evolution des nombres d'écoles et de salles de classe du primaire des secteurs privé et public par région","Cascades","Ecoles","Nombre","2023","624"
"Evolution des nombres d'écoles et de salles de classe du primaire des secteurs privé et public par région","Cascades","Classes","Nombre","1997","490"
"Evolution des nombres d'écoles et de salles de classe du primaire des secteurs privé et public par région","Cascades","Classes","Nombre","1998","544"
"Evolution des nombres d'écoles et de salles de classe du primaire des secteurs privé et public par région","Cascades","Classes","Nombre","1999","571"
"Evolution des nombres d'écoles et de salles de classe du primaire des secteurs privé et public par région","Cascades","Classes","Nombre","2000","605"
"Evolution des nombres d'écoles et de salles de classe du primaire des secteurs privé et public par région","Cascades","Classes","Nombre","2001","644"
"Evolution des nombres d'écoles et de salles de classe du primaire des secteurs privé et public par région","Cascades","Classes","Nombre","2002","683"
"Evolution des nombres d'écoles et de salles de classe du primaire des secteurs privé et public par région","Cascades","Classes","Nombre","2003","699"
"Evolution des nombres d'écoles et de salles de classe du primaire des secteurs privé et public par région","Cascades","Classes","Nombre","2004","754"
"Evolution des nombres d'écoles et de salles de classe du primaire des secteurs privé et public par région","Cascades","Classes","Nombre","2005","809"
"Evolution des nombres d'écoles et de salles de classe du primaire des secteurs privé et public par région","Cascades","Classes","Nombre","2006","872"
"Evolution des nombres d'écoles et de salles de classe du primaire des secteurs privé et public par région","Cascades","Classes","Nombre","2007","972"
"Evolution des nombres d'écoles et de salles de classe du primaire des secteurs privé et public par région","Cascades","Classes","Nombre","2008","1072"
"Evolution des nombres d'écoles et de salles de classe du primaire des secteurs privé et public par région","Cascades","Classes","Nombre","2009","1110"
"Evolution des nombres d'écoles et de salles de classe du primaire des secteurs privé et public par région","Cascades","Classes","Nombre","2010","1330"
"Evolution des nombres d'écoles et de salles de classe du primaire des secteurs privé et public par région","Cascades","Classes","Nombre","2011","1463"
"Evolution des nombres d'écoles et de salles de classe du primaire des secteurs privé et public par région","Cascades","Classes","Nombre","2012","1553"
"Evolution des nombres d'écoles et de salles de classe du primaire des secteurs privé et public par région","Cascades","Classes","Nombre","2013","1754"
"Evolution des nombres d'écoles et de salles de classe du primaire des secteurs privé et public par région","Cascades","Classes","Nombre","2014","1894"
"Evolution des nombres d'écoles et de salles de classe du primaire des secteurs privé et public par région","Cascades","Classes","Nombre","2015","2071"
"Evolution des nombres d'écoles et de salles de classe du primaire des secteurs privé et public par région","Cascades","Classes","Nombre","2016","2246"
"Evolution des nombres d'écoles et de salles de classe du primaire des secteurs privé et public par région","Cascades","Classes","Nombre","2017","2680"
"Evolution des nombres d'écoles et de salles de classe du primaire des secteurs privé et public par région","Cascades","Classes","Nombre","2018","2587"
"Evolution des nombres d'écoles et de salles de classe du primaire des secteurs privé et public par région","Cascades","Classes","Nombre","2019","2668"
"Evolution des nombres d'écoles et de salles de classe du primaire des secteurs privé et public par région","Cascades","Classes","Nombre","2020","2800"
"Evolution des nombres d'écoles et de salles de classe du primaire des secteurs privé et public par région","Cascades","Classes","Nombre","2022","2782"
"Evolution des nombres d'écoles et de salles de classe du primaire des secteurs privé et public par région","Cascades","Classes","Nombre","2023","2590"
"Evolution des nombres d'écoles et de salles de classe du primaire des secteurs privé et public par région","Centre","Ecoles","Nombre","1997","393"
"Evolution des nombres d'écoles et de salles de classe du primaire des secteurs privé et public par région","Centre","Ecoles","Nombre","1998","431"
"Evolution des nombres d'écoles et de salles de classe du primaire des secteurs privé et public par région","Centre","Ecoles","Nombre","1999","465"
"Evolution des nombres d'écoles et de salles de classe du primaire des secteurs privé et public par région","Centre","Ecoles","Nombre","2000","489"
"Evolution des nombres d'écoles et de salles de classe du primaire des secteurs privé et public par région","Centre","Ecoles","Nombre","2001","517"
"Evolution des nombres d'écoles et de salles de classe du primaire des secteurs privé et public par région","Centre","Ecoles","Nombre","2002","546"
"Evolution des nombres d'écoles et de salles de classe du primaire des secteurs privé et public par région","Centre","Ecoles","Nombre","2003","577"
"Evolution des nombres d'écoles et de salles de classe du primaire des secteurs privé et public par région","Centre","Ecoles","Nombre","2004","597"
"Evolution des nombres d'écoles et de salles de classe du primaire des secteurs privé et public par région","Centre","Ecoles","Nombre","2005","638"
"Evolution des nombres d'écoles et de salles de classe du primaire des secteurs privé et public par région","Centre","Ecoles","Nombre","2006","686"
"Evolution des nombres d'écoles et de salles de classe du primaire des secteurs privé et public par région","Centre","Ecoles","Nombre","2007","717"
"Evolution des nombres d'écoles et de salles de classe du primaire des secteurs privé et public par région","Centre","Ecoles","Nombre","2008","742"
"Evolution des nombres d'écoles et de salles de classe du primaire des secteurs privé et public par région","Centre","Ecoles","Nombre","2009","793"
"Evolution des nombres d'écoles et de salles de classe du primaire des secteurs privé et public par région","Centre","Ecoles","Nombre","2010","854"
"Evolution des nombres d'écoles et de salles de classe du primaire des secteurs privé et public par région","Centre","Ecoles","Nombre","2011","896"
"Evolution des nombres d'écoles et de salles de classe du primaire des secteurs privé et public par région","Centre","Ecoles","Nombre","2012","1082"
"Evolution des nombres d'écoles et de salles de classe du primaire des secteurs privé et public par région","Centre","Ecoles","Nombre","2013","1183"
"Evolution des nombres d'écoles et de salles de classe du primaire des secteurs privé et public par région","Centre","Ecoles","Nombre","2014","1278"
"Evolution des nombres d'écoles et de salles de classe du primaire des secteurs privé et public par région","Centre","Ecoles","Nombre","2015","1513"
"Evolution des nombres d'écoles et de salles de classe du primaire des secteurs privé et public par région","Centre","Ecoles","Nombre","2016","1688"
"Evolution des nombres d'écoles et de salles de classe du primaire des secteurs privé et public par région","Centre","Ecoles","Nombre","2017","1817"
"Evolution des nombres d'écoles et de salles de classe du primaire des secteurs privé et public par région","Centre","Ecoles","Nombre","2018","1850"
"Evolution des nombres d'écoles et de salles de classe du primaire des secteurs privé et public par région","Centre","Ecoles","Nombre","2019","1948"
"Evolution des nombres d'écoles et de salles de classe du primaire des secteurs privé et public par région","Centre","Ecoles","Nombre","2020","2030"
"Evolution des nombres d'écoles et de salles de classe du primaire des secteurs privé et public par région","Centre","Ecoles","Nombre","2022","2070"
"Evolution des nombres d'écoles et de salles de classe du primaire des secteurs privé et public par région","Centre","Ecoles","Nombre","2023","2177"
"Evolution des nombres d'écoles et de salles de classe du primaire des secteurs privé et public par région","Centre","Classes","Nombre","1997","2065"
"Evolution des nombres d'écoles et de salles de classe du primaire des secteurs privé et public par région","Centre","Classes","Nombre","1998","2324"
"Evolution des nombres d'écoles et de salles de classe du primaire des secteurs privé et public par région","Centre","Classes","Nombre","1999","2456"
"Evolution des nombres d'écoles et de salles de classe du primaire des secteurs privé et public par région","Centre","Classes","Nombre","2000","2589"
"Evolution des nombres d'écoles et de salles de classe du primaire des secteurs privé et public par région","Centre","Classes","Nombre","2001","2653"
"Evolution des nombres d'écoles et de salles de classe du primaire des secteurs privé et public par région","Centre","Classes","Nombre","2002","2932"
"Evolution des nombres d'écoles et de salles de classe du primaire des secteurs privé et public par région","Centre","Classes","Nombre","2003","2957"
"Evolution des nombres d'écoles et de salles de classe du primaire des secteurs privé et public par région","Centre","Classes","Nombre","2004","3250"
"Evolution des nombres d'écoles et de salles de classe du primaire des secteurs privé et public par région","Centre","Classes","Nombre","2005","3463"
"Evolution des nombres d'écoles et de salles de classe du primaire des secteurs privé et public par région","Centre","Classes","Nombre","2006","3653"
"Evolution des nombres d'écoles et de salles de classe du primaire des secteurs privé et public par région","Centre","Classes","Nombre","2007","3833"
"Evolution des nombres d'écoles et de salles de classe du primaire des secteurs privé et public par région","Centre","Classes","Nombre","2008","4025"
"Evolution des nombres d'écoles et de salles de classe du primaire des secteurs privé et public par région","Centre","Classes","Nombre","2009","4282"
"Evolution des nombres d'écoles et de salles de classe du primaire des secteurs privé et public par région","Centre","Classes","Nombre","2010","4567"
"Evolution des nombres d'écoles et de salles de classe du primaire des secteurs privé et public par région","Centre","Classes","Nombre","2011","4854"
"Evolution des nombres d'écoles et de salles de classe du primaire des secteurs privé et public par région","Centre","Classes","Nombre","2012","5551"
"Evolution des nombres d'écoles et de salles de classe du primaire des secteurs privé et public par région","Centre","Classes","Nombre","2013","6053"
"Evolution des nombres d'écoles et de salles de classe du primaire des secteurs privé et public par région","Centre","Classes","Nombre","2014","6479"
"Evolution des nombres d'écoles et de salles de classe du primaire des secteurs privé et public par région","Centre","Classes","Nombre","2015","7687"
"Evolution des nombres d'écoles et de salles de classe du primaire des secteurs privé et public par région","Centre","Classes","Nombre","2016","8615"
"Evolution des nombres d'écoles et de salles de classe du primaire des secteurs privé et public par région","Centre","Classes","Nombre","2017","9737"
"Evolution des nombres d'écoles et de salles de classe du primaire des secteurs privé et public par région","Centre","Classes","Nombre","2018","9559"
"Evolution des nombres d'écoles et de salles de classe du primaire des secteurs privé et public par région","Centre","Classes","Nombre","2019","10109"
"Evolution des nombres d'écoles et de salles de classe du primaire des secteurs privé et public par région","Centre","Classes","Nombre","2020","10630"
"Evolution des nombres d'écoles et de salles de classe du primaire des secteurs privé et public par région","Centre","Classes","Nombre","2022","11228"
"Evolution des nombres d'écoles et de salles de classe du primaire des secteurs privé et public par région","Centre","Classes","Nombre","2023","11715"
"Evolution des nombres d'écoles et de salles de classe du primaire des secteurs privé et public par région","Centre-Est","Ecoles","Nombre","1997","266"
"Evolution des nombres d'écoles et de salles de classe du primaire des secteurs privé et public par région","Centre-Est","Ecoles","Nombre","1998","281"
"Evolution des nombres d'écoles et de salles de classe du primaire des secteurs privé et public par région","Centre-Est","Ecoles","Nombre","1999","303"
"Evolution des nombres d'écoles et de salles de classe du primaire des secteurs privé et public par région","Centre-Est","Ecoles","Nombre","2000","322"
"Evolution des nombres d'écoles et de salles de classe du primaire des secteurs privé et public par région","Centre-Est","Ecoles","Nombre","2001","349"
"Evolution des nombres d'écoles et de salles de classe du primaire des secteurs privé et public par région","Centre-Est","Ecoles","Nombre","2002","378"
"Evolution des nombres d'écoles et de salles de classe du primaire des secteurs privé et public par région","Centre-Est","Ecoles","Nombre","2003","408"
"Evolution des nombres d'écoles et de salles de classe du primaire des secteurs privé et public par région","Centre-Est","Ecoles","Nombre","2004","447"
"Evolution des nombres d'écoles et de salles de classe du primaire des secteurs privé et public par région","Centre-Est","Ecoles","Nombre","2005","487"
"Evolution des nombres d'écoles et de salles de classe du primaire des secteurs privé et public par région","Centre-Est","Ecoles","Nombre","2006","522"
"Evolution des nombres d'écoles et de salles de classe du primaire des secteurs privé et public par région","Centre-Est","Ecoles","Nombre","2007","553"
"Evolution des nombres d'écoles et de salles de classe du primaire des secteurs privé et public par région","Centre-Est","Ecoles","Nombre","2008","628"
"Evolution des nombres d'écoles et de salles de classe du primaire des secteurs privé et public par région","Centre-Est","Ecoles","Nombre","2009","719"
"Evolution des nombres d'écoles et de salles de classe du primaire des secteurs privé et public par région","Centre-Est","Ecoles","Nombre","2010","755"
"Evolution des nombres d'écoles et de salles de classe du primaire des secteurs privé et public par région","Centre-Est","Ecoles","Nombre","2011","785"
"Evolution des nombres d'écoles et de salles de classe du primaire des secteurs privé et public par région","Centre-Est","Ecoles","Nombre","2012","864"
"Evolution des nombres d'écoles et de salles de classe du primaire des secteurs privé et public par région","Centre-Est","Ecoles","Nombre","2013","946"
"Evolution des nombres d'écoles et de salles de classe du primaire des secteurs privé et public par région","Centre-Est","Ecoles","Nombre","2014","1028"
"Evolution des nombres d'écoles et de salles de classe du primaire des secteurs privé et public par région","Centre-Est","Ecoles","Nombre","2015","1094"
"Evolution des nombres d'écoles et de salles de classe du primaire des secteurs privé et public par région","Centre-Est","Ecoles","Nombre","2016","1164"
"Evolution des nombres d'écoles et de salles de classe du primaire des secteurs privé et public par région","Centre-Est","Ecoles","Nombre","2017","1192"
"Evolution des nombres d'écoles et de salles de classe du primaire des secteurs privé et public par région","Centre-Est","Ecoles","Nombre","2018","1217"
"Evolution des nombres d'écoles et de salles de classe du primaire des secteurs privé et public par région","Centre-Est","Ecoles","Nombre","2019","1193"
"Evolution des nombres d'écoles et de salles de classe du primaire des secteurs privé et public par région","Centre-Est","Ecoles","Nombre","2020","1209"
"Evolution des nombres d'écoles et de salles de classe du primaire des secteurs privé et public par région","Centre-Est","Ecoles","Nombre","2022","1289"
"Evolution des nombres d'écoles et de salles de classe du primaire des secteurs privé et public par région","Centre-Est","Ecoles","Nombre","2023","1098"
"Evolution des nombres d'écoles et de salles de classe du primaire des secteurs privé et public par région","Centre-Est","Classes","Nombre","1997","900"
"Evolution des nombres d'écoles et de salles de classe du primaire des secteurs privé et public par région","Centre-Est","Classes","Nombre","1998","985"
"Evolution des nombres d'écoles et de salles de classe du primaire des secteurs privé et public par région","Centre-Est","Classes","Nombre","1999","1041"
"Evolution des nombres d'écoles et de salles de classe du primaire des secteurs privé et public par région","Centre-Est","Classes","Nombre","2000","1129"
"Evolution des nombres d'écoles et de salles de classe du primaire des secteurs privé et public par région","Centre-Est","Classes","Nombre","2001","1131"
"Evolution des nombres d'écoles et de salles de classe du primaire des secteurs privé et public par région","Centre-Est","Classes","Nombre","2002","1327"
"Evolution des nombres d'écoles et de salles de classe du primaire des secteurs privé et public par région","Centre-Est","Classes","Nombre","2003","1401"
"Evolution des nombres d'écoles et de salles de classe du primaire des secteurs privé et public par région","Centre-Est","Classes","Nombre","2004","1606"
"Evolution des nombres d'écoles et de salles de classe du primaire des secteurs privé et public par région","Centre-Est","Classes","Nombre","2005","1753"
"Evolution des nombres d'écoles et de salles de classe du primaire des secteurs privé et public par région","Centre-Est","Classes","Nombre","2006","1898"
"Evolution des nombres d'écoles et de salles de classe du primaire des secteurs privé et public par région","Centre-Est","Classes","Nombre","2007","2070"
"Evolution des nombres d'écoles et de salles de classe du primaire des secteurs privé et public par région","Centre-Est","Classes","Nombre","2008","2376"
"Evolution des nombres d'écoles et de salles de classe du primaire des secteurs privé et public par région","Centre-Est","Classes","Nombre","2009","2703"
"Evolution des nombres d'écoles et de salles de classe du primaire des secteurs privé et public par région","Centre-Est","Classes","Nombre","2010","2928"
"Evolution des nombres d'écoles et de salles de classe du primaire des secteurs privé et public par région","Centre-Est","Classes","Nombre","2011","3115"
"Evolution des nombres d'écoles et de salles de classe du primaire des secteurs privé et public par région","Centre-Est","Classes","Nombre","2012","3353"
"Evolution des nombres d'écoles et de salles de classe du primaire des secteurs privé et public par région","Centre-Est","Classes","Nombre","2013","3686"
"Evolution des nombres d'écoles et de salles de classe du primaire des secteurs privé et public par région","Centre-Est","Classes","Nombre","2014","4027"
"Evolution des nombres d'écoles et de salles de classe du primaire des secteurs privé et public par région","Centre-Est","Classes","Nombre","2015","4351"
"Evolution des nombres d'écoles et de salles de classe du primaire des secteurs privé et public par région","Centre-Est","Classes","Nombre","2016","4725"
"Evolution des nombres d'écoles et de salles de classe du primaire des secteurs privé et public par région","Centre-Est","Classes","Nombre","2017","5393"
"Evolution des nombres d'écoles et de salles de classe du primaire des secteurs privé et public par région","Centre-Est","Classes","Nombre","2018","5195"
"Evolution des nombres d'écoles et de salles de classe du primaire des secteurs privé et public par région","Centre-Est","Classes","Nombre","2019","5228"
"Evolution des nombres d'écoles et de salles de classe du primaire des secteurs privé et public par région","Centre-Est","Classes","Nombre","2020","5440"
"Evolution des nombres d'écoles et de salles de classe du primaire des secteurs privé et public par région","Centre-Est","Classes","Nombre","2022","5626"
"Evolution des nombres d'écoles et de salles de classe du primaire des secteurs privé et public par région","Centre-Est","Classes","Nombre","2023","5023"
"Evolution des nombres d'écoles et de salles de classe du primaire des secteurs privé et public par région","Centre-Nord","Ecoles","Nombre","1997","296"
"Evolution des nombres d'écoles et de salles de classe du primaire des secteurs privé et public par région","Centre-Nord","Ecoles","Nombre","1998","315"
"Evolution des nombres d'écoles et de salles de classe du primaire des secteurs privé et public par région","Centre-Nord","Ecoles","Nombre","1999","365"
"Evolution des nombres d'écoles et de salles de classe du primaire des secteurs privé et public par région","Centre-Nord","Ecoles","Nombre","2000","385"
"Evolution des nombres d'écoles et de salles de classe du primaire des secteurs privé et public par région","Centre-Nord","Ecoles","Nombre","2001","397"
"Evolution des nombres d'écoles et de salles de classe du primaire des secteurs privé et public par région","Centre-Nord","Ecoles","Nombre","2002","425"
"Evolution des nombres d'écoles et de salles de classe du primaire des secteurs privé et public par région","Centre-Nord","Ecoles","Nombre","2003","468"
"Evolution des nombres d'écoles et de salles de classe du primaire des secteurs privé et public par région","Centre-Nord","Ecoles","Nombre","2004","522"
"Evolution des nombres d'écoles et de salles de classe du primaire des secteurs privé et public par région","Centre-Nord","Ecoles","Nombre","2005","554"
"Evolution des nombres d'écoles et de salles de classe du primaire des secteurs privé et public par région","Centre-Nord","Ecoles","Nombre","2006","616"
"Evolution des nombres d'écoles et de salles de classe du primaire des secteurs privé et public par région","Centre-Nord","Ecoles","Nombre","2007","668"
"Evolution des nombres d'écoles et de salles de classe du primaire des secteurs privé et public par région","Centre-Nord","Ecoles","Nombre","2008","731"
"Evolution des nombres d'écoles et de salles de classe du primaire des secteurs privé et public par région","Centre-Nord","Ecoles","Nombre","2009","806"
"Evolution des nombres d'écoles et de salles de classe du primaire des secteurs privé et public par région","Centre-Nord","Ecoles","Nombre","2010","833"
"Evolution des nombres d'écoles et de salles de classe du primaire des secteurs privé et public par région","Centre-Nord","Ecoles","Nombre","2011","877"
"Evolution des nombres d'écoles et de salles de classe du primaire des secteurs privé et public par région","Centre-Nord","Ecoles","Nombre","2012","935"
"Evolution des nombres d'écoles et de salles de classe du primaire des secteurs privé et public par région","Centre-Nord","Ecoles","Nombre","2013","997"
"Evolution des nombres d'écoles et de salles de classe du primaire des secteurs privé et public par région","Centre-Nord","Ecoles","Nombre","2014","1084"
"Evolution des nombres d'écoles et de salles de classe du primaire des secteurs privé et public par région","Centre-Nord","Ecoles","Nombre","2015","1150"
"Evolution des nombres d'écoles et de salles de classe du primaire des secteurs privé et public par région","Centre-Nord","Ecoles","Nombre","2016","1228"
"Evolution des nombres d'écoles et de salles de classe du primaire des secteurs privé et public par région","Centre-Nord","Ecoles","Nombre","2017","1315"
"Evolution des nombres d'écoles et de salles de classe du primaire des secteurs privé et public par région","Centre-Nord","Ecoles","Nombre","2018","1375"
"Evolution des nombres d'écoles et de salles de classe du primaire des secteurs privé et public par région","Centre-Nord","Ecoles","Nombre","2019","1375"
"Evolution des nombres d'écoles et de salles de classe du primaire des secteurs privé et public par région","Centre-Nord","Ecoles","Nombre","2020","1079"
"Evolution des nombres d'écoles et de salles de classe du primaire des secteurs privé et public par région","Centre-Nord","Ecoles","Nombre","2022","1171"
"Evolution des nombres d'écoles et de salles de classe du primaire des secteurs privé et public par région","Centre-Nord","Ecoles","Nombre","2023","822"
"Evolution des nombres d'écoles et de salles de classe du primaire des secteurs privé et public par région","Centre-Nord","Classes","Nombre","1997","923"
"Evolution des nombres d'écoles et de salles de classe du primaire des secteurs privé et public par région","Centre-Nord","Classes","Nombre","1998","1030"
"Evolution des nombres d'écoles et de salles de classe du primaire des secteurs privé et public par région","Centre-Nord","Classes","Nombre","1999","1118"
"Evolution des nombres d'écoles et de salles de classe du primaire des secteurs privé et public par région","Centre-Nord","Classes","Nombre","2000","1169"
"Evolution des nombres d'écoles et de salles de classe du primaire des secteurs privé et public par région","Centre-Nord","Classes","Nombre","2001","1189"
"Evolution des nombres d'écoles et de salles de classe du primaire des secteurs privé et public par région","Centre-Nord","Classes","Nombre","2002","1341"
"Evolution des nombres d'écoles et de salles de classe du primaire des secteurs privé et public par région","Centre-Nord","Classes","Nombre","2003","1405"
"Evolution des nombres d'écoles et de salles de classe du primaire des secteurs privé et public par région","Centre-Nord","Classes","Nombre","2004","1570"
"Evolution des nombres d'écoles et de salles de classe du primaire des secteurs privé et public par région","Centre-Nord","Classes","Nombre","2005","1678"
"Evolution des nombres d'écoles et de salles de classe du primaire des secteurs privé et public par région","Centre-Nord","Classes","Nombre","2006","1894"
"Evolution des nombres d'écoles et de salles de classe du primaire des secteurs privé et public par région","Centre-Nord","Classes","Nombre","2007","2140"
"Evolution des nombres d'écoles et de salles de classe du primaire des secteurs privé et public par région","Centre-Nord","Classes","Nombre","2008","2498"
"Evolution des nombres d'écoles et de salles de classe du primaire des secteurs privé et public par région","Centre-Nord","Classes","Nombre","2009","2817"
"Evolution des nombres d'écoles et de salles de classe du primaire des secteurs privé et public par région","Centre-Nord","Classes","Nombre","2010","3100"
"Evolution des nombres d'écoles et de salles de classe du primaire des secteurs privé et public par région","Centre-Nord","Classes","Nombre","2011","3200"
"Evolution des nombres d'écoles et de salles de classe du primaire des secteurs privé et public par région","Centre-Nord","Classes","Nombre","2012","3344"
"Evolution des nombres d'écoles et de salles de classe du primaire des secteurs privé et public par région","Centre-Nord","Classes","Nombre","2013","3589"
"Evolution des nombres d'écoles et de salles de classe du primaire des secteurs privé et public par région","Centre-Nord","Classes","Nombre","2014","3690"
"Evolution des nombres d'écoles et de salles de classe du primaire des secteurs privé et public par région","Centre-Nord","Classes","Nombre","2015","4084"
"Evolution des nombres d'écoles et de salles de classe du primaire des secteurs privé et public par région","Centre-Nord","Classes","Nombre","2016","4488"
"Evolution des nombres d'écoles et de salles de classe du primaire des secteurs privé et public par région","Centre-Nord","Classes","Nombre","2017","5334"
"Evolution des nombres d'écoles et de salles de classe du primaire des secteurs privé et public par région","Centre-Nord","Classes","Nombre","2018","5231"
"Evolution des nombres d'écoles et de salles de classe du primaire des secteurs privé et public par région","Centre-Nord","Classes","Nombre","2019","5406"
"Evolution des nombres d'écoles et de salles de classe du primaire des secteurs privé et public par région","Centre-Nord","Classes","Nombre","2020","4507"
"Evolution des nombres d'écoles et de salles de classe du primaire des secteurs privé et public par région","Centre-Nord","Classes","Nombre","2022","4898"
"Evolution des nombres d'écoles et de salles de classe du primaire des secteurs privé et public par région","Centre-Nord","Classes","Nombre","2023","3451"
"Evolution des nombres d'écoles et de salles de classe du primaire des secteurs privé et public par région","Centre-Ouest","Ecoles","Nombre","1997","416"
"Evolution des nombres d'écoles et de salles de classe du primaire des secteurs privé et public par région","Centre-Ouest","Ecoles","Nombre","1998","441"
"Evolution des nombres d'écoles et de salles de classe du primaire des secteurs privé et public par région","Centre-Ouest","Ecoles","Nombre","1999","468"
"Evolution des nombres d'écoles et de salles de classe du primaire des secteurs privé et public par région","Centre-Ouest","Ecoles","Nombre","2000","490"
"Evolution des nombres d'écoles et de salles de classe du primaire des secteurs privé et public par région","Centre-Ouest","Ecoles","Nombre","2001","523"
"Evolution des nombres d'écoles et de salles de classe du primaire des secteurs privé et public par région","Centre-Ouest","Ecoles","Nombre","2002","545"
"Evolution des nombres d'écoles et de salles de classe du primaire des secteurs privé et public par région","Centre-Ouest","Ecoles","Nombre","2003","594"
"Evolution des nombres d'écoles et de salles de classe du primaire des secteurs privé et public par région","Centre-Ouest","Ecoles","Nombre","2004","619"
"Evolution des nombres d'écoles et de salles de classe du primaire des secteurs privé et public par région","Centre-Ouest","Ecoles","Nombre","2005","681"
"Evolution des nombres d'écoles et de salles de classe du primaire des secteurs privé et public par région","Centre-Ouest","Ecoles","Nombre","2006","732"
"Evolution des nombres d'écoles et de salles de classe du primaire des secteurs privé et public par région","Centre-Ouest","Ecoles","Nombre","2007","802"
"Evolution des nombres d'écoles et de salles de classe du primaire des secteurs privé et public par région","Centre-Ouest","Ecoles","Nombre","2008","854"
"Evolution des nombres d'écoles et de salles de classe du primaire des secteurs privé et public par région","Centre-Ouest","Ecoles","Nombre","2009","945"
"Evolution des nombres d'écoles et de salles de classe du primaire des secteurs privé et public par région","Centre-Ouest","Ecoles","Nombre","2010","959"
"Evolution des nombres d'écoles et de salles de classe du primaire des secteurs privé et public par région","Centre-Ouest","Ecoles","Nombre","2011","1002"
"Evolution des nombres d'écoles et de salles de classe du primaire des secteurs privé et public par région","Centre-Ouest","Ecoles","Nombre","2012","1059"
"Evolution des nombres d'écoles et de salles de classe du primaire des secteurs privé et public par région","Centre-Ouest","Ecoles","Nombre","2013","1120"
"Evolution des nombres d'écoles et de salles de classe du primaire des secteurs privé et public par région","Centre-Ouest","Ecoles","Nombre","2014","1175"
"Evolution des nombres d'écoles et de salles de classe du primaire des secteurs privé et public par région","Centre-Ouest","Ecoles","Nombre","2015","1208"
"Evolution des nombres d'écoles et de salles de classe du primaire des secteurs privé et public par région","Centre-Ouest","Ecoles","Nombre","2016","1257"
"Evolution des nombres d'écoles et de salles de classe du primaire des secteurs privé et public par région","Centre-Ouest","Ecoles","Nombre","2017","1287"
"Evolution des nombres d'écoles et de salles de classe du primaire des secteurs privé et public par région","Centre-Ouest","Ecoles","Nombre","2018","1283"
"Evolution des nombres d'écoles et de salles de classe du primaire des secteurs privé et public par région","Centre-Ouest","Ecoles","Nombre","2019","1326"
"Evolution des nombres d'écoles et de salles de classe du primaire des secteurs privé et public par région","Centre-Ouest","Ecoles","Nombre","2020","1348"
"Evolution des nombres d'écoles et de salles de classe du primaire des secteurs privé et public par région","Centre-Ouest","Ecoles","Nombre","2022","1381"
"Evolution des nombres d'écoles et de salles de classe du primaire des secteurs privé et public par région","Centre-Ouest","Ecoles","Nombre","2023","1337"
"Evolution des nombres d'écoles et de salles de classe du primaire des secteurs privé et public par région","Centre-Ouest","Classes","Nombre","1997","1399"
"Evolution des nombres d'écoles et de salles de classe du primaire des secteurs privé et public par région","Centre-Ouest","Classes","Nombre","1998","1559"
"Evolution des nombres d'écoles et de salles de classe du primaire des secteurs privé et public par région","Centre-Ouest","Classes","Nombre","1999","1630"
"Evolution des nombres d'écoles et de salles de classe du primaire des secteurs privé et public par région","Centre-Ouest","Classes","Nombre","2000","1716"
"Evolution des nombres d'écoles et de salles de classe du primaire des secteurs privé et public par région","Centre-Ouest","Classes","Nombre","2001","1724"
"Evolution des nombres d'écoles et de salles de classe du primaire des secteurs privé et public par région","Centre-Ouest","Classes","Nombre","2002","1926"
"Evolution des nombres d'écoles et de salles de classe du primaire des secteurs privé et public par région","Centre-Ouest","Classes","Nombre","2003","2050"
"Evolution des nombres d'écoles et de salles de classe du primaire des secteurs privé et public par région","Centre-Ouest","Classes","Nombre","2004","2247"
"Evolution des nombres d'écoles et de salles de classe du primaire des secteurs privé et public par région","Centre-Ouest","Classes","Nombre","2005","2462"
"Evolution des nombres d'écoles et de salles de classe du primaire des secteurs privé et public par région","Centre-Ouest","Classes","Nombre","2006","2639"
"Evolution des nombres d'écoles et de salles de classe du primaire des secteurs privé et public par région","Centre-Ouest","Classes","Nombre","2007","2927"
"Evolution des nombres d'écoles et de salles de classe du primaire des secteurs privé et public par région","Centre-Ouest","Classes","Nombre","2008","3156"
"Evolution des nombres d'écoles et de salles de classe du primaire des secteurs privé et public par région","Centre-Ouest","Classes","Nombre","2009","3492"
"Evolution des nombres d'écoles et de salles de classe du primaire des secteurs privé et public par région","Centre-Ouest","Classes","Nombre","2010","3591"
"Evolution des nombres d'écoles et de salles de classe du primaire des secteurs privé et public par région","Centre-Ouest","Classes","Nombre","2011","3926"
"Evolution des nombres d'écoles et de salles de classe du primaire des secteurs privé et public par région","Centre-Ouest","Classes","Nombre","2012","4165"
"Evolution des nombres d'écoles et de salles de classe du primaire des secteurs privé et public par région","Centre-Ouest","Classes","Nombre","2013","4516"
"Evolution des nombres d'écoles et de salles de classe du primaire des secteurs privé et public par région","Centre-Ouest","Classes","Nombre","2014","4739"
"Evolution des nombres d'écoles et de salles de classe du primaire des secteurs privé et public par région","Centre-Ouest","Classes","Nombre","2015","5059"
"Evolution des nombres d'écoles et de salles de classe du primaire des secteurs privé et public par région","Centre-Ouest","Classes","Nombre","2016","5518"
"Evolution des nombres d'écoles et de salles de classe du primaire des secteurs privé et public par région","Centre-Ouest","Classes","Nombre","2017","5878"
"Evolution des nombres d'écoles et de salles de classe du primaire des secteurs privé et public par région","Centre-Ouest","Classes","Nombre","2018","6088"
"Evolution des nombres d'écoles et de salles de classe du primaire des secteurs privé et public par région","Centre-Ouest","Classes","Nombre","2019","6334"
"Evolution des nombres d'écoles et de salles de classe du primaire des secteurs privé et public par région","Centre-Ouest","Classes","Nombre","2020","6545"
"Evolution des nombres d'écoles et de salles de classe du primaire des secteurs privé et public par région","Centre-Ouest","Classes","Nombre","2022","6668"
"Evolution des nombres d'écoles et de salles de classe du primaire des secteurs privé et public par région","Centre-Ouest","Classes","Nombre","2023","6533"
"Evolution des nombres d'écoles et de salles de classe du primaire des secteurs privé et public par région","Centre-Sud","Ecoles","Nombre","1997","231"
"Evolution des nombres d'écoles et de salles de classe du primaire des secteurs privé et public par région","Centre-Sud","Ecoles","Nombre","1998","239"
"Evolution des nombres d'écoles et de salles de classe du primaire des secteurs privé et public par région","Centre-Sud","Ecoles","Nombre","1999","265"
"Evolution des nombres d'écoles et de salles de classe du primaire des secteurs privé et public par région","Centre-Sud","Ecoles","Nombre","2000","273"
"Evolution des nombres d'écoles et de salles de classe du primaire des secteurs privé et public par région","Centre-Sud","Ecoles","Nombre","2001","282"
"Evolution des nombres d'écoles et de salles de classe du primaire des secteurs privé et public par région","Centre-Sud","Ecoles","Nombre","2002","287"
"Evolution des nombres d'écoles et de salles de classe du primaire des secteurs privé et public par région","Centre-Sud","Ecoles","Nombre","2003","291"
"Evolution des nombres d'écoles et de salles de classe du primaire des secteurs privé et public par région","Centre-Sud","Ecoles","Nombre","2004","310"
"Evolution des nombres d'écoles et de salles de classe du primaire des secteurs privé et public par région","Centre-Sud","Ecoles","Nombre","2005","360"
"Evolution des nombres d'écoles et de salles de classe du primaire des secteurs privé et public par région","Centre-Sud","Ecoles","Nombre","2006","380"
"Evolution des nombres d'écoles et de salles de classe du primaire des secteurs privé et public par région","Centre-Sud","Ecoles","Nombre","2007","397"
"Evolution des nombres d'écoles et de salles de classe du primaire des secteurs privé et public par région","Centre-Sud","Ecoles","Nombre","2008","426"
"Evolution des nombres d'écoles et de salles de classe du primaire des secteurs privé et public par région","Centre-Sud","Ecoles","Nombre","2009","464"
"Evolution des nombres d'écoles et de salles de classe du primaire des secteurs privé et public par région","Centre-Sud","Ecoles","Nombre","2010","478"
"Evolution des nombres d'écoles et de salles de classe du primaire des secteurs privé et public par région","Centre-Sud","Ecoles","Nombre","2011","506"
"Evolution des nombres d'écoles et de salles de classe du primaire des secteurs privé et public par région","Centre-Sud","Ecoles","Nombre","2012","534"
"Evolution des nombres d'écoles et de salles de classe du primaire des secteurs privé et public par région","Centre-Sud","Ecoles","Nombre","2013","571"
"Evolution des nombres d'écoles et de salles de classe du primaire des secteurs privé et public par région","Centre-Sud","Ecoles","Nombre","2014","599"
"Evolution des nombres d'écoles et de salles de classe du primaire des secteurs privé et public par région","Centre-Sud","Ecoles","Nombre","2015","632"
"Evolution des nombres d'écoles et de salles de classe du primaire des secteurs privé et public par région","Centre-Sud","Ecoles","Nombre","2016","642"
"Evolution des nombres d'écoles et de salles de classe du primaire des secteurs privé et public par région","Centre-Sud","Ecoles","Nombre","2017","651"
"Evolution des nombres d'écoles et de salles de classe du primaire des secteurs privé et public par région","Centre-Sud","Ecoles","Nombre","2018","670"
"Evolution des nombres d'écoles et de salles de classe du primaire des secteurs privé et public par région","Centre-Sud","Ecoles","Nombre","2019","706"
"Evolution des nombres d'écoles et de salles de classe du primaire des secteurs privé et public par région","Centre-Sud","Ecoles","Nombre","2020","734"
"Evolution des nombres d'écoles et de salles de classe du primaire des secteurs privé et public par région","Centre-Sud","Ecoles","Nombre","2021","751"
"Evolution des nombres d'écoles et de salles de classe du primaire des secteurs privé et public par région","Centre-Sud","Ecoles","Nombre","2022","761"
"Evolution des nombres d'écoles et de salles de classe du primaire des secteurs privé et public par région","Centre-Sud","Ecoles","Nombre","2023","766"
"Evolution des nombres d'écoles et de salles de classe du primaire des secteurs privé et public par région","Centre-Sud","Classes","Nombre","1997","675"
"Evolution des nombres d'écoles et de salles de classe du primaire des secteurs privé et public par région","Centre-Sud","Classes","Nombre","1998","779"
"Evolution des nombres d'écoles et de salles de classe du primaire des secteurs privé et public par région","Centre-Sud","Classes","Nombre","1999","860"
"Evolution des nombres d'écoles et de salles de classe du primaire des secteurs privé et public par région","Centre-Sud","Classes","Nombre","2000","912"
"Evolution des nombres d'écoles et de salles de classe du primaire des secteurs privé et public par région","Centre-Sud","Classes","Nombre","2001","930"
"Evolution des nombres d'écoles et de salles de classe du primaire des secteurs privé et public par région","Centre-Sud","Classes","Nombre","2002","1025"
"Evolution des nombres d'écoles et de salles de classe du primaire des secteurs privé et public par région","Centre-Sud","Classes","Nombre","2003","1082"
"Evolution des nombres d'écoles et de salles de classe du primaire des secteurs privé et public par région","Centre-Sud","Classes","Nombre","2004","1145"
"Evolution des nombres d'écoles et de salles de classe du primaire des secteurs privé et public par région","Centre-Sud","Classes","Nombre","2005","1234"
"Evolution des nombres d'écoles et de salles de classe du primaire des secteurs privé et public par région","Centre-Sud","Classes","Nombre","2006","1317"
"Evolution des nombres d'écoles et de salles de classe du primaire des secteurs privé et public par région","Centre-Sud","Classes","Nombre","2007","1435"
"Evolution des nombres d'écoles et de salles de classe du primaire des secteurs privé et public par région","Centre-Sud","Classes","Nombre","2008","1514"
"Evolution des nombres d'écoles et de salles de classe du primaire des secteurs privé et public par région","Centre-Sud","Classes","Nombre","2009","1660"
"Evolution des nombres d'écoles et de salles de classe du primaire des secteurs privé et public par région","Centre-Sud","Classes","Nombre","2010","1760"
"Evolution des nombres d'écoles et de salles de classe du primaire des secteurs privé et public par région","Centre-Sud","Classes","Nombre","2011","1867"
"Evolution des nombres d'écoles et de salles de classe du primaire des secteurs privé et public par région","Centre-Sud","Classes","Nombre","2012","1972"
"Evolution des nombres d'écoles et de salles de classe du primaire des secteurs privé et public par région","Centre-Sud","Classes","Nombre","2013","2140"
"Evolution des nombres d'écoles et de salles de classe du primaire des secteurs privé et public par région","Centre-Sud","Classes","Nombre","2014","2283"
"Evolution des nombres d'écoles et de salles de classe du primaire des secteurs privé et public par région","Centre-Sud","Classes","Nombre","2015","2443"
"Evolution des nombres d'écoles et de salles de classe du primaire des secteurs privé et public par région","Centre-Sud","Classes","Nombre","2016","2607"
"Evolution des nombres d'écoles et de salles de classe du primaire des secteurs privé et public par région","Centre-Sud","Classes","Nombre","2017","2854"
"Evolution des nombres d'écoles et de salles de classe du primaire des secteurs privé et public par région","Centre-Sud","Classes","Nombre","2018","2871"
"Evolution des nombres d'écoles et de salles de classe du primaire des secteurs privé et public par région","Centre-Sud","Classes","Nombre","2019","3055"
"Evolution des nombres d'écoles et de salles de classe du primaire des secteurs privé et public par région","Centre-Sud","Classes","Nombre","2020","3177"
"Evolution des nombres d'écoles et de salles de classe du primaire des secteurs privé et public par région","Centre-Sud","Classes","Nombre","2022","3306"
"Evolution des nombres d'écoles et de salles de classe du primaire des secteurs privé et public par région","Centre-Sud","Classes","Nombre","2023","3349"
"Evolution des nombres d'écoles et de salles de classe du primaire des secteurs privé et public par région","Est","Ecoles","Nombre","1997","184"
"Evolution des nombres d'écoles et de salles de classe du primaire des secteurs privé et public par région","Est","Ecoles","Nombre","1998","212"
"Evolution des nombres d'écoles et de salles de classe du primaire des secteurs privé et public par région","Est","Ecoles","Nombre","1999","273"
"Evolution des nombres d'écoles et de salles de classe du primaire des secteurs privé et public par région","Est","Ecoles","Nombre","2000","319"
"Evolution des nombres d'écoles et de salles de classe du primaire des secteurs privé et public par région","Est","Ecoles","Nombre","2001","340"
"Evolution des nombres d'écoles et de salles de classe du primaire des secteurs privé et public par région","Est","Ecoles","Nombre","2002","353"
"Evolution des nombres d'écoles et de salles de classe du primaire des secteurs privé et public par région","Est","Ecoles","Nombre","2003","421"
"Evolution des nombres d'écoles et de salles de classe du primaire des secteurs privé et public par région","Est","Ecoles","Nombre","2004","473"
"Evolution des nombres d'écoles et de salles de classe du primaire des secteurs privé et public par région","Est","Ecoles","Nombre","2005","550"
"Evolution des nombres d'écoles et de salles de classe du primaire des secteurs privé et public par région","Est","Ecoles","Nombre","2006","632"
"Evolution des nombres d'écoles et de salles de classe du primaire des secteurs privé et public par région","Est","Ecoles","Nombre","2007","707"
"Evolution des nombres d'écoles et de salles de classe du primaire des secteurs privé et public par région","Est","Ecoles","Nombre","2008","788"
"Evolution des nombres d'écoles et de salles de classe du primaire des secteurs privé et public par région","Est","Ecoles","Nombre","2009","866"
"Evolution des nombres d'écoles et de salles de classe du primaire des secteurs privé et public par région","Est","Ecoles","Nombre","2010","897"
"Evolution des nombres d'écoles et de salles de classe du primaire des secteurs privé et public par région","Est","Ecoles","Nombre","2011","939"
"Evolution des nombres d'écoles et de salles de classe du primaire des secteurs privé et public par région","Est","Ecoles","Nombre","2012","980"
"Evolution des nombres d'écoles et de salles de classe du primaire des secteurs privé et public par région","Est","Ecoles","Nombre","2013","1054"
"Evolution des nombres d'écoles et de salles de classe du primaire des secteurs privé et public par région","Est","Ecoles","Nombre","2014","1090"
"Evolution des nombres d'écoles et de salles de classe du primaire des secteurs privé et public par région","Est","Ecoles","Nombre","2015","1137"
"Evolution des nombres d'écoles et de salles de classe du primaire des secteurs privé et public par région","Est","Ecoles","Nombre","2016","1180"
"Evolution des nombres d'écoles et de salles de classe du primaire des secteurs privé et public par région","Est","Ecoles","Nombre","2017","1229"
"Evolution des nombres d'écoles et de salles de classe du primaire des secteurs privé et public par région","Est","Ecoles","Nombre","2018","1267"
"Evolution des nombres d'écoles et de salles de classe du primaire des secteurs privé et public par région","Est","Ecoles","Nombre","2019","1135"
"Evolution des nombres d'écoles et de salles de classe du primaire des secteurs privé et public par région","Est","Ecoles","Nombre","2020","988"
"Evolution des nombres d'écoles et de salles de classe du primaire des secteurs privé et public par région","Est","Ecoles","Nombre","2021","878"
"Evolution des nombres d'écoles et de salles de classe du primaire des secteurs privé et public par région","Est","Ecoles","Nombre","2022","582"
"Evolution des nombres d'écoles et de salles de classe du primaire des secteurs privé et public par région","Est","Ecoles","Nombre","2023","406"
"Evolution des nombres d'écoles et de salles de classe du primaire des secteurs privé et public par région","Est","Classes","Nombre","1997","558"
"Evolution des nombres d'écoles et de salles de classe du primaire des secteurs privé et public par région","Est","Classes","Nombre","1998","664"
"Evolution des nombres d'écoles et de salles de classe du primaire des secteurs privé et public par région","Est","Classes","Nombre","1999","735"
"Evolution des nombres d'écoles et de salles de classe du primaire des secteurs privé et public par région","Est","Classes","Nombre","2000","875"
"Evolution des nombres d'écoles et de salles de classe du primaire des secteurs privé et public par région","Est","Classes","Nombre","2001","895"
"Evolution des nombres d'écoles et de salles de classe du primaire des secteurs privé et public par région","Est","Classes","Nombre","2002","1076"
"Evolution des nombres d'écoles et de salles de classe du primaire des secteurs privé et public par région","Est","Classes","Nombre","2003","1173"
"Evolution des nombres d'écoles et de salles de classe du primaire des secteurs privé et public par région","Est","Classes","Nombre","2004","1348"
"Evolution des nombres d'écoles et de salles de classe du primaire des secteurs privé et public par région","Est","Classes","Nombre","2005","1539"
"Evolution des nombres d'écoles et de salles de classe du primaire des secteurs privé et public par région","Est","Classes","Nombre","2006","1718"
"Evolution des nombres d'écoles et de salles de classe du primaire des secteurs privé et public par région","Est","Classes","Nombre","2007","1979"
"Evolution des nombres d'écoles et de salles de classe du primaire des secteurs privé et public par région","Est","Classes","Nombre","2008","2360"
"Evolution des nombres d'écoles et de salles de classe du primaire des secteurs privé et public par région","Est","Classes","Nombre","2009","2712"
"Evolution des nombres d'écoles et de salles de classe du primaire des secteurs privé et public par région","Est","Classes","Nombre","2010","3037"
"Evolution des nombres d'écoles et de salles de classe du primaire des secteurs privé et public par région","Est","Classes","Nombre","2011","3233"
"Evolution des nombres d'écoles et de salles de classe du primaire des secteurs privé et public par région","Est","Classes","Nombre","2012","3482"
"Evolution des nombres d'écoles et de salles de classe du primaire des secteurs privé et public par région","Est","Classes","Nombre","2013","3775"
"Evolution des nombres d'écoles et de salles de classe du primaire des secteurs privé et public par région","Est","Classes","Nombre","2014","3892"
"Evolution des nombres d'écoles et de salles de classe du primaire des secteurs privé et public par région","Est","Classes","Nombre","2015","4276"
"Evolution des nombres d'écoles et de salles de classe du primaire des secteurs privé et public par région","Est","Classes","Nombre","2016","4588"
"Evolution des nombres d'écoles et de salles de classe du primaire des secteurs privé et public par région","Est","Classes","Nombre","2017","5223"
"Evolution des nombres d'écoles et de salles de classe du primaire des secteurs privé et public par région","Est","Classes","Nombre","2018","5210"
"Evolution des nombres d'écoles et de salles de classe du primaire des secteurs privé et public par région","Est","Classes","Nombre","2019","4735"
"Evolution des nombres d'écoles et de salles de classe du primaire des secteurs privé et public par région","Est","Classes","Nombre","2020","4214"
"Evolution des nombres d'écoles et de salles de classe du primaire des secteurs privé et public par région","Est","Classes","Nombre","2022","2724"
"Evolution des nombres d'écoles et de salles de classe du primaire des secteurs privé et public par région","Est","Classes","Nombre","2023","2040"
"Evolution des nombres d'écoles et de salles de classe du primaire des secteurs privé et public par région","Hauts-Bassins","Ecoles","Nombre","1997","364"
"Evolution des nombres d'écoles et de salles de classe du primaire des secteurs privé et public par région","Hauts-Bassins","Ecoles","Nombre","1998","382"
"Evolution des nombres d'écoles et de salles de classe du primaire des secteurs privé et public par région","Hauts-Bassins","Ecoles","Nombre","1999","412"
"Evolution des nombres d'écoles et de salles de classe du primaire des secteurs privé et public par région","Hauts-Bassins","Ecoles","Nombre","2000","432"
"Evolution des nombres d'écoles et de salles de classe du primaire des secteurs privé et public par région","Hauts-Bassins","Ecoles","Nombre","2001","456"
"Evolution des nombres d'écoles et de salles de classe du primaire des secteurs privé et public par région","Hauts-Bassins","Ecoles","Nombre","2002","478"
"Evolution des nombres d'écoles et de salles de classe du primaire des secteurs privé et public par région","Hauts-Bassins","Ecoles","Nombre","2003","507"
"Evolution des nombres d'écoles et de salles de classe du primaire des secteurs privé et public par région","Hauts-Bassins","Ecoles","Nombre","2004","548"
"Evolution des nombres d'écoles et de salles de classe du primaire des secteurs privé et public par région","Hauts-Bassins","Ecoles","Nombre","2005","600"
"Evolution des nombres d'écoles et de salles de classe du primaire des secteurs privé et public par région","Hauts-Bassins","Ecoles","Nombre","2006","638"
"Evolution des nombres d'écoles et de salles de classe du primaire des secteurs privé et public par région","Hauts-Bassins","Ecoles","Nombre","2007","696"
"Evolution des nombres d'écoles et de salles de classe du primaire des secteurs privé et public par région","Hauts-Bassins","Ecoles","Nombre","2008","738"
"Evolution des nombres d'écoles et de salles de classe du primaire des secteurs privé et public par région","Hauts-Bassins","Ecoles","Nombre","2009","855"
"Evolution des nombres d'écoles et de salles de classe du primaire des secteurs privé et public par région","Hauts-Bassins","Ecoles","Nombre","2010","915"
"Evolution des nombres d'écoles et de salles de classe du primaire des secteurs privé et public par région","Hauts-Bassins","Ecoles","Nombre","2011","985"
"Evolution des nombres d'écoles et de salles de classe du primaire des secteurs privé et public par région","Hauts-Bassins","Ecoles","Nombre","2012","1023"
"Evolution des nombres d'écoles et de salles de classe du primaire des secteurs privé et public par région","Hauts-Bassins","Ecoles","Nombre","2013","1104"
"Evolution des nombres d'écoles et de salles de classe du primaire des secteurs privé et public par région","Hauts-Bassins","Ecoles","Nombre","2014","1206"
"Evolution des nombres d'écoles et de salles de classe du primaire des secteurs privé et public par région","Hauts-Bassins","Ecoles","Nombre","2015","1238"
"Evolution des nombres d'écoles et de salles de classe du primaire des secteurs privé et public par région","Hauts-Bassins","Ecoles","Nombre","2016","1353"
"Evolution des nombres d'écoles et de salles de classe du primaire des secteurs privé et public par région","Hauts-Bassins","Ecoles","Nombre","2017","1430"
"Evolution des nombres d'écoles et de salles de classe du primaire des secteurs privé et public par région","Hauts-Bassins","Ecoles","Nombre","2018","1538"
"Evolution des nombres d'écoles et de salles de classe du primaire des secteurs privé et public par région","Hauts-Bassins","Ecoles","Nombre","2019","1610"
"Evolution des nombres d'écoles et de salles de classe du primaire des secteurs privé et public par région","Hauts-Bassins","Ecoles","Nombre","2020","1670"
"Evolution des nombres d'écoles et de salles de classe du primaire des secteurs privé et public par région","Hauts-Bassins","Ecoles","Nombre","2022","1807"
"Evolution des nombres d'écoles et de salles de classe du primaire des secteurs privé et public par région","Hauts-Bassins","Ecoles","Nombre","2023","1593"
"Evolution des nombres d'écoles et de salles de classe du primaire des secteurs privé et public par région","Hauts-Bassins","Classes","Nombre","1997","1484"
"Evolution des nombres d'écoles et de salles de classe du primaire des secteurs privé et public par région","Hauts-Bassins","Classes","Nombre","1998","1610"
"Evolution des nombres d'écoles et de salles de classe du primaire des secteurs privé et public par région","Hauts-Bassins","Classes","Nombre","1999","1699"
"Evolution des nombres d'écoles et de salles de classe du primaire des secteurs privé et public par région","Hauts-Bassins","Classes","Nombre","2000","1787"
"Evolution des nombres d'écoles et de salles de classe du primaire des secteurs privé et public par région","Hauts-Bassins","Classes","Nombre","2001","1858"
"Evolution des nombres d'écoles et de salles de classe du primaire des secteurs privé et public par région","Hauts-Bassins","Classes","Nombre","2002","1952"
"Evolution des nombres d'écoles et de salles de classe du primaire des secteurs privé et public par région","Hauts-Bassins","Classes","Nombre","2003","2041"
"Evolution des nombres d'écoles et de salles de classe du primaire des secteurs privé et public par région","Hauts-Bassins","Classes","Nombre","2004","2245"
"Evolution des nombres d'écoles et de salles de classe du primaire des secteurs privé et public par région","Hauts-Bassins","Classes","Nombre","2005","2433"
"Evolution des nombres d'écoles et de salles de classe du primaire des secteurs privé et public par région","Hauts-Bassins","Classes","Nombre","2006","2646"
"Evolution des nombres d'écoles et de salles de classe du primaire des secteurs privé et public par région","Hauts-Bassins","Classes","Nombre","2007","2807"
"Evolution des nombres d'écoles et de salles de classe du primaire des secteurs privé et public par région","Hauts-Bassins","Classes","Nombre","2008","3048"
"Evolution des nombres d'écoles et de salles de classe du primaire des secteurs privé et public par région","Hauts-Bassins","Classes","Nombre","2009","3420"
"Evolution des nombres d'écoles et de salles de classe du primaire des secteurs privé et public par région","Hauts-Bassins","Classes","Nombre","2010","3679"
"Evolution des nombres d'écoles et de salles de classe du primaire des secteurs privé et public par région","Hauts-Bassins","Classes","Nombre","2011","3960"
"Evolution des nombres d'écoles et de salles de classe du primaire des secteurs privé et public par région","Hauts-Bassins","Classes","Nombre","2012","4155"
"Evolution des nombres d'écoles et de salles de classe du primaire des secteurs privé et public par région","Hauts-Bassins","Classes","Nombre","2013","4544"
"Evolution des nombres d'écoles et de salles de classe du primaire des secteurs privé et public par région","Hauts-Bassins","Classes","Nombre","2014","4870"
"Evolution des nombres d'écoles et de salles de classe du primaire des secteurs privé et public par région","Hauts-Bassins","Classes","Nombre","2015","5142"
"Evolution des nombres d'écoles et de salles de classe du primaire des secteurs privé et public par région","Hauts-Bassins","Classes","Nombre","2016","5658"
"Evolution des nombres d'écoles et de salles de classe du primaire des secteurs privé et public par région","Hauts-Bassins","Classes","Nombre","2017","6534"
"Evolution des nombres d'écoles et de salles de classe du primaire des secteurs privé et public par région","Hauts-Bassins","Classes","Nombre","2018","6657"
"Evolution des nombres d'écoles et de salles de classe du primaire des secteurs privé et public par région","Hauts-Bassins","Classes","Nombre","2019","6850"
"Evolution des nombres d'écoles et de salles de classe du primaire des secteurs privé et public par région","Hauts-Bassins","Classes","Nombre","2020","7344"
"Evolution des nombres d'écoles et de salles de classe du primaire des secteurs privé et public par région","Hauts-Bassins","Classes","Nombre","2022","8120"
"Evolution des nombres d'écoles et de salles de classe du primaire des secteurs privé et public par région","Hauts-Bassins","Classes","Nombre","2023","7448"
"Evolution des nombres d'écoles et de salles de classe du primaire des secteurs privé et public par région","Nord","Ecoles","Nombre","1997","539"
"Evolution des nombres d'écoles et de salles de classe du primaire des secteurs privé et public par région","Nord","Ecoles","Nombre","1998","586"
"Evolution des nombres d'écoles et de salles de classe du primaire des secteurs privé et public par région","Nord","Ecoles","Nombre","1999","622"
"Evolution des nombres d'écoles et de salles de classe du primaire des secteurs privé et public par région","Nord","Ecoles","Nombre","2000","648"
"Evolution des nombres d'écoles et de salles de classe du primaire des secteurs privé et public par région","Nord","Ecoles","Nombre","2001","666"
"Evolution des nombres d'écoles et de salles de classe du primaire des secteurs privé et public par région","Nord","Ecoles","Nombre","2002","686"
"Evolution des nombres d'écoles et de salles de classe du primaire des secteurs privé et public par région","Nord","Ecoles","Nombre","2003","711"
"Evolution des nombres d'écoles et de salles de classe du primaire des secteurs privé et public par région","Nord","Ecoles","Nombre","2004","734"
"Evolution des nombres d'écoles et de salles de classe du primaire des secteurs privé et public par région","Nord","Ecoles","Nombre","2005","806"
"Evolution des nombres d'écoles et de salles de classe du primaire des secteurs privé et public par région","Nord","Ecoles","Nombre","2006","903"
"Evolution des nombres d'écoles et de salles de classe du primaire des secteurs privé et public par région","Nord","Ecoles","Nombre","2007","968"
"Evolution des nombres d'écoles et de salles de classe du primaire des secteurs privé et public par région","Nord","Ecoles","Nombre","2008","997"
"Evolution des nombres d'écoles et de salles de classe du primaire des secteurs privé et public par région","Nord","Ecoles","Nombre","2009","1145"
"Evolution des nombres d'écoles et de salles de classe du primaire des secteurs privé et public par région","Nord","Ecoles","Nombre","2010","1199"
"Evolution des nombres d'écoles et de salles de classe du primaire des secteurs privé et public par région","Nord","Ecoles","Nombre","2011","1287"
"Evolution des nombres d'écoles et de salles de classe du primaire des secteurs privé et public par région","Nord","Ecoles","Nombre","2012","1349"
"Evolution des nombres d'écoles et de salles de classe du primaire des secteurs privé et public par région","Nord","Ecoles","Nombre","2013","1423"
"Evolution des nombres d'écoles et de salles de classe du primaire des secteurs privé et public par région","Nord","Ecoles","Nombre","2014","1481"
"Evolution des nombres d'écoles et de salles de classe du primaire des secteurs privé et public par région","Nord","Ecoles","Nombre","2015","1431"
"Evolution des nombres d'écoles et de salles de classe du primaire des secteurs privé et public par région","Nord","Ecoles","Nombre","2016","1509"
"Evolution des nombres d'écoles et de salles de classe du primaire des secteurs privé et public par région","Nord","Ecoles","Nombre","2017","1595"
"Evolution des nombres d'écoles et de salles de classe du primaire des secteurs privé et public par région","Nord","Ecoles","Nombre","2018","1654"
"Evolution des nombres d'écoles et de salles de classe du primaire des secteurs privé et public par région","Nord","Ecoles","Nombre","2019","1591"
"Evolution des nombres d'écoles et de salles de classe du primaire des secteurs privé et public par région","Nord","Ecoles","Nombre","2020","1566"
"Evolution des nombres d'écoles et de salles de classe du primaire des secteurs privé et public par région","Nord","Ecoles","Nombre","2022","1523"
"Evolution des nombres d'écoles et de salles de classe du primaire des secteurs privé et public par région","Nord","Ecoles","Nombre","2023","1280"
"Evolution des nombres d'écoles et de salles de classe du primaire des secteurs privé et public par région","Nord","Classes","Nombre","1997","1759"
"Evolution des nombres d'écoles et de salles de classe du primaire des secteurs privé et public par région","Nord","Classes","Nombre","1998","1972"
"Evolution des nombres d'écoles et de salles de classe du primaire des secteurs privé et public par région","Nord","Classes","Nombre","1999","2018"
"Evolution des nombres d'écoles et de salles de classe du primaire des secteurs privé et public par région","Nord","Classes","Nombre","2000","2124"
"Evolution des nombres d'écoles et de salles de classe du primaire des secteurs privé et public par région","Nord","Classes","Nombre","2001","2219"
"Evolution des nombres d'écoles et de salles de classe du primaire des secteurs privé et public par région","Nord","Classes","Nombre","2002","2227"
"Evolution des nombres d'écoles et de salles de classe du primaire des secteurs privé et public par région","Nord","Classes","Nombre","2003","2330"
"Evolution des nombres d'écoles et de salles de classe du primaire des secteurs privé et public par région","Nord","Classes","Nombre","2004","2471"
"Evolution des nombres d'écoles et de salles de classe du primaire des secteurs privé et public par région","Nord","Classes","Nombre","2005","2682"
"Evolution des nombres d'écoles et de salles de classe du primaire des secteurs privé et public par région","Nord","Classes","Nombre","2006","2891"
"Evolution des nombres d'écoles et de salles de classe du primaire des secteurs privé et public par région","Nord","Classes","Nombre","2007","3166"
"Evolution des nombres d'écoles et de salles de classe du primaire des secteurs privé et public par région","Nord","Classes","Nombre","2008","3346"
"Evolution des nombres d'écoles et de salles de classe du primaire des secteurs privé et public par région","Nord","Classes","Nombre","2009","3759"
"Evolution des nombres d'écoles et de salles de classe du primaire des secteurs privé et public par région","Nord","Classes","Nombre","2010","4130"
"Evolution des nombres d'écoles et de salles de classe du primaire des secteurs privé et public par région","Nord","Classes","Nombre","2011","4501"
"Evolution des nombres d'écoles et de salles de classe du primaire des secteurs privé et public par région","Nord","Classes","Nombre","2012","4707"
"Evolution des nombres d'écoles et de salles de classe du primaire des secteurs privé et public par région","Nord","Classes","Nombre","2013","5072"
"Evolution des nombres d'écoles et de salles de classe du primaire des secteurs privé et public par région","Nord","Classes","Nombre","2014","5318"
"Evolution des nombres d'écoles et de salles de classe du primaire des secteurs privé et public par région","Nord","Classes","Nombre","2015","5529"
"Evolution des nombres d'écoles et de salles de classe du primaire des secteurs privé et public par région","Nord","Classes","Nombre","2016","5905"
"Evolution des nombres d'écoles et de salles de classe du primaire des secteurs privé et public par région","Nord","Classes","Nombre","2017","7620"
"Evolution des nombres d'écoles et de salles de classe du primaire des secteurs privé et public par région","Nord","Classes","Nombre","2018","6697"
"Evolution des nombres d'écoles et de salles de classe du primaire des secteurs privé et public par région","Nord","Classes","Nombre","2019","6537"
"Evolution des nombres d'écoles et de salles de classe du primaire des secteurs privé et public par région","Nord","Classes","Nombre","2020","6553"
"Evolution des nombres d'écoles et de salles de classe du primaire des secteurs privé et public par région","Nord","Classes","Nombre","2022","6230"
"Evolution des nombres d'écoles et de salles de classe du primaire des secteurs privé et public par région","Nord","Classes","Nombre","2023","5249"
"Evolution des nombres d'écoles et de salles de classe du primaire des secteurs privé et public par région","Plateau Central","Ecoles","Nombre","1997","232"
"Evolution des nombres d'écoles et de salles de classe du primaire des secteurs privé et public par région","Plateau Central","Ecoles","Nombre","1998","247"
"Evolution des nombres d'écoles et de salles de classe du primaire des secteurs privé et public par région","Plateau Central","Ecoles","Nombre","1999","286"
"Evolution des nombres d'écoles et de salles de classe du primaire des secteurs privé et public par région","Plateau Central","Ecoles","Nombre","2000","306"
"Evolution des nombres d'écoles et de salles de classe du primaire des secteurs privé et public par région","Plateau Central","Ecoles","Nombre","2001","317"
"Evolution des nombres d'écoles et de salles de classe du primaire des secteurs privé et public par région","Plateau Central","Ecoles","Nombre","2002","338"
"Evolution des nombres d'écoles et de salles de classe du primaire des secteurs privé et public par région","Plateau Central","Ecoles","Nombre","2003","381"
"Evolution des nombres d'écoles et de salles de classe du primaire des secteurs privé et public par région","Plateau Central","Ecoles","Nombre","2004","426"
"Evolution des nombres d'écoles et de salles de classe du primaire des secteurs privé et public par région","Plateau Central","Ecoles","Nombre","2005","478"
"Evolution des nombres d'écoles et de salles de classe du primaire des secteurs privé et public par région","Plateau Central","Ecoles","Nombre","2006","512"
"Evolution des nombres d'écoles et de salles de classe du primaire des secteurs privé et public par région","Plateau Central","Ecoles","Nombre","2007","537"
"Evolution des nombres d'écoles et de salles de classe du primaire des secteurs privé et public par région","Plateau Central","Ecoles","Nombre","2008","566"
"Evolution des nombres d'écoles et de salles de classe du primaire des secteurs privé et public par région","Plateau Central","Ecoles","Nombre","2009","636"
"Evolution des nombres d'écoles et de salles de classe du primaire des secteurs privé et public par région","Plateau Central","Ecoles","Nombre","2010","660"
"Evolution des nombres d'écoles et de salles de classe du primaire des secteurs privé et public par région","Plateau Central","Ecoles","Nombre","2011","690"
"Evolution des nombres d'écoles et de salles de classe du primaire des secteurs privé et public par région","Plateau Central","Ecoles","Nombre","2012","723"
"Evolution des nombres d'écoles et de salles de classe du primaire des secteurs privé et public par région","Plateau Central","Ecoles","Nombre","2013","773"
"Evolution des nombres d'écoles et de salles de classe du primaire des secteurs privé et public par région","Plateau Central","Ecoles","Nombre","2014","814"
"Evolution des nombres d'écoles et de salles de classe du primaire des secteurs privé et public par région","Plateau Central","Ecoles","Nombre","2015","831"
"Evolution des nombres d'écoles et de salles de classe du primaire des secteurs privé et public par région","Plateau Central","Ecoles","Nombre","2016","899"
"Evolution des nombres d'écoles et de salles de classe du primaire des secteurs privé et public par région","Plateau Central","Ecoles","Nombre","2017","955"
"Evolution des nombres d'écoles et de salles de classe du primaire des secteurs privé et public par région","Plateau Central","Ecoles","Nombre","2018","967"
"Evolution des nombres d'écoles et de salles de classe du primaire des secteurs privé et public par région","Plateau Central","Ecoles","Nombre","2019","969"
"Evolution des nombres d'écoles et de salles de classe du primaire des secteurs privé et public par région","Plateau Central","Ecoles","Nombre","2020","1009"
"Evolution des nombres d'écoles et de salles de classe du primaire des secteurs privé et public par région","Plateau Central","Ecoles","Nombre","2022","1051"
"Evolution des nombres d'écoles et de salles de classe du primaire des secteurs privé et public par région","Plateau Central","Ecoles","Nombre","2023","1093"
"Evolution des nombres d'écoles et de salles de classe du primaire des secteurs privé et public par région","Plateau Central","Classes","Nombre","1997","717"
"Evolution des nombres d'écoles et de salles de classe du primaire des secteurs privé et public par région","Plateau Central","Classes","Nombre","1998","827"
"Evolution des nombres d'écoles et de salles de classe du primaire des secteurs privé et public par région","Plateau Central","Classes","Nombre","1999","909"
"Evolution des nombres d'écoles et de salles de classe du primaire des secteurs privé et public par région","Plateau Central","Classes","Nombre","2000","979"
"Evolution des nombres d'écoles et de salles de classe du primaire des secteurs privé et public par région","Plateau Central","Classes","Nombre","2001","998"
"Evolution des nombres d'écoles et de salles de classe du primaire des secteurs privé et public par région","Plateau Central","Classes","Nombre","2002","1151"
"Evolution des nombres d'écoles et de salles de classe du primaire des secteurs privé et public par région","Plateau Central","Classes","Nombre","2003","1202"
"Evolution des nombres d'écoles et de salles de classe du primaire des secteurs privé et public par région","Plateau Central","Classes","Nombre","2004","1375"
"Evolution des nombres d'écoles et de salles de classe du primaire des secteurs privé et public par région","Plateau Central","Classes","Nombre","2005","1532"
"Evolution des nombres d'écoles et de salles de classe du primaire des secteurs privé et public par région","Plateau Central","Classes","Nombre","2006","1624"
"Evolution des nombres d'écoles et de salles de classe du primaire des secteurs privé et public par région","Plateau Central","Classes","Nombre","2007","1764"
"Evolution des nombres d'écoles et de salles de classe du primaire des secteurs privé et public par région","Plateau Central","Classes","Nombre","2008","1916"
"Evolution des nombres d'écoles et de salles de classe du primaire des secteurs privé et public par région","Plateau Central","Classes","Nombre","2009","2155"
"Evolution des nombres d'écoles et de salles de classe du primaire des secteurs privé et public par région","Plateau Central","Classes","Nombre","2010","2375"
"Evolution des nombres d'écoles et de salles de classe du primaire des secteurs privé et public par région","Plateau Central","Classes","Nombre","2011","2434"
"Evolution des nombres d'écoles et de salles de classe du primaire des secteurs privé et public par région","Plateau Central","Classes","Nombre","2012","2465"
"Evolution des nombres d'écoles et de salles de classe du primaire des secteurs privé et public par région","Plateau Central","Classes","Nombre","2013","2843"
"Evolution des nombres d'écoles et de salles de classe du primaire des secteurs privé et public par région","Plateau Central","Classes","Nombre","2014","2980"
"Evolution des nombres d'écoles et de salles de classe du primaire des secteurs privé et public par région","Plateau Central","Classes","Nombre","2015","3181"
"Evolution des nombres d'écoles et de salles de classe du primaire des secteurs privé et public par région","Plateau Central","Classes","Nombre","2016","3475"
"Evolution des nombres d'écoles et de salles de classe du primaire des secteurs privé et public par région","Plateau Central","Classes","Nombre","2017","4213"
"Evolution des nombres d'écoles et de salles de classe du primaire des secteurs privé et public par région","Plateau Central","Classes","Nombre","2018","3922"
"Evolution des nombres d'écoles et de salles de classe du primaire des secteurs privé et public par région","Plateau Central","Classes","Nombre","2019","3946"
"Evolution des nombres d'écoles et de salles de classe du primaire des secteurs privé et public par région","Plateau Central","Classes","Nombre","2020","4180"
"Evolution des nombres d'écoles et de salles de classe du primaire des secteurs privé et public par région","Plateau Central","Classes","Nombre","2022","4322"
"Evolution des nombres d'écoles et de salles de classe du primaire des secteurs privé et public par région","Plateau Central","Classes","Nombre","2023","4503"
"Evolution des nombres d'écoles et de salles de classe du primaire des secteurs privé et public par région","Sahel","Ecoles","Nombre","1997","156"
"Evolution des nombres d'écoles et de salles de classe du primaire des secteurs privé et public par région","Sahel","Ecoles","Nombre","1998","176"
"Evolution des nombres d'écoles et de salles de classe du primaire des secteurs privé et public par région","Sahel","Ecoles","Nombre","1999","194"
"Evolution des nombres d'écoles et de salles de classe du primaire des secteurs privé et public par région","Sahel","Ecoles","Nombre","2000","230"
"Evolution des nombres d'écoles et de salles de classe du primaire des secteurs privé et public par région","Sahel","Ecoles","Nombre","2001","239"
"Evolution des nombres d'écoles et de salles de classe du primaire des secteurs privé et public par région","Sahel","Ecoles","Nombre","2002","248"
"Evolution des nombres d'écoles et de salles de classe du primaire des secteurs privé et public par région","Sahel","Ecoles","Nombre","2003","283"
"Evolution des nombres d'écoles et de salles de classe du primaire des secteurs privé et public par région","Sahel","Ecoles","Nombre","2004","350"
"Evolution des nombres d'écoles et de salles de classe du primaire des secteurs privé et public par région","Sahel","Ecoles","Nombre","2005","408"
"Evolution des nombres d'écoles et de salles de classe du primaire des secteurs privé et public par région","Sahel","Ecoles","Nombre","2006","481"
"Evolution des nombres d'écoles et de salles de classe du primaire des secteurs privé et public par région","Sahel","Ecoles","Nombre","2007","533"
"Evolution des nombres d'écoles et de salles de classe du primaire des secteurs privé et public par région","Sahel","Ecoles","Nombre","2008","577"
"Evolution des nombres d'écoles et de salles de classe du primaire des secteurs privé et public par région","Sahel","Ecoles","Nombre","2009","599"
"Evolution des nombres d'écoles et de salles de classe du primaire des secteurs privé et public par région","Sahel","Ecoles","Nombre","2010","635"
"Evolution des nombres d'écoles et de salles de classe du primaire des secteurs privé et public par région","Sahel","Ecoles","Nombre","2011","682"
"Evolution des nombres d'écoles et de salles de classe du primaire des secteurs privé et public par région","Sahel","Ecoles","Nombre","2012","713"
"Evolution des nombres d'écoles et de salles de classe du primaire des secteurs privé et public par région","Sahel","Ecoles","Nombre","2013","759"
"Evolution des nombres d'écoles et de salles de classe du primaire des secteurs privé et public par région","Sahel","Ecoles","Nombre","2014","855"
"Evolution des nombres d'écoles et de salles de classe du primaire des secteurs privé et public par région","Sahel","Ecoles","Nombre","2015","931"
"Evolution des nombres d'écoles et de salles de classe du primaire des secteurs privé et public par région","Sahel","Ecoles","Nombre","2016","987"
"Evolution des nombres d'écoles et de salles de classe du primaire des secteurs privé et public par région","Sahel","Ecoles","Nombre","2017","1013"
"Evolution des nombres d'écoles et de salles de classe du primaire des secteurs privé et public par région","Sahel","Ecoles","Nombre","2018","1037"
"Evolution des nombres d'écoles et de salles de classe du primaire des secteurs privé et public par région","Sahel","Ecoles","Nombre","2019","520"
"Evolution des nombres d'écoles et de salles de classe du primaire des secteurs privé et public par région","Sahel","Ecoles","Nombre","2020","421"
"Evolution des nombres d'écoles et de salles de classe du primaire des secteurs privé et public par région","Sahel","Ecoles","Nombre","2021","242"
"Evolution des nombres d'écoles et de salles de classe du primaire des secteurs privé et public par région","Sahel","Ecoles","Nombre","2022","161"
"Evolution des nombres d'écoles et de salles de classe du primaire des secteurs privé et public par région","Sahel","Ecoles","Nombre","2023","100"
"Evolution des nombres d'écoles et de salles de classe du primaire des secteurs privé et public par région","Sahel","Classes","Nombre","1997","444"
"Evolution des nombres d'écoles et de salles de classe du primaire des secteurs privé et public par région","Sahel","Classes","Nombre","1998","528"
"Evolution des nombres d'écoles et de salles de classe du primaire des secteurs privé et public par région","Sahel","Classes","Nombre","1999","536"
"Evolution des nombres d'écoles et de salles de classe du primaire des secteurs privé et public par région","Sahel","Classes","Nombre","2000","602"
"Evolution des nombres d'écoles et de salles de classe du primaire des secteurs privé et public par région","Sahel","Classes","Nombre","2001","615"
"Evolution des nombres d'écoles et de salles de classe du primaire des secteurs privé et public par région","Sahel","Classes","Nombre","2002","698"
"Evolution des nombres d'écoles et de salles de classe du primaire des secteurs privé et public par région","Sahel","Classes","Nombre","2003","774"
"Evolution des nombres d'écoles et de salles de classe du primaire des secteurs privé et public par région","Sahel","Classes","Nombre","2004","925"
"Evolution des nombres d'écoles et de salles de classe du primaire des secteurs privé et public par région","Sahel","Classes","Nombre","2005","1109"
"Evolution des nombres d'écoles et de salles de classe du primaire des secteurs privé et public par région","Sahel","Classes","Nombre","2006","1263"
"Evolution des nombres d'écoles et de salles de classe du primaire des secteurs privé et public par région","Sahel","Classes","Nombre","2007","1437"
"Evolution des nombres d'écoles et de salles de classe du primaire des secteurs privé et public par région","Sahel","Classes","Nombre","2008","1662"
"Evolution des nombres d'écoles et de salles de classe du primaire des secteurs privé et public par région","Sahel","Classes","Nombre","2009","1874"
"Evolution des nombres d'écoles et de salles de classe du primaire des secteurs privé et public par région","Sahel","Classes","Nombre","2010","2098"
"Evolution des nombres d'écoles et de salles de classe du primaire des secteurs privé et public par région","Sahel","Classes","Nombre","2011","2228"
"Evolution des nombres d'écoles et de salles de classe du primaire des secteurs privé et public par région","Sahel","Classes","Nombre","2012","2401"
"Evolution des nombres d'écoles et de salles de classe du primaire des secteurs privé et public par région","Sahel","Classes","Nombre","2013","2566"
"Evolution des nombres d'écoles et de salles de classe du primaire des secteurs privé et public par région","Sahel","Classes","Nombre","2014","2748"
"Evolution des nombres d'écoles et de salles de classe du primaire des secteurs privé et public par région","Sahel","Classes","Nombre","2015","3166"
"Evolution des nombres d'écoles et de salles de classe du primaire des secteurs privé et public par région","Sahel","Classes","Nombre","2016","3475"
"Evolution des nombres d'écoles et de salles de classe du primaire des secteurs privé et public par région","Sahel","Classes","Nombre","2017","4355"
"Evolution des nombres d'écoles et de salles de classe du primaire des secteurs privé et public par région","Sahel","Classes","Nombre","2018","4024"
"Evolution des nombres d'écoles et de salles de classe du primaire des secteurs privé et public par région","Sahel","Classes","Nombre","2019","2238"
"Evolution des nombres d'écoles et de salles de classe du primaire des secteurs privé et public par région","Sahel","Classes","Nombre","2020","1874"
"Evolution des nombres d'écoles et de salles de classe du primaire des secteurs privé et public par région","Sahel","Classes","Nombre","2022","849"
"Evolution des nombres d'écoles et de salles de classe du primaire des secteurs privé et public par région","Sahel","Classes","Nombre","2023","580"
"Evolution des nombres d'écoles et de salles de classe du primaire des secteurs privé et public par région","Sud-Ouest","Ecoles","Nombre","1997","187"
"Evolution des nombres d'écoles et de salles de classe du primaire des secteurs privé et public par région","Sud-Ouest","Ecoles","Nombre","1998","202"
"Evolution des nombres d'écoles et de salles de classe du primaire des secteurs privé et public par région","Sud-Ouest","Ecoles","Nombre","1999","216"
"Evolution des nombres d'écoles et de salles de classe du primaire des secteurs privé et public par région","Sud-Ouest","Ecoles","Nombre","2000","251"
"Evolution des nombres d'écoles et de salles de classe du primaire des secteurs privé et public par région","Sud-Ouest","Ecoles","Nombre","2001","266"
"Evolution des nombres d'écoles et de salles de classe du primaire des secteurs privé et public par région","Sud-Ouest","Ecoles","Nombre","2002","299"
"Evolution des nombres d'écoles et de salles de classe du primaire des secteurs privé et public par région","Sud-Ouest","Ecoles","Nombre","2003","315"
"Evolution des nombres d'écoles et de salles de classe du primaire des secteurs privé et public par région","Sud-Ouest","Ecoles","Nombre","2004","333"
"Evolution des nombres d'écoles et de salles de classe du primaire des secteurs privé et public par région","Sud-Ouest","Ecoles","Nombre","2005","370"
"Evolution des nombres d'écoles et de salles de classe du primaire des secteurs privé et public par région","Sud-Ouest","Ecoles","Nombre","2006","398"
"Evolution des nombres d'écoles et de salles de classe du primaire des secteurs privé et public par région","Sud-Ouest","Ecoles","Nombre","2007","439"
"Evolution des nombres d'écoles et de salles de classe du primaire des secteurs privé et public par région","Sud-Ouest","Ecoles","Nombre","2008","482"
"Evolution des nombres d'écoles et de salles de classe du primaire des secteurs privé et public par région","Sud-Ouest","Ecoles","Nombre","2009","529"
"Evolution des nombres d'écoles et de salles de classe du primaire des secteurs privé et public par région","Sud-Ouest","Ecoles","Nombre","2010","564"
"Evolution des nombres d'écoles et de salles de classe du primaire des secteurs privé et public par région","Sud-Ouest","Ecoles","Nombre","2011","626"
"Evolution des nombres d'écoles et de salles de classe du primaire des secteurs privé et public par région","Sud-Ouest","Ecoles","Nombre","2012","670"
"Evolution des nombres d'écoles et de salles de classe du primaire des secteurs privé et public par région","Sud-Ouest","Ecoles","Nombre","2013","739"
"Evolution des nombres d'écoles et de salles de classe du primaire des secteurs privé et public par région","Sud-Ouest","Ecoles","Nombre","2014","790"
"Evolution des nombres d'écoles et de salles de classe du primaire des secteurs privé et public par région","Sud-Ouest","Ecoles","Nombre","2015","821"
"Evolution des nombres d'écoles et de salles de classe du primaire des secteurs privé et public par région","Sud-Ouest","Ecoles","Nombre","2016","846"
"Evolution des nombres d'écoles et de salles de classe du primaire des secteurs privé et public par région","Sud-Ouest","Ecoles","Nombre","2017","860"
"Evolution des nombres d'écoles et de salles de classe du primaire des secteurs privé et public par région","Sud-Ouest","Ecoles","Nombre","2018","858"
"Evolution des nombres d'écoles et de salles de classe du primaire des secteurs privé et public par région","Sud-Ouest","Ecoles","Nombre","2019","861"
"Evolution des nombres d'écoles et de salles de classe du primaire des secteurs privé et public par région","Sud-Ouest","Ecoles","Nombre","2020","863"
"Evolution des nombres d'écoles et de salles de classe du primaire des secteurs privé et public par région","Sud-Ouest","Ecoles","Nombre","2021","833"
"Evolution des nombres d'écoles et de salles de classe du primaire des secteurs privé et public par région","Sud-Ouest","Ecoles","Nombre","2022","846"
"Evolution des nombres d'écoles et de salles de classe du primaire des secteurs privé et public par région","Sud-Ouest","Ecoles","Nombre","2023","826"
"Evolution des nombres d'écoles et de salles de classe du primaire des secteurs privé et public par région","Sud-Ouest","Classes","Nombre","1997","574"
"Evolution des nombres d'écoles et de salles de classe du primaire des secteurs privé et public par région","Sud-Ouest","Classes","Nombre","1998","672"
"Evolution des nombres d'écoles et de salles de classe du primaire des secteurs privé et public par région","Sud-Ouest","Classes","Nombre","1999","702"
"Evolution des nombres d'écoles et de salles de classe du primaire des secteurs privé et public par région","Sud-Ouest","Classes","Nombre","2000","740"
"Evolution des nombres d'écoles et de salles de classe du primaire des secteurs privé et public par région","Sud-Ouest","Classes","Nombre","2001","776"
"Evolution des nombres d'écoles et de salles de classe du primaire des secteurs privé et public par région","Sud-Ouest","Classes","Nombre","2002","891"
"Evolution des nombres d'écoles et de salles de classe du primaire des secteurs privé et public par région","Sud-Ouest","Classes","Nombre","2003","960"
"Evolution des nombres d'écoles et de salles de classe du primaire des secteurs privé et public par région","Sud-Ouest","Classes","Nombre","2004","1057"
"Evolution des nombres d'écoles et de salles de classe du primaire des secteurs privé et public par région","Sud-Ouest","Classes","Nombre","2005","1157"
"Evolution des nombres d'écoles et de salles de classe du primaire des secteurs privé et public par région","Sud-Ouest","Classes","Nombre","2006","1243"
"Evolution des nombres d'écoles et de salles de classe du primaire des secteurs privé et public par région","Sud-Ouest","Classes","Nombre","2007","1392"
"Evolution des nombres d'écoles et de salles de classe du primaire des secteurs privé et public par région","Sud-Ouest","Classes","Nombre","2008","1533"
"Evolution des nombres d'écoles et de salles de classe du primaire des secteurs privé et public par région","Sud-Ouest","Classes","Nombre","2009","1672"
"Evolution des nombres d'écoles et de salles de classe du primaire des secteurs privé et public par région","Sud-Ouest","Classes","Nombre","2010","1867"
"Evolution des nombres d'écoles et de salles de classe du primaire des secteurs privé et public par région","Sud-Ouest","Classes","Nombre","2011","2102"
"Evolution des nombres d'écoles et de salles de classe du primaire des secteurs privé et public par région","Sud-Ouest","Classes","Nombre","2012","2197"
"Evolution des nombres d'écoles et de salles de classe du primaire des secteurs privé et public par région","Sud-Ouest","Classes","Nombre","2013","2490"
"Evolution des nombres d'écoles et de salles de classe du primaire des secteurs privé et public par région","Sud-Ouest","Classes","Nombre","2014","2640"
"Evolution des nombres d'écoles et de salles de classe du primaire des secteurs privé et public par région","Sud-Ouest","Classes","Nombre","2015","2951"
"Evolution des nombres d'écoles et de salles de classe du primaire des secteurs privé et public par région","Sud-Ouest","Classes","Nombre","2016","3168"
"Evolution des nombres d'écoles et de salles de classe du primaire des secteurs privé et public par région","Sud-Ouest","Classes","Nombre","2017","3661"
"Evolution des nombres d'écoles et de salles de classe du primaire des secteurs privé et public par région","Sud-Ouest","Classes","Nombre","2018","3557"
"Evolution des nombres d'écoles et de salles de classe du primaire des secteurs privé et public par région","Sud-Ouest","Classes","Nombre","2019","3758"
"Evolution des nombres d'écoles et de salles de classe du primaire des secteurs privé et public par région","Sud-Ouest","Classes","Nombre","2020","3854"
"Evolution des nombres d'écoles et de salles de classe du primaire des secteurs privé et public par région","Sud-Ouest","Classes","Nombre","2022","3717"
"Evolution des nombres d'écoles et de salles de classe du primaire des secteurs privé et public par région","Sud-Ouest","Classes","Nombre","2023","3592"
"Evolution des nombres d'écoles et de salles de classe du primaire des secteurs privé et public par région","Burkina Faso","Ecoles","Nombre","1997","3819"
"Evolution des nombres d'écoles et de salles de classe du primaire des secteurs privé et public par région","Burkina Faso","Ecoles","Nombre","1998","4132"
"Evolution des nombres d'écoles et de salles de classe du primaire des secteurs privé et public par région","Burkina Faso","Ecoles","Nombre","1999","4519"
"Evolution des nombres d'écoles et de salles de classe du primaire des secteurs privé et public par région","Burkina Faso","Ecoles","Nombre","2000","4860"
"Evolution des nombres d'écoles et de salles de classe du primaire des secteurs privé et public par région","Burkina Faso","Ecoles","Nombre","2001","5131"
"Evolution des nombres d'écoles et de salles de classe du primaire des secteurs privé et public par région","Burkina Faso","Ecoles","Nombre","2002","5386"
"Evolution des nombres d'écoles et de salles de classe du primaire des secteurs privé et public par région","Burkina Faso","Ecoles","Nombre","2003","5804"
"Evolution des nombres d'écoles et de salles de classe du primaire des secteurs privé et public par région","Burkina Faso","Ecoles","Nombre","2004","6266"
"Evolution des nombres d'écoles et de salles de classe du primaire des secteurs privé et public par région","Burkina Faso","Ecoles","Nombre","2005","6917"
"Evolution des nombres d'écoles et de salles de classe du primaire des secteurs privé et public par région","Burkina Faso","Ecoles","Nombre","2006","7579"
"Evolution des nombres d'écoles et de salles de classe du primaire des secteurs privé et public par région","Burkina Faso","Ecoles","Nombre","2007","8182"
"Evolution des nombres d'écoles et de salles de classe du primaire des secteurs privé et public par région","Burkina Faso","Ecoles","Nombre","2008","8778"
"Evolution des nombres d'écoles et de salles de classe du primaire des secteurs privé et public par région","Burkina Faso","Ecoles","Nombre","2009","9726"
"Evolution des nombres d'écoles et de salles de classe du primaire des secteurs privé et public par région","Burkina Faso","Ecoles","Nombre","2010","10198"
"Evolution des nombres d'écoles et de salles de classe du primaire des secteurs privé et public par région","Burkina Faso","Ecoles","Nombre","2011","10796"
"Evolution des nombres d'écoles et de salles de classe du primaire des secteurs privé et public par région","Burkina Faso","Ecoles","Nombre","2012","11545"
"Evolution des nombres d'écoles et de salles de classe du primaire des secteurs privé et public par région","Burkina Faso","Ecoles","Nombre","2013","12394"
"Evolution des nombres d'écoles et de salles de classe du primaire des secteurs privé et public par région","Burkina Faso","Ecoles","Nombre","2014","13204"
"Evolution des nombres d'écoles et de salles de classe du primaire des secteurs privé et public par région","Burkina Faso","Ecoles","Nombre","2015","13831"
"Evolution des nombres d'écoles et de salles de classe du primaire des secteurs privé et public par région","Burkina Faso","Ecoles","Nombre","2016","14655"
"Evolution des nombres d'écoles et de salles de classe du primaire des secteurs privé et public par région","Burkina Faso","Ecoles","Nombre","2017","15330"
"Evolution des nombres d'écoles et de salles de classe du primaire des secteurs privé et public par région","Burkina Faso","Ecoles","Nombre","2018","15756"
"Evolution des nombres d'écoles et de salles de classe du primaire des secteurs privé et public par région","Burkina Faso","Ecoles","Nombre","2019","15345"
"Evolution des nombres d'écoles et de salles de classe du primaire des secteurs privé et public par région","Burkina Faso","Ecoles","Nombre","2020","14863"
"Evolution des nombres d'écoles et de salles de classe du primaire des secteurs privé et public par région","Burkina Faso","Ecoles","Nombre","2022","14427"
"Evolution des nombres d'écoles et de salles de classe du primaire des secteurs privé et public par région","Burkina Faso","Ecoles","Nombre","2023","12780"
"Evolution des nombres d'écoles et de salles de classe du primaire des secteurs privé et public par région","Burkina Faso","Classes","Nombre","1997","13413"
"Evolution des nombres d'écoles et de salles de classe du primaire des secteurs privé et public par région","Burkina Faso","Classes","Nombre","1998","15104"
"Evolution des nombres d'écoles et de salles de classe du primaire des secteurs privé et public par région","Burkina Faso","Classes","Nombre","1999","15983"
"Evolution des nombres d'écoles et de salles de classe du primaire des secteurs privé et public par région","Burkina Faso","Classes","Nombre","2000","17037"
"Evolution des nombres d'écoles et de salles de classe du primaire des secteurs privé et public par région","Burkina Faso","Classes","Nombre","2001","17456"
"Evolution des nombres d'écoles et de salles de classe du primaire des secteurs privé et public par région","Burkina Faso","Classes","Nombre","2002","19252"
"Evolution des nombres d'écoles et de salles de classe du primaire des secteurs privé et public par région","Burkina Faso","Classes","Nombre","2003","20251"
"Evolution des nombres d'écoles et de salles de classe du primaire des secteurs privé et public par région","Burkina Faso","Classes","Nombre","2004","22330"
"Evolution des nombres d'écoles et de salles de classe du primaire des secteurs privé et public par région","Burkina Faso","Classes","Nombre","2005","24403"
"Evolution des nombres d'écoles et de salles de classe du primaire des secteurs privé et public par région","Burkina Faso","Classes","Nombre","2006","26444"
"Evolution des nombres d'écoles et de salles de classe du primaire des secteurs privé et public par région","Burkina Faso","Classes","Nombre","2007","28925"
"Evolution des nombres d'écoles et de salles de classe du primaire des secteurs privé et public par région","Burkina Faso","Classes","Nombre","2008","31809"
"Evolution des nombres d'écoles et de salles de classe du primaire des secteurs privé et public par région","Burkina Faso","Classes","Nombre","2009","35129"
"Evolution des nombres d'écoles et de salles de classe du primaire des secteurs privé et public par région","Burkina Faso","Classes","Nombre","2010","38269"
"Evolution des nombres d'écoles et de salles de classe du primaire des secteurs privé et public par région","Burkina Faso","Classes","Nombre","2011","40912"
"Evolution des nombres d'écoles et de salles de classe du primaire des secteurs privé et public par région","Burkina Faso","Classes","Nombre","2012","43661"
"Evolution des nombres d'écoles et de salles de classe du primaire des secteurs privé et public par région","Burkina Faso","Classes","Nombre","2013","47709"
"Evolution des nombres d'écoles et de salles de classe du primaire des secteurs privé et public par région","Burkina Faso","Classes","Nombre","2014","50444"
"Evolution des nombres d'écoles et de salles de classe du primaire des secteurs privé et public par région","Burkina Faso","Classes","Nombre","2015","55098"
"Evolution des nombres d'écoles et de salles de classe du primaire des secteurs privé et public par région","Burkina Faso","Classes","Nombre","2016","59938"
"Evolution des nombres d'écoles et de salles de classe du primaire des secteurs privé et public par région","Burkina Faso","Classes","Nombre","2017","69583"
"Evolution des nombres d'écoles et de salles de classe du primaire des secteurs privé et public par région","Burkina Faso","Classes","Nombre","2018","67709"
"Evolution des nombres d'écoles et de salles de classe du primaire des secteurs privé et public par région","Burkina Faso","Classes","Nombre","2019","67238"
"Evolution des nombres d'écoles et de salles de classe du primaire des secteurs privé et public par région","Burkina Faso","Classes","Nombre","2020","66870"
"Evolution des nombres d'écoles et de salles de classe du primaire des secteurs privé et public par région","Burkina Faso","Classes","Nombre","2022","65452"
"Evolution des nombres d'écoles et de salles de classe du primaire des secteurs privé et public par région","Burkina Faso","Classes","Nombre","2023","59013"
