indicateur,branche_d_activit,unit,date,value,valeur,date_source,periode_normalisee,granularite_temporelle,annee,source_fichier,domaine,branche,trimestre,domaine_d_activit_s,sexe
Chiffre d’affaire moyen par branche d’activité en million de FCFA,Production et distribution d'électricité et de de gaz,FCFA,2016,67531000000.0,67531000000.0,2016,2016,annuelle,2016,Chiffre d’affaire moyen par branche d’activité en million de FCFA.csv,activites_economiques,,,,
Chiffre d’affaire moyen par branche d’activité en million de FCFA,"Agriculture, sylviculture, pêche",FCFA,2016,9446000000.0,9446000000.0,2016,2016,annuelle,2016,Chiffre d’affaire moyen par branche d’activité en million de FCFA.csv,activites_economiques,,,,
Chiffre d’affaire moyen par branche d’activité en million de FCFA,Activités extractives,FCFA,2016,6632000000.0,6632000000.0,2016,2016,annuelle,2016,Chiffre d’affaire moyen par branche d’activité en million de FCFA.csv,activites_economiques,,,,
Chiffre d’affaire moyen par branche d’activité en million de FCFA,"Activités artistiques, sportives et récréatives",FCFA,2016,6000000000.0,6000000000.0,2016,2016,annuelle,2016,Chiffre d’affaire moyen par branche d’activité en million de FCFA.csv,activites_economiques,,,,
Chiffre d’affaire moyen par branche d’activité en million de FCFA,"Production et distribution d'eau, assainissement, traitement des déchets et dépollution",FCFA,2016,2116000000.0,2116000000.0,2016,2016,annuelle,2016,Chiffre d’affaire moyen par branche d’activité en million de FCFA.csv,activites_economiques,,,,
Chiffre d’affaire moyen par branche d’activité en million de FCFA,Information et communication,FCFA,2016,863990000.0,863990000.0,2016,2016,annuelle,2016,Chiffre d’affaire moyen par branche d’activité en million de FCFA.csv,activites_economiques,,,,
Chiffre d’affaire moyen par branche d’activité en million de FCFA,Activités de fabrication,FCFA,2016,746530000.0,746530000.0,2016,2016,annuelle,2016,Chiffre d’affaire moyen par branche d’activité en million de FCFA.csv,activites_economiques,,,,
Chiffre d’affaire moyen par branche d’activité en million de FCFA,Commerce,FCFA,2016,620020000.0,620020000.0,2016,2016,annuelle,2016,Chiffre d’affaire moyen par branche d’activité en million de FCFA.csv,activites_economiques,,,,
Chiffre d’affaire moyen par branche d’activité en million de FCFA,Transports et entreposage,FCFA,2016,591410000.0,591410000.0,2016,2016,annuelle,2016,Chiffre d’affaire moyen par branche d’activité en million de FCFA.csv,activites_economiques,,,,
Chiffre d’affaire moyen par branche d’activité en million de FCFA,Activités immobilières,FCFA,2016,254930000.0,254930000.0,2016,2016,annuelle,2016,Chiffre d’affaire moyen par branche d’activité en million de FCFA.csv,activites_economiques,,,,
Chiffre d’affaire moyen par branche d’activité en million de FCFA,Construction,FCFA,2016,219130000.0,219130000.0,2016,2016,annuelle,2016,Chiffre d’affaire moyen par branche d’activité en million de FCFA.csv,activites_economiques,,,,
Chiffre d’affaire moyen par branche d’activité en million de FCFA,Activités financières et d'assurance,FCFA,2016,167490000.0,167490000.0,2016,2016,annuelle,2016,Chiffre d’affaire moyen par branche d’activité en million de FCFA.csv,activites_economiques,,,,
Chiffre d’affaire moyen par branche d’activité en million de FCFA,Activités pour la santé humaine et l'action sociale,FCFA,2016,159690000.0,159690000.0,2016,2016,annuelle,2016,Chiffre d’affaire moyen par branche d’activité en million de FCFA.csv,activites_economiques,,,,
Chiffre d’affaire moyen par branche d’activité en million de FCFA,Hébergement et restauration,FCFA,2016,112870000.0,112870000.0,2016,2016,annuelle,2016,Chiffre d’affaire moyen par branche d’activité en million de FCFA.csv,activites_economiques,,,,
Chiffre d’affaire moyen par branche d’activité en million de FCFA,"Activités spécialisées, scientifiques et techniques",FCFA,2016,93210000.0,93210000.0,2016,2016,annuelle,2016,Chiffre d’affaire moyen par branche d’activité en million de FCFA.csv,activites_economiques,,,,
Chiffre d’affaire moyen par branche d’activité en million de FCFA,Activités de services de soutien et de bureau,FCFA,2016,87850000.0,87850000.0,2016,2016,annuelle,2016,Chiffre d’affaire moyen par branche d’activité en million de FCFA.csv,activites_economiques,,,,
Chiffre d’affaire moyen par branche d’activité en million de FCFA,Autres activités de services n.c.a.,FCFA,2016,85180000.0,85180000.0,2016,2016,annuelle,2016,Chiffre d’affaire moyen par branche d’activité en million de FCFA.csv,activites_economiques,,,,
Chiffre d’affaire moyen par branche d’activité en million de FCFA,Enseignement,FCFA,2016,51070000.0,51070000.0,2016,2016,annuelle,2016,Chiffre d’affaire moyen par branche d’activité en million de FCFA.csv,activites_economiques,,,,
Chiffre d’affaire moyen par branche d’activité en million de FCFA,Activités d'administration publique,FCFA,2016,13270000.0,13270000.0,2016,2016,annuelle,2016,Chiffre d’affaire moyen par branche d’activité en million de FCFA.csv,activites_economiques,,,,
Chiffre d’affaire moyen par branche d’activité en million de FCFA,ND,FCFA,2016,85450000.0,85450000.0,2016,2016,annuelle,2016,Chiffre d’affaire moyen par branche d’activité en million de FCFA.csv,activites_economiques,,,,
Evolution de l'indice de la Production Industrielle par Branches Regroupées,,Base 100 2007,2007 T1,1.3,1.3,2007 T1,2007 T1,trimestrielle,2007,Evolution de l'indice de la Production Industrielle par Branches Regroupées.csv,activites_economiques,INDUSTRIES EXTRACTIVES (Divisions 10 à 14),1.0,,
Evolution de l'indice de la Production Industrielle par Branches Regroupées,,Base 100 2007,2007 T2,1.3,1.3,2007 T2,2007 T2,trimestrielle,2007,Evolution de l'indice de la Production Industrielle par Branches Regroupées.csv,activites_economiques,INDUSTRIES EXTRACTIVES (Divisions 10 à 14),2.0,,
Evolution de l'indice de la Production Industrielle par Branches Regroupées,,Base 100 2007,2007 T3,108.7,108.7,2007 T3,2007 T3,trimestrielle,2007,Evolution de l'indice de la Production Industrielle par Branches Regroupées.csv,activites_economiques,INDUSTRIES EXTRACTIVES (Divisions 10 à 14),3.0,,
Evolution de l'indice de la Production Industrielle par Branches Regroupées,,Base 100 2007,2007 T4,288.8,288.8,2007 T4,2007 T4,trimestrielle,2007,Evolution de l'indice de la Production Industrielle par Branches Regroupées.csv,activites_economiques,INDUSTRIES EXTRACTIVES (Divisions 10 à 14),4.0,,
Evolution de l'indice de la Production Industrielle par Branches Regroupées,,Base 100 2007,2008 T1,463.6,463.6,2008 T1,2008 T1,trimestrielle,2008,Evolution de l'indice de la Production Industrielle par Branches Regroupées.csv,activites_economiques,INDUSTRIES EXTRACTIVES (Divisions 10 à 14),1.0,,
Evolution de l'indice de la Production Industrielle par Branches Regroupées,,Base 100 2007,2008 T2,379.2,379.2,2008 T2,2008 T2,trimestrielle,2008,Evolution de l'indice de la Production Industrielle par Branches Regroupées.csv,activites_economiques,INDUSTRIES EXTRACTIVES (Divisions 10 à 14),2.0,,
Evolution de l'indice de la Production Industrielle par Branches Regroupées,,Base 100 2007,2008 T3,22.2,22.2,2008 T3,2008 T3,trimestrielle,2008,Evolution de l'indice de la Production Industrielle par Branches Regroupées.csv,activites_economiques,INDUSTRIES EXTRACTIVES (Divisions 10 à 14),3.0,,
Evolution de l'indice de la Production Industrielle par Branches Regroupées,,Base 100 2007,2008 T4,275.7,275.7,2008 T4,2008 T4,trimestrielle,2008,Evolution de l'indice de la Production Industrielle par Branches Regroupées.csv,activites_economiques,INDUSTRIES EXTRACTIVES (Divisions 10 à 14),4.0,,
Evolution de l'indice de la Production Industrielle par Branches Regroupées,,Base 100 2007,2009 T1,820.4,820.4,2009 T1,2009 T1,trimestrielle,2009,Evolution de l'indice de la Production Industrielle par Branches Regroupées.csv,activites_economiques,INDUSTRIES EXTRACTIVES (Divisions 10 à 14),1.0,,
Evolution de l'indice de la Production Industrielle par Branches Regroupées,,Base 100 2007,2009 T2,737.3,737.3,2009 T2,2009 T2,trimestrielle,2009,Evolution de l'indice de la Production Industrielle par Branches Regroupées.csv,activites_economiques,INDUSTRIES EXTRACTIVES (Divisions 10 à 14),2.0,,
Evolution de l'indice de la Production Industrielle par Branches Regroupées,,Base 100 2007,2009 T3,906.0,906.0,2009 T3,2009 T3,trimestrielle,2009,Evolution de l'indice de la Production Industrielle par Branches Regroupées.csv,activites_economiques,INDUSTRIES EXTRACTIVES (Divisions 10 à 14),3.0,,
Evolution de l'indice de la Production Industrielle par Branches Regroupées,,Base 100 2007,2009 T4,1160.2,1160.2,2009 T4,2009 T4,trimestrielle,2009,Evolution de l'indice de la Production Industrielle par Branches Regroupées.csv,activites_economiques,INDUSTRIES EXTRACTIVES (Divisions 10 à 14),4.0,,
Evolution de l'indice de la Production Industrielle par Branches Regroupées,,Base 100 2007,2010 T1,1113.2,1113.2,2010 T1,2010 T1,trimestrielle,2010,Evolution de l'indice de la Production Industrielle par Branches Regroupées.csv,activites_economiques,INDUSTRIES EXTRACTIVES (Divisions 10 à 14),1.0,,
Evolution de l'indice de la Production Industrielle par Branches Regroupées,,Base 100 2007,2010 T2,1108.5,1108.5,2010 T2,2010 T2,trimestrielle,2010,Evolution de l'indice de la Production Industrielle par Branches Regroupées.csv,activites_economiques,INDUSTRIES EXTRACTIVES (Divisions 10 à 14),2.0,,
Evolution de l'indice de la Production Industrielle par Branches Regroupées,,Base 100 2007,2010 T3,1083.3,1083.3,2010 T3,2010 T3,trimestrielle,2010,Evolution de l'indice de la Production Industrielle par Branches Regroupées.csv,activites_economiques,INDUSTRIES EXTRACTIVES (Divisions 10 à 14),3.0,,
Evolution de l'indice de la Production Industrielle par Branches Regroupées,,Base 100 2007,2010 T4,1379.8,1379.8,2010 T4,2010 T4,trimestrielle,2010,Evolution de l'indice de la Production Industrielle par Branches Regroupées.csv,activites_economiques,INDUSTRIES EXTRACTIVES (Divisions 10 à 14),4.0,,
Evolution de l'indice de la Production Industrielle par Branches Regroupées,,Base 100 2007,2011 T1,1336.5,1336.5,2011 T1,2011 T1,trimestrielle,2011,Evolution de l'indice de la Production Industrielle par Branches Regroupées.csv,activites_economiques,INDUSTRIES EXTRACTIVES (Divisions 10 à 14),1.0,,
Evolution de l'indice de la Production Industrielle par Branches Regroupées,,Base 100 2007,2011 T2,1236.9,1236.9,2011 T2,2011 T2,trimestrielle,2011,Evolution de l'indice de la Production Industrielle par Branches Regroupées.csv,activites_economiques,INDUSTRIES EXTRACTIVES (Divisions 10 à 14),2.0,,
Evolution de l'indice de la Production Industrielle par Branches Regroupées,,Base 100 2007,2011 T3,1150.5,1150.5,2011 T3,2011 T3,trimestrielle,2011,Evolution de l'indice de la Production Industrielle par Branches Regroupées.csv,activites_economiques,INDUSTRIES EXTRACTIVES (Divisions 10 à 14),3.0,,
Evolution de l'indice de la Production Industrielle par Branches Regroupées,,Base 100 2007,2011 T4,1022.0,1022.0,2011 T4,2011 T4,trimestrielle,2011,Evolution de l'indice de la Production Industrielle par Branches Regroupées.csv,activites_economiques,INDUSTRIES EXTRACTIVES (Divisions 10 à 14),4.0,,
Evolution de l'indice de la Production Industrielle par Branches Regroupées,,Base 100 2007,2012 T1,1236.1,1236.1,2012 T1,2012 T1,trimestrielle,2012,Evolution de l'indice de la Production Industrielle par Branches Regroupées.csv,activites_economiques,INDUSTRIES EXTRACTIVES (Divisions 10 à 14),1.0,,
Evolution de l'indice de la Production Industrielle par Branches Regroupées,,Base 100 2007,2012 T2,1055.9,1055.9,2012 T2,2012 T2,trimestrielle,2012,Evolution de l'indice de la Production Industrielle par Branches Regroupées.csv,activites_economiques,INDUSTRIES EXTRACTIVES (Divisions 10 à 14),2.0,,
Evolution de l'indice de la Production Industrielle par Branches Regroupées,,Base 100 2007,2012 T3,1091.3,1091.3,2012 T3,2012 T3,trimestrielle,2012,Evolution de l'indice de la Production Industrielle par Branches Regroupées.csv,activites_economiques,INDUSTRIES EXTRACTIVES (Divisions 10 à 14),3.0,,
Evolution de l'indice de la Production Industrielle par Branches Regroupées,,Base 100 2007,2012 T4,1275.2,1275.2,2012 T4,2012 T4,trimestrielle,2012,Evolution de l'indice de la Production Industrielle par Branches Regroupées.csv,activites_economiques,INDUSTRIES EXTRACTIVES (Divisions 10 à 14),4.0,,
Evolution de l'indice de la Production Industrielle par Branches Regroupées,,Base 100 2007,2013 T1,1041.2,1041.2,2013 T1,2013 T1,trimestrielle,2013,Evolution de l'indice de la Production Industrielle par Branches Regroupées.csv,activites_economiques,INDUSTRIES EXTRACTIVES (Divisions 10 à 14),1.0,,
Evolution de l'indice de la Production Industrielle par Branches Regroupées,,Base 100 2007,2013 T2,926.5,926.5,2013 T2,2013 T2,trimestrielle,2013,Evolution de l'indice de la Production Industrielle par Branches Regroupées.csv,activites_economiques,INDUSTRIES EXTRACTIVES (Divisions 10 à 14),2.0,,
Evolution de l'indice de la Production Industrielle par Branches Regroupées,,Base 100 2007,2013 T3,814.9,814.9,2013 T3,2013 T3,trimestrielle,2013,Evolution de l'indice de la Production Industrielle par Branches Regroupées.csv,activites_economiques,INDUSTRIES EXTRACTIVES (Divisions 10 à 14),3.0,,
Evolution de l'indice de la Production Industrielle par Branches Regroupées,,Base 100 2007,2013 T4,1119.7,1119.7,2013 T4,2013 T4,trimestrielle,2013,Evolution de l'indice de la Production Industrielle par Branches Regroupées.csv,activites_economiques,INDUSTRIES EXTRACTIVES (Divisions 10 à 14),4.0,,
Evolution de l'indice de la Production Industrielle par Branches Regroupées,,Base 100 2007,2014 T1,1146.3,1146.3,2014 T1,2014 T1,trimestrielle,2014,Evolution de l'indice de la Production Industrielle par Branches Regroupées.csv,activites_economiques,INDUSTRIES EXTRACTIVES (Divisions 10 à 14),1.0,,
Evolution de l'indice de la Production Industrielle par Branches Regroupées,,Base 100 2007,2014 T2,1019.9,1019.9,2014 T2,2014 T2,trimestrielle,2014,Evolution de l'indice de la Production Industrielle par Branches Regroupées.csv,activites_economiques,INDUSTRIES EXTRACTIVES (Divisions 10 à 14),2.0,,
Evolution de l'indice de la Production Industrielle par Branches Regroupées,,Base 100 2007,2014 T3,897.1,897.1,2014 T3,2014 T3,trimestrielle,2014,Evolution de l'indice de la Production Industrielle par Branches Regroupées.csv,activites_economiques,INDUSTRIES EXTRACTIVES (Divisions 10 à 14),3.0,,
Evolution de l'indice de la Production Industrielle par Branches Regroupées,,Base 100 2007,2014 T4,985.2,985.2,2014 T4,2014 T4,trimestrielle,2014,Evolution de l'indice de la Production Industrielle par Branches Regroupées.csv,activites_economiques,INDUSTRIES EXTRACTIVES (Divisions 10 à 14),4.0,,
Evolution de l'indice de la Production Industrielle par Branches Regroupées,,Base 100 2007,2015 T1,1008.6,1008.6,2015 T1,2015 T1,trimestrielle,2015,Evolution de l'indice de la Production Industrielle par Branches Regroupées.csv,activites_economiques,INDUSTRIES EXTRACTIVES (Divisions 10 à 14),1.0,,
Evolution de l'indice de la Production Industrielle par Branches Regroupées,,Base 100 2007,2015 T2,897.5,897.5,2015 T2,2015 T2,trimestrielle,2015,Evolution de l'indice de la Production Industrielle par Branches Regroupées.csv,activites_economiques,INDUSTRIES EXTRACTIVES (Divisions 10 à 14),2.0,,
Evolution de l'indice de la Production Industrielle par Branches Regroupées,,Base 100 2007,2015 T3,511.6,511.6,2015 T3,2015 T3,trimestrielle,2015,Evolution de l'indice de la Production Industrielle par Branches Regroupées.csv,activites_economiques,INDUSTRIES EXTRACTIVES (Divisions 10 à 14),3.0,,
Evolution de l'indice de la Production Industrielle par Branches Regroupées,,Base 100 2007,2015 T4,866.6,866.6,2015 T4,2015 T4,trimestrielle,2015,Evolution de l'indice de la Production Industrielle par Branches Regroupées.csv,activites_economiques,INDUSTRIES EXTRACTIVES (Divisions 10 à 14),4.0,,
Evolution de l'indice de la Production Industrielle par Branches Regroupées,,Base 100 2007,2016 T1,864.7,864.7,2016 T1,2016 T1,trimestrielle,2016,Evolution de l'indice de la Production Industrielle par Branches Regroupées.csv,activites_economiques,INDUSTRIES EXTRACTIVES (Divisions 10 à 14),1.0,,
Evolution de l'indice de la Production Industrielle par Branches Regroupées,,Base 100 2007,2016 T2,914.2,914.2,2016 T2,2016 T2,trimestrielle,2016,Evolution de l'indice de la Production Industrielle par Branches Regroupées.csv,activites_economiques,INDUSTRIES EXTRACTIVES (Divisions 10 à 14),2.0,,
Evolution de l'indice de la Production Industrielle par Branches Regroupées,,Base 100 2007,2016 T3,1130.5,1130.5,2016 T3,2016 T3,trimestrielle,2016,Evolution de l'indice de la Production Industrielle par Branches Regroupées.csv,activites_economiques,INDUSTRIES EXTRACTIVES (Divisions 10 à 14),3.0,,
Evolution de l'indice de la Production Industrielle par Branches Regroupées,,Base 100 2007,2016 T4,1203.4,1203.4,2016 T4,2016 T4,trimestrielle,2016,Evolution de l'indice de la Production Industrielle par Branches Regroupées.csv,activites_economiques,INDUSTRIES EXTRACTIVES (Divisions 10 à 14),4.0,,
Evolution de l'indice de la Production Industrielle par Branches Regroupées,,Base 100 2007,2017 T1,1227.3,1227.3,2017 T1,2017 T1,trimestrielle,2017,Evolution de l'indice de la Production Industrielle par Branches Regroupées.csv,activites_economiques,INDUSTRIES EXTRACTIVES (Divisions 10 à 14),1.0,,
Evolution de l'indice de la Production Industrielle par Branches Regroupées,,Base 100 2007,2017 T2,1228.1,1228.1,2017 T2,2017 T2,trimestrielle,2017,Evolution de l'indice de la Production Industrielle par Branches Regroupées.csv,activites_economiques,INDUSTRIES EXTRACTIVES (Divisions 10 à 14),2.0,,
Evolution de l'indice de la Production Industrielle par Branches Regroupées,,Base 100 2007,2017 T3,1108.9,1108.9,2017 T3,2017 T3,trimestrielle,2017,Evolution de l'indice de la Production Industrielle par Branches Regroupées.csv,activites_economiques,INDUSTRIES EXTRACTIVES (Divisions 10 à 14),3.0,,
Evolution de l'indice de la Production Industrielle par Branches Regroupées,,Base 100 2007,2017 T4,1188.1,1188.1,2017 T4,2017 T4,trimestrielle,2017,Evolution de l'indice de la Production Industrielle par Branches Regroupées.csv,activites_economiques,INDUSTRIES EXTRACTIVES (Divisions 10 à 14),4.0,,
Evolution de l'indice de la Production Industrielle par Branches Regroupées,,Base 100 2007,2018 T1,1517.6,1517.6,2018 T1,2018 T1,trimestrielle,2018,Evolution de l'indice de la Production Industrielle par Branches Regroupées.csv,activites_economiques,INDUSTRIES EXTRACTIVES (Divisions 10 à 14),1.0,,
Evolution de l'indice de la Production Industrielle par Branches Regroupées,,Base 100 2007,2018 T2,1926.5,1926.5,2018 T2,2018 T2,trimestrielle,2018,Evolution de l'indice de la Production Industrielle par Branches Regroupées.csv,activites_economiques,INDUSTRIES EXTRACTIVES (Divisions 10 à 14),2.0,,
Evolution de l'indice de la Production Industrielle par Branches Regroupées,,Base 100 2007,2018 T3,1772.6,1772.6,2018 T3,2018 T3,trimestrielle,2018,Evolution de l'indice de la Production Industrielle par Branches Regroupées.csv,activites_economiques,INDUSTRIES EXTRACTIVES (Divisions 10 à 14),3.0,,
Evolution de l'indice de la Production Industrielle par Branches Regroupées,,Base 100 2007,2018 T4,2069.9,2069.9,2018 T4,2018 T4,trimestrielle,2018,Evolution de l'indice de la Production Industrielle par Branches Regroupées.csv,activites_economiques,INDUSTRIES EXTRACTIVES (Divisions 10 à 14),4.0,,
Evolution de l'indice de la Production Industrielle par Branches Regroupées,,Base 100 2007,2019 T1,1772.3,1772.3,2019 T1,2019 T1,trimestrielle,2019,Evolution de l'indice de la Production Industrielle par Branches Regroupées.csv,activites_economiques,INDUSTRIES EXTRACTIVES (Divisions 10 à 14),1.0,,
Evolution de l'indice de la Production Industrielle par Branches Regroupées,,Base 100 2007,2019 T2,1698.0,1698.0,2019 T2,2019 T2,trimestrielle,2019,Evolution de l'indice de la Production Industrielle par Branches Regroupées.csv,activites_economiques,INDUSTRIES EXTRACTIVES (Divisions 10 à 14),2.0,,
Evolution de l'indice de la Production Industrielle par Branches Regroupées,,Base 100 2007,2019 T3,1521.7,1521.7,2019 T3,2019 T3,trimestrielle,2019,Evolution de l'indice de la Production Industrielle par Branches Regroupées.csv,activites_economiques,INDUSTRIES EXTRACTIVES (Divisions 10 à 14),3.0,,
Evolution de l'indice de la Production Industrielle par Branches Regroupées,,Base 100 2007,2019 T4,1653.832331,1653.832331,2019 T4,2019 T4,trimestrielle,2019,Evolution de l'indice de la Production Industrielle par Branches Regroupées.csv,activites_economiques,INDUSTRIES EXTRACTIVES (Divisions 10 à 14),4.0,,
Evolution de l'indice de la Production Industrielle par Branches Regroupées,,Base 100 2007,2020 T1,1733.1,1733.1,2020 T1,2020 T1,trimestrielle,2020,Evolution de l'indice de la Production Industrielle par Branches Regroupées.csv,activites_economiques,INDUSTRIES EXTRACTIVES (Divisions 10 à 14),1.0,,
Evolution de l'indice de la Production Industrielle par Branches Regroupées,,Base 100 2007,2020 T2,1856.5,1856.5,2020 T2,2020 T2,trimestrielle,2020,Evolution de l'indice de la Production Industrielle par Branches Regroupées.csv,activites_economiques,INDUSTRIES EXTRACTIVES (Divisions 10 à 14),2.0,,
Evolution de l'indice de la Production Industrielle par Branches Regroupées,,Base 100 2007,2020 T3,2116.0,2116.0,2020 T3,2020 T3,trimestrielle,2020,Evolution de l'indice de la Production Industrielle par Branches Regroupées.csv,activites_economiques,INDUSTRIES EXTRACTIVES (Divisions 10 à 14),3.0,,
Evolution de l'indice de la Production Industrielle par Branches Regroupées,,Base 100 2007,2020 T4,2566.0,2566.0,2020 T4,2020 T4,trimestrielle,2020,Evolution de l'indice de la Production Industrielle par Branches Regroupées.csv,activites_economiques,INDUSTRIES EXTRACTIVES (Divisions 10 à 14),4.0,,
Evolution de l'indice de la Production Industrielle par Branches Regroupées,,Base 100 2007,2007 T1,114.8,114.8,2007 T1,2007 T1,trimestrielle,2007,Evolution de l'indice de la Production Industrielle par Branches Regroupées.csv,activites_economiques,INDUSTRIES ALIMENTAIRES ET DE TABAC (Divisions 15 & 16),1.0,,
Evolution de l'indice de la Production Industrielle par Branches Regroupées,,Base 100 2007,2007 T2,99.7,99.7,2007 T2,2007 T2,trimestrielle,2007,Evolution de l'indice de la Production Industrielle par Branches Regroupées.csv,activites_economiques,INDUSTRIES ALIMENTAIRES ET DE TABAC (Divisions 15 & 16),2.0,,
Evolution de l'indice de la Production Industrielle par Branches Regroupées,,Base 100 2007,2007 T3,94.3,94.3,2007 T3,2007 T3,trimestrielle,2007,Evolution de l'indice de la Production Industrielle par Branches Regroupées.csv,activites_economiques,INDUSTRIES ALIMENTAIRES ET DE TABAC (Divisions 15 & 16),3.0,,
Evolution de l'indice de la Production Industrielle par Branches Regroupées,,Base 100 2007,2007 T4,91.2,91.2,2007 T4,2007 T4,trimestrielle,2007,Evolution de l'indice de la Production Industrielle par Branches Regroupées.csv,activites_economiques,INDUSTRIES ALIMENTAIRES ET DE TABAC (Divisions 15 & 16),4.0,,
Evolution de l'indice de la Production Industrielle par Branches Regroupées,,Base 100 2007,2008 T1,110.1,110.1,2008 T1,2008 T1,trimestrielle,2008,Evolution de l'indice de la Production Industrielle par Branches Regroupées.csv,activites_economiques,INDUSTRIES ALIMENTAIRES ET DE TABAC (Divisions 15 & 16),1.0,,
Evolution de l'indice de la Production Industrielle par Branches Regroupées,,Base 100 2007,2008 T2,95.8,95.8,2008 T2,2008 T2,trimestrielle,2008,Evolution de l'indice de la Production Industrielle par Branches Regroupées.csv,activites_economiques,INDUSTRIES ALIMENTAIRES ET DE TABAC (Divisions 15 & 16),2.0,,
Evolution de l'indice de la Production Industrielle par Branches Regroupées,,Base 100 2007,2008 T3,85.8,85.8,2008 T3,2008 T3,trimestrielle,2008,Evolution de l'indice de la Production Industrielle par Branches Regroupées.csv,activites_economiques,INDUSTRIES ALIMENTAIRES ET DE TABAC (Divisions 15 & 16),3.0,,
Evolution de l'indice de la Production Industrielle par Branches Regroupées,,Base 100 2007,2008 T4,101.9,101.9,2008 T4,2008 T4,trimestrielle,2008,Evolution de l'indice de la Production Industrielle par Branches Regroupées.csv,activites_economiques,INDUSTRIES ALIMENTAIRES ET DE TABAC (Divisions 15 & 16),4.0,,
Evolution de l'indice de la Production Industrielle par Branches Regroupées,,Base 100 2007,2009 T1,103.4,103.4,2009 T1,2009 T1,trimestrielle,2009,Evolution de l'indice de la Production Industrielle par Branches Regroupées.csv,activites_economiques,INDUSTRIES ALIMENTAIRES ET DE TABAC (Divisions 15 & 16),1.0,,
Evolution de l'indice de la Production Industrielle par Branches Regroupées,,Base 100 2007,2009 T2,86.1,86.1,2009 T2,2009 T2,trimestrielle,2009,Evolution de l'indice de la Production Industrielle par Branches Regroupées.csv,activites_economiques,INDUSTRIES ALIMENTAIRES ET DE TABAC (Divisions 15 & 16),2.0,,
Evolution de l'indice de la Production Industrielle par Branches Regroupées,,Base 100 2007,2009 T3,74.2,74.2,2009 T3,2009 T3,trimestrielle,2009,Evolution de l'indice de la Production Industrielle par Branches Regroupées.csv,activites_economiques,INDUSTRIES ALIMENTAIRES ET DE TABAC (Divisions 15 & 16),3.0,,
Evolution de l'indice de la Production Industrielle par Branches Regroupées,,Base 100 2007,2009 T4,106.6,106.6,2009 T4,2009 T4,trimestrielle,2009,Evolution de l'indice de la Production Industrielle par Branches Regroupées.csv,activites_economiques,INDUSTRIES ALIMENTAIRES ET DE TABAC (Divisions 15 & 16),4.0,,
Evolution de l'indice de la Production Industrielle par Branches Regroupées,,Base 100 2007,2010 T1,97.1,97.1,2010 T1,2010 T1,trimestrielle,2010,Evolution de l'indice de la Production Industrielle par Branches Regroupées.csv,activites_economiques,INDUSTRIES ALIMENTAIRES ET DE TABAC (Divisions 15 & 16),1.0,,
Evolution de l'indice de la Production Industrielle par Branches Regroupées,,Base 100 2007,2010 T2,110.6,110.6,2010 T2,2010 T2,trimestrielle,2010,Evolution de l'indice de la Production Industrielle par Branches Regroupées.csv,activites_economiques,INDUSTRIES ALIMENTAIRES ET DE TABAC (Divisions 15 & 16),2.0,,
Evolution de l'indice de la Production Industrielle par Branches Regroupées,,Base 100 2007,2010 T3,106.4,106.4,2010 T3,2010 T3,trimestrielle,2010,Evolution de l'indice de la Production Industrielle par Branches Regroupées.csv,activites_economiques,INDUSTRIES ALIMENTAIRES ET DE TABAC (Divisions 15 & 16),3.0,,
Evolution de l'indice de la Production Industrielle par Branches Regroupées,,Base 100 2007,2010 T4,128.2,128.2,2010 T4,2010 T4,trimestrielle,2010,Evolution de l'indice de la Production Industrielle par Branches Regroupées.csv,activites_economiques,INDUSTRIES ALIMENTAIRES ET DE TABAC (Divisions 15 & 16),4.0,,
Evolution de l'indice de la Production Industrielle par Branches Regroupées,,Base 100 2007,2011 T1,162.7,162.7,2011 T1,2011 T1,trimestrielle,2011,Evolution de l'indice de la Production Industrielle par Branches Regroupées.csv,activites_economiques,INDUSTRIES ALIMENTAIRES ET DE TABAC (Divisions 15 & 16),1.0,,
Evolution de l'indice de la Production Industrielle par Branches Regroupées,,Base 100 2007,2011 T2,121.9,121.9,2011 T2,2011 T2,trimestrielle,2011,Evolution de l'indice de la Production Industrielle par Branches Regroupées.csv,activites_economiques,INDUSTRIES ALIMENTAIRES ET DE TABAC (Divisions 15 & 16),2.0,,
Evolution de l'indice de la Production Industrielle par Branches Regroupées,,Base 100 2007,2011 T3,112.1,112.1,2011 T3,2011 T3,trimestrielle,2011,Evolution de l'indice de la Production Industrielle par Branches Regroupées.csv,activites_economiques,INDUSTRIES ALIMENTAIRES ET DE TABAC (Divisions 15 & 16),3.0,,
Evolution de l'indice de la Production Industrielle par Branches Regroupées,,Base 100 2007,2011 T4,129.4,129.4,2011 T4,2011 T4,trimestrielle,2011,Evolution de l'indice de la Production Industrielle par Branches Regroupées.csv,activites_economiques,INDUSTRIES ALIMENTAIRES ET DE TABAC (Divisions 15 & 16),4.0,,
Evolution de l'indice de la Production Industrielle par Branches Regroupées,,Base 100 2007,2012 T1,158.5,158.5,2012 T1,2012 T1,trimestrielle,2012,Evolution de l'indice de la Production Industrielle par Branches Regroupées.csv,activites_economiques,INDUSTRIES ALIMENTAIRES ET DE TABAC (Divisions 15 & 16),1.0,,
Evolution de l'indice de la Production Industrielle par Branches Regroupées,,Base 100 2007,2012 T2,143.1,143.1,2012 T2,2012 T2,trimestrielle,2012,Evolution de l'indice de la Production Industrielle par Branches Regroupées.csv,activites_economiques,INDUSTRIES ALIMENTAIRES ET DE TABAC (Divisions 15 & 16),2.0,,
Evolution de l'indice de la Production Industrielle par Branches Regroupées,,Base 100 2007,2012 T3,113.1,113.1,2012 T3,2012 T3,trimestrielle,2012,Evolution de l'indice de la Production Industrielle par Branches Regroupées.csv,activites_economiques,INDUSTRIES ALIMENTAIRES ET DE TABAC (Divisions 15 & 16),3.0,,
Evolution de l'indice de la Production Industrielle par Branches Regroupées,,Base 100 2007,2012 T4,130.8,130.8,2012 T4,2012 T4,trimestrielle,2012,Evolution de l'indice de la Production Industrielle par Branches Regroupées.csv,activites_economiques,INDUSTRIES ALIMENTAIRES ET DE TABAC (Divisions 15 & 16),4.0,,
Evolution de l'indice de la Production Industrielle par Branches Regroupées,,Base 100 2007,2013 T1,168.4,168.4,2013 T1,2013 T1,trimestrielle,2013,Evolution de l'indice de la Production Industrielle par Branches Regroupées.csv,activites_economiques,INDUSTRIES ALIMENTAIRES ET DE TABAC (Divisions 15 & 16),1.0,,
Evolution de l'indice de la Production Industrielle par Branches Regroupées,,Base 100 2007,2013 T2,170.7,170.7,2013 T2,2013 T2,trimestrielle,2013,Evolution de l'indice de la Production Industrielle par Branches Regroupées.csv,activites_economiques,INDUSTRIES ALIMENTAIRES ET DE TABAC (Divisions 15 & 16),2.0,,
Evolution de l'indice de la Production Industrielle par Branches Regroupées,,Base 100 2007,2013 T3,146.3,146.3,2013 T3,2013 T3,trimestrielle,2013,Evolution de l'indice de la Production Industrielle par Branches Regroupées.csv,activites_economiques,INDUSTRIES ALIMENTAIRES ET DE TABAC (Divisions 15 & 16),3.0,,
Evolution de l'indice de la Production Industrielle par Branches Regroupées,,Base 100 2007,2013 T4,158.8,158.8,2013 T4,2013 T4,trimestrielle,2013,Evolution de l'indice de la Production Industrielle par Branches Regroupées.csv,activites_economiques,INDUSTRIES ALIMENTAIRES ET DE TABAC (Divisions 15 & 16),4.0,,
Evolution de l'indice de la Production Industrielle par Branches Regroupées,,Base 100 2007,2014 T1,165.1,165.1,2014 T1,2014 T1,trimestrielle,2014,Evolution de l'indice de la Production Industrielle par Branches Regroupées.csv,activites_economiques,INDUSTRIES ALIMENTAIRES ET DE TABAC (Divisions 15 & 16),1.0,,
Evolution de l'indice de la Production Industrielle par Branches Regroupées,,Base 100 2007,2014 T2,168.3,168.3,2014 T2,2014 T2,trimestrielle,2014,Evolution de l'indice de la Production Industrielle par Branches Regroupées.csv,activites_economiques,INDUSTRIES ALIMENTAIRES ET DE TABAC (Divisions 15 & 16),2.0,,
Evolution de l'indice de la Production Industrielle par Branches Regroupées,,Base 100 2007,2014 T3,154.6,154.6,2014 T3,2014 T3,trimestrielle,2014,Evolution de l'indice de la Production Industrielle par Branches Regroupées.csv,activites_economiques,INDUSTRIES ALIMENTAIRES ET DE TABAC (Divisions 15 & 16),3.0,,
Evolution de l'indice de la Production Industrielle par Branches Regroupées,,Base 100 2007,2014 T4,192.6,192.6,2014 T4,2014 T4,trimestrielle,2014,Evolution de l'indice de la Production Industrielle par Branches Regroupées.csv,activites_economiques,INDUSTRIES ALIMENTAIRES ET DE TABAC (Divisions 15 & 16),4.0,,
Evolution de l'indice de la Production Industrielle par Branches Regroupées,,Base 100 2007,2015 T1,187.0,187.0,2015 T1,2015 T1,trimestrielle,2015,Evolution de l'indice de la Production Industrielle par Branches Regroupées.csv,activites_economiques,INDUSTRIES ALIMENTAIRES ET DE TABAC (Divisions 15 & 16),1.0,,
Evolution de l'indice de la Production Industrielle par Branches Regroupées,,Base 100 2007,2015 T2,198.8,198.8,2015 T2,2015 T2,trimestrielle,2015,Evolution de l'indice de la Production Industrielle par Branches Regroupées.csv,activites_economiques,INDUSTRIES ALIMENTAIRES ET DE TABAC (Divisions 15 & 16),2.0,,
Evolution de l'indice de la Production Industrielle par Branches Regroupées,,Base 100 2007,2015 T3,160.0,160.0,2015 T3,2015 T3,trimestrielle,2015,Evolution de l'indice de la Production Industrielle par Branches Regroupées.csv,activites_economiques,INDUSTRIES ALIMENTAIRES ET DE TABAC (Divisions 15 & 16),3.0,,
Evolution de l'indice de la Production Industrielle par Branches Regroupées,,Base 100 2007,2015 T4,194.5,194.5,2015 T4,2015 T4,trimestrielle,2015,Evolution de l'indice de la Production Industrielle par Branches Regroupées.csv,activites_economiques,INDUSTRIES ALIMENTAIRES ET DE TABAC (Divisions 15 & 16),4.0,,
Evolution de l'indice de la Production Industrielle par Branches Regroupées,,Base 100 2007,2016 T1,196.2,196.2,2016 T1,2016 T1,trimestrielle,2016,Evolution de l'indice de la Production Industrielle par Branches Regroupées.csv,activites_economiques,INDUSTRIES ALIMENTAIRES ET DE TABAC (Divisions 15 & 16),1.0,,
Evolution de l'indice de la Production Industrielle par Branches Regroupées,,Base 100 2007,2016 T2,216.4,216.4,2016 T2,2016 T2,trimestrielle,2016,Evolution de l'indice de la Production Industrielle par Branches Regroupées.csv,activites_economiques,INDUSTRIES ALIMENTAIRES ET DE TABAC (Divisions 15 & 16),2.0,,
Evolution de l'indice de la Production Industrielle par Branches Regroupées,,Base 100 2007,2016 T3,189.3,189.3,2016 T3,2016 T3,trimestrielle,2016,Evolution de l'indice de la Production Industrielle par Branches Regroupées.csv,activites_economiques,INDUSTRIES ALIMENTAIRES ET DE TABAC (Divisions 15 & 16),3.0,,
Evolution de l'indice de la Production Industrielle par Branches Regroupées,,Base 100 2007,2016 T4,204.7,204.7,2016 T4,2016 T4,trimestrielle,2016,Evolution de l'indice de la Production Industrielle par Branches Regroupées.csv,activites_economiques,INDUSTRIES ALIMENTAIRES ET DE TABAC (Divisions 15 & 16),4.0,,
Evolution de l'indice de la Production Industrielle par Branches Regroupées,,Base 100 2007,2017 T1,209.7,209.7,2017 T1,2017 T1,trimestrielle,2017,Evolution de l'indice de la Production Industrielle par Branches Regroupées.csv,activites_economiques,INDUSTRIES ALIMENTAIRES ET DE TABAC (Divisions 15 & 16),1.0,,
Evolution de l'indice de la Production Industrielle par Branches Regroupées,,Base 100 2007,2017 T2,230.5,230.5,2017 T2,2017 T2,trimestrielle,2017,Evolution de l'indice de la Production Industrielle par Branches Regroupées.csv,activites_economiques,INDUSTRIES ALIMENTAIRES ET DE TABAC (Divisions 15 & 16),2.0,,
Evolution de l'indice de la Production Industrielle par Branches Regroupées,,Base 100 2007,2017 T3,182.4,182.4,2017 T3,2017 T3,trimestrielle,2017,Evolution de l'indice de la Production Industrielle par Branches Regroupées.csv,activites_economiques,INDUSTRIES ALIMENTAIRES ET DE TABAC (Divisions 15 & 16),3.0,,
Evolution de l'indice de la Production Industrielle par Branches Regroupées,,Base 100 2007,2017 T4,215.6,215.6,2017 T4,2017 T4,trimestrielle,2017,Evolution de l'indice de la Production Industrielle par Branches Regroupées.csv,activites_economiques,INDUSTRIES ALIMENTAIRES ET DE TABAC (Divisions 15 & 16),4.0,,
Evolution de l'indice de la Production Industrielle par Branches Regroupées,,Base 100 2007,2018 T1,223.5,223.5,2018 T1,2018 T1,trimestrielle,2018,Evolution de l'indice de la Production Industrielle par Branches Regroupées.csv,activites_economiques,INDUSTRIES ALIMENTAIRES ET DE TABAC (Divisions 15 & 16),1.0,,
Evolution de l'indice de la Production Industrielle par Branches Regroupées,,Base 100 2007,2018 T2,234.6,234.6,2018 T2,2018 T2,trimestrielle,2018,Evolution de l'indice de la Production Industrielle par Branches Regroupées.csv,activites_economiques,INDUSTRIES ALIMENTAIRES ET DE TABAC (Divisions 15 & 16),2.0,,
Evolution de l'indice de la Production Industrielle par Branches Regroupées,,Base 100 2007,2018 T3,186.6,186.6,2018 T3,2018 T3,trimestrielle,2018,Evolution de l'indice de la Production Industrielle par Branches Regroupées.csv,activites_economiques,INDUSTRIES ALIMENTAIRES ET DE TABAC (Divisions 15 & 16),3.0,,
Evolution de l'indice de la Production Industrielle par Branches Regroupées,,Base 100 2007,2018 T4,243.5,243.5,2018 T4,2018 T4,trimestrielle,2018,Evolution de l'indice de la Production Industrielle par Branches Regroupées.csv,activites_economiques,INDUSTRIES ALIMENTAIRES ET DE TABAC (Divisions 15 & 16),4.0,,
Evolution de l'indice de la Production Industrielle par Branches Regroupées,,Base 100 2007,2019 T1,243.3,243.3,2019 T1,2019 T1,trimestrielle,2019,Evolution de l'indice de la Production Industrielle par Branches Regroupées.csv,activites_economiques,INDUSTRIES ALIMENTAIRES ET DE TABAC (Divisions 15 & 16),1.0,,
Evolution de l'indice de la Production Industrielle par Branches Regroupées,,Base 100 2007,2019 T2,263.1,263.1,2019 T2,2019 T2,trimestrielle,2019,Evolution de l'indice de la Production Industrielle par Branches Regroupées.csv,activites_economiques,INDUSTRIES ALIMENTAIRES ET DE TABAC (Divisions 15 & 16),2.0,,
Evolution de l'indice de la Production Industrielle par Branches Regroupées,,Base 100 2007,2019 T3,235.7,235.7,2019 T3,2019 T3,trimestrielle,2019,Evolution de l'indice de la Production Industrielle par Branches Regroupées.csv,activites_economiques,INDUSTRIES ALIMENTAIRES ET DE TABAC (Divisions 15 & 16),3.0,,
Evolution de l'indice de la Production Industrielle par Branches Regroupées,,Base 100 2007,2019 T4,293.48633,293.48633,2019 T4,2019 T4,trimestrielle,2019,Evolution de l'indice de la Production Industrielle par Branches Regroupées.csv,activites_economiques,INDUSTRIES ALIMENTAIRES ET DE TABAC (Divisions 15 & 16),4.0,,
Evolution de l'indice de la Production Industrielle par Branches Regroupées,,Base 100 2007,2020 T1,309.4,309.4,2020 T1,2020 T1,trimestrielle,2020,Evolution de l'indice de la Production Industrielle par Branches Regroupées.csv,activites_economiques,INDUSTRIES ALIMENTAIRES ET DE TABAC (Divisions 15 & 16),1.0,,
Evolution de l'indice de la Production Industrielle par Branches Regroupées,,Base 100 2007,2020 T2,294.3,294.3,2020 T2,2020 T2,trimestrielle,2020,Evolution de l'indice de la Production Industrielle par Branches Regroupées.csv,activites_economiques,INDUSTRIES ALIMENTAIRES ET DE TABAC (Divisions 15 & 16),2.0,,
Evolution de l'indice de la Production Industrielle par Branches Regroupées,,Base 100 2007,2020 T3,243.1,243.1,2020 T3,2020 T3,trimestrielle,2020,Evolution de l'indice de la Production Industrielle par Branches Regroupées.csv,activites_economiques,INDUSTRIES ALIMENTAIRES ET DE TABAC (Divisions 15 & 16),3.0,,
Evolution de l'indice de la Production Industrielle par Branches Regroupées,,Base 100 2007,2020 T4,264.1,264.1,2020 T4,2020 T4,trimestrielle,2020,Evolution de l'indice de la Production Industrielle par Branches Regroupées.csv,activites_economiques,INDUSTRIES ALIMENTAIRES ET DE TABAC (Divisions 15 & 16),4.0,,
Evolution de l'indice de la Production Industrielle par Branches Regroupées,,Base 100 2007,2007 T1,83.6,83.6,2007 T1,2007 T1,trimestrielle,2007,Evolution de l'indice de la Production Industrielle par Branches Regroupées.csv,activites_economiques,INDUSTRIES TEXTILES ET DU CUIR (Divisions 17 à 19),1.0,,
Evolution de l'indice de la Production Industrielle par Branches Regroupées,,Base 100 2007,2007 T2,81.9,81.9,2007 T2,2007 T2,trimestrielle,2007,Evolution de l'indice de la Production Industrielle par Branches Regroupées.csv,activites_economiques,INDUSTRIES TEXTILES ET DU CUIR (Divisions 17 à 19),2.0,,
Evolution de l'indice de la Production Industrielle par Branches Regroupées,,Base 100 2007,2007 T3,171.5,171.5,2007 T3,2007 T3,trimestrielle,2007,Evolution de l'indice de la Production Industrielle par Branches Regroupées.csv,activites_economiques,INDUSTRIES TEXTILES ET DU CUIR (Divisions 17 à 19),3.0,,
Evolution de l'indice de la Production Industrielle par Branches Regroupées,,Base 100 2007,2007 T4,63.1,63.1,2007 T4,2007 T4,trimestrielle,2007,Evolution de l'indice de la Production Industrielle par Branches Regroupées.csv,activites_economiques,INDUSTRIES TEXTILES ET DU CUIR (Divisions 17 à 19),4.0,,
Evolution de l'indice de la Production Industrielle par Branches Regroupées,,Base 100 2007,2008 T1,186.1,186.1,2008 T1,2008 T1,trimestrielle,2008,Evolution de l'indice de la Production Industrielle par Branches Regroupées.csv,activites_economiques,INDUSTRIES TEXTILES ET DU CUIR (Divisions 17 à 19),1.0,,
Evolution de l'indice de la Production Industrielle par Branches Regroupées,,Base 100 2007,2008 T2,44.2,44.2,2008 T2,2008 T2,trimestrielle,2008,Evolution de l'indice de la Production Industrielle par Branches Regroupées.csv,activites_economiques,INDUSTRIES TEXTILES ET DU CUIR (Divisions 17 à 19),2.0,,
Evolution de l'indice de la Production Industrielle par Branches Regroupées,,Base 100 2007,2008 T3,10.1,10.1,2008 T3,2008 T3,trimestrielle,2008,Evolution de l'indice de la Production Industrielle par Branches Regroupées.csv,activites_economiques,INDUSTRIES TEXTILES ET DU CUIR (Divisions 17 à 19),3.0,,
Evolution de l'indice de la Production Industrielle par Branches Regroupées,,Base 100 2007,2008 T4,64.9,64.9,2008 T4,2008 T4,trimestrielle,2008,Evolution de l'indice de la Production Industrielle par Branches Regroupées.csv,activites_economiques,INDUSTRIES TEXTILES ET DU CUIR (Divisions 17 à 19),4.0,,
Evolution de l'indice de la Production Industrielle par Branches Regroupées,,Base 100 2007,2009 T1,146.8,146.8,2009 T1,2009 T1,trimestrielle,2009,Evolution de l'indice de la Production Industrielle par Branches Regroupées.csv,activites_economiques,INDUSTRIES TEXTILES ET DU CUIR (Divisions 17 à 19),1.0,,
Evolution de l'indice de la Production Industrielle par Branches Regroupées,,Base 100 2007,2009 T2,19.5,19.5,2009 T2,2009 T2,trimestrielle,2009,Evolution de l'indice de la Production Industrielle par Branches Regroupées.csv,activites_economiques,INDUSTRIES TEXTILES ET DU CUIR (Divisions 17 à 19),2.0,,
Evolution de l'indice de la Production Industrielle par Branches Regroupées,,Base 100 2007,2009 T3,15.3,15.3,2009 T3,2009 T3,trimestrielle,2009,Evolution de l'indice de la Production Industrielle par Branches Regroupées.csv,activites_economiques,INDUSTRIES TEXTILES ET DU CUIR (Divisions 17 à 19),3.0,,
Evolution de l'indice de la Production Industrielle par Branches Regroupées,,Base 100 2007,2009 T4,36.3,36.3,2009 T4,2009 T4,trimestrielle,2009,Evolution de l'indice de la Production Industrielle par Branches Regroupées.csv,activites_economiques,INDUSTRIES TEXTILES ET DU CUIR (Divisions 17 à 19),4.0,,
Evolution de l'indice de la Production Industrielle par Branches Regroupées,,Base 100 2007,2010 T1,136.4,136.4,2010 T1,2010 T1,trimestrielle,2010,Evolution de l'indice de la Production Industrielle par Branches Regroupées.csv,activites_economiques,INDUSTRIES TEXTILES ET DU CUIR (Divisions 17 à 19),1.0,,
Evolution de l'indice de la Production Industrielle par Branches Regroupées,,Base 100 2007,2010 T2,12.8,12.8,2010 T2,2010 T2,trimestrielle,2010,Evolution de l'indice de la Production Industrielle par Branches Regroupées.csv,activites_economiques,INDUSTRIES TEXTILES ET DU CUIR (Divisions 17 à 19),2.0,,
Evolution de l'indice de la Production Industrielle par Branches Regroupées,,Base 100 2007,2010 T3,10.3,10.3,2010 T3,2010 T3,trimestrielle,2010,Evolution de l'indice de la Production Industrielle par Branches Regroupées.csv,activites_economiques,INDUSTRIES TEXTILES ET DU CUIR (Divisions 17 à 19),3.0,,
Evolution de l'indice de la Production Industrielle par Branches Regroupées,,Base 100 2007,2010 T4,35.3,35.3,2010 T4,2010 T4,trimestrielle,2010,Evolution de l'indice de la Production Industrielle par Branches Regroupées.csv,activites_economiques,INDUSTRIES TEXTILES ET DU CUIR (Divisions 17 à 19),4.0,,
Evolution de l'indice de la Production Industrielle par Branches Regroupées,,Base 100 2007,2011 T1,88.1,88.1,2011 T1,2011 T1,trimestrielle,2011,Evolution de l'indice de la Production Industrielle par Branches Regroupées.csv,activites_economiques,INDUSTRIES TEXTILES ET DU CUIR (Divisions 17 à 19),1.0,,
Evolution de l'indice de la Production Industrielle par Branches Regroupées,,Base 100 2007,2011 T2,13.9,13.9,2011 T2,2011 T2,trimestrielle,2011,Evolution de l'indice de la Production Industrielle par Branches Regroupées.csv,activites_economiques,INDUSTRIES TEXTILES ET DU CUIR (Divisions 17 à 19),2.0,,
Evolution de l'indice de la Production Industrielle par Branches Regroupées,,Base 100 2007,2011 T3,15.4,15.4,2011 T3,2011 T3,trimestrielle,2011,Evolution de l'indice de la Production Industrielle par Branches Regroupées.csv,activites_economiques,INDUSTRIES TEXTILES ET DU CUIR (Divisions 17 à 19),3.0,,
Evolution de l'indice de la Production Industrielle par Branches Regroupées,,Base 100 2007,2011 T4,32.4,32.4,2011 T4,2011 T4,trimestrielle,2011,Evolution de l'indice de la Production Industrielle par Branches Regroupées.csv,activites_economiques,INDUSTRIES TEXTILES ET DU CUIR (Divisions 17 à 19),4.0,,
Evolution de l'indice de la Production Industrielle par Branches Regroupées,,Base 100 2007,2012 T1,77.9,77.9,2012 T1,2012 T1,trimestrielle,2012,Evolution de l'indice de la Production Industrielle par Branches Regroupées.csv,activites_economiques,INDUSTRIES TEXTILES ET DU CUIR (Divisions 17 à 19),1.0,,
Evolution de l'indice de la Production Industrielle par Branches Regroupées,,Base 100 2007,2012 T2,12.2,12.2,2012 T2,2012 T2,trimestrielle,2012,Evolution de l'indice de la Production Industrielle par Branches Regroupées.csv,activites_economiques,INDUSTRIES TEXTILES ET DU CUIR (Divisions 17 à 19),2.0,,
Evolution de l'indice de la Production Industrielle par Branches Regroupées,,Base 100 2007,2012 T3,10.7,10.7,2012 T3,2012 T3,trimestrielle,2012,Evolution de l'indice de la Production Industrielle par Branches Regroupées.csv,activites_economiques,INDUSTRIES TEXTILES ET DU CUIR (Divisions 17 à 19),3.0,,
Evolution de l'indice de la Production Industrielle par Branches Regroupées,,Base 100 2007,2012 T4,33.4,33.4,2012 T4,2012 T4,trimestrielle,2012,Evolution de l'indice de la Production Industrielle par Branches Regroupées.csv,activites_economiques,INDUSTRIES TEXTILES ET DU CUIR (Divisions 17 à 19),4.0,,
Evolution de l'indice de la Production Industrielle par Branches Regroupées,,Base 100 2007,2013 T1,94.1,94.1,2013 T1,2013 T1,trimestrielle,2013,Evolution de l'indice de la Production Industrielle par Branches Regroupées.csv,activites_economiques,INDUSTRIES TEXTILES ET DU CUIR (Divisions 17 à 19),1.0,,
Evolution de l'indice de la Production Industrielle par Branches Regroupées,,Base 100 2007,2013 T2,25.6,25.6,2013 T2,2013 T2,trimestrielle,2013,Evolution de l'indice de la Production Industrielle par Branches Regroupées.csv,activites_economiques,INDUSTRIES TEXTILES ET DU CUIR (Divisions 17 à 19),2.0,,
Evolution de l'indice de la Production Industrielle par Branches Regroupées,,Base 100 2007,2013 T3,7.3,7.3,2013 T3,2013 T3,trimestrielle,2013,Evolution de l'indice de la Production Industrielle par Branches Regroupées.csv,activites_economiques,INDUSTRIES TEXTILES ET DU CUIR (Divisions 17 à 19),3.0,,
Evolution de l'indice de la Production Industrielle par Branches Regroupées,,Base 100 2007,2013 T4,19.4,19.4,2013 T4,2013 T4,trimestrielle,2013,Evolution de l'indice de la Production Industrielle par Branches Regroupées.csv,activites_economiques,INDUSTRIES TEXTILES ET DU CUIR (Divisions 17 à 19),4.0,,
Evolution de l'indice de la Production Industrielle par Branches Regroupées,,Base 100 2007,2014 T1,97.7,97.7,2014 T1,2014 T1,trimestrielle,2014,Evolution de l'indice de la Production Industrielle par Branches Regroupées.csv,activites_economiques,INDUSTRIES TEXTILES ET DU CUIR (Divisions 17 à 19),1.0,,
Evolution de l'indice de la Production Industrielle par Branches Regroupées,,Base 100 2007,2014 T2,35.3,35.3,2014 T2,2014 T2,trimestrielle,2014,Evolution de l'indice de la Production Industrielle par Branches Regroupées.csv,activites_economiques,INDUSTRIES TEXTILES ET DU CUIR (Divisions 17 à 19),2.0,,
Evolution de l'indice de la Production Industrielle par Branches Regroupées,,Base 100 2007,2014 T3,12.6,12.6,2014 T3,2014 T3,trimestrielle,2014,Evolution de l'indice de la Production Industrielle par Branches Regroupées.csv,activites_economiques,INDUSTRIES TEXTILES ET DU CUIR (Divisions 17 à 19),3.0,,
Evolution de l'indice de la Production Industrielle par Branches Regroupées,,Base 100 2007,2014 T4,40.3,40.3,2014 T4,2014 T4,trimestrielle,2014,Evolution de l'indice de la Production Industrielle par Branches Regroupées.csv,activites_economiques,INDUSTRIES TEXTILES ET DU CUIR (Divisions 17 à 19),4.0,,
Evolution de l'indice de la Production Industrielle par Branches Regroupées,,Base 100 2007,2015 T1,105.5,105.5,2015 T1,2015 T1,trimestrielle,2015,Evolution de l'indice de la Production Industrielle par Branches Regroupées.csv,activites_economiques,INDUSTRIES TEXTILES ET DU CUIR (Divisions 17 à 19),1.0,,
Evolution de l'indice de la Production Industrielle par Branches Regroupées,,Base 100 2007,2015 T2,55.5,55.5,2015 T2,2015 T2,trimestrielle,2015,Evolution de l'indice de la Production Industrielle par Branches Regroupées.csv,activites_economiques,INDUSTRIES TEXTILES ET DU CUIR (Divisions 17 à 19),2.0,,
Evolution de l'indice de la Production Industrielle par Branches Regroupées,,Base 100 2007,2015 T3,8.3,8.3,2015 T3,2015 T3,trimestrielle,2015,Evolution de l'indice de la Production Industrielle par Branches Regroupées.csv,activites_economiques,INDUSTRIES TEXTILES ET DU CUIR (Divisions 17 à 19),3.0,,
Evolution de l'indice de la Production Industrielle par Branches Regroupées,,Base 100 2007,2015 T4,48.1,48.1,2015 T4,2015 T4,trimestrielle,2015,Evolution de l'indice de la Production Industrielle par Branches Regroupées.csv,activites_economiques,INDUSTRIES TEXTILES ET DU CUIR (Divisions 17 à 19),4.0,,
Evolution de l'indice de la Production Industrielle par Branches Regroupées,,Base 100 2007,2016 T1,111.2,111.2,2016 T1,2016 T1,trimestrielle,2016,Evolution de l'indice de la Production Industrielle par Branches Regroupées.csv,activites_economiques,INDUSTRIES TEXTILES ET DU CUIR (Divisions 17 à 19),1.0,,
Evolution de l'indice de la Production Industrielle par Branches Regroupées,,Base 100 2007,2016 T2,30.0,30.0,2016 T2,2016 T2,trimestrielle,2016,Evolution de l'indice de la Production Industrielle par Branches Regroupées.csv,activites_economiques,INDUSTRIES TEXTILES ET DU CUIR (Divisions 17 à 19),2.0,,
Evolution de l'indice de la Production Industrielle par Branches Regroupées,,Base 100 2007,2016 T3,12.1,12.1,2016 T3,2016 T3,trimestrielle,2016,Evolution de l'indice de la Production Industrielle par Branches Regroupées.csv,activites_economiques,INDUSTRIES TEXTILES ET DU CUIR (Divisions 17 à 19),3.0,,
Evolution de l'indice de la Production Industrielle par Branches Regroupées,,Base 100 2007,2016 T4,67.6,67.6,2016 T4,2016 T4,trimestrielle,2016,Evolution de l'indice de la Production Industrielle par Branches Regroupées.csv,activites_economiques,INDUSTRIES TEXTILES ET DU CUIR (Divisions 17 à 19),4.0,,
Evolution de l'indice de la Production Industrielle par Branches Regroupées,,Base 100 2007,2017 T1,109.0,109.0,2017 T1,2017 T1,trimestrielle,2017,Evolution de l'indice de la Production Industrielle par Branches Regroupées.csv,activites_economiques,INDUSTRIES TEXTILES ET DU CUIR (Divisions 17 à 19),1.0,,
Evolution de l'indice de la Production Industrielle par Branches Regroupées,,Base 100 2007,2017 T2,29.2,29.2,2017 T2,2017 T2,trimestrielle,2017,Evolution de l'indice de la Production Industrielle par Branches Regroupées.csv,activites_economiques,INDUSTRIES TEXTILES ET DU CUIR (Divisions 17 à 19),2.0,,
Evolution de l'indice de la Production Industrielle par Branches Regroupées,,Base 100 2007,2017 T3,13.8,13.8,2017 T3,2017 T3,trimestrielle,2017,Evolution de l'indice de la Production Industrielle par Branches Regroupées.csv,activites_economiques,INDUSTRIES TEXTILES ET DU CUIR (Divisions 17 à 19),3.0,,
Evolution de l'indice de la Production Industrielle par Branches Regroupées,,Base 100 2007,2017 T4,55.6,55.6,2017 T4,2017 T4,trimestrielle,2017,Evolution de l'indice de la Production Industrielle par Branches Regroupées.csv,activites_economiques,INDUSTRIES TEXTILES ET DU CUIR (Divisions 17 à 19),4.0,,
Evolution de l'indice de la Production Industrielle par Branches Regroupées,,Base 100 2007,2018 T1,90.0,90.0,2018 T1,2018 T1,trimestrielle,2018,Evolution de l'indice de la Production Industrielle par Branches Regroupées.csv,activites_economiques,INDUSTRIES TEXTILES ET DU CUIR (Divisions 17 à 19),1.0,,
Evolution de l'indice de la Production Industrielle par Branches Regroupées,,Base 100 2007,2018 T2,20.6,20.6,2018 T2,2018 T2,trimestrielle,2018,Evolution de l'indice de la Production Industrielle par Branches Regroupées.csv,activites_economiques,INDUSTRIES TEXTILES ET DU CUIR (Divisions 17 à 19),2.0,,
Evolution de l'indice de la Production Industrielle par Branches Regroupées,,Base 100 2007,2018 T3,12.1,12.1,2018 T3,2018 T3,trimestrielle,2018,Evolution de l'indice de la Production Industrielle par Branches Regroupées.csv,activites_economiques,INDUSTRIES TEXTILES ET DU CUIR (Divisions 17 à 19),3.0,,
Evolution de l'indice de la Production Industrielle par Branches Regroupées,,Base 100 2007,2018 T4,38.5,38.5,2018 T4,2018 T4,trimestrielle,2018,Evolution de l'indice de la Production Industrielle par Branches Regroupées.csv,activites_economiques,INDUSTRIES TEXTILES ET DU CUIR (Divisions 17 à 19),4.0,,
Evolution de l'indice de la Production Industrielle par Branches Regroupées,,Base 100 2007,2019 T1,83.9,83.9,2019 T1,2019 T1,trimestrielle,2019,Evolution de l'indice de la Production Industrielle par Branches Regroupées.csv,activites_economiques,INDUSTRIES TEXTILES ET DU CUIR (Divisions 17 à 19),1.0,,
Evolution de l'indice de la Production Industrielle par Branches Regroupées,,Base 100 2007,2019 T2,20.6,20.6,2019 T2,2019 T2,trimestrielle,2019,Evolution de l'indice de la Production Industrielle par Branches Regroupées.csv,activites_economiques,INDUSTRIES TEXTILES ET DU CUIR (Divisions 17 à 19),2.0,,
Evolution de l'indice de la Production Industrielle par Branches Regroupées,,Base 100 2007,2019 T3,12.1,12.1,2019 T3,2019 T3,trimestrielle,2019,Evolution de l'indice de la Production Industrielle par Branches Regroupées.csv,activites_economiques,INDUSTRIES TEXTILES ET DU CUIR (Divisions 17 à 19),3.0,,
Evolution de l'indice de la Production Industrielle par Branches Regroupées,,Base 100 2007,2019 T4,40.870757,40.870757,2019 T4,2019 T4,trimestrielle,2019,Evolution de l'indice de la Production Industrielle par Branches Regroupées.csv,activites_economiques,INDUSTRIES TEXTILES ET DU CUIR (Divisions 17 à 19),4.0,,
Evolution de l'indice de la Production Industrielle par Branches Regroupées,,Base 100 2007,2020 T1,35.4,35.4,2020 T1,2020 T1,trimestrielle,2020,Evolution de l'indice de la Production Industrielle par Branches Regroupées.csv,activites_economiques,INDUSTRIES TEXTILES ET DU CUIR (Divisions 17 à 19),1.0,,
Evolution de l'indice de la Production Industrielle par Branches Regroupées,,Base 100 2007,2020 T2,20.6,20.6,2020 T2,2020 T2,trimestrielle,2020,Evolution de l'indice de la Production Industrielle par Branches Regroupées.csv,activites_economiques,INDUSTRIES TEXTILES ET DU CUIR (Divisions 17 à 19),2.0,,
Evolution de l'indice de la Production Industrielle par Branches Regroupées,,Base 100 2007,2020 T3,12.1,12.1,2020 T3,2020 T3,trimestrielle,2020,Evolution de l'indice de la Production Industrielle par Branches Regroupées.csv,activites_economiques,INDUSTRIES TEXTILES ET DU CUIR (Divisions 17 à 19),3.0,,
Evolution de l'indice de la Production Industrielle par Branches Regroupées,,Base 100 2007,2020 T4,39.7,39.7,2020 T4,2020 T4,trimestrielle,2020,Evolution de l'indice de la Production Industrielle par Branches Regroupées.csv,activites_economiques,INDUSTRIES TEXTILES ET DU CUIR (Divisions 17 à 19),4.0,,
Evolution de l'indice de la Production Industrielle par Branches Regroupées,,Base 100 2007,2007 T1,123.9,123.9,2007 T1,2007 T1,trimestrielle,2007,Evolution de l'indice de la Production Industrielle par Branches Regroupées.csv,activites_economiques,INDUSTRIES DU BOIS ET MEUBLES (Divisions 20 & P36),1.0,,
Evolution de l'indice de la Production Industrielle par Branches Regroupées,,Base 100 2007,2007 T2,131.8,131.8,2007 T2,2007 T2,trimestrielle,2007,Evolution de l'indice de la Production Industrielle par Branches Regroupées.csv,activites_economiques,INDUSTRIES DU BOIS ET MEUBLES (Divisions 20 & P36),2.0,,
Evolution de l'indice de la Production Industrielle par Branches Regroupées,,Base 100 2007,2007 T3,91.2,91.2,2007 T3,2007 T3,trimestrielle,2007,Evolution de l'indice de la Production Industrielle par Branches Regroupées.csv,activites_economiques,INDUSTRIES DU BOIS ET MEUBLES (Divisions 20 & P36),3.0,,
Evolution de l'indice de la Production Industrielle par Branches Regroupées,,Base 100 2007,2007 T4,53.0,53.0,2007 T4,2007 T4,trimestrielle,2007,Evolution de l'indice de la Production Industrielle par Branches Regroupées.csv,activites_economiques,INDUSTRIES DU BOIS ET MEUBLES (Divisions 20 & P36),4.0,,
Evolution de l'indice de la Production Industrielle par Branches Regroupées,,Base 100 2007,2008 T1,114.1,114.1,2008 T1,2008 T1,trimestrielle,2008,Evolution de l'indice de la Production Industrielle par Branches Regroupées.csv,activites_economiques,INDUSTRIES DU BOIS ET MEUBLES (Divisions 20 & P36),1.0,,
Evolution de l'indice de la Production Industrielle par Branches Regroupées,,Base 100 2007,2008 T2,122.2,122.2,2008 T2,2008 T2,trimestrielle,2008,Evolution de l'indice de la Production Industrielle par Branches Regroupées.csv,activites_economiques,INDUSTRIES DU BOIS ET MEUBLES (Divisions 20 & P36),2.0,,
Evolution de l'indice de la Production Industrielle par Branches Regroupées,,Base 100 2007,2008 T3,80.4,80.4,2008 T3,2008 T3,trimestrielle,2008,Evolution de l'indice de la Production Industrielle par Branches Regroupées.csv,activites_economiques,INDUSTRIES DU BOIS ET MEUBLES (Divisions 20 & P36),3.0,,
Evolution de l'indice de la Production Industrielle par Branches Regroupées,,Base 100 2007,2008 T4,41.1,41.1,2008 T4,2008 T4,trimestrielle,2008,Evolution de l'indice de la Production Industrielle par Branches Regroupées.csv,activites_economiques,INDUSTRIES DU BOIS ET MEUBLES (Divisions 20 & P36),4.0,,
Evolution de l'indice de la Production Industrielle par Branches Regroupées,,Base 100 2007,2009 T1,117.3,117.3,2009 T1,2009 T1,trimestrielle,2009,Evolution de l'indice de la Production Industrielle par Branches Regroupées.csv,activites_economiques,INDUSTRIES DU BOIS ET MEUBLES (Divisions 20 & P36),1.0,,
Evolution de l'indice de la Production Industrielle par Branches Regroupées,,Base 100 2007,2009 T2,125.6,125.6,2009 T2,2009 T2,trimestrielle,2009,Evolution de l'indice de la Production Industrielle par Branches Regroupées.csv,activites_economiques,INDUSTRIES DU BOIS ET MEUBLES (Divisions 20 & P36),2.0,,
Evolution de l'indice de la Production Industrielle par Branches Regroupées,,Base 100 2007,2009 T3,82.7,82.7,2009 T3,2009 T3,trimestrielle,2009,Evolution de l'indice de la Production Industrielle par Branches Regroupées.csv,activites_economiques,INDUSTRIES DU BOIS ET MEUBLES (Divisions 20 & P36),3.0,,
Evolution de l'indice de la Production Industrielle par Branches Regroupées,,Base 100 2007,2009 T4,42.3,42.3,2009 T4,2009 T4,trimestrielle,2009,Evolution de l'indice de la Production Industrielle par Branches Regroupées.csv,activites_economiques,INDUSTRIES DU BOIS ET MEUBLES (Divisions 20 & P36),4.0,,
Evolution de l'indice de la Production Industrielle par Branches Regroupées,,Base 100 2007,2010 T1,120.6,120.6,2010 T1,2010 T1,trimestrielle,2010,Evolution de l'indice de la Production Industrielle par Branches Regroupées.csv,activites_economiques,INDUSTRIES DU BOIS ET MEUBLES (Divisions 20 & P36),1.0,,
Evolution de l'indice de la Production Industrielle par Branches Regroupées,,Base 100 2007,2010 T2,123.9,123.9,2010 T2,2010 T2,trimestrielle,2010,Evolution de l'indice de la Production Industrielle par Branches Regroupées.csv,activites_economiques,INDUSTRIES DU BOIS ET MEUBLES (Divisions 20 & P36),2.0,,
Evolution de l'indice de la Production Industrielle par Branches Regroupées,,Base 100 2007,2010 T3,81.5,81.5,2010 T3,2010 T3,trimestrielle,2010,Evolution de l'indice de la Production Industrielle par Branches Regroupées.csv,activites_economiques,INDUSTRIES DU BOIS ET MEUBLES (Divisions 20 & P36),3.0,,
Evolution de l'indice de la Production Industrielle par Branches Regroupées,,Base 100 2007,2010 T4,41.7,41.7,2010 T4,2010 T4,trimestrielle,2010,Evolution de l'indice de la Production Industrielle par Branches Regroupées.csv,activites_economiques,INDUSTRIES DU BOIS ET MEUBLES (Divisions 20 & P36),4.0,,
Evolution de l'indice de la Production Industrielle par Branches Regroupées,,Base 100 2007,2011 T1,118.9,118.9,2011 T1,2011 T1,trimestrielle,2011,Evolution de l'indice de la Production Industrielle par Branches Regroupées.csv,activites_economiques,INDUSTRIES DU BOIS ET MEUBLES (Divisions 20 & P36),1.0,,
Evolution de l'indice de la Production Industrielle par Branches Regroupées,,Base 100 2007,2011 T2,151.6,151.6,2011 T2,2011 T2,trimestrielle,2011,Evolution de l'indice de la Production Industrielle par Branches Regroupées.csv,activites_economiques,INDUSTRIES DU BOIS ET MEUBLES (Divisions 20 & P36),2.0,,
Evolution de l'indice de la Production Industrielle par Branches Regroupées,,Base 100 2007,2011 T3,95.7,95.7,2011 T3,2011 T3,trimestrielle,2011,Evolution de l'indice de la Production Industrielle par Branches Regroupées.csv,activites_economiques,INDUSTRIES DU BOIS ET MEUBLES (Divisions 20 & P36),3.0,,
Evolution de l'indice de la Production Industrielle par Branches Regroupées,,Base 100 2007,2011 T4,41.4,41.4,2011 T4,2011 T4,trimestrielle,2011,Evolution de l'indice de la Production Industrielle par Branches Regroupées.csv,activites_economiques,INDUSTRIES DU BOIS ET MEUBLES (Divisions 20 & P36),4.0,,
Evolution de l'indice de la Production Industrielle par Branches Regroupées,,Base 100 2007,2012 T1,107.6,107.6,2012 T1,2012 T1,trimestrielle,2012,Evolution de l'indice de la Production Industrielle par Branches Regroupées.csv,activites_economiques,INDUSTRIES DU BOIS ET MEUBLES (Divisions 20 & P36),1.0,,
Evolution de l'indice de la Production Industrielle par Branches Regroupées,,Base 100 2007,2012 T2,162.1,162.1,2012 T2,2012 T2,trimestrielle,2012,Evolution de l'indice de la Production Industrielle par Branches Regroupées.csv,activites_economiques,INDUSTRIES DU BOIS ET MEUBLES (Divisions 20 & P36),2.0,,
Evolution de l'indice de la Production Industrielle par Branches Regroupées,,Base 100 2007,2012 T3,62.5,62.5,2012 T3,2012 T3,trimestrielle,2012,Evolution de l'indice de la Production Industrielle par Branches Regroupées.csv,activites_economiques,INDUSTRIES DU BOIS ET MEUBLES (Divisions 20 & P36),3.0,,
Evolution de l'indice de la Production Industrielle par Branches Regroupées,,Base 100 2007,2012 T4,48.3,48.3,2012 T4,2012 T4,trimestrielle,2012,Evolution de l'indice de la Production Industrielle par Branches Regroupées.csv,activites_economiques,INDUSTRIES DU BOIS ET MEUBLES (Divisions 20 & P36),4.0,,
Evolution de l'indice de la Production Industrielle par Branches Regroupées,,Base 100 2007,2013 T1,36.2,36.2,2013 T1,2013 T1,trimestrielle,2013,Evolution de l'indice de la Production Industrielle par Branches Regroupées.csv,activites_economiques,INDUSTRIES DU BOIS ET MEUBLES (Divisions 20 & P36),1.0,,
Evolution de l'indice de la Production Industrielle par Branches Regroupées,,Base 100 2007,2013 T2,99.7,99.7,2013 T2,2013 T2,trimestrielle,2013,Evolution de l'indice de la Production Industrielle par Branches Regroupées.csv,activites_economiques,INDUSTRIES DU BOIS ET MEUBLES (Divisions 20 & P36),2.0,,
Evolution de l'indice de la Production Industrielle par Branches Regroupées,,Base 100 2007,2013 T3,68.8,68.8,2013 T3,2013 T3,trimestrielle,2013,Evolution de l'indice de la Production Industrielle par Branches Regroupées.csv,activites_economiques,INDUSTRIES DU BOIS ET MEUBLES (Divisions 20 & P36),3.0,,
Evolution de l'indice de la Production Industrielle par Branches Regroupées,,Base 100 2007,2013 T4,60.9,60.9,2013 T4,2013 T4,trimestrielle,2013,Evolution de l'indice de la Production Industrielle par Branches Regroupées.csv,activites_economiques,INDUSTRIES DU BOIS ET MEUBLES (Divisions 20 & P36),4.0,,
Evolution de l'indice de la Production Industrielle par Branches Regroupées,,Base 100 2007,2014 T1,44.2,44.2,2014 T1,2014 T1,trimestrielle,2014,Evolution de l'indice de la Production Industrielle par Branches Regroupées.csv,activites_economiques,INDUSTRIES DU BOIS ET MEUBLES (Divisions 20 & P36),1.0,,
Evolution de l'indice de la Production Industrielle par Branches Regroupées,,Base 100 2007,2014 T2,37.9,37.9,2014 T2,2014 T2,trimestrielle,2014,Evolution de l'indice de la Production Industrielle par Branches Regroupées.csv,activites_economiques,INDUSTRIES DU BOIS ET MEUBLES (Divisions 20 & P36),2.0,,
Evolution de l'indice de la Production Industrielle par Branches Regroupées,,Base 100 2007,2014 T3,27.3,27.3,2014 T3,2014 T3,trimestrielle,2014,Evolution de l'indice de la Production Industrielle par Branches Regroupées.csv,activites_economiques,INDUSTRIES DU BOIS ET MEUBLES (Divisions 20 & P36),3.0,,
Evolution de l'indice de la Production Industrielle par Branches Regroupées,,Base 100 2007,2014 T4,22.0,22.0,2014 T4,2014 T4,trimestrielle,2014,Evolution de l'indice de la Production Industrielle par Branches Regroupées.csv,activites_economiques,INDUSTRIES DU BOIS ET MEUBLES (Divisions 20 & P36),4.0,,
Evolution de l'indice de la Production Industrielle par Branches Regroupées,,Base 100 2007,2015 T1,108.6,108.6,2015 T1,2015 T1,trimestrielle,2015,Evolution de l'indice de la Production Industrielle par Branches Regroupées.csv,activites_economiques,INDUSTRIES DU BOIS ET MEUBLES (Divisions 20 & P36),1.0,,
Evolution de l'indice de la Production Industrielle par Branches Regroupées,,Base 100 2007,2015 T2,39.4,39.4,2015 T2,2015 T2,trimestrielle,2015,Evolution de l'indice de la Production Industrielle par Branches Regroupées.csv,activites_economiques,INDUSTRIES DU BOIS ET MEUBLES (Divisions 20 & P36),2.0,,
Evolution de l'indice de la Production Industrielle par Branches Regroupées,,Base 100 2007,2015 T3,25.2,25.2,2015 T3,2015 T3,trimestrielle,2015,Evolution de l'indice de la Production Industrielle par Branches Regroupées.csv,activites_economiques,INDUSTRIES DU BOIS ET MEUBLES (Divisions 20 & P36),3.0,,
Evolution de l'indice de la Production Industrielle par Branches Regroupées,,Base 100 2007,2015 T4,14.2,14.2,2015 T4,2015 T4,trimestrielle,2015,Evolution de l'indice de la Production Industrielle par Branches Regroupées.csv,activites_economiques,INDUSTRIES DU BOIS ET MEUBLES (Divisions 20 & P36),4.0,,
Evolution de l'indice de la Production Industrielle par Branches Regroupées,,Base 100 2007,2016 T1,28.7,28.7,2016 T1,2016 T1,trimestrielle,2016,Evolution de l'indice de la Production Industrielle par Branches Regroupées.csv,activites_economiques,INDUSTRIES DU BOIS ET MEUBLES (Divisions 20 & P36),1.0,,
Evolution de l'indice de la Production Industrielle par Branches Regroupées,,Base 100 2007,2016 T2,28.2,28.2,2016 T2,2016 T2,trimestrielle,2016,Evolution de l'indice de la Production Industrielle par Branches Regroupées.csv,activites_economiques,INDUSTRIES DU BOIS ET MEUBLES (Divisions 20 & P36),2.0,,
Evolution de l'indice de la Production Industrielle par Branches Regroupées,,Base 100 2007,2016 T3,19.0,19.0,2016 T3,2016 T3,trimestrielle,2016,Evolution de l'indice de la Production Industrielle par Branches Regroupées.csv,activites_economiques,INDUSTRIES DU BOIS ET MEUBLES (Divisions 20 & P36),3.0,,
Evolution de l'indice de la Production Industrielle par Branches Regroupées,,Base 100 2007,2016 T4,12.8,12.8,2016 T4,2016 T4,trimestrielle,2016,Evolution de l'indice de la Production Industrielle par Branches Regroupées.csv,activites_economiques,INDUSTRIES DU BOIS ET MEUBLES (Divisions 20 & P36),4.0,,
Evolution de l'indice de la Production Industrielle par Branches Regroupées,,Base 100 2007,2017 T1,10.5,10.5,2017 T1,2017 T1,trimestrielle,2017,Evolution de l'indice de la Production Industrielle par Branches Regroupées.csv,activites_economiques,INDUSTRIES DU BOIS ET MEUBLES (Divisions 20 & P36),1.0,,
Evolution de l'indice de la Production Industrielle par Branches Regroupées,,Base 100 2007,2017 T2,7.0,7.0,2017 T2,2017 T2,trimestrielle,2017,Evolution de l'indice de la Production Industrielle par Branches Regroupées.csv,activites_economiques,INDUSTRIES DU BOIS ET MEUBLES (Divisions 20 & P36),2.0,,
Evolution de l'indice de la Production Industrielle par Branches Regroupées,,Base 100 2007,2017 T3,7.0,7.0,2017 T3,2017 T3,trimestrielle,2017,Evolution de l'indice de la Production Industrielle par Branches Regroupées.csv,activites_economiques,INDUSTRIES DU BOIS ET MEUBLES (Divisions 20 & P36),3.0,,
Evolution de l'indice de la Production Industrielle par Branches Regroupées,,Base 100 2007,2017 T4,7.0,7.0,2017 T4,2017 T4,trimestrielle,2017,Evolution de l'indice de la Production Industrielle par Branches Regroupées.csv,activites_economiques,INDUSTRIES DU BOIS ET MEUBLES (Divisions 20 & P36),4.0,,
Evolution de l'indice de la Production Industrielle par Branches Regroupées,,Base 100 2007,2018 T1,7.0,7.0,2018 T1,2018 T1,trimestrielle,2018,Evolution de l'indice de la Production Industrielle par Branches Regroupées.csv,activites_economiques,INDUSTRIES DU BOIS ET MEUBLES (Divisions 20 & P36),1.0,,
Evolution de l'indice de la Production Industrielle par Branches Regroupées,,Base 100 2007,2018 T2,7.0,7.0,2018 T2,2018 T2,trimestrielle,2018,Evolution de l'indice de la Production Industrielle par Branches Regroupées.csv,activites_economiques,INDUSTRIES DU BOIS ET MEUBLES (Divisions 20 & P36),2.0,,
Evolution de l'indice de la Production Industrielle par Branches Regroupées,,Base 100 2007,2018 T3,7.0,7.0,2018 T3,2018 T3,trimestrielle,2018,Evolution de l'indice de la Production Industrielle par Branches Regroupées.csv,activites_economiques,INDUSTRIES DU BOIS ET MEUBLES (Divisions 20 & P36),3.0,,
Evolution de l'indice de la Production Industrielle par Branches Regroupées,,Base 100 2007,2018 T4,7.0,7.0,2018 T4,2018 T4,trimestrielle,2018,Evolution de l'indice de la Production Industrielle par Branches Regroupées.csv,activites_economiques,INDUSTRIES DU BOIS ET MEUBLES (Divisions 20 & P36),4.0,,
Evolution de l'indice de la Production Industrielle par Branches Regroupées,,Base 100 2007,2019 T1,7.0,7.0,2019 T1,2019 T1,trimestrielle,2019,Evolution de l'indice de la Production Industrielle par Branches Regroupées.csv,activites_economiques,INDUSTRIES DU BOIS ET MEUBLES (Divisions 20 & P36),1.0,,
Evolution de l'indice de la Production Industrielle par Branches Regroupées,,Base 100 2007,2019 T2,7.0,7.0,2019 T2,2019 T2,trimestrielle,2019,Evolution de l'indice de la Production Industrielle par Branches Regroupées.csv,activites_economiques,INDUSTRIES DU BOIS ET MEUBLES (Divisions 20 & P36),2.0,,
Evolution de l'indice de la Production Industrielle par Branches Regroupées,,Base 100 2007,2019 T3,7.0,7.0,2019 T3,2019 T3,trimestrielle,2019,Evolution de l'indice de la Production Industrielle par Branches Regroupées.csv,activites_economiques,INDUSTRIES DU BOIS ET MEUBLES (Divisions 20 & P36),3.0,,
Evolution de l'indice de la Production Industrielle par Branches Regroupées,,Base 100 2007,2019 T4,7.040245,7.040245,2019 T4,2019 T4,trimestrielle,2019,Evolution de l'indice de la Production Industrielle par Branches Regroupées.csv,activites_economiques,INDUSTRIES DU BOIS ET MEUBLES (Divisions 20 & P36),4.0,,
Evolution de l'indice de la Production Industrielle par Branches Regroupées,,Base 100 2007,2020 T1,7.0,7.0,2020 T1,2020 T1,trimestrielle,2020,Evolution de l'indice de la Production Industrielle par Branches Regroupées.csv,activites_economiques,INDUSTRIES DU BOIS ET MEUBLES (Divisions 20 & P36),1.0,,
Evolution de l'indice de la Production Industrielle par Branches Regroupées,,Base 100 2007,2020 T2,7.0,7.0,2020 T2,2020 T2,trimestrielle,2020,Evolution de l'indice de la Production Industrielle par Branches Regroupées.csv,activites_economiques,INDUSTRIES DU BOIS ET MEUBLES (Divisions 20 & P36),2.0,,
Evolution de l'indice de la Production Industrielle par Branches Regroupées,,Base 100 2007,2020 T3,7.0,7.0,2020 T3,2020 T3,trimestrielle,2020,Evolution de l'indice de la Production Industrielle par Branches Regroupées.csv,activites_economiques,INDUSTRIES DU BOIS ET MEUBLES (Divisions 20 & P36),3.0,,
Evolution de l'indice de la Production Industrielle par Branches Regroupées,,Base 100 2007,2020 T4,7.0,7.0,2020 T4,2020 T4,trimestrielle,2020,Evolution de l'indice de la Production Industrielle par Branches Regroupées.csv,activites_economiques,INDUSTRIES DU BOIS ET MEUBLES (Divisions 20 & P36),4.0,,
Evolution de l'indice de la Production Industrielle par Branches Regroupées,,Base 100 2007,2007 T1,97.2,97.2,2007 T1,2007 T1,trimestrielle,2007,Evolution de l'indice de la Production Industrielle par Branches Regroupées.csv,activites_economiques,"INDUSTRIES DU PAPIER, CARTON ET EDITION, IMPRIMERIE (Divisions 21 & 22)",1.0,,
Evolution de l'indice de la Production Industrielle par Branches Regroupées,,Base 100 2007,2007 T2,127.4,127.4,2007 T2,2007 T2,trimestrielle,2007,Evolution de l'indice de la Production Industrielle par Branches Regroupées.csv,activites_economiques,"INDUSTRIES DU PAPIER, CARTON ET EDITION, IMPRIMERIE (Divisions 21 & 22)",2.0,,
Evolution de l'indice de la Production Industrielle par Branches Regroupées,,Base 100 2007,2007 T3,78.5,78.5,2007 T3,2007 T3,trimestrielle,2007,Evolution de l'indice de la Production Industrielle par Branches Regroupées.csv,activites_economiques,"INDUSTRIES DU PAPIER, CARTON ET EDITION, IMPRIMERIE (Divisions 21 & 22)",3.0,,
Evolution de l'indice de la Production Industrielle par Branches Regroupées,,Base 100 2007,2007 T4,102.0,102.0,2007 T4,2007 T4,trimestrielle,2007,Evolution de l'indice de la Production Industrielle par Branches Regroupées.csv,activites_economiques,"INDUSTRIES DU PAPIER, CARTON ET EDITION, IMPRIMERIE (Divisions 21 & 22)",4.0,,
Evolution de l'indice de la Production Industrielle par Branches Regroupées,,Base 100 2007,2008 T1,95.7,95.7,2008 T1,2008 T1,trimestrielle,2008,Evolution de l'indice de la Production Industrielle par Branches Regroupées.csv,activites_economiques,"INDUSTRIES DU PAPIER, CARTON ET EDITION, IMPRIMERIE (Divisions 21 & 22)",1.0,,
Evolution de l'indice de la Production Industrielle par Branches Regroupées,,Base 100 2007,2008 T2,117.0,117.0,2008 T2,2008 T2,trimestrielle,2008,Evolution de l'indice de la Production Industrielle par Branches Regroupées.csv,activites_economiques,"INDUSTRIES DU PAPIER, CARTON ET EDITION, IMPRIMERIE (Divisions 21 & 22)",2.0,,
Evolution de l'indice de la Production Industrielle par Branches Regroupées,,Base 100 2007,2008 T3,73.8,73.8,2008 T3,2008 T3,trimestrielle,2008,Evolution de l'indice de la Production Industrielle par Branches Regroupées.csv,activites_economiques,"INDUSTRIES DU PAPIER, CARTON ET EDITION, IMPRIMERIE (Divisions 21 & 22)",3.0,,
Evolution de l'indice de la Production Industrielle par Branches Regroupées,,Base 100 2007,2008 T4,96.1,96.1,2008 T4,2008 T4,trimestrielle,2008,Evolution de l'indice de la Production Industrielle par Branches Regroupées.csv,activites_economiques,"INDUSTRIES DU PAPIER, CARTON ET EDITION, IMPRIMERIE (Divisions 21 & 22)",4.0,,
Evolution de l'indice de la Production Industrielle par Branches Regroupées,,Base 100 2007,2009 T1,89.8,89.8,2009 T1,2009 T1,trimestrielle,2009,Evolution de l'indice de la Production Industrielle par Branches Regroupées.csv,activites_economiques,"INDUSTRIES DU PAPIER, CARTON ET EDITION, IMPRIMERIE (Divisions 21 & 22)",1.0,,
Evolution de l'indice de la Production Industrielle par Branches Regroupées,,Base 100 2007,2009 T2,100.1,100.1,2009 T2,2009 T2,trimestrielle,2009,Evolution de l'indice de la Production Industrielle par Branches Regroupées.csv,activites_economiques,"INDUSTRIES DU PAPIER, CARTON ET EDITION, IMPRIMERIE (Divisions 21 & 22)",2.0,,
Evolution de l'indice de la Production Industrielle par Branches Regroupées,,Base 100 2007,2009 T3,59.8,59.8,2009 T3,2009 T3,trimestrielle,2009,Evolution de l'indice de la Production Industrielle par Branches Regroupées.csv,activites_economiques,"INDUSTRIES DU PAPIER, CARTON ET EDITION, IMPRIMERIE (Divisions 21 & 22)",3.0,,
Evolution de l'indice de la Production Industrielle par Branches Regroupées,,Base 100 2007,2009 T4,83.2,83.2,2009 T4,2009 T4,trimestrielle,2009,Evolution de l'indice de la Production Industrielle par Branches Regroupées.csv,activites_economiques,"INDUSTRIES DU PAPIER, CARTON ET EDITION, IMPRIMERIE (Divisions 21 & 22)",4.0,,
Evolution de l'indice de la Production Industrielle par Branches Regroupées,,Base 100 2007,2010 T1,114.6,114.6,2010 T1,2010 T1,trimestrielle,2010,Evolution de l'indice de la Production Industrielle par Branches Regroupées.csv,activites_economiques,"INDUSTRIES DU PAPIER, CARTON ET EDITION, IMPRIMERIE (Divisions 21 & 22)",1.0,,
Evolution de l'indice de la Production Industrielle par Branches Regroupées,,Base 100 2007,2010 T2,121.2,121.2,2010 T2,2010 T2,trimestrielle,2010,Evolution de l'indice de la Production Industrielle par Branches Regroupées.csv,activites_economiques,"INDUSTRIES DU PAPIER, CARTON ET EDITION, IMPRIMERIE (Divisions 21 & 22)",2.0,,
Evolution de l'indice de la Production Industrielle par Branches Regroupées,,Base 100 2007,2010 T3,84.5,84.5,2010 T3,2010 T3,trimestrielle,2010,Evolution de l'indice de la Production Industrielle par Branches Regroupées.csv,activites_economiques,"INDUSTRIES DU PAPIER, CARTON ET EDITION, IMPRIMERIE (Divisions 21 & 22)",3.0,,
Evolution de l'indice de la Production Industrielle par Branches Regroupées,,Base 100 2007,2010 T4,124.8,124.8,2010 T4,2010 T4,trimestrielle,2010,Evolution de l'indice de la Production Industrielle par Branches Regroupées.csv,activites_economiques,"INDUSTRIES DU PAPIER, CARTON ET EDITION, IMPRIMERIE (Divisions 21 & 22)",4.0,,
Evolution de l'indice de la Production Industrielle par Branches Regroupées,,Base 100 2007,2011 T1,113.8,113.8,2011 T1,2011 T1,trimestrielle,2011,Evolution de l'indice de la Production Industrielle par Branches Regroupées.csv,activites_economiques,"INDUSTRIES DU PAPIER, CARTON ET EDITION, IMPRIMERIE (Divisions 21 & 22)",1.0,,
Evolution de l'indice de la Production Industrielle par Branches Regroupées,,Base 100 2007,2011 T2,187.7,187.7,2011 T2,2011 T2,trimestrielle,2011,Evolution de l'indice de la Production Industrielle par Branches Regroupées.csv,activites_economiques,"INDUSTRIES DU PAPIER, CARTON ET EDITION, IMPRIMERIE (Divisions 21 & 22)",2.0,,
Evolution de l'indice de la Production Industrielle par Branches Regroupées,,Base 100 2007,2011 T3,165.0,165.0,2011 T3,2011 T3,trimestrielle,2011,Evolution de l'indice de la Production Industrielle par Branches Regroupées.csv,activites_economiques,"INDUSTRIES DU PAPIER, CARTON ET EDITION, IMPRIMERIE (Divisions 21 & 22)",3.0,,
Evolution de l'indice de la Production Industrielle par Branches Regroupées,,Base 100 2007,2011 T4,161.9,161.9,2011 T4,2011 T4,trimestrielle,2011,Evolution de l'indice de la Production Industrielle par Branches Regroupées.csv,activites_economiques,"INDUSTRIES DU PAPIER, CARTON ET EDITION, IMPRIMERIE (Divisions 21 & 22)",4.0,,
Evolution de l'indice de la Production Industrielle par Branches Regroupées,,Base 100 2007,2012 T1,112.4,112.4,2012 T1,2012 T1,trimestrielle,2012,Evolution de l'indice de la Production Industrielle par Branches Regroupées.csv,activites_economiques,"INDUSTRIES DU PAPIER, CARTON ET EDITION, IMPRIMERIE (Divisions 21 & 22)",1.0,,
Evolution de l'indice de la Production Industrielle par Branches Regroupées,,Base 100 2007,2012 T2,111.3,111.3,2012 T2,2012 T2,trimestrielle,2012,Evolution de l'indice de la Production Industrielle par Branches Regroupées.csv,activites_economiques,"INDUSTRIES DU PAPIER, CARTON ET EDITION, IMPRIMERIE (Divisions 21 & 22)",2.0,,
Evolution de l'indice de la Production Industrielle par Branches Regroupées,,Base 100 2007,2012 T3,92.9,92.9,2012 T3,2012 T3,trimestrielle,2012,Evolution de l'indice de la Production Industrielle par Branches Regroupées.csv,activites_economiques,"INDUSTRIES DU PAPIER, CARTON ET EDITION, IMPRIMERIE (Divisions 21 & 22)",3.0,,
Evolution de l'indice de la Production Industrielle par Branches Regroupées,,Base 100 2007,2012 T4,130.5,130.5,2012 T4,2012 T4,trimestrielle,2012,Evolution de l'indice de la Production Industrielle par Branches Regroupées.csv,activites_economiques,"INDUSTRIES DU PAPIER, CARTON ET EDITION, IMPRIMERIE (Divisions 21 & 22)",4.0,,
Evolution de l'indice de la Production Industrielle par Branches Regroupées,,Base 100 2007,2013 T1,179.0,179.0,2013 T1,2013 T1,trimestrielle,2013,Evolution de l'indice de la Production Industrielle par Branches Regroupées.csv,activites_economiques,"INDUSTRIES DU PAPIER, CARTON ET EDITION, IMPRIMERIE (Divisions 21 & 22)",1.0,,
Evolution de l'indice de la Production Industrielle par Branches Regroupées,,Base 100 2007,2013 T2,151.1,151.1,2013 T2,2013 T2,trimestrielle,2013,Evolution de l'indice de la Production Industrielle par Branches Regroupées.csv,activites_economiques,"INDUSTRIES DU PAPIER, CARTON ET EDITION, IMPRIMERIE (Divisions 21 & 22)",2.0,,
Evolution de l'indice de la Production Industrielle par Branches Regroupées,,Base 100 2007,2013 T3,161.4,161.4,2013 T3,2013 T3,trimestrielle,2013,Evolution de l'indice de la Production Industrielle par Branches Regroupées.csv,activites_economiques,"INDUSTRIES DU PAPIER, CARTON ET EDITION, IMPRIMERIE (Divisions 21 & 22)",3.0,,
Evolution de l'indice de la Production Industrielle par Branches Regroupées,,Base 100 2007,2013 T4,163.6,163.6,2013 T4,2013 T4,trimestrielle,2013,Evolution de l'indice de la Production Industrielle par Branches Regroupées.csv,activites_economiques,"INDUSTRIES DU PAPIER, CARTON ET EDITION, IMPRIMERIE (Divisions 21 & 22)",4.0,,
Evolution de l'indice de la Production Industrielle par Branches Regroupées,,Base 100 2007,2014 T1,215.7,215.7,2014 T1,2014 T1,trimestrielle,2014,Evolution de l'indice de la Production Industrielle par Branches Regroupées.csv,activites_economiques,"INDUSTRIES DU PAPIER, CARTON ET EDITION, IMPRIMERIE (Divisions 21 & 22)",1.0,,
Evolution de l'indice de la Production Industrielle par Branches Regroupées,,Base 100 2007,2014 T2,203.8,203.8,2014 T2,2014 T2,trimestrielle,2014,Evolution de l'indice de la Production Industrielle par Branches Regroupées.csv,activites_economiques,"INDUSTRIES DU PAPIER, CARTON ET EDITION, IMPRIMERIE (Divisions 21 & 22)",2.0,,
Evolution de l'indice de la Production Industrielle par Branches Regroupées,,Base 100 2007,2014 T3,180.0,180.0,2014 T3,2014 T3,trimestrielle,2014,Evolution de l'indice de la Production Industrielle par Branches Regroupées.csv,activites_economiques,"INDUSTRIES DU PAPIER, CARTON ET EDITION, IMPRIMERIE (Divisions 21 & 22)",3.0,,
Evolution de l'indice de la Production Industrielle par Branches Regroupées,,Base 100 2007,2014 T4,182.6,182.6,2014 T4,2014 T4,trimestrielle,2014,Evolution de l'indice de la Production Industrielle par Branches Regroupées.csv,activites_economiques,"INDUSTRIES DU PAPIER, CARTON ET EDITION, IMPRIMERIE (Divisions 21 & 22)",4.0,,
Evolution de l'indice de la Production Industrielle par Branches Regroupées,,Base 100 2007,2015 T1,238.3,238.3,2015 T1,2015 T1,trimestrielle,2015,Evolution de l'indice de la Production Industrielle par Branches Regroupées.csv,activites_economiques,"INDUSTRIES DU PAPIER, CARTON ET EDITION, IMPRIMERIE (Divisions 21 & 22)",1.0,,
Evolution de l'indice de la Production Industrielle par Branches Regroupées,,Base 100 2007,2015 T2,173.1,173.1,2015 T2,2015 T2,trimestrielle,2015,Evolution de l'indice de la Production Industrielle par Branches Regroupées.csv,activites_economiques,"INDUSTRIES DU PAPIER, CARTON ET EDITION, IMPRIMERIE (Divisions 21 & 22)",2.0,,
Evolution de l'indice de la Production Industrielle par Branches Regroupées,,Base 100 2007,2015 T3,166.4,166.4,2015 T3,2015 T3,trimestrielle,2015,Evolution de l'indice de la Production Industrielle par Branches Regroupées.csv,activites_economiques,"INDUSTRIES DU PAPIER, CARTON ET EDITION, IMPRIMERIE (Divisions 21 & 22)",3.0,,
Evolution de l'indice de la Production Industrielle par Branches Regroupées,,Base 100 2007,2015 T4,174.7,174.7,2015 T4,2015 T4,trimestrielle,2015,Evolution de l'indice de la Production Industrielle par Branches Regroupées.csv,activites_economiques,"INDUSTRIES DU PAPIER, CARTON ET EDITION, IMPRIMERIE (Divisions 21 & 22)",4.0,,
Evolution de l'indice de la Production Industrielle par Branches Regroupées,,Base 100 2007,2016 T1,158.7,158.7,2016 T1,2016 T1,trimestrielle,2016,Evolution de l'indice de la Production Industrielle par Branches Regroupées.csv,activites_economiques,"INDUSTRIES DU PAPIER, CARTON ET EDITION, IMPRIMERIE (Divisions 21 & 22)",1.0,,
Evolution de l'indice de la Production Industrielle par Branches Regroupées,,Base 100 2007,2016 T2,216.3,216.3,2016 T2,2016 T2,trimestrielle,2016,Evolution de l'indice de la Production Industrielle par Branches Regroupées.csv,activites_economiques,"INDUSTRIES DU PAPIER, CARTON ET EDITION, IMPRIMERIE (Divisions 21 & 22)",2.0,,
Evolution de l'indice de la Production Industrielle par Branches Regroupées,,Base 100 2007,2016 T3,214.3,214.3,2016 T3,2016 T3,trimestrielle,2016,Evolution de l'indice de la Production Industrielle par Branches Regroupées.csv,activites_economiques,"INDUSTRIES DU PAPIER, CARTON ET EDITION, IMPRIMERIE (Divisions 21 & 22)",3.0,,
Evolution de l'indice de la Production Industrielle par Branches Regroupées,,Base 100 2007,2016 T4,215.3,215.3,2016 T4,2016 T4,trimestrielle,2016,Evolution de l'indice de la Production Industrielle par Branches Regroupées.csv,activites_economiques,"INDUSTRIES DU PAPIER, CARTON ET EDITION, IMPRIMERIE (Divisions 21 & 22)",4.0,,
Evolution de l'indice de la Production Industrielle par Branches Regroupées,,Base 100 2007,2017 T1,193.3,193.3,2017 T1,2017 T1,trimestrielle,2017,Evolution de l'indice de la Production Industrielle par Branches Regroupées.csv,activites_economiques,"INDUSTRIES DU PAPIER, CARTON ET EDITION, IMPRIMERIE (Divisions 21 & 22)",1.0,,
Evolution de l'indice de la Production Industrielle par Branches Regroupées,,Base 100 2007,2017 T2,212.4,212.4,2017 T2,2017 T2,trimestrielle,2017,Evolution de l'indice de la Production Industrielle par Branches Regroupées.csv,activites_economiques,"INDUSTRIES DU PAPIER, CARTON ET EDITION, IMPRIMERIE (Divisions 21 & 22)",2.0,,
Evolution de l'indice de la Production Industrielle par Branches Regroupées,,Base 100 2007,2017 T3,209.6,209.6,2017 T3,2017 T3,trimestrielle,2017,Evolution de l'indice de la Production Industrielle par Branches Regroupées.csv,activites_economiques,"INDUSTRIES DU PAPIER, CARTON ET EDITION, IMPRIMERIE (Divisions 21 & 22)",3.0,,
Evolution de l'indice de la Production Industrielle par Branches Regroupées,,Base 100 2007,2017 T4,168.9,168.9,2017 T4,2017 T4,trimestrielle,2017,Evolution de l'indice de la Production Industrielle par Branches Regroupées.csv,activites_economiques,"INDUSTRIES DU PAPIER, CARTON ET EDITION, IMPRIMERIE (Divisions 21 & 22)",4.0,,
Evolution de l'indice de la Production Industrielle par Branches Regroupées,,Base 100 2007,2018 T1,204.9,204.9,2018 T1,2018 T1,trimestrielle,2018,Evolution de l'indice de la Production Industrielle par Branches Regroupées.csv,activites_economiques,"INDUSTRIES DU PAPIER, CARTON ET EDITION, IMPRIMERIE (Divisions 21 & 22)",1.0,,
Evolution de l'indice de la Production Industrielle par Branches Regroupées,,Base 100 2007,2018 T2,212.1,212.1,2018 T2,2018 T2,trimestrielle,2018,Evolution de l'indice de la Production Industrielle par Branches Regroupées.csv,activites_economiques,"INDUSTRIES DU PAPIER, CARTON ET EDITION, IMPRIMERIE (Divisions 21 & 22)",2.0,,
Evolution de l'indice de la Production Industrielle par Branches Regroupées,,Base 100 2007,2018 T3,128.7,128.7,2018 T3,2018 T3,trimestrielle,2018,Evolution de l'indice de la Production Industrielle par Branches Regroupées.csv,activites_economiques,"INDUSTRIES DU PAPIER, CARTON ET EDITION, IMPRIMERIE (Divisions 21 & 22)",3.0,,
Evolution de l'indice de la Production Industrielle par Branches Regroupées,,Base 100 2007,2018 T4,192.7,192.7,2018 T4,2018 T4,trimestrielle,2018,Evolution de l'indice de la Production Industrielle par Branches Regroupées.csv,activites_economiques,"INDUSTRIES DU PAPIER, CARTON ET EDITION, IMPRIMERIE (Divisions 21 & 22)",4.0,,
Evolution de l'indice de la Production Industrielle par Branches Regroupées,,Base 100 2007,2019 T1,210.5,210.5,2019 T1,2019 T1,trimestrielle,2019,Evolution de l'indice de la Production Industrielle par Branches Regroupées.csv,activites_economiques,"INDUSTRIES DU PAPIER, CARTON ET EDITION, IMPRIMERIE (Divisions 21 & 22)",1.0,,
Evolution de l'indice de la Production Industrielle par Branches Regroupées,,Base 100 2007,2019 T2,124.4,124.4,2019 T2,2019 T2,trimestrielle,2019,Evolution de l'indice de la Production Industrielle par Branches Regroupées.csv,activites_economiques,"INDUSTRIES DU PAPIER, CARTON ET EDITION, IMPRIMERIE (Divisions 21 & 22)",2.0,,
Evolution de l'indice de la Production Industrielle par Branches Regroupées,,Base 100 2007,2019 T3,136.3,136.3,2019 T3,2019 T3,trimestrielle,2019,Evolution de l'indice de la Production Industrielle par Branches Regroupées.csv,activites_economiques,"INDUSTRIES DU PAPIER, CARTON ET EDITION, IMPRIMERIE (Divisions 21 & 22)",3.0,,
Evolution de l'indice de la Production Industrielle par Branches Regroupées,,Base 100 2007,2019 T4,222.184879,222.184879,2019 T4,2019 T4,trimestrielle,2019,Evolution de l'indice de la Production Industrielle par Branches Regroupées.csv,activites_economiques,"INDUSTRIES DU PAPIER, CARTON ET EDITION, IMPRIMERIE (Divisions 21 & 22)",4.0,,
Evolution de l'indice de la Production Industrielle par Branches Regroupées,,Base 100 2007,2020 T1,214.4,214.4,2020 T1,2020 T1,trimestrielle,2020,Evolution de l'indice de la Production Industrielle par Branches Regroupées.csv,activites_economiques,"INDUSTRIES DU PAPIER, CARTON ET EDITION, IMPRIMERIE (Divisions 21 & 22)",1.0,,
Evolution de l'indice de la Production Industrielle par Branches Regroupées,,Base 100 2007,2020 T2,214.1,214.1,2020 T2,2020 T2,trimestrielle,2020,Evolution de l'indice de la Production Industrielle par Branches Regroupées.csv,activites_economiques,"INDUSTRIES DU PAPIER, CARTON ET EDITION, IMPRIMERIE (Divisions 21 & 22)",2.0,,
Evolution de l'indice de la Production Industrielle par Branches Regroupées,,Base 100 2007,2020 T3,202.5,202.5,2020 T3,2020 T3,trimestrielle,2020,Evolution de l'indice de la Production Industrielle par Branches Regroupées.csv,activites_economiques,"INDUSTRIES DU PAPIER, CARTON ET EDITION, IMPRIMERIE (Divisions 21 & 22)",3.0,,
Evolution de l'indice de la Production Industrielle par Branches Regroupées,,Base 100 2007,2020 T4,196.2,196.2,2020 T4,2020 T4,trimestrielle,2020,Evolution de l'indice de la Production Industrielle par Branches Regroupées.csv,activites_economiques,"INDUSTRIES DU PAPIER, CARTON ET EDITION, IMPRIMERIE (Divisions 21 & 22)",4.0,,
Evolution de l'indice de la Production Industrielle par Branches Regroupées,,Base 100 2007,2007 T1,75.8,75.8,2007 T1,2007 T1,trimestrielle,2007,Evolution de l'indice de la Production Industrielle par Branches Regroupées.csv,activites_economiques,"INDUSTRIES PETROLIERES, CHIMIQUES ET CAOUTCHOUC, PLASTIQUES (Divisions 23 à 25)",1.0,,
Evolution de l'indice de la Production Industrielle par Branches Regroupées,,Base 100 2007,2007 T2,131.0,131.0,2007 T2,2007 T2,trimestrielle,2007,Evolution de l'indice de la Production Industrielle par Branches Regroupées.csv,activites_economiques,"INDUSTRIES PETROLIERES, CHIMIQUES ET CAOUTCHOUC, PLASTIQUES (Divisions 23 à 25)",2.0,,
Evolution de l'indice de la Production Industrielle par Branches Regroupées,,Base 100 2007,2007 T3,110.1,110.1,2007 T3,2007 T3,trimestrielle,2007,Evolution de l'indice de la Production Industrielle par Branches Regroupées.csv,activites_economiques,"INDUSTRIES PETROLIERES, CHIMIQUES ET CAOUTCHOUC, PLASTIQUES (Divisions 23 à 25)",3.0,,
Evolution de l'indice de la Production Industrielle par Branches Regroupées,,Base 100 2007,2007 T4,83.1,83.1,2007 T4,2007 T4,trimestrielle,2007,Evolution de l'indice de la Production Industrielle par Branches Regroupées.csv,activites_economiques,"INDUSTRIES PETROLIERES, CHIMIQUES ET CAOUTCHOUC, PLASTIQUES (Divisions 23 à 25)",4.0,,
Evolution de l'indice de la Production Industrielle par Branches Regroupées,,Base 100 2007,2008 T1,57.6,57.6,2008 T1,2008 T1,trimestrielle,2008,Evolution de l'indice de la Production Industrielle par Branches Regroupées.csv,activites_economiques,"INDUSTRIES PETROLIERES, CHIMIQUES ET CAOUTCHOUC, PLASTIQUES (Divisions 23 à 25)",1.0,,
Evolution de l'indice de la Production Industrielle par Branches Regroupées,,Base 100 2007,2008 T2,92.0,92.0,2008 T2,2008 T2,trimestrielle,2008,Evolution de l'indice de la Production Industrielle par Branches Regroupées.csv,activites_economiques,"INDUSTRIES PETROLIERES, CHIMIQUES ET CAOUTCHOUC, PLASTIQUES (Divisions 23 à 25)",2.0,,
Evolution de l'indice de la Production Industrielle par Branches Regroupées,,Base 100 2007,2008 T3,73.3,73.3,2008 T3,2008 T3,trimestrielle,2008,Evolution de l'indice de la Production Industrielle par Branches Regroupées.csv,activites_economiques,"INDUSTRIES PETROLIERES, CHIMIQUES ET CAOUTCHOUC, PLASTIQUES (Divisions 23 à 25)",3.0,,
Evolution de l'indice de la Production Industrielle par Branches Regroupées,,Base 100 2007,2008 T4,62.3,62.3,2008 T4,2008 T4,trimestrielle,2008,Evolution de l'indice de la Production Industrielle par Branches Regroupées.csv,activites_economiques,"INDUSTRIES PETROLIERES, CHIMIQUES ET CAOUTCHOUC, PLASTIQUES (Divisions 23 à 25)",4.0,,
Evolution de l'indice de la Production Industrielle par Branches Regroupées,,Base 100 2007,2009 T1,76.7,76.7,2009 T1,2009 T1,trimestrielle,2009,Evolution de l'indice de la Production Industrielle par Branches Regroupées.csv,activites_economiques,"INDUSTRIES PETROLIERES, CHIMIQUES ET CAOUTCHOUC, PLASTIQUES (Divisions 23 à 25)",1.0,,
Evolution de l'indice de la Production Industrielle par Branches Regroupées,,Base 100 2007,2009 T2,52.0,52.0,2009 T2,2009 T2,trimestrielle,2009,Evolution de l'indice de la Production Industrielle par Branches Regroupées.csv,activites_economiques,"INDUSTRIES PETROLIERES, CHIMIQUES ET CAOUTCHOUC, PLASTIQUES (Divisions 23 à 25)",2.0,,
Evolution de l'indice de la Production Industrielle par Branches Regroupées,,Base 100 2007,2009 T3,49.6,49.6,2009 T3,2009 T3,trimestrielle,2009,Evolution de l'indice de la Production Industrielle par Branches Regroupées.csv,activites_economiques,"INDUSTRIES PETROLIERES, CHIMIQUES ET CAOUTCHOUC, PLASTIQUES (Divisions 23 à 25)",3.0,,
Evolution de l'indice de la Production Industrielle par Branches Regroupées,,Base 100 2007,2009 T4,90.0,90.0,2009 T4,2009 T4,trimestrielle,2009,Evolution de l'indice de la Production Industrielle par Branches Regroupées.csv,activites_economiques,"INDUSTRIES PETROLIERES, CHIMIQUES ET CAOUTCHOUC, PLASTIQUES (Divisions 23 à 25)",4.0,,
Evolution de l'indice de la Production Industrielle par Branches Regroupées,,Base 100 2007,2010 T1,88.3,88.3,2010 T1,2010 T1,trimestrielle,2010,Evolution de l'indice de la Production Industrielle par Branches Regroupées.csv,activites_economiques,"INDUSTRIES PETROLIERES, CHIMIQUES ET CAOUTCHOUC, PLASTIQUES (Divisions 23 à 25)",1.0,,
Evolution de l'indice de la Production Industrielle par Branches Regroupées,,Base 100 2007,2010 T2,73.0,73.0,2010 T2,2010 T2,trimestrielle,2010,Evolution de l'indice de la Production Industrielle par Branches Regroupées.csv,activites_economiques,"INDUSTRIES PETROLIERES, CHIMIQUES ET CAOUTCHOUC, PLASTIQUES (Divisions 23 à 25)",2.0,,
Evolution de l'indice de la Production Industrielle par Branches Regroupées,,Base 100 2007,2010 T3,68.7,68.7,2010 T3,2010 T3,trimestrielle,2010,Evolution de l'indice de la Production Industrielle par Branches Regroupées.csv,activites_economiques,"INDUSTRIES PETROLIERES, CHIMIQUES ET CAOUTCHOUC, PLASTIQUES (Divisions 23 à 25)",3.0,,
Evolution de l'indice de la Production Industrielle par Branches Regroupées,,Base 100 2007,2010 T4,66.0,66.0,2010 T4,2010 T4,trimestrielle,2010,Evolution de l'indice de la Production Industrielle par Branches Regroupées.csv,activites_economiques,"INDUSTRIES PETROLIERES, CHIMIQUES ET CAOUTCHOUC, PLASTIQUES (Divisions 23 à 25)",4.0,,
Evolution de l'indice de la Production Industrielle par Branches Regroupées,,Base 100 2007,2011 T1,67.2,67.2,2011 T1,2011 T1,trimestrielle,2011,Evolution de l'indice de la Production Industrielle par Branches Regroupées.csv,activites_economiques,"INDUSTRIES PETROLIERES, CHIMIQUES ET CAOUTCHOUC, PLASTIQUES (Divisions 23 à 25)",1.0,,
Evolution de l'indice de la Production Industrielle par Branches Regroupées,,Base 100 2007,2011 T2,72.4,72.4,2011 T2,2011 T2,trimestrielle,2011,Evolution de l'indice de la Production Industrielle par Branches Regroupées.csv,activites_economiques,"INDUSTRIES PETROLIERES, CHIMIQUES ET CAOUTCHOUC, PLASTIQUES (Divisions 23 à 25)",2.0,,
Evolution de l'indice de la Production Industrielle par Branches Regroupées,,Base 100 2007,2011 T3,66.3,66.3,2011 T3,2011 T3,trimestrielle,2011,Evolution de l'indice de la Production Industrielle par Branches Regroupées.csv,activites_economiques,"INDUSTRIES PETROLIERES, CHIMIQUES ET CAOUTCHOUC, PLASTIQUES (Divisions 23 à 25)",3.0,,
Evolution de l'indice de la Production Industrielle par Branches Regroupées,,Base 100 2007,2011 T4,74.1,74.1,2011 T4,2011 T4,trimestrielle,2011,Evolution de l'indice de la Production Industrielle par Branches Regroupées.csv,activites_economiques,"INDUSTRIES PETROLIERES, CHIMIQUES ET CAOUTCHOUC, PLASTIQUES (Divisions 23 à 25)",4.0,,
Evolution de l'indice de la Production Industrielle par Branches Regroupées,,Base 100 2007,2012 T1,66.9,66.9,2012 T1,2012 T1,trimestrielle,2012,Evolution de l'indice de la Production Industrielle par Branches Regroupées.csv,activites_economiques,"INDUSTRIES PETROLIERES, CHIMIQUES ET CAOUTCHOUC, PLASTIQUES (Divisions 23 à 25)",1.0,,
Evolution de l'indice de la Production Industrielle par Branches Regroupées,,Base 100 2007,2012 T2,79.7,79.7,2012 T2,2012 T2,trimestrielle,2012,Evolution de l'indice de la Production Industrielle par Branches Regroupées.csv,activites_economiques,"INDUSTRIES PETROLIERES, CHIMIQUES ET CAOUTCHOUC, PLASTIQUES (Divisions 23 à 25)",2.0,,
Evolution de l'indice de la Production Industrielle par Branches Regroupées,,Base 100 2007,2012 T3,61.4,61.4,2012 T3,2012 T3,trimestrielle,2012,Evolution de l'indice de la Production Industrielle par Branches Regroupées.csv,activites_economiques,"INDUSTRIES PETROLIERES, CHIMIQUES ET CAOUTCHOUC, PLASTIQUES (Divisions 23 à 25)",3.0,,
Evolution de l'indice de la Production Industrielle par Branches Regroupées,,Base 100 2007,2012 T4,77.1,77.1,2012 T4,2012 T4,trimestrielle,2012,Evolution de l'indice de la Production Industrielle par Branches Regroupées.csv,activites_economiques,"INDUSTRIES PETROLIERES, CHIMIQUES ET CAOUTCHOUC, PLASTIQUES (Divisions 23 à 25)",4.0,,
Evolution de l'indice de la Production Industrielle par Branches Regroupées,,Base 100 2007,2013 T1,80.5,80.5,2013 T1,2013 T1,trimestrielle,2013,Evolution de l'indice de la Production Industrielle par Branches Regroupées.csv,activites_economiques,"INDUSTRIES PETROLIERES, CHIMIQUES ET CAOUTCHOUC, PLASTIQUES (Divisions 23 à 25)",1.0,,
Evolution de l'indice de la Production Industrielle par Branches Regroupées,,Base 100 2007,2013 T2,76.6,76.6,2013 T2,2013 T2,trimestrielle,2013,Evolution de l'indice de la Production Industrielle par Branches Regroupées.csv,activites_economiques,"INDUSTRIES PETROLIERES, CHIMIQUES ET CAOUTCHOUC, PLASTIQUES (Divisions 23 à 25)",2.0,,
Evolution de l'indice de la Production Industrielle par Branches Regroupées,,Base 100 2007,2013 T3,72.9,72.9,2013 T3,2013 T3,trimestrielle,2013,Evolution de l'indice de la Production Industrielle par Branches Regroupées.csv,activites_economiques,"INDUSTRIES PETROLIERES, CHIMIQUES ET CAOUTCHOUC, PLASTIQUES (Divisions 23 à 25)",3.0,,
Evolution de l'indice de la Production Industrielle par Branches Regroupées,,Base 100 2007,2013 T4,58.0,58.0,2013 T4,2013 T4,trimestrielle,2013,Evolution de l'indice de la Production Industrielle par Branches Regroupées.csv,activites_economiques,"INDUSTRIES PETROLIERES, CHIMIQUES ET CAOUTCHOUC, PLASTIQUES (Divisions 23 à 25)",4.0,,
Evolution de l'indice de la Production Industrielle par Branches Regroupées,,Base 100 2007,2014 T1,76.6,76.6,2014 T1,2014 T1,trimestrielle,2014,Evolution de l'indice de la Production Industrielle par Branches Regroupées.csv,activites_economiques,"INDUSTRIES PETROLIERES, CHIMIQUES ET CAOUTCHOUC, PLASTIQUES (Divisions 23 à 25)",1.0,,
Evolution de l'indice de la Production Industrielle par Branches Regroupées,,Base 100 2007,2014 T2,77.3,77.3,2014 T2,2014 T2,trimestrielle,2014,Evolution de l'indice de la Production Industrielle par Branches Regroupées.csv,activites_economiques,"INDUSTRIES PETROLIERES, CHIMIQUES ET CAOUTCHOUC, PLASTIQUES (Divisions 23 à 25)",2.0,,
Evolution de l'indice de la Production Industrielle par Branches Regroupées,,Base 100 2007,2014 T3,73.8,73.8,2014 T3,2014 T3,trimestrielle,2014,Evolution de l'indice de la Production Industrielle par Branches Regroupées.csv,activites_economiques,"INDUSTRIES PETROLIERES, CHIMIQUES ET CAOUTCHOUC, PLASTIQUES (Divisions 23 à 25)",3.0,,
Evolution de l'indice de la Production Industrielle par Branches Regroupées,,Base 100 2007,2014 T4,63.2,63.2,2014 T4,2014 T4,trimestrielle,2014,Evolution de l'indice de la Production Industrielle par Branches Regroupées.csv,activites_economiques,"INDUSTRIES PETROLIERES, CHIMIQUES ET CAOUTCHOUC, PLASTIQUES (Divisions 23 à 25)",4.0,,
Evolution de l'indice de la Production Industrielle par Branches Regroupées,,Base 100 2007,2015 T1,77.0,77.0,2015 T1,2015 T1,trimestrielle,2015,Evolution de l'indice de la Production Industrielle par Branches Regroupées.csv,activites_economiques,"INDUSTRIES PETROLIERES, CHIMIQUES ET CAOUTCHOUC, PLASTIQUES (Divisions 23 à 25)",1.0,,
Evolution de l'indice de la Production Industrielle par Branches Regroupées,,Base 100 2007,2015 T2,79.5,79.5,2015 T2,2015 T2,trimestrielle,2015,Evolution de l'indice de la Production Industrielle par Branches Regroupées.csv,activites_economiques,"INDUSTRIES PETROLIERES, CHIMIQUES ET CAOUTCHOUC, PLASTIQUES (Divisions 23 à 25)",2.0,,
Evolution de l'indice de la Production Industrielle par Branches Regroupées,,Base 100 2007,2015 T3,77.5,77.5,2015 T3,2015 T3,trimestrielle,2015,Evolution de l'indice de la Production Industrielle par Branches Regroupées.csv,activites_economiques,"INDUSTRIES PETROLIERES, CHIMIQUES ET CAOUTCHOUC, PLASTIQUES (Divisions 23 à 25)",3.0,,
Evolution de l'indice de la Production Industrielle par Branches Regroupées,,Base 100 2007,2015 T4,61.0,61.0,2015 T4,2015 T4,trimestrielle,2015,Evolution de l'indice de la Production Industrielle par Branches Regroupées.csv,activites_economiques,"INDUSTRIES PETROLIERES, CHIMIQUES ET CAOUTCHOUC, PLASTIQUES (Divisions 23 à 25)",4.0,,
Evolution de l'indice de la Production Industrielle par Branches Regroupées,,Base 100 2007,2016 T1,62.3,62.3,2016 T1,2016 T1,trimestrielle,2016,Evolution de l'indice de la Production Industrielle par Branches Regroupées.csv,activites_economiques,"INDUSTRIES PETROLIERES, CHIMIQUES ET CAOUTCHOUC, PLASTIQUES (Divisions 23 à 25)",1.0,,
Evolution de l'indice de la Production Industrielle par Branches Regroupées,,Base 100 2007,2016 T2,77.7,77.7,2016 T2,2016 T2,trimestrielle,2016,Evolution de l'indice de la Production Industrielle par Branches Regroupées.csv,activites_economiques,"INDUSTRIES PETROLIERES, CHIMIQUES ET CAOUTCHOUC, PLASTIQUES (Divisions 23 à 25)",2.0,,
Evolution de l'indice de la Production Industrielle par Branches Regroupées,,Base 100 2007,2016 T3,76.5,76.5,2016 T3,2016 T3,trimestrielle,2016,Evolution de l'indice de la Production Industrielle par Branches Regroupées.csv,activites_economiques,"INDUSTRIES PETROLIERES, CHIMIQUES ET CAOUTCHOUC, PLASTIQUES (Divisions 23 à 25)",3.0,,
Evolution de l'indice de la Production Industrielle par Branches Regroupées,,Base 100 2007,2016 T4,71.9,71.9,2016 T4,2016 T4,trimestrielle,2016,Evolution de l'indice de la Production Industrielle par Branches Regroupées.csv,activites_economiques,"INDUSTRIES PETROLIERES, CHIMIQUES ET CAOUTCHOUC, PLASTIQUES (Divisions 23 à 25)",4.0,,
Evolution de l'indice de la Production Industrielle par Branches Regroupées,,Base 100 2007,2017 T1,81.4,81.4,2017 T1,2017 T1,trimestrielle,2017,Evolution de l'indice de la Production Industrielle par Branches Regroupées.csv,activites_economiques,"INDUSTRIES PETROLIERES, CHIMIQUES ET CAOUTCHOUC, PLASTIQUES (Divisions 23 à 25)",1.0,,
Evolution de l'indice de la Production Industrielle par Branches Regroupées,,Base 100 2007,2017 T2,68.9,68.9,2017 T2,2017 T2,trimestrielle,2017,Evolution de l'indice de la Production Industrielle par Branches Regroupées.csv,activites_economiques,"INDUSTRIES PETROLIERES, CHIMIQUES ET CAOUTCHOUC, PLASTIQUES (Divisions 23 à 25)",2.0,,
Evolution de l'indice de la Production Industrielle par Branches Regroupées,,Base 100 2007,2017 T3,108.7,108.7,2017 T3,2017 T3,trimestrielle,2017,Evolution de l'indice de la Production Industrielle par Branches Regroupées.csv,activites_economiques,"INDUSTRIES PETROLIERES, CHIMIQUES ET CAOUTCHOUC, PLASTIQUES (Divisions 23 à 25)",3.0,,
Evolution de l'indice de la Production Industrielle par Branches Regroupées,,Base 100 2007,2017 T4,79.0,79.0,2017 T4,2017 T4,trimestrielle,2017,Evolution de l'indice de la Production Industrielle par Branches Regroupées.csv,activites_economiques,"INDUSTRIES PETROLIERES, CHIMIQUES ET CAOUTCHOUC, PLASTIQUES (Divisions 23 à 25)",4.0,,
Evolution de l'indice de la Production Industrielle par Branches Regroupées,,Base 100 2007,2018 T1,75.9,75.9,2018 T1,2018 T1,trimestrielle,2018,Evolution de l'indice de la Production Industrielle par Branches Regroupées.csv,activites_economiques,"INDUSTRIES PETROLIERES, CHIMIQUES ET CAOUTCHOUC, PLASTIQUES (Divisions 23 à 25)",1.0,,
Evolution de l'indice de la Production Industrielle par Branches Regroupées,,Base 100 2007,2018 T2,77.7,77.7,2018 T2,2018 T2,trimestrielle,2018,Evolution de l'indice de la Production Industrielle par Branches Regroupées.csv,activites_economiques,"INDUSTRIES PETROLIERES, CHIMIQUES ET CAOUTCHOUC, PLASTIQUES (Divisions 23 à 25)",2.0,,
Evolution de l'indice de la Production Industrielle par Branches Regroupées,,Base 100 2007,2018 T3,42.3,42.3,2018 T3,2018 T3,trimestrielle,2018,Evolution de l'indice de la Production Industrielle par Branches Regroupées.csv,activites_economiques,"INDUSTRIES PETROLIERES, CHIMIQUES ET CAOUTCHOUC, PLASTIQUES (Divisions 23 à 25)",3.0,,
Evolution de l'indice de la Production Industrielle par Branches Regroupées,,Base 100 2007,2018 T4,60.6,60.6,2018 T4,2018 T4,trimestrielle,2018,Evolution de l'indice de la Production Industrielle par Branches Regroupées.csv,activites_economiques,"INDUSTRIES PETROLIERES, CHIMIQUES ET CAOUTCHOUC, PLASTIQUES (Divisions 23 à 25)",4.0,,
Evolution de l'indice de la Production Industrielle par Branches Regroupées,,Base 100 2007,2019 T1,77.7,77.7,2019 T1,2019 T1,trimestrielle,2019,Evolution de l'indice de la Production Industrielle par Branches Regroupées.csv,activites_economiques,"INDUSTRIES PETROLIERES, CHIMIQUES ET CAOUTCHOUC, PLASTIQUES (Divisions 23 à 25)",1.0,,
Evolution de l'indice de la Production Industrielle par Branches Regroupées,,Base 100 2007,2019 T2,73.6,73.6,2019 T2,2019 T2,trimestrielle,2019,Evolution de l'indice de la Production Industrielle par Branches Regroupées.csv,activites_economiques,"INDUSTRIES PETROLIERES, CHIMIQUES ET CAOUTCHOUC, PLASTIQUES (Divisions 23 à 25)",2.0,,
Evolution de l'indice de la Production Industrielle par Branches Regroupées,,Base 100 2007,2019 T3,40.7,40.7,2019 T3,2019 T3,trimestrielle,2019,Evolution de l'indice de la Production Industrielle par Branches Regroupées.csv,activites_economiques,"INDUSTRIES PETROLIERES, CHIMIQUES ET CAOUTCHOUC, PLASTIQUES (Divisions 23 à 25)",3.0,,
Evolution de l'indice de la Production Industrielle par Branches Regroupées,,Base 100 2007,2019 T4,75.806812,75.806812,2019 T4,2019 T4,trimestrielle,2019,Evolution de l'indice de la Production Industrielle par Branches Regroupées.csv,activites_economiques,"INDUSTRIES PETROLIERES, CHIMIQUES ET CAOUTCHOUC, PLASTIQUES (Divisions 23 à 25)",4.0,,
Evolution de l'indice de la Production Industrielle par Branches Regroupées,,Base 100 2007,2020 T1,87.8,87.8,2020 T1,2020 T1,trimestrielle,2020,Evolution de l'indice de la Production Industrielle par Branches Regroupées.csv,activites_economiques,"INDUSTRIES PETROLIERES, CHIMIQUES ET CAOUTCHOUC, PLASTIQUES (Divisions 23 à 25)",1.0,,
Evolution de l'indice de la Production Industrielle par Branches Regroupées,,Base 100 2007,2020 T2,88.3,88.3,2020 T2,2020 T2,trimestrielle,2020,Evolution de l'indice de la Production Industrielle par Branches Regroupées.csv,activites_economiques,"INDUSTRIES PETROLIERES, CHIMIQUES ET CAOUTCHOUC, PLASTIQUES (Divisions 23 à 25)",2.0,,
Evolution de l'indice de la Production Industrielle par Branches Regroupées,,Base 100 2007,2020 T3,100.2,100.2,2020 T3,2020 T3,trimestrielle,2020,Evolution de l'indice de la Production Industrielle par Branches Regroupées.csv,activites_economiques,"INDUSTRIES PETROLIERES, CHIMIQUES ET CAOUTCHOUC, PLASTIQUES (Divisions 23 à 25)",3.0,,
Evolution de l'indice de la Production Industrielle par Branches Regroupées,,Base 100 2007,2020 T4,76.4,76.4,2020 T4,2020 T4,trimestrielle,2020,Evolution de l'indice de la Production Industrielle par Branches Regroupées.csv,activites_economiques,"INDUSTRIES PETROLIERES, CHIMIQUES ET CAOUTCHOUC, PLASTIQUES (Divisions 23 à 25)",4.0,,
Evolution de l'indice de la Production Industrielle par Branches Regroupées,,Base 100 2007,2007 T1,86.5,86.5,2007 T1,2007 T1,trimestrielle,2007,Evolution de l'indice de la Production Industrielle par Branches Regroupées.csv,activites_economiques,"INDUSTRIES DU VERRE, DE LA CERAMIQUE ET DES MATERIAUX DE CONSTRUCTION (Division 26)",1.0,,
Evolution de l'indice de la Production Industrielle par Branches Regroupées,,Base 100 2007,2007 T2,107.1,107.1,2007 T2,2007 T2,trimestrielle,2007,Evolution de l'indice de la Production Industrielle par Branches Regroupées.csv,activites_economiques,"INDUSTRIES DU VERRE, DE LA CERAMIQUE ET DES MATERIAUX DE CONSTRUCTION (Division 26)",2.0,,
Evolution de l'indice de la Production Industrielle par Branches Regroupées,,Base 100 2007,2007 T3,94.6,94.6,2007 T3,2007 T3,trimestrielle,2007,Evolution de l'indice de la Production Industrielle par Branches Regroupées.csv,activites_economiques,"INDUSTRIES DU VERRE, DE LA CERAMIQUE ET DES MATERIAUX DE CONSTRUCTION (Division 26)",3.0,,
Evolution de l'indice de la Production Industrielle par Branches Regroupées,,Base 100 2007,2007 T4,111.8,111.8,2007 T4,2007 T4,trimestrielle,2007,Evolution de l'indice de la Production Industrielle par Branches Regroupées.csv,activites_economiques,"INDUSTRIES DU VERRE, DE LA CERAMIQUE ET DES MATERIAUX DE CONSTRUCTION (Division 26)",4.0,,
Evolution de l'indice de la Production Industrielle par Branches Regroupées,,Base 100 2007,2008 T1,348.9,348.9,2008 T1,2008 T1,trimestrielle,2008,Evolution de l'indice de la Production Industrielle par Branches Regroupées.csv,activites_economiques,"INDUSTRIES DU VERRE, DE LA CERAMIQUE ET DES MATERIAUX DE CONSTRUCTION (Division 26)",1.0,,
Evolution de l'indice de la Production Industrielle par Branches Regroupées,,Base 100 2007,2008 T2,467.2,467.2,2008 T2,2008 T2,trimestrielle,2008,Evolution de l'indice de la Production Industrielle par Branches Regroupées.csv,activites_economiques,"INDUSTRIES DU VERRE, DE LA CERAMIQUE ET DES MATERIAUX DE CONSTRUCTION (Division 26)",2.0,,
Evolution de l'indice de la Production Industrielle par Branches Regroupées,,Base 100 2007,2008 T3,140.6,140.6,2008 T3,2008 T3,trimestrielle,2008,Evolution de l'indice de la Production Industrielle par Branches Regroupées.csv,activites_economiques,"INDUSTRIES DU VERRE, DE LA CERAMIQUE ET DES MATERIAUX DE CONSTRUCTION (Division 26)",3.0,,
Evolution de l'indice de la Production Industrielle par Branches Regroupées,,Base 100 2007,2008 T4,122.7,122.7,2008 T4,2008 T4,trimestrielle,2008,Evolution de l'indice de la Production Industrielle par Branches Regroupées.csv,activites_economiques,"INDUSTRIES DU VERRE, DE LA CERAMIQUE ET DES MATERIAUX DE CONSTRUCTION (Division 26)",4.0,,
Evolution de l'indice de la Production Industrielle par Branches Regroupées,,Base 100 2007,2009 T1,132.2,132.2,2009 T1,2009 T1,trimestrielle,2009,Evolution de l'indice de la Production Industrielle par Branches Regroupées.csv,activites_economiques,"INDUSTRIES DU VERRE, DE LA CERAMIQUE ET DES MATERIAUX DE CONSTRUCTION (Division 26)",1.0,,
Evolution de l'indice de la Production Industrielle par Branches Regroupées,,Base 100 2007,2009 T2,128.1,128.1,2009 T2,2009 T2,trimestrielle,2009,Evolution de l'indice de la Production Industrielle par Branches Regroupées.csv,activites_economiques,"INDUSTRIES DU VERRE, DE LA CERAMIQUE ET DES MATERIAUX DE CONSTRUCTION (Division 26)",2.0,,
Evolution de l'indice de la Production Industrielle par Branches Regroupées,,Base 100 2007,2009 T3,101.3,101.3,2009 T3,2009 T3,trimestrielle,2009,Evolution de l'indice de la Production Industrielle par Branches Regroupées.csv,activites_economiques,"INDUSTRIES DU VERRE, DE LA CERAMIQUE ET DES MATERIAUX DE CONSTRUCTION (Division 26)",3.0,,
Evolution de l'indice de la Production Industrielle par Branches Regroupées,,Base 100 2007,2009 T4,153.0,153.0,2009 T4,2009 T4,trimestrielle,2009,Evolution de l'indice de la Production Industrielle par Branches Regroupées.csv,activites_economiques,"INDUSTRIES DU VERRE, DE LA CERAMIQUE ET DES MATERIAUX DE CONSTRUCTION (Division 26)",4.0,,
Evolution de l'indice de la Production Industrielle par Branches Regroupées,,Base 100 2007,2010 T1,131.4,131.4,2010 T1,2010 T1,trimestrielle,2010,Evolution de l'indice de la Production Industrielle par Branches Regroupées.csv,activites_economiques,"INDUSTRIES DU VERRE, DE LA CERAMIQUE ET DES MATERIAUX DE CONSTRUCTION (Division 26)",1.0,,
Evolution de l'indice de la Production Industrielle par Branches Regroupées,,Base 100 2007,2010 T2,131.8,131.8,2010 T2,2010 T2,trimestrielle,2010,Evolution de l'indice de la Production Industrielle par Branches Regroupées.csv,activites_economiques,"INDUSTRIES DU VERRE, DE LA CERAMIQUE ET DES MATERIAUX DE CONSTRUCTION (Division 26)",2.0,,
Evolution de l'indice de la Production Industrielle par Branches Regroupées,,Base 100 2007,2010 T3,135.0,135.0,2010 T3,2010 T3,trimestrielle,2010,Evolution de l'indice de la Production Industrielle par Branches Regroupées.csv,activites_economiques,"INDUSTRIES DU VERRE, DE LA CERAMIQUE ET DES MATERIAUX DE CONSTRUCTION (Division 26)",3.0,,
Evolution de l'indice de la Production Industrielle par Branches Regroupées,,Base 100 2007,2010 T4,153.6,153.6,2010 T4,2010 T4,trimestrielle,2010,Evolution de l'indice de la Production Industrielle par Branches Regroupées.csv,activites_economiques,"INDUSTRIES DU VERRE, DE LA CERAMIQUE ET DES MATERIAUX DE CONSTRUCTION (Division 26)",4.0,,
Evolution de l'indice de la Production Industrielle par Branches Regroupées,,Base 100 2007,2011 T1,147.8,147.8,2011 T1,2011 T1,trimestrielle,2011,Evolution de l'indice de la Production Industrielle par Branches Regroupées.csv,activites_economiques,"INDUSTRIES DU VERRE, DE LA CERAMIQUE ET DES MATERIAUX DE CONSTRUCTION (Division 26)",1.0,,
Evolution de l'indice de la Production Industrielle par Branches Regroupées,,Base 100 2007,2011 T2,119.6,119.6,2011 T2,2011 T2,trimestrielle,2011,Evolution de l'indice de la Production Industrielle par Branches Regroupées.csv,activites_economiques,"INDUSTRIES DU VERRE, DE LA CERAMIQUE ET DES MATERIAUX DE CONSTRUCTION (Division 26)",2.0,,
Evolution de l'indice de la Production Industrielle par Branches Regroupées,,Base 100 2007,2011 T3,143.5,143.5,2011 T3,2011 T3,trimestrielle,2011,Evolution de l'indice de la Production Industrielle par Branches Regroupées.csv,activites_economiques,"INDUSTRIES DU VERRE, DE LA CERAMIQUE ET DES MATERIAUX DE CONSTRUCTION (Division 26)",3.0,,
Evolution de l'indice de la Production Industrielle par Branches Regroupées,,Base 100 2007,2011 T4,174.6,174.6,2011 T4,2011 T4,trimestrielle,2011,Evolution de l'indice de la Production Industrielle par Branches Regroupées.csv,activites_economiques,"INDUSTRIES DU VERRE, DE LA CERAMIQUE ET DES MATERIAUX DE CONSTRUCTION (Division 26)",4.0,,
Evolution de l'indice de la Production Industrielle par Branches Regroupées,,Base 100 2007,2012 T1,178.7,178.7,2012 T1,2012 T1,trimestrielle,2012,Evolution de l'indice de la Production Industrielle par Branches Regroupées.csv,activites_economiques,"INDUSTRIES DU VERRE, DE LA CERAMIQUE ET DES MATERIAUX DE CONSTRUCTION (Division 26)",1.0,,
Evolution de l'indice de la Production Industrielle par Branches Regroupées,,Base 100 2007,2012 T2,167.3,167.3,2012 T2,2012 T2,trimestrielle,2012,Evolution de l'indice de la Production Industrielle par Branches Regroupées.csv,activites_economiques,"INDUSTRIES DU VERRE, DE LA CERAMIQUE ET DES MATERIAUX DE CONSTRUCTION (Division 26)",2.0,,
Evolution de l'indice de la Production Industrielle par Branches Regroupées,,Base 100 2007,2012 T3,126.1,126.1,2012 T3,2012 T3,trimestrielle,2012,Evolution de l'indice de la Production Industrielle par Branches Regroupées.csv,activites_economiques,"INDUSTRIES DU VERRE, DE LA CERAMIQUE ET DES MATERIAUX DE CONSTRUCTION (Division 26)",3.0,,
Evolution de l'indice de la Production Industrielle par Branches Regroupées,,Base 100 2007,2012 T4,155.0,155.0,2012 T4,2012 T4,trimestrielle,2012,Evolution de l'indice de la Production Industrielle par Branches Regroupées.csv,activites_economiques,"INDUSTRIES DU VERRE, DE LA CERAMIQUE ET DES MATERIAUX DE CONSTRUCTION (Division 26)",4.0,,
Evolution de l'indice de la Production Industrielle par Branches Regroupées,,Base 100 2007,2013 T1,150.7,150.7,2013 T1,2013 T1,trimestrielle,2013,Evolution de l'indice de la Production Industrielle par Branches Regroupées.csv,activites_economiques,"INDUSTRIES DU VERRE, DE LA CERAMIQUE ET DES MATERIAUX DE CONSTRUCTION (Division 26)",1.0,,
Evolution de l'indice de la Production Industrielle par Branches Regroupées,,Base 100 2007,2013 T2,154.5,154.5,2013 T2,2013 T2,trimestrielle,2013,Evolution de l'indice de la Production Industrielle par Branches Regroupées.csv,activites_economiques,"INDUSTRIES DU VERRE, DE LA CERAMIQUE ET DES MATERIAUX DE CONSTRUCTION (Division 26)",2.0,,
Evolution de l'indice de la Production Industrielle par Branches Regroupées,,Base 100 2007,2013 T3,131.7,131.7,2013 T3,2013 T3,trimestrielle,2013,Evolution de l'indice de la Production Industrielle par Branches Regroupées.csv,activites_economiques,"INDUSTRIES DU VERRE, DE LA CERAMIQUE ET DES MATERIAUX DE CONSTRUCTION (Division 26)",3.0,,
Evolution de l'indice de la Production Industrielle par Branches Regroupées,,Base 100 2007,2013 T4,111.2,111.2,2013 T4,2013 T4,trimestrielle,2013,Evolution de l'indice de la Production Industrielle par Branches Regroupées.csv,activites_economiques,"INDUSTRIES DU VERRE, DE LA CERAMIQUE ET DES MATERIAUX DE CONSTRUCTION (Division 26)",4.0,,
Evolution de l'indice de la Production Industrielle par Branches Regroupées,,Base 100 2007,2014 T1,106.5,106.5,2014 T1,2014 T1,trimestrielle,2014,Evolution de l'indice de la Production Industrielle par Branches Regroupées.csv,activites_economiques,"INDUSTRIES DU VERRE, DE LA CERAMIQUE ET DES MATERIAUX DE CONSTRUCTION (Division 26)",1.0,,
Evolution de l'indice de la Production Industrielle par Branches Regroupées,,Base 100 2007,2014 T2,122.2,122.2,2014 T2,2014 T2,trimestrielle,2014,Evolution de l'indice de la Production Industrielle par Branches Regroupées.csv,activites_economiques,"INDUSTRIES DU VERRE, DE LA CERAMIQUE ET DES MATERIAUX DE CONSTRUCTION (Division 26)",2.0,,
Evolution de l'indice de la Production Industrielle par Branches Regroupées,,Base 100 2007,2014 T3,74.4,74.4,2014 T3,2014 T3,trimestrielle,2014,Evolution de l'indice de la Production Industrielle par Branches Regroupées.csv,activites_economiques,"INDUSTRIES DU VERRE, DE LA CERAMIQUE ET DES MATERIAUX DE CONSTRUCTION (Division 26)",3.0,,
Evolution de l'indice de la Production Industrielle par Branches Regroupées,,Base 100 2007,2014 T4,78.4,78.4,2014 T4,2014 T4,trimestrielle,2014,Evolution de l'indice de la Production Industrielle par Branches Regroupées.csv,activites_economiques,"INDUSTRIES DU VERRE, DE LA CERAMIQUE ET DES MATERIAUX DE CONSTRUCTION (Division 26)",4.0,,
Evolution de l'indice de la Production Industrielle par Branches Regroupées,,Base 100 2007,2015 T1,95.2,95.2,2015 T1,2015 T1,trimestrielle,2015,Evolution de l'indice de la Production Industrielle par Branches Regroupées.csv,activites_economiques,"INDUSTRIES DU VERRE, DE LA CERAMIQUE ET DES MATERIAUX DE CONSTRUCTION (Division 26)",1.0,,
Evolution de l'indice de la Production Industrielle par Branches Regroupées,,Base 100 2007,2015 T2,66.3,66.3,2015 T2,2015 T2,trimestrielle,2015,Evolution de l'indice de la Production Industrielle par Branches Regroupées.csv,activites_economiques,"INDUSTRIES DU VERRE, DE LA CERAMIQUE ET DES MATERIAUX DE CONSTRUCTION (Division 26)",2.0,,
Evolution de l'indice de la Production Industrielle par Branches Regroupées,,Base 100 2007,2015 T3,46.8,46.8,2015 T3,2015 T3,trimestrielle,2015,Evolution de l'indice de la Production Industrielle par Branches Regroupées.csv,activites_economiques,"INDUSTRIES DU VERRE, DE LA CERAMIQUE ET DES MATERIAUX DE CONSTRUCTION (Division 26)",3.0,,
Evolution de l'indice de la Production Industrielle par Branches Regroupées,,Base 100 2007,2015 T4,45.4,45.4,2015 T4,2015 T4,trimestrielle,2015,Evolution de l'indice de la Production Industrielle par Branches Regroupées.csv,activites_economiques,"INDUSTRIES DU VERRE, DE LA CERAMIQUE ET DES MATERIAUX DE CONSTRUCTION (Division 26)",4.0,,
Evolution de l'indice de la Production Industrielle par Branches Regroupées,,Base 100 2007,2016 T1,38.7,38.7,2016 T1,2016 T1,trimestrielle,2016,Evolution de l'indice de la Production Industrielle par Branches Regroupées.csv,activites_economiques,"INDUSTRIES DU VERRE, DE LA CERAMIQUE ET DES MATERIAUX DE CONSTRUCTION (Division 26)",1.0,,
Evolution de l'indice de la Production Industrielle par Branches Regroupées,,Base 100 2007,2016 T2,31.6,31.6,2016 T2,2016 T2,trimestrielle,2016,Evolution de l'indice de la Production Industrielle par Branches Regroupées.csv,activites_economiques,"INDUSTRIES DU VERRE, DE LA CERAMIQUE ET DES MATERIAUX DE CONSTRUCTION (Division 26)",2.0,,
Evolution de l'indice de la Production Industrielle par Branches Regroupées,,Base 100 2007,2016 T3,31.2,31.2,2016 T3,2016 T3,trimestrielle,2016,Evolution de l'indice de la Production Industrielle par Branches Regroupées.csv,activites_economiques,"INDUSTRIES DU VERRE, DE LA CERAMIQUE ET DES MATERIAUX DE CONSTRUCTION (Division 26)",3.0,,
Evolution de l'indice de la Production Industrielle par Branches Regroupées,,Base 100 2007,2016 T4,35.7,35.7,2016 T4,2016 T4,trimestrielle,2016,Evolution de l'indice de la Production Industrielle par Branches Regroupées.csv,activites_economiques,"INDUSTRIES DU VERRE, DE LA CERAMIQUE ET DES MATERIAUX DE CONSTRUCTION (Division 26)",4.0,,
Evolution de l'indice de la Production Industrielle par Branches Regroupées,,Base 100 2007,2017 T1,24.9,24.9,2017 T1,2017 T1,trimestrielle,2017,Evolution de l'indice de la Production Industrielle par Branches Regroupées.csv,activites_economiques,"INDUSTRIES DU VERRE, DE LA CERAMIQUE ET DES MATERIAUX DE CONSTRUCTION (Division 26)",1.0,,
Evolution de l'indice de la Production Industrielle par Branches Regroupées,,Base 100 2007,2017 T2,29.0,29.0,2017 T2,2017 T2,trimestrielle,2017,Evolution de l'indice de la Production Industrielle par Branches Regroupées.csv,activites_economiques,"INDUSTRIES DU VERRE, DE LA CERAMIQUE ET DES MATERIAUX DE CONSTRUCTION (Division 26)",2.0,,
Evolution de l'indice de la Production Industrielle par Branches Regroupées,,Base 100 2007,2017 T3,33.0,33.0,2017 T3,2017 T3,trimestrielle,2017,Evolution de l'indice de la Production Industrielle par Branches Regroupées.csv,activites_economiques,"INDUSTRIES DU VERRE, DE LA CERAMIQUE ET DES MATERIAUX DE CONSTRUCTION (Division 26)",3.0,,
Evolution de l'indice de la Production Industrielle par Branches Regroupées,,Base 100 2007,2017 T4,25.0,25.0,2017 T4,2017 T4,trimestrielle,2017,Evolution de l'indice de la Production Industrielle par Branches Regroupées.csv,activites_economiques,"INDUSTRIES DU VERRE, DE LA CERAMIQUE ET DES MATERIAUX DE CONSTRUCTION (Division 26)",4.0,,
Evolution de l'indice de la Production Industrielle par Branches Regroupées,,Base 100 2007,2018 T1,27.6,27.6,2018 T1,2018 T1,trimestrielle,2018,Evolution de l'indice de la Production Industrielle par Branches Regroupées.csv,activites_economiques,"INDUSTRIES DU VERRE, DE LA CERAMIQUE ET DES MATERIAUX DE CONSTRUCTION (Division 26)",1.0,,
Evolution de l'indice de la Production Industrielle par Branches Regroupées,,Base 100 2007,2018 T2,28.6,28.6,2018 T2,2018 T2,trimestrielle,2018,Evolution de l'indice de la Production Industrielle par Branches Regroupées.csv,activites_economiques,"INDUSTRIES DU VERRE, DE LA CERAMIQUE ET DES MATERIAUX DE CONSTRUCTION (Division 26)",2.0,,
Evolution de l'indice de la Production Industrielle par Branches Regroupées,,Base 100 2007,2018 T3,26.2,26.2,2018 T3,2018 T3,trimestrielle,2018,Evolution de l'indice de la Production Industrielle par Branches Regroupées.csv,activites_economiques,"INDUSTRIES DU VERRE, DE LA CERAMIQUE ET DES MATERIAUX DE CONSTRUCTION (Division 26)",3.0,,
Evolution de l'indice de la Production Industrielle par Branches Regroupées,,Base 100 2007,2018 T4,24.5,24.5,2018 T4,2018 T4,trimestrielle,2018,Evolution de l'indice de la Production Industrielle par Branches Regroupées.csv,activites_economiques,"INDUSTRIES DU VERRE, DE LA CERAMIQUE ET DES MATERIAUX DE CONSTRUCTION (Division 26)",4.0,,
Evolution de l'indice de la Production Industrielle par Branches Regroupées,,Base 100 2007,2019 T1,20.6,20.6,2019 T1,2019 T1,trimestrielle,2019,Evolution de l'indice de la Production Industrielle par Branches Regroupées.csv,activites_economiques,"INDUSTRIES DU VERRE, DE LA CERAMIQUE ET DES MATERIAUX DE CONSTRUCTION (Division 26)",1.0,,
Evolution de l'indice de la Production Industrielle par Branches Regroupées,,Base 100 2007,2019 T2,23.4,23.4,2019 T2,2019 T2,trimestrielle,2019,Evolution de l'indice de la Production Industrielle par Branches Regroupées.csv,activites_economiques,"INDUSTRIES DU VERRE, DE LA CERAMIQUE ET DES MATERIAUX DE CONSTRUCTION (Division 26)",2.0,,
Evolution de l'indice de la Production Industrielle par Branches Regroupées,,Base 100 2007,2019 T3,25.7,25.7,2019 T3,2019 T3,trimestrielle,2019,Evolution de l'indice de la Production Industrielle par Branches Regroupées.csv,activites_economiques,"INDUSTRIES DU VERRE, DE LA CERAMIQUE ET DES MATERIAUX DE CONSTRUCTION (Division 26)",3.0,,
Evolution de l'indice de la Production Industrielle par Branches Regroupées,,Base 100 2007,2019 T4,28.63969,28.63969,2019 T4,2019 T4,trimestrielle,2019,Evolution de l'indice de la Production Industrielle par Branches Regroupées.csv,activites_economiques,"INDUSTRIES DU VERRE, DE LA CERAMIQUE ET DES MATERIAUX DE CONSTRUCTION (Division 26)",4.0,,
Evolution de l'indice de la Production Industrielle par Branches Regroupées,,Base 100 2007,2020 T1,20.6,20.6,2020 T1,2020 T1,trimestrielle,2020,Evolution de l'indice de la Production Industrielle par Branches Regroupées.csv,activites_economiques,"INDUSTRIES DU VERRE, DE LA CERAMIQUE ET DES MATERIAUX DE CONSTRUCTION (Division 26)",1.0,,
Evolution de l'indice de la Production Industrielle par Branches Regroupées,,Base 100 2007,2020 T2,20.6,20.6,2020 T2,2020 T2,trimestrielle,2020,Evolution de l'indice de la Production Industrielle par Branches Regroupées.csv,activites_economiques,"INDUSTRIES DU VERRE, DE LA CERAMIQUE ET DES MATERIAUX DE CONSTRUCTION (Division 26)",2.0,,
Evolution de l'indice de la Production Industrielle par Branches Regroupées,,Base 100 2007,2020 T3,22.5,22.5,2020 T3,2020 T3,trimestrielle,2020,Evolution de l'indice de la Production Industrielle par Branches Regroupées.csv,activites_economiques,"INDUSTRIES DU VERRE, DE LA CERAMIQUE ET DES MATERIAUX DE CONSTRUCTION (Division 26)",3.0,,
Evolution de l'indice de la Production Industrielle par Branches Regroupées,,Base 100 2007,2020 T4,21.1,21.1,2020 T4,2020 T4,trimestrielle,2020,Evolution de l'indice de la Production Industrielle par Branches Regroupées.csv,activites_economiques,"INDUSTRIES DU VERRE, DE LA CERAMIQUE ET DES MATERIAUX DE CONSTRUCTION (Division 26)",4.0,,
Evolution de l'indice de la Production Industrielle par Branches Regroupées,,Base 100 2007,2007 T1,195.4,195.4,2007 T1,2007 T1,trimestrielle,2007,Evolution de l'indice de la Production Industrielle par Branches Regroupées.csv,activites_economiques,INDUSTRIES METALLIQUES (Divisions 27 & 28),1.0,,
Evolution de l'indice de la Production Industrielle par Branches Regroupées,,Base 100 2007,2007 T2,42.1,42.1,2007 T2,2007 T2,trimestrielle,2007,Evolution de l'indice de la Production Industrielle par Branches Regroupées.csv,activites_economiques,INDUSTRIES METALLIQUES (Divisions 27 & 28),2.0,,
Evolution de l'indice de la Production Industrielle par Branches Regroupées,,Base 100 2007,2007 T3,42.2,42.2,2007 T3,2007 T3,trimestrielle,2007,Evolution de l'indice de la Production Industrielle par Branches Regroupées.csv,activites_economiques,INDUSTRIES METALLIQUES (Divisions 27 & 28),3.0,,
Evolution de l'indice de la Production Industrielle par Branches Regroupées,,Base 100 2007,2007 T4,120.2,120.2,2007 T4,2007 T4,trimestrielle,2007,Evolution de l'indice de la Production Industrielle par Branches Regroupées.csv,activites_economiques,INDUSTRIES METALLIQUES (Divisions 27 & 28),4.0,,
Evolution de l'indice de la Production Industrielle par Branches Regroupées,,Base 100 2007,2008 T1,108.4,108.4,2008 T1,2008 T1,trimestrielle,2008,Evolution de l'indice de la Production Industrielle par Branches Regroupées.csv,activites_economiques,INDUSTRIES METALLIQUES (Divisions 27 & 28),1.0,,
Evolution de l'indice de la Production Industrielle par Branches Regroupées,,Base 100 2007,2008 T2,81.2,81.2,2008 T2,2008 T2,trimestrielle,2008,Evolution de l'indice de la Production Industrielle par Branches Regroupées.csv,activites_economiques,INDUSTRIES METALLIQUES (Divisions 27 & 28),2.0,,
Evolution de l'indice de la Production Industrielle par Branches Regroupées,,Base 100 2007,2008 T3,90.6,90.6,2008 T3,2008 T3,trimestrielle,2008,Evolution de l'indice de la Production Industrielle par Branches Regroupées.csv,activites_economiques,INDUSTRIES METALLIQUES (Divisions 27 & 28),3.0,,
Evolution de l'indice de la Production Industrielle par Branches Regroupées,,Base 100 2007,2008 T4,122.3,122.3,2008 T4,2008 T4,trimestrielle,2008,Evolution de l'indice de la Production Industrielle par Branches Regroupées.csv,activites_economiques,INDUSTRIES METALLIQUES (Divisions 27 & 28),4.0,,
Evolution de l'indice de la Production Industrielle par Branches Regroupées,,Base 100 2007,2009 T1,200.4,200.4,2009 T1,2009 T1,trimestrielle,2009,Evolution de l'indice de la Production Industrielle par Branches Regroupées.csv,activites_economiques,INDUSTRIES METALLIQUES (Divisions 27 & 28),1.0,,
Evolution de l'indice de la Production Industrielle par Branches Regroupées,,Base 100 2007,2009 T2,196.0,196.0,2009 T2,2009 T2,trimestrielle,2009,Evolution de l'indice de la Production Industrielle par Branches Regroupées.csv,activites_economiques,INDUSTRIES METALLIQUES (Divisions 27 & 28),2.0,,
Evolution de l'indice de la Production Industrielle par Branches Regroupées,,Base 100 2007,2009 T3,158.8,158.8,2009 T3,2009 T3,trimestrielle,2009,Evolution de l'indice de la Production Industrielle par Branches Regroupées.csv,activites_economiques,INDUSTRIES METALLIQUES (Divisions 27 & 28),3.0,,
Evolution de l'indice de la Production Industrielle par Branches Regroupées,,Base 100 2007,2009 T4,194.0,194.0,2009 T4,2009 T4,trimestrielle,2009,Evolution de l'indice de la Production Industrielle par Branches Regroupées.csv,activites_economiques,INDUSTRIES METALLIQUES (Divisions 27 & 28),4.0,,
Evolution de l'indice de la Production Industrielle par Branches Regroupées,,Base 100 2007,2010 T1,270.8,270.8,2010 T1,2010 T1,trimestrielle,2010,Evolution de l'indice de la Production Industrielle par Branches Regroupées.csv,activites_economiques,INDUSTRIES METALLIQUES (Divisions 27 & 28),1.0,,
Evolution de l'indice de la Production Industrielle par Branches Regroupées,,Base 100 2007,2010 T2,261.6,261.6,2010 T2,2010 T2,trimestrielle,2010,Evolution de l'indice de la Production Industrielle par Branches Regroupées.csv,activites_economiques,INDUSTRIES METALLIQUES (Divisions 27 & 28),2.0,,
Evolution de l'indice de la Production Industrielle par Branches Regroupées,,Base 100 2007,2010 T3,317.0,317.0,2010 T3,2010 T3,trimestrielle,2010,Evolution de l'indice de la Production Industrielle par Branches Regroupées.csv,activites_economiques,INDUSTRIES METALLIQUES (Divisions 27 & 28),3.0,,
Evolution de l'indice de la Production Industrielle par Branches Regroupées,,Base 100 2007,2010 T4,353.3,353.3,2010 T4,2010 T4,trimestrielle,2010,Evolution de l'indice de la Production Industrielle par Branches Regroupées.csv,activites_economiques,INDUSTRIES METALLIQUES (Divisions 27 & 28),4.0,,
Evolution de l'indice de la Production Industrielle par Branches Regroupées,,Base 100 2007,2011 T1,92.5,92.5,2011 T1,2011 T1,trimestrielle,2011,Evolution de l'indice de la Production Industrielle par Branches Regroupées.csv,activites_economiques,INDUSTRIES METALLIQUES (Divisions 27 & 28),1.0,,
Evolution de l'indice de la Production Industrielle par Branches Regroupées,,Base 100 2007,2011 T2,102.0,102.0,2011 T2,2011 T2,trimestrielle,2011,Evolution de l'indice de la Production Industrielle par Branches Regroupées.csv,activites_economiques,INDUSTRIES METALLIQUES (Divisions 27 & 28),2.0,,
Evolution de l'indice de la Production Industrielle par Branches Regroupées,,Base 100 2007,2011 T3,126.0,126.0,2011 T3,2011 T3,trimestrielle,2011,Evolution de l'indice de la Production Industrielle par Branches Regroupées.csv,activites_economiques,INDUSTRIES METALLIQUES (Divisions 27 & 28),3.0,,
Evolution de l'indice de la Production Industrielle par Branches Regroupées,,Base 100 2007,2011 T4,135.2,135.2,2011 T4,2011 T4,trimestrielle,2011,Evolution de l'indice de la Production Industrielle par Branches Regroupées.csv,activites_economiques,INDUSTRIES METALLIQUES (Divisions 27 & 28),4.0,,
Evolution de l'indice de la Production Industrielle par Branches Regroupées,,Base 100 2007,2012 T1,130.8,130.8,2012 T1,2012 T1,trimestrielle,2012,Evolution de l'indice de la Production Industrielle par Branches Regroupées.csv,activites_economiques,INDUSTRIES METALLIQUES (Divisions 27 & 28),1.0,,
Evolution de l'indice de la Production Industrielle par Branches Regroupées,,Base 100 2007,2012 T2,169.4,169.4,2012 T2,2012 T2,trimestrielle,2012,Evolution de l'indice de la Production Industrielle par Branches Regroupées.csv,activites_economiques,INDUSTRIES METALLIQUES (Divisions 27 & 28),2.0,,
Evolution de l'indice de la Production Industrielle par Branches Regroupées,,Base 100 2007,2012 T3,135.4,135.4,2012 T3,2012 T3,trimestrielle,2012,Evolution de l'indice de la Production Industrielle par Branches Regroupées.csv,activites_economiques,INDUSTRIES METALLIQUES (Divisions 27 & 28),3.0,,
Evolution de l'indice de la Production Industrielle par Branches Regroupées,,Base 100 2007,2012 T4,100.1,100.1,2012 T4,2012 T4,trimestrielle,2012,Evolution de l'indice de la Production Industrielle par Branches Regroupées.csv,activites_economiques,INDUSTRIES METALLIQUES (Divisions 27 & 28),4.0,,
Evolution de l'indice de la Production Industrielle par Branches Regroupées,,Base 100 2007,2013 T1,240.2,240.2,2013 T1,2013 T1,trimestrielle,2013,Evolution de l'indice de la Production Industrielle par Branches Regroupées.csv,activites_economiques,INDUSTRIES METALLIQUES (Divisions 27 & 28),1.0,,
Evolution de l'indice de la Production Industrielle par Branches Regroupées,,Base 100 2007,2013 T2,98.5,98.5,2013 T2,2013 T2,trimestrielle,2013,Evolution de l'indice de la Production Industrielle par Branches Regroupées.csv,activites_economiques,INDUSTRIES METALLIQUES (Divisions 27 & 28),2.0,,
Evolution de l'indice de la Production Industrielle par Branches Regroupées,,Base 100 2007,2013 T3,66.0,66.0,2013 T3,2013 T3,trimestrielle,2013,Evolution de l'indice de la Production Industrielle par Branches Regroupées.csv,activites_economiques,INDUSTRIES METALLIQUES (Divisions 27 & 28),3.0,,
Evolution de l'indice de la Production Industrielle par Branches Regroupées,,Base 100 2007,2013 T4,64.5,64.5,2013 T4,2013 T4,trimestrielle,2013,Evolution de l'indice de la Production Industrielle par Branches Regroupées.csv,activites_economiques,INDUSTRIES METALLIQUES (Divisions 27 & 28),4.0,,
Evolution de l'indice de la Production Industrielle par Branches Regroupées,,Base 100 2007,2014 T1,134.5,134.5,2014 T1,2014 T1,trimestrielle,2014,Evolution de l'indice de la Production Industrielle par Branches Regroupées.csv,activites_economiques,INDUSTRIES METALLIQUES (Divisions 27 & 28),1.0,,
Evolution de l'indice de la Production Industrielle par Branches Regroupées,,Base 100 2007,2014 T2,162.0,162.0,2014 T2,2014 T2,trimestrielle,2014,Evolution de l'indice de la Production Industrielle par Branches Regroupées.csv,activites_economiques,INDUSTRIES METALLIQUES (Divisions 27 & 28),2.0,,
Evolution de l'indice de la Production Industrielle par Branches Regroupées,,Base 100 2007,2014 T3,81.5,81.5,2014 T3,2014 T3,trimestrielle,2014,Evolution de l'indice de la Production Industrielle par Branches Regroupées.csv,activites_economiques,INDUSTRIES METALLIQUES (Divisions 27 & 28),3.0,,
Evolution de l'indice de la Production Industrielle par Branches Regroupées,,Base 100 2007,2014 T4,86.3,86.3,2014 T4,2014 T4,trimestrielle,2014,Evolution de l'indice de la Production Industrielle par Branches Regroupées.csv,activites_economiques,INDUSTRIES METALLIQUES (Divisions 27 & 28),4.0,,
Evolution de l'indice de la Production Industrielle par Branches Regroupées,,Base 100 2007,2015 T1,86.2,86.2,2015 T1,2015 T1,trimestrielle,2015,Evolution de l'indice de la Production Industrielle par Branches Regroupées.csv,activites_economiques,INDUSTRIES METALLIQUES (Divisions 27 & 28),1.0,,
Evolution de l'indice de la Production Industrielle par Branches Regroupées,,Base 100 2007,2015 T2,104.9,104.9,2015 T2,2015 T2,trimestrielle,2015,Evolution de l'indice de la Production Industrielle par Branches Regroupées.csv,activites_economiques,INDUSTRIES METALLIQUES (Divisions 27 & 28),2.0,,
Evolution de l'indice de la Production Industrielle par Branches Regroupées,,Base 100 2007,2015 T3,97.2,97.2,2015 T3,2015 T3,trimestrielle,2015,Evolution de l'indice de la Production Industrielle par Branches Regroupées.csv,activites_economiques,INDUSTRIES METALLIQUES (Divisions 27 & 28),3.0,,
Evolution de l'indice de la Production Industrielle par Branches Regroupées,,Base 100 2007,2015 T4,95.4,95.4,2015 T4,2015 T4,trimestrielle,2015,Evolution de l'indice de la Production Industrielle par Branches Regroupées.csv,activites_economiques,INDUSTRIES METALLIQUES (Divisions 27 & 28),4.0,,
Evolution de l'indice de la Production Industrielle par Branches Regroupées,,Base 100 2007,2016 T1,163.2,163.2,2016 T1,2016 T1,trimestrielle,2016,Evolution de l'indice de la Production Industrielle par Branches Regroupées.csv,activites_economiques,INDUSTRIES METALLIQUES (Divisions 27 & 28),1.0,,
Evolution de l'indice de la Production Industrielle par Branches Regroupées,,Base 100 2007,2016 T2,109.4,109.4,2016 T2,2016 T2,trimestrielle,2016,Evolution de l'indice de la Production Industrielle par Branches Regroupées.csv,activites_economiques,INDUSTRIES METALLIQUES (Divisions 27 & 28),2.0,,
Evolution de l'indice de la Production Industrielle par Branches Regroupées,,Base 100 2007,2016 T3,163.2,163.2,2016 T3,2016 T3,trimestrielle,2016,Evolution de l'indice de la Production Industrielle par Branches Regroupées.csv,activites_economiques,INDUSTRIES METALLIQUES (Divisions 27 & 28),3.0,,
Evolution de l'indice de la Production Industrielle par Branches Regroupées,,Base 100 2007,2016 T4,154.6,154.6,2016 T4,2016 T4,trimestrielle,2016,Evolution de l'indice de la Production Industrielle par Branches Regroupées.csv,activites_economiques,INDUSTRIES METALLIQUES (Divisions 27 & 28),4.0,,
Evolution de l'indice de la Production Industrielle par Branches Regroupées,,Base 100 2007,2017 T1,142.9,142.9,2017 T1,2017 T1,trimestrielle,2017,Evolution de l'indice de la Production Industrielle par Branches Regroupées.csv,activites_economiques,INDUSTRIES METALLIQUES (Divisions 27 & 28),1.0,,
Evolution de l'indice de la Production Industrielle par Branches Regroupées,,Base 100 2007,2017 T2,154.0,154.0,2017 T2,2017 T2,trimestrielle,2017,Evolution de l'indice de la Production Industrielle par Branches Regroupées.csv,activites_economiques,INDUSTRIES METALLIQUES (Divisions 27 & 28),2.0,,
Evolution de l'indice de la Production Industrielle par Branches Regroupées,,Base 100 2007,2017 T3,140.8,140.8,2017 T3,2017 T3,trimestrielle,2017,Evolution de l'indice de la Production Industrielle par Branches Regroupées.csv,activites_economiques,INDUSTRIES METALLIQUES (Divisions 27 & 28),3.0,,
Evolution de l'indice de la Production Industrielle par Branches Regroupées,,Base 100 2007,2017 T4,97.1,97.1,2017 T4,2017 T4,trimestrielle,2017,Evolution de l'indice de la Production Industrielle par Branches Regroupées.csv,activites_economiques,INDUSTRIES METALLIQUES (Divisions 27 & 28),4.0,,
Evolution de l'indice de la Production Industrielle par Branches Regroupées,,Base 100 2007,2018 T1,96.9,96.9,2018 T1,2018 T1,trimestrielle,2018,Evolution de l'indice de la Production Industrielle par Branches Regroupées.csv,activites_economiques,INDUSTRIES METALLIQUES (Divisions 27 & 28),1.0,,
Evolution de l'indice de la Production Industrielle par Branches Regroupées,,Base 100 2007,2018 T2,111.6,111.6,2018 T2,2018 T2,trimestrielle,2018,Evolution de l'indice de la Production Industrielle par Branches Regroupées.csv,activites_economiques,INDUSTRIES METALLIQUES (Divisions 27 & 28),2.0,,
Evolution de l'indice de la Production Industrielle par Branches Regroupées,,Base 100 2007,2018 T3,136.8,136.8,2018 T3,2018 T3,trimestrielle,2018,Evolution de l'indice de la Production Industrielle par Branches Regroupées.csv,activites_economiques,INDUSTRIES METALLIQUES (Divisions 27 & 28),3.0,,
Evolution de l'indice de la Production Industrielle par Branches Regroupées,,Base 100 2007,2018 T4,140.4,140.4,2018 T4,2018 T4,trimestrielle,2018,Evolution de l'indice de la Production Industrielle par Branches Regroupées.csv,activites_economiques,INDUSTRIES METALLIQUES (Divisions 27 & 28),4.0,,
Evolution de l'indice de la Production Industrielle par Branches Regroupées,,Base 100 2007,2019 T1,167.3,167.3,2019 T1,2019 T1,trimestrielle,2019,Evolution de l'indice de la Production Industrielle par Branches Regroupées.csv,activites_economiques,INDUSTRIES METALLIQUES (Divisions 27 & 28),1.0,,
Evolution de l'indice de la Production Industrielle par Branches Regroupées,,Base 100 2007,2019 T2,111.6,111.6,2019 T2,2019 T2,trimestrielle,2019,Evolution de l'indice de la Production Industrielle par Branches Regroupées.csv,activites_economiques,INDUSTRIES METALLIQUES (Divisions 27 & 28),2.0,,
Evolution de l'indice de la Production Industrielle par Branches Regroupées,,Base 100 2007,2019 T3,136.8,136.8,2019 T3,2019 T3,trimestrielle,2019,Evolution de l'indice de la Production Industrielle par Branches Regroupées.csv,activites_economiques,INDUSTRIES METALLIQUES (Divisions 27 & 28),3.0,,
Evolution de l'indice de la Production Industrielle par Branches Regroupées,,Base 100 2007,2019 T4,132.074581,132.074581,2019 T4,2019 T4,trimestrielle,2019,Evolution de l'indice de la Production Industrielle par Branches Regroupées.csv,activites_economiques,INDUSTRIES METALLIQUES (Divisions 27 & 28),4.0,,
Evolution de l'indice de la Production Industrielle par Branches Regroupées,,Base 100 2007,2020 T1,96.9,96.9,2020 T1,2020 T1,trimestrielle,2020,Evolution de l'indice de la Production Industrielle par Branches Regroupées.csv,activites_economiques,INDUSTRIES METALLIQUES (Divisions 27 & 28),1.0,,
Evolution de l'indice de la Production Industrielle par Branches Regroupées,,Base 100 2007,2020 T2,102.8,102.8,2020 T2,2020 T2,trimestrielle,2020,Evolution de l'indice de la Production Industrielle par Branches Regroupées.csv,activites_economiques,INDUSTRIES METALLIQUES (Divisions 27 & 28),2.0,,
Evolution de l'indice de la Production Industrielle par Branches Regroupées,,Base 100 2007,2020 T3,94.0,94.0,2020 T3,2020 T3,trimestrielle,2020,Evolution de l'indice de la Production Industrielle par Branches Regroupées.csv,activites_economiques,INDUSTRIES METALLIQUES (Divisions 27 & 28),3.0,,
Evolution de l'indice de la Production Industrielle par Branches Regroupées,,Base 100 2007,2020 T4,134.5,134.5,2020 T4,2020 T4,trimestrielle,2020,Evolution de l'indice de la Production Industrielle par Branches Regroupées.csv,activites_economiques,INDUSTRIES METALLIQUES (Divisions 27 & 28),4.0,,
Evolution de l'indice de la Production Industrielle par Branches Regroupées,,Base 100 2007,2007 T1,119.1,119.1,2007 T1,2007 T1,trimestrielle,2007,Evolution de l'indice de la Production Industrielle par Branches Regroupées.csv,activites_economiques,AUTRES INDUSTRIES DE FABRICATION (Divisions 29 à 35 & P36),1.0,,
Evolution de l'indice de la Production Industrielle par Branches Regroupées,,Base 100 2007,2007 T2,113.9,113.9,2007 T2,2007 T2,trimestrielle,2007,Evolution de l'indice de la Production Industrielle par Branches Regroupées.csv,activites_economiques,AUTRES INDUSTRIES DE FABRICATION (Divisions 29 à 35 & P36),2.0,,
Evolution de l'indice de la Production Industrielle par Branches Regroupées,,Base 100 2007,2007 T3,76.9,76.9,2007 T3,2007 T3,trimestrielle,2007,Evolution de l'indice de la Production Industrielle par Branches Regroupées.csv,activites_economiques,AUTRES INDUSTRIES DE FABRICATION (Divisions 29 à 35 & P36),3.0,,
Evolution de l'indice de la Production Industrielle par Branches Regroupées,,Base 100 2007,2007 T4,90.1,90.1,2007 T4,2007 T4,trimestrielle,2007,Evolution de l'indice de la Production Industrielle par Branches Regroupées.csv,activites_economiques,AUTRES INDUSTRIES DE FABRICATION (Divisions 29 à 35 & P36),4.0,,
Evolution de l'indice de la Production Industrielle par Branches Regroupées,,Base 100 2007,2008 T1,153.8,153.8,2008 T1,2008 T1,trimestrielle,2008,Evolution de l'indice de la Production Industrielle par Branches Regroupées.csv,activites_economiques,AUTRES INDUSTRIES DE FABRICATION (Divisions 29 à 35 & P36),1.0,,
Evolution de l'indice de la Production Industrielle par Branches Regroupées,,Base 100 2007,2008 T2,139.4,139.4,2008 T2,2008 T2,trimestrielle,2008,Evolution de l'indice de la Production Industrielle par Branches Regroupées.csv,activites_economiques,AUTRES INDUSTRIES DE FABRICATION (Divisions 29 à 35 & P36),2.0,,
Evolution de l'indice de la Production Industrielle par Branches Regroupées,,Base 100 2007,2008 T3,74.7,74.7,2008 T3,2008 T3,trimestrielle,2008,Evolution de l'indice de la Production Industrielle par Branches Regroupées.csv,activites_economiques,AUTRES INDUSTRIES DE FABRICATION (Divisions 29 à 35 & P36),3.0,,
Evolution de l'indice de la Production Industrielle par Branches Regroupées,,Base 100 2007,2008 T4,91.1,91.1,2008 T4,2008 T4,trimestrielle,2008,Evolution de l'indice de la Production Industrielle par Branches Regroupées.csv,activites_economiques,AUTRES INDUSTRIES DE FABRICATION (Divisions 29 à 35 & P36),4.0,,
Evolution de l'indice de la Production Industrielle par Branches Regroupées,,Base 100 2007,2009 T1,109.8,109.8,2009 T1,2009 T1,trimestrielle,2009,Evolution de l'indice de la Production Industrielle par Branches Regroupées.csv,activites_economiques,AUTRES INDUSTRIES DE FABRICATION (Divisions 29 à 35 & P36),1.0,,
Evolution de l'indice de la Production Industrielle par Branches Regroupées,,Base 100 2007,2009 T2,56.4,56.4,2009 T2,2009 T2,trimestrielle,2009,Evolution de l'indice de la Production Industrielle par Branches Regroupées.csv,activites_economiques,AUTRES INDUSTRIES DE FABRICATION (Divisions 29 à 35 & P36),2.0,,
Evolution de l'indice de la Production Industrielle par Branches Regroupées,,Base 100 2007,2009 T3,79.3,79.3,2009 T3,2009 T3,trimestrielle,2009,Evolution de l'indice de la Production Industrielle par Branches Regroupées.csv,activites_economiques,AUTRES INDUSTRIES DE FABRICATION (Divisions 29 à 35 & P36),3.0,,
Evolution de l'indice de la Production Industrielle par Branches Regroupées,,Base 100 2007,2009 T4,89.9,89.9,2009 T4,2009 T4,trimestrielle,2009,Evolution de l'indice de la Production Industrielle par Branches Regroupées.csv,activites_economiques,AUTRES INDUSTRIES DE FABRICATION (Divisions 29 à 35 & P36),4.0,,
Evolution de l'indice de la Production Industrielle par Branches Regroupées,,Base 100 2007,2010 T1,73.1,73.1,2010 T1,2010 T1,trimestrielle,2010,Evolution de l'indice de la Production Industrielle par Branches Regroupées.csv,activites_economiques,AUTRES INDUSTRIES DE FABRICATION (Divisions 29 à 35 & P36),1.0,,
Evolution de l'indice de la Production Industrielle par Branches Regroupées,,Base 100 2007,2010 T2,224.4,224.4,2010 T2,2010 T2,trimestrielle,2010,Evolution de l'indice de la Production Industrielle par Branches Regroupées.csv,activites_economiques,AUTRES INDUSTRIES DE FABRICATION (Divisions 29 à 35 & P36),2.0,,
Evolution de l'indice de la Production Industrielle par Branches Regroupées,,Base 100 2007,2010 T3,48.1,48.1,2010 T3,2010 T3,trimestrielle,2010,Evolution de l'indice de la Production Industrielle par Branches Regroupées.csv,activites_economiques,AUTRES INDUSTRIES DE FABRICATION (Divisions 29 à 35 & P36),3.0,,
Evolution de l'indice de la Production Industrielle par Branches Regroupées,,Base 100 2007,2010 T4,45.2,45.2,2010 T4,2010 T4,trimestrielle,2010,Evolution de l'indice de la Production Industrielle par Branches Regroupées.csv,activites_economiques,AUTRES INDUSTRIES DE FABRICATION (Divisions 29 à 35 & P36),4.0,,
Evolution de l'indice de la Production Industrielle par Branches Regroupées,,Base 100 2007,2011 T1,183.8,183.8,2011 T1,2011 T1,trimestrielle,2011,Evolution de l'indice de la Production Industrielle par Branches Regroupées.csv,activites_economiques,AUTRES INDUSTRIES DE FABRICATION (Divisions 29 à 35 & P36),1.0,,
Evolution de l'indice de la Production Industrielle par Branches Regroupées,,Base 100 2007,2011 T2,174.3,174.3,2011 T2,2011 T2,trimestrielle,2011,Evolution de l'indice de la Production Industrielle par Branches Regroupées.csv,activites_economiques,AUTRES INDUSTRIES DE FABRICATION (Divisions 29 à 35 & P36),2.0,,
Evolution de l'indice de la Production Industrielle par Branches Regroupées,,Base 100 2007,2011 T3,226.9,226.9,2011 T3,2011 T3,trimestrielle,2011,Evolution de l'indice de la Production Industrielle par Branches Regroupées.csv,activites_economiques,AUTRES INDUSTRIES DE FABRICATION (Divisions 29 à 35 & P36),3.0,,
Evolution de l'indice de la Production Industrielle par Branches Regroupées,,Base 100 2007,2011 T4,246.6,246.6,2011 T4,2011 T4,trimestrielle,2011,Evolution de l'indice de la Production Industrielle par Branches Regroupées.csv,activites_economiques,AUTRES INDUSTRIES DE FABRICATION (Divisions 29 à 35 & P36),4.0,,
Evolution de l'indice de la Production Industrielle par Branches Regroupées,,Base 100 2007,2012 T1,173.0,173.0,2012 T1,2012 T1,trimestrielle,2012,Evolution de l'indice de la Production Industrielle par Branches Regroupées.csv,activites_economiques,AUTRES INDUSTRIES DE FABRICATION (Divisions 29 à 35 & P36),1.0,,
Evolution de l'indice de la Production Industrielle par Branches Regroupées,,Base 100 2007,2012 T2,162.6,162.6,2012 T2,2012 T2,trimestrielle,2012,Evolution de l'indice de la Production Industrielle par Branches Regroupées.csv,activites_economiques,AUTRES INDUSTRIES DE FABRICATION (Divisions 29 à 35 & P36),2.0,,
Evolution de l'indice de la Production Industrielle par Branches Regroupées,,Base 100 2007,2012 T3,172.4,172.4,2012 T3,2012 T3,trimestrielle,2012,Evolution de l'indice de la Production Industrielle par Branches Regroupées.csv,activites_economiques,AUTRES INDUSTRIES DE FABRICATION (Divisions 29 à 35 & P36),3.0,,
Evolution de l'indice de la Production Industrielle par Branches Regroupées,,Base 100 2007,2012 T4,183.9,183.9,2012 T4,2012 T4,trimestrielle,2012,Evolution de l'indice de la Production Industrielle par Branches Regroupées.csv,activites_economiques,AUTRES INDUSTRIES DE FABRICATION (Divisions 29 à 35 & P36),4.0,,
Evolution de l'indice de la Production Industrielle par Branches Regroupées,,Base 100 2007,2013 T1,176.9,176.9,2013 T1,2013 T1,trimestrielle,2013,Evolution de l'indice de la Production Industrielle par Branches Regroupées.csv,activites_economiques,AUTRES INDUSTRIES DE FABRICATION (Divisions 29 à 35 & P36),1.0,,
Evolution de l'indice de la Production Industrielle par Branches Regroupées,,Base 100 2007,2013 T2,162.8,162.8,2013 T2,2013 T2,trimestrielle,2013,Evolution de l'indice de la Production Industrielle par Branches Regroupées.csv,activites_economiques,AUTRES INDUSTRIES DE FABRICATION (Divisions 29 à 35 & P36),2.0,,
Evolution de l'indice de la Production Industrielle par Branches Regroupées,,Base 100 2007,2013 T3,156.2,156.2,2013 T3,2013 T3,trimestrielle,2013,Evolution de l'indice de la Production Industrielle par Branches Regroupées.csv,activites_economiques,AUTRES INDUSTRIES DE FABRICATION (Divisions 29 à 35 & P36),3.0,,
Evolution de l'indice de la Production Industrielle par Branches Regroupées,,Base 100 2007,2013 T4,161.8,161.8,2013 T4,2013 T4,trimestrielle,2013,Evolution de l'indice de la Production Industrielle par Branches Regroupées.csv,activites_economiques,AUTRES INDUSTRIES DE FABRICATION (Divisions 29 à 35 & P36),4.0,,
Evolution de l'indice de la Production Industrielle par Branches Regroupées,,Base 100 2007,2014 T1,162.4,162.4,2014 T1,2014 T1,trimestrielle,2014,Evolution de l'indice de la Production Industrielle par Branches Regroupées.csv,activites_economiques,AUTRES INDUSTRIES DE FABRICATION (Divisions 29 à 35 & P36),1.0,,
Evolution de l'indice de la Production Industrielle par Branches Regroupées,,Base 100 2007,2014 T2,162.5,162.5,2014 T2,2014 T2,trimestrielle,2014,Evolution de l'indice de la Production Industrielle par Branches Regroupées.csv,activites_economiques,AUTRES INDUSTRIES DE FABRICATION (Divisions 29 à 35 & P36),2.0,,
Evolution de l'indice de la Production Industrielle par Branches Regroupées,,Base 100 2007,2014 T3,163.6,163.6,2014 T3,2014 T3,trimestrielle,2014,Evolution de l'indice de la Production Industrielle par Branches Regroupées.csv,activites_economiques,AUTRES INDUSTRIES DE FABRICATION (Divisions 29 à 35 & P36),3.0,,
Evolution de l'indice de la Production Industrielle par Branches Regroupées,,Base 100 2007,2014 T4,149.4,149.4,2014 T4,2014 T4,trimestrielle,2014,Evolution de l'indice de la Production Industrielle par Branches Regroupées.csv,activites_economiques,AUTRES INDUSTRIES DE FABRICATION (Divisions 29 à 35 & P36),4.0,,
Evolution de l'indice de la Production Industrielle par Branches Regroupées,,Base 100 2007,2015 T1,149.9,149.9,2015 T1,2015 T1,trimestrielle,2015,Evolution de l'indice de la Production Industrielle par Branches Regroupées.csv,activites_economiques,AUTRES INDUSTRIES DE FABRICATION (Divisions 29 à 35 & P36),1.0,,
Evolution de l'indice de la Production Industrielle par Branches Regroupées,,Base 100 2007,2015 T2,165.8,165.8,2015 T2,2015 T2,trimestrielle,2015,Evolution de l'indice de la Production Industrielle par Branches Regroupées.csv,activites_economiques,AUTRES INDUSTRIES DE FABRICATION (Divisions 29 à 35 & P36),2.0,,
Evolution de l'indice de la Production Industrielle par Branches Regroupées,,Base 100 2007,2015 T3,166.1,166.1,2015 T3,2015 T3,trimestrielle,2015,Evolution de l'indice de la Production Industrielle par Branches Regroupées.csv,activites_economiques,AUTRES INDUSTRIES DE FABRICATION (Divisions 29 à 35 & P36),3.0,,
Evolution de l'indice de la Production Industrielle par Branches Regroupées,,Base 100 2007,2015 T4,157.4,157.4,2015 T4,2015 T4,trimestrielle,2015,Evolution de l'indice de la Production Industrielle par Branches Regroupées.csv,activites_economiques,AUTRES INDUSTRIES DE FABRICATION (Divisions 29 à 35 & P36),4.0,,
Evolution de l'indice de la Production Industrielle par Branches Regroupées,,Base 100 2007,2016 T1,194.5,194.5,2016 T1,2016 T1,trimestrielle,2016,Evolution de l'indice de la Production Industrielle par Branches Regroupées.csv,activites_economiques,AUTRES INDUSTRIES DE FABRICATION (Divisions 29 à 35 & P36),1.0,,
Evolution de l'indice de la Production Industrielle par Branches Regroupées,,Base 100 2007,2016 T2,208.5,208.5,2016 T2,2016 T2,trimestrielle,2016,Evolution de l'indice de la Production Industrielle par Branches Regroupées.csv,activites_economiques,AUTRES INDUSTRIES DE FABRICATION (Divisions 29 à 35 & P36),2.0,,
Evolution de l'indice de la Production Industrielle par Branches Regroupées,,Base 100 2007,2016 T3,208.4,208.4,2016 T3,2016 T3,trimestrielle,2016,Evolution de l'indice de la Production Industrielle par Branches Regroupées.csv,activites_economiques,AUTRES INDUSTRIES DE FABRICATION (Divisions 29 à 35 & P36),3.0,,
Evolution de l'indice de la Production Industrielle par Branches Regroupées,,Base 100 2007,2016 T4,209.2,209.2,2016 T4,2016 T4,trimestrielle,2016,Evolution de l'indice de la Production Industrielle par Branches Regroupées.csv,activites_economiques,AUTRES INDUSTRIES DE FABRICATION (Divisions 29 à 35 & P36),4.0,,
Evolution de l'indice de la Production Industrielle par Branches Regroupées,,Base 100 2007,2017 T1,209.4,209.4,2017 T1,2017 T1,trimestrielle,2017,Evolution de l'indice de la Production Industrielle par Branches Regroupées.csv,activites_economiques,AUTRES INDUSTRIES DE FABRICATION (Divisions 29 à 35 & P36),1.0,,
Evolution de l'indice de la Production Industrielle par Branches Regroupées,,Base 100 2007,2017 T2,137.0,137.0,2017 T2,2017 T2,trimestrielle,2017,Evolution de l'indice de la Production Industrielle par Branches Regroupées.csv,activites_economiques,AUTRES INDUSTRIES DE FABRICATION (Divisions 29 à 35 & P36),2.0,,
Evolution de l'indice de la Production Industrielle par Branches Regroupées,,Base 100 2007,2017 T3,179.9,179.9,2017 T3,2017 T3,trimestrielle,2017,Evolution de l'indice de la Production Industrielle par Branches Regroupées.csv,activites_economiques,AUTRES INDUSTRIES DE FABRICATION (Divisions 29 à 35 & P36),3.0,,
Evolution de l'indice de la Production Industrielle par Branches Regroupées,,Base 100 2007,2017 T4,179.9,179.9,2017 T4,2017 T4,trimestrielle,2017,Evolution de l'indice de la Production Industrielle par Branches Regroupées.csv,activites_economiques,AUTRES INDUSTRIES DE FABRICATION (Divisions 29 à 35 & P36),4.0,,
Evolution de l'indice de la Production Industrielle par Branches Regroupées,,Base 100 2007,2018 T1,179.0,179.0,2018 T1,2018 T1,trimestrielle,2018,Evolution de l'indice de la Production Industrielle par Branches Regroupées.csv,activites_economiques,AUTRES INDUSTRIES DE FABRICATION (Divisions 29 à 35 & P36),1.0,,
Evolution de l'indice de la Production Industrielle par Branches Regroupées,,Base 100 2007,2018 T2,178.6,178.6,2018 T2,2018 T2,trimestrielle,2018,Evolution de l'indice de la Production Industrielle par Branches Regroupées.csv,activites_economiques,AUTRES INDUSTRIES DE FABRICATION (Divisions 29 à 35 & P36),2.0,,
Evolution de l'indice de la Production Industrielle par Branches Regroupées,,Base 100 2007,2018 T3,168.7,168.7,2018 T3,2018 T3,trimestrielle,2018,Evolution de l'indice de la Production Industrielle par Branches Regroupées.csv,activites_economiques,AUTRES INDUSTRIES DE FABRICATION (Divisions 29 à 35 & P36),3.0,,
Evolution de l'indice de la Production Industrielle par Branches Regroupées,,Base 100 2007,2018 T4,169.4,169.4,2018 T4,2018 T4,trimestrielle,2018,Evolution de l'indice de la Production Industrielle par Branches Regroupées.csv,activites_economiques,AUTRES INDUSTRIES DE FABRICATION (Divisions 29 à 35 & P36),4.0,,
Evolution de l'indice de la Production Industrielle par Branches Regroupées,,Base 100 2007,2019 T1,169.3,169.3,2019 T1,2019 T1,trimestrielle,2019,Evolution de l'indice de la Production Industrielle par Branches Regroupées.csv,activites_economiques,AUTRES INDUSTRIES DE FABRICATION (Divisions 29 à 35 & P36),1.0,,
Evolution de l'indice de la Production Industrielle par Branches Regroupées,,Base 100 2007,2019 T2,168.0,168.0,2019 T2,2019 T2,trimestrielle,2019,Evolution de l'indice de la Production Industrielle par Branches Regroupées.csv,activites_economiques,AUTRES INDUSTRIES DE FABRICATION (Divisions 29 à 35 & P36),2.0,,
Evolution de l'indice de la Production Industrielle par Branches Regroupées,,Base 100 2007,2019 T3,127.6,127.6,2019 T3,2019 T3,trimestrielle,2019,Evolution de l'indice de la Production Industrielle par Branches Regroupées.csv,activites_economiques,AUTRES INDUSTRIES DE FABRICATION (Divisions 29 à 35 & P36),3.0,,
Evolution de l'indice de la Production Industrielle par Branches Regroupées,,Base 100 2007,2019 T4,133.753348,133.753348,2019 T4,2019 T4,trimestrielle,2019,Evolution de l'indice de la Production Industrielle par Branches Regroupées.csv,activites_economiques,AUTRES INDUSTRIES DE FABRICATION (Divisions 29 à 35 & P36),4.0,,
Evolution de l'indice de la Production Industrielle par Branches Regroupées,,Base 100 2007,2020 T1,133.0,133.0,2020 T1,2020 T1,trimestrielle,2020,Evolution de l'indice de la Production Industrielle par Branches Regroupées.csv,activites_economiques,AUTRES INDUSTRIES DE FABRICATION (Divisions 29 à 35 & P36),1.0,,
Evolution de l'indice de la Production Industrielle par Branches Regroupées,,Base 100 2007,2020 T2,168.0,168.0,2020 T2,2020 T2,trimestrielle,2020,Evolution de l'indice de la Production Industrielle par Branches Regroupées.csv,activites_economiques,AUTRES INDUSTRIES DE FABRICATION (Divisions 29 à 35 & P36),2.0,,
Evolution de l'indice de la Production Industrielle par Branches Regroupées,,Base 100 2007,2020 T3,172.1,172.1,2020 T3,2020 T3,trimestrielle,2020,Evolution de l'indice de la Production Industrielle par Branches Regroupées.csv,activites_economiques,AUTRES INDUSTRIES DE FABRICATION (Divisions 29 à 35 & P36),3.0,,
Evolution de l'indice de la Production Industrielle par Branches Regroupées,,Base 100 2007,2020 T4,169.9,169.9,2020 T4,2020 T4,trimestrielle,2020,Evolution de l'indice de la Production Industrielle par Branches Regroupées.csv,activites_economiques,AUTRES INDUSTRIES DE FABRICATION (Divisions 29 à 35 & P36),4.0,,
Evolution de l'indice de la Production Industrielle par Branches Regroupées,,Base 100 2007,2007 T1,93.5,93.5,2007 T1,2007 T1,trimestrielle,2007,Evolution de l'indice de la Production Industrielle par Branches Regroupées.csv,activites_economiques,"ELECTRICTE, GAZ ET EAU (Divisions 40 & 41)",1.0,,
Evolution de l'indice de la Production Industrielle par Branches Regroupées,,Base 100 2007,2007 T2,114.6,114.6,2007 T2,2007 T2,trimestrielle,2007,Evolution de l'indice de la Production Industrielle par Branches Regroupées.csv,activites_economiques,"ELECTRICTE, GAZ ET EAU (Divisions 40 & 41)",2.0,,
Evolution de l'indice de la Production Industrielle par Branches Regroupées,,Base 100 2007,2007 T3,91.1,91.1,2007 T3,2007 T3,trimestrielle,2007,Evolution de l'indice de la Production Industrielle par Branches Regroupées.csv,activites_economiques,"ELECTRICTE, GAZ ET EAU (Divisions 40 & 41)",3.0,,
Evolution de l'indice de la Production Industrielle par Branches Regroupées,,Base 100 2007,2007 T4,100.8,100.8,2007 T4,2007 T4,trimestrielle,2007,Evolution de l'indice de la Production Industrielle par Branches Regroupées.csv,activites_economiques,"ELECTRICTE, GAZ ET EAU (Divisions 40 & 41)",4.0,,
Evolution de l'indice de la Production Industrielle par Branches Regroupées,,Base 100 2007,2008 T1,94.3,94.3,2008 T1,2008 T1,trimestrielle,2008,Evolution de l'indice de la Production Industrielle par Branches Regroupées.csv,activites_economiques,"ELECTRICTE, GAZ ET EAU (Divisions 40 & 41)",1.0,,
Evolution de l'indice de la Production Industrielle par Branches Regroupées,,Base 100 2007,2008 T2,117.0,117.0,2008 T2,2008 T2,trimestrielle,2008,Evolution de l'indice de la Production Industrielle par Branches Regroupées.csv,activites_economiques,"ELECTRICTE, GAZ ET EAU (Divisions 40 & 41)",2.0,,
Evolution de l'indice de la Production Industrielle par Branches Regroupées,,Base 100 2007,2008 T3,92.7,92.7,2008 T3,2008 T3,trimestrielle,2008,Evolution de l'indice de la Production Industrielle par Branches Regroupées.csv,activites_economiques,"ELECTRICTE, GAZ ET EAU (Divisions 40 & 41)",3.0,,
Evolution de l'indice de la Production Industrielle par Branches Regroupées,,Base 100 2007,2008 T4,102.6,102.6,2008 T4,2008 T4,trimestrielle,2008,Evolution de l'indice de la Production Industrielle par Branches Regroupées.csv,activites_economiques,"ELECTRICTE, GAZ ET EAU (Divisions 40 & 41)",4.0,,
Evolution de l'indice de la Production Industrielle par Branches Regroupées,,Base 100 2007,2009 T1,95.9,95.9,2009 T1,2009 T1,trimestrielle,2009,Evolution de l'indice de la Production Industrielle par Branches Regroupées.csv,activites_economiques,"ELECTRICTE, GAZ ET EAU (Divisions 40 & 41)",1.0,,
Evolution de l'indice de la Production Industrielle par Branches Regroupées,,Base 100 2007,2009 T2,118.9,118.9,2009 T2,2009 T2,trimestrielle,2009,Evolution de l'indice de la Production Industrielle par Branches Regroupées.csv,activites_economiques,"ELECTRICTE, GAZ ET EAU (Divisions 40 & 41)",2.0,,
Evolution de l'indice de la Production Industrielle par Branches Regroupées,,Base 100 2007,2009 T3,94.2,94.2,2009 T3,2009 T3,trimestrielle,2009,Evolution de l'indice de la Production Industrielle par Branches Regroupées.csv,activites_economiques,"ELECTRICTE, GAZ ET EAU (Divisions 40 & 41)",3.0,,
Evolution de l'indice de la Production Industrielle par Branches Regroupées,,Base 100 2007,2009 T4,104.4,104.4,2009 T4,2009 T4,trimestrielle,2009,Evolution de l'indice de la Production Industrielle par Branches Regroupées.csv,activites_economiques,"ELECTRICTE, GAZ ET EAU (Divisions 40 & 41)",4.0,,
Evolution de l'indice de la Production Industrielle par Branches Regroupées,,Base 100 2007,2010 T1,97.5,97.5,2010 T1,2010 T1,trimestrielle,2010,Evolution de l'indice de la Production Industrielle par Branches Regroupées.csv,activites_economiques,"ELECTRICTE, GAZ ET EAU (Divisions 40 & 41)",1.0,,
Evolution de l'indice de la Production Industrielle par Branches Regroupées,,Base 100 2007,2010 T2,121.4,121.4,2010 T2,2010 T2,trimestrielle,2010,Evolution de l'indice de la Production Industrielle par Branches Regroupées.csv,activites_economiques,"ELECTRICTE, GAZ ET EAU (Divisions 40 & 41)",2.0,,
Evolution de l'indice de la Production Industrielle par Branches Regroupées,,Base 100 2007,2010 T3,70.7,70.7,2010 T3,2010 T3,trimestrielle,2010,Evolution de l'indice de la Production Industrielle par Branches Regroupées.csv,activites_economiques,"ELECTRICTE, GAZ ET EAU (Divisions 40 & 41)",3.0,,
Evolution de l'indice de la Production Industrielle par Branches Regroupées,,Base 100 2007,2010 T4,64.0,64.0,2010 T4,2010 T4,trimestrielle,2010,Evolution de l'indice de la Production Industrielle par Branches Regroupées.csv,activites_economiques,"ELECTRICTE, GAZ ET EAU (Divisions 40 & 41)",4.0,,
Evolution de l'indice de la Production Industrielle par Branches Regroupées,,Base 100 2007,2011 T1,60.7,60.7,2011 T1,2011 T1,trimestrielle,2011,Evolution de l'indice de la Production Industrielle par Branches Regroupées.csv,activites_economiques,"ELECTRICTE, GAZ ET EAU (Divisions 40 & 41)",1.0,,
Evolution de l'indice de la Production Industrielle par Branches Regroupées,,Base 100 2007,2011 T2,161.0,161.0,2011 T2,2011 T2,trimestrielle,2011,Evolution de l'indice de la Production Industrielle par Branches Regroupées.csv,activites_economiques,"ELECTRICTE, GAZ ET EAU (Divisions 40 & 41)",2.0,,
Evolution de l'indice de la Production Industrielle par Branches Regroupées,,Base 100 2007,2011 T3,67.1,67.1,2011 T3,2011 T3,trimestrielle,2011,Evolution de l'indice de la Production Industrielle par Branches Regroupées.csv,activites_economiques,"ELECTRICTE, GAZ ET EAU (Divisions 40 & 41)",3.0,,
Evolution de l'indice de la Production Industrielle par Branches Regroupées,,Base 100 2007,2011 T4,98.9,98.9,2011 T4,2011 T4,trimestrielle,2011,Evolution de l'indice de la Production Industrielle par Branches Regroupées.csv,activites_economiques,"ELECTRICTE, GAZ ET EAU (Divisions 40 & 41)",4.0,,
Evolution de l'indice de la Production Industrielle par Branches Regroupées,,Base 100 2007,2012 T1,122.7,122.7,2012 T1,2012 T1,trimestrielle,2012,Evolution de l'indice de la Production Industrielle par Branches Regroupées.csv,activites_economiques,"ELECTRICTE, GAZ ET EAU (Divisions 40 & 41)",1.0,,
Evolution de l'indice de la Production Industrielle par Branches Regroupées,,Base 100 2007,2012 T2,140.1,140.1,2012 T2,2012 T2,trimestrielle,2012,Evolution de l'indice de la Production Industrielle par Branches Regroupées.csv,activites_economiques,"ELECTRICTE, GAZ ET EAU (Divisions 40 & 41)",2.0,,
Evolution de l'indice de la Production Industrielle par Branches Regroupées,,Base 100 2007,2012 T3,85.0,85.0,2012 T3,2012 T3,trimestrielle,2012,Evolution de l'indice de la Production Industrielle par Branches Regroupées.csv,activites_economiques,"ELECTRICTE, GAZ ET EAU (Divisions 40 & 41)",3.0,,
Evolution de l'indice de la Production Industrielle par Branches Regroupées,,Base 100 2007,2012 T4,99.0,99.0,2012 T4,2012 T4,trimestrielle,2012,Evolution de l'indice de la Production Industrielle par Branches Regroupées.csv,activites_economiques,"ELECTRICTE, GAZ ET EAU (Divisions 40 & 41)",4.0,,
Evolution de l'indice de la Production Industrielle par Branches Regroupées,,Base 100 2007,2013 T1,111.2,111.2,2013 T1,2013 T1,trimestrielle,2013,Evolution de l'indice de la Production Industrielle par Branches Regroupées.csv,activites_economiques,"ELECTRICTE, GAZ ET EAU (Divisions 40 & 41)",1.0,,
Evolution de l'indice de la Production Industrielle par Branches Regroupées,,Base 100 2007,2013 T2,169.6,169.6,2013 T2,2013 T2,trimestrielle,2013,Evolution de l'indice de la Production Industrielle par Branches Regroupées.csv,activites_economiques,"ELECTRICTE, GAZ ET EAU (Divisions 40 & 41)",2.0,,
Evolution de l'indice de la Production Industrielle par Branches Regroupées,,Base 100 2007,2013 T3,125.5,125.5,2013 T3,2013 T3,trimestrielle,2013,Evolution de l'indice de la Production Industrielle par Branches Regroupées.csv,activites_economiques,"ELECTRICTE, GAZ ET EAU (Divisions 40 & 41)",3.0,,
Evolution de l'indice de la Production Industrielle par Branches Regroupées,,Base 100 2007,2013 T4,119.0,119.0,2013 T4,2013 T4,trimestrielle,2013,Evolution de l'indice de la Production Industrielle par Branches Regroupées.csv,activites_economiques,"ELECTRICTE, GAZ ET EAU (Divisions 40 & 41)",4.0,,
Evolution de l'indice de la Production Industrielle par Branches Regroupées,,Base 100 2007,2014 T1,107.4,107.4,2014 T1,2014 T1,trimestrielle,2014,Evolution de l'indice de la Production Industrielle par Branches Regroupées.csv,activites_economiques,"ELECTRICTE, GAZ ET EAU (Divisions 40 & 41)",1.0,,
Evolution de l'indice de la Production Industrielle par Branches Regroupées,,Base 100 2007,2014 T2,165.4,165.4,2014 T2,2014 T2,trimestrielle,2014,Evolution de l'indice de la Production Industrielle par Branches Regroupées.csv,activites_economiques,"ELECTRICTE, GAZ ET EAU (Divisions 40 & 41)",2.0,,
Evolution de l'indice de la Production Industrielle par Branches Regroupées,,Base 100 2007,2014 T3,132.9,132.9,2014 T3,2014 T3,trimestrielle,2014,Evolution de l'indice de la Production Industrielle par Branches Regroupées.csv,activites_economiques,"ELECTRICTE, GAZ ET EAU (Divisions 40 & 41)",3.0,,
Evolution de l'indice de la Production Industrielle par Branches Regroupées,,Base 100 2007,2014 T4,126.9,126.9,2014 T4,2014 T4,trimestrielle,2014,Evolution de l'indice de la Production Industrielle par Branches Regroupées.csv,activites_economiques,"ELECTRICTE, GAZ ET EAU (Divisions 40 & 41)",4.0,,
Evolution de l'indice de la Production Industrielle par Branches Regroupées,,Base 100 2007,2015 T1,162.8,162.8,2015 T1,2015 T1,trimestrielle,2015,Evolution de l'indice de la Production Industrielle par Branches Regroupées.csv,activites_economiques,"ELECTRICTE, GAZ ET EAU (Divisions 40 & 41)",1.0,,
Evolution de l'indice de la Production Industrielle par Branches Regroupées,,Base 100 2007,2015 T2,202.1,202.1,2015 T2,2015 T2,trimestrielle,2015,Evolution de l'indice de la Production Industrielle par Branches Regroupées.csv,activites_economiques,"ELECTRICTE, GAZ ET EAU (Divisions 40 & 41)",2.0,,
Evolution de l'indice de la Production Industrielle par Branches Regroupées,,Base 100 2007,2015 T3,163.9,163.9,2015 T3,2015 T3,trimestrielle,2015,Evolution de l'indice de la Production Industrielle par Branches Regroupées.csv,activites_economiques,"ELECTRICTE, GAZ ET EAU (Divisions 40 & 41)",3.0,,
Evolution de l'indice de la Production Industrielle par Branches Regroupées,,Base 100 2007,2015 T4,148.9,148.9,2015 T4,2015 T4,trimestrielle,2015,Evolution de l'indice de la Production Industrielle par Branches Regroupées.csv,activites_economiques,"ELECTRICTE, GAZ ET EAU (Divisions 40 & 41)",4.0,,
Evolution de l'indice de la Production Industrielle par Branches Regroupées,,Base 100 2007,2016 T1,164.4,164.4,2016 T1,2016 T1,trimestrielle,2016,Evolution de l'indice de la Production Industrielle par Branches Regroupées.csv,activites_economiques,"ELECTRICTE, GAZ ET EAU (Divisions 40 & 41)",1.0,,
Evolution de l'indice de la Production Industrielle par Branches Regroupées,,Base 100 2007,2016 T2,193.1,193.1,2016 T2,2016 T2,trimestrielle,2016,Evolution de l'indice de la Production Industrielle par Branches Regroupées.csv,activites_economiques,"ELECTRICTE, GAZ ET EAU (Divisions 40 & 41)",2.0,,
Evolution de l'indice de la Production Industrielle par Branches Regroupées,,Base 100 2007,2016 T3,142.2,142.2,2016 T3,2016 T3,trimestrielle,2016,Evolution de l'indice de la Production Industrielle par Branches Regroupées.csv,activites_economiques,"ELECTRICTE, GAZ ET EAU (Divisions 40 & 41)",3.0,,
Evolution de l'indice de la Production Industrielle par Branches Regroupées,,Base 100 2007,2016 T4,164.2,164.2,2016 T4,2016 T4,trimestrielle,2016,Evolution de l'indice de la Production Industrielle par Branches Regroupées.csv,activites_economiques,"ELECTRICTE, GAZ ET EAU (Divisions 40 & 41)",4.0,,
Evolution de l'indice de la Production Industrielle par Branches Regroupées,,Base 100 2007,2017 T1,182.4,182.4,2017 T1,2017 T1,trimestrielle,2017,Evolution de l'indice de la Production Industrielle par Branches Regroupées.csv,activites_economiques,"ELECTRICTE, GAZ ET EAU (Divisions 40 & 41)",1.0,,
Evolution de l'indice de la Production Industrielle par Branches Regroupées,,Base 100 2007,2017 T2,218.9,218.9,2017 T2,2017 T2,trimestrielle,2017,Evolution de l'indice de la Production Industrielle par Branches Regroupées.csv,activites_economiques,"ELECTRICTE, GAZ ET EAU (Divisions 40 & 41)",2.0,,
Evolution de l'indice de la Production Industrielle par Branches Regroupées,,Base 100 2007,2017 T3,159.8,159.8,2017 T3,2017 T3,trimestrielle,2017,Evolution de l'indice de la Production Industrielle par Branches Regroupées.csv,activites_economiques,"ELECTRICTE, GAZ ET EAU (Divisions 40 & 41)",3.0,,
Evolution de l'indice de la Production Industrielle par Branches Regroupées,,Base 100 2007,2017 T4,187.4,187.4,2017 T4,2017 T4,trimestrielle,2017,Evolution de l'indice de la Production Industrielle par Branches Regroupées.csv,activites_economiques,"ELECTRICTE, GAZ ET EAU (Divisions 40 & 41)",4.0,,
Evolution de l'indice de la Production Industrielle par Branches Regroupées,,Base 100 2007,2018 T1,196.2,196.2,2018 T1,2018 T1,trimestrielle,2018,Evolution de l'indice de la Production Industrielle par Branches Regroupées.csv,activites_economiques,"ELECTRICTE, GAZ ET EAU (Divisions 40 & 41)",1.0,,
Evolution de l'indice de la Production Industrielle par Branches Regroupées,,Base 100 2007,2018 T2,216.0,216.0,2018 T2,2018 T2,trimestrielle,2018,Evolution de l'indice de la Production Industrielle par Branches Regroupées.csv,activites_economiques,"ELECTRICTE, GAZ ET EAU (Divisions 40 & 41)",2.0,,
Evolution de l'indice de la Production Industrielle par Branches Regroupées,,Base 100 2007,2018 T3,130.1,130.1,2018 T3,2018 T3,trimestrielle,2018,Evolution de l'indice de la Production Industrielle par Branches Regroupées.csv,activites_economiques,"ELECTRICTE, GAZ ET EAU (Divisions 40 & 41)",3.0,,
Evolution de l'indice de la Production Industrielle par Branches Regroupées,,Base 100 2007,2018 T4,166.2,166.2,2018 T4,2018 T4,trimestrielle,2018,Evolution de l'indice de la Production Industrielle par Branches Regroupées.csv,activites_economiques,"ELECTRICTE, GAZ ET EAU (Divisions 40 & 41)",4.0,,
Evolution de l'indice de la Production Industrielle par Branches Regroupées,,Base 100 2007,2019 T1,148.9,148.9,2019 T1,2019 T1,trimestrielle,2019,Evolution de l'indice de la Production Industrielle par Branches Regroupées.csv,activites_economiques,"ELECTRICTE, GAZ ET EAU (Divisions 40 & 41)",1.0,,
Evolution de l'indice de la Production Industrielle par Branches Regroupées,,Base 100 2007,2019 T2,167.7,167.7,2019 T2,2019 T2,trimestrielle,2019,Evolution de l'indice de la Production Industrielle par Branches Regroupées.csv,activites_economiques,"ELECTRICTE, GAZ ET EAU (Divisions 40 & 41)",2.0,,
Evolution de l'indice de la Production Industrielle par Branches Regroupées,,Base 100 2007,2019 T3,119.0,119.0,2019 T3,2019 T3,trimestrielle,2019,Evolution de l'indice de la Production Industrielle par Branches Regroupées.csv,activites_economiques,"ELECTRICTE, GAZ ET EAU (Divisions 40 & 41)",3.0,,
Evolution de l'indice de la Production Industrielle par Branches Regroupées,,Base 100 2007,2019 T4,109.013238,109.013238,2019 T4,2019 T4,trimestrielle,2019,Evolution de l'indice de la Production Industrielle par Branches Regroupées.csv,activites_economiques,"ELECTRICTE, GAZ ET EAU (Divisions 40 & 41)",4.0,,
Evolution de l'indice de la Production Industrielle par Branches Regroupées,,Base 100 2007,2020 T1,98.0,98.0,2020 T1,2020 T1,trimestrielle,2020,Evolution de l'indice de la Production Industrielle par Branches Regroupées.csv,activites_economiques,"ELECTRICTE, GAZ ET EAU (Divisions 40 & 41)",1.0,,
Evolution de l'indice de la Production Industrielle par Branches Regroupées,,Base 100 2007,2020 T2,153.3,153.3,2020 T2,2020 T2,trimestrielle,2020,Evolution de l'indice de la Production Industrielle par Branches Regroupées.csv,activites_economiques,"ELECTRICTE, GAZ ET EAU (Divisions 40 & 41)",2.0,,
Evolution de l'indice de la Production Industrielle par Branches Regroupées,,Base 100 2007,2020 T3,111.7,111.7,2020 T3,2020 T3,trimestrielle,2020,Evolution de l'indice de la Production Industrielle par Branches Regroupées.csv,activites_economiques,"ELECTRICTE, GAZ ET EAU (Divisions 40 & 41)",3.0,,
Evolution de l'indice de la Production Industrielle par Branches Regroupées,,Base 100 2007,2020 T4,120.8,120.8,2020 T4,2020 T4,trimestrielle,2020,Evolution de l'indice de la Production Industrielle par Branches Regroupées.csv,activites_economiques,"ELECTRICTE, GAZ ET EAU (Divisions 40 & 41)",4.0,,
Evolution de l'indice de la Production Industrielle par Branches Regroupées,,Base 100 2007,2007 T1,109.4,109.4,2007 T1,2007 T1,trimestrielle,2007,Evolution de l'indice de la Production Industrielle par Branches Regroupées.csv,activites_economiques,INDICE GLOBAL,1.0,,
Evolution de l'indice de la Production Industrielle par Branches Regroupées,,Base 100 2007,2007 T2,95.4,95.4,2007 T2,2007 T2,trimestrielle,2007,Evolution de l'indice de la Production Industrielle par Branches Regroupées.csv,activites_economiques,INDICE GLOBAL,2.0,,
Evolution de l'indice de la Production Industrielle par Branches Regroupées,,Base 100 2007,2007 T3,97.6,97.6,2007 T3,2007 T3,trimestrielle,2007,Evolution de l'indice de la Production Industrielle par Branches Regroupées.csv,activites_economiques,INDICE GLOBAL,3.0,,
Evolution de l'indice de la Production Industrielle par Branches Regroupées,,Base 100 2007,2007 T4,97.7,97.7,2007 T4,2007 T4,trimestrielle,2007,Evolution de l'indice de la Production Industrielle par Branches Regroupées.csv,activites_economiques,INDICE GLOBAL,4.0,,
Evolution de l'indice de la Production Industrielle par Branches Regroupées,,Base 100 2007,2008 T1,151.4,151.4,2008 T1,2008 T1,trimestrielle,2008,Evolution de l'indice de la Production Industrielle par Branches Regroupées.csv,activites_economiques,INDICE GLOBAL,1.0,,
Evolution de l'indice de la Production Industrielle par Branches Regroupées,,Base 100 2007,2008 T2,145.7,145.7,2008 T2,2008 T2,trimestrielle,2008,Evolution de l'indice de la Production Industrielle par Branches Regroupées.csv,activites_economiques,INDICE GLOBAL,2.0,,
Evolution de l'indice de la Production Industrielle par Branches Regroupées,,Base 100 2007,2008 T3,83.6,83.6,2008 T3,2008 T3,trimestrielle,2008,Evolution de l'indice de la Production Industrielle par Branches Regroupées.csv,activites_economiques,INDICE GLOBAL,3.0,,
Evolution de l'indice de la Production Industrielle par Branches Regroupées,,Base 100 2007,2008 T4,102.5,102.5,2008 T4,2008 T4,trimestrielle,2008,Evolution de l'indice de la Production Industrielle par Branches Regroupées.csv,activites_economiques,INDICE GLOBAL,4.0,,
Evolution de l'indice de la Production Industrielle par Branches Regroupées,,Base 100 2007,2009 T1,129.9,129.9,2009 T1,2009 T1,trimestrielle,2009,Evolution de l'indice de la Production Industrielle par Branches Regroupées.csv,activites_economiques,INDICE GLOBAL,1.0,,
Evolution de l'indice de la Production Industrielle par Branches Regroupées,,Base 100 2007,2009 T2,108.1,108.1,2009 T2,2009 T2,trimestrielle,2009,Evolution de l'indice de la Production Industrielle par Branches Regroupées.csv,activites_economiques,INDICE GLOBAL,2.0,,
Evolution de l'indice de la Production Industrielle par Branches Regroupées,,Base 100 2007,2009 T3,92.8,92.8,2009 T3,2009 T3,trimestrielle,2009,Evolution de l'indice de la Production Industrielle par Branches Regroupées.csv,activites_economiques,INDICE GLOBAL,3.0,,
Evolution de l'indice de la Production Industrielle par Branches Regroupées,,Base 100 2007,2009 T4,123.9,123.9,2009 T4,2009 T4,trimestrielle,2009,Evolution de l'indice de la Production Industrielle par Branches Regroupées.csv,activites_economiques,INDICE GLOBAL,4.0,,
Evolution de l'indice de la Production Industrielle par Branches Regroupées,,Base 100 2007,2010 T1,137.8,137.8,2010 T1,2010 T1,trimestrielle,2010,Evolution de l'indice de la Production Industrielle par Branches Regroupées.csv,activites_economiques,INDICE GLOBAL,1.0,,
Evolution de l'indice de la Production Industrielle par Branches Regroupées,,Base 100 2007,2010 T2,134.6,134.6,2010 T2,2010 T2,trimestrielle,2010,Evolution de l'indice de la Production Industrielle par Branches Regroupées.csv,activites_economiques,INDICE GLOBAL,2.0,,
Evolution de l'indice de la Production Industrielle par Branches Regroupées,,Base 100 2007,2010 T3,122.5,122.5,2010 T3,2010 T3,trimestrielle,2010,Evolution de l'indice de la Production Industrielle par Branches Regroupées.csv,activites_economiques,INDICE GLOBAL,3.0,,
Evolution de l'indice de la Production Industrielle par Branches Regroupées,,Base 100 2007,2010 T4,141.5,141.5,2010 T4,2010 T4,trimestrielle,2010,Evolution de l'indice de la Production Industrielle par Branches Regroupées.csv,activites_economiques,INDICE GLOBAL,4.0,,
Evolution de l'indice de la Production Industrielle par Branches Regroupées,,Base 100 2007,2011 T1,131.0,131.0,2011 T1,2011 T1,trimestrielle,2011,Evolution de l'indice de la Production Industrielle par Branches Regroupées.csv,activites_economiques,INDICE GLOBAL,1.0,,
Evolution de l'indice de la Production Industrielle par Branches Regroupées,,Base 100 2007,2011 T2,126.4,126.4,2011 T2,2011 T2,trimestrielle,2011,Evolution de l'indice de la Production Industrielle par Branches Regroupées.csv,activites_economiques,INDICE GLOBAL,2.0,,
Evolution de l'indice de la Production Industrielle par Branches Regroupées,,Base 100 2007,2011 T3,109.9,109.9,2011 T3,2011 T3,trimestrielle,2011,Evolution de l'indice de la Production Industrielle par Branches Regroupées.csv,activites_economiques,INDICE GLOBAL,3.0,,
Evolution de l'indice de la Production Industrielle par Branches Regroupées,,Base 100 2007,2011 T4,129.1,129.1,2011 T4,2011 T4,trimestrielle,2011,Evolution de l'indice de la Production Industrielle par Branches Regroupées.csv,activites_economiques,INDICE GLOBAL,4.0,,
Evolution de l'indice de la Production Industrielle par Branches Regroupées,,Base 100 2007,2012 T1,148.6,148.6,2012 T1,2012 T1,trimestrielle,2012,Evolution de l'indice de la Production Industrielle par Branches Regroupées.csv,activites_economiques,INDICE GLOBAL,1.0,,
Evolution de l'indice de la Production Industrielle par Branches Regroupées,,Base 100 2007,2012 T2,140.0,140.0,2012 T2,2012 T2,trimestrielle,2012,Evolution de l'indice de la Production Industrielle par Branches Regroupées.csv,activites_economiques,INDICE GLOBAL,2.0,,
Evolution de l'indice de la Production Industrielle par Branches Regroupées,,Base 100 2007,2012 T3,105.7,105.7,2012 T3,2012 T3,trimestrielle,2012,Evolution de l'indice de la Production Industrielle par Branches Regroupées.csv,activites_economiques,INDICE GLOBAL,3.0,,
Evolution de l'indice de la Production Industrielle par Branches Regroupées,,Base 100 2007,2012 T4,123.5,123.5,2012 T4,2012 T4,trimestrielle,2012,Evolution de l'indice de la Production Industrielle par Branches Regroupées.csv,activites_economiques,INDICE GLOBAL,4.0,,
Evolution de l'indice de la Production Industrielle par Branches Regroupées,,Base 100 2007,2013 T1,159.7,159.7,2013 T1,2013 T1,trimestrielle,2013,Evolution de l'indice de la Production Industrielle par Branches Regroupées.csv,activites_economiques,INDICE GLOBAL,1.0,,
Evolution de l'indice de la Production Industrielle par Branches Regroupées,,Base 100 2007,2013 T2,145.4,145.4,2013 T2,2013 T2,trimestrielle,2013,Evolution de l'indice de la Production Industrielle par Branches Regroupées.csv,activites_economiques,INDICE GLOBAL,2.0,,
Evolution de l'indice de la Production Industrielle par Branches Regroupées,,Base 100 2007,2013 T3,117.6,117.6,2013 T3,2013 T3,trimestrielle,2013,Evolution de l'indice de la Production Industrielle par Branches Regroupées.csv,activites_economiques,INDICE GLOBAL,3.0,,
Evolution de l'indice de la Production Industrielle par Branches Regroupées,,Base 100 2007,2013 T4,121.9,121.9,2013 T4,2013 T4,trimestrielle,2013,Evolution de l'indice de la Production Industrielle par Branches Regroupées.csv,activites_economiques,INDICE GLOBAL,4.0,,
Evolution de l'indice de la Production Industrielle par Branches Regroupées,,Base 100 2007,2014 T1,140.7,140.7,2014 T1,2014 T1,trimestrielle,2014,Evolution de l'indice de la Production Industrielle par Branches Regroupées.csv,activites_economiques,INDICE GLOBAL,1.0,,
Evolution de l'indice de la Production Industrielle par Branches Regroupées,,Base 100 2007,2014 T2,149.8,149.8,2014 T2,2014 T2,trimestrielle,2014,Evolution de l'indice de la Production Industrielle par Branches Regroupées.csv,activites_economiques,INDICE GLOBAL,2.0,,
Evolution de l'indice de la Production Industrielle par Branches Regroupées,,Base 100 2007,2014 T3,118.1,118.1,2014 T3,2014 T3,trimestrielle,2014,Evolution de l'indice de la Production Industrielle par Branches Regroupées.csv,activites_economiques,INDICE GLOBAL,3.0,,
Evolution de l'indice de la Production Industrielle par Branches Regroupées,,Base 100 2007,2014 T4,133.7,133.7,2014 T4,2014 T4,trimestrielle,2014,Evolution de l'indice de la Production Industrielle par Branches Regroupées.csv,activites_economiques,INDICE GLOBAL,4.0,,
Evolution de l'indice de la Production Industrielle par Branches Regroupées,,Base 100 2007,2015 T1,151.5,151.5,2015 T1,2015 T1,trimestrielle,2015,Evolution de l'indice de la Production Industrielle par Branches Regroupées.csv,activites_economiques,INDICE GLOBAL,1.0,,
Evolution de l'indice de la Production Industrielle par Branches Regroupées,,Base 100 2007,2015 T2,154.3,154.3,2015 T2,2015 T2,trimestrielle,2015,Evolution de l'indice de la Production Industrielle par Branches Regroupées.csv,activites_economiques,INDICE GLOBAL,2.0,,
Evolution de l'indice de la Production Industrielle par Branches Regroupées,,Base 100 2007,2015 T3,119.8,119.8,2015 T3,2015 T3,trimestrielle,2015,Evolution de l'indice de la Production Industrielle par Branches Regroupées.csv,activites_economiques,INDICE GLOBAL,3.0,,
Evolution de l'indice de la Production Industrielle par Branches Regroupées,,Base 100 2007,2015 T4,135.5,135.5,2015 T4,2015 T4,trimestrielle,2015,Evolution de l'indice de la Production Industrielle par Branches Regroupées.csv,activites_economiques,INDICE GLOBAL,4.0,,
Evolution de l'indice de la Production Industrielle par Branches Regroupées,,Base 100 2007,2016 T1,155.8,155.8,2016 T1,2016 T1,trimestrielle,2016,Evolution de l'indice de la Production Industrielle par Branches Regroupées.csv,activites_economiques,INDICE GLOBAL,1.0,,
Evolution de l'indice de la Production Industrielle par Branches Regroupées,,Base 100 2007,2016 T2,152.5,152.5,2016 T2,2016 T2,trimestrielle,2016,Evolution de l'indice de la Production Industrielle par Branches Regroupées.csv,activites_economiques,INDICE GLOBAL,2.0,,
Evolution de l'indice de la Production Industrielle par Branches Regroupées,,Base 100 2007,2016 T3,139.4,139.4,2016 T3,2016 T3,trimestrielle,2016,Evolution de l'indice de la Production Industrielle par Branches Regroupées.csv,activites_economiques,INDICE GLOBAL,3.0,,
Evolution de l'indice de la Production Industrielle par Branches Regroupées,,Base 100 2007,2016 T4,156.5,156.5,2016 T4,2016 T4,trimestrielle,2016,Evolution de l'indice de la Production Industrielle par Branches Regroupées.csv,activites_economiques,INDICE GLOBAL,4.0,,
Evolution de l'indice de la Production Industrielle par Branches Regroupées,,Base 100 2007,2017 T1,164.9,164.9,2017 T1,2017 T1,trimestrielle,2017,Evolution de l'indice de la Production Industrielle par Branches Regroupées.csv,activites_economiques,INDICE GLOBAL,1.0,,
Evolution de l'indice de la Production Industrielle par Branches Regroupées,,Base 100 2007,2017 T2,168.0,168.0,2017 T2,2017 T2,trimestrielle,2017,Evolution de l'indice de la Production Industrielle par Branches Regroupées.csv,activites_economiques,INDICE GLOBAL,2.0,,
Evolution de l'indice de la Production Industrielle par Branches Regroupées,,Base 100 2007,2017 T3,138.7,138.7,2017 T3,2017 T3,trimestrielle,2017,Evolution de l'indice de la Production Industrielle par Branches Regroupées.csv,activites_economiques,INDICE GLOBAL,3.0,,
Evolution de l'indice de la Production Industrielle par Branches Regroupées,,Base 100 2007,2017 T4,153.8,153.8,2017 T4,2017 T4,trimestrielle,2017,Evolution de l'indice de la Production Industrielle par Branches Regroupées.csv,activites_economiques,INDICE GLOBAL,4.0,,
Evolution de l'indice de la Production Industrielle par Branches Regroupées,,Base 100 2007,2018 T1,166.8,166.8,2018 T1,2018 T1,trimestrielle,2018,Evolution de l'indice de la Production Industrielle par Branches Regroupées.csv,activites_economiques,INDICE GLOBAL,1.0,,
Evolution de l'indice de la Production Industrielle par Branches Regroupées,,Base 100 2007,2018 T2,172.0,172.0,2018 T2,2018 T2,trimestrielle,2018,Evolution de l'indice de la Production Industrielle par Branches Regroupées.csv,activites_economiques,INDICE GLOBAL,2.0,,
Evolution de l'indice de la Production Industrielle par Branches Regroupées,,Base 100 2007,2018 T3,136.1,136.1,2018 T3,2018 T3,trimestrielle,2018,Evolution de l'indice de la Production Industrielle par Branches Regroupées.csv,activites_economiques,INDICE GLOBAL,3.0,,
Evolution de l'indice de la Production Industrielle par Branches Regroupées,,Base 100 2007,2018 T4,170.0,170.0,2018 T4,2018 T4,trimestrielle,2018,Evolution de l'indice de la Production Industrielle par Branches Regroupées.csv,activites_economiques,INDICE GLOBAL,4.0,,
Evolution de l'indice de la Production Industrielle par Branches Regroupées,,Base 100 2007,2019 T1,172.3,172.3,2019 T1,2019 T1,trimestrielle,2019,Evolution de l'indice de la Production Industrielle par Branches Regroupées.csv,activites_economiques,INDICE GLOBAL,1.0,,
Evolution de l'indice de la Production Industrielle par Branches Regroupées,,Base 100 2007,2019 T2,166.5,166.5,2019 T2,2019 T2,trimestrielle,2019,Evolution de l'indice de la Production Industrielle par Branches Regroupées.csv,activites_economiques,INDICE GLOBAL,2.0,,
Evolution de l'indice de la Production Industrielle par Branches Regroupées,,Base 100 2007,2019 T3,145.1,145.1,2019 T3,2019 T3,trimestrielle,2019,Evolution de l'indice de la Production Industrielle par Branches Regroupées.csv,activites_economiques,INDICE GLOBAL,3.0,,
Evolution de l'indice de la Production Industrielle par Branches Regroupées,,Base 100 2007,2019 T4,168.618258,168.618258,2019 T4,2019 T4,trimestrielle,2019,Evolution de l'indice de la Production Industrielle par Branches Regroupées.csv,activites_economiques,INDICE GLOBAL,4.0,,
Evolution de l'indice de la Production Industrielle par Branches Regroupées,,Base 100 2007,2020 T1,166.6,166.6,2020 T1,2020 T1,trimestrielle,2020,Evolution de l'indice de la Production Industrielle par Branches Regroupées.csv,activites_economiques,INDICE GLOBAL,1.0,,
Evolution de l'indice de la Production Industrielle par Branches Regroupées,,Base 100 2007,2020 T2,174.9,174.9,2020 T2,2020 T2,trimestrielle,2020,Evolution de l'indice de la Production Industrielle par Branches Regroupées.csv,activites_economiques,INDICE GLOBAL,2.0,,
Evolution de l'indice de la Production Industrielle par Branches Regroupées,,Base 100 2007,2020 T3,151.3,151.3,2020 T3,2020 T3,trimestrielle,2020,Evolution de l'indice de la Production Industrielle par Branches Regroupées.csv,activites_economiques,INDICE GLOBAL,3.0,,
Evolution de l'indice de la Production Industrielle par Branches Regroupées,,Base 100 2007,2020 T4,172.1,172.1,2020 T4,2020 T4,trimestrielle,2020,Evolution de l'indice de la Production Industrielle par Branches Regroupées.csv,activites_economiques,INDICE GLOBAL,4.0,,
Répartition des entreprises enregistrées au CEFORE suivant les domaines d’activités,,Nombre,2018,6221.0,6221.0,2018,2018,annuelle,2018,Répartition des entreprises enregistrées au CEFORE suivant les domaines d’activités.csv,activites_economiques,,,Commerce,
Répartition des entreprises enregistrées au CEFORE suivant les domaines d’activités,,Nombre,2019,6362.0,6362.0,2019,2019,annuelle,2019,Répartition des entreprises enregistrées au CEFORE suivant les domaines d’activités.csv,activites_economiques,,,Commerce,
Répartition des entreprises enregistrées au CEFORE suivant les domaines d’activités,,Nombre,2020,7676.0,7676.0,2020,2020,annuelle,2020,Répartition des entreprises enregistrées au CEFORE suivant les domaines d’activités.csv,activites_economiques,,,Commerce,
Répartition des entreprises enregistrées au CEFORE suivant les domaines d’activités,,Nombre,2021,8043.0,8043.0,2021,2021,annuelle,2021,Répartition des entreprises enregistrées au CEFORE suivant les domaines d’activités.csv,activites_economiques,,,Commerce,
Répartition des entreprises enregistrées au CEFORE suivant les domaines d’activités,,Nombre,2022,8118.0,8118.0,2022,2022,annuelle,2022,Répartition des entreprises enregistrées au CEFORE suivant les domaines d’activités.csv,activites_economiques,,,Commerce,
Répartition des entreprises enregistrées au CEFORE suivant les domaines d’activités,,Nombre,2023,10356.0,10356.0,2023,2023,annuelle,2023,Répartition des entreprises enregistrées au CEFORE suivant les domaines d’activités.csv,activites_economiques,,,Commerce,
Répartition des entreprises enregistrées au CEFORE suivant les domaines d’activités,,Nombre,2018,662.0,662.0,2018,2018,annuelle,2018,Répartition des entreprises enregistrées au CEFORE suivant les domaines d’activités.csv,activites_economiques,,,Industrie,
Répartition des entreprises enregistrées au CEFORE suivant les domaines d’activités,,Nombre,2019,279.0,279.0,2019,2019,annuelle,2019,Répartition des entreprises enregistrées au CEFORE suivant les domaines d’activités.csv,activites_economiques,,,Industrie,
Répartition des entreprises enregistrées au CEFORE suivant les domaines d’activités,,Nombre,2020,310.0,310.0,2020,2020,annuelle,2020,Répartition des entreprises enregistrées au CEFORE suivant les domaines d’activités.csv,activites_economiques,,,Industrie,
Répartition des entreprises enregistrées au CEFORE suivant les domaines d’activités,,Nombre,2021,276.0,276.0,2021,2021,annuelle,2021,Répartition des entreprises enregistrées au CEFORE suivant les domaines d’activités.csv,activites_economiques,,,Industrie,
Répartition des entreprises enregistrées au CEFORE suivant les domaines d’activités,,Nombre,2022,498.0,498.0,2022,2022,annuelle,2022,Répartition des entreprises enregistrées au CEFORE suivant les domaines d’activités.csv,activites_economiques,,,Industrie,
Répartition des entreprises enregistrées au CEFORE suivant les domaines d’activités,,Nombre,2023,843.0,843.0,2023,2023,annuelle,2023,Répartition des entreprises enregistrées au CEFORE suivant les domaines d’activités.csv,activites_economiques,,,Industrie,
Répartition des entreprises enregistrées au CEFORE suivant les domaines d’activités,,Nombre,2018,5257.0,5257.0,2018,2018,annuelle,2018,Répartition des entreprises enregistrées au CEFORE suivant les domaines d’activités.csv,activites_economiques,,,Service,
Répartition des entreprises enregistrées au CEFORE suivant les domaines d’activités,,Nombre,2019,5427.0,5427.0,2019,2019,annuelle,2019,Répartition des entreprises enregistrées au CEFORE suivant les domaines d’activités.csv,activites_economiques,,,Service,
Répartition des entreprises enregistrées au CEFORE suivant les domaines d’activités,,Nombre,2020,6634.0,6634.0,2020,2020,annuelle,2020,Répartition des entreprises enregistrées au CEFORE suivant les domaines d’activités.csv,activites_economiques,,,Service,
Répartition des entreprises enregistrées au CEFORE suivant les domaines d’activités,,Nombre,2021,7569.0,7569.0,2021,2021,annuelle,2021,Répartition des entreprises enregistrées au CEFORE suivant les domaines d’activités.csv,activites_economiques,,,Service,
Répartition des entreprises enregistrées au CEFORE suivant les domaines d’activités,,Nombre,2022,8317.0,8317.0,2022,2022,annuelle,2022,Répartition des entreprises enregistrées au CEFORE suivant les domaines d’activités.csv,activites_economiques,,,Service,
Répartition des entreprises enregistrées au CEFORE suivant les domaines d’activités,,Nombre,2023,10107.0,10107.0,2023,2023,annuelle,2023,Répartition des entreprises enregistrées au CEFORE suivant les domaines d’activités.csv,activites_economiques,,,Service,
Répartition des entreprises enregistrées au CEFORE suivant les domaines d’activités,,Nombre,2018,371.0,371.0,2018,2018,annuelle,2018,Répartition des entreprises enregistrées au CEFORE suivant les domaines d’activités.csv,activites_economiques,,,Artisanat,
Répartition des entreprises enregistrées au CEFORE suivant les domaines d’activités,,Nombre,2019,1069.0,1069.0,2019,2019,annuelle,2019,Répartition des entreprises enregistrées au CEFORE suivant les domaines d’activités.csv,activites_economiques,,,Artisanat,
Répartition des entreprises enregistrées au CEFORE suivant les domaines d’activités,,Nombre,2020,1023.0,1023.0,2020,2020,annuelle,2020,Répartition des entreprises enregistrées au CEFORE suivant les domaines d’activités.csv,activites_economiques,,,Artisanat,
Répartition des entreprises enregistrées au CEFORE suivant les domaines d’activités,,Nombre,2021,1002.0,1002.0,2021,2021,annuelle,2021,Répartition des entreprises enregistrées au CEFORE suivant les domaines d’activités.csv,activites_economiques,,,Artisanat,
Répartition des entreprises enregistrées au CEFORE suivant les domaines d’activités,,Nombre,2022,612.0,612.0,2022,2022,annuelle,2022,Répartition des entreprises enregistrées au CEFORE suivant les domaines d’activités.csv,activites_economiques,,,Artisanat,
Répartition des entreprises enregistrées au CEFORE suivant les domaines d’activités,,Nombre,2023,481.0,481.0,2023,2023,annuelle,2023,Répartition des entreprises enregistrées au CEFORE suivant les domaines d’activités.csv,activites_economiques,,,Artisanat,
Répartition des entreprises enregistrées au CEFORE suivant les domaines d’activités,,Nombre,2018,12511.0,12511.0,2018,2018,annuelle,2018,Répartition des entreprises enregistrées au CEFORE suivant les domaines d’activités.csv,activites_economiques,,,Ensemble,
Répartition des entreprises enregistrées au CEFORE suivant les domaines d’activités,,Nombre,2019,13137.0,13137.0,2019,2019,annuelle,2019,Répartition des entreprises enregistrées au CEFORE suivant les domaines d’activités.csv,activites_economiques,,,Ensemble,
Répartition des entreprises enregistrées au CEFORE suivant les domaines d’activités,,Nombre,2020,15643.0,15643.0,2020,2020,annuelle,2020,Répartition des entreprises enregistrées au CEFORE suivant les domaines d’activités.csv,activites_economiques,,,Ensemble,
Répartition des entreprises enregistrées au CEFORE suivant les domaines d’activités,,Nombre,2021,16890.0,16890.0,2021,2021,annuelle,2021,Répartition des entreprises enregistrées au CEFORE suivant les domaines d’activités.csv,activites_economiques,,,Ensemble,
Répartition des entreprises enregistrées au CEFORE suivant les domaines d’activités,,Nombre,2022,17545.0,17545.0,2022,2022,annuelle,2022,Répartition des entreprises enregistrées au CEFORE suivant les domaines d’activités.csv,activites_economiques,,,Ensemble,
Répartition des entreprises enregistrées au CEFORE suivant les domaines d’activités,,Nombre,2023,21787.0,21787.0,2023,2023,annuelle,2023,Répartition des entreprises enregistrées au CEFORE suivant les domaines d’activités.csv,activites_economiques,,,Ensemble,
Répartition des travailleurs par branches d'activités selon le sexe,,%,2003,82.6,82.6,2003,2003,annuelle,2003,Répartition des travailleurs par branches d'activités selon le sexe.csv,activites_economiques,"Agriculture, chasse, sylviculture",,,Homme
Répartition des travailleurs par branches d'activités selon le sexe,,%,2005,82.199333190918,82.199333190918,2005,2005,annuelle,2005,Répartition des travailleurs par branches d'activités selon le sexe.csv,activites_economiques,"Agriculture, chasse, sylviculture",,,Homme
Répartition des travailleurs par branches d'activités selon le sexe,,%,2007,68.0,68.0,2007,2007,annuelle,2007,Répartition des travailleurs par branches d'activités selon le sexe.csv,activites_economiques,"Agriculture, chasse, sylviculture",,,Homme
Répartition des travailleurs par branches d'activités selon le sexe,,%,2010,78.1872096613156,78.1872096613156,2010,2010,annuelle,2010,Répartition des travailleurs par branches d'activités selon le sexe.csv,activites_economiques,"Agriculture, chasse, sylviculture",,,Homme
Répartition des travailleurs par branches d'activités selon le sexe,,%,2003,87.3,87.3,2003,2003,annuelle,2003,Répartition des travailleurs par branches d'activités selon le sexe.csv,activites_economiques,"Agriculture, chasse, sylviculture",,,Femme
Répartition des travailleurs par branches d'activités selon le sexe,,%,2005,87.147102355957,87.147102355957,2005,2005,annuelle,2005,Répartition des travailleurs par branches d'activités selon le sexe.csv,activites_economiques,"Agriculture, chasse, sylviculture",,,Femme
Répartition des travailleurs par branches d'activités selon le sexe,,%,2007,67.3,67.3,2007,2007,annuelle,2007,Répartition des travailleurs par branches d'activités selon le sexe.csv,activites_economiques,"Agriculture, chasse, sylviculture",,,Femme
Répartition des travailleurs par branches d'activités selon le sexe,,%,2010,83.4186472090702,83.4186472090702,2010,2010,annuelle,2010,Répartition des travailleurs par branches d'activités selon le sexe.csv,activites_economiques,"Agriculture, chasse, sylviculture",,,Femme
Répartition des travailleurs par branches d'activités selon le sexe,,%,2003,84.9,84.9,2003,2003,annuelle,2003,Répartition des travailleurs par branches d'activités selon le sexe.csv,activites_economiques,"Agriculture, chasse, sylviculture",,,Ensemble
Répartition des travailleurs par branches d'activités selon le sexe,,%,2005,84.6927261352539,84.6927261352539,2005,2005,annuelle,2005,Répartition des travailleurs par branches d'activités selon le sexe.csv,activites_economiques,"Agriculture, chasse, sylviculture",,,Ensemble
Répartition des travailleurs par branches d'activités selon le sexe,,%,2007,67.4,67.4,2007,2007,annuelle,2007,Répartition des travailleurs par branches d'activités selon le sexe.csv,activites_economiques,"Agriculture, chasse, sylviculture",,,Ensemble
Répartition des travailleurs par branches d'activités selon le sexe,,%,2010,80.9306828868412,80.9306828868412,2010,2010,annuelle,2010,Répartition des travailleurs par branches d'activités selon le sexe.csv,activites_economiques,"Agriculture, chasse, sylviculture",,,Ensemble
Répartition des travailleurs par branches d'activités selon le sexe,,%,2003,0.1,0.1,2003,2003,annuelle,2003,Répartition des travailleurs par branches d'activités selon le sexe.csv,activites_economiques,"Pêche, pisciculture, aquaculture",,,Homme
Répartition des travailleurs par branches d'activités selon le sexe,,%,2005,0.142914190888405,0.142914190888405,2005,2005,annuelle,2005,Répartition des travailleurs par branches d'activités selon le sexe.csv,activites_economiques,"Pêche, pisciculture, aquaculture",,,Homme
Répartition des travailleurs par branches d'activités selon le sexe,,%,2007,0.2,0.2,2007,2007,annuelle,2007,Répartition des travailleurs par branches d'activités selon le sexe.csv,activites_economiques,"Pêche, pisciculture, aquaculture",,,Homme
Répartition des travailleurs par branches d'activités selon le sexe,,%,2010,0.18446622955558,0.18446622955558,2010,2010,annuelle,2010,Répartition des travailleurs par branches d'activités selon le sexe.csv,activites_economiques,"Pêche, pisciculture, aquaculture",,,Homme
Répartition des travailleurs par branches d'activités selon le sexe,,%,2003,0.0,0.0,2003,2003,annuelle,2003,Répartition des travailleurs par branches d'activités selon le sexe.csv,activites_economiques,"Pêche, pisciculture, aquaculture",,,Femme
Répartition des travailleurs par branches d'activités selon le sexe,,%,2005,0.101368680596352,0.101368680596352,2005,2005,annuelle,2005,Répartition des travailleurs par branches d'activités selon le sexe.csv,activites_economiques,"Pêche, pisciculture, aquaculture",,,Femme
Répartition des travailleurs par branches d'activités selon le sexe,,%,2007,0.0,0.0,2007,2007,annuelle,2007,Répartition des travailleurs par branches d'activités selon le sexe.csv,activites_economiques,"Pêche, pisciculture, aquaculture",,,Femme
Répartition des travailleurs par branches d'activités selon le sexe,,%,2010,0.0718158148440989,0.0718158148440989,2010,2010,annuelle,2010,Répartition des travailleurs par branches d'activités selon le sexe.csv,activites_economiques,"Pêche, pisciculture, aquaculture",,,Femme
Répartition des travailleurs par branches d'activités selon le sexe,,%,2003,0.0,0.0,2003,2003,annuelle,2003,Répartition des travailleurs par branches d'activités selon le sexe.csv,activites_economiques,"Pêche, pisciculture, aquaculture",,,Ensemble
Répartition des travailleurs par branches d'activités selon le sexe,,%,2005,0.121977902948856,0.121977902948856,2005,2005,annuelle,2005,Répartition des travailleurs par branches d'activités selon le sexe.csv,activites_economiques,"Pêche, pisciculture, aquaculture",,,Ensemble
Répartition des travailleurs par branches d'activités selon le sexe,,%,2007,0.0,0.0,2007,2007,annuelle,2007,Répartition des travailleurs par branches d'activités selon le sexe.csv,activites_economiques,"Pêche, pisciculture, aquaculture",,,Ensemble
Répartition des travailleurs par branches d'activités selon le sexe,,%,2010,0.125390039926221,0.125390039926221,2010,2010,annuelle,2010,Répartition des travailleurs par branches d'activités selon le sexe.csv,activites_economiques,"Pêche, pisciculture, aquaculture",,,Ensemble
Répartition des travailleurs par branches d'activités selon le sexe,,%,2003,0.6,0.6,2003,2003,annuelle,2003,Répartition des travailleurs par branches d'activités selon le sexe.csv,activites_economiques,Activités extractives,,,Homme
Répartition des travailleurs par branches d'activités selon le sexe,,%,2005,0.329576343297958,0.329576343297958,2005,2005,annuelle,2005,Répartition des travailleurs par branches d'activités selon le sexe.csv,activites_economiques,Activités extractives,,,Homme
Répartition des travailleurs par branches d'activités selon le sexe,,%,2007,3.1,3.1,2007,2007,annuelle,2007,Répartition des travailleurs par branches d'activités selon le sexe.csv,activites_economiques,Activités extractives,,,Homme
Répartition des travailleurs par branches d'activités selon le sexe,,%,2010,0.604098788229943,0.604098788229943,2010,2010,annuelle,2010,Répartition des travailleurs par branches d'activités selon le sexe.csv,activites_economiques,Activités extractives,,,Homme
Répartition des travailleurs par branches d'activités selon le sexe,,%,2003,0.4,0.4,2003,2003,annuelle,2003,Répartition des travailleurs par branches d'activités selon le sexe.csv,activites_economiques,Activités extractives,,,Femme
Répartition des travailleurs par branches d'activités selon le sexe,,%,2005,0.175730273127556,0.175730273127556,2005,2005,annuelle,2005,Répartition des travailleurs par branches d'activités selon le sexe.csv,activites_economiques,Activités extractives,,,Femme
Répartition des travailleurs par branches d'activités selon le sexe,,%,2007,2.4,2.4,2007,2007,annuelle,2007,Répartition des travailleurs par branches d'activités selon le sexe.csv,activites_economiques,Activités extractives,,,Femme
Répartition des travailleurs par branches d'activités selon le sexe,,%,2010,0.20481052925097,0.20481052925097,2010,2010,annuelle,2010,Répartition des travailleurs par branches d'activités selon le sexe.csv,activites_economiques,Activités extractives,,,Femme
Répartition des travailleurs par branches d'activités selon le sexe,,%,2003,0.5,0.5,2003,2003,annuelle,2003,Répartition des travailleurs par branches d'activités selon le sexe.csv,activites_economiques,Activités extractives,,,Ensemble
Répartition des travailleurs par branches d'activités selon le sexe,,%,2005,0.252048045396805,0.252048045396805,2005,2005,annuelle,2005,Répartition des travailleurs par branches d'activités selon le sexe.csv,activites_economiques,Activités extractives,,,Ensemble
Répartition des travailleurs par branches d'activités selon le sexe,,%,2007,4.8,4.8,2007,2007,annuelle,2007,Répartition des travailleurs par branches d'activités selon le sexe.csv,activites_economiques,Activités extractives,,,Ensemble
Répartition des travailleurs par branches d'activités selon le sexe,,%,2010,0.394703829812499,0.394703829812499,2010,2010,annuelle,2010,Répartition des travailleurs par branches d'activités selon le sexe.csv,activites_economiques,Activités extractives,,,Ensemble
Répartition des travailleurs par branches d'activités selon le sexe,,%,2003,2.3,2.3,2003,2003,annuelle,2003,Répartition des travailleurs par branches d'activités selon le sexe.csv,activites_economiques,Activités de fabrication,,,Homme
Répartition des travailleurs par branches d'activités selon le sexe,,%,2005,2.10891509056091,2.10891509056091,2005,2005,annuelle,2005,Répartition des travailleurs par branches d'activités selon le sexe.csv,activites_economiques,Activités de fabrication,,,Homme
Répartition des travailleurs par branches d'activités selon le sexe,,%,2007,3.3,3.3,2007,2007,annuelle,2007,Répartition des travailleurs par branches d'activités selon le sexe.csv,activites_economiques,Activités de fabrication,,,Homme
Répartition des travailleurs par branches d'activités selon le sexe,,%,2010,3.45046946049985,3.45046946049985,2010,2010,annuelle,2010,Répartition des travailleurs par branches d'activités selon le sexe.csv,activites_economiques,Activités de fabrication,,,Homme
Répartition des travailleurs par branches d'activités selon le sexe,,%,2003,1.6,1.6,2003,2003,annuelle,2003,Répartition des travailleurs par branches d'activités selon le sexe.csv,activites_economiques,Activités de fabrication,,,Femme
Répartition des travailleurs par branches d'activités selon le sexe,,%,2005,1.80119013786316,1.80119013786316,2005,2005,annuelle,2005,Répartition des travailleurs par branches d'activités selon le sexe.csv,activites_economiques,Activités de fabrication,,,Femme
Répartition des travailleurs par branches d'activités selon le sexe,,%,2007,3.5,3.5,2007,2007,annuelle,2007,Répartition des travailleurs par branches d'activités selon le sexe.csv,activites_economiques,Activités de fabrication,,,Femme
Répartition des travailleurs par branches d'activités selon le sexe,,%,2010,3.54469446821159,3.54469446821159,2010,2010,annuelle,2010,Répartition des travailleurs par branches d'activités selon le sexe.csv,activites_economiques,Activités de fabrication,,,Femme
Répartition des travailleurs par branches d'activités selon le sexe,,%,2003,2.0,2.0,2003,2003,annuelle,2003,Répartition des travailleurs par branches d'activités selon le sexe.csv,activites_economiques,Activités de fabrication,,,Ensemble
Répartition des travailleurs par branches d'activités selon le sexe,,%,2005,1.95383858680725,1.95383858680725,2005,2005,annuelle,2005,Répartition des travailleurs par branches d'activités selon le sexe.csv,activites_economiques,Activités de fabrication,,,Ensemble
Répartition des travailleurs par branches d'activités selon le sexe,,%,2007,3.2,3.2,2007,2007,annuelle,2007,Répartition des travailleurs par branches d'activités selon le sexe.csv,activites_economiques,Activités de fabrication,,,Ensemble
Répartition des travailleurs par branches d'activités selon le sexe,,%,2010,3.49988298851627,3.49988298851627,2010,2010,annuelle,2010,Répartition des travailleurs par branches d'activités selon le sexe.csv,activites_economiques,Activités de fabrication,,,Ensemble
Répartition des travailleurs par branches d'activités selon le sexe,,%,2003,0.5,0.5,2003,2003,annuelle,2003,Répartition des travailleurs par branches d'activités selon le sexe.csv,activites_economiques,"Production, distribution électricité, eau, gaz",,,Homme
Répartition des travailleurs par branches d'activités selon le sexe,,%,2007,0.4,0.4,2007,2007,annuelle,2007,Répartition des travailleurs par branches d'activités selon le sexe.csv,activites_economiques,"Production, distribution électricité, eau, gaz",,,Homme
Répartition des travailleurs par branches d'activités selon le sexe,,%,2010,0.21329182031629,0.21329182031629,2010,2010,annuelle,2010,Répartition des travailleurs par branches d'activités selon le sexe.csv,activites_economiques,"Production, distribution électricité, eau, gaz",,,Homme
Répartition des travailleurs par branches d'activités selon le sexe,,%,2003,0.1,0.1,2003,2003,annuelle,2003,Répartition des travailleurs par branches d'activités selon le sexe.csv,activites_economiques,"Production, distribution électricité, eau, gaz",,,Femme
Répartition des travailleurs par branches d'activités selon le sexe,,%,2005,0.0477054230868816,0.0477054230868816,2005,2005,annuelle,2005,Répartition des travailleurs par branches d'activités selon le sexe.csv,activites_economiques,"Production, distribution électricité, eau, gaz",,,Femme
Répartition des travailleurs par branches d'activités selon le sexe,,%,2007,0.1,0.1,2007,2007,annuelle,2007,Répartition des travailleurs par branches d'activités selon le sexe.csv,activites_economiques,"Production, distribution électricité, eau, gaz",,,Femme
Répartition des travailleurs par branches d'activités selon le sexe,,%,2010,0.0663057201082581,0.0663057201082581,2010,2010,annuelle,2010,Répartition des travailleurs par branches d'activités selon le sexe.csv,activites_economiques,"Production, distribution électricité, eau, gaz",,,Femme
Répartition des travailleurs par branches d'activités selon le sexe,,%,2003,0.3,0.3,2003,2003,annuelle,2003,Répartition des travailleurs par branches d'activités selon le sexe.csv,activites_economiques,"Production, distribution électricité, eau, gaz",,,Ensemble
Répartition des travailleurs par branches d'activités selon le sexe,,%,2005,0.166697144508362,0.166697144508362,2005,2005,annuelle,2005,Répartition des travailleurs par branches d'activités selon le sexe.csv,activites_economiques,"Production, distribution électricité, eau, gaz",,,Ensemble
Répartition des travailleurs par branches d'activités selon le sexe,,%,2007,0.2,0.2,2007,2007,annuelle,2007,Répartition des travailleurs par branches d'activités selon le sexe.csv,activites_economiques,"Production, distribution électricité, eau, gaz",,,Ensemble
Répartition des travailleurs par branches d'activités selon le sexe,,%,2010,0.136209292471103,0.136209292471103,2010,2010,annuelle,2010,Répartition des travailleurs par branches d'activités selon le sexe.csv,activites_economiques,"Production, distribution électricité, eau, gaz",,,Ensemble
Répartition des travailleurs par branches d'activités selon le sexe,,%,2003,1.3,1.3,2003,2003,annuelle,2003,Répartition des travailleurs par branches d'activités selon le sexe.csv,activites_economiques,Construction,,,Homme
Répartition des travailleurs par branches d'activités selon le sexe,,%,2005,1.2169086933136,1.2169086933136,2005,2005,annuelle,2005,Répartition des travailleurs par branches d'activités selon le sexe.csv,activites_economiques,Construction,,,Homme
Répartition des travailleurs par branches d'activités selon le sexe,,%,2007,2.9,2.9,2007,2007,annuelle,2007,Répartition des travailleurs par branches d'activités selon le sexe.csv,activites_economiques,Construction,,,Homme
Répartition des travailleurs par branches d'activités selon le sexe,,%,2010,1.75725789493326,1.75725789493326,2010,2010,annuelle,2010,Répartition des travailleurs par branches d'activités selon le sexe.csv,activites_economiques,Construction,,,Homme
Répartition des travailleurs par branches d'activités selon le sexe,,%,2003,0.1,0.1,2003,2003,annuelle,2003,Répartition des travailleurs par branches d'activités selon le sexe.csv,activites_economiques,Construction,,,Femme
Répartition des travailleurs par branches d'activités selon le sexe,,%,2005,0.087367556989193,0.087367556989193,2005,2005,annuelle,2005,Répartition des travailleurs par branches d'activités selon le sexe.csv,activites_economiques,Construction,,,Femme
Répartition des travailleurs par branches d'activités selon le sexe,,%,2007,0.2,0.2,2007,2007,annuelle,2007,Répartition des travailleurs par branches d'activités selon le sexe.csv,activites_economiques,Construction,,,Femme
Répartition des travailleurs par branches d'activités selon le sexe,,%,2010,0.0767962124009196,0.0767962124009196,2010,2010,annuelle,2010,Répartition des travailleurs par branches d'activités selon le sexe.csv,activites_economiques,Construction,,,Femme
Répartition des travailleurs par branches d'activités selon le sexe,,%,2003,0.7,0.7,2003,2003,annuelle,2003,Répartition des travailleurs par branches d'activités selon le sexe.csv,activites_economiques,Construction,,,Ensemble
Répartition des travailleurs par branches d'activités selon le sexe,,%,2005,0.647696852684021,0.647696852684021,2005,2005,annuelle,2005,Répartition des travailleurs par branches d'activités selon le sexe.csv,activites_economiques,Construction,,,Ensemble
Répartition des travailleurs par branches d'activités selon le sexe,,%,2007,1.9,1.9,2007,2007,annuelle,2007,Répartition des travailleurs par branches d'activités selon le sexe.csv,activites_economiques,Construction,,,Ensemble
Répartition des travailleurs par branches d'activités selon le sexe,,%,2010,0.875989297064226,0.875989297064226,2010,2010,annuelle,2010,Répartition des travailleurs par branches d'activités selon le sexe.csv,activites_economiques,Construction,,,Ensemble
Répartition des travailleurs par branches d'activités selon le sexe,,%,2003,6.3,6.3,2003,2003,annuelle,2003,Répartition des travailleurs par branches d'activités selon le sexe.csv,activites_economiques,"Commerce, réparations, activités domestiques",,,Homme
Répartition des travailleurs par branches d'activités selon le sexe,,%,2005,6.77292442321777,6.77292442321777,2005,2005,annuelle,2005,Répartition des travailleurs par branches d'activités selon le sexe.csv,activites_economiques,"Commerce, réparations, activités domestiques",,,Homme
Répartition des travailleurs par branches d'activités selon le sexe,,%,2007,11.0,11.0,2007,2007,annuelle,2007,Répartition des travailleurs par branches d'activités selon le sexe.csv,activites_economiques,"Commerce, réparations, activités domestiques",,,Homme
Répartition des travailleurs par branches d'activités selon le sexe,,%,2010,7.59989158762701,7.59989158762701,2010,2010,annuelle,2010,Répartition des travailleurs par branches d'activités selon le sexe.csv,activites_economiques,"Commerce, réparations, activités domestiques",,,Homme
Répartition des travailleurs par branches d'activités selon le sexe,,%,2003,6.8,6.8,2003,2003,annuelle,2003,Répartition des travailleurs par branches d'activités selon le sexe.csv,activites_economiques,"Commerce, réparations, activités domestiques",,,Femme
Répartition des travailleurs par branches d'activités selon le sexe,,%,2005,6.62816715240479,6.62816715240479,2005,2005,annuelle,2005,Répartition des travailleurs par branches d'activités selon le sexe.csv,activites_economiques,"Commerce, réparations, activités domestiques",,,Femme
Répartition des travailleurs par branches d'activités selon le sexe,,%,2007,18.9,18.9,2007,2007,annuelle,2007,Répartition des travailleurs par branches d'activités selon le sexe.csv,activites_economiques,"Commerce, réparations, activités domestiques",,,Femme
Répartition des travailleurs par branches d'activités selon le sexe,,%,2010,7.33393181612936,7.33393181612936,2010,2010,annuelle,2010,Répartition des travailleurs par branches d'activités selon le sexe.csv,activites_economiques,"Commerce, réparations, activités domestiques",,,Femme
Répartition des travailleurs par branches d'activités selon le sexe,,%,2003,6.5,6.5,2003,2003,annuelle,2003,Répartition des travailleurs par branches d'activités selon le sexe.csv,activites_economiques,"Commerce, réparations, activités domestiques",,,Ensemble
Répartition des travailleurs par branches d'activités selon le sexe,,%,2005,6.69994258880615,6.69994258880615,2005,2005,annuelle,2005,Répartition des travailleurs par branches d'activités selon le sexe.csv,activites_economiques,"Commerce, réparations, activités domestiques",,,Ensemble
Répartition des travailleurs par branches d'activités selon le sexe,,%,2007,16.2,16.2,2007,2007,annuelle,2007,Répartition des travailleurs par branches d'activités selon le sexe.csv,activites_economiques,"Commerce, réparations, activités domestiques",,,Ensemble
Répartition des travailleurs par branches d'activités selon le sexe,,%,2010,7.46041682461777,7.46041682461777,2010,2010,annuelle,2010,Répartition des travailleurs par branches d'activités selon le sexe.csv,activites_economiques,"Commerce, réparations, activités domestiques",,,Ensemble
Répartition des travailleurs par branches d'activités selon le sexe,,%,2003,0.3,0.3,2003,2003,annuelle,2003,Répartition des travailleurs par branches d'activités selon le sexe.csv,activites_economiques,"Hôtels, restaurants",,,Homme
Répartition des travailleurs par branches d'activités selon le sexe,,%,2005,0.186613440513611,0.186613440513611,2005,2005,annuelle,2005,Répartition des travailleurs par branches d'activités selon le sexe.csv,activites_economiques,"Hôtels, restaurants",,,Homme
Répartition des travailleurs par branches d'activités selon le sexe,,%,2007,0.4,0.4,2007,2007,annuelle,2007,Répartition des travailleurs par branches d'activités selon le sexe.csv,activites_economiques,"Hôtels, restaurants",,,Homme
Répartition des travailleurs par branches d'activités selon le sexe,,%,2010,0.572697618130116,0.572697618130116,2010,2010,annuelle,2010,Répartition des travailleurs par branches d'activités selon le sexe.csv,activites_economiques,"Hôtels, restaurants",,,Homme
Répartition des travailleurs par branches d'activités selon le sexe,,%,2003,0.4,0.4,2003,2003,annuelle,2003,Répartition des travailleurs par branches d'activités selon le sexe.csv,activites_economiques,"Hôtels, restaurants",,,Femme
Répartition des travailleurs par branches d'activités selon le sexe,,%,2005,0.369494289159775,0.369494289159775,2005,2005,annuelle,2005,Répartition des travailleurs par branches d'activités selon le sexe.csv,activites_economiques,"Hôtels, restaurants",,,Femme
Répartition des travailleurs par branches d'activités selon le sexe,,%,2007,0.8,0.8,2007,2007,annuelle,2007,Répartition des travailleurs par branches d'activités selon le sexe.csv,activites_economiques,"Hôtels, restaurants",,,Femme
Répartition des travailleurs par branches d'activités selon le sexe,,%,2010,1.15152836694954,1.15152836694954,2010,2010,annuelle,2010,Répartition des travailleurs par branches d'activités selon le sexe.csv,activites_economiques,"Hôtels, restaurants",,,Femme
Répartition des travailleurs par branches d'activités selon le sexe,,%,2003,0.4,0.4,2003,2003,annuelle,2003,Répartition des travailleurs par branches d'activités selon le sexe.csv,activites_economiques,"Hôtels, restaurants",,,Ensemble
Répartition des travailleurs par branches d'activités selon le sexe,,%,2005,0.278772175312042,0.278772175312042,2005,2005,annuelle,2005,Répartition des travailleurs par branches d'activités selon le sexe.csv,activites_economiques,"Hôtels, restaurants",,,Ensemble
Répartition des travailleurs par branches d'activités selon le sexe,,%,2007,0.6,0.6,2007,2007,annuelle,2007,Répartition des travailleurs par branches d'activités selon le sexe.csv,activites_economiques,"Hôtels, restaurants",,,Ensemble
Répartition des travailleurs par branches d'activités selon le sexe,,%,2010,0.8762483433373,0.8762483433373,2010,2010,annuelle,2010,Répartition des travailleurs par branches d'activités selon le sexe.csv,activites_economiques,"Hôtels, restaurants",,,Ensemble
Répartition des travailleurs par branches d'activités selon le sexe,,%,2003,1.1,1.1,2003,2003,annuelle,2003,Répartition des travailleurs par branches d'activités selon le sexe.csv,activites_economiques,"Transports, activités auxiliaires",,,Homme
Répartition des travailleurs par branches d'activités selon le sexe,,%,2005,1.07236814498901,1.07236814498901,2005,2005,annuelle,2005,Répartition des travailleurs par branches d'activités selon le sexe.csv,activites_economiques,"Transports, activités auxiliaires",,,Homme
Répartition des travailleurs par branches d'activités selon le sexe,,%,2007,1.4,1.4,2007,2007,annuelle,2007,Répartition des travailleurs par branches d'activités selon le sexe.csv,activites_economiques,"Transports, activités auxiliaires",,,Homme
Répartition des travailleurs par branches d'activités selon le sexe,,%,2010,1.30137655768367,1.30137655768367,2010,2010,annuelle,2010,Répartition des travailleurs par branches d'activités selon le sexe.csv,activites_economiques,"Transports, activités auxiliaires",,,Homme
Répartition des travailleurs par branches d'activités selon le sexe,,%,2003,0.1,0.1,2003,2003,annuelle,2003,Répartition des travailleurs par branches d'activités selon le sexe.csv,activites_economiques,"Transports, activités auxiliaires",,,Femme
Répartition des travailleurs par branches d'activités selon le sexe,,%,2005,0.135802179574966,0.135802179574966,2005,2005,annuelle,2005,Répartition des travailleurs par branches d'activités selon le sexe.csv,activites_economiques,"Transports, activités auxiliaires",,,Femme
Répartition des travailleurs par branches d'activités selon le sexe,,%,2007,0.1,0.1,2007,2007,annuelle,2007,Répartition des travailleurs par branches d'activités selon le sexe.csv,activites_economiques,"Transports, activités auxiliaires",,,Femme
Répartition des travailleurs par branches d'activités selon le sexe,,%,2010,0.137504409924958,0.137504409924958,2010,2010,annuelle,2010,Répartition des travailleurs par branches d'activités selon le sexe.csv,activites_economiques,"Transports, activités auxiliaires",,,Femme
Répartition des travailleurs par branches d'activités selon le sexe,,%,2003,0.6,0.6,2003,2003,annuelle,2003,Répartition des travailleurs par branches d'activités selon le sexe.csv,activites_economiques,"Transports, activités auxiliaires",,,Ensemble
Répartition des travailleurs par branches d'activités selon le sexe,,%,2005,0.600402414798737,0.600402414798737,2005,2005,annuelle,2005,Répartition des travailleurs par branches d'activités selon le sexe.csv,activites_economiques,"Transports, activités auxiliaires",,,Ensemble
Répartition des travailleurs par branches d'activités selon le sexe,,%,2007,0.7,0.7,2007,2007,annuelle,2007,Répartition des travailleurs par branches d'activités selon le sexe.csv,activites_economiques,"Transports, activités auxiliaires",,,Ensemble
Répartition des travailleurs par branches d'activités selon le sexe,,%,2010,0.691018114872579,0.691018114872579,2010,2010,annuelle,2010,Répartition des travailleurs par branches d'activités selon le sexe.csv,activites_economiques,"Transports, activités auxiliaires",,,Ensemble
Répartition des travailleurs par branches d'activités selon le sexe,,%,2003,0.3,0.3,2003,2003,annuelle,2003,Répartition des travailleurs par branches d'activités selon le sexe.csv,activites_economiques,Activités financières,,,Homme
Répartition des travailleurs par branches d'activités selon le sexe,,%,2005,0.418215036392212,0.418215036392212,2005,2005,annuelle,2005,Répartition des travailleurs par branches d'activités selon le sexe.csv,activites_economiques,Activités financières,,,Homme
Répartition des travailleurs par branches d'activités selon le sexe,,%,2007,0.8,0.8,2007,2007,annuelle,2007,Répartition des travailleurs par branches d'activités selon le sexe.csv,activites_economiques,Activités financières,,,Homme
Répartition des travailleurs par branches d'activités selon le sexe,,%,2010,0.191037804595634,0.191037804595634,2010,2010,annuelle,2010,Répartition des travailleurs par branches d'activités selon le sexe.csv,activites_economiques,Activités financières,,,Homme
Répartition des travailleurs par branches d'activités selon le sexe,,%,2003,0.2,0.2,2003,2003,annuelle,2003,Répartition des travailleurs par branches d'activités selon le sexe.csv,activites_economiques,Activités financières,,,Femme
Répartition des travailleurs par branches d'activités selon le sexe,,%,2005,0.341857969760895,0.341857969760895,2005,2005,annuelle,2005,Répartition des travailleurs par branches d'activités selon le sexe.csv,activites_economiques,Activités financières,,,Femme
Répartition des travailleurs par branches d'activités selon le sexe,,%,2007,0.5,0.5,2007,2007,annuelle,2007,Répartition des travailleurs par branches d'activités selon le sexe.csv,activites_economiques,Activités financières,,,Femme
Répartition des travailleurs par branches d'activités selon le sexe,,%,2010,0.168141542791863,0.168141542791863,2010,2010,annuelle,2010,Répartition des travailleurs par branches d'activités selon le sexe.csv,activites_economiques,Activités financières,,,Femme
Répartition des travailleurs par branches d'activités selon le sexe,,%,2003,0.2,0.2,2003,2003,annuelle,2003,Répartition des travailleurs par branches d'activités selon le sexe.csv,activites_economiques,Activités financières,,,Ensemble
Répartition des travailleurs par branches d'activités selon le sexe,,%,2005,0.379735618829727,0.379735618829727,2005,2005,annuelle,2005,Répartition des travailleurs par branches d'activités selon le sexe.csv,activites_economiques,Activités financières,,,Ensemble
Répartition des travailleurs par branches d'activités selon le sexe,,%,2007,0.6,0.6,2007,2007,annuelle,2007,Répartition des travailleurs par branches d'activités selon le sexe.csv,activites_economiques,Activités financières,,,Ensemble
Répartition des travailleurs par branches d'activités selon le sexe,,%,2010,0.179030534958968,0.179030534958968,2010,2010,annuelle,2010,Répartition des travailleurs par branches d'activités selon le sexe.csv,activites_economiques,Activités financières,,,Ensemble
Répartition des travailleurs par branches d'activités selon le sexe,,%,2003,0.2,0.2,2003,2003,annuelle,2003,Répartition des travailleurs par branches d'activités selon le sexe.csv,activites_economiques,"Immobilier, location, services aux entreprises",,,Homme
Répartition des travailleurs par branches d'activités selon le sexe,,%,2005,0.35148286819458,0.35148286819458,2005,2005,annuelle,2005,Répartition des travailleurs par branches d'activités selon le sexe.csv,activites_economiques,"Immobilier, location, services aux entreprises",,,Homme
Répartition des travailleurs par branches d'activités selon le sexe,,%,2007,0.9,0.9,2007,2007,annuelle,2007,Répartition des travailleurs par branches d'activités selon le sexe.csv,activites_economiques,"Immobilier, location, services aux entreprises",,,Homme
Répartition des travailleurs par branches d'activités selon le sexe,,%,2010,0.540359158483483,0.540359158483483,2010,2010,annuelle,2010,Répartition des travailleurs par branches d'activités selon le sexe.csv,activites_economiques,"Immobilier, location, services aux entreprises",,,Homme
Répartition des travailleurs par branches d'activités selon le sexe,,%,2003,0.1,0.1,2003,2003,annuelle,2003,Répartition des travailleurs par branches d'activités selon le sexe.csv,activites_economiques,"Immobilier, location, services aux entreprises",,,Femme
Répartition des travailleurs par branches d'activités selon le sexe,,%,2005,0.328317433595657,0.328317433595657,2005,2005,annuelle,2005,Répartition des travailleurs par branches d'activités selon le sexe.csv,activites_economiques,"Immobilier, location, services aux entreprises",,,Femme
Répartition des travailleurs par branches d'activités selon le sexe,,%,2007,0.4,0.4,2007,2007,annuelle,2007,Répartition des travailleurs par branches d'activités selon le sexe.csv,activites_economiques,"Immobilier, location, services aux entreprises",,,Femme
Répartition des travailleurs par branches d'activités selon le sexe,,%,2010,0.095826868192182,0.095826868192182,2010,2010,annuelle,2010,Répartition des travailleurs par branches d'activités selon le sexe.csv,activites_economiques,"Immobilier, location, services aux entreprises",,,Femme
Répartition des travailleurs par branches d'activités selon le sexe,,%,2003,0.2,0.2,2003,2003,annuelle,2003,Répartition des travailleurs par branches d'activités selon le sexe.csv,activites_economiques,"Immobilier, location, services aux entreprises",,,Ensemble
Répartition des travailleurs par branches d'activités selon le sexe,,%,2005,0.339808404445648,0.339808404445648,2005,2005,annuelle,2005,Répartition des travailleurs par branches d'activités selon le sexe.csv,activites_economiques,"Immobilier, location, services aux entreprises",,,Ensemble
Répartition des travailleurs par branches d'activités selon le sexe,,%,2007,0.7,0.7,2007,2007,annuelle,2007,Répartition des travailleurs par branches d'activités selon le sexe.csv,activites_economiques,"Immobilier, location, services aux entreprises",,,Ensemble
Répartition des travailleurs par branches d'activités selon le sexe,,%,2010,0.307237301410145,0.307237301410145,2010,2010,annuelle,2010,Répartition des travailleurs par branches d'activités selon le sexe.csv,activites_economiques,"Immobilier, location, services aux entreprises",,,Ensemble
Répartition des travailleurs par branches d'activités selon le sexe,,%,2003,1.5,1.5,2003,2003,annuelle,2003,Répartition des travailleurs par branches d'activités selon le sexe.csv,activites_economiques,Administration publique,,,Homme
Répartition des travailleurs par branches d'activités selon le sexe,,%,2005,2.13644957542419,2.13644957542419,2005,2005,annuelle,2005,Répartition des travailleurs par branches d'activités selon le sexe.csv,activites_economiques,Administration publique,,,Homme
Répartition des travailleurs par branches d'activités selon le sexe,,%,2007,2.9,2.9,2007,2007,annuelle,2007,Répartition des travailleurs par branches d'activités selon le sexe.csv,activites_economiques,Administration publique,,,Homme
Répartition des travailleurs par branches d'activités selon le sexe,,%,2010,0.964827560123395,0.964827560123395,2010,2010,annuelle,2010,Répartition des travailleurs par branches d'activités selon le sexe.csv,activites_economiques,Administration publique,,,Homme
Répartition des travailleurs par branches d'activités selon le sexe,,%,2003,0.5,0.5,2003,2003,annuelle,2003,Répartition des travailleurs par branches d'activités selon le sexe.csv,activites_economiques,Administration publique,,,Femme
Répartition des travailleurs par branches d'activités selon le sexe,,%,2005,0.909149706363678,0.909149706363678,2005,2005,annuelle,2005,Répartition des travailleurs par branches d'activités selon le sexe.csv,activites_economiques,Administration publique,,,Femme
Répartition des travailleurs par branches d'activités selon le sexe,,%,2007,1.0,1.0,2007,2007,annuelle,2007,Répartition des travailleurs par branches d'activités selon le sexe.csv,activites_economiques,Administration publique,,,Femme
Répartition des travailleurs par branches d'activités selon le sexe,,%,2010,0.312276187805602,0.312276187805602,2010,2010,annuelle,2010,Répartition des travailleurs par branches d'activités selon le sexe.csv,activites_economiques,Administration publique,,,Femme
Répartition des travailleurs par branches d'activités selon le sexe,,%,2003,1.0,1.0,2003,2003,annuelle,2003,Répartition des travailleurs par branches d'activités selon le sexe.csv,activites_economiques,Administration publique,,,Ensemble
Répartition des travailleurs par branches d'activités selon le sexe,,%,2005,1.51797163486481,1.51797163486481,2005,2005,annuelle,2005,Répartition des travailleurs par branches d'activités selon le sexe.csv,activites_economiques,Administration publique,,,Ensemble
Répartition des travailleurs par branches d'activités selon le sexe,,%,2007,0.9,0.9,2007,2007,annuelle,2007,Répartition des travailleurs par branches d'activités selon le sexe.csv,activites_economiques,Administration publique,,,Ensemble
Répartition des travailleurs par branches d'activités selon le sexe,,%,2010,0.622616226834664,0.622616226834664,2010,2010,annuelle,2010,Répartition des travailleurs par branches d'activités selon le sexe.csv,activites_economiques,Administration publique,,,Ensemble
Répartition des travailleurs par branches d'activités selon le sexe,,%,2003,1.3,1.3,2003,2003,annuelle,2003,Répartition des travailleurs par branches d'activités selon le sexe.csv,activites_economiques,Education,,,Homme
Répartition des travailleurs par branches d'activités selon le sexe,,%,2005,1.13419723510742,1.13419723510742,2005,2005,annuelle,2005,Répartition des travailleurs par branches d'activités selon le sexe.csv,activites_economiques,Education,,,Homme
Répartition des travailleurs par branches d'activités selon le sexe,,%,2007,2.1,2.1,2007,2007,annuelle,2007,Répartition des travailleurs par branches d'activités selon le sexe.csv,activites_economiques,Education,,,Homme
Répartition des travailleurs par branches d'activités selon le sexe,,%,2010,1.15883529673892,1.15883529673892,2010,2010,annuelle,2010,Répartition des travailleurs par branches d'activités selon le sexe.csv,activites_economiques,Education,,,Homme
Répartition des travailleurs par branches d'activités selon le sexe,,%,2003,0.5,0.5,2003,2003,annuelle,2003,Répartition des travailleurs par branches d'activités selon le sexe.csv,activites_economiques,Education,,,Femme
Répartition des travailleurs par branches d'activités selon le sexe,,%,2005,0.421811908483505,0.421811908483505,2005,2005,annuelle,2005,Répartition des travailleurs par branches d'activités selon le sexe.csv,activites_economiques,Education,,,Femme
Répartition des travailleurs par branches d'activités selon le sexe,,%,2007,1.0,1.0,2007,2007,annuelle,2007,Répartition des travailleurs par branches d'activités selon le sexe.csv,activites_economiques,Education,,,Femme
Répartition des travailleurs par branches d'activités selon le sexe,,%,2010,0.553407096048599,0.553407096048599,2010,2010,annuelle,2010,Répartition des travailleurs par branches d'activités selon le sexe.csv,activites_economiques,Education,,,Femme
Répartition des travailleurs par branches d'activités selon le sexe,,%,2003,0.9,0.9,2003,2003,annuelle,2003,Répartition des travailleurs par branches d'activités selon le sexe.csv,activites_economiques,Education,,,Ensemble
Répartition des travailleurs par branches d'activités selon le sexe,,%,2005,0.775201857089996,0.775201857089996,2005,2005,annuelle,2005,Répartition des travailleurs par branches d'activités selon le sexe.csv,activites_economiques,Education,,,Ensemble
Répartition des travailleurs par branches d'activités selon le sexe,,%,2007,0.7,0.7,2007,2007,annuelle,2007,Répartition des travailleurs par branches d'activités selon le sexe.csv,activites_economiques,Education,,,Ensemble
Répartition des travailleurs par branches d'activités selon le sexe,,%,2010,0.841336321856782,0.841336321856782,2010,2010,annuelle,2010,Répartition des travailleurs par branches d'activités selon le sexe.csv,activites_economiques,Education,,,Ensemble
Répartition des travailleurs par branches d'activités selon le sexe,,%,2003,0.5,0.5,2003,2003,annuelle,2003,Répartition des travailleurs par branches d'activités selon le sexe.csv,activites_economiques,"Santé, action sociale",,,Homme
Répartition des travailleurs par branches d'activités selon le sexe,,%,2005,0.642154455184937,0.642154455184937,2005,2005,annuelle,2005,Répartition des travailleurs par branches d'activités selon le sexe.csv,activites_economiques,"Santé, action sociale",,,Homme
Répartition des travailleurs par branches d'activités selon le sexe,,%,2007,0.9,0.9,2007,2007,annuelle,2007,Répartition des travailleurs par branches d'activités selon le sexe.csv,activites_economiques,"Santé, action sociale",,,Homme
Répartition des travailleurs par branches d'activités selon le sexe,,%,2010,0.811427337801053,0.811427337801053,2010,2010,annuelle,2010,Répartition des travailleurs par branches d'activités selon le sexe.csv,activites_economiques,"Santé, action sociale",,,Homme
Répartition des travailleurs par branches d'activités selon le sexe,,%,2003,0.3,0.3,2003,2003,annuelle,2003,Répartition des travailleurs par branches d'activités selon le sexe.csv,activites_economiques,"Santé, action sociale",,,Femme
Répartition des travailleurs par branches d'activités selon le sexe,,%,2005,0.48600971698761,0.48600971698761,2005,2005,annuelle,2005,Répartition des travailleurs par branches d'activités selon le sexe.csv,activites_economiques,"Santé, action sociale",,,Femme
Répartition des travailleurs par branches d'activités selon le sexe,,%,2007,0.6,0.6,2007,2007,annuelle,2007,Répartition des travailleurs par branches d'activités selon le sexe.csv,activites_economiques,"Santé, action sociale",,,Femme
Répartition des travailleurs par branches d'activités selon le sexe,,%,2010,0.519875847162761,0.519875847162761,2010,2010,annuelle,2010,Répartition des travailleurs par branches d'activités selon le sexe.csv,activites_economiques,"Santé, action sociale",,,Femme
Répartition des travailleurs par branches d'activités selon le sexe,,%,2003,0.4,0.4,2003,2003,annuelle,2003,Répartition des travailleurs par branches d'activités selon le sexe.csv,activites_economiques,"Santé, action sociale",,,Ensemble
Répartition des travailleurs par branches d'activités selon le sexe,,%,2005,0.563467264175415,0.563467264175415,2005,2005,annuelle,2005,Répartition des travailleurs par branches d'activités selon le sexe.csv,activites_economiques,"Santé, action sociale",,,Ensemble
Répartition des travailleurs par branches d'activités selon le sexe,,%,2007,0.3,0.3,2007,2007,annuelle,2007,Répartition des travailleurs par branches d'activités selon le sexe.csv,activites_economiques,"Santé, action sociale",,,Ensemble
Répartition des travailleurs par branches d'activités selon le sexe,,%,2010,0.658531752003315,0.658531752003315,2010,2010,annuelle,2010,Répartition des travailleurs par branches d'activités selon le sexe.csv,activites_economiques,"Santé, action sociale",,,Ensemble
Répartition des travailleurs par branches d'activités selon le sexe,,%,2003,0.5,0.5,2003,2003,annuelle,2003,Répartition des travailleurs par branches d'activités selon le sexe.csv,activites_economiques,Activités à caractère collectif,,,Homme
Répartition des travailleurs par branches d'activités selon le sexe,,%,2005,0.577732861042023,0.577732861042023,2005,2005,annuelle,2005,Répartition des travailleurs par branches d'activités selon le sexe.csv,activites_economiques,Activités à caractère collectif,,,Homme
Répartition des travailleurs par branches d'activités selon le sexe,,%,2007,1.0,1.0,2007,2007,annuelle,2007,Répartition des travailleurs par branches d'activités selon le sexe.csv,activites_economiques,Activités à caractère collectif,,,Homme
Répartition des travailleurs par branches d'activités selon le sexe,,%,2010,1.9566497198262,1.9566497198262,2010,2010,annuelle,2010,Répartition des travailleurs par branches d'activités selon le sexe.csv,activites_economiques,Activités à caractère collectif,,,Homme
Répartition des travailleurs par branches d'activités selon le sexe,,%,2003,0.2,0.2,2003,2003,annuelle,2003,Répartition des travailleurs par branches d'activités selon le sexe.csv,activites_economiques,Activités à caractère collectif,,,Femme
Répartition des travailleurs par branches d'activités selon le sexe,,%,2005,0.333759069442749,0.333759069442749,2005,2005,annuelle,2005,Répartition des travailleurs par branches d'activités selon le sexe.csv,activites_economiques,Activités à caractère collectif,,,Femme
Répartition des travailleurs par branches d'activités selon le sexe,,%,2007,0.5,0.5,2007,2007,annuelle,2007,Répartition des travailleurs par branches d'activités selon le sexe.csv,activites_economiques,Activités à caractère collectif,,,Femme
Répartition des travailleurs par branches d'activités selon le sexe,,%,2010,1.45985256211195,1.45985256211195,2010,2010,annuelle,2010,Répartition des travailleurs par branches d'activités selon le sexe.csv,activites_economiques,Activités à caractère collectif,,,Femme
Répartition des travailleurs par branches d'activités selon le sexe,,%,2003,0.4,0.4,2003,2003,annuelle,2003,Répartition des travailleurs par branches d'activités selon le sexe.csv,activites_economiques,Activités à caractère collectif,,,Ensemble
Répartition des travailleurs par branches d'activités selon le sexe,,%,2005,0.454786032438278,0.454786032438278,2005,2005,annuelle,2005,Répartition des travailleurs par branches d'activités selon le sexe.csv,activites_economiques,Activités à caractère collectif,,,Ensemble
Répartition des travailleurs par branches d'activités selon le sexe,,%,2007,0.6,0.6,2007,2007,annuelle,2007,Répartition des travailleurs par branches d'activités selon le sexe.csv,activites_economiques,Activités à caractère collectif,,,Ensemble
Répartition des travailleurs par branches d'activités selon le sexe,,%,2010,1.6961190935376,1.6961190935376,2010,2010,annuelle,2010,Répartition des travailleurs par branches d'activités selon le sexe.csv,activites_economiques,Activités à caractère collectif,,,Ensemble
Répartition des travailleurs par branches d'activités selon le sexe,,%,2003,0.4,0.4,2003,2003,annuelle,2003,Répartition des travailleurs par branches d'activités selon le sexe.csv,activites_economiques,"Activités des ménages, personnel domestique",,,Homme
Répartition des travailleurs par branches d'activités selon le sexe,,%,2005,0.283065438270569,0.283065438270569,2005,2005,annuelle,2005,Répartition des travailleurs par branches d'activités selon le sexe.csv,activites_economiques,"Activités des ménages, personnel domestique",,,Homme
Répartition des travailleurs par branches d'activités selon le sexe,,%,2007,0.7,0.7,2007,2007,annuelle,2007,Répartition des travailleurs par branches d'activités selon le sexe.csv,activites_economiques,"Activités des ménages, personnel domestique",,,Homme
Répartition des travailleurs par branches d'activités selon le sexe,,%,2010,0.47998338376761,0.47998338376761,2010,2010,annuelle,2010,Répartition des travailleurs par branches d'activités selon le sexe.csv,activites_economiques,"Activités des ménages, personnel domestique",,,Homme
Répartition des travailleurs par branches d'activités selon le sexe,,%,2003,1.2,1.2,2003,2003,annuelle,2003,Répartition des travailleurs par branches d'activités selon le sexe.csv,activites_economiques,"Activités des ménages, personnel domestique",,,Femme
Répartition des travailleurs par branches d'activités selon le sexe,,%,2005,0.639423429965973,0.639423429965973,2005,2005,annuelle,2005,Répartition des travailleurs par branches d'activités selon le sexe.csv,activites_economiques,"Activités des ménages, personnel domestique",,,Femme
Répartition des travailleurs par branches d'activités selon le sexe,,%,2007,2.6,2.6,2007,2007,annuelle,2007,Répartition des travailleurs par branches d'activités selon le sexe.csv,activites_economiques,"Activités des ménages, personnel domestique",,,Femme
Répartition des travailleurs par branches d'activités selon le sexe,,%,2010,0.869462856657443,0.869462856657443,2010,2010,annuelle,2010,Répartition des travailleurs par branches d'activités selon le sexe.csv,activites_economiques,"Activités des ménages, personnel domestique",,,Femme
Répartition des travailleurs par branches d'activités selon le sexe,,%,2003,0.8,0.8,2003,2003,annuelle,2003,Répartition des travailleurs par branches d'activités selon le sexe.csv,activites_economiques,"Activités des ménages, personnel domestique",,,Ensemble
Répartition des travailleurs par branches d'activités selon le sexe,,%,2005,0.462644189596176,0.462644189596176,2005,2005,annuelle,2005,Répartition des travailleurs par branches d'activités selon le sexe.csv,activites_economiques,"Activités des ménages, personnel domestique",,,Ensemble
Répartition des travailleurs par branches d'activités selon le sexe,,%,2007,0.9,0.9,2007,2007,annuelle,2007,Répartition des travailleurs par branches d'activités selon le sexe.csv,activites_economiques,"Activités des ménages, personnel domestique",,,Ensemble
Répartition des travailleurs par branches d'activités selon le sexe,,%,2010,0.684234413434148,0.684234413434148,2010,2010,annuelle,2010,Répartition des travailleurs par branches d'activités selon le sexe.csv,activites_economiques,"Activités des ménages, personnel domestique",,,Ensemble
Répartition des travailleurs par branches d'activités selon le sexe,,%,2003,0.2,0.2,2003,2003,annuelle,2003,Répartition des travailleurs par branches d'activités selon le sexe.csv,activites_economiques,Activités des organismes extraterritoriaux,,,Homme
Répartition des travailleurs par branches d'activités selon le sexe,,%,2005,0.139555066823959,0.139555066823959,2005,2005,annuelle,2005,Répartition des travailleurs par branches d'activités selon le sexe.csv,activites_economiques,Activités des organismes extraterritoriaux,,,Homme
Répartition des travailleurs par branches d'activités selon le sexe,,%,2007,0.12,0.12,2007,2007,annuelle,2007,Répartition des travailleurs par branches d'activités selon le sexe.csv,activites_economiques,Activités des organismes extraterritoriaux,,,Homme
Répartition des travailleurs par branches d'activités selon le sexe,,%,2010,0.0261201203723648,0.0261201203723648,2010,2010,annuelle,2010,Répartition des travailleurs par branches d'activités selon le sexe.csv,activites_economiques,Activités des organismes extraterritoriaux,,,Homme
Répartition des travailleurs par branches d'activités selon le sexe,,%,2003,0.2,0.2,2003,2003,annuelle,2003,Répartition des travailleurs par branches d'activités selon le sexe.csv,activites_economiques,Activités des organismes extraterritoriaux,,,Femme
Répartition des travailleurs par branches d'activités selon le sexe,,%,2005,0.0457524098455906,0.0457524098455906,2005,2005,annuelle,2005,Répartition des travailleurs par branches d'activités selon le sexe.csv,activites_economiques,Activités des organismes extraterritoriaux,,,Femme
Répartition des travailleurs par branches d'activités selon le sexe,,%,2007,0.02,0.02,2007,2007,annuelle,2007,Répartition des travailleurs par branches d'activités selon le sexe.csv,activites_economiques,Activités des organismes extraterritoriaux,,,Femme
Répartition des travailleurs par branches d'activités selon le sexe,,%,2010,0.0151224923397016,0.0151224923397016,2010,2010,annuelle,2010,Répartition des travailleurs par branches d'activités selon le sexe.csv,activites_economiques,Activités des organismes extraterritoriaux,,,Femme
Répartition des travailleurs par branches d'activités selon le sexe,,%,2003,0.2,0.2,2003,2003,annuelle,2003,Répartition des travailleurs par branches d'activités selon le sexe.csv,activites_economiques,Activités des organismes extraterritoriaux,,,Ensemble
Répartition des travailleurs par branches d'activités selon le sexe,,%,2005,0.0922848433256149,0.0922848433256149,2005,2005,annuelle,2005,Répartition des travailleurs par branches d'activités selon le sexe.csv,activites_economiques,Activités des organismes extraterritoriaux,,,Ensemble
Répartition des travailleurs par branches d'activités selon le sexe,,%,2007,0.1,0.1,2007,2007,annuelle,2007,Répartition des travailleurs par branches d'activités selon le sexe.csv,activites_economiques,Activités des organismes extraterritoriaux,,,Ensemble
Répartition des travailleurs par branches d'activités selon le sexe,,%,2010,0.0203527385052428,0.0203527385052428,2010,2010,annuelle,2010,Répartition des travailleurs par branches d'activités selon le sexe.csv,activites_economiques,Activités des organismes extraterritoriaux,,,Ensemble
Répartition des travailleurs par branches d'activités selon le sexe,,%,2003,100.0,100.0,2003,2003,annuelle,2003,Répartition des travailleurs par branches d'activités selon le sexe.csv,activites_economiques,Ensemble,,,Homme
Répartition des travailleurs par branches d'activités selon le sexe,,%,2005,100.0,100.0,2005,2005,annuelle,2005,Répartition des travailleurs par branches d'activités selon le sexe.csv,activites_economiques,Ensemble,,,Homme
Répartition des travailleurs par branches d'activités selon le sexe,,%,2007,100.0,100.0,2007,2007,annuelle,2007,Répartition des travailleurs par branches d'activités selon le sexe.csv,activites_economiques,Ensemble,,,Homme
Répartition des travailleurs par branches d'activités selon le sexe,,%,2010,100.0,100.0,2010,2010,annuelle,2010,Répartition des travailleurs par branches d'activités selon le sexe.csv,activites_economiques,Ensemble,,,Homme
Répartition des travailleurs par branches d'activités selon le sexe,,%,2003,100.0,100.0,2003,2003,annuelle,2003,Répartition des travailleurs par branches d'activités selon le sexe.csv,activites_economiques,Ensemble,,,Femme
Répartition des travailleurs par branches d'activités selon le sexe,,%,2005,100.0,100.0,2005,2005,annuelle,2005,Répartition des travailleurs par branches d'activités selon le sexe.csv,activites_economiques,Ensemble,,,Femme
Répartition des travailleurs par branches d'activités selon le sexe,,%,2007,100.0,100.0,2007,2007,annuelle,2007,Répartition des travailleurs par branches d'activités selon le sexe.csv,activites_economiques,Ensemble,,,Femme
Répartition des travailleurs par branches d'activités selon le sexe,,%,2010,100.0,100.0,2010,2010,annuelle,2010,Répartition des travailleurs par branches d'activités selon le sexe.csv,activites_economiques,Ensemble,,,Femme
Répartition des travailleurs par branches d'activités selon le sexe,,%,2003,100.0,100.0,2003,2003,annuelle,2003,Répartition des travailleurs par branches d'activités selon le sexe.csv,activites_economiques,Ensemble,,,Ensemble
Répartition des travailleurs par branches d'activités selon le sexe,,%,2005,100.0,100.0,2005,2005,annuelle,2005,Répartition des travailleurs par branches d'activités selon le sexe.csv,activites_economiques,Ensemble,,,Ensemble
Répartition des travailleurs par branches d'activités selon le sexe,,%,2007,100.0,100.0,2007,2007,annuelle,2007,Répartition des travailleurs par branches d'activités selon le sexe.csv,activites_economiques,Ensemble,,,Ensemble
Répartition des travailleurs par branches d'activités selon le sexe,,%,2010,100.0,100.0,2010,2010,annuelle,2010,Répartition des travailleurs par branches d'activités selon le sexe.csv,activites_economiques,Ensemble,,,Ensemble
