,,,,,,,,,,,,,,,,,,,,,,,,,,,,,,,,,,,,,,,,,,,,,,,,,
GUIRIKO,,,,,,,,,,,,,,,,,,,,,,,,,,,,,,,,,,,,,,,,,,,,,,,,,
,,,,,,,,,,,,,,,,,,,,,,,,,,,,,,,,,,,,,,,,,,,,,,,,,
HOUET,,,,,,,,,,,,,,,,,,,,,,,,,,,,,,,,,,,,,,,,,,,,,,,,,
,,2020,,,2021,,,2022,,,2023,,,2024,,,2025,,,2026,,,2027,,,2028,,,2029,,,2030,,,2031,,,2032,,,2033,,,2034,,,2035,,
, Ages,Ensemble,,,Ensemble,,,Ensemble,,,Ensemble,,,Ensemble,,,Ensemble,,,Ensemble,,,Ensemble,,,Ensemble,,,Ensemble,,,Ensemble,,,Ensemble,,,Ensemble,,,Ensemble,,,Ensemble,,,Ensemble,,
,,Homme ,Femme,Ensemble,Homme ,Femme,Ensemble,Homme ,Femme,Ensemble,Homme ,Femme,Ensemble,Homme ,Femme,Ensemble,Homme ,Femme,Ensemble,Homme ,Femme,Ensemble,Homme ,Femme,Ensemble,Homme ,Femme,Ensemble,Homme ,Femme,Ensemble,Homme ,Femme,Ensemble,Homme ,Femme,Ensemble,Homme ,Femme,Ensemble,Homme ,Femme,Ensemble,Homme ,Femme,Ensemble,Homme ,Femme,Ensemble
,0,  28 174   ,  28 412   ,  56 586   ,  28 396   ,  28 597   ,  56 993   ,  28 693   ,  28 889   ,  57 582   ,  28 943   ,  29 139   ,  58 082   ,  29 156   ,  29 357   ,  58 513   ,  29 356   ,  29 567   ,  58 923   ,  29 530   ,  29 758   ,  59 288   ,  29 697   ,  29 945   ,  59 642   ,  28 170   ,  28 438   ,  56 608   ,  28 351   ,  28 639   ,  56 990   ,  28 473   ,  28 780   ,  57 253   ,  28 897   ,  29 225   ,  58 122   ,  29 339   ,  29 686   ,  59 025   ,  29 787   ,  30 156   ,  59 943   ,  30 227   ,  30 619   ,  60 846   ,  30 643   ,  31 064   ,  61 707   
,1,  27 910   ,  28 230   ,  56 140   ,  27 881   ,  28 109   ,  55 990   ,  28 115   ,  28 309   ,  56 424   ,  28 424   ,  28 613   ,  57 037   ,  28 687   ,  28 875   ,  57 562   ,  28 918   ,  29 111   ,  58 029   ,  29 111   ,  29 315   ,  58 426   ,  29 302   ,  29 519   ,  58 821   ,  27 833   ,  28 067   ,  55 900   ,  28 051   ,  28 301   ,  56 352   ,  28 207   ,  28 473   ,  56 680   ,  28 344   ,  28 623   ,  56 967   ,  28 781   ,  29 080   ,  57 861   ,  29 236   ,  29 557   ,  58 793   ,  29 698   ,  30 044   ,  59 742   ,  30 152   ,  30 526   ,  60 678   
,2,  27 362   ,  27 809   ,  55 171   ,  27 967   ,  28 269   ,  56 236   ,  27 941   ,  28 155   ,  56 096   ,  28 178   ,  28 363   ,  56 541   ,  28 492   ,  28 675   ,  57 167   ,  28 763   ,  28 951   ,  57 714   ,  28 977   ,  29 175   ,  58 152   ,  29 176   ,  29 387   ,  58 563   ,  27 727   ,  27 956   ,  55 683   ,  27 967   ,  28 211   ,  56 178   ,  28 154   ,  28 412   ,  56 566   ,  28 315   ,  28 585   ,  56 900   ,  28 459   ,  28 743   ,  57 202   ,  28 906   ,  29 214   ,  58 120   ,  29 371   ,  29 705   ,  59 076   ,  29 844   ,  30 208   ,  60 052   
,3,  26 575   ,  27 142   ,  53 717   ,  27 358   ,  27 752   ,  55 110   ,  27 962   ,  28 214   ,  56 176   ,  27 935   ,  28 103   ,  56 038   ,  28 172   ,  28 314   ,  56 486   ,  28 488   ,  28 635   ,  57 123   ,  28 737   ,  28 895   ,  57 632   ,  28 952   ,  29 122   ,  58 074   ,  27 525   ,  27 714   ,  55 239   ,  27 772   ,  27 974   ,  55 746   ,  27 976   ,  28 192   ,  56 168   ,  28 163   ,  28 389   ,  56 552   ,  28 330   ,  28 568   ,  56 898   ,  28 477   ,  28 733   ,  57 210   ,  28 929   ,  29 210   ,  58 139   ,  29 402   ,  29 710   ,  59 112   
,4,  26 362   ,  26 812   ,  53 174   ,  27 205   ,  27 482   ,  54 687   ,  28 006   ,  28 102   ,  56 108   ,  28 624   ,  28 573   ,  57 197   ,  28 595   ,  28 465   ,  57 060   ,  28 839   ,  28 687   ,  57 526   ,  29 142   ,  28 994   ,  58 136   ,  29 397   ,  29 260   ,  58 657   ,  27 970   ,  27 867   ,  55 837   ,  28 225   ,  28 135   ,  56 360   ,  28 442   ,  28 361   ,  56 803   ,  28 650   ,  28 576   ,  57 226   ,  28 846   ,  28 781   ,  57 627   ,  29 021   ,  28 968   ,  57 989   ,  29 176   ,  29 142   ,  58 318   ,  29 645   ,  29 636   ,  59 281   
,5,  25 841   ,  26 362   ,  52 203   ,  26 951   ,  27 352   ,  54 303   ,  27 810   ,  28 037   ,  55 847   ,  28 627   ,  28 672   ,  57 299   ,  29 257   ,  29 155   ,  58 412   ,  29 229   ,  29 051   ,  58 280   ,  29 455   ,  29 259   ,  58 714   ,  29 763   ,  29 575   ,  59 338   ,  28 361   ,  28 210   ,  56 571   ,  28 635   ,  28 495   ,  57 130   ,  28 858   ,  28 726   ,  57 584   ,  29 077   ,  28 954   ,  58 031   ,  29 294   ,  29 178   ,  58 472   ,  29 498   ,  29 391   ,  58 889   ,  29 680   ,  29 587   ,  59 267   ,  29 843   ,  29 772   ,  59 615   
,6,  25 134   ,  25 639   ,  50 773   ,  26 208   ,  26 670   ,  52 878   ,  27 330   ,  27 672   ,  55 002   ,  28 200   ,  28 366   ,  56 566   ,  29 026   ,  29 011   ,  58 037   ,  29 664   ,  29 506   ,  59 170   ,  29 612   ,  29 382   ,  58 994   ,  29 840   ,  29 594   ,  59 434   ,  28 483   ,  28 275   ,  56 758   ,  28 794   ,  28 595   ,  57 389   ,  29 033   ,  28 843   ,  57 876   ,  29 258   ,  29 073   ,  58 331   ,  29 483   ,  29 305   ,  58 788   ,  29 705   ,  29 538   ,  59 243   ,  29 913   ,  29 758   ,  59 671   ,  30 103   ,  29 963   ,  60 066   
,7,  24 459   ,  24 747   ,  49 206   ,  25 207   ,  25 539   ,  50 746   ,  26 281   ,  26 567   ,  52 848   ,  27 404   ,  27 567   ,  54 971   ,  28 273   ,  28 260   ,  56 533   ,  29 102   ,  28 908   ,  58 010   ,  29 718   ,  29 382   ,  59 100   ,  29 664   ,  29 259   ,  58 923   ,  28 239   ,  27 857   ,  56 096   ,  28 592   ,  28 216   ,  56 808   ,  28 866   ,  28 496   ,  57 362   ,  29 104   ,  28 738   ,  57 842   ,  29 330   ,  28 970   ,  58 300   ,  29 559   ,  29 205   ,  58 764   ,  29 785   ,  29 439   ,  59 224   ,  29 998   ,  29 667   ,  59 665   
,8,  24 348   ,  24 301   ,  48 649   ,  24 939   ,  24 999   ,  49 938   ,  25 697   ,  25 799   ,  51 496   ,  26 789   ,  26 837   ,  53 626   ,  27 930   ,  27 848   ,  55 778   ,  28 816   ,  28 553   ,  57 369   ,  29 635   ,  29 188   ,  58 823   ,  30 260   ,  29 666   ,  59 926   ,  28 538   ,  27 930   ,  56 468   ,  28 817   ,  28 189   ,  57 006   ,  29 139   ,  28 512   ,  57 651   ,  29 414   ,  28 788   ,  58 202   ,  29 658   ,  29 035   ,  58 693   ,  29 891   ,  29 271   ,  59 162   ,  30 126   ,  29 512   ,  59 638   ,  30 360   ,  29 757   ,  60 117   
,9,  23 380   ,  22 929   ,  46 309   ,  24 218   ,  23 883   ,  48 101   ,  24 802   ,  24 569   ,  49 371   ,  25 553   ,  25 356   ,  50 909   ,  26 635   ,  26 377   ,  53 012   ,  27 769   ,  27 375   ,  55 144   ,  28 625   ,  28 049   ,  56 674   ,  29 436   ,  28 674   ,  58 110   ,  28 396   ,  27 549   ,  55 945   ,  28 402   ,  27 491   ,  55 893   ,  28 640   ,  27 705   ,  56 345   ,  28 956   ,  28 018   ,  56 974   ,  29 232   ,  28 290   ,  57 522   ,  29 476   ,  28 535   ,  58 011   ,  29 709   ,  28 771   ,  58 480   ,  29 946   ,  29 014   ,  58 960   
,10,  22 283   ,  21 751   ,  44 034   ,  23 326   ,  22 872   ,  46 198   ,  24 157   ,  23 824   ,  47 981   ,  24 737   ,  24 508   ,  49 245   ,  25 483   ,  25 293   ,  50 776   ,  26 560   ,  26 317   ,  52 877   ,  27 666   ,  27 294   ,  54 960   ,  28 517   ,  27 966   ,  56 483   ,  27 715   ,  27 029   ,  54 744   ,  28 358   ,  27 529   ,  55 887   ,  28 323   ,  27 430   ,  55 753   ,  28 556   ,  27 640   ,  56 196   ,  28 872   ,  27 953   ,  56 825   ,  29 148   ,  28 227   ,  57 375   ,  29 392   ,  28 473   ,  57 865   ,  29 627   ,  28 716   ,  58 343   
,11,  21 637   ,  20 944   ,  42 581   ,  22 409   ,  21 740   ,  44 149   ,  23 453   ,  22 861   ,  46 314   ,  24 286   ,  23 812   ,  48 098   ,  24 864   ,  24 497   ,  49 361   ,  25 611   ,  25 284   ,  50 895   ,  26 671   ,  26 289   ,  52 960   ,  27 780   ,  27 264   ,  55 044   ,  27 071   ,  26 417   ,  53 488   ,  27 895   ,  27 060   ,  54 955   ,  28 500   ,  27 519   ,  56 019   ,  28 460   ,  27 415   ,  55 875   ,  28 696   ,  27 625   ,  56 321   ,  29 014   ,  27 939   ,  56 953   ,  29 291   ,  28 216   ,  57 507   ,  29 540   ,  28 470   ,  58 010   
,12,  20 915   ,  20 276   ,  41 191   ,  21 791   ,  21 084   ,  42 875   ,  22 564   ,  21 881   ,  44 445   ,  23 611   ,  23 010   ,  46 621   ,  24 446   ,  23 968   ,  48 414   ,  25 027   ,  24 659   ,  49 686   ,  25 757   ,  25 433   ,  51 190   ,  26 820   ,  26 443   ,  53 263   ,  26 413   ,  25 937   ,  52 350   ,  27 280   ,  26 628   ,  53 908   ,  28 068   ,  27 236   ,  55 304   ,  28 673   ,  27 692   ,  56 365   ,  28 634   ,  27 588   ,  56 222   ,  28 873   ,  27 801   ,  56 674   ,  29 195   ,  28 119   ,  57 314   ,  29 477   ,  28 404   ,  57 881   
,13,  19 672   ,  19 163   ,  38 835   ,  20 823   ,  20 176   ,  40 999   ,  21 690   ,  20 977   ,  42 667   ,  22 457   ,  21 770   ,  44 227   ,  23 496   ,  22 893   ,  46 389   ,  24 326   ,  23 849   ,  48 175   ,  24 881   ,  24 518   ,  49 399   ,  25 603   ,  25 290   ,  50 893   ,  25 220   ,  24 868   ,  50 088   ,  26 320   ,  25 840   ,  52 160   ,  27 143   ,  26 491   ,  53 634   ,  27 924   ,  27 089   ,  55 013   ,  28 527   ,  27 543   ,  56 070   ,  28 490   ,  27 441   ,  55 931   ,  28 728   ,  27 655   ,  56 383   ,  29 051   ,  27 978   ,  57 029   
,14,  18 771   ,  18 602   ,  37 373   ,  19 722   ,  19 333   ,  39 055   ,  20 872   ,  20 352   ,  41 224   ,  21 739   ,  21 159   ,  42 898   ,  22 504   ,  21 961   ,  44 465   ,  23 544   ,  23 094   ,  46 638   ,  24 353   ,  24 040   ,  48 393   ,  24 906   ,  24 715   ,  49 621   ,  24 244   ,  24 116   ,  48 360   ,  25 294   ,  25 121   ,  50 415   ,  26 360   ,  26 066   ,  52 426   ,  27 181   ,  26 715   ,  53 896   ,  27 965   ,  27 318   ,  55 283   ,  28 570   ,  27 776   ,  56 346   ,  28 533   ,  27 675   ,  56 208   ,  28 774   ,  27 895   ,  56 669   
,15,  17 705   ,  18 369   ,  36 074   ,  18 753   ,  19 024   ,  37 777   ,  19 700   ,  19 770   ,  39 470   ,  20 847   ,  20 810   ,  41 657   ,  21 711   ,  21 634   ,  43 345   ,  22 474   ,  22 456   ,  44 930   ,  23 492   ,  23 597   ,  47 089   ,  24 299   ,  24 561   ,  48 860   ,  23 517   ,  23 906   ,  47 423   ,  24 250   ,  24 703   ,  48 953   ,  25 266   ,  25 696   ,  50 962   ,  26 327   ,  26 656   ,  52 983   ,  27 150   ,  27 318   ,  54 468   ,  27 935   ,  27 936   ,  55 871   ,  28 540   ,  28 407   ,  56 947   ,  28 507   ,  28 307   ,  56 814   
,16,  16 613   ,  17 905   ,  34 518   ,  17 899   ,  18 652   ,  36 551   ,  18 956   ,  19 314   ,  38 270   ,  19 911   ,  20 070   ,  39 981   ,  21 068   ,  21 125   ,  42 193   ,  21 940   ,  21 965   ,  43 905   ,  22 691   ,  22 780   ,  45 471   ,  23 718   ,  23 937   ,  47 655   ,  23 215   ,  23 586   ,  46 801   ,  23 790   ,  24 292   ,  48 082   ,  24 497   ,  25 066   ,  49 563   ,  25 520   ,  26 068   ,  51 588   ,  26 596   ,  27 041   ,  53 637   ,  27 429   ,  27 714   ,  55 143   ,  28 224   ,  28 342   ,  56 566   ,  28 840   ,  28 821   ,  57 661   
,17,  15 873   ,  17 679   ,  33 552   ,  16 752   ,  17 908   ,  34 660   ,  18 045   ,  18 655   ,  36 700   ,  19 110   ,  19 316   ,  38 426   ,  20 071   ,  20 072   ,  40 143   ,  21 236   ,  21 129   ,  42 365   ,  22 096   ,  21 953   ,  44 049   ,  22 850   ,  22 768   ,  45 618   ,  22 602   ,  22 651   ,  45 253   ,  23 424   ,  23 622   ,  47 046   ,  23 971   ,  24 295   ,  48 266   ,  24 680   ,  25 063   ,  49 743   ,  25 713   ,  26 063   ,  51 776   ,  26 800   ,  27 036   ,  53 836   ,  27 640   ,  27 711   ,  55 351   ,  28 444   ,  28 342   ,  56 786   
,18,  15 630   ,  18 255   ,  33 885   ,  16 181   ,  17 954   ,  34 135   ,  17 075   ,  18 187   ,  35 262   ,  18 394   ,  18 943   ,  37 337   ,  19 476   ,  19 615   ,  39 091   ,  20 454   ,  20 385   ,  40 839   ,  21 625   ,  21 444   ,  43 069   ,  22 499   ,  22 280   ,  44 779   ,  22 007   ,  21 881   ,  43 888   ,  23 049   ,  23 036   ,  46 085   ,  23 855   ,  23 987   ,  47 842   ,  24 410   ,  24 666   ,  49 076   ,  25 133   ,  25 444   ,  50 577   ,  26 188   ,  26 461   ,  52 649   ,  27 296   ,  27 450   ,  54 746   ,  28 156   ,  28 140   ,  56 296   
,19,  15 210   ,  18 230   ,  33 440   ,  15 868   ,  18 272   ,  34 140   ,  16 426   ,  17 971   ,  34 397   ,  17 331   ,  18 203   ,  35 534   ,  18 669   ,  18 960   ,  37 629   ,  19 769   ,  19 635   ,  39 404   ,  20 746   ,  20 392   ,  41 138   ,  21 934   ,  21 452   ,  43 386   ,  21 587   ,  21 105   ,  42 692   ,  22 367   ,  21 930   ,  44 297   ,  23 398   ,  23 056   ,  46 454   ,  24 214   ,  24 005   ,  48 219   ,  24 779   ,  24 683   ,  49 462   ,  25 515   ,  25 463   ,  50 978   ,  26 589   ,  26 484   ,  53 073   ,  27 719   ,  27 478   ,  55 197   
,20,  14 645   ,  17 740   ,  32 385   ,  15 431   ,  18 356   ,  33 787   ,  16 099   ,  18 398   ,  34 497   ,  16 661   ,  18 093   ,  34 754   ,  17 580   ,  18 327   ,  35 907   ,  18 941   ,  19 092   ,  38 033   ,  20 043   ,  19 758   ,  39 801   ,  21 034   ,  20 520   ,  41 554   ,  21 044   ,  20 444   ,  41 488   ,  21 938   ,  21 280   ,  43 218   ,  22 705   ,  22 082   ,  44 787   ,  23 749   ,  23 212   ,  46 961   ,  24 580   ,  24 166   ,  48 746   ,  25 156   ,  24 852   ,  50 008   ,  25 906   ,  25 640   ,  51 546   ,  27 002   ,  26 672   ,  53 674   
,21,  13 974   ,  17 000   ,  30 974   ,  14 612   ,  17 685   ,  32 297   ,  15 397   ,  18 298   ,  33 695   ,  16 063   ,  18 339   ,  34 402   ,  16 625   ,  18 037   ,  34 662   ,  17 544   ,  18 271   ,  35 815   ,  18 891   ,  19 022   ,  37 913   ,  19 993   ,  19 688   ,  39 681   ,  19 856   ,  19 364   ,  39 220   ,  21 039   ,  20 410   ,  41 449   ,  21 909   ,  21 217   ,  43 126   ,  22 673   ,  22 013   ,  44 686   ,  23 721   ,  23 140   ,  46 861   ,  24 555   ,  24 094   ,  48 649   ,  25 133   ,  24 779   ,  49 912   ,  25 887   ,  25 570   ,  51 457   
,22,  13 351   ,  16 149   ,  29 500   ,  14 093   ,  17 219   ,  31 312   ,  14 738   ,  17 912   ,  32 650   ,  15 531   ,  18 534   ,  34 065   ,  16 203   ,  18 575   ,  34 778   ,  16 771   ,  18 269   ,  35 040   ,  17 688   ,  18 495   ,  36 183   ,  19 051   ,  19 255   ,  38 306   ,  19 082   ,  18 871   ,  37 953   ,  20 070   ,  19 635   ,  39 705   ,  21 244   ,  20 670   ,  41 914   ,  22 122   ,  21 483   ,  43 605   ,  22 898   ,  22 288   ,  45 186   ,  23 961   ,  23 431   ,  47 392   ,  24 808   ,  24 400   ,  49 208   ,  25 396   ,  25 098   ,  50 494   
,23,  12 631   ,  15 073   ,  27 704   ,  13 392   ,  16 163   ,  29 555   ,  14 136   ,  17 235   ,  31 371   ,  14 784   ,  17 929   ,  32 713   ,  15 582   ,  18 552   ,  34 134   ,  16 259   ,  18 595   ,  34 854   ,  16 817   ,  18 277   ,  35 094   ,  17 741   ,  18 503   ,  36 244   ,  18 100   ,  18 259   ,  36 359   ,  19 200   ,  18 932   ,  38 132   ,  20 173   ,  19 675   ,  39 848   ,  21 354   ,  20 707   ,  42 061   ,  22 242   ,  21 522   ,  43 764   ,  23 025   ,  22 333   ,  45 358   ,  24 100   ,  23 481   ,  47 581   ,  24 958   ,  24 457   ,  49 415   
,24,  12 075   ,  14 488   ,  26 563   ,  12 541   ,  15 113   ,  27 654   ,  13 300   ,  16 206   ,  29 506   ,  14 043   ,  17 283   ,  31 326   ,  14 689   ,  17 980   ,  32 669   ,  15 486   ,  18 607   ,  34 093   ,  16 150   ,  18 640   ,  34 790   ,  16 707   ,  18 320   ,  35 027   ,  16 690   ,  17 578   ,  34 268   ,  18 022   ,  18 335   ,  36 357   ,  19 100   ,  18 987   ,  38 087   ,  20 071   ,  19 729   ,  39 800   ,  21 252   ,  20 765   ,  42 017   ,  22 142   ,  21 586   ,  43 728   ,  22 926   ,  22 400   ,  45 326   ,  24 002   ,  23 557   ,  47 559   
,25,  11 669   ,  13 960   ,  25 629   ,  11 881   ,  14 300   ,  26 181   ,  12 341   ,  14 917   ,  27 258   ,  13 091   ,  15 998   ,  29 089   ,  13 826   ,  17 061   ,  30 887   ,  14 466   ,  17 754   ,  32 220   ,  15 244   ,  18 362   ,  33 606   ,  15 901   ,  18 395   ,  34 296   ,  15 573   ,  17 133   ,  32 706   ,  16 467   ,  17 377   ,  33 844   ,  17 768   ,  18 104   ,  35 872   ,  18 834   ,  18 746   ,  37 580   ,  19 796   ,  19 479   ,  39 275   ,  20 969   ,  20 505   ,  41 474   ,  21 851   ,  21 318   ,  43 169   ,  22 631   ,  22 127   ,  44 758   
,26,  11 440   ,  13 638   ,  25 078   ,  11 595   ,  13 898   ,  25 493   ,  11 805   ,  14 234   ,  26 039   ,  12 263   ,  14 851   ,  27 114   ,  13 013   ,  15 929   ,  28 942   ,  13 747   ,  16 992   ,  30 739   ,  14 377   ,  17 670   ,  32 047   ,  15 155   ,  18 279   ,  33 434   ,  14 966   ,  17 355   ,  32 321   ,  15 517   ,  17 088   ,  32 605   ,  16 395   ,  17 310   ,  33 705   ,  17 695   ,  18 033   ,  35 728   ,  18 762   ,  18 673   ,  37 435   ,  19 726   ,  19 406   ,  39 132   ,  20 901   ,  20 432   ,  41 333   ,  21 785   ,  21 247   ,  43 032   
,27,  11 255   ,  13 390   ,  24 645   ,  11 287   ,  13 481   ,  24 768   ,  11 439   ,  13 739   ,  25 178   ,  11 646   ,  14 074   ,  25 720   ,  12 102   ,  14 684   ,  26 786   ,  12 846   ,  15 754   ,  28 600   ,  13 567   ,  16 797   ,  30 364   ,  14 192   ,  17 471   ,  31 663   ,  14 163   ,  17 129   ,  31 292   ,  14 807   ,  17 192   ,  31 999   ,  15 339   ,  16 908   ,  32 247   ,  16 209   ,  17 126   ,  33 335   ,  17 502   ,  17 842   ,  35 344   ,  18 564   ,  18 479   ,  37 043   ,  19 525   ,  19 207   ,  38 732   ,  20 695   ,  20 227   ,  40 922   
,28,  11 436   ,  13 401   ,  24 837   ,  11 104   ,  13 126   ,  24 230   ,  11 133   ,  13 215   ,  24 348   ,  11 284   ,  13 470   ,  24 754   ,  11 490   ,  13 800   ,  25 290   ,  11 942   ,  14 403   ,  26 345   ,  12 673   ,  15 445   ,  28 118   ,  13 388   ,  16 470   ,  29 858   ,  13 258   ,  16 236   ,  29 494   ,  14 009   ,  16 828   ,  30 837   ,  14 634   ,  16 870   ,  31 504   ,  15 160   ,  16 590   ,  31 750   ,  16 027   ,  16 805   ,  32 832   ,  17 313   ,  17 512   ,  34 825   ,  18 370   ,  18 140   ,  36 510   ,  19 326   ,  18 860   ,  38 186   
,29,  11 443   ,  13 240   ,  24 683   ,  11 320   ,  13 299   ,  24 619   ,  10 988   ,  13 026   ,  24 014   ,  11 016   ,  13 116   ,  24 132   ,  11 165   ,  13 370   ,  24 535   ,  11 370   ,  13 701   ,  25 071   ,  11 812   ,  14 291   ,  26 103   ,  12 541   ,  15 328   ,  27 869   ,  12 548   ,  15 495   ,  28 043   ,  13 156   ,  16 149   ,  29 305   ,  13 891   ,  16 718   ,  30 609   ,  14 513   ,  16 757   ,  31 270   ,  15 038   ,  16 480   ,  31 518   ,  15 904   ,  16 697   ,  32 601   ,  17 187   ,  17 401   ,  34 588   ,  18 243   ,  18 030   ,  36 273   
,30,  11 265   ,  12 817   ,  24 082   ,  11 428   ,  13 292   ,  24 720   ,  11 301   ,  13 352   ,  24 653   ,  10 967   ,  13 079   ,  24 046   ,  10 995   ,  13 169   ,  24 164   ,  11 145   ,  13 427   ,  24 572   ,  11 343   ,  13 751   ,  25 094   ,  11 788   ,  14 345   ,  26 133   ,  11 859   ,  14 592   ,  26 451   ,  12 558   ,  15 592   ,  28 150   ,  13 158   ,  16 230   ,  29 388   ,  13 896   ,  16 801   ,  30 697   ,  14 522   ,  16 842   ,  31 364   ,  15 052   ,  16 564   ,  31 616   ,  15 923   ,  16 785   ,  32 708   ,  17 216   ,  17 497   ,  34 713   
,31,  11 037   ,  12 349   ,  23 386   ,  11 137   ,  12 814   ,  23 951   ,  11 299   ,  13 290   ,  24 589   ,  11 173   ,  13 350   ,  24 523   ,  10 840   ,  13 079   ,  23 919   ,  10 869   ,  13 173   ,  24 042   ,  11 011   ,  13 422   ,  24 433   ,  11 208   ,  13 747   ,  24 955   ,  11 037   ,  13 604   ,  24 641   ,  11 747   ,  14 621   ,  26 368   ,  12 432   ,  15 605   ,  28 037   ,  13 028   ,  16 242   ,  29 270   ,  13 763   ,  16 814   ,  30 577   ,  14 388   ,  16 858   ,  31 246   ,  14 918   ,  16 583   ,  31 501   ,  15 788   ,  16 806   ,  32 594   
,32,  10 728   ,  11 712   ,  22 440   ,  10 991   ,  12 348   ,  23 339   ,  11 091   ,  12 814   ,  23 905   ,  11 251   ,  13 292   ,  24 543   ,  11 125   ,  13 354   ,  24 479   ,  10 792   ,  13 084   ,  23 876   ,  10 813   ,  13 169   ,  23 982   ,  10 956   ,  13 420   ,  24 376   ,  10 572   ,  13 043   ,  23 615   ,  11 012   ,  13 634   ,  24 646   ,  11 712   ,  14 637   ,  26 349   ,  12 398   ,  15 620   ,  28 018   ,  12 995   ,  16 260   ,  29 255   ,  13 734   ,  16 836   ,  30 570   ,  14 361   ,  16 882   ,  31 243   ,  14 895   ,  16 609   ,  31 504   
,33,  10 179   ,  10 784   ,  20 963   ,  10 775   ,  11 800   ,  22 575   ,  11 038   ,  12 442   ,  23 480   ,  11 137   ,  12 912   ,  24 049   ,  11 299   ,  13 395   ,  24 694   ,  11 171   ,  13 459   ,  24 630   ,  10 827   ,  13 178   ,  24 005   ,  10 849   ,  13 265   ,  24 114   ,  10 430   ,  12 841   ,  23 271   ,  10 637   ,  13 179   ,  23 816   ,  11 070   ,  13 759   ,  24 829   ,  11 777   ,  14 769   ,  26 546   ,  12 471   ,  15 765   ,  28 236   ,  13 077   ,  16 412   ,  29 489   ,  13 824   ,  16 995   ,  30 819   ,  14 461   ,  17 044   ,  31 505   
,34,  9 729   ,  10 052   ,  19 781   ,  10 091   ,  10 717   ,  20 808   ,  10 685   ,  11 729   ,  22 414   ,  10 948   ,  12 368   ,  23 316   ,  11 047   ,  12 838   ,  23 885   ,  11 210   ,  13 322   ,  24 532   ,  11 076   ,  13 377   ,  24 453   ,  10 733   ,  13 099   ,  23 832   ,  10 204   ,  12 523   ,  22 727   ,  10 357   ,  12 788   ,  23 145   ,  10 555   ,  13 108   ,  23 663   ,  10 986   ,  13 685   ,  24 671   ,  11 692   ,  14 691   ,  26 383   ,  12 387   ,  15 684   ,  28 071   ,  12 991   ,  16 331   ,  29 322   ,  13 739   ,  16 917   ,  30 656   
,35,  9 408   ,  9 621   ,  19 029   ,  9 581   ,  9 903   ,  19 484   ,  9 940   ,  10 560   ,  20 500   ,  10 529   ,  11 558   ,  22 087   ,  10 788   ,  12 191   ,  22 979   ,  10 888   ,  12 656   ,  23 544   ,  11 042   ,  13 126   ,  24 168   ,  10 911   ,  13 182   ,  24 093   ,  10 028   ,  12 258   ,  22 286   ,  10 067   ,  12 363   ,  22 430   ,  10 210   ,  12 609   ,  22 819   ,  10 405   ,  12 925   ,  23 330   ,  10 833   ,  13 495   ,  24 328   ,  11 535   ,  14 490   ,  26 025   ,  12 224   ,  15 472   ,  27 696   ,  12 826   ,  16 115   ,  28 941   
,36,  8 973   ,  9 078   ,  18 051   ,  9 296   ,  9 474   ,  18 770   ,  9 468   ,  9 753   ,  19 221   ,  9 824   ,  10 400   ,  20 224   ,  10 408   ,  11 387   ,  21 795   ,  10 668   ,  12 012   ,  22 680   ,  10 760   ,  12 464   ,  23 224   ,  10 912   ,  12 927   ,  23 839   ,  10 228   ,  12 326   ,  22 554   ,  9 925   ,  12 095   ,  22 020   ,  9 955   ,  12 185   ,  22 140   ,  10 097   ,  12 426   ,  22 523   ,  10 291   ,  12 739   ,  23 030   ,  10 719   ,  13 303   ,  24 022   ,  11 417   ,  14 287   ,  25 704   ,  12 103   ,  15 259   ,  27 362   
,37,  8 726   ,  8 741   ,  17 467   ,  8 825   ,  8 875   ,  17 700   ,  9 146   ,  9 263   ,  18 409   ,  9 315   ,  9 536   ,  18 851   ,  9 668   ,  10 172   ,  19 840   ,  10 247   ,  11 141   ,  21 388   ,  10 498   ,  11 745   ,  22 243   ,  10 590   ,  12 188   ,  22 778   ,  10 184   ,  12 000   ,  22 184   ,  10 080   ,  12 077   ,  22 157   ,  9 773   ,  11 836   ,  21 609   ,  9 802   ,  11 923   ,  21 725   ,  9 943   ,  12 161   ,  22 104   ,  10 138   ,  12 468   ,  22 606   ,  10 562   ,  13 024   ,  23 586   ,  11 255   ,  13 991   ,  25 246   
,38,  8 537   ,  8 499   ,  17 036   ,  8 499   ,  8 515   ,  17 014   ,  8 597   ,  8 645   ,  17 242   ,  8 909   ,  9 025   ,  17 934   ,  9 076   ,  9 293   ,  18 369   ,  9 423   ,  9 916   ,  19 339   ,  9 983   ,  10 853   ,  20 836   ,  10 230   ,  11 445   ,  21 675   ,  9 779   ,  11 265   ,  21 044   ,  9 939   ,  11 710   ,  21 649   ,  9 827   ,  11 771   ,  21 598   ,  9 527   ,  11 534   ,  21 061   ,  9 555   ,  11 621   ,  21 176   ,  9 696   ,  11 854   ,  21 550   ,  9 887   ,  12 157   ,  22 044   ,  10 305   ,  12 702   ,  23 007   
,39,  8 209   ,  8 112   ,  16 321   ,  8 381   ,  8 355   ,  16 736   ,  8 342   ,  8 370   ,  16 712   ,  8 439   ,  8 500   ,  16 939   ,  8 749   ,  8 875   ,  17 624   ,  8 914   ,  9 141   ,  18 055   ,  9 250   ,  9 747   ,  18 997   ,  9 804   ,  10 669   ,  20 473   ,  9 518   ,  10 670   ,  20 188   ,  9 620   ,  11 097   ,  20 717   ,  9 769   ,  11 522   ,  21 291   ,  9 659   ,  11 580   ,  21 239   ,  9 363   ,  11 350   ,  20 713   ,  9 394   ,  11 436   ,  20 830   ,  9 533   ,  11 669   ,  21 202   ,  9 724   ,  11 970   ,  21 694   
,40,  7 821   ,  7 701   ,  15 522   ,  8 144   ,  8 109   ,  16 253   ,  8 315   ,  8 352   ,  16 667   ,  8 277   ,  8 369   ,  16 646   ,  8 373   ,  8 500   ,  16 873   ,  8 682   ,  8 876   ,  17 558   ,  8 840   ,  9 136   ,  17 976   ,  9 175   ,  9 742   ,  18 917   ,  9 218   ,  10 116   ,  19 334   ,  9 464   ,  10 692   ,  20 156   ,  9 557   ,  11 106   ,  20 663   ,  9 704   ,  11 529   ,  21 233   ,  9 596   ,  11 588   ,  21 184   ,  9 303   ,  11 359   ,  20 662   ,  9 334   ,  11 448   ,  20 782   ,  9 475   ,  11 684   ,  21 159   
,41,  7 483   ,  7 269   ,  14 752   ,  7 724   ,  7 609   ,  15 333   ,  8 043   ,  8 013   ,  16 056   ,  8 213   ,  8 254   ,  16 467   ,  8 176   ,  8 272   ,  16 448   ,  8 272   ,  8 402   ,  16 674   ,  8 573   ,  8 769   ,  17 342   ,  8 732   ,  9 027   ,  17 759   ,  8 589   ,  9 130   ,  17 719   ,  9 125   ,  10 018   ,  19 143   ,  9 360   ,  10 574   ,  19 934   ,  9 453   ,  10 984   ,  20 437   ,  9 600   ,  11 403   ,  21 003   ,  9 494   ,  11 465   ,  20 959   ,  9 204   ,  11 239   ,  20 443   ,  9 237   ,  11 331   ,  20 568   
,42,  7 037   ,  6 811   ,  13 848   ,  7 410   ,  7 291   ,  14 701   ,  7 650   ,  7 631   ,  15 281   ,  7 966   ,  8 038   ,  16 004   ,  8 136   ,  8 281   ,  16 417   ,  8 099   ,  8 300   ,  16 399   ,  8 189   ,  8 425   ,  16 614   ,  8 489   ,  8 794   ,  17 283   ,  8 197   ,  8 588   ,  16 785   ,  8 526   ,  9 179   ,  17 705   ,  9 051   ,  10 059   ,  19 110   ,  9 285   ,  10 616   ,  19 901   ,  9 378   ,  11 028   ,  20 406   ,  9 526   ,  11 451   ,  20 977   ,  9 422   ,  11 514   ,  20 936   ,  9 134   ,  11 291   ,  20 425   
,43,  6 509   ,  6 160   ,  12 669   ,  7 122   ,  6 912   ,  14 034   ,  7 501   ,  7 397   ,  14 898   ,  7 745   ,  7 744   ,  15 489   ,  8 068   ,  8 157   ,  16 225   ,  8 240   ,  8 406   ,  16 646   ,  8 197   ,  8 418   ,  16 615   ,  8 290   ,  8 545   ,  16 835   ,  8 152   ,  8 469   ,  16 621   ,  8 320   ,  8 738   ,  17 058   ,  8 647   ,  9 327   ,  17 974   ,  9 180   ,  10 220   ,  19 400   ,  9 420   ,  10 788   ,  20 208   ,  9 516   ,  11 207   ,  20 723   ,  9 668   ,  11 639   ,  21 307   ,  9 564   ,  11 706   ,  21 270   
,44,  6 042   ,  5 614   ,  11 656   ,  6 477   ,  6 127   ,  12 604   ,  7 091   ,  6 875   ,  13 966   ,  7 471   ,  7 358   ,  14 829   ,  7 714   ,  7 704   ,  15 418   ,  8 037   ,  8 117   ,  16 154   ,  8 205   ,  8 357   ,  16 562   ,  8 162   ,  8 371   ,  16 533   ,  7 830   ,  8 070   ,  15 900   ,  8 135   ,  8 442   ,  16 577   ,  8 294   ,  8 698   ,  16 992   ,  8 621   ,  9 284   ,  17 905   ,  9 156   ,  10 174   ,  19 330   ,  9 397   ,  10 740   ,  20 137   ,  9 495   ,  11 160   ,  20 655   ,  9 649   ,  11 593   ,  21 242   
,45,  5 726   ,  5 294   ,  11 020   ,  5 959   ,  5 529   ,  11 488   ,  6 390   ,  6 035   ,  12 425   ,  6 998   ,  6 772   ,  13 770   ,  7 374   ,  7 250   ,  14 624   ,  7 616   ,  7 593   ,  15 209   ,  7 932   ,  7 994   ,  15 926   ,  8 099   ,  8 231   ,  16 330   ,  7 642   ,  7 829   ,  15 471   ,  7 744   ,  7 966   ,  15 710   ,  8 038   ,  8 322   ,  16 360   ,  8 196   ,  8 573   ,  16 769   ,  8 523   ,  9 153   ,  17 676   ,  9 054   ,  10 031   ,  19 085   ,  9 295   ,  10 592   ,  19 887   ,  9 393   ,  11 009   ,  20 402   
,46,  5 433   ,  5 011   ,  10 444   ,  5 715   ,  5 276   ,  10 991   ,  5 948   ,  5 510   ,  11 458   ,  6 380   ,  6 015   ,  12 395   ,  6 991   ,  6 752   ,  13 743   ,  7 368   ,  7 229   ,  14 597   ,  7 605   ,  7 565   ,  15 170   ,  7 921   ,  7 967   ,  15 888   ,  7 672   ,  7 789   ,  15 461   ,  7 647   ,  7 819   ,  15 466   ,  7 742   ,  7 945   ,  15 687   ,  8 037   ,  8 300   ,  16 337   ,  8 196   ,  8 551   ,  16 747   ,  8 524   ,  9 131   ,  17 655   ,  9 059   ,  10 009   ,  19 068   ,  9 302   ,  10 572   ,  19 874   
,47,  5 190   ,  4 816   ,  10 006   ,  5 313   ,  4 912   ,  10 225   ,  5 590   ,  5 171   ,  10 761   ,  5 820   ,  5 402   ,  11 222   ,  6 243   ,  5 898   ,  12 141   ,  6 844   ,  6 622   ,  13 466   ,  7 210   ,  7 086   ,  14 296   ,  7 443   ,  7 416   ,  14 859   ,  7 353   ,  7 413   ,  14 766   ,  7 522   ,  7 651   ,  15 173   ,  7 491   ,  7 670   ,  15 161   ,  7 585   ,  7 793   ,  15 378   ,  7 875   ,  8 142   ,  16 017   ,  8 033   ,  8 391   ,  16 424   ,  8 357   ,  8 960   ,  17 317   ,  8 883   ,  9 826   ,  18 709   
,48,  4 907   ,  4 655   ,  9 562   ,  4 950   ,  4 610   ,  9 560   ,  5 067   ,  4 702   ,  9 769   ,  5 333   ,  4 951   ,  10 284   ,  5 554   ,  5 173   ,  10 727   ,  5 960   ,  5 649   ,  11 609   ,  6 531   ,  6 338   ,  12 869   ,  6 882   ,  6 784   ,  13 666   ,  6 731   ,  6 735   ,  13 466   ,  7 028   ,  7 108   ,  14 136   ,  7 184   ,  7 328   ,  14 512   ,  7 154   ,  7 347   ,  14 501   ,  7 245   ,  7 464   ,  14 709   ,  7 524   ,  7 800   ,  15 324   ,  7 677   ,  8 040   ,  15 717   ,  7 988   ,  8 589   ,  16 577   
,49,  4 724   ,  4 580   ,  9 304   ,  4 838   ,  4 621   ,  9 459   ,  4 880   ,  4 576   ,  9 456   ,  4 996   ,  4 668   ,  9 664   ,  5 260   ,  4 915   ,  10 175   ,  5 478   ,  5 137   ,  10 615   ,  5 877   ,  5 607   ,  11 484   ,  6 441   ,  6 291   ,  12 732   ,  6 430   ,  6 388   ,  12 818   ,  6 652   ,  6 702   ,  13 354   ,  6 938   ,  7 064   ,  14 002   ,  7 093   ,  7 281   ,  14 374   ,  7 065   ,  7 299   ,  14 364   ,  7 155   ,  7 418   ,  14 573   ,  7 434   ,  7 753   ,  15 187   ,  7 586   ,  7 994   ,  15 580   
,50,  4 541   ,  4 425   ,  8 966   ,  4 648   ,  4 552   ,  9 200   ,  4 761   ,  4 594   ,  9 355   ,  4 803   ,  4 549   ,  9 352   ,  4 918   ,  4 640   ,  9 558   ,  5 178   ,  4 888   ,  10 066   ,  5 391   ,  5 105   ,  10 496   ,  5 785   ,  5 571   ,  11 356   ,  6 006   ,  5 933   ,  11 939   ,  6 343   ,  6 364   ,  12 707   ,  6 557   ,  6 669   ,  13 226   ,  6 839   ,  7 027   ,  13 866   ,  6 994   ,  7 245   ,  14 239   ,  6 967   ,  7 264   ,  14 231   ,  7 057   ,  7 384   ,  14 441   ,  7 333   ,  7 719   ,  15 052   
,51,  4 360   ,  4 288   ,  8 648   ,  4 415   ,  4 376   ,  8 791   ,  4 520   ,  4 502   ,  9 022   ,  4 630   ,  4 543   ,  9 173   ,  4 671   ,  4 499   ,  9 170   ,  4 784   ,  4 591   ,  9 375   ,  5 035   ,  4 832   ,  9 867   ,  5 242   ,  5 047   ,  10 289   ,  5 326   ,  5 229   ,  10 555   ,  5 853   ,  5 881   ,  11 734   ,  6 176   ,  6 300   ,  12 476   ,  6 385   ,  6 601   ,  12 986   ,  6 662   ,  6 957   ,  13 619   ,  6 813   ,  7 173   ,  13 986   ,  6 788   ,  7 193   ,  13 981   ,  6 877   ,  7 313   ,  14 190   
,52,  4 233   ,  4 177   ,  8 410   ,  4 337   ,  4 319   ,  8 656   ,  4 392   ,  4 409   ,  8 801   ,  4 497   ,  4 534   ,  9 031   ,  4 607   ,  4 576   ,  9 183   ,  4 649   ,  4 533   ,  9 182   ,  4 757   ,  4 622   ,  9 379   ,  5 008   ,  4 865   ,  9 873   ,  4 937   ,  4 824   ,  9 761   ,  5 311   ,  5 279   ,  10 590   ,  5 831   ,  5 928   ,  11 759   ,  6 154   ,  6 350   ,  12 504   ,  6 363   ,  6 653   ,  13 016   ,  6 641   ,  7 015   ,  13 656   ,  6 793   ,  7 233   ,  14 026   ,  6 768   ,  7 255   ,  14 023   
,53,  3 864   ,  3 893   ,  7 757   ,  4 243   ,  4 368   ,  8 611   ,  4 348   ,  4 518   ,  8 866   ,  4 403   ,  4 611   ,  9 014   ,  4 508   ,  4 742   ,  9 250   ,  4 619   ,  4 787   ,  9 406   ,  4 658   ,  4 738   ,  9 396   ,  4 768   ,  4 830   ,  9 598   ,  4 754   ,  4 835   ,  9 589   ,  4 962   ,  5 061   ,  10 023   ,  5 333   ,  5 528   ,  10 861   ,  5 856   ,  6 209   ,  12 065   ,  6 182   ,  6 652   ,  12 834   ,  6 394   ,  6 969   ,  13 363   ,  6 675   ,  7 348   ,  14 023   ,  6 830   ,  7 579   ,  14 409   
,54,  3 524   ,  3 487   ,  7 011   ,  3 782   ,  3 834   ,  7 616   ,  4 155   ,  4 301   ,  8 456   ,  4 257   ,  4 449   ,  8 706   ,  4 312   ,  4 540   ,  8 852   ,  4 416   ,  4 672   ,  9 088   ,  4 522   ,  4 711   ,  9 233   ,  4 560   ,  4 663   ,  9 223   ,  4 422   ,  4 521   ,  8 943   ,  4 666   ,  4 769   ,  9 435   ,  4 864   ,  4 986   ,  9 850   ,  5 229   ,  5 447   ,  10 676   ,  5 743   ,  6 117   ,  11 860   ,  6 065   ,  6 555   ,  12 620   ,  6 274   ,  6 869   ,  13 143   ,  6 551   ,  7 244   ,  13 795   
,55,  3 428   ,  3 408   ,  6 836   ,  3 471   ,  3 468   ,  6 939   ,  3 728   ,  3 813   ,  7 541   ,  4 095   ,  4 278   ,  8 373   ,  4 197   ,  4 426   ,  8 623   ,  4 251   ,  4 518   ,  8 769   ,  4 351   ,  4 645   ,  8 996   ,  4 456   ,  4 686   ,  9 142   ,  4 256   ,  4 408   ,  8 664   ,  4 366   ,  4 504   ,  8 870   ,  4 602   ,  4 747   ,  9 349   ,  4 798   ,  4 961   ,  9 759   ,  5 159   ,  5 420   ,  10 579   ,  5 669   ,  6 090   ,  11 759   ,  5 988   ,  6 526   ,  12 514   ,  6 196   ,  6 841   ,  13 037   
,56,  3 264   ,  3 241   ,  6 505   ,  3 400   ,  3 369   ,  6 769   ,  3 444   ,  3 429   ,  6 873   ,  3 698   ,  3 771   ,  7 469   ,  4 064   ,  4 231   ,  8 295   ,  4 166   ,  4 379   ,  8 545   ,  4 217   ,  4 467   ,  8 684   ,  4 317   ,  4 592   ,  8 909   ,  4 188   ,  4 403   ,  8 591   ,  4 232   ,  4 368   ,  8 600   ,  4 337   ,  4 458   ,  8 795   ,  4 573   ,  4 697   ,  9 270   ,  4 769   ,  4 911   ,  9 680   ,  5 130   ,  5 365   ,  10 495   ,  5 639   ,  6 029   ,  11 668   ,  5 957   ,  6 463   ,  12 420   
,57,  3 084   ,  3 100   ,  6 184   ,  3 143   ,  3 140   ,  6 283   ,  3 275   ,  3 264   ,  6 539   ,  3 316   ,  3 323   ,  6 639   ,  3 563   ,  3 656   ,  7 219   ,  3 917   ,  4 102   ,  8 019   ,  4 012   ,  4 242   ,  8 254   ,  4 062   ,  4 327   ,  8 389   ,  3 938   ,  4 230   ,  8 168   ,  4 042   ,  4 277   ,  8 319   ,  4 080   ,  4 238   ,  8 318   ,  4 183   ,  4 324   ,  8 507   ,  4 411   ,  4 557   ,  8 968   ,  4 601   ,  4 764   ,  9 365   ,  4 951   ,  5 208   ,  10 159   ,  5 444   ,  5 854   ,  11 298   
,58,  3 013   ,  3 099   ,  6 112   ,  2 906   ,  2 912   ,  5 818   ,  2 963   ,  2 949   ,  5 912   ,  3 086   ,  3 067   ,  6 153   ,  3 127   ,  3 123   ,  6 250   ,  3 360   ,  3 436   ,  6 796   ,  3 692   ,  3 854   ,  7 546   ,  3 783   ,  3 985   ,  7 768   ,  3 625   ,  3 865   ,  7 490   ,  3 718   ,  3 983   ,  7 701   ,  3 813   ,  4 023   ,  7 836   ,  3 850   ,  3 986   ,  7 836   ,  3 946   ,  4 068   ,  8 014   ,  4 162   ,  4 288   ,  8 450   ,  4 343   ,  4 484   ,  8 827   ,  4 675   ,  4 904   ,  9 579   
,59,  2 954   ,  3 141   ,  6 095   ,  2 948   ,  3 079   ,  6 027   ,  2 843   ,  2 894   ,  5 737   ,  2 898   ,  2 931   ,  5 829   ,  3 021   ,  3 048   ,  6 069   ,  3 061   ,  3 104   ,  6 165   ,  3 286   ,  3 413   ,  6 699   ,  3 613   ,  3 829   ,  7 442   ,  3 503   ,  3 764   ,  7 267   ,  3 555   ,  3 850   ,  7 405   ,  3 643   ,  3 964   ,  7 607   ,  3 735   ,  4 001   ,  7 736   ,  3 772   ,  3 965   ,  7 737   ,  3 869   ,  4 048   ,  7 917   ,  4 081   ,  4 268   ,  8 349   ,  4 260   ,  4 465   ,  8 725   
,60,  2 740   ,  2 930   ,  5 670   ,  2 870   ,  3 088   ,  5 958   ,  2 863   ,  3 026   ,  5 889   ,  2 761   ,  2 844   ,  5 605   ,  2 815   ,  2 882   ,  5 697   ,  2 934   ,  2 999   ,  5 933   ,  2 972   ,  3 051   ,  6 023   ,  3 191   ,  3 355   ,  6 546   ,  3 323   ,  3 579   ,  6 902   ,  3 411   ,  3 711   ,  7 122   ,  3 458   ,  3 791   ,  7 249   ,  3 544   ,  3 902   ,  7 446   ,  3 635   ,  3 941   ,  7 576   ,  3 672   ,  3 905   ,  7 577   ,  3 766   ,  3 988   ,  7 754   ,  3 975   ,  4 206   ,  8 181   
,61,  2 619   ,  2 796   ,  5 415   ,  2 639   ,  2 852   ,  5 491   ,  2 765   ,  3 006   ,  5 771   ,  2 758   ,  2 946   ,  5 704   ,  2 660   ,  2 770   ,  5 430   ,  2 713   ,  2 807   ,  5 520   ,  2 825   ,  2 918   ,  5 743   ,  2 862   ,  2 969   ,  5 831   ,  2 911   ,  3 105   ,  6 016   ,  3 208   ,  3 494   ,  6 702   ,  3 290   ,  3 617   ,  6 907   ,  3 335   ,  3 694   ,  7 029   ,  3 419   ,  3 804   ,  7 223   ,  3 508   ,  3 843   ,  7 351   ,  3 544   ,  3 809   ,  7 353   ,  3 637   ,  3 891   ,  7 528   
,62,  2 525   ,  2 634   ,  5 159   ,  2 604   ,  2 777   ,  5 381   ,  2 623   ,  2 834   ,  5 457   ,  2 748   ,  2 987   ,  5 735   ,  2 742   ,  2 928   ,  5 670   ,  2 644   ,  2 752   ,  5 396   ,  2 694   ,  2 788   ,  5 482   ,  2 808   ,  2 899   ,  5 707   ,  2 692   ,  2 806   ,  5 498   ,  2 899   ,  3 094   ,  5 993   ,  3 192   ,  3 475   ,  6 667   ,  3 274   ,  3 598   ,  6 872   ,  3 320   ,  3 675   ,  6 995   ,  3 405   ,  3 785   ,  7 190   ,  3 494   ,  3 824   ,  7 318   ,  3 532   ,  3 792   ,  7 324   
,63,  2 250   ,  2 292   ,  4 542   ,  2 513   ,  2 679   ,  5 192   ,  2 592   ,  2 824   ,  5 416   ,  2 612   ,  2 883   ,  5 495   ,  2 737   ,  3 038   ,  5 775   ,  2 732   ,  2 980   ,  5 712   ,  2 633   ,  2 799   ,  5 432   ,  2 683   ,  2 834   ,  5 517   ,  2 649   ,  2 807   ,  5 456   ,  2 690   ,  2 864   ,  5 554   ,  2 894   ,  3 154   ,  6 048   ,  3 187   ,  3 542   ,  6 729   ,  3 271   ,  3 668   ,  6 939   ,  3 317   ,  3 748   ,  7 065   ,  3 403   ,  3 861   ,  7 264   ,  3 493   ,  3 902   ,  7 395   
,64,  1 999   ,  1 953   ,  3 952   ,  2 172   ,  2 225   ,  4 397   ,  2 427   ,  2 602   ,  5 029   ,  2 505   ,  2 744   ,  5 249   ,  2 524   ,  2 801   ,  5 325   ,  2 644   ,  2 953   ,  5 597   ,  2 638   ,  2 895   ,  5 533   ,  2 543   ,  2 720   ,  5 263   ,  2 457   ,  2 622   ,  5 079   ,  2 565   ,  2 734   ,  5 299   ,  2 602   ,  2 787   ,  5 389   ,  2 800   ,  3 068   ,  5 868   ,  3 084   ,  3 447   ,  6 531   ,  3 166   ,  3 571   ,  6 737   ,  3 212   ,  3 649   ,  6 861   ,  3 296   ,  3 760   ,  7 056   
,65,  1 895   ,  1 822   ,  3 717   ,  1 925   ,  1 884   ,  3 809   ,  2 093   ,  2 147   ,  4 240   ,  2 339   ,  2 512   ,  4 851   ,  2 413   ,  2 650   ,  5 063   ,  2 433   ,  2 706   ,  5 139   ,  2 548   ,  2 851   ,  5 399   ,  2 542   ,  2 795   ,  5 337   ,  2 320   ,  2 499   ,  4 819   ,  2 372   ,  2 538   ,  4 910   ,  2 475   ,  2 642   ,  5 117   ,  2 509   ,  2 693   ,  5 202   ,  2 701   ,  2 966   ,  5 667   ,  2 978   ,  3 334   ,  6 312   ,  3 057   ,  3 454   ,  6 511   ,  3 102   ,  3 531   ,  6 633   
,66,  1 735   ,  1 667   ,  3 402   ,  1 818   ,  1 764   ,  3 582   ,  1 847   ,  1 825   ,  3 672   ,  2 009   ,  2 081   ,  4 090   ,  2 246   ,  2 434   ,  4 680   ,  2 317   ,  2 569   ,  4 886   ,  2 334   ,  2 621   ,  4 955   ,  2 446   ,  2 762   ,  5 208   ,  2 311   ,  2 576   ,  4 887   ,  2 233   ,  2 428   ,  4 661   ,  2 279   ,  2 462   ,  4 741   ,  2 379   ,  2 563   ,  4 942   ,  2 413   ,  2 613   ,  5 026   ,  2 599   ,  2 879   ,  5 478   ,  2 865   ,  3 237   ,  6 102   ,  2 943   ,  3 355   ,  6 298   
,67,  1 580   ,  1 531   ,  3 111   ,  1 622   ,  1 569   ,  3 191   ,  1 700   ,  1 662   ,  3 362   ,  1 727   ,  1 719   ,  3 446   ,  1 879   ,  1 960   ,  3 839   ,  2 101   ,  2 294   ,  4 395   ,  2 168   ,  2 419   ,  4 587   ,  2 184   ,  2 470   ,  4 654   ,  2 168   ,  2 477   ,  4 645   ,  2 168   ,  2 435   ,  4 603   ,  2 092   ,  2 291   ,  4 383   ,  2 136   ,  2 324   ,  4 460   ,  2 230   ,  2 420   ,  4 650   ,  2 263   ,  2 469   ,  4 732   ,  2 439   ,  2 720   ,  5 159   ,  2 689   ,  3 061   ,  5 750   
,68,  1 504   ,  1 493   ,  2 997   ,  1 438   ,  1 377   ,  2 815   ,  1 476   ,  1 412   ,  2 888   ,  1 548   ,  1 496   ,  3 044   ,  1 573   ,  1 547   ,  3 120   ,  1 712   ,  1 766   ,  3 478   ,  1 914   ,  2 066   ,  3 980   ,  1 975   ,  2 179   ,  4 154   ,  1 884   ,  2 116   ,  4 000   ,  1 980   ,  2 238   ,  4 218   ,  1 978   ,  2 197   ,  4 175   ,  1 909   ,  2 067   ,  3 976   ,  1 950   ,  2 097   ,  4 047   ,  2 036   ,  2 185   ,  4 221   ,  2 067   ,  2 229   ,  4 296   ,  2 228   ,  2 458   ,  4 686   
,69,  1 458   ,  1 497   ,  2 955   ,  1 427   ,  1 421   ,  2 848   ,  1 365   ,  1 311   ,  2 676   ,  1 402   ,  1 346   ,  2 748   ,  1 471   ,  1 425   ,  2 896   ,  1 495   ,  1 475   ,  2 970   ,  1 625   ,  1 682   ,  3 307   ,  1 819   ,  1 969   ,  3 788   ,  1 777   ,  1 977   ,  3 754   ,  1 796   ,  2 025   ,  3 821   ,  1 884   ,  2 137   ,  4 021   ,  1 883   ,  2 098   ,  3 981   ,  1 817   ,  1 975   ,  3 792   ,  1 857   ,  2 005   ,  3 862   ,  1 940   ,  2 090   ,  4 030   ,  1 970   ,  2 133   ,  4 103   
,70,  1 359   ,  1 401   ,  2 760   ,  1 378   ,  1 419   ,  2 797   ,  1 349   ,  1 348   ,  2 697   ,  1 291   ,  1 244   ,  2 535   ,  1 326   ,  1 277   ,  2 603   ,  1 390   ,  1 353   ,  2 743   ,  1 413   ,  1 400   ,  2 813   ,  1 538   ,  1 597   ,  3 135   ,  1 630   ,  1 779   ,  3 409   ,  1 687   ,  1 883   ,  3 570   ,  1 702   ,  1 926   ,  3 628   ,  1 787   ,  2 033   ,  3 820   ,  1 786   ,  1 996   ,  3 782   ,  1 726   ,  1 880   ,  3 606   ,  1 763   ,  1 909   ,  3 672   ,  1 843   ,  1 992   ,  3 835   
,71,  1 290   ,  1 327   ,  2 617   ,  1 292   ,  1 335   ,  2 627   ,  1 310   ,  1 353   ,  2 663   ,  1 282   ,  1 285   ,  2 567   ,  1 227   ,  1 186   ,  2 413   ,  1 261   ,  1 219   ,  2 480   ,  1 323   ,  1 291   ,  2 614   ,  1 344   ,  1 336   ,  2 680   ,  1 386   ,  1 451   ,  2 837   ,  1 555   ,  1 703   ,  3 258   ,  1 608   ,  1 799   ,  3 407   ,  1 623   ,  1 840   ,  3 463   ,  1 705   ,  1 943   ,  3 648   ,  1 704   ,  1 910   ,  3 614   ,  1 647   ,  1 799   ,  3 446   ,  1 683   ,  1 828   ,  3 511   
,72,  1 202   ,  1 223   ,  2 425   ,  1 225   ,  1 255   ,  2 480   ,  1 227   ,  1 263   ,  2 490   ,  1 244   ,  1 279   ,  2 523   ,  1 218   ,  1 215   ,  2 433   ,  1 167   ,  1 123   ,  2 290   ,  1 199   ,  1 153   ,  2 352   ,  1 256   ,  1 221   ,  2 477   ,  1 211   ,  1 204   ,  2 415   ,  1 322   ,  1 377   ,  2 699   ,  1 482   ,  1 614   ,  3 096   ,  1 532   ,  1 706   ,  3 238   ,  1 547   ,  1 746   ,  3 293   ,  1 626   ,  1 844   ,  3 470   ,  1 627   ,  1 812   ,  3 439   ,  1 572   ,  1 708   ,  3 280   
,73,  1 043   ,  1 036   ,  2 079   ,  1 166   ,  1 221   ,  2 387   ,  1 189   ,  1 253   ,  2 442   ,  1 192   ,  1 262   ,  2 454   ,  1 209   ,  1 279   ,  2 488   ,  1 184   ,  1 216   ,  2 400   ,  1 133   ,  1 122   ,  2 255   ,  1 164   ,  1 152   ,  2 316   ,  1 158   ,  1 163   ,  2 321   ,  1 181   ,  1 208   ,  2 389   ,  1 288   ,  1 380   ,  2 668   ,  1 445   ,  1 619   ,  3 064   ,  1 495   ,  1 711   ,  3 206   ,  1 510   ,  1 752   ,  3 262   ,  1 588   ,  1 851   ,  3 439   ,  1 590   ,  1 821   ,  3 411   
,74,  868   ,  821   ,  1 689   ,  967   ,  967   ,  1 934   ,  1 084   ,  1 141   ,  2 225   ,  1 105   ,  1 171   ,  2 276   ,  1 107   ,  1 180   ,  2 287   ,  1 123   ,  1 197   ,  2 320   ,  1 100   ,  1 138   ,  2 238   ,  1 053   ,  1 050   ,  2 103   ,  1 025   ,  1 028   ,  2 053   ,  1 080   ,  1 092   ,  2 172   ,  1 099   ,  1 133   ,  2 232   ,  1 199   ,  1 294   ,  2 493   ,  1 346   ,  1 519   ,  2 865   ,  1 393   ,  1 606   ,  2 999   ,  1 408   ,  1 645   ,  3 053   ,  1 482   ,  1 740   ,  3 222   
,75,  783   ,  746   ,  1 529   ,  808   ,  763   ,  1 571   ,  900   ,  899   ,  1 799   ,  1 009   ,  1 061   ,  2 070   ,  1 028   ,  1 090   ,  2 118   ,  1 032   ,  1 098   ,  2 130   ,  1 046   ,  1 113   ,  2 159   ,  1 025   ,  1 058   ,  2 083   ,  929   ,  931   ,  1 860   ,  958   ,  959   ,  1 917   ,  1 008   ,  1 018   ,  2 026   ,  1 026   ,  1 055   ,  2 081   ,  1 120   ,  1 207   ,  2 327   ,  1 258   ,  1 417   ,  2 675   ,  1 303   ,  1 500   ,  2 803   ,  1 318   ,  1 537   ,  2 855   
,76,  692   ,  676   ,  1 368   ,  714   ,  692   ,  1 406   ,  737   ,  708   ,  1 445   ,  822   ,  836   ,  1 658   ,  921   ,  986   ,  1 907   ,  939   ,  1 014   ,  1 953   ,  942   ,  1 021   ,  1 963   ,  956   ,  1 035   ,  1 991   ,  887   ,  937   ,  1 824   ,  852   ,  868   ,  1 720   ,  878   ,  894   ,  1 772   ,  923   ,  949   ,  1 872   ,  941   ,  985   ,  1 926   ,  1 028   ,  1 128   ,  2 156   ,  1 155   ,  1 323   ,  2 478   ,  1 196   ,  1 402   ,  2 598   
,77,  604   ,  610   ,  1 214   ,  606   ,  604   ,  1 210   ,  626   ,  620   ,  1 246   ,  645   ,  635   ,  1 280   ,  721   ,  749   ,  1 470   ,  807   ,  885   ,  1 692   ,  824   ,  909   ,  1 733   ,  826   ,  916   ,  1 742   ,  795   ,  885   ,  1 680   ,  781   ,  844   ,  1 625   ,  749   ,  781   ,  1 530   ,  771   ,  804   ,  1 575   ,  812   ,  855   ,  1 667   ,  829   ,  888   ,  1 717   ,  905   ,  1 017   ,  1 922   ,  1 018   ,  1 194   ,  2 212   
,78,  556   ,  593   ,  1 149   ,  537   ,  546   ,  1 083   ,  539   ,  542   ,  1 081   ,  557   ,  555   ,  1 112   ,  574   ,  568   ,  1 142   ,  642   ,  672   ,  1 314   ,  720   ,  794   ,  1 514   ,  734   ,  815   ,  1 549   ,  698   ,  783   ,  1 481   ,  710   ,  797   ,  1 507   ,  697   ,  759   ,  1 456   ,  669   ,  703   ,  1 372   ,  690   ,  724   ,  1 414   ,  726   ,  769   ,  1 495   ,  741   ,  800   ,  1 541   ,  812   ,  917   ,  1 729   
,79,  518   ,  579   ,  1 097   ,  508   ,  538   ,  1 046   ,  491   ,  497   ,  988   ,  493   ,  493   ,  986   ,  509   ,  506   ,  1 015   ,  526   ,  518   ,  1 044   ,  588   ,  613   ,  1 201   ,  660   ,  723   ,  1 383   ,  638   ,  708   ,  1 346   ,  642   ,  717   ,  1 359   ,  653   ,  728   ,  1 381   ,  641   ,  694   ,  1 335   ,  615   ,  643   ,  1 258   ,  635   ,  663   ,  1 298   ,  670   ,  705   ,  1 375   ,  684   ,  733   ,  1 417   
,80+,  3 135   ,  3 857   ,  6 992   ,  3 047   ,  3 758   ,  6 805   ,  2 968   ,  3 636   ,  6 604   ,  2 887   ,  3 505   ,  6 392   ,  2 823   ,  3 394   ,  6 217   ,  2 786   ,  3 309   ,  6 095   ,  2 763   ,  3 248   ,  6 011   ,  2 798   ,  3 275   ,  6 073   ,  2 737   ,  3 234   ,  5 971   ,  2 824   ,  3 352   ,  6 176   ,  2 901   ,  3 456   ,  6 357   ,  2 977   ,  3 561   ,  6 538   ,  3 033   ,  3 620   ,  6 653   ,  3 060   ,  3 632   ,  6 692   ,  3 103   ,  3 658   ,  6 761   ,  3 166   ,  3 721   ,  6 887   
,Total,  794 056   ,  831 055   ,  1 625 111   ,  820 335   ,  857 547   ,  1 677 882   ,  846 933   ,  884 347   ,  1 731 280   ,  873 792   ,  911 408   ,  1 785 200   ,  900 881   ,  938 671   ,  1 839 552   ,  928 163   ,  966 132   ,  1 894 295   ,  954 867   ,  992 942   ,  1 947 809   ,  981 732   ,  1 019 886   ,  2 001 618   ,  954 307   ,  991 551   ,  1 945 858   ,  981 925   ,  1 019 401   ,  2 001 326   ,  1 008 535   ,  1 046 120   ,  2 054 655   ,  1 035 537   ,  1 073 216   ,  2 108 753   ,  1 063 048   ,  1 100 800   ,  2 163 848   ,  1 091 086   ,  1 128 899   ,  2 219 985   ,  1 119 620   ,  1 157 478   ,  2 277 098   ,  1 148 639   ,  1 186 537   ,  2 335 176   
,,,,,,,,,,,,,,,,,,,,,,,,,,,,,,,,,,,,,,,,,,,,,,,,,
,,,,,,,,,,,,,,,,,,,,,,,,,,,,,,,,,,,,,,,,,,,,,,,,,
KENEDOUGOU,,,,,,,,,,,,,,,,,,,,,,,,,,,,,,,,,,,,,,,,,,,,,,,,,
,,2020,,,2021,,,2022,,,2023,,,2024,,,2025,,,2026,,,2027,,,2028,,,2029,,,2030,,,2031,,,2032,,,2033,,,2034,,,2035,,
, Ages,Ensemble,,,Ensemble,,,Ensemble,,,Ensemble,,,Ensemble,,,Ensemble,,,Ensemble,,,Ensemble,,,Ensemble,,,Ensemble,,,Ensemble,,,Ensemble,,,Ensemble,,,Ensemble,,,Ensemble,,,Ensemble,,
,,Homme ,Femme,Ensemble,Homme ,Femme,Ensemble,Homme ,Femme,Ensemble,Homme ,Femme,Ensemble,Homme ,Femme,Ensemble,Homme ,Femme,Ensemble,Homme ,Femme,Ensemble,Homme ,Femme,Ensemble,Homme ,Femme,Ensemble,Homme ,Femme,Ensemble,Homme ,Femme,Ensemble,Homme ,Femme,Ensemble,Homme ,Femme,Ensemble,Homme ,Femme,Ensemble,Homme ,Femme,Ensemble,Homme ,Femme,Ensemble
,0,  7 370   ,  7 432   ,  14 802   ,  7 413   ,  7 466   ,  14 879   ,  7 477   ,  7 528   ,  15 005   ,  7 529   ,  7 580   ,  15 109   ,  7 572   ,  7 624   ,  15 196   ,  7 612   ,  7 667   ,  15 279   ,  7 645   ,  7 704   ,  15 349   ,  7 677   ,  7 741   ,  15 418   ,  7 356   ,  7 426   ,  14 782   ,  7 393   ,  7 468   ,  14 861   ,  7 415   ,  7 495   ,  14 910   ,  7 515   ,  7 600   ,  15 115   ,  7 619   ,  7 710   ,  15 329   ,  7 725   ,  7 821   ,  15 546   ,  7 828   ,  7 930   ,  15 758   ,  7 926   ,  8 034   ,  15 960   
,1,  7 301   ,  7 384   ,  14 685   ,  7 279   ,  7 339   ,  14 618   ,  7 327   ,  7 377   ,  14 704   ,  7 395   ,  7 443   ,  14 838   ,  7 451   ,  7 499   ,  14 950   ,  7 498   ,  7 548   ,  15 046   ,  7 536   ,  7 589   ,  15 125   ,  7 574   ,  7 631   ,  15 205   ,  7 267   ,  7 329   ,  14 596   ,  7 314   ,  7 380   ,  14 694   ,  7 346   ,  7 415   ,  14 761   ,  7 371   ,  7 443   ,  14 814   ,  7 474   ,  7 552   ,  15 026   ,  7 582   ,  7 666   ,  15 248   ,  7 692   ,  7 781   ,  15 473   ,  7 799   ,  7 896   ,  15 695   
,2,  7 157   ,  7 274   ,  14 431   ,  7 302   ,  7 380   ,  14 682   ,  7 282   ,  7 337   ,  14 619   ,  7 331   ,  7 378   ,  14 709   ,  7 400   ,  7 447   ,  14 847   ,  7 458   ,  7 507   ,  14 965   ,  7 502   ,  7 553   ,  15 055   ,  7 542   ,  7 597   ,  15 139   ,  7 240   ,  7 300   ,  14 540   ,  7 293   ,  7 357   ,  14 650   ,  7 331   ,  7 398   ,  14 729   ,  7 364   ,  7 434   ,  14 798   ,  7 391   ,  7 465   ,  14 856   ,  7 497   ,  7 577   ,  15 074   ,  7 607   ,  7 693   ,  15 300   ,  7 719   ,  7 813   ,  15 532   
,3,  6 951   ,  7 099   ,  14 050   ,  7 143   ,  7 246   ,  14 389   ,  7 287   ,  7 352   ,  14 639   ,  7 267   ,  7 311   ,  14 578   ,  7 316   ,  7 354   ,  14 670   ,  7 386   ,  7 425   ,  14 811   ,  7 440   ,  7 480   ,  14 920   ,  7 484   ,  7 528   ,  15 012   ,  7 187   ,  7 236   ,  14 423   ,  7 242   ,  7 295   ,  14 537   ,  7 285   ,  7 341   ,  14 626   ,  7 324   ,  7 383   ,  14 707   ,  7 357   ,  7 419   ,  14 776   ,  7 386   ,  7 452   ,  14 838   ,  7 493   ,  7 565   ,  15 058   ,  7 604   ,  7 685   ,  15 289   
,4,  6 896   ,  7 013   ,  13 909   ,  7 103   ,  7 175   ,  14 278   ,  7 299   ,  7 324   ,  14 623   ,  7 446   ,  7 433   ,  14 879   ,  7 426   ,  7 393   ,  14 819   ,  7 478   ,  7 438   ,  14 916   ,  7 544   ,  7 506   ,  15 050   ,  7 599   ,  7 564   ,  15 163   ,  7 304   ,  7 277   ,  14 581   ,  7 360   ,  7 336   ,  14 696   ,  7 406   ,  7 385   ,  14 791   ,  7 451   ,  7 432   ,  14 883   ,  7 491   ,  7 475   ,  14 966   ,  7 526   ,  7 513   ,  15 039   ,  7 556   ,  7 548   ,  15 104   ,  7 667   ,  7 665   ,  15 332   
,5,  6 759   ,  6 896   ,  13 655   ,  7 036   ,  7 141   ,  14 177   ,  7 248   ,  7 306   ,  14 554   ,  7 447   ,  7 459   ,  14 906   ,  7 598   ,  7 572   ,  15 170   ,  7 579   ,  7 533   ,  15 112   ,  7 626   ,  7 575   ,  15 201   ,  7 694   ,  7 645   ,  15 339   ,  7 405   ,  7 366   ,  14 771   ,  7 467   ,  7 430   ,  14 897   ,  7 515   ,  7 480   ,  14 995   ,  7 562   ,  7 529   ,  15 091   ,  7 608   ,  7 577   ,  15 185   ,  7 650   ,  7 623   ,  15 273   ,  7 687   ,  7 663   ,  15 350   ,  7 719   ,  7 701   ,  15 420   
,6,  6 574   ,  6 706   ,  13 280   ,  6 842   ,  6 963   ,  13 805   ,  7 122   ,  7 212   ,  14 334   ,  7 336   ,  7 379   ,  14 715   ,  7 538   ,  7 535   ,  15 073   ,  7 692   ,  7 651   ,  15 343   ,  7 666   ,  7 606   ,  15 272   ,  7 714   ,  7 650   ,  15 364   ,  7 437   ,  7 383   ,  14 820   ,  7 508   ,  7 457   ,  14 965   ,  7 561   ,  7 511   ,  15 072   ,  7 608   ,  7 561   ,  15 169   ,  7 657   ,  7 611   ,  15 268   ,  7 704   ,  7 660   ,  15 364   ,  7 748   ,  7 707   ,  15 455   ,  7 786   ,  7 750   ,  15 536   
,7,  6 398   ,  6 473   ,  12 871   ,  6 581   ,  6 668   ,  13 249   ,  6 849   ,  6 924   ,  13 773   ,  7 129   ,  7 171   ,  14 300   ,  7 343   ,  7 339   ,  14 682   ,  7 546   ,  7 495   ,  15 041   ,  7 693   ,  7 606   ,  15 299   ,  7 668   ,  7 564   ,  15 232   ,  7 373   ,  7 274   ,  14 647   ,  7 456   ,  7 358   ,  14 814   ,  7 517   ,  7 421   ,  14 938   ,  7 568   ,  7 473   ,  15 041   ,  7 617   ,  7 523   ,  15 140   ,  7 666   ,  7 574   ,  15 240   ,  7 714   ,  7 625   ,  15 339   ,  7 759   ,  7 673   ,  15 432   
,8,  6 369   ,  6 356   ,  12 725   ,  6 511   ,  6 527   ,  13 038   ,  6 697   ,  6 723   ,  13 420   ,  6 969   ,  6 982   ,  13 951   ,  7 254   ,  7 232   ,  14 486   ,  7 471   ,  7 403   ,  14 874   ,  7 672   ,  7 556   ,  15 228   ,  7 822   ,  7 669   ,  15 491   ,  7 452   ,  7 293   ,  14 745   ,  7 514   ,  7 351   ,  14 865   ,  7 588   ,  7 425   ,  15 013   ,  7 649   ,  7 487   ,  15 136   ,  7 702   ,  7 540   ,  15 242   ,  7 752   ,  7 592   ,  15 344   ,  7 802   ,  7 644   ,  15 446   ,  7 852   ,  7 696   ,  15 548   
,9,  6 115   ,  5 998   ,  12 113   ,  6 323   ,  6 236   ,  12 559   ,  6 464   ,  6 403   ,  12 867   ,  6 648   ,  6 596   ,  13 244   ,  6 917   ,  6 851   ,  13 768   ,  7 200   ,  7 098   ,  14 298   ,  7 410   ,  7 262   ,  14 672   ,  7 609   ,  7 412   ,  15 021   ,  7 415   ,  7 193   ,  14 608   ,  7 406   ,  7 168   ,  14 574   ,  7 458   ,  7 215   ,  14 673   ,  7 530   ,  7 286   ,  14 816   ,  7 591   ,  7 347   ,  14 938   ,  7 644   ,  7 400   ,  15 044   ,  7 694   ,  7 452   ,  15 146   ,  7 745   ,  7 504   ,  15 249   
,10,  5 829   ,  5 689   ,  11 518   ,  6 090   ,  5 972   ,  12 062   ,  6 296   ,  6 209   ,  12 505   ,  6 435   ,  6 376   ,  12 811   ,  6 618   ,  6 569   ,  13 187   ,  6 887   ,  6 824   ,  13 711   ,  7 163   ,  7 066   ,  14 229   ,  7 372   ,  7 229   ,  14 601   ,  7 237   ,  7 058   ,  14 295   ,  7 395   ,  7 178   ,  14 573   ,  7 376   ,  7 143   ,  14 519   ,  7 426   ,  7 188   ,  14 614   ,  7 498   ,  7 259   ,  14 757   ,  7 560   ,  7 321   ,  14 881   ,  7 613   ,  7 375   ,  14 988   ,  7 663   ,  7 427   ,  15 090   
,11,  5 660   ,  5 479   ,  11 139   ,  5 850   ,  5 676   ,  11 526   ,  6 112   ,  5 958   ,  12 070   ,  6 318   ,  6 194   ,  12 512   ,  6 457   ,  6 362   ,  12 819   ,  6 641   ,  6 556   ,  13 197   ,  6 905   ,  6 806   ,  13 711   ,  7 181   ,  7 048   ,  14 229   ,  7 069   ,  6 898   ,  13 967   ,  7 274   ,  7 056   ,  14 330   ,  7 421   ,  7 166   ,  14 587   ,  7 401   ,  7 129   ,  14 530   ,  7 452   ,  7 174   ,  14 626   ,  7 525   ,  7 246   ,  14 771   ,  7 587   ,  7 308   ,  14 895   ,  7 640   ,  7 363   ,  15 003   
,12,  5 471   ,  5 304   ,  10 775   ,  5 689   ,  5 504   ,  11 193   ,  5 880   ,  5 703   ,  11 583   ,  6 143   ,  5 986   ,  12 129   ,  6 349   ,  6 224   ,  12 573   ,  6 489   ,  6 394   ,  12 883   ,  6 668   ,  6 584   ,  13 252   ,  6 933   ,  6 836   ,  13 769   ,  6 897   ,  6 772   ,  13 669   ,  7 113   ,  6 944   ,  14 057   ,  7 309   ,  7 092   ,  14 401   ,  7 456   ,  7 201   ,  14 657   ,  7 436   ,  7 164   ,  14 600   ,  7 488   ,  7 210   ,  14 698   ,  7 561   ,  7 283   ,  14 844   ,  7 624   ,  7 347   ,  14 971   
,13,  5 146   ,  5 013   ,  10 159   ,  5 436   ,  5 267   ,  10 703   ,  5 653   ,  5 467   ,  11 120   ,  5 842   ,  5 664   ,  11 506   ,  6 102   ,  5 946   ,  12 048   ,  6 307   ,  6 183   ,  12 490   ,  6 441   ,  6 348   ,  12 789   ,  6 619   ,  6 537   ,  13 156   ,  6 585   ,  6 494   ,  13 079   ,  6 863   ,  6 738   ,  13 601   ,  7 068   ,  6 898   ,  13 966   ,  7 262   ,  7 045   ,  14 307   ,  7 408   ,  7 153   ,  14 561   ,  7 389   ,  7 117   ,  14 506   ,  7 441   ,  7 163   ,  14 604   ,  7 514   ,  7 236   ,  14 750   
,14,  4 910   ,  4 866   ,  9 776   ,  5 149   ,  5 048   ,  10 197   ,  5 439   ,  5 304   ,  10 743   ,  5 655   ,  5 505   ,  11 160   ,  5 844   ,  5 703   ,  11 547   ,  6 104   ,  5 988   ,  12 092   ,  6 304   ,  6 223   ,  12 527   ,  6 438   ,  6 389   ,  12 827   ,  6 330   ,  6 297   ,  12 627   ,  6 596   ,  6 551   ,  13 147   ,  6 864   ,  6 788   ,  13 652   ,  7 069   ,  6 947   ,  14 016   ,  7 262   ,  7 095   ,  14 357   ,  7 409   ,  7 204   ,  14 613   ,  7 390   ,  7 168   ,  14 558   ,  7 442   ,  7 215   ,  14 657   
,15,  4 631   ,  4 805   ,  9 436   ,  4 896   ,  4 967   ,  9 863   ,  5 134   ,  5 152   ,  10 286   ,  5 423   ,  5 414   ,  10 837   ,  5 638   ,  5 619   ,  11 257   ,  5 827   ,  5 822   ,  11 649   ,  6 082   ,  6 109   ,  12 191   ,  6 281   ,  6 349   ,  12 630   ,  6 141   ,  6 242   ,  12 383   ,  6 323   ,  6 441   ,  12 764   ,  6 579   ,  6 692   ,  13 271   ,  6 847   ,  6 932   ,  13 779   ,  7 051   ,  7 095   ,  14 146   ,  7 245   ,  7 245   ,  14 490   ,  7 392   ,  7 357   ,  14 749   ,  7 373   ,  7 321   ,  14 694   
,16,  4 346   ,  4 684   ,  9 030   ,  4 673   ,  4 869   ,  9 542   ,  4 940   ,  5 033   ,  9 973   ,  5 180   ,  5 221   ,  10 401   ,  5 472   ,  5 487   ,  10 959   ,  5 689   ,  5 695   ,  11 384   ,  5 874   ,  5 897   ,  11 771   ,  6 131   ,  6 188   ,  12 319   ,  6 062   ,  6 159   ,  12 221   ,  6 203   ,  6 335   ,  12 538   ,  6 379   ,  6 528   ,  12 907   ,  6 637   ,  6 779   ,  13 416   ,  6 907   ,  7 022   ,  13 929   ,  7 114   ,  7 187   ,  14 301   ,  7 310   ,  7 340   ,  14 650   ,  7 459   ,  7 455   ,  14 914   
,17,  4 152   ,  4 624   ,  8 776   ,  4 373   ,  4 676   ,  9 049   ,  4 703   ,  4 861   ,  9 564   ,  4 971   ,  5 025   ,  9 996   ,  5 212   ,  5 213   ,  10 425   ,  5 506   ,  5 479   ,  10 985   ,  5 720   ,  5 683   ,  11 403   ,  5 907   ,  5 885   ,  11 792   ,  5 902   ,  5 915   ,  11 817   ,  6 108   ,  6 159   ,  12 267   ,  6 242   ,  6 326   ,  12 568   ,  6 418   ,  6 517   ,  12 935   ,  6 678   ,  6 769   ,  13 447   ,  6 950   ,  7 012   ,  13 962   ,  7 159   ,  7 177   ,  14 336   ,  7 357   ,  7 331   ,  14 688   
,18,  4 089   ,  4 775   ,  8 864   ,  4 225   ,  4 688   ,  8 913   ,  4 450   ,  4 739   ,  9 189   ,  4 785   ,  4 928   ,  9 713   ,  5 058   ,  5 094   ,  10 152   ,  5 304   ,  5 285   ,  10 589   ,  5 598   ,  5 552   ,  11 150   ,  5 816   ,  5 759   ,  11 575   ,  5 746   ,  5 713   ,  11 459   ,  6 010   ,  6 007   ,  12 017   ,  6 212   ,  6 247   ,  12 459   ,  6 348   ,  6 414   ,  12 762   ,  6 527   ,  6 608   ,  13 135   ,  6 792   ,  6 863   ,  13 655   ,  7 070   ,  7 110   ,  14 180   ,  7 282   ,  7 278   ,  14 560   
,19,  3 978   ,  4 769   ,  8 747   ,  4 143   ,  4 771   ,  8 914   ,  4 280   ,  4 683   ,  8 963   ,  4 509   ,  4 735   ,  9 244   ,  4 849   ,  4 924   ,  9 773   ,  5 126   ,  5 091   ,  10 217   ,  5 371   ,  5 279   ,  10 650   ,  5 670   ,  5 546   ,  11 216   ,  5 637   ,  5 511   ,  11 148   ,  5 833   ,  5 718   ,  11 551   ,  6 093   ,  6 004   ,  12 097   ,  6 297   ,  6 242   ,  12 539   ,  6 435   ,  6 410   ,  12 845   ,  6 617   ,  6 604   ,  13 221   ,  6 887   ,  6 859   ,  13 746   ,  7 169   ,  7 107   ,  14 276   
,20,  3 831   ,  4 640   ,  8 471   ,  4 029   ,  4 792   ,  8 821   ,  4 195   ,  4 794   ,  8 989   ,  4 335   ,  4 707   ,  9 042   ,  4 566   ,  4 759   ,  9 325   ,  4 911   ,  4 950   ,  9 861   ,  5 189   ,  5 115   ,  10 304   ,  5 437   ,  5 305   ,  10 742   ,  5 495   ,  5 338   ,  10 833   ,  5 721   ,  5 549   ,  11 270   ,  5 912   ,  5 750   ,  11 662   ,  6 176   ,  6 036   ,  12 212   ,  6 384   ,  6 276   ,  12 660   ,  6 524   ,  6 445   ,  12 969   ,  6 710   ,  6 641   ,  13 351   ,  6 984   ,  6 898   ,  13 882   
,21,  3 655   ,  4 447   ,  8 102   ,  3 815   ,  4 617   ,  8 432   ,  4 013   ,  4 769   ,  8 782   ,  4 179   ,  4 771   ,  8 950   ,  4 318   ,  4 684   ,  9 002   ,  4 549   ,  4 737   ,  9 286   ,  4 891   ,  4 924   ,  9 815   ,  5 168   ,  5 089   ,  10 257   ,  5 185   ,  5 056   ,  10 241   ,  5 486   ,  5 322   ,  10 808   ,  5 705   ,  5 525   ,  11 230   ,  5 896   ,  5 724   ,  11 620   ,  6 160   ,  6 009   ,  12 169   ,  6 368   ,  6 249   ,  12 617   ,  6 509   ,  6 418   ,  12 927   ,  6 695   ,  6 614   ,  13 309   
,22,  3 493   ,  4 224   ,  7 717   ,  3 679   ,  4 496   ,  8 175   ,  3 841   ,  4 668   ,  8 509   ,  4 040   ,  4 821   ,  8 861   ,  4 208   ,  4 824   ,  9 032   ,  4 348   ,  4 737   ,  9 085   ,  4 579   ,  4 788   ,  9 367   ,  4 925   ,  4 978   ,  9 903   ,  4 983   ,  4 928   ,  9 911   ,  5 233   ,  5 120   ,  10 353   ,  5 532   ,  5 382   ,  10 914   ,  5 753   ,  5 587   ,  11 340   ,  5 947   ,  5 788   ,  11 735   ,  6 214   ,  6 077   ,  12 291   ,  6 425   ,  6 320   ,  12 745   ,  6 568   ,  6 492   ,  13 060   
,23,  3 304   ,  3 943   ,  7 247   ,  3 496   ,  4 220   ,  7 716   ,  3 684   ,  4 491   ,  8 175   ,  3 846   ,  4 664   ,  8 510   ,  4 047   ,  4 818   ,  8 865   ,  4 216   ,  4 822   ,  9 038   ,  4 354   ,  4 732   ,  9 086   ,  4 586   ,  4 783   ,  9 369   ,  4 726   ,  4 768   ,  9 494   ,  5 006   ,  4 937   ,  9 943   ,  5 253   ,  5 123   ,  10 376   ,  5 553   ,  5 385   ,  10 938   ,  5 776   ,  5 590   ,  11 366   ,  5 972   ,  5 792   ,  11 764   ,  6 242   ,  6 082   ,  12 324   ,  6 455   ,  6 325   ,  12 780   
,24,  3 159   ,  3 790   ,  6 949   ,  3 274   ,  3 946   ,  7 220   ,  3 466   ,  4 224   ,  7 690   ,  3 653   ,  4 496   ,  8 149   ,  3 815   ,  4 669   ,  8 484   ,  4 015   ,  4 825   ,  8 840   ,  4 181   ,  4 825   ,  9 006   ,  4 319   ,  4 736   ,  9 055   ,  4 358   ,  4 590   ,  8 948   ,  4 700   ,  4 781   ,  9 481   ,  4 974   ,  4 945   ,  9 919   ,  5 220   ,  5 130   ,  10 350   ,  5 519   ,  5 393   ,  10 912   ,  5 742   ,  5 598   ,  11 340   ,  5 938   ,  5 802   ,  11 740   ,  6 208   ,  6 093   ,  12 301   
,25,  3 053   ,  3 652   ,  6 705   ,  3 102   ,  3 733   ,  6 835   ,  3 216   ,  3 887   ,  7 103   ,  3 406   ,  4 162   ,  7 568   ,  3 591   ,  4 431   ,  8 022   ,  3 751   ,  4 603   ,  8 354   ,  3 946   ,  4 754   ,  8 700   ,  4 110   ,  4 755   ,  8 865   ,  4 066   ,  4 474   ,  8 540   ,  4 294   ,  4 531   ,  8 825   ,  4 627   ,  4 714   ,  9 341   ,  4 898   ,  4 875   ,  9 773   ,  5 141   ,  5 059   ,  10 200   ,  5 438   ,  5 318   ,  10 756   ,  5 659   ,  5 521   ,  11 180   ,  5 853   ,  5 723   ,  11 576   
,26,  2 992   ,  3 567   ,  6 559   ,  3 027   ,  3 628   ,  6 655   ,  3 076   ,  3 710   ,  6 786   ,  3 190   ,  3 863   ,  7 053   ,  3 379   ,  4 137   ,  7 516   ,  3 565   ,  4 406   ,  7 971   ,  3 722   ,  4 575   ,  8 297   ,  3 917   ,  4 725   ,  8 642   ,  3 908   ,  4 532   ,  8 440   ,  4 046   ,  4 456   ,  8 502   ,  4 269   ,  4 508   ,  8 777   ,  4 601   ,  4 690   ,  9 291   ,  4 872   ,  4 850   ,  9 722   ,  5 116   ,  5 033   ,  10 149   ,  5 413   ,  5 292   ,  10 705   ,  5 635   ,  5 495   ,  11 130   
,27,  2 944   ,  3 503   ,  6 447   ,  2 947   ,  3 519   ,  6 466   ,  2 981   ,  3 580   ,  6 561   ,  3 030   ,  3 661   ,  6 691   ,  3 143   ,  3 814   ,  6 957   ,  3 331   ,  4 085   ,  7 416   ,  3 512   ,  4 349   ,  7 861   ,  3 669   ,  4 516   ,  8 185   ,  3 698   ,  4 473   ,  8 171   ,  3 861   ,  4 483   ,  8 344   ,  3 994   ,  4 403   ,  8 397   ,  4 215   ,  4 454   ,  8 669   ,  4 545   ,  4 634   ,  9 179   ,  4 815   ,  4 793   ,  9 608   ,  5 057   ,  4 975   ,  10 032   ,  5 352   ,  5 232   ,  10 584   
,28,  2 991   ,  3 505   ,  6 496   ,  2 899   ,  3 427   ,  6 326   ,  2 902   ,  3 444   ,  6 346   ,  2 936   ,  3 504   ,  6 440   ,  2 984   ,  3 584   ,  6 568   ,  3 096   ,  3 735   ,  6 831   ,  3 281   ,  3 999   ,  7 280   ,  3 461   ,  4 258   ,  7 719   ,  3 462   ,  4 240   ,  7 702   ,  3 653   ,  4 388   ,  8 041   ,  3 811   ,  4 393   ,  8 204   ,  3 943   ,  4 314   ,  8 257   ,  4 162   ,  4 365   ,  8 527   ,  4 490   ,  4 541   ,  9 031   ,  4 758   ,  4 698   ,  9 456   ,  4 999   ,  4 878   ,  9 877   
,29,  2 993   ,  3 463   ,  6 456   ,  2 955   ,  3 472   ,  6 427   ,  2 863   ,  3 395   ,  6 258   ,  2 866   ,  3 412   ,  6 278   ,  2 900   ,  3 472   ,  6 372   ,  2 948   ,  3 553   ,  6 501   ,  3 058   ,  3 700   ,  6 758   ,  3 242   ,  3 962   ,  7 204   ,  3 276   ,  4 046   ,  7 322   ,  3 431   ,  4 211   ,  7 642   ,  3 617   ,  4 354   ,  7 971   ,  3 774   ,  4 358   ,  8 132   ,  3 906   ,  4 280   ,  8 186   ,  4 125   ,  4 330   ,  8 455   ,  4 452   ,  4 507   ,  8 959   ,  4 719   ,  4 663   ,  9 382   
,30,  2 946   ,  3 352   ,  6 298   ,  2 983   ,  3 470   ,  6 453   ,  2 945   ,  3 479   ,  6 424   ,  2 853   ,  3 402   ,  6 255   ,  2 856   ,  3 420   ,  6 276   ,  2 890   ,  3 481   ,  6 371   ,  2 937   ,  3 560   ,  6 497   ,  3 047   ,  3 708   ,  6 755   ,  3 096   ,  3 810   ,  6 906   ,  3 275   ,  4 066   ,  7 341   ,  3 426   ,  4 226   ,  7 652   ,  3 613   ,  4 369   ,  7 982   ,  3 771   ,  4 374   ,  8 145   ,  3 904   ,  4 296   ,  8 200   ,  4 124   ,  4 347   ,  8 471   ,  4 453   ,  4 526   ,  8 979   
,31,  2 887   ,  3 230   ,  6 117   ,  2 908   ,  3 345   ,  6 253   ,  2 944   ,  3 464   ,  6 408   ,  2 907   ,  3 473   ,  6 380   ,  2 815   ,  3 397   ,  6 212   ,  2 818   ,  3 415   ,  6 233   ,  2 850   ,  3 475   ,  6 325   ,  2 897   ,  3 554   ,  6 451   ,  2 882   ,  3 552   ,  6 434   ,  3 063   ,  3 812   ,  6 875   ,  3 238   ,  4 063   ,  7 301   ,  3 388   ,  4 224   ,  7 612   ,  3 574   ,  4 367   ,  7 941   ,  3 732   ,  4 372   ,  8 104   ,  3 864   ,  4 295   ,  8 159   ,  4 083   ,  4 347   ,  8 430   
,32,  2 806   ,  3 063   ,  5 869   ,  2 869   ,  3 224   ,  6 093   ,  2 890   ,  3 340   ,  6 230   ,  2 927   ,  3 458   ,  6 385   ,  2 889   ,  3 468   ,  6 357   ,  2 798   ,  3 393   ,  6 191   ,  2 800   ,  3 409   ,  6 209   ,  2 832   ,  3 469   ,  6 301   ,  2 761   ,  3 406   ,  6 167   ,  2 871   ,  3 555   ,  6 426   ,  3 050   ,  3 811   ,  6 861   ,  3 224   ,  4 062   ,  7 286   ,  3 375   ,  4 223   ,  7 598   ,  3 562   ,  4 367   ,  7 929   ,  3 720   ,  4 372   ,  8 092   ,  3 852   ,  4 296   ,  8 148   
,33,  2 662   ,  2 821   ,  5 483   ,  2 813   ,  3 081   ,  5 894   ,  2 876   ,  3 243   ,  6 119   ,  2 897   ,  3 359   ,  6 256   ,  2 934   ,  3 479   ,  6 413   ,  2 897   ,  3 490   ,  6 387   ,  2 803   ,  3 412   ,  6 215   ,  2 805   ,  3 429   ,  6 234   ,  2 723   ,  3 353   ,  6 076   ,  2 774   ,  3 436   ,  6 210   ,  2 883   ,  3 583   ,  6 466   ,  3 063   ,  3 841   ,  6 904   ,  3 239   ,  4 094   ,  7 333   ,  3 391   ,  4 257   ,  7 648   ,  3 581   ,  4 402   ,  7 983   ,  3 740   ,  4 409   ,  8 149   
,34,  2 545   ,  2 629   ,  5 174   ,  2 635   ,  2 798   ,  5 433   ,  2 785   ,  3 057   ,  5 842   ,  2 848   ,  3 218   ,  6 066   ,  2 869   ,  3 334   ,  6 203   ,  2 906   ,  3 454   ,  6 360   ,  2 867   ,  3 463   ,  6 330   ,  2 775   ,  3 386   ,  6 161   ,  2 664   ,  3 270   ,  5 934   ,  2 701   ,  3 334   ,  6 035   ,  2 749   ,  3 413   ,  6 162   ,  2 857   ,  3 559   ,  6 416   ,  3 037   ,  3 816   ,  6 853   ,  3 212   ,  4 067   ,  7 279   ,  3 365   ,  4 230   ,  7 595   ,  3 554   ,  4 375   ,  7 929   
,35,  2 461   ,  2 517   ,  4 978   ,  2 502   ,  2 586   ,  5 088   ,  2 590   ,  2 752   ,  5 342   ,  2 739   ,  3 007   ,  5 746   ,  2 802   ,  3 166   ,  5 968   ,  2 823   ,  3 282   ,  6 105   ,  2 859   ,  3 398   ,  6 257   ,  2 820   ,  3 407   ,  6 227   ,  2 618   ,  3 201   ,  5 819   ,  2 625   ,  3 224   ,  5 849   ,  2 659   ,  3 284   ,  5 943   ,  2 706   ,  3 361   ,  6 067   ,  2 814   ,  3 505   ,  6 319   ,  2 992   ,  3 758   ,  6 750   ,  3 166   ,  4 007   ,  7 173   ,  3 317   ,  4 168   ,  7 485   
,36,  2 347   ,  2 375   ,  4 722   ,  2 427   ,  2 474   ,  4 901   ,  2 467   ,  2 541   ,  5 008   ,  2 556   ,  2 706   ,  5 262   ,  2 703   ,  2 957   ,  5 660   ,  2 766   ,  3 115   ,  5 881   ,  2 785   ,  3 227   ,  6 012   ,  2 821   ,  3 342   ,  6 163   ,  2 670   ,  3 219   ,  5 889   ,  2 588   ,  3 154   ,  5 742   ,  2 592   ,  3 173   ,  5 765   ,  2 626   ,  3 232   ,  5 858   ,  2 673   ,  3 308   ,  5 981   ,  2 780   ,  3 450   ,  6 230   ,  2 957   ,  3 700   ,  6 657   ,  3 130   ,  3 947   ,  7 077   
,37,  2 282   ,  2 287   ,  4 569   ,  2 304   ,  2 317   ,  4 621   ,  2 383   ,  2 414   ,  4 797   ,  2 423   ,  2 481   ,  4 904   ,  2 511   ,  2 642   ,  5 153   ,  2 657   ,  2 888   ,  5 545   ,  2 718   ,  3 041   ,  5 759   ,  2 737   ,  3 151   ,  5 888   ,  2 659   ,  3 133   ,  5 792   ,  2 628   ,  3 149   ,  5 777   ,  2 545   ,  3 082   ,  5 627   ,  2 549   ,  3 100   ,  5 649   ,  2 582   ,  3 158   ,  5 740   ,  2 629   ,  3 234   ,  5 863   ,  2 735   ,  3 373   ,  6 108   ,  2 911   ,  3 619   ,  6 530   
,38,  2 233   ,  2 223   ,  4 456   ,  2 219   ,  2 223   ,  4 442   ,  2 240   ,  2 253   ,  4 493   ,  2 318   ,  2 348   ,  4 666   ,  2 357   ,  2 414   ,  4 771   ,  2 443   ,  2 571   ,  5 014   ,  2 585   ,  2 810   ,  5 395   ,  2 645   ,  2 958   ,  5 603   ,  2 553   ,  2 941   ,  5 494   ,  2 591   ,  3 053   ,  5 644   ,  2 559   ,  3 065   ,  5 624   ,  2 477   ,  3 000   ,  5 477   ,  2 482   ,  3 018   ,  5 500   ,  2 515   ,  3 075   ,  5 590   ,  2 561   ,  3 149   ,  5 710   ,  2 665   ,  3 286   ,  5 951   
,39,  2 147   ,  2 122   ,  4 269   ,  2 188   ,  2 181   ,  4 369   ,  2 174   ,  2 181   ,  4 355   ,  2 195   ,  2 211   ,  4 406   ,  2 272   ,  2 305   ,  4 577   ,  2 311   ,  2 370   ,  4 681   ,  2 395   ,  2 523   ,  4 918   ,  2 534   ,  2 758   ,  5 292   ,  2 485   ,  2 786   ,  5 271   ,  2 509   ,  2 894   ,  5 403   ,  2 544   ,  3 000   ,  5 544   ,  2 512   ,  3 012   ,  5 524   ,  2 432   ,  2 948   ,  5 380   ,  2 436   ,  2 966   ,  5 402   ,  2 469   ,  3 022   ,  5 491   ,  2 515   ,  3 096   ,  5 611   
,40,  2 046   ,  2 014   ,  4 060   ,  2 126   ,  2 117   ,  4 243   ,  2 167   ,  2 177   ,  4 344   ,  2 153   ,  2 177   ,  4 330   ,  2 174   ,  2 207   ,  4 381   ,  2 251   ,  2 302   ,  4 553   ,  2 289   ,  2 365   ,  4 654   ,  2 372   ,  2 519   ,  4 891   ,  2 407   ,  2 641   ,  5 048   ,  2 468   ,  2 788   ,  5 256   ,  2 489   ,  2 892   ,  5 381   ,  2 524   ,  2 998   ,  5 522   ,  2 492   ,  3 010   ,  5 502   ,  2 413   ,  2 946   ,  5 359   ,  2 417   ,  2 965   ,  5 382   ,  2 450   ,  3 022   ,  5 472   
,41,  1 957   ,  1 901   ,  3 858   ,  2 016   ,  1 986   ,  4 002   ,  2 096   ,  2 088   ,  4 184   ,  2 137   ,  2 147   ,  4 284   ,  2 123   ,  2 148   ,  4 271   ,  2 145   ,  2 179   ,  4 324   ,  2 219   ,  2 270   ,  4 489   ,  2 257   ,  2 333   ,  4 590   ,  2 243   ,  2 384   ,  4 627   ,  2 379   ,  2 612   ,  4 991   ,  2 438   ,  2 754   ,  5 192   ,  2 458   ,  2 856   ,  5 314   ,  2 493   ,  2 962   ,  5 455   ,  2 462   ,  2 973   ,  5 435   ,  2 384   ,  2 911   ,  5 295   ,  2 389   ,  2 930   ,  5 319   
,42,  1 841   ,  1 782   ,  3 623   ,  1 935   ,  1 903   ,  3 838   ,  1 993   ,  1 989   ,  3 982   ,  2 073   ,  2 091   ,  4 164   ,  2 113   ,  2 151   ,  4 264   ,  2 100   ,  2 152   ,  4 252   ,  2 120   ,  2 181   ,  4 301   ,  2 194   ,  2 273   ,  4 467   ,  2 140   ,  2 242   ,  4 382   ,  2 223   ,  2 394   ,  4 617   ,  2 357   ,  2 619   ,  4 976   ,  2 415   ,  2 761   ,  5 176   ,  2 435   ,  2 864   ,  5 299   ,  2 470   ,  2 970   ,  5 440   ,  2 440   ,  2 982   ,  5 422   ,  2 362   ,  2 920   ,  5 282   
,43,  1 702   ,  1 612   ,  3 314   ,  1 860   ,  1 804   ,  3 664   ,  1 955   ,  1 928   ,  3 883   ,  2 015   ,  2 015   ,  4 030   ,  2 095   ,  2 118   ,  4 213   ,  2 137   ,  2 179   ,  4 316   ,  2 122   ,  2 179   ,  4 301   ,  2 143   ,  2 209   ,  4 352   ,  2 129   ,  2 212   ,  4 341   ,  2 169   ,  2 279   ,  4 448   ,  2 252   ,  2 429   ,  4 681   ,  2 387   ,  2 658   ,  5 045   ,  2 447   ,  2 802   ,  5 249   ,  2 468   ,  2 907   ,  5 375   ,  2 504   ,  3 015   ,  5 519   ,  2 474   ,  3 028   ,  5 502   
,44,  1 581   ,  1 468   ,  3 049   ,  1 691   ,  1 600   ,  3 291   ,  1 848   ,  1 791   ,  3 639   ,  1 943   ,  1 914   ,  3 857   ,  2 003   ,  2 001   ,  4 004   ,  2 084   ,  2 105   ,  4 189   ,  2 124   ,  2 164   ,  4 288   ,  2 110   ,  2 164   ,  4 274   ,  2 045   ,  2 107   ,  4 152   ,  2 121   ,  2 201   ,  4 322   ,  2 160   ,  2 265   ,  4 425   ,  2 242   ,  2 414   ,  4 656   ,  2 378   ,  2 642   ,  5 020   ,  2 437   ,  2 786   ,  5 223   ,  2 459   ,  2 891   ,  5 350   ,  2 495   ,  2 998   ,  5 493   
,45,  1 498   ,  1 385   ,  2 883   ,  1 556   ,  1 443   ,  2 999   ,  1 665   ,  1 573   ,  3 238   ,  1 821   ,  1 762   ,  3 583   ,  1 915   ,  1 883   ,  3 798   ,  1 975   ,  1 969   ,  3 944   ,  2 053   ,  2 070   ,  4 123   ,  2 093   ,  2 128   ,  4 221   ,  1 995   ,  2 044   ,  4 039   ,  2 019   ,  2 077   ,  4 096   ,  2 093   ,  2 167   ,  4 260   ,  2 132   ,  2 230   ,  4 362   ,  2 213   ,  2 377   ,  4 590   ,  2 348   ,  2 602   ,  4 950   ,  2 407   ,  2 743   ,  5 150   ,  2 429   ,  2 848   ,  5 277   
,46,  1 421   ,  1 311   ,  2 732   ,  1 492   ,  1 377   ,  2 869   ,  1 550   ,  1 436   ,  2 986   ,  1 660   ,  1 565   ,  3 225   ,  1 815   ,  1 753   ,  3 568   ,  1 910   ,  1 875   ,  3 785   ,  1 969   ,  1 959   ,  3 928   ,  2 048   ,  2 059   ,  4 107   ,  2 003   ,  2 034   ,  4 037   ,  1 994   ,  2 039   ,  4 033   ,  2 016   ,  2 069   ,  4 085   ,  2 090   ,  2 158   ,  4 248   ,  2 129   ,  2 221   ,  4 350   ,  2 211   ,  2 368   ,  4 579   ,  2 346   ,  2 592   ,  4 938   ,  2 406   ,  2 734   ,  5 140   
,47,  1 358   ,  1 260   ,  2 618   ,  1 387   ,  1 282   ,  2 669   ,  1 457   ,  1 348   ,  2 805   ,  1 514   ,  1 405   ,  2 919   ,  1 622   ,  1 532   ,  3 154   ,  1 774   ,  1 717   ,  3 491   ,  1 866   ,  1 834   ,  3 700   ,  1 924   ,  1 917   ,  3 841   ,  1 920   ,  1 935   ,  3 855   ,  1 962   ,  1 995   ,  3 957   ,  1 951   ,  1 998   ,  3 949   ,  1 972   ,  2 027   ,  3 999   ,  2 045   ,  2 115   ,  4 160   ,  2 084   ,  2 176   ,  4 260   ,  2 164   ,  2 321   ,  4 485   ,  2 298   ,  2 541   ,  4 839   
,48,  1 283   ,  1 218   ,  2 501   ,  1 292   ,  1 203   ,  2 495   ,  1 320   ,  1 225   ,  2 545   ,  1 387   ,  1 288   ,  2 675   ,  1 442   ,  1 343   ,  2 785   ,  1 546   ,  1 465   ,  3 011   ,  1 691   ,  1 641   ,  3 332   ,  1 779   ,  1 753   ,  3 532   ,  1 758   ,  1 759   ,  3 517   ,  1 832   ,  1 854   ,  3 686   ,  1 871   ,  1 908   ,  3 779   ,  1 860   ,  1 910   ,  3 770   ,  1 881   ,  1 939   ,  3 820   ,  1 951   ,  2 023   ,  3 974   ,  1 988   ,  2 082   ,  4 070   ,  2 066   ,  2 221   ,  4 287   
,49,  1 235   ,  1 198   ,  2 433   ,  1 263   ,  1 206   ,  2 469   ,  1 272   ,  1 192   ,  2 464   ,  1 300   ,  1 214   ,  2 514   ,  1 366   ,  1 277   ,  2 643   ,  1 420   ,  1 332   ,  2 752   ,  1 521   ,  1 451   ,  2 972   ,  1 665   ,  1 626   ,  3 291   ,  1 679   ,  1 668   ,  3 347   ,  1 735   ,  1 747   ,  3 482   ,  1 807   ,  1 840   ,  3 647   ,  1 845   ,  1 893   ,  3 738   ,  1 835   ,  1 896   ,  3 731   ,  1 856   ,  1 924   ,  3 780   ,  1 925   ,  2 008   ,  3 933   ,  1 962   ,  2 067   ,  4 029   
,50,  1 188   ,  1 158   ,  2 346   ,  1 214   ,  1 188   ,  2 402   ,  1 241   ,  1 197   ,  2 438   ,  1 250   ,  1 183   ,  2 433   ,  1 277   ,  1 205   ,  2 482   ,  1 343   ,  1 267   ,  2 610   ,  1 396   ,  1 321   ,  2 717   ,  1 496   ,  1 440   ,  2 936   ,  1 568   ,  1 549   ,  3 117   ,  1 654   ,  1 660   ,  3 314   ,  1 707   ,  1 736   ,  3 443   ,  1 779   ,  1 828   ,  3 607   ,  1 816   ,  1 881   ,  3 697   ,  1 807   ,  1 884   ,  3 691   ,  1 828   ,  1 912   ,  3 740   ,  1 897   ,  1 997   ,  3 894   
,51,  1 140   ,  1 122   ,  2 262   ,  1 153   ,  1 143   ,  2 296   ,  1 178   ,  1 173   ,  2 351   ,  1 205   ,  1 182   ,  2 387   ,  1 213   ,  1 168   ,  2 381   ,  1 240   ,  1 190   ,  2 430   ,  1 303   ,  1 251   ,  2 554   ,  1 355   ,  1 304   ,  2 659   ,  1 391   ,  1 365   ,  2 756   ,  1 526   ,  1 533   ,  3 059   ,  1 608   ,  1 641   ,  3 249   ,  1 660   ,  1 716   ,  3 376   ,  1 730   ,  1 807   ,  3 537   ,  1 767   ,  1 860   ,  3 627   ,  1 758   ,  1 863   ,  3 621   ,  1 779   ,  1 892   ,  3 671   
,52,  1 107   ,  1 092   ,  2 199   ,  1 132   ,  1 128   ,  2 260   ,  1 145   ,  1 149   ,  2 294   ,  1 170   ,  1 180   ,  2 350   ,  1 196   ,  1 189   ,  2 385   ,  1 205   ,  1 175   ,  2 380   ,  1 232   ,  1 197   ,  2 429   ,  1 295   ,  1 258   ,  2 553   ,  1 289   ,  1 260   ,  2 549   ,  1 385   ,  1 376   ,  2 761   ,  1 518   ,  1 544   ,  3 062   ,  1 600   ,  1 652   ,  3 252   ,  1 652   ,  1 728   ,  3 380   ,  1 722   ,  1 819   ,  3 541   ,  1 759   ,  1 873   ,  3 632   ,  1 751   ,  1 877   ,  3 628   
,53,  1 011   ,  1 019   ,  2 030   ,  1 108   ,  1 140   ,  2 248   ,  1 133   ,  1 177   ,  2 310   ,  1 145   ,  1 199   ,  2 344   ,  1 171   ,  1 232   ,  2 403   ,  1 198   ,  1 241   ,  2 439   ,  1 206   ,  1 226   ,  2 432   ,  1 232   ,  1 249   ,  2 481   ,  1 242   ,  1 262   ,  2 504   ,  1 294   ,  1 319   ,  2 613   ,  1 389   ,  1 440   ,  2 829   ,  1 523   ,  1 615   ,  3 138   ,  1 606   ,  1 727   ,  3 333   ,  1 658   ,  1 808   ,  3 466   ,  1 729   ,  1 903   ,  3 632   ,  1 767   ,  1 960   ,  3 727   
,54,  922   ,  912   ,  1 834   ,  988   ,  1 001   ,  1 989   ,  1 083   ,  1 121   ,  2 204   ,  1 108   ,  1 157   ,  2 265   ,  1 120   ,  1 179   ,  2 299   ,  1 145   ,  1 211   ,  2 356   ,  1 171   ,  1 220   ,  2 391   ,  1 179   ,  1 205   ,  2 384   ,  1 155   ,  1 180   ,  2 335   ,  1 217   ,  1 244   ,  2 461   ,  1 267   ,  1 298   ,  2 565   ,  1 360   ,  1 416   ,  2 776   ,  1 492   ,  1 589   ,  3 081   ,  1 573   ,  1 700   ,  3 273   ,  1 625   ,  1 779   ,  3 404   ,  1 695   ,  1 874   ,  3 569   
,55,  896   ,  891   ,  1 787   ,  906   ,  905   ,  1 811   ,  971   ,  994   ,  1 965   ,  1 065   ,  1 113   ,  2 178   ,  1 090   ,  1 150   ,  2 240   ,  1 102   ,  1 171   ,  2 273   ,  1 126   ,  1 203   ,  2 329   ,  1 152   ,  1 211   ,  2 363   ,  1 111   ,  1 151   ,  2 262   ,  1 138   ,  1 175   ,  2 313   ,  1 198   ,  1 236   ,  2 434   ,  1 248   ,  1 290   ,  2 538   ,  1 340   ,  1 408   ,  2 748   ,  1 470   ,  1 579   ,  3 049   ,  1 551   ,  1 690   ,  3 241   ,  1 603   ,  1 769   ,  3 372   
,56,  854   ,  848   ,  1 702   ,  888   ,  880   ,  1 768   ,  897   ,  894   ,  1 791   ,  962   ,  981   ,  1 943   ,  1 056   ,  1 099   ,  2 155   ,  1 080   ,  1 135   ,  2 215   ,  1 092   ,  1 156   ,  2 248   ,  1 116   ,  1 187   ,  2 303   ,  1 093   ,  1 150   ,  2 243   ,  1 104   ,  1 139   ,  2 243   ,  1 130   ,  1 161   ,  2 291   ,  1 189   ,  1 222   ,  2 411   ,  1 238   ,  1 275   ,  2 513   ,  1 330   ,  1 392   ,  2 722   ,  1 460   ,  1 562   ,  3 022   ,  1 541   ,  1 672   ,  3 213   
,57,  806   ,  811   ,  1 617   ,  821   ,  820   ,  1 641   ,  853   ,  851   ,  1 704   ,  863   ,  864   ,  1 727   ,  925   ,  949   ,  1 874   ,  1 015   ,  1 064   ,  2 079   ,  1 039   ,  1 098   ,  2 137   ,  1 050   ,  1 119   ,  2 169   ,  1 028   ,  1 104   ,  2 132   ,  1 054   ,  1 115   ,  2 169   ,  1 063   ,  1 103   ,  2 166   ,  1 088   ,  1 125   ,  2 213   ,  1 145   ,  1 184   ,  2 329   ,  1 193   ,  1 236   ,  2 429   ,  1 282   ,  1 349   ,  2 631   ,  1 408   ,  1 514   ,  2 922   
,58,  788   ,  811   ,  1 599   ,  759   ,  760   ,  1 519   ,  772   ,  769   ,  1 541   ,  803   ,  798   ,  1 601   ,  812   ,  811   ,  1 623   ,  871   ,  891   ,  1 762   ,  956   ,  998   ,  1 954   ,  978   ,  1 030   ,  2 008   ,  946   ,  1 009   ,  1 955   ,  970   ,  1 039   ,  2 009   ,  993   ,  1 048   ,  2 041   ,  1 001   ,  1 036   ,  2 037   ,  1 025   ,  1 056   ,  2 081   ,  1 080   ,  1 112   ,  2 192   ,  1 125   ,  1 162   ,  2 287   ,  1 209   ,  1 268   ,  2 477   
,59,  773   ,  822   ,  1 595   ,  770   ,  804   ,  1 574   ,  741   ,  754   ,  1 495   ,  754   ,  762   ,  1 516   ,  784   ,  792   ,  1 576   ,  793   ,  805   ,  1 598   ,  851   ,  884   ,  1 735   ,  934   ,  990   ,  1 924   ,  915   ,  983   ,  1 898   ,  927   ,  1 004   ,  1 931   ,  949   ,  1 032   ,  1 981   ,  972   ,  1 041   ,  2 013   ,  980   ,  1 030   ,  2 010   ,  1 003   ,  1 050   ,  2 053   ,  1 057   ,  1 105   ,  2 162   ,  1 102   ,  1 155   ,  2 257   
,60,  717   ,  767   ,  1 484   ,  749   ,  806   ,  1 555   ,  746   ,  789   ,  1 535   ,  718   ,  740   ,  1 458   ,  731   ,  748   ,  1 479   ,  761   ,  777   ,  1 538   ,  769   ,  790   ,  1 559   ,  825   ,  867   ,  1 692   ,  867   ,  934   ,  1 801   ,  890   ,  968   ,  1 858   ,  900   ,  987   ,  1 887   ,  922   ,  1 015   ,  1 937   ,  944   ,  1 023   ,  1 967   ,  952   ,  1 013   ,  1 965   ,  975   ,  1 033   ,  2 008   ,  1 028   ,  1 088   ,  2 116   
,61,  685   ,  731   ,  1 416   ,  689   ,  745   ,  1 434   ,  720   ,  783   ,  1 503   ,  718   ,  767   ,  1 485   ,  691   ,  719   ,  1 410   ,  704   ,  728   ,  1 432   ,  732   ,  755   ,  1 487   ,  740   ,  768   ,  1 508   ,  760   ,  811   ,  1 571   ,  836   ,  911   ,  1 747   ,  857   ,  942   ,  1 799   ,  867   ,  961   ,  1 828   ,  888   ,  988   ,  1 876   ,  910   ,  996   ,  1 906   ,  918   ,  987   ,  1 905   ,  940   ,  1 006   ,  1 946   
,62,  660   ,  689   ,  1 349   ,  680   ,  725   ,  1 405   ,  684   ,  739   ,  1 423   ,  715   ,  777   ,  1 492   ,  712   ,  761   ,  1 473   ,  686   ,  714   ,  1 400   ,  698   ,  722   ,  1 420   ,  726   ,  749   ,  1 475   ,  703   ,  733   ,  1 436   ,  756   ,  807   ,  1 563   ,  831   ,  905   ,  1 736   ,  852   ,  936   ,  1 788   ,  862   ,  955   ,  1 817   ,  883   ,  982   ,  1 865   ,  905   ,  990   ,  1 895   ,  913   ,  981   ,  1 894   
,63,  589   ,  599   ,  1 188   ,  656   ,  699   ,  1 355   ,  676   ,  736   ,  1 412   ,  680   ,  750   ,  1 430   ,  711   ,  789   ,  1 500   ,  708   ,  773   ,  1 481   ,  681   ,  725   ,  1 406   ,  694   ,  733   ,  1 427   ,  692   ,  733   ,  1 425   ,  701   ,  747   ,  1 448   ,  754   ,  821   ,  1 575   ,  829   ,  921   ,  1 750   ,  849   ,  953   ,  1 802   ,  860   ,  972   ,  1 832   ,  881   ,  1 000   ,  1 881   ,  904   ,  1 009   ,  1 913   
,64,  523   ,  511   ,  1 034   ,  567   ,  581   ,  1 148   ,  633   ,  678   ,  1 311   ,  651   ,  714   ,  1 365   ,  655   ,  728   ,  1 383   ,  686   ,  766   ,  1 452   ,  683   ,  749   ,  1 432   ,  657   ,  703   ,  1 360   ,  641   ,  685   ,  1 326   ,  669   ,  713   ,  1 382   ,  677   ,  725   ,  1 402   ,  728   ,  798   ,  1 526   ,  801   ,  895   ,  1 696   ,  821   ,  926   ,  1 747   ,  832   ,  945   ,  1 777   ,  853   ,  973   ,  1 826   
,65,  496   ,  477   ,  973   ,  503   ,  492   ,  995   ,  545   ,  560   ,  1 105   ,  608   ,  653   ,  1 261   ,  627   ,  688   ,  1 315   ,  631   ,  702   ,  1 333   ,  660   ,  738   ,  1 398   ,  657   ,  722   ,  1 379   ,  606   ,  652   ,  1 258   ,  618   ,  662   ,  1 280   ,  644   ,  688   ,  1 332   ,  653   ,  700   ,  1 353   ,  702   ,  770   ,  1 472   ,  772   ,  864   ,  1 636   ,  792   ,  894   ,  1 686   ,  803   ,  913   ,  1 716   
,66,  454   ,  436   ,  890   ,  475   ,  461   ,  936   ,  481   ,  476   ,  957   ,  522   ,  541   ,  1 063   ,  583   ,  632   ,  1 215   ,  601   ,  666   ,  1 267   ,  604   ,  678   ,  1 282   ,  632   ,  714   ,  1 346   ,  603   ,  673   ,  1 276   ,  582   ,  633   ,  1 215   ,  593   ,  641   ,  1 234   ,  618   ,  667   ,  1 285   ,  627   ,  679   ,  1 306   ,  674   ,  747   ,  1 421   ,  742   ,  838   ,  1 580   ,  761   ,  868   ,  1 629   
,67,  413   ,  400   ,  813   ,  423   ,  410   ,  833   ,  443   ,  433   ,  876   ,  449   ,  447   ,  896   ,  488   ,  509   ,  997   ,  545   ,  595   ,  1 140   ,  561   ,  626   ,  1 187   ,  565   ,  638   ,  1 203   ,  566   ,  647   ,  1 213   ,  565   ,  635   ,  1 200   ,  545   ,  597   ,  1 142   ,  556   ,  604   ,  1 160   ,  579   ,  629   ,  1 208   ,  587   ,  640   ,  1 227   ,  631   ,  705   ,  1 336   ,  696   ,  791   ,  1 487   
,68,  393   ,  390   ,  783   ,  376   ,  359   ,  735   ,  385   ,  368   ,  753   ,  403   ,  389   ,  792   ,  409   ,  402   ,  811   ,  444   ,  458   ,  902   ,  496   ,  535   ,  1 031   ,  511   ,  563   ,  1 074   ,  492   ,  553   ,  1 045   ,  516   ,  583   ,  1 099   ,  515   ,  572   ,  1 087   ,  496   ,  538   ,  1 034   ,  506   ,  545   ,  1 051   ,  528   ,  567   ,  1 095   ,  535   ,  578   ,  1 113   ,  576   ,  636   ,  1 212   
,69,  381   ,  391   ,  772   ,  373   ,  371   ,  744   ,  356   ,  342   ,  698   ,  365   ,  350   ,  715   ,  382   ,  370   ,  752   ,  387   ,  383   ,  770   ,  421   ,  436   ,  857   ,  470   ,  509   ,  979   ,  464   ,  516   ,  980   ,  468   ,  528   ,  996   ,  491   ,  556   ,  1 047   ,  490   ,  546   ,  1 036   ,  472   ,  513   ,  985   ,  482   ,  520   ,  1 002   ,  503   ,  541   ,  1 044   ,  510   ,  552   ,  1 062   
,70,  356   ,  367   ,  723   ,  360   ,  371   ,  731   ,  352   ,  351   ,  703   ,  336   ,  324   ,  660   ,  344   ,  332   ,  676   ,  361   ,  351   ,  712   ,  366   ,  362   ,  728   ,  398   ,  413   ,  811   ,  426   ,  465   ,  891   ,  440   ,  491   ,  931   ,  443   ,  501   ,  944   ,  465   ,  529   ,  994   ,  464   ,  519   ,  983   ,  447   ,  488   ,  935   ,  457   ,  495   ,  952   ,  477   ,  515   ,  992   
,71,  337   ,  347   ,  684   ,  337   ,  349   ,  686   ,  341   ,  352   ,  693   ,  334   ,  334   ,  668   ,  319   ,  308   ,  627   ,  327   ,  316   ,  643   ,  342   ,  334   ,  676   ,  347   ,  345   ,  692   ,  362   ,  379   ,  741   ,  406   ,  444   ,  850   ,  419   ,  469   ,  888   ,  422   ,  479   ,  901   ,  443   ,  505   ,  948   ,  442   ,  495   ,  937   ,  426   ,  466   ,  892   ,  436   ,  473   ,  909   
,72,  314   ,  320   ,  634   ,  320   ,  327   ,  647   ,  320   ,  329   ,  649   ,  324   ,  333   ,  657   ,  317   ,  316   ,  633   ,  302   ,  291   ,  593   ,  310   ,  298   ,  608   ,  325   ,  316   ,  641   ,  316   ,  314   ,  630   ,  345   ,  359   ,  704   ,  386   ,  420   ,  806   ,  398   ,  444   ,  842   ,  402   ,  453   ,  855   ,  422   ,  478   ,  900   ,  421   ,  470   ,  891   ,  407   ,  442   ,  849   
,73,  273   ,  271   ,  544   ,  305   ,  319   ,  624   ,  310   ,  326   ,  636   ,  310   ,  328   ,  638   ,  314   ,  332   ,  646   ,  307   ,  315   ,  622   ,  293   ,  291   ,  584   ,  301   ,  298   ,  599   ,  303   ,  304   ,  607   ,  308   ,  315   ,  623   ,  336   ,  360   ,  696   ,  376   ,  421   ,  797   ,  388   ,  445   ,  833   ,  392   ,  454   ,  846   ,  411   ,  480   ,  891   ,  411   ,  471   ,  882   
,74,  227   ,  215   ,  442   ,  253   ,  253   ,  506   ,  282   ,  298   ,  580   ,  287   ,  305   ,  592   ,  287   ,  307   ,  594   ,  291   ,  310   ,  601   ,  285   ,  294   ,  579   ,  272   ,  272   ,  544   ,  268   ,  268   ,  536   ,  281   ,  285   ,  566   ,  286   ,  295   ,  581   ,  312   ,  337   ,  649   ,  350   ,  394   ,  744   ,  361   ,  417   ,  778   ,  365   ,  426   ,  791   ,  383   ,  450   ,  833   
,75,  205   ,  195   ,  400   ,  211   ,  199   ,  410   ,  235   ,  234   ,  469   ,  262   ,  276   ,  538   ,  267   ,  283   ,  550   ,  267   ,  285   ,  552   ,  271   ,  288   ,  559   ,  265   ,  274   ,  539   ,  243   ,  243   ,  486   ,  250   ,  250   ,  500   ,  262   ,  265   ,  527   ,  267   ,  275   ,  542   ,  291   ,  314   ,  605   ,  326   ,  368   ,  694   ,  337   ,  388   ,  725   ,  341   ,  398   ,  739   
,76,  181   ,  177   ,  358   ,  187   ,  181   ,  368   ,  192   ,  185   ,  377   ,  214   ,  217   ,  431   ,  239   ,  256   ,  495   ,  244   ,  263   ,  507   ,  244   ,  264   ,  508   ,  247   ,  268   ,  515   ,  232   ,  245   ,  477   ,  222   ,  227   ,  449   ,  228   ,  233   ,  461   ,  240   ,  247   ,  487   ,  244   ,  256   ,  500   ,  266   ,  292   ,  558   ,  299   ,  343   ,  642   ,  310   ,  363   ,  673   
,77,  158   ,  159   ,  317   ,  158   ,  158   ,  316   ,  163   ,  162   ,  325   ,  168   ,  165   ,  333   ,  187   ,  194   ,  381   ,  210   ,  229   ,  439   ,  213   ,  235   ,  448   ,  214   ,  237   ,  451   ,  208   ,  231   ,  439   ,  204   ,  220   ,  424   ,  195   ,  204   ,  399   ,  201   ,  209   ,  410   ,  211   ,  222   ,  433   ,  215   ,  230   ,  445   ,  235   ,  263   ,  498   ,  264   ,  309   ,  573   
,78,  145   ,  155   ,  300   ,  140   ,  142   ,  282   ,  140   ,  141   ,  281   ,  145   ,  145   ,  290   ,  149   ,  148   ,  297   ,  166   ,  174   ,  340   ,  186   ,  205   ,  391   ,  190   ,  211   ,  401   ,  182   ,  205   ,  387   ,  185   ,  208   ,  393   ,  182   ,  198   ,  380   ,  174   ,  183   ,  357   ,  179   ,  188   ,  367   ,  189   ,  200   ,  389   ,  192   ,  207   ,  399   ,  210   ,  237   ,  447   
,79,  136   ,  151   ,  287   ,  132   ,  141   ,  273   ,  128   ,  129   ,  257   ,  128   ,  128   ,  256   ,  132   ,  131   ,  263   ,  136   ,  134   ,  270   ,  152   ,  158   ,  310   ,  170   ,  187   ,  357   ,  166   ,  185   ,  351   ,  167   ,  187   ,  354   ,  170   ,  190   ,  360   ,  167   ,  181   ,  348   ,  160   ,  167   ,  327   ,  165   ,  172   ,  337   ,  173   ,  183   ,  356   ,  177   ,  190   ,  367   
,80+,  820   ,  1 009   ,  1 829   ,  795   ,  981   ,  1 776   ,  774   ,  948   ,  1 722   ,  751   ,  912   ,  1 663   ,  733   ,  882   ,  1 615   ,  722   ,  858   ,  1 580   ,  715   ,  841   ,  1 556   ,  723   ,  847   ,  1 570   ,  715   ,  844   ,  1 559   ,  737   ,  874   ,  1 611   ,  755   ,  900   ,  1 655   ,  774   ,  926   ,  1 700   ,  788   ,  940   ,  1 728   ,  794   ,  942   ,  1 736   ,  804   ,  947   ,  1 751   ,  819   ,  963   ,  1 782   
,Total,  207 703   ,  217 384   ,  425 087   ,  214 174   ,  223 888   ,  438 062   ,  220 713   ,  230 466   ,  451 179   ,  227 318   ,  237 096   ,  464 414   ,  233 962   ,  243 783   ,  477 745   ,  240 659   ,  250 507   ,  491 166   ,  247 200   ,  257 055   ,  504 255   ,  253 779   ,  263 644   ,  517 423   ,  249 182   ,  258 911   ,  508 093   ,  256 044   ,  265 819   ,  521 863   ,  262 629   ,  272 416   ,  535 045   ,  269 299   ,  279 098   ,  548 397   ,  276 074   ,  285 889   ,  561 963   ,  282 969   ,  292 783   ,  575 752   ,  289 978   ,  299 788   ,  589 766   ,  297 089   ,  306 894   ,  603 983   
,,,,,,,,,,,,,,,,,,,,,,,,,,,,,,,,,,,,,,,,,,,,,,,,,
,,,,,,,,,,,,,,,,,,,,,,,,,,,,,,,,,,,,,,,,,,,,,,,,,
TUY,,,,,,,,,,,,,,,,,,,,,,,,,,,,,,,,,,,,,,,,,,,,,,,,,
,,2020,,,2021,,,2022,,,2023,,,2024,,,2025,,,2026,,,2027,,,2028,,,2029,,,2030,,,2031,,,2032,,,2033,,,2034,,,2035,,
, Ages,Ensemble,,,Ensemble,,,Ensemble,,,Ensemble,,,Ensemble,,,Ensemble,,,Ensemble,,,Ensemble,,,Ensemble,,,Ensemble,,,Ensemble,,,Ensemble,,,Ensemble,,,Ensemble,,,Ensemble,,,Ensemble,,
,,Homme ,Femme,Ensemble,Homme ,Femme,Ensemble,Homme ,Femme,Ensemble,Homme ,Femme,Ensemble,Homme ,Femme,Ensemble,Homme ,Femme,Ensemble,Homme ,Femme,Ensemble,Homme ,Femme,Ensemble,Homme ,Femme,Ensemble,Homme ,Femme,Ensemble,Homme ,Femme,Ensemble,Homme ,Femme,Ensemble,Homme ,Femme,Ensemble,Homme ,Femme,Ensemble,Homme ,Femme,Ensemble,Homme ,Femme,Ensemble
,0,  6 062   ,  6 113   ,  12 175   ,  6 099   ,  6 142   ,  12 241   ,  6 153   ,  6 195   ,  12 348   ,  6 197   ,  6 239   ,  12 436   ,  6 234   ,  6 276   ,  12 510   ,  6 267   ,  6 313   ,  12 580   ,  6 296   ,  6 345   ,  12 641   ,  6 323   ,  6 376   ,  12 699   ,  6 066   ,  6 124   ,  12 190   ,  6 097   ,  6 160   ,  12 257   ,  6 116   ,  6 183   ,  12 299   ,  6 200   ,  6 270   ,  12 470   ,  6 288   ,  6 362   ,  12 650   ,  6 376   ,  6 455   ,  12 831   ,  6 462   ,  6 546   ,  13 008   ,  6 544   ,  6 633   ,  13 177   
,1,  6 005   ,  6 074   ,  12 079   ,  5 989   ,  6 037   ,  12 026   ,  6 029   ,  6 071   ,  12 100   ,  6 086   ,  6 126   ,  12 212   ,  6 134   ,  6 174   ,  12 308   ,  6 174   ,  6 215   ,  12 389   ,  6 207   ,  6 250   ,  12 457   ,  6 239   ,  6 286   ,  12 525   ,  5 993   ,  6 044   ,  12 037   ,  6 033   ,  6 087   ,  12 120   ,  6 060   ,  6 116   ,  12 176   ,  6 081   ,  6 141   ,  12 222   ,  6 168   ,  6 232   ,  12 400   ,  6 258   ,  6 327   ,  12 585   ,  6 349   ,  6 423   ,  12 772   ,  6 439   ,  6 519   ,  12 958   
,2,  5 887   ,  5 983   ,  11 870   ,  6 007   ,  6 072   ,  12 079   ,  5 992   ,  6 038   ,  12 030   ,  6 034   ,  6 073   ,  12 107   ,  6 092   ,  6 131   ,  12 223   ,  6 141   ,  6 181   ,  12 322   ,  6 178   ,  6 220   ,  12 398   ,  6 212   ,  6 258   ,  12 470   ,  5 971   ,  6 020   ,  11 991   ,  6 015   ,  6 068   ,  12 083   ,  6 048   ,  6 103   ,  12 151   ,  6 076   ,  6 133   ,  12 209   ,  6 099   ,  6 160   ,  12 259   ,  6 187   ,  6 253   ,  12 440   ,  6 279   ,  6 351   ,  12 630   ,  6 373   ,  6 451   ,  12 824   
,3,  5 717   ,  5 839   ,  11 556   ,  5 876   ,  5 961   ,  11 837   ,  5 996   ,  6 050   ,  12 046   ,  5 981   ,  6 017   ,  11 998   ,  6 023   ,  6 054   ,  12 077   ,  6 082   ,  6 113   ,  12 195   ,  6 127   ,  6 160   ,  12 287   ,  6 165   ,  6 201   ,  12 366   ,  5 927   ,  5 967   ,  11 894   ,  5 973   ,  6 017   ,  11 990   ,  6 010   ,  6 056   ,  12 066   ,  6 043   ,  6 091   ,  12 134   ,  6 071   ,  6 122   ,  12 193   ,  6 096   ,  6 150   ,  12 246   ,  6 185   ,  6 245   ,  12 430   ,  6 278   ,  6 345   ,  12 623   
,4,  5 672   ,  5 769   ,  11 441   ,  5 844   ,  5 903   ,  11 747   ,  6 006   ,  6 027   ,  12 033   ,  6 129   ,  6 118   ,  12 247   ,  6 114   ,  6 086   ,  12 200   ,  6 157   ,  6 125   ,  12 282   ,  6 213   ,  6 182   ,  12 395   ,  6 260   ,  6 230   ,  12 490   ,  6 023   ,  6 001   ,  12 024   ,  6 071   ,  6 051   ,  12 122   ,  6 110   ,  6 092   ,  12 202   ,  6 147   ,  6 132   ,  12 279   ,  6 182   ,  6 168   ,  12 350   ,  6 212   ,  6 201   ,  12 413   ,  6 238   ,  6 230   ,  12 468   ,  6 330   ,  6 328   ,  12 658   
,5,  5 560   ,  5 672   ,  11 232   ,  5 789   ,  5 875   ,  11 664   ,  5 964   ,  6 012   ,  11 976   ,  6 130   ,  6 139   ,  12 269   ,  6 255   ,  6 233   ,  12 488   ,  6 240   ,  6 202   ,  12 442   ,  6 280   ,  6 238   ,  12 518   ,  6 338   ,  6 297   ,  12 635   ,  6 107   ,  6 074   ,  12 181   ,  6 159   ,  6 128   ,  12 287   ,  6 199   ,  6 171   ,  12 370   ,  6 239   ,  6 212   ,  12 451   ,  6 278   ,  6 253   ,  12 531   ,  6 314   ,  6 291   ,  12 605   ,  6 345   ,  6 326   ,  12 671   ,  6 373   ,  6 358   ,  12 731   
,6,  5 407   ,  5 516   ,  10 923   ,  5 629   ,  5 729   ,  11 358   ,  5 861   ,  5 934   ,  11 795   ,  6 038   ,  6 074   ,  12 112   ,  6 206   ,  6 203   ,  12 409   ,  6 333   ,  6 299   ,  12 632   ,  6 313   ,  6 264   ,  12 577   ,  6 354   ,  6 302   ,  12 656   ,  6 133   ,  6 089   ,  12 222   ,  6 193   ,  6 150   ,  12 343   ,  6 237   ,  6 196   ,  12 433   ,  6 277   ,  6 238   ,  12 515   ,  6 318   ,  6 280   ,  12 598   ,  6 359   ,  6 322   ,  12 681   ,  6 396   ,  6 362   ,  12 758   ,  6 428   ,  6 399   ,  12 827   
,7,  5 262   ,  5 324   ,  10 586   ,  5 414   ,  5 485   ,  10 899   ,  5 636   ,  5 697   ,  11 333   ,  5 868   ,  5 902   ,  11 770   ,  6 045   ,  6 042   ,  12 087   ,  6 213   ,  6 172   ,  12 385   ,  6 336   ,  6 264   ,  12 600   ,  6 316   ,  6 230   ,  12 546   ,  6 080   ,  5 998   ,  12 078   ,  6 150   ,  6 069   ,  12 219   ,  6 201   ,  6 121   ,  12 322   ,  6 244   ,  6 166   ,  12 410   ,  6 286   ,  6 208   ,  12 494   ,  6 327   ,  6 251   ,  12 578   ,  6 368   ,  6 294   ,  12 662   ,  6 406   ,  6 335   ,  12 741   
,8,  5 238   ,  5 228   ,  10 466   ,  5 357   ,  5 369   ,  10 726   ,  5 511   ,  5 532   ,  11 043   ,  5 736   ,  5 746   ,  11 482   ,  5 972   ,  5 954   ,  11 926   ,  6 152   ,  6 096   ,  12 248   ,  6 318   ,  6 223   ,  12 541   ,  6 443   ,  6 317   ,  12 760   ,  6 145   ,  6 014   ,  12 159   ,  6 198   ,  6 063   ,  12 261   ,  6 259   ,  6 125   ,  12 384   ,  6 311   ,  6 177   ,  12 488   ,  6 356   ,  6 222   ,  12 578   ,  6 398   ,  6 266   ,  12 664   ,  6 441   ,  6 310   ,  12 751   ,  6 483   ,  6 354   ,  12 837   
,9,  5 030   ,  4 933   ,  9 963   ,  5 202   ,  5 130   ,  10 332   ,  5 319   ,  5 269   ,  10 588   ,  5 471   ,  5 429   ,  10 900   ,  5 695   ,  5 640   ,  11 335   ,  5 929   ,  5 845   ,  11 774   ,  6 103   ,  5 980   ,  12 083   ,  6 268   ,  6 105   ,  12 373   ,  6 115   ,  5 932   ,  12 047   ,  6 108   ,  5 912   ,  12 020   ,  6 152   ,  5 952   ,  12 104   ,  6 213   ,  6 011   ,  12 224   ,  6 264   ,  6 063   ,  12 327   ,  6 309   ,  6 108   ,  12 417   ,  6 352   ,  6 151   ,  12 503   ,  6 395   ,  6 196   ,  12 591   
,10,  4 794   ,  4 679   ,  9 473   ,  5 010   ,  4 913   ,  9 923   ,  5 181   ,  5 109   ,  10 290   ,  5 297   ,  5 248   ,  10 545   ,  5 448   ,  5 408   ,  10 856   ,  5 671   ,  5 619   ,  11 290   ,  5 899   ,  5 819   ,  11 718   ,  6 072   ,  5 955   ,  12 027   ,  5 968   ,  5 820   ,  11 788   ,  6 099   ,  5 921   ,  12 020   ,  6 084   ,  5 893   ,  11 977   ,  6 127   ,  5 930   ,  12 057   ,  6 188   ,  5 990   ,  12 178   ,  6 239   ,  6 042   ,  12 281   ,  6 284   ,  6 088   ,  12 372   ,  6 327   ,  6 132   ,  12 459   
,11,  4 655   ,  4 506   ,  9 161   ,  4 813   ,  4 669   ,  9 482   ,  5 029   ,  4 903   ,  9 932   ,  5 200   ,  5 098   ,  10 298   ,  5 316   ,  5 237   ,  10 553   ,  5 468   ,  5 398   ,  10 866   ,  5 687   ,  5 605   ,  11 292   ,  5 915   ,  5 805   ,  11 720   ,  5 829   ,  5 688   ,  11 517   ,  6 000   ,  5 820   ,  11 820   ,  6 122   ,  5 912   ,  12 034   ,  6 107   ,  5 882   ,  11 989   ,  6 150   ,  5 920   ,  12 070   ,  6 211   ,  5 981   ,  12 192   ,  6 263   ,  6 033   ,  12 296   ,  6 308   ,  6 079   ,  12 387   
,12,  4 500   ,  4 362   ,  8 862   ,  4 681   ,  4 528   ,  9 209   ,  4 839   ,  4 693   ,  9 532   ,  5 056   ,  4 927   ,  9 983   ,  5 227   ,  5 124   ,  10 351   ,  5 343   ,  5 265   ,  10 608   ,  5 491   ,  5 423   ,  10 914   ,  5 711   ,  5 631   ,  11 342   ,  5 688   ,  5 585   ,  11 273   ,  5 867   ,  5 727   ,  11 594   ,  6 030   ,  5 851   ,  11 881   ,  6 152   ,  5 942   ,  12 094   ,  6 137   ,  5 912   ,  12 049   ,  6 180   ,  5 951   ,  12 131   ,  6 242   ,  6 012   ,  12 254   ,  6 295   ,  6 066   ,  12 361   
,13,  4 232   ,  4 123   ,  8 355   ,  4 472   ,  4 333   ,  8 805   ,  4 652   ,  4 498   ,  9 150   ,  4 808   ,  4 662   ,  9 470   ,  5 024   ,  4 895   ,  9 919   ,  5 193   ,  5 091   ,  10 284   ,  5 305   ,  5 228   ,  10 533   ,  5 452   ,  5 385   ,  10 837   ,  5 430   ,  5 355   ,  10 785   ,  5 661   ,  5 558   ,  11 219   ,  5 831   ,  5 691   ,  11 522   ,  5 991   ,  5 812   ,  11 803   ,  6 113   ,  5 903   ,  12 016   ,  6 098   ,  5 874   ,  11 972   ,  6 142   ,  5 913   ,  12 055   ,  6 204   ,  5 975   ,  12 179   
,14,  4 039   ,  4 002   ,  8 041   ,  4 236   ,  4 153   ,  8 389   ,  4 476   ,  4 365   ,  8 841   ,  4 655   ,  4 531   ,  9 186   ,  4 811   ,  4 695   ,  9 506   ,  5 026   ,  4 931   ,  9 957   ,  5 192   ,  5 125   ,  10 317   ,  5 303   ,  5 263   ,  10 566   ,  5 220   ,  5 193   ,  10 413   ,  5 440   ,  5 403   ,  10 843   ,  5 663   ,  5 599   ,  11 262   ,  5 832   ,  5 732   ,  11 564   ,  5 993   ,  5 854   ,  11 847   ,  6 115   ,  5 946   ,  12 061   ,  6 100   ,  5 917   ,  12 017   ,  6 145   ,  5 957   ,  12 102   
,15,  3 809   ,  3 952   ,  7 761   ,  4 028   ,  4 086   ,  8 114   ,  4 225   ,  4 240   ,  8 465   ,  4 464   ,  4 456   ,  8 920   ,  4 642   ,  4 626   ,  9 268   ,  4 798   ,  4 794   ,  9 592   ,  5 009   ,  5 031   ,  10 040   ,  5 174   ,  5 230   ,  10 404   ,  5 064   ,  5 148   ,  10 212   ,  5 215   ,  5 313   ,  10 528   ,  5 427   ,  5 520   ,  10 947   ,  5 649   ,  5 719   ,  11 368   ,  5 818   ,  5 855   ,  11 673   ,  5 979   ,  5 980   ,  11 959   ,  6 102   ,  6 073   ,  12 175   ,  6 088   ,  6 045   ,  12 133   
,16,  3 574   ,  3 852   ,  7 426   ,  3 844   ,  4 006   ,  7 850   ,  4 065   ,  4 142   ,  8 207   ,  4 263   ,  4 297   ,  8 560   ,  4 504   ,  4 517   ,  9 021   ,  4 684   ,  4 689   ,  9 373   ,  4 838   ,  4 857   ,  9 695   ,  5 050   ,  5 097   ,  10 147   ,  4 999   ,  5 079   ,  10 078   ,  5 117   ,  5 225   ,  10 342   ,  5 262   ,  5 385   ,  10 647   ,  5 476   ,  5 593   ,  11 069   ,  5 700   ,  5 795   ,  11 495   ,  5 871   ,  5 932   ,  11 803   ,  6 034   ,  6 059   ,  12 093   ,  6 158   ,  6 155   ,  12 313   
,17,  3 415   ,  3 804   ,  7 219   ,  3 598   ,  3 847   ,  7 445   ,  3 870   ,  4 000   ,  7 870   ,  4 092   ,  4 136   ,  8 228   ,  4 291   ,  4 291   ,  8 582   ,  4 534   ,  4 511   ,  9 045   ,  4 711   ,  4 680   ,  9 391   ,  4 865   ,  4 848   ,  9 713   ,  4 867   ,  4 878   ,  9 745   ,  5 038   ,  5 080   ,  10 118   ,  5 149   ,  5 219   ,  10 368   ,  5 295   ,  5 377   ,  10 672   ,  5 511   ,  5 585   ,  11 096   ,  5 736   ,  5 787   ,  11 523   ,  5 909   ,  5 924   ,  11 833   ,  6 074   ,  6 052   ,  12 126   
,18,  3 363   ,  3 927   ,  7 290   ,  3 476   ,  3 857   ,  7 333   ,  3 662   ,  3 900   ,  7 562   ,  3 938   ,  4 056   ,  7 994   ,  4 164   ,  4 194   ,  8 358   ,  4 367   ,  4 352   ,  8 719   ,  4 611   ,  4 572   ,  9 183   ,  4 791   ,  4 744   ,  9 535   ,  4 739   ,  4 711   ,  9 450   ,  4 957   ,  4 954   ,  9 911   ,  5 125   ,  5 153   ,  10 278   ,  5 237   ,  5 292   ,  10 529   ,  5 386   ,  5 453   ,  10 839   ,  5 606   ,  5 664   ,  11 270   ,  5 836   ,  5 869   ,  11 705   ,  6 012   ,  6 009   ,  12 021   
,19,  3 272   ,  3 922   ,  7 194   ,  3 408   ,  3 925   ,  7 333   ,  3 522   ,  3 854   ,  7 376   ,  3 711   ,  3 897   ,  7 608   ,  3 991   ,  4 054   ,  8 045   ,  4 221   ,  4 192   ,  8 413   ,  4 423   ,  4 348   ,  8 771   ,  4 670   ,  4 568   ,  9 238   ,  4 648   ,  4 544   ,  9 192   ,  4 811   ,  4 717   ,  9 528   ,  5 026   ,  4 953   ,  9 979   ,  5 196   ,  5 150   ,  10 346   ,  5 310   ,  5 290   ,  10 600   ,  5 462   ,  5 451   ,  10 913   ,  5 685   ,  5 662   ,  11 347   ,  5 919   ,  5 868   ,  11 787   
,20,  3 151   ,  3 817   ,  6 968   ,  3 314   ,  3 943   ,  7 257   ,  3 452   ,  3 945   ,  7 397   ,  3 568   ,  3 874   ,  7 442   ,  3 759   ,  3 918   ,  7 677   ,  4 044   ,  4 076   ,  8 120   ,  4 273   ,  4 213   ,  8 486   ,  4 479   ,  4 370   ,  8 849   ,  4 531   ,  4 402   ,  8 933   ,  4 718   ,  4 577   ,  9 295   ,  4 877   ,  4 744   ,  9 621   ,  5 096   ,  4 980   ,  10 076   ,  5 268   ,  5 179   ,  10 447   ,  5 385   ,  5 319   ,  10 704   ,  5 539   ,  5 482   ,  11 021   ,  5 766   ,  5 695   ,  11 461   
,21,  3 006   ,  3 657   ,  6 663   ,  3 139   ,  3 798   ,  6 937   ,  3 302   ,  3 924   ,  7 226   ,  3 439   ,  3 927   ,  7 366   ,  3 554   ,  3 856   ,  7 410   ,  3 746   ,  3 901   ,  7 647   ,  4 028   ,  4 056   ,  8 084   ,  4 257   ,  4 192   ,  8 449   ,  4 276   ,  4 170   ,  8 446   ,  4 525   ,  4 390   ,  8 915   ,  4 706   ,  4 558   ,  9 264   ,  4 865   ,  4 723   ,  9 588   ,  5 083   ,  4 959   ,  10 042   ,  5 256   ,  5 157   ,  10 413   ,  5 373   ,  5 298   ,  10 671   ,  5 528   ,  5 460   ,  10 988   
,22,  2 873   ,  3 474   ,  6 347   ,  3 027   ,  3 698   ,  6 725   ,  3 160   ,  3 841   ,  7 001   ,  3 325   ,  3 968   ,  7 293   ,  3 464   ,  3 971   ,  7 435   ,  3 581   ,  3 900   ,  7 481   ,  3 771   ,  3 943   ,  7 714   ,  4 057   ,  4 100   ,  8 157   ,  4 109   ,  4 064   ,  8 173   ,  4 317   ,  4 223   ,  8 540   ,  4 563   ,  4 440   ,  9 003   ,  4 747   ,  4 609   ,  9 356   ,  4 907   ,  4 777   ,  9 684   ,  5 129   ,  5 016   ,  10 145   ,  5 304   ,  5 217   ,  10 521   ,  5 423   ,  5 360   ,  10 783   
,23,  2 717   ,  3 243   ,  5 960   ,  2 876   ,  3 472   ,  6 348   ,  3 032   ,  3 696   ,  6 728   ,  3 166   ,  3 839   ,  7 005   ,  3 331   ,  3 966   ,  7 297   ,  3 471   ,  3 970   ,  7 441   ,  3 586   ,  3 897   ,  7 483   ,  3 778   ,  3 940   ,  7 718   ,  3 897   ,  3 932   ,  7 829   ,  4 129   ,  4 072   ,  8 201   ,  4 333   ,  4 226   ,  8 559   ,  4 582   ,  4 443   ,  9 025   ,  4 767   ,  4 613   ,  9 380   ,  4 929   ,  4 780   ,  9 709   ,  5 153   ,  5 020   ,  10 173   ,  5 329   ,  5 222   ,  10 551   
,24,  2 598   ,  3 117   ,  5 715   ,  2 694   ,  3 246   ,  5 940   ,  2 852   ,  3 476   ,  6 328   ,  3 007   ,  3 700   ,  6 707   ,  3 140   ,  3 844   ,  6 984   ,  3 306   ,  3 973   ,  7 279   ,  3 443   ,  3 974   ,  7 417   ,  3 558   ,  3 901   ,  7 459   ,  3 594   ,  3 785   ,  7 379   ,  3 876   ,  3 943   ,  7 819   ,  4 103   ,  4 079   ,  8 182   ,  4 306   ,  4 233   ,  8 539   ,  4 555   ,  4 450   ,  9 005   ,  4 739   ,  4 621   ,  9 360   ,  4 902   ,  4 789   ,  9 691   ,  5 126   ,  5 030   ,  10 156   
,25,  2 511   ,  3 004   ,  5 515   ,  2 552   ,  3 071   ,  5 623   ,  2 647   ,  3 199   ,  5 846   ,  2 803   ,  3 425   ,  6 228   ,  2 956   ,  3 648   ,  6 604   ,  3 088   ,  3 790   ,  6 878   ,  3 250   ,  3 915   ,  7 165   ,  3 386   ,  3 917   ,  7 303   ,  3 353   ,  3 689   ,  7 042   ,  3 542   ,  3 737   ,  7 279   ,  3 817   ,  3 889   ,  7 706   ,  4 041   ,  4 022   ,  8 063   ,  4 243   ,  4 174   ,  8 417   ,  4 489   ,  4 389   ,  8 878   ,  4 672   ,  4 558   ,  9 230   ,  4 833   ,  4 725   ,  9 558   
,26,  2 461   ,  2 934   ,  5 395   ,  2 490   ,  2 985   ,  5 475   ,  2 532   ,  3 053   ,  5 585   ,  2 626   ,  3 180   ,  5 806   ,  2 782   ,  3 406   ,  6 188   ,  2 935   ,  3 628   ,  6 563   ,  3 065   ,  3 768   ,  6 833   ,  3 227   ,  3 892   ,  7 119   ,  3 223   ,  3 737   ,  6 960   ,  3 337   ,  3 675   ,  7 012   ,  3 522   ,  3 719   ,  7 241   ,  3 796   ,  3 869   ,  7 665   ,  4 021   ,  4 002   ,  8 023   ,  4 223   ,  4 154   ,  8 377   ,  4 469   ,  4 368   ,  8 837   ,  4 652   ,  4 537   ,  9 189   
,27,  2 421   ,  2 881   ,  5 302   ,  2 424   ,  2 895   ,  5 319   ,  2 453   ,  2 946   ,  5 399   ,  2 494   ,  3 013   ,  5 507   ,  2 587   ,  3 139   ,  5 726   ,  2 743   ,  3 364   ,  6 107   ,  2 893   ,  3 581   ,  6 474   ,  3 022   ,  3 720   ,  6 742   ,  3 050   ,  3 689   ,  6 739   ,  3 184   ,  3 697   ,  6 881   ,  3 295   ,  3 632   ,  6 927   ,  3 478   ,  3 675   ,  7 153   ,  3 751   ,  3 824   ,  7 575   ,  3 974   ,  3 955   ,  7 929   ,  4 174   ,  4 107   ,  8 281   ,  4 419   ,  4 320   ,  8 739   
,28,  2 460   ,  2 883   ,  5 343   ,  2 385   ,  2 819   ,  5 204   ,  2 388   ,  2 834   ,  5 222   ,  2 416   ,  2 884   ,  5 300   ,  2 456   ,  2 950   ,  5 406   ,  2 549   ,  3 075   ,  5 624   ,  2 702   ,  3 293   ,  5 995   ,  2 851   ,  3 507   ,  6 358   ,  2 855   ,  3 496   ,  6 351   ,  3 013   ,  3 619   ,  6 632   ,  3 144   ,  3 624   ,  6 768   ,  3 253   ,  3 560   ,  6 813   ,  3 435   ,  3 602   ,  7 037   ,  3 706   ,  3 748   ,  7 454   ,  3 927   ,  3 878   ,  7 805   ,  4 127   ,  4 027   ,  8 154   
,29,  2 462   ,  2 849   ,  5 311   ,  2 431   ,  2 856   ,  5 287   ,  2 356   ,  2 794   ,  5 150   ,  2 359   ,  2 808   ,  5 167   ,  2 387   ,  2 859   ,  5 246   ,  2 428   ,  2 925   ,  5 353   ,  2 519   ,  3 047   ,  5 566   ,  2 670   ,  3 264   ,  5 934   ,  2 702   ,  3 337   ,  6 039   ,  2 829   ,  3 473   ,  6 302   ,  2 984   ,  3 591   ,  6 575   ,  3 114   ,  3 596   ,  6 710   ,  3 223   ,  3 532   ,  6 755   ,  3 404   ,  3 574   ,  6 978   ,  3 675   ,  3 720   ,  7 395   ,  3 896   ,  3 850   ,  7 746   
,30,  2 423   ,  2 757   ,  5 180   ,  2 454   ,  2 855   ,  5 309   ,  2 424   ,  2 863   ,  5 287   ,  2 348   ,  2 800   ,  5 148   ,  2 351   ,  2 815   ,  5 166   ,  2 379   ,  2 867   ,  5 246   ,  2 419   ,  2 932   ,  5 351   ,  2 510   ,  3 055   ,  5 565   ,  2 553   ,  3 142   ,  5 695   ,  2 701   ,  3 353   ,  6 054   ,  2 826   ,  3 487   ,  6 313   ,  2 981   ,  3 605   ,  6 586   ,  3 112   ,  3 609   ,  6 721   ,  3 222   ,  3 546   ,  6 768   ,  3 404   ,  3 588   ,  6 992   ,  3 676   ,  3 736   ,  7 412   
,31,  2 374   ,  2 657   ,  5 031   ,  2 392   ,  2 752   ,  5 144   ,  2 423   ,  2 850   ,  5 273   ,  2 392   ,  2 859   ,  5 251   ,  2 317   ,  2 796   ,  5 113   ,  2 320   ,  2 812   ,  5 132   ,  2 347   ,  2 862   ,  5 209   ,  2 387   ,  2 927   ,  5 314   ,  2 377   ,  2 929   ,  5 306   ,  2 527   ,  3 144   ,  5 671   ,  2 671   ,  3 352   ,  6 023   ,  2 795   ,  3 485   ,  6 280   ,  2 950   ,  3 604   ,  6 554   ,  3 080   ,  3 608   ,  6 688   ,  3 189   ,  3 545   ,  6 734   ,  3 371   ,  3 589   ,  6 960   
,32,  2 308   ,  2 520   ,  4 828   ,  2 361   ,  2 652   ,  5 013   ,  2 378   ,  2 748   ,  5 126   ,  2 409   ,  2 846   ,  5 255   ,  2 379   ,  2 855   ,  5 234   ,  2 304   ,  2 794   ,  5 098   ,  2 306   ,  2 808   ,  5 114   ,  2 333   ,  2 858   ,  5 191   ,  2 277   ,  2 808   ,  5 085   ,  2 368   ,  2 932   ,  5 300   ,  2 516   ,  3 144   ,  5 660   ,  2 660   ,  3 352   ,  6 012   ,  2 785   ,  3 485   ,  6 270   ,  2 940   ,  3 604   ,  6 544   ,  3 071   ,  3 609   ,  6 680   ,  3 181   ,  3 547   ,  6 728   
,33,  2 190   ,  2 320   ,  4 510   ,  2 314   ,  2 535   ,  4 849   ,  2 367   ,  2 668   ,  5 035   ,  2 385   ,  2 765   ,  5 150   ,  2 416   ,  2 864   ,  5 280   ,  2 385   ,  2 874   ,  5 259   ,  2 308   ,  2 810   ,  5 118   ,  2 310   ,  2 824   ,  5 134   ,  2 246   ,  2 765   ,  5 011   ,  2 288   ,  2 834   ,  5 122   ,  2 378   ,  2 956   ,  5 334   ,  2 527   ,  3 169   ,  5 696   ,  2 673   ,  3 378   ,  6 051   ,  2 799   ,  3 513   ,  6 312   ,  2 956   ,  3 634   ,  6 590   ,  3 088   ,  3 640   ,  6 728   
,34,  2 093   ,  2 163   ,  4 256   ,  2 168   ,  2 302   ,  4 470   ,  2 291   ,  2 515   ,  4 806   ,  2 344   ,  2 648   ,  4 992   ,  2 362   ,  2 745   ,  5 107   ,  2 393   ,  2 844   ,  5 237   ,  2 361   ,  2 852   ,  5 213   ,  2 285   ,  2 789   ,  5 074   ,  2 197   ,  2 696   ,  4 893   ,  2 228   ,  2 750   ,  4 978   ,  2 267   ,  2 816   ,  5 083   ,  2 357   ,  2 936   ,  5 293   ,  2 506   ,  3 149   ,  5 655   ,  2 651   ,  3 357   ,  6 008   ,  2 778   ,  3 492   ,  6 270   ,  2 934   ,  3 612   ,  6 546   
,35,  2 024   ,  2 070   ,  4 094   ,  2 058   ,  2 127   ,  4 185   ,  2 132   ,  2 264   ,  4 396   ,  2 254   ,  2 475   ,  4 729   ,  2 307   ,  2 606   ,  4 913   ,  2 325   ,  2 702   ,  5 027   ,  2 354   ,  2 798   ,  5 152   ,  2 323   ,  2 807   ,  5 130   ,  2 159   ,  2 639   ,  4 798   ,  2 165   ,  2 659   ,  4 824   ,  2 193   ,  2 709   ,  4 902   ,  2 232   ,  2 773   ,  5 005   ,  2 322   ,  2 892   ,  5 214   ,  2 469   ,  3 102   ,  5 571   ,  2 613   ,  3 308   ,  5 921   ,  2 739   ,  3 441   ,  6 180   
,36,  1 930   ,  1 953   ,  3 883   ,  1 997   ,  2 035   ,  4 032   ,  2 030   ,  2 091   ,  4 121   ,  2 103   ,  2 227   ,  4 330   ,  2 225   ,  2 434   ,  4 659   ,  2 277   ,  2 565   ,  4 842   ,  2 294   ,  2 657   ,  4 951   ,  2 324   ,  2 753   ,  5 077   ,  2 202   ,  2 654   ,  4 856   ,  2 135   ,  2 601   ,  4 736   ,  2 139   ,  2 617   ,  4 756   ,  2 166   ,  2 666   ,  4 832   ,  2 206   ,  2 730   ,  4 936   ,  2 294   ,  2 848   ,  5 142   ,  2 441   ,  3 055   ,  5 496   ,  2 585   ,  3 258   ,  5 843   
,37,  1 877   ,  1 881   ,  3 758   ,  1 896   ,  1 906   ,  3 802   ,  1 961   ,  1 987   ,  3 948   ,  1 995   ,  2 042   ,  4 037   ,  2 067   ,  2 175   ,  4 242   ,  2 188   ,  2 378   ,  4 566   ,  2 238   ,  2 504   ,  4 742   ,  2 255   ,  2 595   ,  4 850   ,  2 193   ,  2 584   ,  4 777   ,  2 168   ,  2 597   ,  4 765   ,  2 099   ,  2 542   ,  4 641   ,  2 103   ,  2 558   ,  4 661   ,  2 131   ,  2 606   ,  4 737   ,  2 170   ,  2 669   ,  4 839   ,  2 258   ,  2 784   ,  5 042   ,  2 403   ,  2 988   ,  5 391   
,38,  1 837   ,  1 829   ,  3 666   ,  1 825   ,  1 829   ,  3 654   ,  1 843   ,  1 854   ,  3 697   ,  1 908   ,  1 933   ,  3 841   ,  1 941   ,  1 987   ,  3 928   ,  2 012   ,  2 117   ,  4 129   ,  2 129   ,  2 314   ,  4 443   ,  2 178   ,  2 437   ,  4 615   ,  2 106   ,  2 426   ,  4 532   ,  2 137   ,  2 518   ,  4 655   ,  2 111   ,  2 528   ,  4 639   ,  2 044   ,  2 475   ,  4 519   ,  2 048   ,  2 490   ,  4 538   ,  2 075   ,  2 538   ,  4 613   ,  2 114   ,  2 599   ,  4 713   ,  2 200   ,  2 713   ,  4 913   
,39,  1 766   ,  1 745   ,  3 511   ,  1 800   ,  1 794   ,  3 594   ,  1 789   ,  1 795   ,  3 584   ,  1 807   ,  1 820   ,  3 627   ,  1 870   ,  1 897   ,  3 767   ,  1 903   ,  1 951   ,  3 854   ,  1 972   ,  2 078   ,  4 050   ,  2 088   ,  2 272   ,  4 360   ,  2 050   ,  2 298   ,  4 348   ,  2 069   ,  2 387   ,  4 456   ,  2 098   ,  2 475   ,  4 573   ,  2 072   ,  2 485   ,  4 557   ,  2 007   ,  2 432   ,  4 439   ,  2 011   ,  2 448   ,  4 459   ,  2 038   ,  2 495   ,  4 533   ,  2 076   ,  2 556   ,  4 632   
,40,  1 683   ,  1 657   ,  3 340   ,  1 749   ,  1 742   ,  3 491   ,  1 783   ,  1 791   ,  3 574   ,  1 772   ,  1 792   ,  3 564   ,  1 790   ,  1 817   ,  3 607   ,  1 853   ,  1 895   ,  3 748   ,  1 885   ,  1 948   ,  3 833   ,  1 954   ,  2 075   ,  4 029   ,  1 985   ,  2 178   ,  4 163   ,  2 036   ,  2 299   ,  4 335   ,  2 053   ,  2 386   ,  4 439   ,  2 082   ,  2 474   ,  4 556   ,  2 057   ,  2 484   ,  4 541   ,  1 991   ,  2 432   ,  4 423   ,  1 996   ,  2 448   ,  4 444   ,  2 023   ,  2 495   ,  4 518   
,41,  1 610   ,  1 564   ,  3 174   ,  1 659   ,  1 634   ,  3 293   ,  1 725   ,  1 718   ,  3 443   ,  1 759   ,  1 767   ,  3 526   ,  1 748   ,  1 768   ,  3 516   ,  1 766   ,  1 794   ,  3 560   ,  1 828   ,  1 870   ,  3 698   ,  1 859   ,  1 922   ,  3 781   ,  1 849   ,  1 966   ,  3 815   ,  1 962   ,  2 155   ,  4 117   ,  2 011   ,  2 272   ,  4 283   ,  2 028   ,  2 357   ,  4 385   ,  2 057   ,  2 444   ,  4 501   ,  2 032   ,  2 454   ,  4 486   ,  1 968   ,  2 403   ,  4 371   ,  1 972   ,  2 419   ,  4 391   
,42,  1 514   ,  1 466   ,  2 980   ,  1 592   ,  1 566   ,  3 158   ,  1 640   ,  1 637   ,  3 277   ,  1 706   ,  1 721   ,  3 427   ,  1 739   ,  1 770   ,  3 509   ,  1 729   ,  1 772   ,  3 501   ,  1 746   ,  1 796   ,  3 542   ,  1 808   ,  1 872   ,  3 680   ,  1 765   ,  1 849   ,  3 614   ,  1 834   ,  1 974   ,  3 808   ,  1 944   ,  2 161   ,  4 105   ,  1 992   ,  2 278   ,  4 270   ,  2 010   ,  2 363   ,  4 373   ,  2 039   ,  2 451   ,  4 490   ,  2 014   ,  2 462   ,  4 476   ,  1 951   ,  2 411   ,  4 362   
,43,  1 400   ,  1 326   ,  2 726   ,  1 530   ,  1 484   ,  3 014   ,  1 609   ,  1 586   ,  3 195   ,  1 658   ,  1 658   ,  3 316   ,  1 725   ,  1 744   ,  3 469   ,  1 759   ,  1 794   ,  3 553   ,  1 748   ,  1 795   ,  3 543   ,  1 765   ,  1 819   ,  3 584   ,  1 755   ,  1 824   ,  3 579   ,  1 789   ,  1 879   ,  3 668   ,  1 857   ,  2 004   ,  3 861   ,  1 970   ,  2 193   ,  4 163   ,  2 019   ,  2 312   ,  4 331   ,  2 037   ,  2 399   ,  4 436   ,  2 067   ,  2 489   ,  4 556   ,  2 042   ,  2 500   ,  4 542   
,44,  1 300   ,  1 208   ,  2 508   ,  1 391   ,  1 316   ,  2 707   ,  1 521   ,  1 474   ,  2 995   ,  1 599   ,  1 576   ,  3 175   ,  1 649   ,  1 647   ,  3 296   ,  1 716   ,  1 733   ,  3 449   ,  1 749   ,  1 782   ,  3 531   ,  1 738   ,  1 783   ,  3 521   ,  1 686   ,  1 738   ,  3 424   ,  1 749   ,  1 816   ,  3 565   ,  1 782   ,  1 868   ,  3 650   ,  1 850   ,  1 992   ,  3 842   ,  1 962   ,  2 180   ,  4 142   ,  2 012   ,  2 299   ,  4 311   ,  2 030   ,  2 386   ,  4 416   ,  2 060   ,  2 476   ,  4 536   
,45,  1 232   ,  1 139   ,  2 371   ,  1 280   ,  1 188   ,  2 468   ,  1 370   ,  1 294   ,  2 664   ,  1 498   ,  1 450   ,  2 948   ,  1 577   ,  1 550   ,  3 127   ,  1 626   ,  1 621   ,  3 247   ,  1 691   ,  1 704   ,  3 395   ,  1 724   ,  1 753   ,  3 477   ,  1 646   ,  1 686   ,  3 332   ,  1 666   ,  1 713   ,  3 379   ,  1 727   ,  1 788   ,  3 515   ,  1 759   ,  1 840   ,  3 599   ,  1 826   ,  1 961   ,  3 787   ,  1 938   ,  2 147   ,  4 085   ,  1 987   ,  2 265   ,  4 252   ,  2 006   ,  2 351   ,  4 357   
,46,  1 169   ,  1 078   ,  2 247   ,  1 228   ,  1 133   ,  2 361   ,  1 276   ,  1 182   ,  2 458   ,  1 366   ,  1 288   ,  2 654   ,  1 494   ,  1 443   ,  2 937   ,  1 573   ,  1 544   ,  3 117   ,  1 621   ,  1 613   ,  3 234   ,  1 687   ,  1 696   ,  3 383   ,  1 652   ,  1 677   ,  3 329   ,  1 645   ,  1 682   ,  3 327   ,  1 663   ,  1 707   ,  3 370   ,  1 724   ,  1 781   ,  3 505   ,  1 757   ,  1 833   ,  3 590   ,  1 825   ,  1 954   ,  3 779   ,  1 937   ,  2 140   ,  4 077   ,  1 986   ,  2 257   ,  4 243   
,47,  1 117   ,  1 036   ,  2 153   ,  1 141   ,  1 055   ,  2 196   ,  1 199   ,  1 109   ,  2 308   ,  1 246   ,  1 157   ,  2 403   ,  1 335   ,  1 261   ,  2 596   ,  1 461   ,  1 414   ,  2 875   ,  1 537   ,  1 511   ,  3 048   ,  1 585   ,  1 579   ,  3 164   ,  1 583   ,  1 596   ,  3 179   ,  1 618   ,  1 645   ,  3 263   ,  1 609   ,  1 648   ,  3 257   ,  1 627   ,  1 672   ,  3 299   ,  1 688   ,  1 745   ,  3 433   ,  1 720   ,  1 796   ,  3 516   ,  1 787   ,  1 916   ,  3 703   ,  1 897   ,  2 098   ,  3 995   
,48,  1 056   ,  1 002   ,  2 058   ,  1 063   ,  990   ,  2 053   ,  1 087   ,  1 008   ,  2 095   ,  1 142   ,  1 060   ,  2 202   ,  1 187   ,  1 106   ,  2 293   ,  1 273   ,  1 206   ,  2 479   ,  1 392   ,  1 351   ,  2 743   ,  1 465   ,  1 444   ,  2 909   ,  1 449   ,  1 450   ,  2 899   ,  1 511   ,  1 529   ,  3 040   ,  1 543   ,  1 574   ,  3 117   ,  1 535   ,  1 576   ,  3 111   ,  1 552   ,  1 600   ,  3 152   ,  1 611   ,  1 670   ,  3 281   ,  1 641   ,  1 719   ,  3 360   ,  1 706   ,  1 834   ,  3 540   
,49,  1 016   ,  985   ,  2 001   ,  1 039   ,  993   ,  2 032   ,  1 046   ,  981   ,  2 027   ,  1 070   ,  999   ,  2 069   ,  1 124   ,  1 051   ,  2 175   ,  1 170   ,  1 097   ,  2 267   ,  1 253   ,  1 195   ,  2 448   ,  1 372   ,  1 339   ,  2 711   ,  1 384   ,  1 375   ,  2 759   ,  1 431   ,  1 441   ,  2 872   ,  1 491   ,  1 517   ,  3 008   ,  1 522   ,  1 562   ,  3 084   ,  1 514   ,  1 564   ,  3 078   ,  1 532   ,  1 588   ,  3 120   ,  1 589   ,  1 658   ,  3 247   ,  1 620   ,  1 707   ,  3 327   
,50,  977   ,  952   ,  1 929   ,  999   ,  978   ,  1 977   ,  1 021   ,  985   ,  2 006   ,  1 029   ,  974   ,  2 003   ,  1 052   ,  992   ,  2 044   ,  1 106   ,  1 044   ,  2 150   ,  1 149   ,  1 088   ,  2 237   ,  1 232   ,  1 186   ,  2 418   ,  1 293   ,  1 277   ,  2 570   ,  1 364   ,  1 369   ,  2 733   ,  1 409   ,  1 432   ,  2 841   ,  1 468   ,  1 508   ,  2 976   ,  1 499   ,  1 552   ,  3 051   ,  1 491   ,  1 555   ,  3 046   ,  1 509   ,  1 579   ,  3 088   ,  1 566   ,  1 648   ,  3 214   
,51,  938   ,  923   ,  1 861   ,  948   ,  940   ,  1 888   ,  969   ,  965   ,  1 934   ,  991   ,  973   ,  1 964   ,  999   ,  962   ,  1 961   ,  1 021   ,  980   ,  2 001   ,  1 074   ,  1 030   ,  2 104   ,  1 116   ,  1 074   ,  2 190   ,  1 147   ,  1 126   ,  2 273   ,  1 259   ,  1 265   ,  2 524   ,  1 327   ,  1 354   ,  2 681   ,  1 370   ,  1 416   ,  2 786   ,  1 428   ,  1 491   ,  2 919   ,  1 458   ,  1 535   ,  2 993   ,  1 451   ,  1 538   ,  2 989   ,  1 469   ,  1 562   ,  3 031   
,52,  911   ,  898   ,  1 809   ,  932   ,  928   ,  1 860   ,  942   ,  945   ,  1 887   ,  963   ,  971   ,  1 934   ,  985   ,  979   ,  1 964   ,  992   ,  968   ,  1 960   ,  1 014   ,  985   ,  1 999   ,  1 066   ,  1 036   ,  2 102   ,  1 063   ,  1 039   ,  2 102   ,  1 142   ,  1 135   ,  2 277   ,  1 253   ,  1 274   ,  2 527   ,  1 320   ,  1 363   ,  2 683   ,  1 364   ,  1 426   ,  2 790   ,  1 421   ,  1 501   ,  2 922   ,  1 452   ,  1 546   ,  2 998   ,  1 445   ,  1 549   ,  2 994   
,53,  831   ,  838   ,  1 669   ,  911   ,  938   ,  1 849   ,  932   ,  969   ,  1 901   ,  943   ,  987   ,  1 930   ,  964   ,  1 014   ,  1 978   ,  986   ,  1 022   ,  2 008   ,  993   ,  1 010   ,  2 003   ,  1 015   ,  1 028   ,  2 043   ,  1 024   ,  1 041   ,  2 065   ,  1 067   ,  1 088   ,  2 155   ,  1 146   ,  1 188   ,  2 334   ,  1 257   ,  1 332   ,  2 589   ,  1 325   ,  1 425   ,  2 750   ,  1 369   ,  1 492   ,  2 861   ,  1 427   ,  1 571   ,  2 998   ,  1 458   ,  1 618   ,  3 076   
,54,  758   ,  750   ,  1 508   ,  813   ,  823   ,  1 636   ,  891   ,  922   ,  1 813   ,  912   ,  952   ,  1 864   ,  922   ,  971   ,  1 893   ,  943   ,  997   ,  1 940   ,  964   ,  1 005   ,  1 969   ,  971   ,  993   ,  1 964   ,  952   ,  973   ,  1 925   ,  1 003   ,  1 026   ,  2 029   ,  1 045   ,  1 071   ,  2 116   ,  1 122   ,  1 169   ,  2 291   ,  1 231   ,  1 311   ,  2 542   ,  1 298   ,  1 403   ,  2 701   ,  1 341   ,  1 469   ,  2 810   ,  1 399   ,  1 547   ,  2 946   
,55,  737   ,  733   ,  1 470   ,  746   ,  745   ,  1 491   ,  799   ,  818   ,  1 617   ,  877   ,  916   ,  1 793   ,  897   ,  946   ,  1 843   ,  908   ,  965   ,  1 873   ,  928   ,  990   ,  1 918   ,  949   ,  998   ,  1 947   ,  916   ,  949   ,  1 865   ,  939   ,  969   ,  1 908   ,  989   ,  1 020   ,  2 009   ,  1 030   ,  1 065   ,  2 095   ,  1 106   ,  1 162   ,  2 268   ,  1 214   ,  1 303   ,  2 517   ,  1 280   ,  1 395   ,  2 675   ,  1 323   ,  1 461   ,  2 784   
,56,  702   ,  697   ,  1 399   ,  730   ,  724   ,  1 454   ,  738   ,  735   ,  1 473   ,  792   ,  808   ,  1 600   ,  869   ,  905   ,  1 774   ,  889   ,  935   ,  1 824   ,  899   ,  952   ,  1 851   ,  919   ,  978   ,  1 897   ,  902   ,  948   ,  1 850   ,  910   ,  940   ,  1 850   ,  932   ,  958   ,  1 890   ,  981   ,  1 008   ,  1 989   ,  1 022   ,  1 052   ,  2 074   ,  1 098   ,  1 149   ,  2 247   ,  1 205   ,  1 289   ,  2 494   ,  1 272   ,  1 380   ,  2 652   
,57,  663   ,  667   ,  1 330   ,  675   ,  674   ,  1 349   ,  702   ,  700   ,  1 402   ,  710   ,  712   ,  1 422   ,  762   ,  781   ,  1 543   ,  836   ,  876   ,  1 712   ,  855   ,  904   ,  1 759   ,  865   ,  921   ,  1 786   ,  848   ,  911   ,  1 759   ,  869   ,  920   ,  1 789   ,  877   ,  910   ,  1 787   ,  897   ,  928   ,  1 825   ,  945   ,  977   ,  1 922   ,  985   ,  1 020   ,  2 005   ,  1 058   ,  1 114   ,  2 172   ,  1 162   ,  1 250   ,  2 412   
,58,  648   ,  667   ,  1 315   ,  624   ,  626   ,  1 250   ,  635   ,  633   ,  1 268   ,  661   ,  657   ,  1 318   ,  668   ,  668   ,  1 336   ,  717   ,  734   ,  1 451   ,  787   ,  822   ,  1 609   ,  805   ,  849   ,  1 654   ,  780   ,  832   ,  1 612   ,  800   ,  857   ,  1 657   ,  819   ,  864   ,  1 683   ,  826   ,  855   ,  1 681   ,  846   ,  872   ,  1 718   ,  891   ,  918   ,  1 809   ,  929   ,  959   ,  1 888   ,  998   ,  1 047   ,  2 045   
,59,  636   ,  676   ,  1 312   ,  633   ,  661   ,  1 294   ,  610   ,  620   ,  1 230   ,  621   ,  628   ,  1 249   ,  646   ,  652   ,  1 298   ,  653   ,  663   ,  1 316   ,  701   ,  728   ,  1 429   ,  769   ,  815   ,  1 584   ,  754   ,  810   ,  1 564   ,  764   ,  828   ,  1 592   ,  783   ,  851   ,  1 634   ,  802   ,  859   ,  1 661   ,  809   ,  850   ,  1 659   ,  828   ,  866   ,  1 694   ,  873   ,  913   ,  1 786   ,  910   ,  953   ,  1 863   
,60,  589   ,  631   ,  1 220   ,  616   ,  663   ,  1 279   ,  614   ,  649   ,  1 263   ,  591   ,  609   ,  1 200   ,  602   ,  616   ,  1 218   ,  627   ,  640   ,  1 267   ,  633   ,  650   ,  1 283   ,  680   ,  714   ,  1 394   ,  715   ,  771   ,  1 486   ,  734   ,  798   ,  1 532   ,  743   ,  814   ,  1 557   ,  760   ,  837   ,  1 597   ,  779   ,  845   ,  1 624   ,  786   ,  836   ,  1 622   ,  805   ,  853   ,  1 658   ,  849   ,  898   ,  1 747   
,61,  564   ,  601   ,  1 165   ,  567   ,  613   ,  1 180   ,  593   ,  645   ,  1 238   ,  591   ,  631   ,  1 222   ,  569   ,  592   ,  1 161   ,  579   ,  599   ,  1 178   ,  603   ,  622   ,  1 225   ,  609   ,  632   ,  1 241   ,  627   ,  669   ,  1 296   ,  690   ,  751   ,  1 441   ,  707   ,  777   ,  1 484   ,  716   ,  793   ,  1 509   ,  733   ,  815   ,  1 548   ,  751   ,  822   ,  1 573   ,  758   ,  814   ,  1 572   ,  776   ,  831   ,  1 607   
,62,  543   ,  567   ,  1 110   ,  559   ,  596   ,  1 155   ,  562   ,  608   ,  1 170   ,  588   ,  639   ,  1 227   ,  586   ,  626   ,  1 212   ,  564   ,  588   ,  1 152   ,  575   ,  594   ,  1 169   ,  598   ,  617   ,  1 215   ,  580   ,  604   ,  1 184   ,  624   ,  665   ,  1 289   ,  686   ,  746   ,  1 432   ,  703   ,  772   ,  1 475   ,  712   ,  788   ,  1 500   ,  729   ,  810   ,  1 539   ,  747   ,  818   ,  1 565   ,  754   ,  810   ,  1 564   
,63,  484   ,  493   ,  977   ,  540   ,  575   ,  1 115   ,  556   ,  606   ,  1 162   ,  559   ,  617   ,  1 176   ,  585   ,  650   ,  1 235   ,  583   ,  636   ,  1 219   ,  561   ,  597   ,  1 158   ,  571   ,  604   ,  1 175   ,  571   ,  604   ,  1 175   ,  578   ,  616   ,  1 194   ,  622   ,  677   ,  1 299   ,  684   ,  760   ,  1 444   ,  701   ,  786   ,  1 487   ,  710   ,  802   ,  1 512   ,  728   ,  825   ,  1 553   ,  746   ,  833   ,  1 579   
,64,  430   ,  420   ,  850   ,  467   ,  478   ,  945   ,  521   ,  558   ,  1 079   ,  536   ,  588   ,  1 124   ,  539   ,  599   ,  1 138   ,  565   ,  631   ,  1 196   ,  562   ,  617   ,  1 179   ,  541   ,  579   ,  1 120   ,  529   ,  565   ,  1 094   ,  552   ,  588   ,  1 140   ,  559   ,  598   ,  1 157   ,  601   ,  658   ,  1 259   ,  661   ,  739   ,  1 400   ,  678   ,  764   ,  1 442   ,  687   ,  780   ,  1 467   ,  704   ,  803   ,  1 507   
,65,  408   ,  392   ,  800   ,  413   ,  405   ,  818   ,  449   ,  461   ,  910   ,  501   ,  538   ,  1 039   ,  516   ,  567   ,  1 083   ,  519   ,  578   ,  1 097   ,  543   ,  608   ,  1 151   ,  541   ,  595   ,  1 136   ,  500   ,  538   ,  1 038   ,  510   ,  546   ,  1 056   ,  532   ,  568   ,  1 100   ,  539   ,  578   ,  1 117   ,  579   ,  636   ,  1 215   ,  637   ,  713   ,  1 350   ,  654   ,  738   ,  1 392   ,  663   ,  754   ,  1 417   
,66,  373   ,  359   ,  732   ,  390   ,  379   ,  769   ,  396   ,  391   ,  787   ,  430   ,  445   ,  875   ,  480   ,  520   ,  1 000   ,  495   ,  548   ,  1 043   ,  498   ,  559   ,  1 057   ,  521   ,  588   ,  1 109   ,  498   ,  555   ,  1 053   ,  480   ,  522   ,  1 002   ,  490   ,  529   ,  1 019   ,  510   ,  550   ,  1 060   ,  517   ,  560   ,  1 077   ,  556   ,  616   ,  1 172   ,  613   ,  692   ,  1 305   ,  629   ,  716   ,  1 345   
,67,  340   ,  329   ,  669   ,  348   ,  337   ,  685   ,  365   ,  356   ,  721   ,  370   ,  368   ,  738   ,  402   ,  419   ,  821   ,  449   ,  490   ,  939   ,  462   ,  516   ,  978   ,  465   ,  526   ,  991   ,  467   ,  533   ,  1 000   ,  466   ,  524   ,  990   ,  449   ,  492   ,  941   ,  458   ,  499   ,  957   ,  478   ,  519   ,  997   ,  484   ,  528   ,  1 012   ,  521   ,  582   ,  1 103   ,  574   ,  653   ,  1 227   
,68,  323   ,  321   ,  644   ,  309   ,  296   ,  605   ,  317   ,  303   ,  620   ,  332   ,  320   ,  652   ,  336   ,  331   ,  667   ,  366   ,  377   ,  743   ,  408   ,  440   ,  848   ,  421   ,  464   ,  885   ,  406   ,  456   ,  862   ,  426   ,  481   ,  907   ,  425   ,  472   ,  897   ,  410   ,  443   ,  853   ,  418   ,  450   ,  868   ,  436   ,  468   ,  904   ,  442   ,  477   ,  919   ,  476   ,  525   ,  1 001   
,69,  314   ,  322   ,  636   ,  306   ,  305   ,  611   ,  293   ,  281   ,  574   ,  300   ,  288   ,  588   ,  314   ,  305   ,  619   ,  319   ,  315   ,  634   ,  347   ,  359   ,  706   ,  387   ,  419   ,  806   ,  383   ,  426   ,  809   ,  386   ,  435   ,  821   ,  405   ,  459   ,  864   ,  404   ,  450   ,  854   ,  390   ,  423   ,  813   ,  398   ,  429   ,  827   ,  415   ,  447   ,  862   ,  421   ,  455   ,  876   
,70,  293   ,  302   ,  595   ,  296   ,  305   ,  601   ,  289   ,  289   ,  578   ,  276   ,  266   ,  542   ,  283   ,  273   ,  556   ,  297   ,  289   ,  586   ,  301   ,  299   ,  600   ,  327   ,  340   ,  667   ,  351   ,  383   ,  734   ,  363   ,  405   ,  768   ,  366   ,  414   ,  780   ,  383   ,  436   ,  819   ,  383   ,  428   ,  811   ,  369   ,  402   ,  771   ,  377   ,  408   ,  785   ,  394   ,  425   ,  819   
,71,  277   ,  286   ,  563   ,  278   ,  287   ,  565   ,  281   ,  290   ,  571   ,  274   ,  275   ,  549   ,  262   ,  254   ,  516   ,  269   ,  260   ,  529   ,  282   ,  275   ,  557   ,  286   ,  284   ,  570   ,  299   ,  312   ,  611   ,  335   ,  366   ,  701   ,  345   ,  387   ,  732   ,  348   ,  395   ,  743   ,  365   ,  417   ,  782   ,  365   ,  409   ,  774   ,  352   ,  385   ,  737   ,  360   ,  390   ,  750   
,72,  259   ,  263   ,  522   ,  263   ,  269   ,  532   ,  263   ,  271   ,  534   ,  266   ,  274   ,  540   ,  261   ,  260   ,  521   ,  249   ,  240   ,  489   ,  255   ,  246   ,  501   ,  268   ,  260   ,  528   ,  261   ,  259   ,  520   ,  284   ,  296   ,  580   ,  318   ,  347   ,  665   ,  329   ,  366   ,  695   ,  332   ,  374   ,  706   ,  348   ,  395   ,  743   ,  348   ,  388   ,  736   ,  336   ,  365   ,  701   
,73,  225   ,  223   ,  448   ,  251   ,  262   ,  513   ,  255   ,  269   ,  524   ,  255   ,  270   ,  525   ,  258   ,  273   ,  531   ,  253   ,  259   ,  512   ,  242   ,  239   ,  481   ,  248   ,  245   ,  493   ,  250   ,  251   ,  501   ,  254   ,  260   ,  514   ,  277   ,  297   ,  574   ,  310   ,  347   ,  657   ,  320   ,  367   ,  687   ,  323   ,  375   ,  698   ,  339   ,  396   ,  735   ,  339   ,  389   ,  728   
,74,  187   ,  177   ,  364   ,  208   ,  208   ,  416   ,  232   ,  245   ,  477   ,  236   ,  251   ,  487   ,  237   ,  252   ,  489   ,  240   ,  256   ,  496   ,  234   ,  242   ,  476   ,  224   ,  224   ,  448   ,  221   ,  221   ,  442   ,  232   ,  235   ,  467   ,  236   ,  243   ,  479   ,  257   ,  278   ,  535   ,  288   ,  325   ,  613   ,  298   ,  344   ,  642   ,  301   ,  352   ,  653   ,  316   ,  372   ,  688   
,75,  169   ,  161   ,  330   ,  173   ,  164   ,  337   ,  193   ,  193   ,  386   ,  216   ,  227   ,  443   ,  220   ,  233   ,  453   ,  220   ,  235   ,  455   ,  223   ,  237   ,  460   ,  218   ,  225   ,  443   ,  200   ,  201   ,  401   ,  206   ,  206   ,  412   ,  216   ,  219   ,  435   ,  220   ,  227   ,  447   ,  240   ,  259   ,  499   ,  269   ,  303   ,  572   ,  279   ,  321   ,  600   ,  281   ,  328   ,  609   
,76,  149   ,  145   ,  294   ,  154   ,  149   ,  303   ,  158   ,  152   ,  310   ,  176   ,  179   ,  355   ,  197   ,  211   ,  408   ,  201   ,  216   ,  417   ,  201   ,  218   ,  419   ,  204   ,  220   ,  424   ,  191   ,  202   ,  393   ,  183   ,  187   ,  370   ,  188   ,  192   ,  380   ,  198   ,  204   ,  402   ,  202   ,  211   ,  413   ,  220   ,  241   ,  461   ,  247   ,  283   ,  530   ,  256   ,  299   ,  555   
,77,  130   ,  131   ,  261   ,  130   ,  130   ,  260   ,  134   ,  133   ,  267   ,  138   ,  136   ,  274   ,  154   ,  160   ,  314   ,  173   ,  189   ,  362   ,  176   ,  194   ,  370   ,  176   ,  195   ,  371   ,  171   ,  191   ,  362   ,  168   ,  182   ,  350   ,  161   ,  168   ,  329   ,  166   ,  173   ,  339   ,  174   ,  183   ,  357   ,  177   ,  190   ,  367   ,  194   ,  217   ,  411   ,  218   ,  255   ,  473   
,78,  119   ,  127   ,  246   ,  115   ,  117   ,  232   ,  115   ,  116   ,  231   ,  119   ,  119   ,  238   ,  123   ,  122   ,  245   ,  137   ,  143   ,  280   ,  153   ,  169   ,  322   ,  156   ,  174   ,  330   ,  150   ,  169   ,  319   ,  153   ,  171   ,  324   ,  150   ,  163   ,  313   ,  144   ,  151   ,  295   ,  148   ,  155   ,  303   ,  156   ,  165   ,  321   ,  159   ,  171   ,  330   ,  173   ,  196   ,  369   
,79,  112   ,  124   ,  236   ,  109   ,  116   ,  225   ,  105   ,  106   ,  211   ,  105   ,  105   ,  210   ,  109   ,  108   ,  217   ,  112   ,  111   ,  223   ,  125   ,  130   ,  255   ,  140   ,  154   ,  294   ,  137   ,  153   ,  290   ,  138   ,  154   ,  292   ,  140   ,  157   ,  297   ,  138   ,  149   ,  287   ,  132   ,  138   ,  270   ,  136   ,  142   ,  278   ,  143   ,  151   ,  294   ,  146   ,  157   ,  303   
,80+,  675   ,  830   ,  1 505   ,  654   ,  807   ,  1 461   ,  637   ,  780   ,  1 417   ,  618   ,  751   ,  1 369   ,  603   ,  726   ,  1 329   ,  595   ,  707   ,  1 302   ,  589   ,  692   ,  1 281   ,  596   ,  697   ,  1 293   ,  589   ,  696   ,  1 285   ,  608   ,  721   ,  1 329   ,  623   ,  743   ,  1 366   ,  639   ,  764   ,  1 403   ,  650   ,  776   ,  1 426   ,  655   ,  777   ,  1 432   ,  663   ,  782   ,  1 445   ,  676   ,  795   ,  1 471   
,Total,  170 836   ,  178 800   ,  349 636   ,  176 198   ,  184 189   ,  360 387   ,  181 623   ,  189 646   ,  371 269   ,  187 094   ,  195 146   ,  382 240   ,  192 607   ,  200 689   ,  393 296   ,  198 159   ,  206 270   ,  404 429   ,  203 582   ,  211 698   ,  415 280   ,  209 040   ,  217 164   ,  426 204   ,  205 491   ,  213 510   ,  419 001   ,  211 186   ,  219 243   ,  430 429   ,  216 651   ,  224 728   ,  441 379   ,  222 187   ,  230 272   ,  452 459   ,  227 828   ,  235 912   ,  463 740   ,  233 549   ,  241 641   ,  475 190   ,  239 375   ,  247 473   ,  486 848   ,  245 283   ,  253 374   ,  498 657   
,,,,,,,,,,,,,,,,,,,,,,,,,,,,,,,,,,,,,,,,,,,,,,,,,
,,,,,,,,,,,,,,,,,,,,,,,,,,,,,,,,,,,,,,,,,,,,,,,,,
GUIRIKO,,,,,,,,,,,,,,,,,,,,,,,,,,,,,,,,,,,,,,,,,,,,,,,,,
,,2020,,,2021,,,2022,,,2023,,,2024,,,2025,,,2026,,,2027,,,2028,,,2029,,,2030,,,2031,,,2032,,,2033,,,2034,,,2035,,
, Ages,Ensemble,,,Ensemble,,,Ensemble,,,Ensemble,,,Ensemble,,,Ensemble,,,Ensemble,,,Ensemble,,,Ensemble,,,Ensemble,,,Ensemble,,,Ensemble,,,Ensemble,,,Ensemble,,,Ensemble,,,Ensemble,,
,,Homme ,Femme,Ensemble,Homme ,Femme,Ensemble,Homme ,Femme,Ensemble,Homme ,Femme,Ensemble,Homme ,Femme,Ensemble,Homme ,Femme,Ensemble,Homme ,Femme,Ensemble,Homme ,Femme,Ensemble,Homme ,Femme,Ensemble,Homme ,Femme,Ensemble,Homme ,Femme,Ensemble,Homme ,Femme,Ensemble,Homme ,Femme,Ensemble,Homme ,Femme,Ensemble,Homme ,Femme,Ensemble,Homme ,Femme,Ensemble
,0,  41 606   ,  41 957   ,  83 563   ,  41 908   ,  42 205   ,  84 113   ,  42 323   ,  42 612   ,  84 935   ,  42 669   ,  42 958   ,  85 627   ,  42 962   ,  43 257   ,  86 219   ,  43 235   ,  43 547   ,  86 782   ,  43 471   ,  43 807   ,  87 278   ,  43 697   ,  44 062   ,  87 759   ,  41 592   ,  41 988   ,  83 580   ,  41 841   ,  42 267   ,  84 108   ,  42 004   ,  42 458   ,  84 462   ,  42 612   ,  43 095   ,  85 707   ,  43 246   ,  43 758   ,  87 004   ,  43 888   ,  44 432   ,  88 320   ,  44 517   ,  45 095   ,  89 612   ,  45 113   ,  45 731   ,  90 844   
,1,  41 216   ,  41 688   ,  82 904   ,  41 149   ,  41 485   ,  82 634   ,  41 471   ,  41 757   ,  83 228   ,  41 905   ,  42 182   ,  84 087   ,  42 272   ,  42 548   ,  84 820   ,  42 590   ,  42 874   ,  85 464   ,  42 854   ,  43 154   ,  86 008   ,  43 115   ,  43 436   ,  86 551   ,  41 093   ,  41 440   ,  82 533   ,  41 398   ,  41 768   ,  83 166   ,  41 613   ,  42 004   ,  83 617   ,  41 796   ,  42 207   ,  84 003   ,  42 423   ,  42 864   ,  85 287   ,  43 076   ,  43 550   ,  86 626   ,  43 739   ,  44 248   ,  87 987   ,  44 390   ,  44 941   ,  89 331   
,2,  40 406   ,  41 066   ,  81 472   ,  41 276   ,  41 721   ,  82 997   ,  41 215   ,  41 530   ,  82 745   ,  41 543   ,  41 814   ,  83 357   ,  41 984   ,  42 253   ,  84 237   ,  42 362   ,  42 639   ,  85 001   ,  42 657   ,  42 948   ,  85 605   ,  42 930   ,  43 242   ,  86 172   ,  40 938   ,  41 276   ,  82 214   ,  41 275   ,  41 636   ,  82 911   ,  41 533   ,  41 913   ,  83 446   ,  41 755   ,  42 152   ,  83 907   ,  41 949   ,  42 368   ,  84 317   ,  42 590   ,  43 044   ,  85 634   ,  43 257   ,  43 749   ,  87 006   ,  43 936   ,  44 472   ,  88 408   
,3,  39 243   ,  40 080   ,  79 323   ,  40 377   ,  40 959   ,  81 336   ,  41 245   ,  41 616   ,  82 861   ,  41 183   ,  41 431   ,  82 614   ,  41 511   ,  41 722   ,  83 233   ,  41 956   ,  42 173   ,  84 129   ,  42 304   ,  42 535   ,  84 839   ,  42 601   ,  42 851   ,  85 452   ,  40 639   ,  40 917   ,  81 556   ,  40 987   ,  41 286   ,  82 273   ,  41 271   ,  41 589   ,  82 860   ,  41 530   ,  41 863   ,  83 393   ,  41 758   ,  42 109   ,  83 867   ,  41 959   ,  42 335   ,  84 294   ,  42 607   ,  43 020   ,  85 627   ,  43 284   ,  43 740   ,  87 024   
,4,  38 930   ,  39 594   ,  78 524   ,  40 152   ,  40 560   ,  80 712   ,  41 311   ,  41 453   ,  82 764   ,  42 199   ,  42 124   ,  84 323   ,  42 135   ,  41 944   ,  84 079   ,  42 474   ,  42 250   ,  84 724   ,  42 899   ,  42 682   ,  85 581   ,  43 256   ,  43 054   ,  86 310   ,  41 297   ,  41 145   ,  82 442   ,  41 656   ,  41 522   ,  83 178   ,  41 958   ,  41 838   ,  83 796   ,  42 248   ,  42 140   ,  84 388   ,  42 519   ,  42 424   ,  84 943   ,  42 759   ,  42 682   ,  85 441   ,  42 970   ,  42 920   ,  85 890   ,  43 642   ,  43 629   ,  87 271   
,5,  38 160   ,  38 930   ,  77 090   ,  39 776   ,  40 368   ,  80 144   ,  41 022   ,  41 355   ,  82 377   ,  42 204   ,  42 270   ,  84 474   ,  43 110   ,  42 960   ,  86 070   ,  43 048   ,  42 786   ,  85 834   ,  43 361   ,  43 072   ,  86 433   ,  43 795   ,  43 517   ,  87 312   ,  41 873   ,  41 650   ,  83 523   ,  42 261   ,  42 053   ,  84 314   ,  42 572   ,  42 377   ,  84 949   ,  42 878   ,  42 695   ,  85 573   ,  43 180   ,  43 008   ,  86 188   ,  43 462   ,  43 305   ,  86 767   ,  43 712   ,  43 576   ,  87 288   ,  43 935   ,  43 831   ,  87 766   
,6,  37 115   ,  37 861   ,  74 976   ,  38 679   ,  39 362   ,  78 041   ,  40 313   ,  40 818   ,  81 131   ,  41 574   ,  41 819   ,  83 393   ,  42 770   ,  42 749   ,  85 519   ,  43 689   ,  43 456   ,  87 145   ,  43 591   ,  43 252   ,  86 843   ,  43 908   ,  43 546   ,  87 454   ,  42 053   ,  41 747   ,  83 800   ,  42 495   ,  42 202   ,  84 697   ,  42 831   ,  42 550   ,  85 381   ,  43 143   ,  42 872   ,  86 015   ,  43 458   ,  43 196   ,  86 654   ,  43 768   ,  43 520   ,  87 288   ,  44 057   ,  43 827   ,  87 884   ,  44 317   ,  44 112   ,  88 429   
,7,  36 119   ,  36 544   ,  72 663   ,  37 202   ,  37 692   ,  74 894   ,  38 766   ,  39 188   ,  77 954   ,  40 401   ,  40 640   ,  81 041   ,  41 661   ,  41 641   ,  83 302   ,  42 861   ,  42 575   ,  85 436   ,  43 747   ,  43 252   ,  86 999   ,  43 648   ,  43 053   ,  86 701   ,  41 692   ,  41 129   ,  82 821   ,  42 198   ,  41 643   ,  83 841   ,  42 584   ,  42 038   ,  84 622   ,  42 916   ,  42 377   ,  85 293   ,  43 233   ,  42 701   ,  85 934   ,  43 552   ,  43 030   ,  86 582   ,  43 867   ,  43 358   ,  87 225   ,  44 163   ,  43 675   ,  87 838   
,8,  35 955   ,  35 885   ,  71 840   ,  36 807   ,  36 895   ,  73 702   ,  37 905   ,  38 054   ,  75 959   ,  39 494   ,  39 565   ,  79 059   ,  41 156   ,  41 034   ,  82 190   ,  42 439   ,  42 052   ,  84 491   ,  43 625   ,  42 967   ,  86 592   ,  44 525   ,  43 652   ,  88 177   ,  42 135   ,  41 237   ,  83 372   ,  42 529   ,  41 603   ,  84 132   ,  42 986   ,  42 062   ,  85 048   ,  43 374   ,  42 452   ,  85 826   ,  43 716   ,  42 797   ,  86 513   ,  44 041   ,  43 129   ,  87 170   ,  44 369   ,  43 466   ,  87 835   ,  44 695   ,  43 807   ,  88 502   
,9,  34 525   ,  33 860   ,  68 385   ,  35 743   ,  35 249   ,  70 992   ,  36 585   ,  36 241   ,  72 826   ,  37 672   ,  37 381   ,  75 053   ,  39 247   ,  38 868   ,  78 115   ,  40 898   ,  40 318   ,  81 216   ,  42 138   ,  41 291   ,  83 429   ,  43 313   ,  42 191   ,  85 504   ,  41 926   ,  40 674   ,  82 600   ,  41 916   ,  40 571   ,  82 487   ,  42 250   ,  40 872   ,  83 122   ,  42 699   ,  41 315   ,  84 014   ,  43 087   ,  41 700   ,  84 787   ,  43 429   ,  42 043   ,  85 472   ,  43 755   ,  42 374   ,  86 129   ,  44 086   ,  42 714   ,  86 800   
,10,  32 906   ,  32 119   ,  65 025   ,  34 426   ,  33 757   ,  68 183   ,  35 634   ,  35 142   ,  70 776   ,  36 469   ,  36 132   ,  72 601   ,  37 549   ,  37 270   ,  74 819   ,  39 118   ,  38 760   ,  77 878   ,  40 728   ,  40 179   ,  80 907   ,  41 961   ,  41 150   ,  83 111   ,  40 920   ,  39 907   ,  80 827   ,  41 852   ,  40 628   ,  82 480   ,  41 783   ,  40 466   ,  82 249   ,  42 109   ,  40 758   ,  82 867   ,  42 558   ,  41 202   ,  83 760   ,  42 947   ,  41 590   ,  84 537   ,  43 289   ,  41 936   ,  85 225   ,  43 617   ,  42 275   ,  85 892   
,11,  31 952   ,  30 929   ,  62 881   ,  33 072   ,  32 085   ,  65 157   ,  34 594   ,  33 722   ,  68 316   ,  35 804   ,  35 104   ,  70 908   ,  36 637   ,  36 096   ,  72 733   ,  37 720   ,  37 238   ,  74 958   ,  39 263   ,  38 700   ,  77 963   ,  40 876   ,  40 117   ,  80 993   ,  39 969   ,  39 003   ,  78 972   ,  41 169   ,  39 936   ,  81 105   ,  42 043   ,  40 597   ,  82 640   ,  41 968   ,  40 426   ,  82 394   ,  42 298   ,  40 719   ,  83 017   ,  42 750   ,  41 166   ,  83 916   ,  43 141   ,  41 557   ,  84 698   ,  43 488   ,  41 912   ,  85 400   
,12,  30 886   ,  29 942   ,  60 828   ,  32 161   ,  31 116   ,  63 277   ,  33 283   ,  32 277   ,  65 560   ,  34 810   ,  33 923   ,  68 733   ,  36 022   ,  35 316   ,  71 338   ,  36 859   ,  36 318   ,  73 177   ,  37 916   ,  37 440   ,  75 356   ,  39 464   ,  38 910   ,  78 374   ,  38 998   ,  38 294   ,  77 292   ,  40 260   ,  39 299   ,  79 559   ,  41 407   ,  40 179   ,  81 586   ,  42 281   ,  40 835   ,  83 116   ,  42 207   ,  40 664   ,  82 871   ,  42 541   ,  40 962   ,  83 503   ,  42 998   ,  41 414   ,  84 412   ,  43 396   ,  41 817   ,  85 213   
,13,  29 050   ,  28 299   ,  57 349   ,  30 731   ,  29 776   ,  60 507   ,  31 995   ,  30 942   ,  62 937   ,  33 107   ,  32 096   ,  65 203   ,  34 622   ,  33 734   ,  68 356   ,  35 826   ,  35 123   ,  70 949   ,  36 627   ,  36 094   ,  72 721   ,  37 674   ,  37 212   ,  74 886   ,  37 235   ,  36 717   ,  73 952   ,  38 844   ,  38 136   ,  76 980   ,  40 042   ,  39 080   ,  79 122   ,  41 177   ,  39 946   ,  81 123   ,  42 048   ,  40 599   ,  82 647   ,  41 977   ,  40 432   ,  82 409   ,  42 311   ,  40 731   ,  83 042   ,  42 769   ,  41 189   ,  83 958   
,14,  27 720   ,  27 470   ,  55 190   ,  29 107   ,  28 534   ,  57 641   ,  30 787   ,  30 021   ,  60 808   ,  32 049   ,  31 195   ,  63 244   ,  33 159   ,  32 359   ,  65 518   ,  34 674   ,  34 013   ,  68 687   ,  35 849   ,  35 388   ,  71 237   ,  36 647   ,  36 367   ,  73 014   ,  35 794   ,  35 606   ,  71 400   ,  37 330   ,  37 075   ,  74 405   ,  38 887   ,  38 453   ,  77 340   ,  40 082   ,  39 394   ,  79 476   ,  41 220   ,  40 267   ,  81 487   ,  42 094   ,  40 926   ,  83 020   ,  42 023   ,  40 760   ,  82 783   ,  42 361   ,  41 067   ,  83 428   
,15,  26 145   ,  27 126   ,  53 271   ,  27 677   ,  28 077   ,  55 754   ,  29 059   ,  29 162   ,  58 221   ,  30 734   ,  30 680   ,  61 414   ,  31 991   ,  31 879   ,  63 870   ,  33 099   ,  33 072   ,  66 171   ,  34 583   ,  34 737   ,  69 320   ,  35 754   ,  36 140   ,  71 894   ,  34 722   ,  35 296   ,  70 018   ,  35 788   ,  36 457   ,  72 245   ,  37 272   ,  37 908   ,  75 180   ,  38 823   ,  39 307   ,  78 130   ,  40 019   ,  40 268   ,  80 287   ,  41 159   ,  41 161   ,  82 320   ,  42 034   ,  41 837   ,  83 871   ,  41 968   ,  41 673   ,  83 641   
,16,  24 533   ,  26 441   ,  50 974   ,  26 416   ,  27 527   ,  53 943   ,  27 961   ,  28 489   ,  56 450   ,  29 354   ,  29 588   ,  58 942   ,  31 044   ,  31 129   ,  62 173   ,  32 313   ,  32 349   ,  64 662   ,  33 403   ,  33 534   ,  66 937   ,  34 899   ,  35 222   ,  70 121   ,  34 276   ,  34 824   ,  69 100   ,  35 110   ,  35 852   ,  70 962   ,  36 138   ,  36 979   ,  73 117   ,  37 633   ,  38 440   ,  76 073   ,  39 203   ,  39 858   ,  79 061   ,  40 414   ,  40 833   ,  81 247   ,  41 568   ,  41 741   ,  83 309   ,  42 457   ,  42 431   ,  84 888   
,17,  23 440   ,  26 107   ,  49 547   ,  24 723   ,  26 431   ,  51 154   ,  26 618   ,  27 516   ,  54 134   ,  28 173   ,  28 477   ,  56 650   ,  29 574   ,  29 576   ,  59 150   ,  31 276   ,  31 119   ,  62 395   ,  32 527   ,  32 316   ,  64 843   ,  33 622   ,  33 501   ,  67 123   ,  33 371   ,  33 444   ,  66 815   ,  34 570   ,  34 861   ,  69 431   ,  35 362   ,  35 840   ,  71 202   ,  36 393   ,  36 957   ,  73 350   ,  37 902   ,  38 417   ,  76 319   ,  39 486   ,  39 835   ,  79 321   ,  40 708   ,  40 812   ,  81 520   ,  41 875   ,  41 725   ,  83 600   
,18,  23 082   ,  26 957   ,  50 039   ,  23 882   ,  26 499   ,  50 381   ,  25 187   ,  26 826   ,  52 013   ,  27 117   ,  27 927   ,  55 044   ,  28 698   ,  28 903   ,  57 601   ,  30 125   ,  30 022   ,  60 147   ,  31 834   ,  31 568   ,  63 402   ,  33 106   ,  32 783   ,  65 889   ,  32 492   ,  32 305   ,  64 797   ,  34 016   ,  33 997   ,  68 013   ,  35 192   ,  35 387   ,  70 579   ,  35 995   ,  36 372   ,  72 367   ,  37 046   ,  37 505   ,  74 551   ,  38 586   ,  38 988   ,  77 574   ,  40 202   ,  40 429   ,  80 631   ,  41 450   ,  41 427   ,  82 877   
,19,  22 460   ,  26 921   ,  49 381   ,  23 419   ,  26 968   ,  50 387   ,  24 228   ,  26 508   ,  50 736   ,  25 551   ,  26 835   ,  52 386   ,  27 509   ,  27 938   ,  55 447   ,  29 116   ,  28 918   ,  58 034   ,  30 540   ,  30 019   ,  60 559   ,  32 274   ,  31 566   ,  63 840   ,  31 872   ,  31 160   ,  63 032   ,  33 011   ,  32 365   ,  65 376   ,  34 517   ,  34 013   ,  68 530   ,  35 707   ,  35 397   ,  71 104   ,  36 524   ,  36 383   ,  72 907   ,  37 594   ,  37 518   ,  75 112   ,  39 161   ,  39 005   ,  78 166   ,  40 807   ,  40 453   ,  81 260   
,20,  21 627   ,  26 197   ,  47 824   ,  22 774   ,  27 091   ,  49 865   ,  23 746   ,  27 137   ,  50 883   ,  24 564   ,  26 674   ,  51 238   ,  25 905   ,  27 004   ,  52 909   ,  27 896   ,  28 118   ,  56 014   ,  29 505   ,  29 086   ,  58 591   ,  30 950   ,  30 195   ,  61 145   ,  31 070   ,  30 184   ,  61 254   ,  32 377   ,  31 406   ,  63 783   ,  33 494   ,  32 576   ,  66 070   ,  35 021   ,  34 228   ,  69 249   ,  36 232   ,  35 621   ,  71 853   ,  37 065   ,  36 616   ,  73 681   ,  38 155   ,  37 763   ,  75 918   ,  39 752   ,  39 265   ,  79 017   
,21,  20 635   ,  25 104   ,  45 739   ,  21 566   ,  26 100   ,  47 666   ,  22 712   ,  26 991   ,  49 703   ,  23 681   ,  27 037   ,  50 718   ,  24 497   ,  26 577   ,  51 074   ,  25 839   ,  26 909   ,  52 748   ,  27 810   ,  28 002   ,  55 812   ,  29 418   ,  28 969   ,  58 387   ,  29 317   ,  28 590   ,  57 907   ,  31 050   ,  30 122   ,  61 172   ,  32 320   ,  31 300   ,  63 620   ,  33 434   ,  32 460   ,  65 894   ,  34 964   ,  34 108   ,  69 072   ,  36 179   ,  35 500   ,  71 679   ,  37 015   ,  36 495   ,  73 510   ,  38 110   ,  37 644   ,  75 754   
,22,  19 717   ,  23 847   ,  43 564   ,  20 799   ,  25 413   ,  46 212   ,  21 739   ,  26 421   ,  48 160   ,  22 896   ,  27 323   ,  50 219   ,  23 875   ,  27 370   ,  51 245   ,  24 700   ,  26 906   ,  51 606   ,  26 038   ,  27 226   ,  53 264   ,  28 033   ,  28 333   ,  56 366   ,  28 174   ,  27 863   ,  56 037   ,  29 620   ,  28 978   ,  58 598   ,  31 339   ,  30 492   ,  61 831   ,  32 622   ,  31 679   ,  64 301   ,  33 752   ,  32 853   ,  66 605   ,  35 304   ,  34 524   ,  69 828   ,  36 537   ,  35 937   ,  72 474   ,  37 387   ,  36 950   ,  74 337   
,23,  18 652   ,  22 259   ,  40 911   ,  19 764   ,  23 855   ,  43 619   ,  20 852   ,  25 422   ,  46 274   ,  21 796   ,  26 432   ,  48 228   ,  22 960   ,  27 336   ,  50 296   ,  23 946   ,  27 387   ,  51 333   ,  24 757   ,  26 906   ,  51 663   ,  26 105   ,  27 226   ,  53 331   ,  26 723   ,  26 959   ,  53 682   ,  28 335   ,  27 941   ,  56 276   ,  29 759   ,  29 024   ,  58 783   ,  31 489   ,  30 535   ,  62 024   ,  32 785   ,  31 725   ,  64 510   ,  33 926   ,  32 905   ,  66 831   ,  35 495   ,  34 583   ,  70 078   ,  36 742   ,  36 004   ,  72 746   
,24,  17 832   ,  21 395   ,  39 227   ,  18 509   ,  22 305   ,  40 814   ,  19 618   ,  23 906   ,  43 524   ,  20 703   ,  25 479   ,  46 182   ,  21 644   ,  26 493   ,  48 137   ,  22 807   ,  27 405   ,  50 212   ,  23 774   ,  27 439   ,  51 213   ,  24 584   ,  26 957   ,  51 541   ,  24 642   ,  25 953   ,  50 595   ,  26 598   ,  27 059   ,  53 657   ,  28 177   ,  28 011   ,  56 188   ,  29 597   ,  29 092   ,  58 689   ,  31 326   ,  30 608   ,  61 934   ,  32 623   ,  31 805   ,  64 428   ,  33 766   ,  32 991   ,  66 757   ,  35 336   ,  34 680   ,  70 016   
,25,  17 233   ,  20 616   ,  37 849   ,  17 535   ,  21 104   ,  38 639   ,  18 204   ,  22 003   ,  40 207   ,  19 300   ,  23 585   ,  42 885   ,  20 373   ,  25 140   ,  45 513   ,  21 305   ,  26 147   ,  47 452   ,  22 440   ,  27 031   ,  49 471   ,  23 397   ,  27 067   ,  50 464   ,  22 992   ,  25 296   ,  48 288   ,  24 303   ,  25 645   ,  49 948   ,  26 212   ,  26 707   ,  52 919   ,  27 773   ,  27 643   ,  55 416   ,  29 180   ,  28 712   ,  57 892   ,  30 896   ,  30 212   ,  61 108   ,  32 182   ,  31 397   ,  63 579   ,  33 317   ,  32 575   ,  65 892   
,26,  16 893   ,  20 139   ,  37 032   ,  17 112   ,  20 511   ,  37 623   ,  17 413   ,  20 997   ,  38 410   ,  18 079   ,  21 894   ,  39 973   ,  19 174   ,  23 472   ,  42 646   ,  20 247   ,  25 026   ,  45 273   ,  21 164   ,  26 013   ,  47 177   ,  22 299   ,  26 896   ,  49 195   ,  22 097   ,  25 624   ,  47 721   ,  22 900   ,  25 219   ,  48 119   ,  24 186   ,  25 537   ,  49 723   ,  26 092   ,  26 592   ,  52 684   ,  27 655   ,  27 525   ,  55 180   ,  29 065   ,  28 593   ,  57 658   ,  30 783   ,  30 092   ,  60 875   ,  32 072   ,  31 279   ,  63 351   
,27,  16 620   ,  19 774   ,  36 394   ,  16 658   ,  19 895   ,  36 553   ,  16 873   ,  20 265   ,  37 138   ,  17 170   ,  20 748   ,  37 918   ,  17 832   ,  21 637   ,  39 469   ,  18 920   ,  23 203   ,  42 123   ,  19 972   ,  24 727   ,  44 699   ,  20 883   ,  25 707   ,  46 590   ,  20 911   ,  25 291   ,  46 202   ,  21 852   ,  25 372   ,  47 224   ,  22 628   ,  24 943   ,  47 571   ,  23 902   ,  25 255   ,  49 157   ,  25 798   ,  26 300   ,  52 098   ,  27 353   ,  27 227   ,  54 580   ,  28 756   ,  28 289   ,  57 045   ,  30 466   ,  29 779   ,  60 245   
,28,  16 887   ,  19 789   ,  36 676   ,  16 388   ,  19 372   ,  35 760   ,  16 423   ,  19 493   ,  35 916   ,  16 636   ,  19 858   ,  36 494   ,  16 930   ,  20 334   ,  37 264   ,  17 587   ,  21 213   ,  38 800   ,  18 656   ,  22 737   ,  41 393   ,  19 700   ,  24 235   ,  43 935   ,  19 575   ,  23 972   ,  43 547   ,  20 675   ,  24 835   ,  45 510   ,  21 589   ,  24 887   ,  46 476   ,  22 356   ,  24 464   ,  46 820   ,  23 624   ,  24 772   ,  48 396   ,  25 509   ,  25 801   ,  51 310   ,  27 055   ,  26 716   ,  53 771   ,  28 452   ,  27 765   ,  56 217   
,29,  16 898   ,  19 552   ,  36 450   ,  16 706   ,  19 627   ,  36 333   ,  16 207   ,  19 215   ,  35 422   ,  16 241   ,  19 336   ,  35 577   ,  16 452   ,  19 701   ,  36 153   ,  16 746   ,  20 179   ,  36 925   ,  17 389   ,  21 038   ,  38 427   ,  18 453   ,  22 554   ,  41 007   ,  18 526   ,  22 878   ,  41 404   ,  19 416   ,  23 833   ,  43 249   ,  20 492   ,  24 663   ,  45 155   ,  21 401   ,  24 711   ,  46 112   ,  22 167   ,  24 292   ,  46 459   ,  23 433   ,  24 601   ,  48 034   ,  25 314   ,  25 628   ,  50 942   ,  26 858   ,  26 543   ,  53 401   
,30,  16 634   ,  18 926   ,  35 560   ,  16 865   ,  19 617   ,  36 482   ,  16 670   ,  19 694   ,  36 364   ,  16 168   ,  19 281   ,  35 449   ,  16 202   ,  19 404   ,  35 606   ,  16 414   ,  19 775   ,  36 189   ,  16 699   ,  20 243   ,  36 942   ,  17 345   ,  21 108   ,  38 453   ,  17 508   ,  21 544   ,  39 052   ,  18 534   ,  23 011   ,  41 545   ,  19 410   ,  23 943   ,  43 353   ,  20 490   ,  24 775   ,  45 265   ,  21 405   ,  24 825   ,  46 230   ,  22 178   ,  24 406   ,  46 584   ,  23 451   ,  24 720   ,  48 171   ,  25 345   ,  25 759   ,  51 104   
,31,  16 298   ,  18 236   ,  34 534   ,  16 437   ,  18 911   ,  35 348   ,  16 666   ,  19 604   ,  36 270   ,  16 472   ,  19 682   ,  36 154   ,  15 972   ,  19 272   ,  35 244   ,  16 007   ,  19 400   ,  35 407   ,  16 208   ,  19 759   ,  35 967   ,  16 492   ,  20 228   ,  36 720   ,  16 296   ,  20 085   ,  36 381   ,  17 337   ,  21 577   ,  38 914   ,  18 341   ,  23 020   ,  41 361   ,  19 211   ,  23 951   ,  43 162   ,  20 287   ,  24 785   ,  45 072   ,  21 200   ,  24 838   ,  46 038   ,  21 971   ,  24 423   ,  46 394   ,  23 242   ,  24 742   ,  47 984   
,32,  15 842   ,  17 295   ,  33 137   ,  16 221   ,  18 224   ,  34 445   ,  16 359   ,  18 902   ,  35 261   ,  16 587   ,  19 596   ,  36 183   ,  16 393   ,  19 677   ,  36 070   ,  15 894   ,  19 271   ,  35 165   ,  15 919   ,  19 386   ,  35 305   ,  16 121   ,  19 747   ,  35 868   ,  15 610   ,  19 257   ,  34 867   ,  16 251   ,  20 121   ,  36 372   ,  17 278   ,  21 592   ,  38 870   ,  18 282   ,  23 034   ,  41 316   ,  19 155   ,  23 968   ,  43 123   ,  20 236   ,  24 807   ,  45 043   ,  21 152   ,  24 863   ,  46 015   ,  21 928   ,  24 452   ,  46 380   
,33,  15 031   ,  15 925   ,  30 956   ,  15 902   ,  17 416   ,  33 318   ,  16 281   ,  18 353   ,  34 634   ,  16 419   ,  19 036   ,  35 455   ,  16 649   ,  19 738   ,  36 387   ,  16 453   ,  19 823   ,  36 276   ,  15 938   ,  19 400   ,  35 338   ,  15 964   ,  19 518   ,  35 482   ,  15 399   ,  18 959   ,  34 358   ,  15 699   ,  19 449   ,  35 148   ,  16 331   ,  20 298   ,  36 629   ,  17 367   ,  21 779   ,  39 146   ,  18 383   ,  23 237   ,  41 620   ,  19 267   ,  24 182   ,  43 449   ,  20 361   ,  25 031   ,  45 392   ,  21 289   ,  25 093   ,  46 382   
,34,  14 367   ,  14 844   ,  29 211   ,  14 894   ,  15 817   ,  30 711   ,  15 761   ,  17 301   ,  33 062   ,  16 140   ,  18 234   ,  34 374   ,  16 278   ,  18 917   ,  35 195   ,  16 509   ,  19 620   ,  36 129   ,  16 304   ,  19 692   ,  35 996   ,  15 793   ,  19 274   ,  35 067   ,  15 065   ,  18 489   ,  33 554   ,  15 286   ,  18 872   ,  34 158   ,  15 571   ,  19 337   ,  34 908   ,  16 200   ,  20 180   ,  36 380   ,  17 235   ,  21 656   ,  38 891   ,  18 250   ,  23 108   ,  41 358   ,  19 134   ,  24 053   ,  43 187   ,  20 227   ,  24 904   ,  45 131   
,35,  13 893   ,  14 208   ,  28 101   ,  14 141   ,  14 616   ,  28 757   ,  14 662   ,  15 576   ,  30 238   ,  15 522   ,  17 040   ,  32 562   ,  15 897   ,  17 963   ,  33 860   ,  16 036   ,  18 640   ,  34 676   ,  16 255   ,  19 322   ,  35 577   ,  16 054   ,  19 396   ,  35 450   ,  14 805   ,  18 098   ,  32 903   ,  14 857   ,  18 246   ,  33 103   ,  15 062   ,  18 602   ,  33 664   ,  15 343   ,  19 059   ,  34 402   ,  15 969   ,  19 892   ,  35 861   ,  16 996   ,  21 350   ,  38 346   ,  18 003   ,  22 787   ,  40 790   ,  18 882   ,  23 724   ,  42 606   
,36,  13 250   ,  13 406   ,  26 656   ,  13 720   ,  13 983   ,  27 703   ,  13 965   ,  14 385   ,  28 350   ,  14 483   ,  15 333   ,  29 816   ,  15 336   ,  16 778   ,  32 114   ,  15 711   ,  17 692   ,  33 403   ,  15 839   ,  18 348   ,  34 187   ,  16 057   ,  19 022   ,  35 079   ,  15 100   ,  18 199   ,  33 299   ,  14 648   ,  17 850   ,  32 498   ,  14 686   ,  17 975   ,  32 661   ,  14 889   ,  18 324   ,  33 213   ,  15 170   ,  18 777   ,  33 947   ,  15 793   ,  19 601   ,  35 394   ,  16 815   ,  21 042   ,  37 857   ,  17 818   ,  22 464   ,  40 282   
,37,  12 885   ,  12 909   ,  25 794   ,  13 025   ,  13 098   ,  26 123   ,  13 490   ,  13 664   ,  27 154   ,  13 733   ,  14 059   ,  27 792   ,  14 246   ,  14 989   ,  29 235   ,  15 092   ,  16 407   ,  31 499   ,  15 454   ,  17 290   ,  32 744   ,  15 582   ,  17 934   ,  33 516   ,  15 036   ,  17 717   ,  32 753   ,  14 876   ,  17 823   ,  32 699   ,  14 417   ,  17 460   ,  31 877   ,  14 454   ,  17 581   ,  32 035   ,  14 656   ,  17 925   ,  32 581   ,  14 937   ,  18 371   ,  33 308   ,  15 555   ,  19 181   ,  34 736   ,  16 569   ,  20 598   ,  37 167   
,38,  12 607   ,  12 551   ,  25 158   ,  12 543   ,  12 567   ,  25 110   ,  12 680   ,  12 752   ,  25 432   ,  13 135   ,  13 306   ,  26 441   ,  13 374   ,  13 694   ,  27 068   ,  13 878   ,  14 604   ,  28 482   ,  14 697   ,  15 977   ,  30 674   ,  15 053   ,  16 840   ,  31 893   ,  14 438   ,  16 632   ,  31 070   ,  14 667   ,  17 281   ,  31 948   ,  14 497   ,  17 364   ,  31 861   ,  14 048   ,  17 009   ,  31 057   ,  14 085   ,  17 129   ,  31 214   ,  14 286   ,  17 467   ,  31 753   ,  14 562   ,  17 905   ,  32 467   ,  15 170   ,  18 701   ,  33 871   
,39,  12 122   ,  11 979   ,  24 101   ,  12 369   ,  12 330   ,  24 699   ,  12 305   ,  12 346   ,  24 651   ,  12 441   ,  12 531   ,  24 972   ,  12 891   ,  13 077   ,  25 968   ,  13 128   ,  13 462   ,  26 590   ,  13 617   ,  14 348   ,  27 965   ,  14 426   ,  15 699   ,  30 125   ,  14 053   ,  15 754   ,  29 807   ,  14 198   ,  16 378   ,  30 576   ,  14 411   ,  16 997   ,  31 408   ,  14 243   ,  17 077   ,  31 320   ,  13 802   ,  16 730   ,  30 532   ,  13 841   ,  16 850   ,  30 691   ,  14 040   ,  17 186   ,  31 226   ,  14 315   ,  17 622   ,  31 937   
,40,  11 550   ,  11 372   ,  22 922   ,  12 019   ,  11 968   ,  23 987   ,  12 265   ,  12 320   ,  24 585   ,  12 202   ,  12 338   ,  24 540   ,  12 337   ,  12 524   ,  24 861   ,  12 786   ,  13 073   ,  25 859   ,  13 014   ,  13 449   ,  26 463   ,  13 501   ,  14 336   ,  27 837   ,  13 610   ,  14 935   ,  28 545   ,  13 968   ,  15 779   ,  29 747   ,  14 099   ,  16 384   ,  30 483   ,  14 310   ,  17 001   ,  31 311   ,  14 145   ,  17 082   ,  31 227   ,  13 707   ,  16 737   ,  30 444   ,  13 747   ,  16 861   ,  30 608   ,  13 948   ,  17 201   ,  31 149   
,41,  11 050   ,  10 734   ,  21 784   ,  11 399   ,  11 229   ,  22 628   ,  11 864   ,  11 819   ,  23 683   ,  12 109   ,  12 168   ,  24 277   ,  12 047   ,  12 188   ,  24 235   ,  12 183   ,  12 375   ,  24 558   ,  12 620   ,  12 909   ,  25 529   ,  12 848   ,  13 282   ,  26 130   ,  12 681   ,  13 480   ,  26 161   ,  13 466   ,  14 785   ,  28 251   ,  13 809   ,  15 600   ,  29 409   ,  13 939   ,  16 197   ,  30 136   ,  14 150   ,  16 809   ,  30 959   ,  13 988   ,  16 892   ,  30 880   ,  13 556   ,  16 553   ,  30 109   ,  13 598   ,  16 680   ,  30 278   
,42,  10 392   ,  10 059   ,  20 451   ,  10 937   ,  10 760   ,  21 697   ,  11 283   ,  11 257   ,  22 540   ,  11 745   ,  11 850   ,  23 595   ,  11 988   ,  12 202   ,  24 190   ,  11 928   ,  12 224   ,  24 152   ,  12 055   ,  12 402   ,  24 457   ,  12 491   ,  12 939   ,  25 430   ,  12 102   ,  12 679   ,  24 781   ,  12 583   ,  13 547   ,  26 130   ,  13 352   ,  14 839   ,  28 191   ,  13 692   ,  15 655   ,  29 347   ,  13 823   ,  16 255   ,  30 078   ,  14 035   ,  16 872   ,  30 907   ,  13 876   ,  16 958   ,  30 834   ,  13 447   ,  16 622   ,  30 069   
,43,  9 611   ,  9 098   ,  18 709   ,  10 512   ,  10 200   ,  20 712   ,  11 065   ,  10 911   ,  21 976   ,  11 418   ,  11 417   ,  22 835   ,  11 888   ,  12 019   ,  23 907   ,  12 136   ,  12 379   ,  24 515   ,  12 067   ,  12 392   ,  24 459   ,  12 198   ,  12 573   ,  24 771   ,  12 036   ,  12 505   ,  24 541   ,  12 278   ,  12 896   ,  25 174   ,  12 756   ,  13 760   ,  26 516   ,  13 537   ,  15 071   ,  28 608   ,  13 886   ,  15 902   ,  29 788   ,  14 021   ,  16 513   ,  30 534   ,  14 239   ,  17 143   ,  31 382   ,  14 080   ,  17 234   ,  31 314   
,44,  8 923   ,  8 290   ,  17 213   ,  9 559   ,  9 043   ,  18 602   ,  10 460   ,  10 140   ,  20 600   ,  11 013   ,  10 848   ,  21 861   ,  11 366   ,  11 352   ,  22 718   ,  11 837   ,  11 955   ,  23 792   ,  12 078   ,  12 303   ,  24 381   ,  12 010   ,  12 318   ,  24 328   ,  11 561   ,  11 915   ,  23 476   ,  12 005   ,  12 459   ,  24 464   ,  12 236   ,  12 831   ,  25 067   ,  12 713   ,  13 690   ,  26 403   ,  13 496   ,  14 996   ,  28 492   ,  13 846   ,  15 825   ,  29 671   ,  13 984   ,  16 437   ,  30 421   ,  14 204   ,  17 067   ,  31 271   
,45,  8 456   ,  7 818   ,  16 274   ,  8 795   ,  8 160   ,  16 955   ,  9 425   ,  8 902   ,  18 327   ,  10 317   ,  9 984   ,  20 301   ,  10 866   ,  10 683   ,  21 549   ,  11 217   ,  11 183   ,  22 400   ,  11 676   ,  11 768   ,  23 444   ,  11 916   ,  12 112   ,  24 028   ,  11 283   ,  11 559   ,  22 842   ,  11 429   ,  11 756   ,  23 185   ,  11 858   ,  12 277   ,  24 135   ,  12 087   ,  12 643   ,  24 730   ,  12 562   ,  13 491   ,  26 053   ,  13 340   ,  14 780   ,  28 120   ,  13 689   ,  15 600   ,  29 289   ,  13 828   ,  16 208   ,  30 036   
,46,  8 023   ,  7 400   ,  15 423   ,  8 435   ,  7 786   ,  16 221   ,  8 774   ,  8 128   ,  16 902   ,  9 406   ,  8 868   ,  18 274   ,  10 300   ,  9 948   ,  20 248   ,  10 851   ,  10 648   ,  21 499   ,  11 195   ,  11 137   ,  22 332   ,  11 656   ,  11 722   ,  23 378   ,  11 327   ,  11 500   ,  22 827   ,  11 286   ,  11 540   ,  22 826   ,  11 421   ,  11 721   ,  23 142   ,  11 851   ,  12 239   ,  24 090   ,  12 082   ,  12 605   ,  24 687   ,  12 560   ,  13 453   ,  26 013   ,  13 342   ,  14 741   ,  28 083   ,  13 694   ,  15 563   ,  29 257   
,47,  7 665   ,  7 112   ,  14 777   ,  7 841   ,  7 249   ,  15 090   ,  8 246   ,  7 628   ,  15 874   ,  8 580   ,  7 964   ,  16 544   ,  9 200   ,  8 691   ,  17 891   ,  10 079   ,  9 753   ,  19 832   ,  10 613   ,  10 431   ,  21 044   ,  10 952   ,  10 912   ,  21 864   ,  10 856   ,  10 944   ,  21 800   ,  11 102   ,  11 291   ,  22 393   ,  11 051   ,  11 316   ,  22 367   ,  11 184   ,  11 492   ,  22 676   ,  11 608   ,  12 002   ,  23 610   ,  11 837   ,  12 363   ,  24 200   ,  12 308   ,  13 197   ,  25 505   ,  13 078   ,  14 465   ,  27 543   
,48,  7 246   ,  6 875   ,  14 121   ,  7 305   ,  6 803   ,  14 108   ,  7 474   ,  6 935   ,  14 409   ,  7 862   ,  7 299   ,  15 161   ,  8 183   ,  7 622   ,  15 805   ,  8 779   ,  8 320   ,  17 099   ,  9 614   ,  9 330   ,  18 944   ,  10 126   ,  9 981   ,  20 107   ,  9 938   ,  9 944   ,  19 882   ,  10 371   ,  10 491   ,  20 862   ,  10 598   ,  10 810   ,  21 408   ,  10 549   ,  10 833   ,  21 382   ,  10 678   ,  11 003   ,  21 681   ,  11 086   ,  11 493   ,  22 579   ,  11 306   ,  11 841   ,  23 147   ,  11 760   ,  12 644   ,  24 404   
,49,  6 975   ,  6 763   ,  13 738   ,  7 140   ,  6 820   ,  13 960   ,  7 198   ,  6 749   ,  13 947   ,  7 366   ,  6 881   ,  14 247   ,  7 750   ,  7 243   ,  14 993   ,  8 068   ,  7 566   ,  15 634   ,  8 651   ,  8 253   ,  16 904   ,  9 478   ,  9 256   ,  18 734   ,  9 493   ,  9 431   ,  18 924   ,  9 818   ,  9 890   ,  19 708   ,  10 236   ,  10 421   ,  20 657   ,  10 460   ,  10 736   ,  21 196   ,  10 414   ,  10 759   ,  21 173   ,  10 543   ,  10 930   ,  21 473   ,  10 948   ,  11 419   ,  22 367   ,  11 168   ,  11 768   ,  22 936   
,50,  6 706   ,  6 535   ,  13 241   ,  6 861   ,  6 718   ,  13 579   ,  7 023   ,  6 776   ,  13 799   ,  7 082   ,  6 706   ,  13 788   ,  7 247   ,  6 837   ,  14 084   ,  7 627   ,  7 199   ,  14 826   ,  7 936   ,  7 514   ,  15 450   ,  8 513   ,  8 197   ,  16 710   ,  8 867   ,  8 759   ,  17 626   ,  9 361   ,  9 393   ,  18 754   ,  9 673   ,  9 837   ,  19 510   ,  10 086   ,  10 363   ,  20 449   ,  10 309   ,  10 678   ,  20 987   ,  10 265   ,  10 703   ,  20 968   ,  10 394   ,  10 875   ,  21 269   ,  10 796   ,  11 364   ,  22 160   
,51,  6 438   ,  6 333   ,  12 771   ,  6 516   ,  6 459   ,  12 975   ,  6 667   ,  6 640   ,  13 307   ,  6 826   ,  6 698   ,  13 524   ,  6 883   ,  6 629   ,  13 512   ,  7 045   ,  6 761   ,  13 806   ,  7 412   ,  7 113   ,  14 525   ,  7 713   ,  7 425   ,  15 138   ,  7 864   ,  7 720   ,  15 584   ,  8 638   ,  8 679   ,  17 317   ,  9 111   ,  9 295   ,  18 406   ,  9 415   ,  9 733   ,  19 148   ,  9 820   ,  10 255   ,  20 075   ,  10 038   ,  10 568   ,  20 606   ,  9 997   ,  10 594   ,  20 591   ,  10 125   ,  10 767   ,  20 892   
,52,  6 251   ,  6 167   ,  12 418   ,  6 401   ,  6 375   ,  12 776   ,  6 479   ,  6 503   ,  12 982   ,  6 630   ,  6 685   ,  13 315   ,  6 788   ,  6 744   ,  13 532   ,  6 846   ,  6 676   ,  13 522   ,  7 003   ,  6 804   ,  13 807   ,  7 369   ,  7 159   ,  14 528   ,  7 289   ,  7 123   ,  14 412   ,  7 838   ,  7 790   ,  15 628   ,  8 602   ,  8 746   ,  17 348   ,  9 074   ,  9 365   ,  18 439   ,  9 379   ,  9 807   ,  19 186   ,  9 784   ,  10 335   ,  20 119   ,  10 004   ,  10 652   ,  20 656   ,  9 964   ,  10 681   ,  20 645   
,53,  5 706   ,  5 750   ,  11 456   ,  6 262   ,  6 446   ,  12 708   ,  6 413   ,  6 664   ,  13 077   ,  6 491   ,  6 797   ,  13 288   ,  6 643   ,  6 988   ,  13 631   ,  6 803   ,  7 050   ,  13 853   ,  6 857   ,  6 974   ,  13 831   ,  7 015   ,  7 107   ,  14 122   ,  7 020   ,  7 138   ,  14 158   ,  7 323   ,  7 468   ,  14 791   ,  7 868   ,  8 156   ,  16 024   ,  8 636   ,  9 156   ,  17 792   ,  9 113   ,  9 804   ,  18 917   ,  9 421   ,  10 269   ,  19 690   ,  9 831   ,  10 822   ,  20 653   ,  10 055   ,  11 157   ,  21 212   
,54,  5 204   ,  5 149   ,  10 353   ,  5 583   ,  5 658   ,  11 241   ,  6 129   ,  6 344   ,  12 473   ,  6 277   ,  6 558   ,  12 835   ,  6 354   ,  6 690   ,  13 044   ,  6 504   ,  6 880   ,  13 384   ,  6 657   ,  6 936   ,  13 593   ,  6 710   ,  6 861   ,  13 571   ,  6 529   ,  6 674   ,  13 203   ,  6 886   ,  7 039   ,  13 925   ,  7 176   ,  7 355   ,  14 531   ,  7 711   ,  8 032   ,  15 743   ,  8 466   ,  9 017   ,  17 483   ,  8 936   ,  9 658   ,  18 594   ,  9 240   ,  10 117   ,  19 357   ,  9 645   ,  10 665   ,  20 310   
,55,  5 061   ,  5 032   ,  10 093   ,  5 123   ,  5 118   ,  10 241   ,  5 498   ,  5 625   ,  11 123   ,  6 037   ,  6 307   ,  12 344   ,  6 184   ,  6 522   ,  12 706   ,  6 261   ,  6 654   ,  12 915   ,  6 405   ,  6 838   ,  13 243   ,  6 557   ,  6 895   ,  13 452   ,  6 283   ,  6 508   ,  12 791   ,  6 443   ,  6 648   ,  13 091   ,  6 789   ,  7 003   ,  13 792   ,  7 076   ,  7 316   ,  14 392   ,  7 605   ,  7 990   ,  15 595   ,  8 353   ,  8 972   ,  17 325   ,  8 819   ,  9 611   ,  18 430   ,  9 122   ,  10 071   ,  19 193   
,56,  4 820   ,  4 786   ,  9 606   ,  5 018   ,  4 973   ,  9 991   ,  5 079   ,  5 058   ,  10 137   ,  5 452   ,  5 560   ,  11 012   ,  5 989   ,  6 235   ,  12 224   ,  6 135   ,  6 449   ,  12 584   ,  6 208   ,  6 575   ,  12 783   ,  6 352   ,  6 757   ,  13 109   ,  6 183   ,  6 501   ,  12 684   ,  6 246   ,  6 447   ,  12 693   ,  6 399   ,  6 577   ,  12 976   ,  6 743   ,  6 927   ,  13 670   ,  7 029   ,  7 238   ,  14 267   ,  7 558   ,  7 906   ,  15 464   ,  8 304   ,  8 880   ,  17 184   ,  8 770   ,  9 515   ,  18 285   
,57,  4 553   ,  4 578   ,  9 131   ,  4 639   ,  4 634   ,  9 273   ,  4 830   ,  4 815   ,  9 645   ,  4 889   ,  4 899   ,  9 788   ,  5 250   ,  5 386   ,  10 636   ,  5 768   ,  6 042   ,  11 810   ,  5 906   ,  6 244   ,  12 150   ,  5 977   ,  6 367   ,  12 344   ,  5 814   ,  6 245   ,  12 059   ,  5 965   ,  6 312   ,  12 277   ,  6 020   ,  6 251   ,  12 271   ,  6 168   ,  6 377   ,  12 545   ,  6 501   ,  6 718   ,  13 219   ,  6 779   ,  7 020   ,  13 799   ,  7 291   ,  7 671   ,  14 962   ,  8 014   ,  8 618   ,  16 632   
,58,  4 449   ,  4 577   ,  9 026   ,  4 289   ,  4 298   ,  8 587   ,  4 370   ,  4 351   ,  8 721   ,  4 550   ,  4 522   ,  9 072   ,  4 607   ,  4 602   ,  9 209   ,  4 948   ,  5 061   ,  10 009   ,  5 435   ,  5 674   ,  11 109   ,  5 566   ,  5 864   ,  11 430   ,  5 351   ,  5 706   ,  11 057   ,  5 488   ,  5 879   ,  11 367   ,  5 625   ,  5 935   ,  11 560   ,  5 677   ,  5 877   ,  11 554   ,  5 817   ,  5 996   ,  11 813   ,  6 133   ,  6 318   ,  12 451   ,  6 397   ,  6 605   ,  13 002   ,  6 882   ,  7 219   ,  14 101   
,59,  4 363   ,  4 639   ,  9 002   ,  4 351   ,  4 544   ,  8 895   ,  4 194   ,  4 268   ,  8 462   ,  4 273   ,  4 321   ,  8 594   ,  4 451   ,  4 492   ,  8 943   ,  4 507   ,  4 572   ,  9 079   ,  4 838   ,  5 025   ,  9 863   ,  5 316   ,  5 634   ,  10 950   ,  5 172   ,  5 557   ,  10 729   ,  5 246   ,  5 682   ,  10 928   ,  5 375   ,  5 847   ,  11 222   ,  5 509   ,  5 901   ,  11 410   ,  5 561   ,  5 845   ,  11 406   ,  5 700   ,  5 964   ,  11 664   ,  6 011   ,  6 286   ,  12 297   ,  6 272   ,  6 573   ,  12 845   
,60,  4 046   ,  4 328   ,  8 374   ,  4 235   ,  4 557   ,  8 792   ,  4 223   ,  4 464   ,  8 687   ,  4 070   ,  4 193   ,  8 263   ,  4 148   ,  4 246   ,  8 394   ,  4 322   ,  4 416   ,  8 738   ,  4 374   ,  4 491   ,  8 865   ,  4 696   ,  4 936   ,  9 632   ,  4 905   ,  5 284   ,  10 189   ,  5 035   ,  5 477   ,  10 512   ,  5 101   ,  5 592   ,  10 693   ,  5 226   ,  5 754   ,  10 980   ,  5 358   ,  5 809   ,  11 167   ,  5 410   ,  5 754   ,  11 164   ,  5 546   ,  5 874   ,  11 420   ,  5 852   ,  6 192   ,  12 044   
,61,  3 868   ,  4 128   ,  7 996   ,  3 895   ,  4 210   ,  8 105   ,  4 078   ,  4 434   ,  8 512   ,  4 067   ,  4 344   ,  8 411   ,  3 920   ,  4 081   ,  8 001   ,  3 996   ,  4 134   ,  8 130   ,  4 160   ,  4 295   ,  8 455   ,  4 211   ,  4 369   ,  8 580   ,  4 298   ,  4 585   ,  8 883   ,  4 734   ,  5 156   ,  9 890   ,  4 854   ,  5 336   ,  10 190   ,  4 918   ,  5 448   ,  10 366   ,  5 040   ,  5 607   ,  10 647   ,  5 169   ,  5 661   ,  10 830   ,  5 220   ,  5 610   ,  10 830   ,  5 353   ,  5 728   ,  11 081   
,62,  3 728   ,  3 890   ,  7 618   ,  3 843   ,  4 098   ,  7 941   ,  3 869   ,  4 181   ,  8 050   ,  4 051   ,  4 403   ,  8 454   ,  4 040   ,  4 315   ,  8 355   ,  3 894   ,  4 054   ,  7 948   ,  3 967   ,  4 104   ,  8 071   ,  4 132   ,  4 265   ,  8 397   ,  3 975   ,  4 143   ,  8 118   ,  4 279   ,  4 566   ,  8 845   ,  4 709   ,  5 126   ,  9 835   ,  4 829   ,  5 306   ,  10 135   ,  4 894   ,  5 418   ,  10 312   ,  5 017   ,  5 577   ,  10 594   ,  5 146   ,  5 632   ,  10 778   ,  5 199   ,  5 583   ,  10 782   
,63,  3 323   ,  3 384   ,  6 707   ,  3 709   ,  3 953   ,  7 662   ,  3 824   ,  4 166   ,  7 990   ,  3 851   ,  4 250   ,  8 101   ,  4 033   ,  4 477   ,  8 510   ,  4 023   ,  4 389   ,  8 412   ,  3 875   ,  4 121   ,  7 996   ,  3 948   ,  4 171   ,  8 119   ,  3 912   ,  4 144   ,  8 056   ,  3 969   ,  4 227   ,  8 196   ,  4 270   ,  4 652   ,  8 922   ,  4 700   ,  5 223   ,  9 923   ,  4 821   ,  5 407   ,  10 228   ,  4 887   ,  5 522   ,  10 409   ,  5 012   ,  5 686   ,  10 698   ,  5 143   ,  5 744   ,  10 887   
,64,  2 952   ,  2 884   ,  5 836   ,  3 206   ,  3 284   ,  6 490   ,  3 581   ,  3 838   ,  7 419   ,  3 692   ,  4 046   ,  7 738   ,  3 718   ,  4 128   ,  7 846   ,  3 895   ,  4 350   ,  8 245   ,  3 883   ,  4 261   ,  8 144   ,  3 741   ,  4 002   ,  7 743   ,  3 627   ,  3 872   ,  7 499   ,  3 786   ,  4 035   ,  7 821   ,  3 838   ,  4 110   ,  7 948   ,  4 129   ,  4 524   ,  8 653   ,  4 546   ,  5 081   ,  9 627   ,  4 665   ,  5 261   ,  9 926   ,  4 731   ,  5 374   ,  10 105   ,  4 853   ,  5 536   ,  10 389   
,65,  2 799   ,  2 691   ,  5 490   ,  2 841   ,  2 781   ,  5 622   ,  3 087   ,  3 168   ,  6 255   ,  3 448   ,  3 703   ,  7 151   ,  3 556   ,  3 905   ,  7 461   ,  3 583   ,  3 986   ,  7 569   ,  3 751   ,  4 197   ,  7 948   ,  3 740   ,  4 112   ,  7 852   ,  3 426   ,  3 689   ,  7 115   ,  3 500   ,  3 746   ,  7 246   ,  3 651   ,  3 898   ,  7 549   ,  3 701   ,  3 971   ,  7 672   ,  3 982   ,  4 372   ,  8 354   ,  4 387   ,  4 911   ,  9 298   ,  4 503   ,  5 086   ,  9 589   ,  4 568   ,  5 198   ,  9 766   
,66,  2 562   ,  2 462   ,  5 024   ,  2 683   ,  2 604   ,  5 287   ,  2 724   ,  2 692   ,  5 416   ,  2 961   ,  3 067   ,  6 028   ,  3 309   ,  3 586   ,  6 895   ,  3 413   ,  3 783   ,  7 196   ,  3 436   ,  3 858   ,  7 294   ,  3 599   ,  4 064   ,  7 663   ,  3 412   ,  3 804   ,  7 216   ,  3 295   ,  3 583   ,  6 878   ,  3 362   ,  3 632   ,  6 994   ,  3 507   ,  3 780   ,  7 287   ,  3 557   ,  3 852   ,  7 409   ,  3 829   ,  4 242   ,  8 071   ,  4 220   ,  4 767   ,  8 987   ,  4 333   ,  4 939   ,  9 272   
,67,  2 333   ,  2 260   ,  4 593   ,  2 393   ,  2 316   ,  4 709   ,  2 508   ,  2 451   ,  4 959   ,  2 546   ,  2 534   ,  5 080   ,  2 769   ,  2 888   ,  5 657   ,  3 095   ,  3 379   ,  6 474   ,  3 191   ,  3 561   ,  6 752   ,  3 214   ,  3 634   ,  6 848   ,  3 201   ,  3 657   ,  6 858   ,  3 199   ,  3 594   ,  6 793   ,  3 086   ,  3 380   ,  6 466   ,  3 150   ,  3 427   ,  6 577   ,  3 287   ,  3 568   ,  6 855   ,  3 334   ,  3 637   ,  6 971   ,  3 591   ,  4 007   ,  7 598   ,  3 959   ,  4 505   ,  8 464   
,68,  2 220   ,  2 204   ,  4 424   ,  2 123   ,  2 032   ,  4 155   ,  2 178   ,  2 083   ,  4 261   ,  2 283   ,  2 205   ,  4 488   ,  2 318   ,  2 280   ,  4 598   ,  2 522   ,  2 601   ,  5 123   ,  2 818   ,  3 041   ,  5 859   ,  2 907   ,  3 206   ,  6 113   ,  2 782   ,  3 125   ,  5 907   ,  2 922   ,  3 302   ,  6 224   ,  2 918   ,  3 241   ,  6 159   ,  2 815   ,  3 048   ,  5 863   ,  2 874   ,  3 092   ,  5 966   ,  3 000   ,  3 220   ,  6 220   ,  3 044   ,  3 284   ,  6 328   ,  3 280   ,  3 619   ,  6 899   
,69,  2 153   ,  2 210   ,  4 363   ,  2 106   ,  2 097   ,  4 203   ,  2 014   ,  1 934   ,  3 948   ,  2 067   ,  1 984   ,  4 051   ,  2 167   ,  2 100   ,  4 267   ,  2 201   ,  2 173   ,  4 374   ,  2 393   ,  2 477   ,  4 870   ,  2 676   ,  2 897   ,  5 573   ,  2 624   ,  2 919   ,  5 543   ,  2 650   ,  2 988   ,  5 638   ,  2 780   ,  3 152   ,  5 932   ,  2 777   ,  3 094   ,  5 871   ,  2 679   ,  2 911   ,  5 590   ,  2 737   ,  2 954   ,  5 691   ,  2 858   ,  3 078   ,  5 936   ,  2 901   ,  3 140   ,  6 041   
,70,  2 008   ,  2 070   ,  4 078   ,  2 034   ,  2 095   ,  4 129   ,  1 990   ,  1 988   ,  3 978   ,  1 903   ,  1 834   ,  3 737   ,  1 953   ,  1 882   ,  3 835   ,  2 048   ,  1 993   ,  4 041   ,  2 080   ,  2 061   ,  4 141   ,  2 263   ,  2 350   ,  4 613   ,  2 407   ,  2 627   ,  5 034   ,  2 490   ,  2 779   ,  5 269   ,  2 511   ,  2 841   ,  5 352   ,  2 635   ,  2 998   ,  5 633   ,  2 633   ,  2 943   ,  5 576   ,  2 542   ,  2 770   ,  5 312   ,  2 597   ,  2 812   ,  5 409   ,  2 714   ,  2 932   ,  5 646   
,71,  1 904   ,  1 960   ,  3 864   ,  1 907   ,  1 971   ,  3 878   ,  1 932   ,  1 995   ,  3 927   ,  1 890   ,  1 894   ,  3 784   ,  1 808   ,  1 748   ,  3 556   ,  1 857   ,  1 795   ,  3 652   ,  1 947   ,  1 900   ,  3 847   ,  1 977   ,  1 965   ,  3 942   ,  2 047   ,  2 142   ,  4 189   ,  2 296   ,  2 513   ,  4 809   ,  2 372   ,  2 655   ,  5 027   ,  2 393   ,  2 714   ,  5 107   ,  2 513   ,  2 865   ,  5 378   ,  2 511   ,  2 814   ,  5 325   ,  2 425   ,  2 650   ,  5 075   ,  2 479   ,  2 691   ,  5 170   
,72,  1 775   ,  1 806   ,  3 581   ,  1 808   ,  1 851   ,  3 659   ,  1 810   ,  1 863   ,  3 673   ,  1 834   ,  1 886   ,  3 720   ,  1 796   ,  1 791   ,  3 587   ,  1 718   ,  1 654   ,  3 372   ,  1 764   ,  1 697   ,  3 461   ,  1 849   ,  1 797   ,  3 646   ,  1 788   ,  1 777   ,  3 565   ,  1 951   ,  2 032   ,  3 983   ,  2 186   ,  2 381   ,  4 567   ,  2 259   ,  2 516   ,  4 775   ,  2 281   ,  2 573   ,  4 854   ,  2 396   ,  2 717   ,  5 113   ,  2 396   ,  2 670   ,  5 066   ,  2 315   ,  2 515   ,  4 830   
,73,  1 541   ,  1 530   ,  3 071   ,  1 722   ,  1 802   ,  3 524   ,  1 754   ,  1 848   ,  3 602   ,  1 757   ,  1 860   ,  3 617   ,  1 781   ,  1 884   ,  3 665   ,  1 744   ,  1 790   ,  3 534   ,  1 668   ,  1 652   ,  3 320   ,  1 713   ,  1 695   ,  3 408   ,  1 711   ,  1 718   ,  3 429   ,  1 743   ,  1 783   ,  3 526   ,  1 901   ,  2 037   ,  3 938   ,  2 131   ,  2 387   ,  4 518   ,  2 203   ,  2 523   ,  4 726   ,  2 225   ,  2 581   ,  4 806   ,  2 338   ,  2 727   ,  5 065   ,  2 340   ,  2 681   ,  5 021   
,74,  1 282   ,  1 213   ,  2 495   ,  1 428   ,  1 428   ,  2 856   ,  1 598   ,  1 684   ,  3 282   ,  1 628   ,  1 727   ,  3 355   ,  1 631   ,  1 739   ,  3 370   ,  1 654   ,  1 763   ,  3 417   ,  1 619   ,  1 674   ,  3 293   ,  1 549   ,  1 546   ,  3 095   ,  1 514   ,  1 517   ,  3 031   ,  1 593   ,  1 612   ,  3 205   ,  1 621   ,  1 671   ,  3 292   ,  1 768   ,  1 909   ,  3 677   ,  1 984   ,  2 238   ,  4 222   ,  2 052   ,  2 367   ,  4 419   ,  2 074   ,  2 423   ,  4 497   ,  2 181   ,  2 562   ,  4 743   
,75,  1 157   ,  1 102   ,  2 259   ,  1 192   ,  1 126   ,  2 318   ,  1 328   ,  1 326   ,  2 654   ,  1 487   ,  1 564   ,  3 051   ,  1 515   ,  1 606   ,  3 121   ,  1 519   ,  1 618   ,  3 137   ,  1 540   ,  1 638   ,  3 178   ,  1 508   ,  1 557   ,  3 065   ,  1 372   ,  1 375   ,  2 747   ,  1 414   ,  1 415   ,  2 829   ,  1 486   ,  1 502   ,  2 988   ,  1 513   ,  1 557   ,  3 070   ,  1 651   ,  1 780   ,  3 431   ,  1 853   ,  2 088   ,  3 941   ,  1 919   ,  2 209   ,  4 128   ,  1 940   ,  2 263   ,  4 203   
,76,  1 022   ,  998   ,  2 020   ,  1 055   ,  1 022   ,  2 077   ,  1 087   ,  1 045   ,  2 132   ,  1 212   ,  1 232   ,  2 444   ,  1 357   ,  1 453   ,  2 810   ,  1 384   ,  1 493   ,  2 877   ,  1 387   ,  1 503   ,  2 890   ,  1 407   ,  1 523   ,  2 930   ,  1 310   ,  1 384   ,  2 694   ,  1 257   ,  1 282   ,  2 539   ,  1 294   ,  1 319   ,  2 613   ,  1 361   ,  1 400   ,  2 761   ,  1 387   ,  1 452   ,  2 839   ,  1 514   ,  1 661   ,  3 175   ,  1 701   ,  1 949   ,  3 650   ,  1 762   ,  2 064   ,  3 826   
,77,  892   ,  900   ,  1 792   ,  894   ,  892   ,  1 786   ,  923   ,  915   ,  1 838   ,  951   ,  936   ,  1 887   ,  1 062   ,  1 103   ,  2 165   ,  1 190   ,  1 303   ,  2 493   ,  1 213   ,  1 338   ,  2 551   ,  1 216   ,  1 348   ,  2 564   ,  1 174   ,  1 307   ,  2 481   ,  1 153   ,  1 246   ,  2 399   ,  1 105   ,  1 153   ,  2 258   ,  1 138   ,  1 186   ,  2 324   ,  1 197   ,  1 260   ,  2 457   ,  1 221   ,  1 308   ,  2 529   ,  1 334   ,  1 497   ,  2 831   ,  1 500   ,  1 758   ,  3 258   
,78,  820   ,  875   ,  1 695   ,  792   ,  805   ,  1 597   ,  794   ,  799   ,  1 593   ,  821   ,  819   ,  1 640   ,  846   ,  838   ,  1 684   ,  945   ,  989   ,  1 934   ,  1 059   ,  1 168   ,  2 227   ,  1 080   ,  1 200   ,  2 280   ,  1 030   ,  1 157   ,  2 187   ,  1 048   ,  1 176   ,  2 224   ,  1 029   ,  1 120   ,  2 149   ,  987   ,  1 037   ,  2 024   ,  1 017   ,  1 067   ,  2 084   ,  1 071   ,  1 134   ,  2 205   ,  1 092   ,  1 178   ,  2 270   ,  1 195   ,  1 350   ,  2 545   
,79,  766   ,  854   ,  1 620   ,  749   ,  795   ,  1 544   ,  724   ,  732   ,  1 456   ,  726   ,  726   ,  1 452   ,  750   ,  745   ,  1 495   ,  774   ,  763   ,  1 537   ,  865   ,  901   ,  1 766   ,  970   ,  1 064   ,  2 034   ,  941   ,  1 046   ,  1 987   ,  947   ,  1 058   ,  2 005   ,  963   ,  1 075   ,  2 038   ,  946   ,  1 024   ,  1 970   ,  907   ,  948   ,  1 855   ,  936   ,  977   ,  1 913   ,  986   ,  1 039   ,  2 025   ,  1 007   ,  1 080   ,  2 087   
,80+,  4 630   ,  5 696   ,  10 326   ,  4 496   ,  5 546   ,  10 042   ,  4 379   ,  5 364   ,  9 743   ,  4 256   ,  5 168   ,  9 424   ,  4 159   ,  5 002   ,  9 161   ,  4 103   ,  4 874   ,  8 977   ,  4 067   ,  4 781   ,  8 848   ,  4 117   ,  4 819   ,  8 936   ,  4 041   ,  4 774   ,  8 815   ,  4 169   ,  4 947   ,  9 116   ,  4 279   ,  5 099   ,  9 378   ,  4 390   ,  5 251   ,  9 641   ,  4 471   ,  5 336   ,  9 807   ,  4 509   ,  5 351   ,  9 860   ,  4 570   ,  5 387   ,  9 957   ,  4 661   ,  5 479   ,  10 140   
,Total,  1 172 595   ,  1 227 239   ,  2 399 834   ,  1 210 707   ,  1 265 624   ,  2 476 331   ,  1 249 269   ,  1 304 459   ,  2 553 728   ,  1 288 204   ,  1 343 650   ,  2 631 854   ,  1 327 450   ,  1 383 143   ,  2 710 593   ,  1 366 981   ,  1 422 909   ,  2 789 890   ,  1 405 649   ,  1 461 695   ,  2 867 344   ,  1 444 551   ,  1 500 694   ,  2 945 245   ,  1 408 980   ,  1 463 972   ,  2 872 952   ,  1 449 155   ,  1 504 463   ,  2 953 618   ,  1 487 815   ,  1 543 264   ,  3 031 079   ,  1 527 023   ,  1 582 586   ,  3 109 609   ,  1 566 950   ,  1 622 601   ,  3 189 551   ,  1 607 604   ,  1 663 323   ,  3 270 927   ,  1 648 973   ,  1 704 739   ,  3 353 712   ,  1 691 011   ,  1 746 805   ,  3 437 816   