,,,,,,,,,,,,,,,,,,,,,,,,,,,,,,,,,,,,,,,,,,,,,,,,,
NAZINON,,,,,,,,,,,,,,,,,,,,,,,,,,,,,,,,,,,,,,,,,,,,,,,,,
,,,,,,,,,,,,,,,,,,,,,,,,,,,,,,,,,,,,,,,,,,,,,,,,,
BAZEGA,,,,,,,,,,,,,,,,,,,,,,,,,,,,,,,,,,,,,,,,,,,,,,,,,
,,2020,,,2021,,,2022,,,2023,,,2024,,,2025,,,2026,,,2027,,,2028,,,2029,,,2030,,,2031,,,2032,,,2033,,,2034,,,2035,,
, Ages,Ensemble,,,Ensemble,,,Ensemble,,,Ensemble,,,Ensemble,,,Ensemble,,,Ensemble,,,Ensemble,,,Ensemble,,,Ensemble,,,Ensemble,,,Ensemble,,,Ensemble,,,Ensemble,,,Ensemble,,,Ensemble,,
,,Homme ,Femme,Ensemble,Homme ,Femme,Ensemble,Homme ,Femme,Ensemble,Homme ,Femme,Ensemble,Homme ,Femme,Ensemble,Homme ,Femme,Ensemble,Homme ,Femme,Ensemble,Homme ,Femme,Ensemble,Homme ,Femme,Ensemble,Homme ,Femme,Ensemble,Homme ,Femme,Ensemble,Homme ,Femme,Ensemble,Homme ,Femme,Ensemble,Homme ,Femme,Ensemble,Homme ,Femme,Ensemble,Homme ,Femme,Ensemble
,0,  5 460   ,  5 064   ,  10 524   ,  5 444   ,  5 044   ,  10 488   ,  5 445   ,  5 043   ,  10 488   ,  5 440   ,  5 035   ,  10 475   ,  5 430   ,  5 023   ,  10 453   ,  5 421   ,  5 009   ,  10 430   ,  5 408   ,  4 992   ,  10 400   ,  5 397   ,  4 976   ,  10 373   ,  5 382   ,  4 956   ,  10 338   ,  5 380   ,  4 947   ,  10 327   ,  5 371   ,  4 930   ,  10 301   ,  5 420   ,  4 968   ,  10 388   ,  5 474   ,  5 009   ,  10 483   ,  5 529   ,  5 053   ,  10 582   ,  5 584   ,  5 097   ,  10 681   ,  5 637   ,  5 136   ,  10 773   
,1,  5 378   ,  5 016   ,  10 394   ,  5 314   ,  4 942   ,  10 256   ,  5 304   ,  4 926   ,  10 230   ,  5 311   ,  4 928   ,  10 239   ,  5 311   ,  4 924   ,  10 235   ,  5 308   ,  4 916   ,  10 224   ,  5 300   ,  4 901   ,  10 201   ,  5 294   ,  4 889   ,  10 183   ,  5 286   ,  4 875   ,  10 161   ,  5 293   ,  4 873   ,  10 166   ,  5 290   ,  4 861   ,  10 151   ,  5 285   ,  4 849   ,  10 134   ,  5 338   ,  4 891   ,  10 229   ,  5 395   ,  4 937   ,  10 332   ,  5 455   ,  4 984   ,  10 439   ,  5 515   ,  5 031   ,  10 546   
,2,  5 241   ,  4 925   ,  10 166   ,  5 299   ,  4 954   ,  10 253   ,  5 240   ,  4 884   ,  10 124   ,  5 234   ,  4 870   ,  10 104   ,  5 244   ,  4 875   ,  10 119   ,  5 249   ,  4 873   ,  10 122   ,  5 245   ,  4 862   ,  10 107   ,  5 240   ,  4 851   ,  10 091   ,  5 235   ,  4 840   ,  10 075   ,  5 246   ,  4 842   ,  10 088   ,  5 248   ,  4 835   ,  10 083   ,  5 249   ,  4 828   ,  10 077   ,  5 247   ,  4 819   ,  10 066   ,  5 302   ,  4 864   ,  10 166   ,  5 363   ,  4 912   ,  10 275   ,  5 425   ,  4 963   ,  10 388   
,3,  5 059   ,  4 792   ,  9 851   ,  5 153   ,  4 849   ,  10 002   ,  5 212   ,  4 878   ,  10 090   ,  5 157   ,  4 810   ,  9 967   ,  5 154   ,  4 798   ,  9 952   ,  5 166   ,  4 805   ,  9 971   ,  5 169   ,  4 801   ,  9 970   ,  5 168   ,  4 793   ,  9 961   ,  5 166   ,  4 783   ,  9 949   ,  5 177   ,  4 786   ,  9 963   ,  5 184   ,  4 783   ,  9 967   ,  5 189   ,  4 780   ,  9 969   ,  5 192   ,  4 775   ,  9 967   ,  5 193   ,  4 769   ,  9 962   ,  5 250   ,  4 816   ,  10 066   ,  5 313   ,  4 866   ,  10 179   
,4,  4 884   ,  4 656   ,  9 540   ,  4 985   ,  4 723   ,  9 708   ,  5 080   ,  4 780   ,  9 860   ,  5 142   ,  4 811   ,  9 953   ,  5 090   ,  4 745   ,  9 835   ,  5 089   ,  4 735   ,  9 824   ,  5 101   ,  4 738   ,  9 839   ,  5 106   ,  4 737   ,  9 843   ,  5 107   ,  4 731   ,  9 838   ,  5 120   ,  4 735   ,  9 855   ,  5 128   ,  4 734   ,  9 862   ,  5 136   ,  4 733   ,  9 869   ,  5 143   ,  4 732   ,  9 875   ,  5 149   ,  4 729   ,  9 878   ,  5 153   ,  4 726   ,  9 879   ,  5 212   ,  4 774   ,  9 986   
,5,  4 670   ,  4 482   ,  9 152   ,  4 818   ,  4 601   ,  9 419   ,  4 921   ,  4 667   ,  9 588   ,  5 017   ,  4 726   ,  9 743   ,  5 081   ,  4 757   ,  9 838   ,  5 032   ,  4 693   ,  9 725   ,  5 030   ,  4 681   ,  9 711   ,  5 043   ,  4 686   ,  9 729   ,  5 053   ,  4 688   ,  9 741   ,  5 067   ,  4 694   ,  9 761   ,  5 076   ,  4 693   ,  9 769   ,  5 086   ,  4 693   ,  9 779   ,  5 095   ,  4 696   ,  9 791   ,  5 106   ,  4 697   ,  9 803   ,  5 112   ,  4 697   ,  9 809   ,  5 119   ,  4 695   ,  9 814   
,6,  4 487   ,  4 320   ,  8 807   ,  4 629   ,  4 447   ,  9 076   ,  4 777   ,  4 567   ,  9 344   ,  4 882   ,  4 634   ,  9 516   ,  4 979   ,  4 693   ,  9 672   ,  5 045   ,  4 725   ,  9 770   ,  4 995   ,  4 659   ,  9 654   ,  4 994   ,  4 648   ,  9 642   ,  5 012   ,  4 658   ,  9 670   ,  5 034   ,  4 670   ,  9 704   ,  5 045   ,  4 671   ,  9 716   ,  5 054   ,  4 672   ,  9 726   ,  5 067   ,  4 675   ,  9 742   ,  5 079   ,  4 679   ,  9 758   ,  5 091   ,  4 682   ,  9 773   ,  5 101   ,  4 684   ,  9 785   
,7,  4 364   ,  4 203   ,  8 567   ,  4 449   ,  4 291   ,  8 740   ,  4 591   ,  4 419   ,  9 010   ,  4 741   ,  4 538   ,  9 279   ,  4 847   ,  4 607   ,  9 454   ,  4 946   ,  4 666   ,  9 612   ,  5 009   ,  4 695   ,  9 704   ,  4 963   ,  4 632   ,  9 595   ,  4 966   ,  4 625   ,  9 591   ,  4 996   ,  4 643   ,  9 639   ,  5 012   ,  4 651   ,  9 663   ,  5 025   ,  4 654   ,  9 679   ,  5 037   ,  4 657   ,  9 694   ,  5 051   ,  4 663   ,  9 714   ,  5 065   ,  4 668   ,  9 733   ,  5 080   ,  4 673   ,  9 753   
,8,  4 250   ,  4 086   ,  8 336   ,  4 305   ,  4 160   ,  8 465   ,  4 392   ,  4 248   ,  8 640   ,  4 535   ,  4 375   ,  8 910   ,  4 685   ,  4 494   ,  9 179   ,  4 790   ,  4 563   ,  9 353   ,  4 887   ,  4 618   ,  9 505   ,  4 952   ,  4 649   ,  9 601   ,  4 910   ,  4 590   ,  9 500   ,  4 925   ,  4 593   ,  9 518   ,  4 950   ,  4 608   ,  9 558   ,  4 968   ,  4 616   ,  9 584   ,  4 982   ,  4 622   ,  9 604   ,  4 996   ,  4 627   ,  9 623   ,  5 013   ,  4 633   ,  9 646   ,  5 029   ,  4 641   ,  9 670   
,9,  4 122   ,  3 957   ,  8 079   ,  4 224   ,  4 079   ,  8 303   ,  4 282   ,  4 153   ,  8 435   ,  4 370   ,  4 242   ,  8 612   ,  4 513   ,  4 369   ,  8 882   ,  4 664   ,  4 490   ,  9 154   ,  4 769   ,  4 555   ,  9 324   ,  4 867   ,  4 613   ,  9 480   ,  4 935   ,  4 647   ,  9 582   ,  4 904   ,  4 597   ,  9 501   ,  4 915   ,  4 595   ,  9 510   ,  4 941   ,  4 611   ,  9 552   ,  4 961   ,  4 622   ,  9 583   ,  4 978   ,  4 629   ,  9 607   ,  4 993   ,  4 636   ,  9 629   ,  5 011   ,  4 645   ,  9 656   
,10,  3 913   ,  3 781   ,  7 694   ,  4 051   ,  3 934   ,  7 985   ,  4 153   ,  4 056   ,  8 209   ,  4 212   ,  4 130   ,  8 342   ,  4 299   ,  4 221   ,  8 520   ,  4 443   ,  4 348   ,  8 791   ,  4 590   ,  4 465   ,  9 055   ,  4 695   ,  4 531   ,  9 226   ,  4 797   ,  4 593   ,  9 390   ,  4 876   ,  4 637   ,  9 513   ,  4 840   ,  4 583   ,  9 423   ,  4 852   ,  4 582   ,  9 434   ,  4 880   ,  4 600   ,  9 480   ,  4 902   ,  4 613   ,  9 515   ,  4 920   ,  4 622   ,  9 542   ,  4 937   ,  4 630   ,  9 567   
,11,  3 781   ,  3 656   ,  7 437   ,  3 873   ,  3 755   ,  7 628   ,  4 013   ,  3 909   ,  7 922   ,  4 115   ,  4 030   ,  8 145   ,  4 175   ,  4 105   ,  8 280   ,  4 263   ,  4 195   ,  8 458   ,  4 404   ,  4 319   ,  8 723   ,  4 552   ,  4 437   ,  8 989   ,  4 662   ,  4 508   ,  9 170   ,  4 773   ,  4 577   ,  9 350   ,  4 847   ,  4 617   ,  9 464   ,  4 812   ,  4 564   ,  9 376   ,  4 826   ,  4 565   ,  9 391   ,  4 856   ,  4 585   ,  9 441   ,  4 879   ,  4 599   ,  9 478   ,  4 899   ,  4 609   ,  9 508   
,12,  3 669   ,  3 545   ,  7 214   ,  3 781   ,  3 648   ,  7 429   ,  3 875   ,  3 747   ,  7 622   ,  4 016   ,  3 901   ,  7 917   ,  4 120   ,  4 022   ,  8 142   ,  4 182   ,  4 097   ,  8 279   ,  4 269   ,  4 185   ,  8 454   ,  4 410   ,  4 310   ,  8 720   ,  4 567   ,  4 434   ,  9 001   ,  4 685   ,  4 511   ,  9 196   ,  4 792   ,  4 576   ,  9 368   ,  4 867   ,  4 617   ,  9 484   ,  4 834   ,  4 567   ,  9 401   ,  4 850   ,  4 569   ,  9 419   ,  4 881   ,  4 591   ,  9 472   ,  4 908   ,  4 607   ,  9 515   
,13,  3 517   ,  3 422   ,  6 939   ,  3 682   ,  3 566   ,  7 248   ,  3 797   ,  3 669   ,  7 466   ,  3 894   ,  3 770   ,  7 664   ,  4 037   ,  3 925   ,  7 962   ,  4 144   ,  4 048   ,  8 192   ,  4 204   ,  4 121   ,  8 325   ,  4 292   ,  4 210   ,  8 502   ,  4 445   ,  4 342   ,  8 787   ,  4 608   ,  4 472   ,  9 080   ,  4 723   ,  4 547   ,  9 270   ,  4 831   ,  4 614   ,  9 445   ,  4 909   ,  4 656   ,  9 565   ,  4 879   ,  4 607   ,  9 486   ,  4 896   ,  4 612   ,  9 508   ,  4 930   ,  4 635   ,  9 565   
,14,  3 344   ,  3 268   ,  6 612   ,  3 476   ,  3 360   ,  6 836   ,  3 641   ,  3 502   ,  7 143   ,  3 756   ,  3 604   ,  7 360   ,  3 852   ,  3 702   ,  7 554   ,  3 996   ,  3 856   ,  7 852   ,  4 100   ,  3 974   ,  8 074   ,  4 161   ,  4 047   ,  8 208   ,  4 258   ,  4 141   ,  8 399   ,  4 413   ,  4 276   ,  8 689   ,  4 571   ,  4 400   ,  8 971   ,  4 687   ,  4 475   ,  9 162   ,  4 796   ,  4 542   ,  9 338   ,  4 875   ,  4 586   ,  9 461   ,  4 846   ,  4 539   ,  9 385   ,  4 866   ,  4 545   ,  9 411   
,15,  3 259   ,  3 263   ,  6 522   ,  3 415   ,  3 344   ,  6 759   ,  3 551   ,  3 440   ,  6 991   ,  3 722   ,  3 584   ,  7 306   ,  3 841   ,  3 689   ,  7 530   ,  3 941   ,  3 791   ,  7 732   ,  4 087   ,  3 945   ,  8 032   ,  4 195   ,  4 067   ,  8 262   ,  4 267   ,  4 151   ,  8 418   ,  4 371   ,  4 253   ,  8 624   ,  4 527   ,  4 387   ,  8 914   ,  4 690   ,  4 516   ,  9 206   ,  4 811   ,  4 595   ,  9 406   ,  4 925   ,  4 665   ,  9 590   ,  5 009   ,  4 713   ,  9 722   ,  4 981   ,  4 665   ,  9 646   
,16,  3 096   ,  3 142   ,  6 238   ,  3 300   ,  3 239   ,  6 539   ,  3 459   ,  3 320   ,  6 779   ,  3 599   ,  3 415   ,  7 014   ,  3 773   ,  3 559   ,  7 332   ,  3 895   ,  3 663   ,  7 558   ,  3 995   ,  3 763   ,  7 758   ,  4 145   ,  3 916   ,  8 061   ,  4 265   ,  4 047   ,  8 312   ,  4 341   ,  4 131   ,  8 472   ,  4 443   ,  4 228   ,  8 671   ,  4 603   ,  4 363   ,  8 966   ,  4 771   ,  4 493   ,  9 264   ,  4 895   ,  4 573   ,  9 468   ,  5 014   ,  4 645   ,  9 659   ,  5 101   ,  4 692   ,  9 793   
,17,  2 936   ,  3 012   ,  5 948   ,  3 066   ,  3 019   ,  6 085   ,  3 269   ,  3 113   ,  6 382   ,  3 428   ,  3 191   ,  6 619   ,  3 568   ,  3 283   ,  6 851   ,  3 742   ,  3 422   ,  7 164   ,  3 863   ,  3 520   ,  7 383   ,  3 964   ,  3 615   ,  7 579   ,  4 122   ,  3 772   ,  7 894   ,  4 243   ,  3 899   ,  8 142   ,  4 316   ,  3 978   ,  8 294   ,  4 418   ,  4 072   ,  8 490   ,  4 579   ,  4 204   ,  8 783   ,  4 748   ,  4 330   ,  9 078   ,  4 875   ,  4 408   ,  9 283   ,  4 995   ,  4 479   ,  9 474   
,18,  2 617   ,  2 806   ,  5 423   ,  2 681   ,  2 731   ,  5 412   ,  2 800   ,  2 738   ,  5 538   ,  2 987   ,  2 823   ,  5 810   ,  3 134   ,  2 895   ,  6 029   ,  3 263   ,  2 978   ,  6 241   ,  3 422   ,  3 103   ,  6 525   ,  3 532   ,  3 193   ,  6 725   ,  3 633   ,  3 288   ,  6 921   ,  3 780   ,  3 431   ,  7 211   ,  3 888   ,  3 544   ,  7 432   ,  3 956   ,  3 616   ,  7 572   ,  4 051   ,  3 703   ,  7 754   ,  4 200   ,  3 824   ,  8 024   ,  4 358   ,  3 941   ,  8 299   ,  4 475   ,  4 012   ,  8 487   
,19,  2 378   ,  2 691   ,  5 069   ,  2 455   ,  2 668   ,  5 123   ,  2 516   ,  2 598   ,  5 114   ,  2 629   ,  2 605   ,  5 234   ,  2 806   ,  2 685   ,  5 491   ,  2 946   ,  2 755   ,  5 701   ,  3 066   ,  2 832   ,  5 898   ,  3 217   ,  2 951   ,  6 168   ,  3 328   ,  3 045   ,  6 373   ,  3 426   ,  3 136   ,  6 562   ,  3 562   ,  3 270   ,  6 832   ,  3 665   ,  3 379   ,  7 044   ,  3 731   ,  3 449   ,  7 180   ,  3 822   ,  3 533   ,  7 355   ,  3 964   ,  3 650   ,  7 614   ,  4 115   ,  3 762   ,  7 877   
,20,  2 144   ,  2 511   ,  4 655   ,  2 235   ,  2 572   ,  4 807   ,  2 308   ,  2 551   ,  4 859   ,  2 365   ,  2 484   ,  4 849   ,  2 473   ,  2 491   ,  4 964   ,  2 641   ,  2 569   ,  5 210   ,  2 773   ,  2 632   ,  5 405   ,  2 887   ,  2 708   ,  5 595   ,  3 037   ,  2 830   ,  5 867   ,  3 145   ,  2 919   ,  6 064   ,  3 235   ,  3 004   ,  6 239   ,  3 365   ,  3 135   ,  6 500   ,  3 464   ,  3 239   ,  6 703   ,  3 527   ,  3 308   ,  6 835   ,  3 615   ,  3 390   ,  7 005   ,  3 752   ,  3 503   ,  7 255   
,21,  1 941   ,  2 344   ,  4 285   ,  2 008   ,  2 413   ,  4 421   ,  2 095   ,  2 471   ,  4 566   ,  2 164   ,  2 452   ,  4 616   ,  2 219   ,  2 387   ,  4 606   ,  2 322   ,  2 395   ,  4 717   ,  2 479   ,  2 469   ,  4 948   ,  2 604   ,  2 531   ,  5 135   ,  2 720   ,  2 611   ,  5 331   ,  2 862   ,  2 728   ,  5 590   ,  2 962   ,  2 812   ,  5 774   ,  3 048   ,  2 895   ,  5 943   ,  3 171   ,  3 022   ,  6 193   ,  3 267   ,  3 124   ,  6 391   ,  3 328   ,  3 192   ,  6 520   ,  3 413   ,  3 272   ,  6 685   
,22,  1 754   ,  2 163   ,  3 917   ,  1 831   ,  2 281   ,  4 112   ,  1 895   ,  2 349   ,  4 244   ,  1 979   ,  2 406   ,  4 385   ,  2 045   ,  2 388   ,  4 433   ,  2 099   ,  2 326   ,  4 425   ,  2 195   ,  2 331   ,  4 526   ,  2 346   ,  2 404   ,  4 750   ,  2 471   ,  2 471   ,  4 942   ,  2 581   ,  2 548   ,  5 129   ,  2 716   ,  2 660   ,  5 376   ,  2 812   ,  2 744   ,  5 556   ,  2 895   ,  2 826   ,  5 721   ,  3 015   ,  2 950   ,  5 965   ,  3 106   ,  3 051   ,  6 157   ,  3 166   ,  3 118   ,  6 284   
,23,  1 606   ,  2 030   ,  3 636   ,  1 684   ,  2 153   ,  3 837   ,  1 760   ,  2 273   ,  4 033   ,  1 823   ,  2 340   ,  4 163   ,  1 904   ,  2 398   ,  4 302   ,  1 969   ,  2 379   ,  4 348   ,  2 021   ,  2 316   ,  4 337   ,  2 115   ,  2 322   ,  4 437   ,  2 269   ,  2 403   ,  4 672   ,  2 391   ,  2 470   ,  4 861   ,  2 497   ,  2 546   ,  5 043   ,  2 627   ,  2 659   ,  5 286   ,  2 722   ,  2 744   ,  5 466   ,  2 804   ,  2 827   ,  5 631   ,  2 922   ,  2 953   ,  5 875   ,  3 012   ,  3 055   ,  6 067   
,24,  1 491   ,  1 900   ,  3 391   ,  1 532   ,  1 961   ,  3 493   ,  1 608   ,  2 082   ,  3 690   ,  1 681   ,  2 198   ,  3 879   ,  1 743   ,  2 263   ,  4 006   ,  1 821   ,  2 319   ,  4 140   ,  1 884   ,  2 300   ,  4 184   ,  1 934   ,  2 239   ,  4 173   ,  2 031   ,  2 254   ,  4 285   ,  2 179   ,  2 330   ,  4 509   ,  2 295   ,  2 393   ,  4 688   ,  2 398   ,  2 468   ,  4 866   ,  2 525   ,  2 578   ,  5 103   ,  2 618   ,  2 661   ,  5 279   ,  2 698   ,  2 743   ,  5 441   ,  2 813   ,  2 866   ,  5 679   
,25,  1 428   ,  1 849   ,  3 277   ,  1 438   ,  1 874   ,  3 312   ,  1 479   ,  1 935   ,  3 414   ,  1 554   ,  2 054   ,  3 608   ,  1 626   ,  2 169   ,  3 795   ,  1 687   ,  2 235   ,  3 922   ,  1 763   ,  2 289   ,  4 052   ,  1 824   ,  2 271   ,  4 095   ,  1 879   ,  2 218   ,  4 097   ,  1 973   ,  2 230   ,  4 203   ,  2 116   ,  2 305   ,  4 421   ,  2 231   ,  2 367   ,  4 598   ,  2 332   ,  2 442   ,  4 774   ,  2 458   ,  2 553   ,  5 011   ,  2 549   ,  2 637   ,  5 186   ,  2 629   ,  2 718   ,  5 347   
,26,  1 387   ,  1 816   ,  3 203   ,  1 391   ,  1 831   ,  3 222   ,  1 402   ,  1 857   ,  3 259   ,  1 442   ,  1 918   ,  3 360   ,  1 517   ,  2 037   ,  3 554   ,  1 588   ,  2 151   ,  3 739   ,  1 647   ,  2 216   ,  3 863   ,  1 724   ,  2 269   ,  3 993   ,  1 789   ,  2 259   ,  4 048   ,  1 843   ,  2 205   ,  4 048   ,  1 935   ,  2 216   ,  4 151   ,  2 076   ,  2 291   ,  4 367   ,  2 191   ,  2 355   ,  4 546   ,  2 292   ,  2 430   ,  4 722   ,  2 416   ,  2 541   ,  4 957   ,  2 507   ,  2 625   ,  5 132   
,27,  1 371   ,  1 817   ,  3 188   ,  1 360   ,  1 810   ,  3 170   ,  1 365   ,  1 826   ,  3 191   ,  1 376   ,  1 852   ,  3 228   ,  1 417   ,  1 912   ,  3 329   ,  1 492   ,  2 031   ,  3 523   ,  1 561   ,  2 145   ,  3 706   ,  1 622   ,  2 209   ,  3 831   ,  1 701   ,  2 272   ,  3 973   ,  1 767   ,  2 260   ,  4 027   ,  1 819   ,  2 205   ,  4 024   ,  1 911   ,  2 216   ,  4 127   ,  2 053   ,  2 292   ,  4 345   ,  2 166   ,  2 357   ,  4 523   ,  2 268   ,  2 433   ,  4 701   ,  2 394   ,  2 546   ,  4 940   
,28,  1 392   ,  1 904   ,  3 296   ,  1 337   ,  1 845   ,  3 182   ,  1 327   ,  1 839   ,  3 166   ,  1 332   ,  1 855   ,  3 187   ,  1 344   ,  1 882   ,  3 226   ,  1 385   ,  1 945   ,  3 330   ,  1 457   ,  2 065   ,  3 522   ,  1 529   ,  2 182   ,  3 711   ,  1 591   ,  2 255   ,  3 846   ,  1 670   ,  2 316   ,  3 986   ,  1 734   ,  2 303   ,  4 037   ,  1 786   ,  2 248   ,  4 034   ,  1 878   ,  2 260   ,  4 138   ,  2 018   ,  2 339   ,  4 357   ,  2 132   ,  2 407   ,  4 539   ,  2 233   ,  2 486   ,  4 719   
,29,  1 419   ,  1 948   ,  3 367   ,  1 389   ,  1 936   ,  3 325   ,  1 334   ,  1 877   ,  3 211   ,  1 325   ,  1 872   ,  3 197   ,  1 331   ,  1 889   ,  3 220   ,  1 344   ,  1 916   ,  3 260   ,  1 384   ,  1 979   ,  3 363   ,  1 458   ,  2 102   ,  3 560   ,  1 534   ,  2 229   ,  3 763   ,  1 597   ,  2 303   ,  3 900   ,  1 677   ,  2 364   ,  4 041   ,  1 741   ,  2 351   ,  4 092   ,  1 796   ,  2 295   ,  4 091   ,  1 889   ,  2 309   ,  4 198   ,  2 033   ,  2 391   ,  4 424   ,  2 148   ,  2 461   ,  4 609   
,30,  1 406   ,  1 934   ,  3 340   ,  1 412   ,  1 985   ,  3 397   ,  1 382   ,  1 973   ,  3 355   ,  1 328   ,  1 913   ,  3 241   ,  1 319   ,  1 907   ,  3 226   ,  1 325   ,  1 925   ,  3 250   ,  1 338   ,  1 952   ,  3 290   ,  1 380   ,  2 017   ,  3 397   ,  1 459   ,  2 152   ,  3 611   ,  1 535   ,  2 279   ,  3 814   ,  1 599   ,  2 354   ,  3 953   ,  1 679   ,  2 418   ,  4 097   ,  1 745   ,  2 406   ,  4 151   ,  1 799   ,  2 350   ,  4 149   ,  1 895   ,  2 364   ,  4 259   ,  2 040   ,  2 449   ,  4 489   
,31,  1 401   ,  1 898   ,  3 299   ,  1 398   ,  1 949   ,  3 347   ,  1 404   ,  2 001   ,  3 405   ,  1 375   ,  1 990   ,  3 365   ,  1 322   ,  1 930   ,  3 252   ,  1 314   ,  1 924   ,  3 238   ,  1 320   ,  1 942   ,  3 262   ,  1 334   ,  1 970   ,  3 304   ,  1 380   ,  2 045   ,  3 425   ,  1 460   ,  2 177   ,  3 637   ,  1 536   ,  2 305   ,  3 841   ,  1 599   ,  2 381   ,  3 980   ,  1 681   ,  2 447   ,  4 128   ,  1 749   ,  2 436   ,  4 185   ,  1 804   ,  2 380   ,  4 184   ,  1 902   ,  2 397   ,  4 299   
,32,  1 362   ,  1 860   ,  3 222   ,  1 381   ,  1 941   ,  3 322   ,  1 379   ,  1 992   ,  3 371   ,  1 386   ,  2 047   ,  3 433   ,  1 357   ,  2 036   ,  3 393   ,  1 306   ,  1 975   ,  3 281   ,  1 297   ,  1 968   ,  3 265   ,  1 304   ,  1 987   ,  3 291   ,  1 323   ,  2 025   ,  3 348   ,  1 369   ,  2 098   ,  3 467   ,  1 448   ,  2 234   ,  3 682   ,  1 523   ,  2 366   ,  3 889   ,  1 588   ,  2 445   ,  4 033   ,  1 670   ,  2 513   ,  4 183   ,  1 738   ,  2 503   ,  4 241   ,  1 795   ,  2 446   ,  4 241   
,33,  1 317   ,  1 777   ,  3 094   ,  1 379   ,  1 923   ,  3 302   ,  1 399   ,  2 007   ,  3 406   ,  1 398   ,  2 062   ,  3 460   ,  1 405   ,  2 118   ,  3 523   ,  1 377   ,  2 107   ,  3 484   ,  1 324   ,  2 043   ,  3 367   ,  1 317   ,  2 036   ,  3 353   ,  1 331   ,  2 068   ,  3 399   ,  1 348   ,  2 104   ,  3 452   ,  1 395   ,  2 178   ,  3 573   ,  1 476   ,  2 320   ,  3 796   ,  1 554   ,  2 458   ,  4 012   ,  1 620   ,  2 541   ,  4 161   ,  1 706   ,  2 613   ,  4 319   ,  1 776   ,  2 605   ,  4 381   
,34,  1 255   ,  1 686   ,  2 941   ,  1 287   ,  1 780   ,  3 067   ,  1 349   ,  1 927   ,  3 276   ,  1 368   ,  2 012   ,  3 380   ,  1 368   ,  2 067   ,  3 435   ,  1 376   ,  2 124   ,  3 500   ,  1 349   ,  2 112   ,  3 461   ,  1 297   ,  2 049   ,  3 346   ,  1 297   ,  2 054   ,  3 351   ,  1 308   ,  2 078   ,  3 386   ,  1 325   ,  2 113   ,  3 438   ,  1 371   ,  2 190   ,  3 561   ,  1 451   ,  2 334   ,  3 785   ,  1 529   ,  2 474   ,  4 003   ,  1 597   ,  2 558   ,  4 155   ,  1 681   ,  2 632   ,  4 313   
,35,  1 233   ,  1 652   ,  2 885   ,  1 243   ,  1 682   ,  2 925   ,  1 276   ,  1 776   ,  3 052   ,  1 339   ,  1 924   ,  3 263   ,  1 360   ,  2 009   ,  3 369   ,  1 361   ,  2 065   ,  3 426   ,  1 368   ,  2 120   ,  3 488   ,  1 341   ,  2 110   ,  3 451   ,  1 296   ,  2 057   ,  3 353   ,  1 293   ,  2 056   ,  3 349   ,  1 303   ,  2 081   ,  3 384   ,  1 321   ,  2 116   ,  3 437   ,  1 367   ,  2 194   ,  3 561   ,  1 449   ,  2 339   ,  3 788   ,  1 528   ,  2 481   ,  4 009   ,  1 596   ,  2 567   ,  4 163   
,36,  1 188   ,  1 605   ,  2 793   ,  1 218   ,  1 657   ,  2 875   ,  1 227   ,  1 689   ,  2 916   ,  1 261   ,  1 783   ,  3 044   ,  1 324   ,  1 932   ,  3 256   ,  1 345   ,  2 018   ,  3 363   ,  1 346   ,  2 074   ,  3 420   ,  1 354   ,  2 130   ,  3 484   ,  1 335   ,  2 130   ,  3 465   ,  1 286   ,  2 072   ,  3 358   ,  1 282   ,  2 070   ,  3 352   ,  1 294   ,  2 095   ,  3 389   ,  1 311   ,  2 131   ,  3 442   ,  1 359   ,  2 210   ,  3 569   ,  1 441   ,  2 358   ,  3 799   ,  1 520   ,  2 502   ,  4 022   
,37,  1 175   ,  1 595   ,  2 770   ,  1 176   ,  1 602   ,  2 778   ,  1 205   ,  1 656   ,  2 861   ,  1 217   ,  1 687   ,  2 904   ,  1 250   ,  1 782   ,  3 032   ,  1 314   ,  1 932   ,  3 246   ,  1 335   ,  2 017   ,  3 352   ,  1 337   ,  2 073   ,  3 410   ,  1 352   ,  2 141   ,  3 493   ,  1 329   ,  2 135   ,  3 464   ,  1 281   ,  2 076   ,  3 357   ,  1 277   ,  2 075   ,  3 352   ,  1 288   ,  2 100   ,  3 388   ,  1 307   ,  2 139   ,  3 446   ,  1 355   ,  2 219   ,  3 574   ,  1 438   ,  2 368   ,  3 806   
,38,  1 179   ,  1 604   ,  2 783   ,  1 161   ,  1 591   ,  2 752   ,  1 162   ,  1 598   ,  2 760   ,  1 193   ,  1 652   ,  2 845   ,  1 204   ,  1 684   ,  2 888   ,  1 240   ,  1 779   ,  3 019   ,  1 302   ,  1 928   ,  3 230   ,  1 325   ,  2 014   ,  3 339   ,  1 331   ,  2 079   ,  3 410   ,  1 344   ,  2 141   ,  3 485   ,  1 321   ,  2 135   ,  3 456   ,  1 273   ,  2 076   ,  3 349   ,  1 270   ,  2 077   ,  3 347   ,  1 282   ,  2 104   ,  3 386   ,  1 302   ,  2 143   ,  3 445   ,  1 350   ,  2 224   ,  3 574   
,39,  1 174   ,  1 587   ,  2 761   ,  1 186   ,  1 617   ,  2 803   ,  1 168   ,  1 604   ,  2 772   ,  1 171   ,  1 612   ,  2 783   ,  1 203   ,  1 667   ,  2 870   ,  1 215   ,  1 700   ,  2 915   ,  1 251   ,  1 795   ,  3 046   ,  1 315   ,  1 947   ,  3 262   ,  1 342   ,  2 041   ,  3 383   ,  1 348   ,  2 105   ,  3 453   ,  1 360   ,  2 166   ,  3 526   ,  1 337   ,  2 161   ,  3 498   ,  1 290   ,  2 102   ,  3 392   ,  1 287   ,  2 104   ,  3 391   ,  1 301   ,  2 132   ,  3 433   ,  1 320   ,  2 173   ,  3 493   
,40,  1 124   ,  1 516   ,  2 640   ,  1 158   ,  1 580   ,  2 738   ,  1 170   ,  1 611   ,  2 781   ,  1 153   ,  1 598   ,  2 751   ,  1 157   ,  1 607   ,  2 764   ,  1 188   ,  1 661   ,  2 849   ,  1 200   ,  1 693   ,  2 893   ,  1 237   ,  1 788   ,  3 025   ,  1 306   ,  1 948   ,  3 254   ,  1 332   ,  2 041   ,  3 373   ,  1 337   ,  2 102   ,  3 439   ,  1 349   ,  2 166   ,  3 515   ,  1 328   ,  2 160   ,  3 488   ,  1 280   ,  2 102   ,  3 382   ,  1 278   ,  2 105   ,  3 383   ,  1 293   ,  2 134   ,  3 427   
,41,  1 091   ,  1 461   ,  2 552   ,  1 113   ,  1 512   ,  2 625   ,  1 147   ,  1 577   ,  2 724   ,  1 160   ,  1 608   ,  2 768   ,  1 145   ,  1 595   ,  2 740   ,  1 148   ,  1 604   ,  2 752   ,  1 180   ,  1 658   ,  2 838   ,  1 193   ,  1 690   ,  2 883   ,  1 234   ,  1 794   ,  3 028   ,  1 302   ,  1 950   ,  3 252   ,  1 328   ,  2 041   ,  3 369   ,  1 333   ,  2 104   ,  3 437   ,  1 347   ,  2 169   ,  3 516   ,  1 325   ,  2 165   ,  3 490   ,  1 279   ,  2 108   ,  3 387   ,  1 277   ,  2 111   ,  3 388   
,42,  1 051   ,  1 370   ,  2 421   ,  1 094   ,  1 451   ,  2 545   ,  1 118   ,  1 504   ,  2 622   ,  1 154   ,  1 568   ,  2 722   ,  1 167   ,  1 599   ,  2 766   ,  1 152   ,  1 586   ,  2 738   ,  1 155   ,  1 594   ,  2 749   ,  1 188   ,  1 649   ,  2 837   ,  1 206   ,  1 689   ,  2 895   ,  1 246   ,  1 789   ,  3 035   ,  1 315   ,  1 945   ,  3 260   ,  1 341   ,  2 037   ,  3 378   ,  1 348   ,  2 100   ,  3 448   ,  1 362   ,  2 165   ,  3 527   ,  1 341   ,  2 162   ,  3 503   ,  1 294   ,  2 106   ,  3 400   
,43,  973   ,  1 240   ,  2 213   ,  1 053   ,  1 377   ,  2 430   ,  1 098   ,  1 459   ,  2 557   ,  1 122   ,  1 511   ,  2 633   ,  1 159   ,  1 576   ,  2 735   ,  1 173   ,  1 608   ,  2 781   ,  1 158   ,  1 594   ,  2 752   ,  1 162   ,  1 603   ,  2 765   ,  1 201   ,  1 666   ,  2 867   ,  1 217   ,  1 705   ,  2 922   ,  1 258   ,  1 805   ,  3 063   ,  1 328   ,  1 962   ,  3 290   ,  1 355   ,  2 056   ,  3 411   ,  1 362   ,  2 121   ,  3 483   ,  1 377   ,  2 188   ,  3 565   ,  1 356   ,  2 186   ,  3 542   
,44,  898   ,  1 134   ,  2 032   ,  952   ,  1 225   ,  2 177   ,  1 031   ,  1 361   ,  2 392   ,  1 076   ,  1 442   ,  2 518   ,  1 101   ,  1 495   ,  2 596   ,  1 138   ,  1 559   ,  2 697   ,  1 152   ,  1 590   ,  2 742   ,  1 137   ,  1 577   ,  2 714   ,  1 147   ,  1 595   ,  2 742   ,  1 183   ,  1 653   ,  2 836   ,  1 199   ,  1 690   ,  2 889   ,  1 240   ,  1 789   ,  3 029   ,  1 309   ,  1 946   ,  3 255   ,  1 337   ,  2 040   ,  3 377   ,  1 345   ,  2 106   ,  3 451   ,  1 361   ,  2 173   ,  3 534   
,45,  871   ,  1 107   ,  1 978   ,  897   ,  1 145   ,  2 042   ,  952   ,  1 236   ,  2 188   ,  1 032   ,  1 373   ,  2 405   ,  1 078   ,  1 455   ,  2 533   ,  1 103   ,  1 509   ,  2 612   ,  1 140   ,  1 573   ,  2 713   ,  1 155   ,  1 605   ,  2 760   ,  1 146   ,  1 600   ,  2 746   ,  1 153   ,  1 614   ,  2 767   ,  1 190   ,  1 672   ,  2 862   ,  1 207   ,  1 710   ,  2 917   ,  1 248   ,  1 811   ,  3 059   ,  1 319   ,  1 972   ,  3 291   ,  1 348   ,  2 068   ,  3 416   ,  1 356   ,  2 136   ,  3 492   
,46,  823   ,  1 054   ,  1 877   ,  857   ,  1 098   ,  1 955   ,  883   ,  1 134   ,  2 017   ,  938   ,  1 226   ,  2 164   ,  1 018   ,  1 363   ,  2 381   ,  1 064   ,  1 445   ,  2 509   ,  1 090   ,  1 497   ,  2 587   ,  1 126   ,  1 562   ,  2 688   ,  1 146   ,  1 601   ,  2 747   ,  1 135   ,  1 594   ,  2 729   ,  1 143   ,  1 606   ,  2 749   ,  1 179   ,  1 664   ,  2 843   ,  1 196   ,  1 702   ,  2 898   ,  1 237   ,  1 805   ,  3 042   ,  1 309   ,  1 965   ,  3 274   ,  1 338   ,  2 062   ,  3 400   
,47,  813   ,  1 062   ,  1 875   ,  823   ,  1 072   ,  1 895   ,  857   ,  1 116   ,  1 973   ,  884   ,  1 155   ,  2 039   ,  940   ,  1 248   ,  2 188   ,  1 021   ,  1 388   ,  2 409   ,  1 067   ,  1 470   ,  2 537   ,  1 093   ,  1 524   ,  2 617   ,  1 135   ,  1 597   ,  2 732   ,  1 153   ,  1 634   ,  2 787   ,  1 142   ,  1 625   ,  2 767   ,  1 150   ,  1 638   ,  2 788   ,  1 187   ,  1 700   ,  2 887   ,  1 205   ,  1 738   ,  2 943   ,  1 248   ,  1 844   ,  3 092   ,  1 320   ,  2 009   ,  3 329   
,48,  817   ,  1 100   ,  1 917   ,  814   ,  1 078   ,  1 892   ,  826   ,  1 088   ,  1 914   ,  861   ,  1 135   ,  1 996   ,  888   ,  1 174   ,  2 062   ,  945   ,  1 269   ,  2 214   ,  1 027   ,  1 410   ,  2 437   ,  1 074   ,  1 495   ,  2 569   ,  1 105   ,  1 556   ,  2 661   ,  1 145   ,  1 628   ,  2 773   ,  1 164   ,  1 665   ,  2 829   ,  1 153   ,  1 656   ,  2 809   ,  1 160   ,  1 670   ,  2 830   ,  1 199   ,  1 733   ,  2 932   ,  1 217   ,  1 775   ,  2 992   ,  1 262   ,  1 883   ,  3 145   
,49,  800   ,  1 108   ,  1 908   ,  810   ,  1 105   ,  1 915   ,  809   ,  1 084   ,  1 893   ,  821   ,  1 094   ,  1 915   ,  856   ,  1 141   ,  1 997   ,  884   ,  1 181   ,  2 065   ,  941   ,  1 276   ,  2 217   ,  1 023   ,  1 418   ,  2 441   ,  1 074   ,  1 510   ,  2 584   ,  1 104   ,  1 570   ,  2 674   ,  1 144   ,  1 641   ,  2 785   ,  1 163   ,  1 679   ,  2 842   ,  1 152   ,  1 671   ,  2 823   ,  1 161   ,  1 686   ,  2 847   ,  1 200   ,  1 750   ,  2 950   ,  1 220   ,  1 794   ,  3 014   
,50,  783   ,  1 084   ,  1 867   ,  794   ,  1 103   ,  1 897   ,  804   ,  1 102   ,  1 906   ,  803   ,  1 080   ,  1 883   ,  815   ,  1 092   ,  1 907   ,  850   ,  1 138   ,  1 988   ,  879   ,  1 177   ,  2 056   ,  935   ,  1 272   ,  2 207   ,  1 021   ,  1 420   ,  2 441   ,  1 071   ,  1 510   ,  2 581   ,  1 101   ,  1 570   ,  2 671   ,  1 142   ,  1 642   ,  2 784   ,  1 161   ,  1 680   ,  2 841   ,  1 150   ,  1 673   ,  2 823   ,  1 160   ,  1 689   ,  2 849   ,  1 200   ,  1 754   ,  2 954   
,51,  780   ,  1 078   ,  1 858   ,  782   ,  1 088   ,  1 870   ,  792   ,  1 107   ,  1 899   ,  803   ,  1 107   ,  1 910   ,  803   ,  1 085   ,  1 888   ,  816   ,  1 097   ,  1 913   ,  852   ,  1 143   ,  1 995   ,  879   ,  1 182   ,  2 061   ,  939   ,  1 284   ,  2 223   ,  1 025   ,  1 432   ,  2 457   ,  1 075   ,  1 521   ,  2 596   ,  1 106   ,  1 582   ,  2 688   ,  1 148   ,  1 655   ,  2 803   ,  1 168   ,  1 694   ,  2 862   ,  1 158   ,  1 688   ,  2 846   ,  1 168   ,  1 705   ,  2 873   
,52,  755   ,  1 029   ,  1 784   ,  765   ,  1 053   ,  1 818   ,  766   ,  1 064   ,  1 830   ,  777   ,  1 083   ,  1 860   ,  789   ,  1 083   ,  1 872   ,  789   ,  1 062   ,  1 851   ,  801   ,  1 072   ,  1 873   ,  837   ,  1 117   ,  1 954   ,  868   ,  1 162   ,  2 030   ,  926   ,  1 260   ,  2 186   ,  1 011   ,  1 405   ,  2 416   ,  1 061   ,  1 493   ,  2 554   ,  1 091   ,  1 552   ,  2 643   ,  1 133   ,  1 625   ,  2 758   ,  1 154   ,  1 664   ,  2 818   ,  1 144   ,  1 658   ,  2 802   
,53,  692   ,  914   ,  1 606   ,  751   ,  1 014   ,  1 765   ,  762   ,  1 039   ,  1 801   ,  764   ,  1 050   ,  1 814   ,  775   ,  1 069   ,  1 844   ,  787   ,  1 068   ,  1 855   ,  787   ,  1 047   ,  1 834   ,  799   ,  1 057   ,  1 856   ,  839   ,  1 110   ,  1 949   ,  870   ,  1 152   ,  2 022   ,  929   ,  1 248   ,  2 177   ,  1 014   ,  1 390   ,  2 404   ,  1 065   ,  1 479   ,  2 544   ,  1 096   ,  1 539   ,  2 635   ,  1 139   ,  1 611   ,  2 750   ,  1 160   ,  1 651   ,  2 811   
,54,  647   ,  823   ,  1 470   ,  688   ,  896   ,  1 584   ,  747   ,  995   ,  1 742   ,  759   ,  1 018   ,  1 777   ,  762   ,  1 029   ,  1 791   ,  773   ,  1 048   ,  1 821   ,  785   ,  1 047   ,  1 832   ,  786   ,  1 026   ,  1 812   ,  801   ,  1 043   ,  1 844   ,  839   ,  1 091   ,  1 930   ,  870   ,  1 131   ,  2 001   ,  930   ,  1 226   ,  2 156   ,  1 016   ,  1 368   ,  2 384   ,  1 067   ,  1 454   ,  2 521   ,  1 099   ,  1 514   ,  2 613   ,  1 143   ,  1 587   ,  2 730   
,55,  636   ,  805   ,  1 441   ,  638   ,  811   ,  1 449   ,  678   ,  883   ,  1 561   ,  737   ,  980   ,  1 717   ,  749   ,  1 004   ,  1 753   ,  752   ,  1 016   ,  1 768   ,  764   ,  1 034   ,  1 798   ,  776   ,  1 032   ,  1 808   ,  779   ,  1 019   ,  1 798   ,  794   ,  1 032   ,  1 826   ,  832   ,  1 078   ,  1 910   ,  862   ,  1 119   ,  1 981   ,  922   ,  1 214   ,  2 136   ,  1 008   ,  1 354   ,  2 362   ,  1 060   ,  1 441   ,  2 501   ,  1 091   ,  1 500   ,  2 591   
,56,  606   ,  766   ,  1 372   ,  624   ,  788   ,  1 412   ,  626   ,  794   ,  1 420   ,  666   ,  865   ,  1 531   ,  726   ,  961   ,  1 687   ,  737   ,  984   ,  1 721   ,  740   ,  994   ,  1 734   ,  751   ,  1 012   ,  1 763   ,  767   ,  1 018   ,  1 785   ,  769   ,  1 001   ,  1 770   ,  784   ,  1 013   ,  1 797   ,  822   ,  1 059   ,  1 881   ,  852   ,  1 099   ,  1 951   ,  912   ,  1 193   ,  2 105   ,  998   ,  1 331   ,  2 329   ,  1 050   ,  1 418   ,  2 468   
,57,  596   ,  765   ,  1 361   ,  601   ,  767   ,  1 368   ,  620   ,  788   ,  1 408   ,  621   ,  794   ,  1 415   ,  662   ,  865   ,  1 527   ,  721   ,  962   ,  1 683   ,  733   ,  985   ,  1 718   ,  736   ,  995   ,  1 731   ,  750   ,  1 020   ,  1 770   ,  765   ,  1 022   ,  1 787   ,  768   ,  1 004   ,  1 772   ,  783   ,  1 018   ,  1 801   ,  821   ,  1 064   ,  1 885   ,  852   ,  1 105   ,  1 957   ,  912   ,  1 200   ,  2 112   ,  998   ,  1 340   ,  2 338   
,58,  624   ,  822   ,  1 446   ,  595   ,  764   ,  1 359   ,  601   ,  766   ,  1 367   ,  620   ,  789   ,  1 409   ,  622   ,  795   ,  1 417   ,  663   ,  866   ,  1 529   ,  722   ,  962   ,  1 684   ,  735   ,  985   ,  1 720   ,  740   ,  1 002   ,  1 742   ,  755   ,  1 024   ,  1 779   ,  769   ,  1 025   ,  1 794   ,  771   ,  1 008   ,  1 779   ,  787   ,  1 022   ,  1 809   ,  825   ,  1 068   ,  1 893   ,  857   ,  1 111   ,  1 968   ,  918   ,  1 206   ,  2 124   
,59,  624   ,  840   ,  1 464   ,  615   ,  814   ,  1 429   ,  588   ,  758   ,  1 346   ,  593   ,  760   ,  1 353   ,  613   ,  783   ,  1 396   ,  616   ,  789   ,  1 405   ,  655   ,  859   ,  1 514   ,  715   ,  955   ,  1 670   ,  730   ,  984   ,  1 714   ,  735   ,  997   ,  1 732   ,  749   ,  1 019   ,  1 768   ,  763   ,  1 021   ,  1 784   ,  767   ,  1 004   ,  1 771   ,  782   ,  1 018   ,  1 800   ,  822   ,  1 066   ,  1 888   ,  854   ,  1 108   ,  1 962   
,60,  593   ,  799   ,  1 392   ,  615   ,  833   ,  1 448   ,  607   ,  808   ,  1 415   ,  580   ,  752   ,  1 332   ,  586   ,  754   ,  1 340   ,  605   ,  776   ,  1 381   ,  608   ,  782   ,  1 390   ,  648   ,  853   ,  1 501   ,  709   ,  953   ,  1 662   ,  724   ,  980   ,  1 704   ,  729   ,  993   ,  1 722   ,  742   ,  1 014   ,  1 756   ,  758   ,  1 017   ,  1 775   ,  761   ,  1 001   ,  1 762   ,  777   ,  1 015   ,  1 792   ,  817   ,  1 064   ,  1 881   
,61,  577   ,  777   ,  1 354   ,  576   ,  785   ,  1 361   ,  596   ,  817   ,  1 413   ,  590   ,  794   ,  1 384   ,  563   ,  739   ,  1 302   ,  570   ,  742   ,  1 312   ,  589   ,  763   ,  1 352   ,  592   ,  769   ,  1 361   ,  633   ,  844   ,  1 477   ,  693   ,  941   ,  1 634   ,  706   ,  966   ,  1 672   ,  712   ,  979   ,  1 691   ,  726   ,  1 001   ,  1 727   ,  741   ,  1 004   ,  1 745   ,  745   ,  989   ,  1 734   ,  761   ,  1 003   ,  1 764   
,62,  547   ,  722   ,  1 269   ,  557   ,  753   ,  1 310   ,  557   ,  761   ,  1 318   ,  577   ,  793   ,  1 370   ,  571   ,  770   ,  1 341   ,  545   ,  716   ,  1 261   ,  551   ,  719   ,  1 270   ,  570   ,  740   ,  1 310   ,  575   ,  751   ,  1 326   ,  615   ,  822   ,  1 437   ,  673   ,  915   ,  1 588   ,  687   ,  940   ,  1 627   ,  692   ,  953   ,  1 645   ,  706   ,  975   ,  1 681   ,  721   ,  979   ,  1 700   ,  726   ,  964   ,  1 690   
,63,  480   ,  619   ,  1 099   ,  531   ,  715   ,  1 246   ,  541   ,  747   ,  1 288   ,  540   ,  755   ,  1 295   ,  562   ,  787   ,  1 349   ,  555   ,  764   ,  1 319   ,  530   ,  711   ,  1 241   ,  536   ,  713   ,  1 249   ,  557   ,  740   ,  1 297   ,  562   ,  749   ,  1 311   ,  601   ,  818   ,  1 419   ,  658   ,  912   ,  1 570   ,  672   ,  938   ,  1 610   ,  678   ,  951   ,  1 629   ,  692   ,  973   ,  1 665   ,  707   ,  977   ,  1 684   
,64,  435   ,  534   ,  969   ,  468   ,  603   ,  1 071   ,  517   ,  697   ,  1 214   ,  529   ,  729   ,  1 258   ,  528   ,  736   ,  1 264   ,  548   ,  769   ,  1 317   ,  543   ,  746   ,  1 289   ,  519   ,  695   ,  1 214   ,  527   ,  702   ,  1 229   ,  546   ,  725   ,  1 271   ,  551   ,  733   ,  1 284   ,  590   ,  802   ,  1 392   ,  646   ,  893   ,  1 539   ,  660   ,  919   ,  1 579   ,  667   ,  933   ,  1 600   ,  681   ,  955   ,  1 636   
,65,  423   ,  519   ,  942   ,  426   ,  531   ,  957   ,  457   ,  599   ,  1 056   ,  506   ,  693   ,  1 199   ,  517   ,  724   ,  1 241   ,  517   ,  732   ,  1 249   ,  537   ,  764   ,  1 301   ,  532   ,  742   ,  1 274   ,  511   ,  695   ,  1 206   ,  519   ,  700   ,  1 219   ,  538   ,  723   ,  1 261   ,  542   ,  731   ,  1 273   ,  581   ,  799   ,  1 380   ,  636   ,  892   ,  1 528   ,  651   ,  918   ,  1 569   ,  658   ,  933   ,  1 591   
,66,  411   ,  490   ,  901   ,  427   ,  513   ,  940   ,  428   ,  525   ,  953   ,  461   ,  592   ,  1 053   ,  511   ,  686   ,  1 197   ,  523   ,  717   ,  1 240   ,  523   ,  724   ,  1 247   ,  544   ,  756   ,  1 300   ,  540   ,  740   ,  1 280   ,  518   ,  691   ,  1 209   ,  526   ,  695   ,  1 221   ,  545   ,  718   ,  1 263   ,  550   ,  726   ,  1 276   ,  590   ,  795   ,  1 385   ,  647   ,  887   ,  1 534   ,  662   ,  913   ,  1 575   
,67,  406   ,  486   ,  892   ,  412   ,  492   ,  904   ,  427   ,  517   ,  944   ,  430   ,  528   ,  958   ,  464   ,  597   ,  1 061   ,  515   ,  691   ,  1 206   ,  526   ,  722   ,  1 248   ,  526   ,  731   ,  1 257   ,  549   ,  768   ,  1 317   ,  545   ,  749   ,  1 294   ,  523   ,  698   ,  1 221   ,  531   ,  703   ,  1 234   ,  551   ,  727   ,  1 278   ,  557   ,  736   ,  1 293   ,  597   ,  806   ,  1 403   ,  656   ,  901   ,  1 557   
,68,  432   ,  535   ,  967   ,  408   ,  488   ,  896   ,  415   ,  496   ,  911   ,  431   ,  520   ,  951   ,  434   ,  533   ,  967   ,  468   ,  602   ,  1 070   ,  520   ,  697   ,  1 217   ,  532   ,  728   ,  1 260   ,  534   ,  741   ,  1 275   ,  557   ,  778   ,  1 335   ,  553   ,  757   ,  1 310   ,  531   ,  707   ,  1 238   ,  539   ,  712   ,  1 251   ,  561   ,  737   ,  1 298   ,  566   ,  746   ,  1 312   ,  608   ,  817   ,  1 425   
,69,  435   ,  555   ,  990   ,  421   ,  522   ,  943   ,  399   ,  476   ,  875   ,  406   ,  484   ,  890   ,  422   ,  508   ,  930   ,  425   ,  521   ,  946   ,  458   ,  587   ,  1 045   ,  509   ,  681   ,  1 190   ,  523   ,  717   ,  1 240   ,  525   ,  729   ,  1 254   ,  547   ,  762   ,  1 309   ,  543   ,  742   ,  1 285   ,  522   ,  694   ,  1 216   ,  530   ,  699   ,  1 229   ,  552   ,  724   ,  1 276   ,  558   ,  734   ,  1 292   
,70,  424   ,  533   ,  957   ,  425   ,  534   ,  959   ,  412   ,  502   ,  914   ,  391   ,  458   ,  849   ,  398   ,  466   ,  864   ,  414   ,  489   ,  903   ,  417   ,  501   ,  918   ,  451   ,  566   ,  1 017   ,  502   ,  662   ,  1 164   ,  516   ,  694   ,  1 210   ,  517   ,  704   ,  1 221   ,  540   ,  738   ,  1 278   ,  537   ,  719   ,  1 256   ,  516   ,  671   ,  1 187   ,  526   ,  678   ,  1 204   ,  547   ,  702   ,  1 249   
,71,  406   ,  513   ,  919   ,  403   ,  511   ,  914   ,  404   ,  512   ,  916   ,  392   ,  482   ,  874   ,  371   ,  440   ,  811   ,  378   ,  447   ,  825   ,  393   ,  469   ,  862   ,  397   ,  482   ,  879   ,  430   ,  548   ,  978   ,  479   ,  638   ,  1 117   ,  493   ,  668   ,  1 161   ,  495   ,  679   ,  1 174   ,  517   ,  712   ,  1 229   ,  515   ,  694   ,  1 209   ,  494   ,  649   ,  1 143   ,  504   ,  655   ,  1 159   
,72,  384   ,  478   ,  862   ,  386   ,  485   ,  871   ,  383   ,  484   ,  867   ,  384   ,  485   ,  869   ,  373   ,  456   ,  829   ,  354   ,  418   ,  772   ,  361   ,  424   ,  785   ,  376   ,  445   ,  821   ,  380   ,  460   ,  840   ,  413   ,  522   ,  935   ,  460   ,  606   ,  1 066   ,  472   ,  636   ,  1 108   ,  475   ,  647   ,  1 122   ,  497   ,  678   ,  1 175   ,  494   ,  662   ,  1 156   ,  475   ,  620   ,  1 095   
,73,  332   ,  380   ,  712   ,  367   ,  443   ,  810   ,  371   ,  450   ,  821   ,  368   ,  448   ,  816   ,  369   ,  450   ,  819   ,  359   ,  424   ,  783   ,  341   ,  388   ,  729   ,  347   ,  394   ,  741   ,  363   ,  417   ,  780   ,  368   ,  429   ,  797   ,  399   ,  486   ,  885   ,  445   ,  566   ,  1 011   ,  458   ,  594   ,  1 052   ,  460   ,  604   ,  1 064   ,  482   ,  633   ,  1 115   ,  480   ,  619   ,  1 099   
,74,  277   ,  305   ,  582   ,  305   ,  355   ,  660   ,  339   ,  414   ,  753   ,  341   ,  421   ,  762   ,  339   ,  420   ,  759   ,  341   ,  421   ,  762   ,  332   ,  397   ,  729   ,  315   ,  362   ,  677   ,  323   ,  371   ,  694   ,  337   ,  392   ,  729   ,  341   ,  403   ,  744   ,  370   ,  457   ,  827   ,  413   ,  533   ,  946   ,  425   ,  559   ,  984   ,  428   ,  569   ,  997   ,  448   ,  598   ,  1 046   
,75,  247   ,  277   ,  524   ,  252   ,  281   ,  533   ,  278   ,  328   ,  606   ,  308   ,  382   ,  690   ,  312   ,  389   ,  701   ,  310   ,  389   ,  699   ,  312   ,  390   ,  702   ,  303   ,  367   ,  670   ,  289   ,  339   ,  628   ,  296   ,  346   ,  642   ,  310   ,  364   ,  674   ,  313   ,  375   ,  688   ,  340   ,  425   ,  765   ,  380   ,  495   ,  875   ,  391   ,  521   ,  912   ,  394   ,  531   ,  925   
,76,  225   ,  259   ,  484   ,  230   ,  263   ,  493   ,  234   ,  267   ,  501   ,  259   ,  310   ,  569   ,  288   ,  363   ,  651   ,  291   ,  369   ,  660   ,  289   ,  369   ,  658   ,  291   ,  371   ,  662   ,  284   ,  352   ,  636   ,  271   ,  323   ,  594   ,  278   ,  330   ,  608   ,  291   ,  347   ,  638   ,  294   ,  357   ,  651   ,  320   ,  407   ,  727   ,  358   ,  474   ,  832   ,  369   ,  499   ,  868   
,77,  209   ,  252   ,  461   ,  207   ,  248   ,  455   ,  212   ,  251   ,  463   ,  216   ,  255   ,  471   ,  239   ,  298   ,  537   ,  266   ,  348   ,  614   ,  269   ,  354   ,  623   ,  268   ,  354   ,  622   ,  271   ,  358   ,  629   ,  265   ,  339   ,  604   ,  252   ,  311   ,  563   ,  258   ,  318   ,  576   ,  271   ,  335   ,  606   ,  274   ,  346   ,  620   ,  299   ,  393   ,  692   ,  335   ,  458   ,  793   
,78,  201   ,  274   ,  475   ,  192   ,  249   ,  441   ,  192   ,  245   ,  437   ,  196   ,  249   ,  445   ,  200   ,  253   ,  453   ,  222   ,  296   ,  518   ,  247   ,  346   ,  593   ,  250   ,  351   ,  601   ,  250   ,  354   ,  604   ,  252   ,  357   ,  609   ,  246   ,  338   ,  584   ,  235   ,  310   ,  545   ,  241   ,  317   ,  558   ,  253   ,  335   ,  588   ,  257   ,  346   ,  603   ,  279   ,  393   ,  672   
,79,  192   ,  276   ,  468   ,  186   ,  254   ,  440   ,  178   ,  232   ,  410   ,  176   ,  227   ,  403   ,  182   ,  231   ,  413   ,  185   ,  235   ,  420   ,  206   ,  274   ,  480   ,  229   ,  321   ,  550   ,  233   ,  330   ,  563   ,  233   ,  330   ,  563   ,  235   ,  334   ,  569   ,  230   ,  315   ,  545   ,  220   ,  290   ,  510   ,  225   ,  297   ,  522   ,  237   ,  314   ,  551   ,  240   ,  324   ,  564   
,80+,  1 392   ,  2 057   ,  3 449   ,  1 342   ,  1 983   ,  3 325   ,  1 292   ,  1 902   ,  3 194   ,  1 244   ,  1 813   ,  3 057   ,  1 205   ,  1 739   ,  2 944   ,  1 180   ,  1 678   ,  2 858   ,  1 161   ,  1 632   ,  2 793   ,  1 168   ,  1 627   ,  2 795   ,  1 198   ,  1 687   ,  2 885   ,  1 230   ,  1 732   ,  2 962   ,  1 254   ,  1 773   ,  3 027   ,  1 281   ,  1 810   ,  3 091   ,  1 295   ,  1 827   ,  3 122   ,  1 302   ,  1 821   ,  3 123   ,  1 314   ,  1 824   ,  3 138   ,  1 338   ,  1 841   ,  3 179   
,Total,  134 080   ,  148 285   ,  282 365   ,  137 006   ,  151 339   ,  288 345   ,  139 956   ,  154 436   ,  294 392   ,  142 933   ,  157 541   ,  300 474   ,  145 929   ,  160 677   ,  306 606   ,  148 937   ,  163 827   ,  312 764   ,  151 848   ,  166 856   ,  318 704   ,  154 774   ,  169 913   ,  324 687   ,  157 979   ,  173 455   ,  331 434   ,  161 269   ,  176 922   ,  338 191   ,  164 404   ,  180 194   ,  344 598   ,  167 587   ,  183 536   ,  351 123   ,  170 854   ,  186 957   ,  357 811   ,  174 202   ,  190 466   ,  364 668   ,  177 651   ,  194 079   ,  371 730   ,  181 180   ,  197 779   ,  378 959   
,,,,,,,,,,,,,,,,,,,,,,,,,,,,,,,,,,,,,,,,,,,,,,,,,
,,,,,,,,,,,,,,,,,,,,,,,,,,,,,,,,,,,,,,,,,,,,,,,,,
NAHOURI,,,,,,,,,,,,,,,,,,,,,,,,,,,,,,,,,,,,,,,,,,,,,,,,,
,,2020,,,2021,,,2022,,,2023,,,2024,,,2025,,,2026,,,2027,,,2028,,,2029,,,2030,,,2031,,,2032,,,2033,,,2034,,,2035,,
, Ages,Ensemble,,,Ensemble,,,Ensemble,,,Ensemble,,,Ensemble,,,Ensemble,,,Ensemble,,,Ensemble,,,Ensemble,,,Ensemble,,,Ensemble,,,Ensemble,,,Ensemble,,,Ensemble,,,Ensemble,,,Ensemble,,
,,Homme ,Femme,Ensemble,Homme ,Femme,Ensemble,Homme ,Femme,Ensemble,Homme ,Femme,Ensemble,Homme ,Femme,Ensemble,Homme ,Femme,Ensemble,Homme ,Femme,Ensemble,Homme ,Femme,Ensemble,Homme ,Femme,Ensemble,Homme ,Femme,Ensemble,Homme ,Femme,Ensemble,Homme ,Femme,Ensemble,Homme ,Femme,Ensemble,Homme ,Femme,Ensemble,Homme ,Femme,Ensemble,Homme ,Femme,Ensemble
,0,  3 826   ,  3 549   ,  7 375   ,  3 833   ,  3 551   ,  7 384   ,  3 851   ,  3 567   ,  7 418   ,  3 865   ,  3 578   ,  7 443   ,  3 874   ,  3 584   ,  7 458   ,  3 883   ,  3 589   ,  7 472   ,  3 890   ,  3 591   ,  7 481   ,  3 897   ,  3 592   ,  7 489   ,  3 900   ,  3 591   ,  7 491   ,  3 913   ,  3 597   ,  7 510   ,  3 918   ,  3 597   ,  7 515   ,  3 966   ,  3 635   ,  7 601   ,  4 017   ,  3 677   ,  7 694   ,  4 069   ,  3 719   ,  7 788   ,  4 121   ,  3 760   ,  7 881   ,  4 169   ,  3 799   ,  7 968   
,1,  3 768   ,  3 514   ,  7 282   ,  3 742   ,  3 479   ,  7 221   ,  3 752   ,  3 484   ,  7 236   ,  3 773   ,  3 502   ,  7 275   ,  3 790   ,  3 514   ,  7 304   ,  3 803   ,  3 522   ,  7 325   ,  3 812   ,  3 526   ,  7 338   ,  3 822   ,  3 530   ,  7 352   ,  3 831   ,  3 532   ,  7 363   ,  3 848   ,  3 543   ,  7 391   ,  3 859   ,  3 547   ,  7 406   ,  3 868   ,  3 549   ,  7 417   ,  3 918   ,  3 590   ,  7 508   ,  3 971   ,  3 633   ,  7 604   ,  4 025   ,  3 678   ,  7 703   ,  4 078   ,  3 721   ,  7 799   
,2,  3 672   ,  3 451   ,  7 123   ,  3 731   ,  3 488   ,  7 219   ,  3 707   ,  3 454   ,  7 161   ,  3 719   ,  3 460   ,  7 179   ,  3 742   ,  3 478   ,  7 220   ,  3 760   ,  3 491   ,  7 251   ,  3 772   ,  3 498   ,  7 270   ,  3 783   ,  3 503   ,  7 286   ,  3 794   ,  3 507   ,  7 301   ,  3 815   ,  3 520   ,  7 335   ,  3 829   ,  3 528   ,  7 357   ,  3 841   ,  3 533   ,  7 374   ,  3 851   ,  3 537   ,  7 388   ,  3 903   ,  3 579   ,  7 482   ,  3 957   ,  3 625   ,  7 582   ,  4 013   ,  3 670   ,  7 683   
,3,  3 545   ,  3 357   ,  6 902   ,  3 627   ,  3 413   ,  7 040   ,  3 687   ,  3 451   ,  7 138   ,  3 664   ,  3 418   ,  7 082   ,  3 677   ,  3 424   ,  7 101   ,  3 702   ,  3 442   ,  7 144   ,  3 719   ,  3 453   ,  7 172   ,  3 732   ,  3 460   ,  7 192   ,  3 743   ,  3 466   ,  7 209   ,  3 765   ,  3 480   ,  7 245   ,  3 782   ,  3 490   ,  7 272   ,  3 797   ,  3 498   ,  7 295   ,  3 810   ,  3 504   ,  7 314   ,  3 821   ,  3 510   ,  7 331   ,  3 874   ,  3 553   ,  7 427   ,  3 929   ,  3 599   ,  7 528   
,4,  3 421   ,  3 263   ,  6 684   ,  3 510   ,  3 325   ,  6 835   ,  3 593   ,  3 381   ,  6 974   ,  3 653   ,  3 418   ,  7 071   ,  3 632   ,  3 386   ,  7 018   ,  3 646   ,  3 392   ,  7 038   ,  3 669   ,  3 409   ,  7 078   ,  3 687   ,  3 420   ,  7 107   ,  3 701   ,  3 429   ,  7 130   ,  3 723   ,  3 443   ,  7 166   ,  3 741   ,  3 453   ,  7 194   ,  3 758   ,  3 464   ,  7 222   ,  3 775   ,  3 473   ,  7 248   ,  3 789   ,  3 481   ,  7 270   ,  3 801   ,  3 487   ,  7 288   ,  3 855   ,  3 531   ,  7 386   
,5,  3 272   ,  3 140   ,  6 412   ,  3 392   ,  3 239   ,  6 631   ,  3 481   ,  3 302   ,  6 783   ,  3 564   ,  3 357   ,  6 921   ,  3 625   ,  3 395   ,  7 020   ,  3 605   ,  3 363   ,  6 968   ,  3 618   ,  3 367   ,  6 985   ,  3 642   ,  3 384   ,  7 026   ,  3 661   ,  3 397   ,  7 058   ,  3 685   ,  3 413   ,  7 098   ,  3 703   ,  3 424   ,  7 127   ,  3 721   ,  3 435   ,  7 156   ,  3 740   ,  3 446   ,  7 186   ,  3 757   ,  3 457   ,  7 214   ,  3 773   ,  3 465   ,  7 238   ,  3 786   ,  3 472   ,  7 258   
,6,  3 144   ,  3 027   ,  6 171   ,  3 258   ,  3 131   ,  6 389   ,  3 379   ,  3 230   ,  6 609   ,  3 468   ,  3 293   ,  6 761   ,  3 553   ,  3 348   ,  6 901   ,  3 614   ,  3 386   ,  7 000   ,  3 593   ,  3 352   ,  6 945   ,  3 607   ,  3 357   ,  6 964   ,  3 632   ,  3 375   ,  7 007   ,  3 660   ,  3 395   ,  7 055   ,  3 680   ,  3 408   ,  7 088   ,  3 699   ,  3 419   ,  7 118   ,  3 718   ,  3 431   ,  7 149   ,  3 738   ,  3 444   ,  7 182   ,  3 756   ,  3 455   ,  7 211   ,  3 772   ,  3 464   ,  7 236   
,7,  3 057   ,  2 945   ,  6 002   ,  3 132   ,  3 022   ,  6 154   ,  3 247   ,  3 125   ,  6 372   ,  3 369   ,  3 225   ,  6 594   ,  3 458   ,  3 287   ,  6 745   ,  3 544   ,  3 343   ,  6 887   ,  3 604   ,  3 378   ,  6 982   ,  3 583   ,  3 344   ,  6 927   ,  3 599   ,  3 351   ,  6 950   ,  3 632   ,  3 377   ,  7 009   ,  3 657   ,  3 393   ,  7 050   ,  3 677   ,  3 406   ,  7 083   ,  3 697   ,  3 418   ,  7 115   ,  3 717   ,  3 431   ,  7 148   ,  3 738   ,  3 445   ,  7 183   ,  3 757   ,  3 457   ,  7 214   
,8,  2 977   ,  2 863   ,  5 840   ,  3 032   ,  2 928   ,  5 960   ,  3 106   ,  3 005   ,  6 111   ,  3 221   ,  3 108   ,  6 329   ,  3 342   ,  3 207   ,  6 549   ,  3 433   ,  3 269   ,  6 702   ,  3 515   ,  3 322   ,  6 837   ,  3 576   ,  3 357   ,  6 933   ,  3 558   ,  3 327   ,  6 885   ,  3 581   ,  3 340   ,  6 921   ,  3 611   ,  3 361   ,  6 972   ,  3 635   ,  3 378   ,  7 013   ,  3 657   ,  3 392   ,  7 049   ,  3 677   ,  3 405   ,  7 082   ,  3 698   ,  3 419   ,  7 117   ,  3 720   ,  3 432   ,  7 152   
,9,  2 888   ,  2 773   ,  5 661   ,  2 974   ,  2 871   ,  5 845   ,  3 029   ,  2 937   ,  5 966   ,  3 104   ,  3 014   ,  6 118   ,  3 220   ,  3 118   ,  6 338   ,  3 342   ,  3 217   ,  6 559   ,  3 430   ,  3 277   ,  6 707   ,  3 514   ,  3 330   ,  6 844   ,  3 577   ,  3 368   ,  6 945   ,  3 566   ,  3 343   ,  6 909   ,  3 585   ,  3 352   ,  6 937   ,  3 616   ,  3 374   ,  6 990   ,  3 641   ,  3 392   ,  7 033   ,  3 663   ,  3 407   ,  7 070   ,  3 685   ,  3 421   ,  7 106   ,  3 707   ,  3 435   ,  7 142   
,10,  2 741   ,  2 649   ,  5 390   ,  2 853   ,  2 770   ,  5 623   ,  2 938   ,  2 869   ,  5 807   ,  2 993   ,  2 935   ,  5 928   ,  3 068   ,  3 011   ,  6 079   ,  3 183   ,  3 115   ,  6 298   ,  3 302   ,  3 212   ,  6 514   ,  3 390   ,  3 272   ,  6 662   ,  3 476   ,  3 328   ,  6 804   ,  3 546   ,  3 372   ,  6 918   ,  3 531   ,  3 343   ,  6 874   ,  3 551   ,  3 353   ,  6 904   ,  3 581   ,  3 376   ,  6 957   ,  3 607   ,  3 395   ,  7 002   ,  3 630   ,  3 410   ,  7 040   ,  3 652   ,  3 425   ,  7 077   
,11,  2 649   ,  2 562   ,  5 211   ,  2 727   ,  2 644   ,  5 371   ,  2 838   ,  2 764   ,  5 602   ,  2 924   ,  2 863   ,  5 787   ,  2 979   ,  2 929   ,  5 908   ,  3 054   ,  3 006   ,  6 060   ,  3 167   ,  3 107   ,  6 274   ,  3 286   ,  3 203   ,  6 489   ,  3 379   ,  3 267   ,  6 646   ,  3 471   ,  3 329   ,  6 800   ,  3 536   ,  3 368   ,  6 904   ,  3 522   ,  3 340   ,  6 862   ,  3 542   ,  3 351   ,  6 893   ,  3 573   ,  3 374   ,  6 947   ,  3 600   ,  3 394   ,  6 994   ,  3 623   ,  3 410   ,  7 033   
,12,  2 570   ,  2 484   ,  5 054   ,  2 662   ,  2 568   ,  5 230   ,  2 741   ,  2 650   ,  5 391   ,  2 853   ,  2 771   ,  5 624   ,  2 940   ,  2 870   ,  5 810   ,  2 996   ,  2 936   ,  5 932   ,  3 070   ,  3 010   ,  6 080   ,  3 185   ,  3 112   ,  6 297   ,  3 309   ,  3 212   ,  6 521   ,  3 407   ,  3 281   ,  6 688   ,  3 495   ,  3 339   ,  6 834   ,  3 561   ,  3 379   ,  6 940   ,  3 548   ,  3 351   ,  6 899   ,  3 569   ,  3 363   ,  6 932   ,  3 602   ,  3 387   ,  6 989   ,  3 629   ,  3 407   ,  7 036   
,13,  2 464   ,  2 398   ,  4 862   ,  2 593   ,  2 510   ,  5 103   ,  2 686   ,  2 595   ,  5 281   ,  2 766   ,  2 678   ,  5 444   ,  2 880   ,  2 800   ,  5 680   ,  2 968   ,  2 900   ,  5 868   ,  3 023   ,  2 964   ,  5 987   ,  3 099   ,  3 040   ,  6 139   ,  3 221   ,  3 146   ,  6 367   ,  3 351   ,  3 252   ,  6 603   ,  3 446   ,  3 317   ,  6 763   ,  3 536   ,  3 376   ,  6 912   ,  3 603   ,  3 418   ,  7 021   ,  3 590   ,  3 391   ,  6 981   ,  3 613   ,  3 403   ,  7 016   ,  3 646   ,  3 428   ,  7 074   
,14,  2 343   ,  2 289   ,  4 632   ,  2 447   ,  2 366   ,  4 813   ,  2 575   ,  2 476   ,  5 051   ,  2 669   ,  2 560   ,  5 229   ,  2 749   ,  2 642   ,  5 391   ,  2 863   ,  2 762   ,  5 625   ,  2 949   ,  2 858   ,  5 807   ,  3 004   ,  2 922   ,  5 926   ,  3 086   ,  3 001   ,  6 087   ,  3 209   ,  3 109   ,  6 318   ,  3 335   ,  3 210   ,  6 545   ,  3 429   ,  3 275   ,  6 704   ,  3 520   ,  3 334   ,  6 854   ,  3 588   ,  3 376   ,  6 964   ,  3 576   ,  3 349   ,  6 925   ,  3 599   ,  3 362   ,  6 961   
,15,  2 284   ,  2 287   ,  4 571   ,  2 405   ,  2 355   ,  4 760   ,  2 512   ,  2 433   ,  4 945   ,  2 644   ,  2 547   ,  5 191   ,  2 740   ,  2 633   ,  5 373   ,  2 824   ,  2 717   ,  5 541   ,  2 939   ,  2 838   ,  5 777   ,  3 028   ,  2 937   ,  5 965   ,  3 093   ,  3 009   ,  6 102   ,  3 179   ,  3 092   ,  6 271   ,  3 302   ,  3 201   ,  6 503   ,  3 432   ,  3 305   ,  6 737   ,  3 531   ,  3 372   ,  6 903   ,  3 625   ,  3 434   ,  7 059   ,  3 695   ,  3 477   ,  7 172   ,  3 684   ,  3 450   ,  7 134   
,16,  2 169   ,  2 202   ,  4 371   ,  2 323   ,  2 280   ,  4 603   ,  2 446   ,  2 348   ,  4 794   ,  2 556   ,  2 426   ,  4 982   ,  2 692   ,  2 539   ,  5 231   ,  2 791   ,  2 625   ,  5 416   ,  2 874   ,  2 706   ,  5 580   ,  2 992   ,  2 827   ,  5 819   ,  3 090   ,  2 932   ,  6 022   ,  3 157   ,  3 004   ,  6 161   ,  3 241   ,  3 084   ,  6 325   ,  3 368   ,  3 193   ,  6 561   ,  3 501   ,  3 297   ,  6 798   ,  3 603   ,  3 365   ,  6 968   ,  3 700   ,  3 427   ,  7 127   ,  3 773   ,  3 470   ,  7 243   
,17,  2 058   ,  2 110   ,  4 168   ,  2 158   ,  2 126   ,  4 284   ,  2 312   ,  2 201   ,  4 513   ,  2 436   ,  2 267   ,  4 703   ,  2 546   ,  2 342   ,  4 888   ,  2 682   ,  2 451   ,  5 133   ,  2 778   ,  2 532   ,  5 310   ,  2 862   ,  2 611   ,  5 473   ,  2 987   ,  2 734   ,  5 721   ,  3 086   ,  2 836   ,  5 922   ,  3 149   ,  2 902   ,  6 051   ,  3 234   ,  2 980   ,  6 214   ,  3 361   ,  3 085   ,  6 446   ,  3 495   ,  3 187   ,  6 682   ,  3 597   ,  3 253   ,  6 850   ,  3 694   ,  3 313   ,  7 007   
,18,  1 834   ,  1 966   ,  3 800   ,  1 887   ,  1 923   ,  3 810   ,  1 980   ,  1 937   ,  3 917   ,  2 122   ,  2 006   ,  4 128   ,  2 236   ,  2 065   ,  4 301   ,  2 338   ,  2 134   ,  4 472   ,  2 461   ,  2 231   ,  4 692   ,  2 551   ,  2 305   ,  4 856   ,  2 633   ,  2 383   ,  5 016   ,  2 748   ,  2 495   ,  5 243   ,  2 836   ,  2 585   ,  5 421   ,  2 895   ,  2 646   ,  5 541   ,  2 973   ,  2 718   ,  5 691   ,  3 091   ,  2 814   ,  5 905   ,  3 215   ,  2 907   ,  6 122   ,  3 310   ,  2 968   ,  6 278   
,19,  1 667   ,  1 885   ,  3 552   ,  1 728   ,  1 879   ,  3 607   ,  1 779   ,  1 837   ,  3 616   ,  1 867   ,  1 850   ,  3 717   ,  2 002   ,  1 917   ,  3 919   ,  2 110   ,  1 973   ,  4 083   ,  2 205   ,  2 037   ,  4 242   ,  2 322   ,  2 131   ,  4 453   ,  2 412   ,  2 207   ,  4 619   ,  2 491   ,  2 281   ,  4 772   ,  2 598   ,  2 386   ,  4 984   ,  2 682   ,  2 472   ,  5 154   ,  2 738   ,  2 531   ,  5 269   ,  2 813   ,  2 600   ,  5 413   ,  2 925   ,  2 693   ,  5 618   ,  3 043   ,  2 782   ,  5 825   
,20,  1 502   ,  1 760   ,  3 262   ,  1 573   ,  1 810   ,  3 383   ,  1 632   ,  1 804   ,  3 436   ,  1 681   ,  1 764   ,  3 445   ,  1 765   ,  1 777   ,  3 542   ,  1 893   ,  1 840   ,  3 733   ,  1 994   ,  1 894   ,  3 888   ,  2 085   ,  1 955   ,  4 040   ,  2 201   ,  2 050   ,  4 251   ,  2 287   ,  2 123   ,  4 410   ,  2 360   ,  2 192   ,  4 552   ,  2 462   ,  2 293   ,  4 755   ,  2 542   ,  2 377   ,  4 919   ,  2 596   ,  2 434   ,  5 030   ,  2 668   ,  2 501   ,  5 169   ,  2 775   ,  2 591   ,  5 366   
,21,  1 360   ,  1 643   ,  3 003   ,  1 414   ,  1 699   ,  3 113   ,  1 481   ,  1 748   ,  3 229   ,  1 537   ,  1 742   ,  3 279   ,  1 583   ,  1 704   ,  3 287   ,  1 663   ,  1 716   ,  3 379   ,  1 784   ,  1 776   ,  3 560   ,  1 880   ,  1 827   ,  3 707   ,  1 970   ,  1 892   ,  3 862   ,  2 081   ,  1 983   ,  4 064   ,  2 161   ,  2 052   ,  4 213   ,  2 230   ,  2 119   ,  4 349   ,  2 328   ,  2 217   ,  4 545   ,  2 404   ,  2 299   ,  4 703   ,  2 456   ,  2 354   ,  4 810   ,  2 524   ,  2 419   ,  4 943   
,22,  1 229   ,  1 515   ,  2 744   ,  1 289   ,  1 607   ,  2 896   ,  1 341   ,  1 662   ,  3 003   ,  1 405   ,  1 710   ,  3 115   ,  1 459   ,  1 704   ,  3 163   ,  1 503   ,  1 666   ,  3 169   ,  1 579   ,  1 677   ,  3 256   ,  1 694   ,  1 736   ,  3 430   ,  1 790   ,  1 790   ,  3 580   ,  1 877   ,  1 853   ,  3 730   ,  1 981   ,  1 941   ,  3 922   ,  2 058   ,  2 008   ,  4 066   ,  2 125   ,  2 074   ,  4 199   ,  2 218   ,  2 171   ,  4 389   ,  2 292   ,  2 252   ,  4 544   ,  2 342   ,  2 306   ,  4 648   
,23,  1 125   ,  1 422   ,  2 547   ,  1 186   ,  1 516   ,  2 702   ,  1 245   ,  1 607   ,  2 852   ,  1 295   ,  1 663   ,  2 958   ,  1 358   ,  1 711   ,  3 069   ,  1 411   ,  1 705   ,  3 116   ,  1 453   ,  1 666   ,  3 119   ,  1 527   ,  1 677   ,  3 204   ,  1 644   ,  1 742   ,  3 386   ,  1 738   ,  1 796   ,  3 534   ,  1 821   ,  1 857   ,  3 678   ,  1 923   ,  1 946   ,  3 869   ,  1 998   ,  2 013   ,  4 011   ,  2 064   ,  2 080   ,  4 144   ,  2 155   ,  2 178   ,  4 333   ,  2 228   ,  2 259   ,  4 487   
,24,  1 044   ,  1 331   ,  2 375   ,  1 078   ,  1 381   ,  2 459   ,  1 137   ,  1 472   ,  2 609   ,  1 195   ,  1 561   ,  2 756   ,  1 243   ,  1 615   ,  2 858   ,  1 305   ,  1 662   ,  2 967   ,  1 355   ,  1 655   ,  3 010   ,  1 396   ,  1 617   ,  3 013   ,  1 472   ,  1 633   ,  3 105   ,  1 584   ,  1 694   ,  3 278   ,  1 674   ,  1 746   ,  3 420   ,  1 755   ,  1 805   ,  3 560   ,  1 854   ,  1 892   ,  3 746   ,  1 927   ,  1 959   ,  3 886   ,  1 991   ,  2 024   ,  4 015   ,  2 080   ,  2 119   ,  4 199   
,25,  1 001   ,  1 296   ,  2 297   ,  1 013   ,  1 320   ,  2 333   ,  1 046   ,  1 369   ,  2 415   ,  1 104   ,  1 460   ,  2 564   ,  1 160   ,  1 548   ,  2 708   ,  1 208   ,  1 601   ,  2 809   ,  1 268   ,  1 647   ,  2 915   ,  1 318   ,  1 640   ,  2 958   ,  1 361   ,  1 608   ,  2 969   ,  1 435   ,  1 622   ,  3 057   ,  1 544   ,  1 681   ,  3 225   ,  1 632   ,  1 733   ,  3 365   ,  1 712   ,  1 793   ,  3 505   ,  1 809   ,  1 879   ,  3 688   ,  1 881   ,  1 945   ,  3 826   ,  1 944   ,  2 011   ,  3 955   
,26,  972   ,  1 273   ,  2 245   ,  979   ,  1 290   ,  2 269   ,  991   ,  1 313   ,  2 304   ,  1 025   ,  1 362   ,  2 387   ,  1 082   ,  1 453   ,  2 535   ,  1 138   ,  1 541   ,  2 679   ,  1 185   ,  1 593   ,  2 778   ,  1 244   ,  1 639   ,  2 883   ,  1 297   ,  1 638   ,  2 935   ,  1 340   ,  1 604   ,  2 944   ,  1 412   ,  1 617   ,  3 029   ,  1 520   ,  1 676   ,  3 196   ,  1 607   ,  1 728   ,  3 335   ,  1 686   ,  1 788   ,  3 474   ,  1 783   ,  1 875   ,  3 658   ,  1 855   ,  1 941   ,  3 796   
,27,  961   ,  1 273   ,  2 234   ,  958   ,  1 274   ,  2 232   ,  965   ,  1 291   ,  2 256   ,  978   ,  1 315   ,  2 293   ,  1 011   ,  1 365   ,  2 376   ,  1 068   ,  1 456   ,  2 524   ,  1 124   ,  1 543   ,  2 667   ,  1 171   ,  1 596   ,  2 767   ,  1 233   ,  1 647   ,  2 880   ,  1 285   ,  1 644   ,  2 929   ,  1 327   ,  1 608   ,  2 935   ,  1 399   ,  1 622   ,  3 021   ,  1 507   ,  1 682   ,  3 189   ,  1 595   ,  1 735   ,  3 330   ,  1 674   ,  1 796   ,  3 470   ,  1 770   ,  1 883   ,  3 653   
,28,  976   ,  1 334   ,  2 310   ,  941   ,  1 299   ,  2 240   ,  939   ,  1 301   ,  2 240   ,  947   ,  1 318   ,  2 265   ,  959   ,  1 343   ,  2 302   ,  992   ,  1 393   ,  2 385   ,  1 049   ,  1 486   ,  2 535   ,  1 103   ,  1 575   ,  2 678   ,  1 153   ,  1 634   ,  2 787   ,  1 214   ,  1 685   ,  2 899   ,  1 265   ,  1 681   ,  2 946   ,  1 307   ,  1 645   ,  2 952   ,  1 378   ,  1 659   ,  3 037   ,  1 486   ,  1 721   ,  3 207   ,  1 573   ,  1 776   ,  3 349   ,  1 652   ,  1 838   ,  3 490   
,29,  994   ,  1 365   ,  2 359   ,  978   ,  1 363   ,  2 341   ,  944   ,  1 328   ,  2 272   ,  941   ,  1 329   ,  2 270   ,  949   ,  1 347   ,  2 296   ,  962   ,  1 373   ,  2 335   ,  996   ,  1 423   ,  2 419   ,  1 053   ,  1 518   ,  2 571   ,  1 112   ,  1 615   ,  2 727   ,  1 162   ,  1 674   ,  2 836   ,  1 223   ,  1 725   ,  2 948   ,  1 275   ,  1 721   ,  2 996   ,  1 317   ,  1 685   ,  3 002   ,  1 390   ,  1 700   ,  3 090   ,  1 499   ,  1 764   ,  3 263   ,  1 588   ,  1 820   ,  3 408   
,30,  985   ,  1 355   ,  2 340   ,  993   ,  1 397   ,  2 390   ,  977   ,  1 396   ,  2 373   ,  943   ,  1 359   ,  2 302   ,  941   ,  1 361   ,  2 302   ,  950   ,  1 380   ,  2 330   ,  963   ,  1 405   ,  2 368   ,  996   ,  1 457   ,  2 453   ,  1 058   ,  1 560   ,  2 618   ,  1 116   ,  1 658   ,  2 774   ,  1 166   ,  1 717   ,  2 883   ,  1 228   ,  1 769   ,  2 997   ,  1 281   ,  1 766   ,  3 047   ,  1 325   ,  1 729   ,  3 054   ,  1 398   ,  1 745   ,  3 143   ,  1 509   ,  1 811   ,  3 320   
,31,  981   ,  1 330   ,  2 311   ,  984   ,  1 372   ,  2 356   ,  993   ,  1 415   ,  2 408   ,  977   ,  1 414   ,  2 391   ,  943   ,  1 377   ,  2 320   ,  941   ,  1 379   ,  2 320   ,  950   ,  1 397   ,  2 347   ,  963   ,  1 422   ,  2 385   ,  1 001   ,  1 481   ,  2 482   ,  1 061   ,  1 584   ,  2 645   ,  1 120   ,  1 682   ,  2 802   ,  1 171   ,  1 742   ,  2 913   ,  1 234   ,  1 796   ,  3 030   ,  1 287   ,  1 793   ,  3 080   ,  1 332   ,  1 756   ,  3 088   ,  1 406   ,  1 772   ,  3 178   
,32,  954   ,  1 303   ,  2 257   ,  972   ,  1 366   ,  2 338   ,  975   ,  1 410   ,  2 385   ,  984   ,  1 454   ,  2 438   ,  969   ,  1 452   ,  2 421   ,  935   ,  1 415   ,  2 350   ,  933   ,  1 416   ,  2 349   ,  942   ,  1 434   ,  2 376   ,  959   ,  1 467   ,  2 426   ,  995   ,  1 526   ,  2 521   ,  1 056   ,  1 630   ,  2 686   ,  1 115   ,  1 731   ,  2 846   ,  1 166   ,  1 794   ,  2 960   ,  1 229   ,  1 850   ,  3 079   ,  1 283   ,  1 847   ,  3 130   ,  1 328   ,  1 810   ,  3 138   
,33,  923   ,  1 244   ,  2 167   ,  971   ,  1 354   ,  2 325   ,  989   ,  1 420   ,  2 409   ,  993   ,  1 465   ,  2 458   ,  1 003   ,  1 511   ,  2 514   ,  987   ,  1 510   ,  2 497   ,  952   ,  1 469   ,  2 421   ,  950   ,  1 471   ,  2 421   ,  964   ,  1 498   ,  2 462   ,  980   ,  1 529   ,  2 509   ,  1 017   ,  1 589   ,  2 606   ,  1 079   ,  1 698   ,  2 777   ,  1 140   ,  1 804   ,  2 944   ,  1 193   ,  1 870   ,  3 063   ,  1 258   ,  1 929   ,  3 187   ,  1 314   ,  1 926   ,  3 240   
,34,  879   ,  1 182   ,  2 061   ,  906   ,  1 252   ,  2 158   ,  954   ,  1 363   ,  2 317   ,  973   ,  1 429   ,  2 402   ,  977   ,  1 475   ,  2 452   ,  987   ,  1 522   ,  2 509   ,  971   ,  1 519   ,  2 490   ,  937   ,  1 479   ,  2 416   ,  940   ,  1 488   ,  2 428   ,  951   ,  1 512   ,  2 463   ,  966   ,  1 542   ,  2 508   ,  1 003   ,  1 602   ,  2 605   ,  1 065   ,  1 712   ,  2 777   ,  1 126   ,  1 820   ,  2 946   ,  1 178   ,  1 888   ,  3 066   ,  1 244   ,  1 947   ,  3 191   
,35,  865   ,  1 157   ,  2 022   ,  875   ,  1 185   ,  2 060   ,  903   ,  1 256   ,  2 159   ,  951   ,  1 367   ,  2 318   ,  970   ,  1 434   ,  2 404   ,  974   ,  1 480   ,  2 454   ,  984   ,  1 526   ,  2 510   ,  969   ,  1 523   ,  2 492   ,  939   ,  1 491   ,  2 430   ,  940   ,  1 496   ,  2 436   ,  951   ,  1 518   ,  2 469   ,  966   ,  1 549   ,  2 515   ,  1 004   ,  1 610   ,  2 614   ,  1 066   ,  1 721   ,  2 787   ,  1 128   ,  1 830   ,  2 958   ,  1 181   ,  1 898   ,  3 079   
,36,  832   ,  1 124   ,  1 956   ,  857   ,  1 167   ,  2 024   ,  868   ,  1 194   ,  2 062   ,  896   ,  1 266   ,  2 162   ,  945   ,  1 378   ,  2 323   ,  964   ,  1 446   ,  2 410   ,  968   ,  1 491   ,  2 459   ,  978   ,  1 538   ,  2 516   ,  967   ,  1 543   ,  2 510   ,  936   ,  1 506   ,  2 442   ,  936   ,  1 510   ,  2 446   ,  946   ,  1 533   ,  2 479   ,  963   ,  1 565   ,  2 528   ,  1 000   ,  1 627   ,  2 627   ,  1 063   ,  1 740   ,  2 803   ,  1 125   ,  1 851   ,  2 976   
,37,  823   ,  1 118   ,  1 941   ,  827   ,  1 128   ,  1 955   ,  853   ,  1 171   ,  2 024   ,  864   ,  1 199   ,  2 063   ,  893   ,  1 271   ,  2 164   ,  942   ,  1 384   ,  2 326   ,  961   ,  1 451   ,  2 412   ,  965   ,  1 497   ,  2 462   ,  979   ,  1 551   ,  2 530   ,  966   ,  1 553   ,  2 519   ,  934   ,  1 514   ,  2 448   ,  935   ,  1 518   ,  2 453   ,  946   ,  1 542   ,  2 488   ,  962   ,  1 574   ,  2 536   ,  1 000   ,  1 637   ,  2 637   ,  1 064   ,  1 752   ,  2 816   
,38,  826   ,  1 124   ,  1 950   ,  817   ,  1 120   ,  1 937   ,  822   ,  1 131   ,  1 953   ,  848   ,  1 173   ,  2 021   ,  859   ,  1 201   ,  2 060   ,  888   ,  1 275   ,  2 163   ,  937   ,  1 387   ,  2 324   ,  956   ,  1 454   ,  2 410   ,  965   ,  1 506   ,  2 471   ,  977   ,  1 558   ,  2 535   ,  963   ,  1 558   ,  2 521   ,  931   ,  1 520   ,  2 451   ,  932   ,  1 524   ,  2 456   ,  944   ,  1 548   ,  2 492   ,  960   ,  1 581   ,  2 541   ,  999   ,  1 645   ,  2 644   
,39,  823   ,  1 112   ,  1 935   ,  835   ,  1 139   ,  1 974   ,  827   ,  1 135   ,  1 962   ,  832   ,  1 146   ,  1 978   ,  858   ,  1 189   ,  2 047   ,  870   ,  1 218   ,  2 088   ,  899   ,  1 291   ,  2 190   ,  950   ,  1 405   ,  2 355   ,  973   ,  1 479   ,  2 452   ,  980   ,  1 530   ,  2 510   ,  992   ,  1 581   ,  2 573   ,  979   ,  1 581   ,  2 560   ,  946   ,  1 543   ,  2 489   ,  947   ,  1 548   ,  2 495   ,  959   ,  1 573   ,  2 532   ,  977   ,  1 607   ,  2 584   
,40,  788   ,  1 063   ,  1 851   ,  815   ,  1 112   ,  1 927   ,  828   ,  1 139   ,  1 967   ,  820   ,  1 135   ,  1 955   ,  825   ,  1 146   ,  1 971   ,  852   ,  1 190   ,  2 042   ,  864   ,  1 218   ,  2 082   ,  893   ,  1 291   ,  2 184   ,  946   ,  1 411   ,  2 357   ,  969   ,  1 483   ,  2 452   ,  975   ,  1 533   ,  2 508   ,  988   ,  1 584   ,  2 572   ,  974   ,  1 586   ,  2 560   ,  943   ,  1 548   ,  2 491   ,  944   ,  1 553   ,  2 497   ,  956   ,  1 579   ,  2 535   
,41,  764   ,  1 023   ,  1 787   ,  784   ,  1 065   ,  1 849   ,  812   ,  1 115   ,  1 927   ,  825   ,  1 142   ,  1 967   ,  817   ,  1 138   ,  1 955   ,  823   ,  1 149   ,  1 972   ,  849   ,  1 192   ,  2 041   ,  861   ,  1 221   ,  2 082   ,  894   ,  1 299   ,  2 193   ,  947   ,  1 418   ,  2 365   ,  968   ,  1 490   ,  2 458   ,  975   ,  1 540   ,  2 515   ,  988   ,  1 592   ,  2 580   ,  975   ,  1 594   ,  2 569   ,  943   ,  1 556   ,  2 499   ,  945   ,  1 562   ,  2 507   
,42,  736   ,  960   ,  1 696   ,  771   ,  1 021   ,  1 792   ,  791   ,  1 063   ,  1 854   ,  819   ,  1 113   ,  1 932   ,  833   ,  1 141   ,  1 974   ,  825   ,  1 137   ,  1 962   ,  831   ,  1 147   ,  1 978   ,  858   ,  1 190   ,  2 048   ,  874   ,  1 223   ,  2 097   ,  907   ,  1 301   ,  2 208   ,  959   ,  1 418   ,  2 377   ,  982   ,  1 490   ,  2 472   ,  989   ,  1 541   ,  2 530   ,  1 003   ,  1 593   ,  2 596   ,  989   ,  1 596   ,  2 585   ,  957   ,  1 558   ,  2 515   
,43,  682   ,  869   ,  1 551   ,  742   ,  969   ,  1 711   ,  777   ,  1 031   ,  1 808   ,  798   ,  1 074   ,  1 872   ,  827   ,  1 124   ,  1 951   ,  841   ,  1 152   ,  1 993   ,  833   ,  1 147   ,  1 980   ,  839   ,  1 158   ,  1 997   ,  871   ,  1 208   ,  2 079   ,  886   ,  1 239   ,  2 125   ,  918   ,  1 316   ,  2 234   ,  972   ,  1 436   ,  2 408   ,  995   ,  1 509   ,  2 504   ,  1 003   ,  1 561   ,  2 564   ,  1 017   ,  1 614   ,  2 631   ,  1 004   ,  1 617   ,  2 621   
,44,  629   ,  795   ,  1 424   ,  670   ,  863   ,  1 533   ,  730   ,  962   ,  1 692   ,  765   ,  1 024   ,  1 789   ,  786   ,  1 066   ,  1 852   ,  815   ,  1 117   ,  1 932   ,  828   ,  1 143   ,  1 971   ,  821   ,  1 139   ,  1 960   ,  831   ,  1 155   ,  1 986   ,  861   ,  1 202   ,  2 063   ,  875   ,  1 232   ,  2 107   ,  907   ,  1 309   ,  2 216   ,  961   ,  1 429   ,  2 390   ,  984   ,  1 502   ,  2 486   ,  992   ,  1 554   ,  2 546   ,  1 006   ,  1 607   ,  2 613   
,45,  610   ,  775   ,  1 385   ,  631   ,  805   ,  1 436   ,  673   ,  874   ,  1 547   ,  734   ,  975   ,  1 709   ,  769   ,  1 038   ,  1 807   ,  791   ,  1 081   ,  1 872   ,  820   ,  1 132   ,  1 952   ,  834   ,  1 158   ,  1 992   ,  831   ,  1 160   ,  1 991   ,  839   ,  1 174   ,  2 013   ,  868   ,  1 220   ,  2 088   ,  883   ,  1 251   ,  2 134   ,  916   ,  1 330   ,  2 246   ,  971   ,  1 451   ,  2 422   ,  994   ,  1 526   ,  2 520   ,  1 003   ,  1 579   ,  2 582   
,46,  577   ,  738   ,  1 315   ,  603   ,  773   ,  1 376   ,  624   ,  803   ,  1 427   ,  666   ,  871   ,  1 537   ,  727   ,  972   ,  1 699   ,  762   ,  1 035   ,  1 797   ,  783   ,  1 077   ,  1 860   ,  813   ,  1 127   ,  1 940   ,  831   ,  1 160   ,  1 991   ,  825   ,  1 158   ,  1 983   ,  833   ,  1 171   ,  2 004   ,  863   ,  1 218   ,  2 081   ,  878   ,  1 249   ,  2 127   ,  911   ,  1 328   ,  2 239   ,  966   ,  1 450   ,  2 416   ,  990   ,  1 525   ,  2 515   
,47,  569   ,  744   ,  1 313   ,  579   ,  754   ,  1 333   ,  606   ,  790   ,  1 396   ,  628   ,  820   ,  1 448   ,  670   ,  891   ,  1 561   ,  732   ,  994   ,  1 726   ,  767   ,  1 057   ,  1 824   ,  789   ,  1 100   ,  1 889   ,  822   ,  1 158   ,  1 980   ,  839   ,  1 188   ,  2 027   ,  833   ,  1 186   ,  2 019   ,  841   ,  1 199   ,  2 040   ,  871   ,  1 247   ,  2 118   ,  887   ,  1 280   ,  2 167   ,  920   ,  1 361   ,  2 281   ,  977   ,  1 486   ,  2 463   
,48,  572   ,  771   ,  1 343   ,  574   ,  759   ,  1 333   ,  584   ,  770   ,  1 354   ,  612   ,  806   ,  1 418   ,  634   ,  837   ,  1 471   ,  677   ,  909   ,  1 586   ,  739   ,  1 014   ,  1 753   ,  776   ,  1 079   ,  1 855   ,  800   ,  1 128   ,  1 928   ,  833   ,  1 184   ,  2 017   ,  849   ,  1 214   ,  2 063   ,  843   ,  1 212   ,  2 055   ,  852   ,  1 226   ,  2 078   ,  883   ,  1 276   ,  2 159   ,  899   ,  1 309   ,  2 208   ,  933   ,  1 393   ,  2 326   
,49,  561   ,  776   ,  1 337   ,  571   ,  779   ,  1 350   ,  573   ,  766   ,  1 339   ,  583   ,  777   ,  1 360   ,  611   ,  814   ,  1 425   ,  633   ,  846   ,  1 479   ,  677   ,  918   ,  1 595   ,  739   ,  1 024   ,  1 763   ,  778   ,  1 094   ,  1 872   ,  802   ,  1 142   ,  1 944   ,  835   ,  1 198   ,  2 033   ,  851   ,  1 229   ,  2 080   ,  846   ,  1 226   ,  2 072   ,  854   ,  1 241   ,  2 095   ,  886   ,  1 292   ,  2 178   ,  902   ,  1 326   ,  2 228   
,50,  549   ,  760   ,  1 309   ,  558   ,  777   ,  1 335   ,  569   ,  779   ,  1 348   ,  571   ,  768   ,  1 339   ,  581   ,  778   ,  1 359   ,  610   ,  815   ,  1 425   ,  632   ,  846   ,  1 478   ,  676   ,  918   ,  1 594   ,  740   ,  1 030   ,  1 770   ,  779   ,  1 099   ,  1 878   ,  803   ,  1 145   ,  1 948   ,  835   ,  1 201   ,  2 036   ,  852   ,  1 233   ,  2 085   ,  847   ,  1 231   ,  2 078   ,  856   ,  1 246   ,  2 102   ,  888   ,  1 297   ,  2 185   
,51,  547   ,  755   ,  1 302   ,  550   ,  766   ,  1 316   ,  560   ,  784   ,  1 344   ,  571   ,  786   ,  1 357   ,  573   ,  774   ,  1 347   ,  584   ,  785   ,  1 369   ,  612   ,  822   ,  1 434   ,  635   ,  853   ,  1 488   ,  681   ,  931   ,  1 612   ,  746   ,  1 041   ,  1 787   ,  785   ,  1 110   ,  1 895   ,  809   ,  1 157   ,  1 966   ,  842   ,  1 215   ,  2 057   ,  859   ,  1 247   ,  2 106   ,  854   ,  1 245   ,  2 099   ,  864   ,  1 261   ,  2 125   
,52,  528   ,  721   ,  1 249   ,  538   ,  742   ,  1 280   ,  542   ,  753   ,  1 295   ,  552   ,  770   ,  1 322   ,  563   ,  772   ,  1 335   ,  565   ,  761   ,  1 326   ,  576   ,  771   ,  1 347   ,  604   ,  807   ,  1 411   ,  628   ,  842   ,  1 470   ,  674   ,  917   ,  1 591   ,  738   ,  1 024   ,  1 762   ,  776   ,  1 092   ,  1 868   ,  801   ,  1 139   ,  1 940   ,  834   ,  1 196   ,  2 030   ,  851   ,  1 228   ,  2 079   ,  847   ,  1 227   ,  2 074   
,53,  484   ,  641   ,  1 125   ,  529   ,  715   ,  1 244   ,  539   ,  735   ,  1 274   ,  543   ,  746   ,  1 289   ,  553   ,  763   ,  1 316   ,  564   ,  766   ,  1 330   ,  567   ,  753   ,  1 320   ,  578   ,  763   ,  1 341   ,  608   ,  804   ,  1 412   ,  632   ,  837   ,  1 469   ,  678   ,  910   ,  1 588   ,  742   ,  1 018   ,  1 760   ,  782   ,  1 085   ,  1 867   ,  806   ,  1 132   ,  1 938   ,  840   ,  1 189   ,  2 029   ,  858   ,  1 221   ,  2 079   
,54,  454   ,  577   ,  1 031   ,  484   ,  630   ,  1 114   ,  529   ,  703   ,  1 232   ,  539   ,  723   ,  1 262   ,  543   ,  734   ,  1 277   ,  554   ,  751   ,  1 305   ,  565   ,  753   ,  1 318   ,  567   ,  741   ,  1 308   ,  581   ,  756   ,  1 337   ,  611   ,  793   ,  1 404   ,  635   ,  825   ,  1 460   ,  681   ,  897   ,  1 578   ,  746   ,  1 003   ,  1 749   ,  786   ,  1 071   ,  1 857   ,  811   ,  1 117   ,  1 928   ,  845   ,  1 173   ,  2 018   
,55,  446   ,  565   ,  1 011   ,  449   ,  571   ,  1 020   ,  479   ,  624   ,  1 103   ,  524   ,  697   ,  1 221   ,  534   ,  717   ,  1 251   ,  539   ,  727   ,  1 266   ,  549   ,  743   ,  1 292   ,  560   ,  746   ,  1 306   ,  565   ,  738   ,  1 303   ,  577   ,  751   ,  1 328   ,  607   ,  787   ,  1 394   ,  631   ,  819   ,  1 450   ,  677   ,  890   ,  1 567   ,  742   ,  996   ,  1 738   ,  782   ,  1 063   ,  1 845   ,  808   ,  1 110   ,  1 918   
,56,  425   ,  537   ,  962   ,  440   ,  555   ,  995   ,  443   ,  562   ,  1 005   ,  473   ,  614   ,  1 087   ,  517   ,  685   ,  1 202   ,  528   ,  705   ,  1 233   ,  532   ,  715   ,  1 247   ,  543   ,  731   ,  1 274   ,  555   ,  738   ,  1 293   ,  560   ,  728   ,  1 288   ,  572   ,  739   ,  1 311   ,  601   ,  775   ,  1 376   ,  626   ,  807   ,  1 433   ,  671   ,  878   ,  1 549   ,  736   ,  982   ,  1 718   ,  776   ,  1 048   ,  1 824   
,57,  417   ,  536   ,  953   ,  423   ,  539   ,  962   ,  438   ,  558   ,  996   ,  442   ,  565   ,  1 007   ,  472   ,  618   ,  1 090   ,  517   ,  689   ,  1 206   ,  527   ,  708   ,  1 235   ,  531   ,  718   ,  1 249   ,  544   ,  739   ,  1 283   ,  556   ,  744   ,  1 300   ,  560   ,  733   ,  1 293   ,  572   ,  744   ,  1 316   ,  602   ,  781   ,  1 383   ,  627   ,  813   ,  1 440   ,  673   ,  885   ,  1 558   ,  739   ,  991   ,  1 730   
,58,  437   ,  576   ,  1 013   ,  419   ,  538   ,  957   ,  425   ,  542   ,  967   ,  440   ,  560   ,  1 000   ,  444   ,  567   ,  1 011   ,  475   ,  621   ,  1 096   ,  520   ,  692   ,  1 212   ,  530   ,  711   ,  1 241   ,  536   ,  726   ,  1 262   ,  548   ,  744   ,  1 292   ,  561   ,  748   ,  1 309   ,  565   ,  738   ,  1 303   ,  577   ,  749   ,  1 326   ,  608   ,  787   ,  1 395   ,  633   ,  819   ,  1 452   ,  680   ,  892   ,  1 572   
,59,  437   ,  589   ,  1 026   ,  434   ,  574   ,  1 008   ,  416   ,  536   ,  952   ,  422   ,  540   ,  962   ,  437   ,  558   ,  995   ,  441   ,  565   ,  1 006   ,  472   ,  618   ,  1 090   ,  517   ,  689   ,  1 206   ,  528   ,  713   ,  1 241   ,  535   ,  726   ,  1 261   ,  546   ,  743   ,  1 289   ,  559   ,  747   ,  1 306   ,  563   ,  737   ,  1 300   ,  576   ,  749   ,  1 325   ,  606   ,  786   ,  1 392   ,  632   ,  819   ,  1 451   
,60,  416   ,  560   ,  976   ,  433   ,  586   ,  1 019   ,  429   ,  572   ,  1 001   ,  412   ,  534   ,  946   ,  418   ,  538   ,  956   ,  434   ,  557   ,  991   ,  437   ,  563   ,  1 000   ,  468   ,  615   ,  1 083   ,  514   ,  691   ,  1 205   ,  526   ,  713   ,  1 239   ,  532   ,  724   ,  1 256   ,  544   ,  742   ,  1 286   ,  556   ,  746   ,  1 302   ,  561   ,  736   ,  1 297   ,  574   ,  749   ,  1 323   ,  604   ,  786   ,  1 390   
,61,  405   ,  544   ,  949   ,  405   ,  552   ,  957   ,  422   ,  579   ,  1 001   ,  419   ,  564   ,  983   ,  402   ,  527   ,  929   ,  408   ,  531   ,  939   ,  423   ,  549   ,  972   ,  427   ,  555   ,  982   ,  458   ,  611   ,  1 069   ,  503   ,  684   ,  1 187   ,  515   ,  705   ,  1 220   ,  520   ,  717   ,  1 237   ,  532   ,  734   ,  1 266   ,  545   ,  739   ,  1 284   ,  549   ,  729   ,  1 278   ,  562   ,  742   ,  1 304   
,62,  383   ,  506   ,  889   ,  393   ,  530   ,  923   ,  393   ,  538   ,  931   ,  410   ,  564   ,  974   ,  407   ,  550   ,  957   ,  391   ,  514   ,  905   ,  397   ,  517   ,  914   ,  412   ,  535   ,  947   ,  416   ,  545   ,  961   ,  447   ,  597   ,  1 044   ,  491   ,  668   ,  1 159   ,  502   ,  688   ,  1 190   ,  508   ,  700   ,  1 208   ,  520   ,  718   ,  1 238   ,  532   ,  722   ,  1 254   ,  537   ,  713   ,  1 250   
,63,  336   ,  433   ,  769   ,  373   ,  504   ,  877   ,  383   ,  528   ,  911   ,  384   ,  536   ,  920   ,  400   ,  562   ,  962   ,  398   ,  548   ,  946   ,  382   ,  511   ,  893   ,  388   ,  515   ,  903   ,  404   ,  537   ,  941   ,  409   ,  545   ,  954   ,  438   ,  597   ,  1 035   ,  481   ,  667   ,  1 148   ,  493   ,  688   ,  1 181   ,  499   ,  700   ,  1 199   ,  511   ,  718   ,  1 229   ,  523   ,  723   ,  1 246   
,64,  305   ,  375   ,  680   ,  329   ,  425   ,  754   ,  366   ,  494   ,  860   ,  375   ,  518   ,  893   ,  376   ,  526   ,  902   ,  393   ,  551   ,  944   ,  390   ,  537   ,  927   ,  374   ,  501   ,  875   ,  382   ,  509   ,  891   ,  398   ,  528   ,  926   ,  402   ,  535   ,  937   ,  431   ,  586   ,  1 017   ,  474   ,  656   ,  1 130   ,  486   ,  677   ,  1 163   ,  491   ,  689   ,  1 180   ,  503   ,  707   ,  1 210   
,65,  297   ,  363   ,  660   ,  299   ,  374   ,  673   ,  324   ,  423   ,  747   ,  360   ,  493   ,  853   ,  370   ,  517   ,  887   ,  371   ,  525   ,  896   ,  387   ,  549   ,  936   ,  384   ,  535   ,  919   ,  370   ,  504   ,  874   ,  377   ,  509   ,  886   ,  392   ,  527   ,  919   ,  397   ,  535   ,  932   ,  426   ,  587   ,  1 013   ,  469   ,  656   ,  1 125   ,  480   ,  677   ,  1 157   ,  486   ,  689   ,  1 175   
,66,  288   ,  343   ,  631   ,  300   ,  361   ,  661   ,  303   ,  371   ,  674   ,  328   ,  421   ,  749   ,  365   ,  489   ,  854   ,  375   ,  513   ,  888   ,  376   ,  521   ,  897   ,  392   ,  546   ,  938   ,  391   ,  536   ,  927   ,  377   ,  502   ,  879   ,  383   ,  507   ,  890   ,  399   ,  525   ,  924   ,  404   ,  533   ,  937   ,  434   ,  585   ,  1 019   ,  478   ,  655   ,  1 133   ,  490   ,  676   ,  1 166   
,67,  284   ,  340   ,  624   ,  290   ,  347   ,  637   ,  303   ,  365   ,  668   ,  306   ,  376   ,  682   ,  331   ,  426   ,  757   ,  368   ,  496   ,  864   ,  379   ,  520   ,  899   ,  380   ,  527   ,  907   ,  398   ,  557   ,  955   ,  397   ,  544   ,  941   ,  382   ,  510   ,  892   ,  389   ,  515   ,  904   ,  405   ,  534   ,  939   ,  410   ,  542   ,  952   ,  441   ,  595   ,  1 036   ,  485   ,  666   ,  1 151   
,68,  303   ,  375   ,  678   ,  288   ,  344   ,  632   ,  294   ,  351   ,  645   ,  307   ,  369   ,  676   ,  310   ,  380   ,  690   ,  336   ,  431   ,  767   ,  374   ,  501   ,  875   ,  384   ,  526   ,  910   ,  387   ,  538   ,  925   ,  405   ,  565   ,  970   ,  403   ,  552   ,  955   ,  388   ,  517   ,  905   ,  396   ,  523   ,  919   ,  412   ,  542   ,  954   ,  418   ,  551   ,  969   ,  449   ,  605   ,  1 054   
,69,  305   ,  389   ,  694   ,  296   ,  367   ,  663   ,  282   ,  337   ,  619   ,  288   ,  344   ,  632   ,  301   ,  362   ,  663   ,  304   ,  373   ,  677   ,  330   ,  423   ,  753   ,  367   ,  492   ,  859   ,  379   ,  520   ,  899   ,  381   ,  529   ,  910   ,  399   ,  556   ,  955   ,  398   ,  544   ,  942   ,  383   ,  509   ,  892   ,  391   ,  515   ,  906   ,  407   ,  534   ,  941   ,  413   ,  543   ,  956   
,70,  298   ,  373   ,  671   ,  300   ,  376   ,  676   ,  292   ,  355   ,  647   ,  278   ,  326   ,  604   ,  284   ,  332   ,  616   ,  297   ,  350   ,  647   ,  300   ,  360   ,  660   ,  325   ,  409   ,  734   ,  364   ,  479   ,  843   ,  375   ,  504   ,  879   ,  378   ,  513   ,  891   ,  395   ,  539   ,  934   ,  394   ,  527   ,  921   ,  380   ,  495   ,  875   ,  387   ,  500   ,  887   ,  404   ,  519   ,  923   
,71,  285   ,  360   ,  645   ,  283   ,  360   ,  643   ,  286   ,  362   ,  648   ,  278   ,  342   ,  620   ,  265   ,  314   ,  579   ,  271   ,  321   ,  592   ,  283   ,  338   ,  621   ,  286   ,  347   ,  633   ,  312   ,  397   ,  709   ,  349   ,  464   ,  813   ,  360   ,  488   ,  848   ,  362   ,  496   ,  858   ,  379   ,  522   ,  901   ,  378   ,  511   ,  889   ,  365   ,  479   ,  844   ,  372   ,  485   ,  857   
,72,  268   ,  335   ,  603   ,  272   ,  342   ,  614   ,  271   ,  342   ,  613   ,  273   ,  345   ,  618   ,  266   ,  326   ,  592   ,  254   ,  299   ,  553   ,  259   ,  305   ,  564   ,  271   ,  322   ,  593   ,  276   ,  333   ,  609   ,  300   ,  380   ,  680   ,  335   ,  443   ,  778   ,  346   ,  466   ,  812   ,  348   ,  474   ,  822   ,  365   ,  499   ,  864   ,  365   ,  489   ,  854   ,  352   ,  459   ,  811   
,73,  232   ,  266   ,  498   ,  259   ,  312   ,  571   ,  262   ,  318   ,  580   ,  261   ,  319   ,  580   ,  264   ,  321   ,  585   ,  257   ,  303   ,  560   ,  245   ,  278   ,  523   ,  251   ,  284   ,  535   ,  263   ,  302   ,  565   ,  268   ,  312   ,  580   ,  291   ,  355   ,  646   ,  325   ,  414   ,  739   ,  336   ,  436   ,  772   ,  339   ,  444   ,  783   ,  355   ,  468   ,  823   ,  355   ,  458   ,  813   
,74,  194   ,  213   ,  407   ,  215   ,  250   ,  465   ,  239   ,  293   ,  532   ,  243   ,  299   ,  542   ,  242   ,  299   ,  541   ,  244   ,  302   ,  546   ,  238   ,  285   ,  523   ,  227   ,  262   ,  489   ,  233   ,  270   ,  503   ,  245   ,  285   ,  530   ,  249   ,  294   ,  543   ,  271   ,  335   ,  606   ,  303   ,  391   ,  694   ,  313   ,  412   ,  725   ,  316   ,  420   ,  736   ,  332   ,  442   ,  774   
,75,  173   ,  195   ,  368   ,  177   ,  198   ,  375   ,  197   ,  232   ,  429   ,  219   ,  272   ,  491   ,  222   ,  278   ,  500   ,  222   ,  278   ,  500   ,  224   ,  280   ,  504   ,  219   ,  265   ,  484   ,  209   ,  245   ,  454   ,  215   ,  251   ,  466   ,  225   ,  265   ,  490   ,  229   ,  274   ,  503   ,  250   ,  312   ,  562   ,  280   ,  365   ,  645   ,  289   ,  384   ,  673   ,  292   ,  392   ,  684   
,76,  157   ,  182   ,  339   ,  162   ,  185   ,  347   ,  166   ,  188   ,  354   ,  184   ,  221   ,  405   ,  205   ,  259   ,  464   ,  208   ,  265   ,  473   ,  208   ,  265   ,  473   ,  210   ,  267   ,  477   ,  206   ,  255   ,  461   ,  197   ,  235   ,  432   ,  202   ,  240   ,  442   ,  212   ,  254   ,  466   ,  216   ,  263   ,  479   ,  235   ,  299   ,  534   ,  264   ,  350   ,  614   ,  273   ,  369   ,  642   
,77,  146   ,  177   ,  323   ,  146   ,  174   ,  320   ,  150   ,  178   ,  328   ,  154   ,  181   ,  335   ,  171   ,  212   ,  383   ,  191   ,  249   ,  440   ,  194   ,  255   ,  449   ,  194   ,  255   ,  449   ,  196   ,  259   ,  455   ,  192   ,  246   ,  438   ,  184   ,  227   ,  411   ,  189   ,  232   ,  421   ,  198   ,  246   ,  444   ,  202   ,  254   ,  456   ,  220   ,  290   ,  510   ,  247   ,  339   ,  586   
,78,  141   ,  192   ,  333   ,  136   ,  176   ,  312   ,  135   ,  173   ,  308   ,  139   ,  177   ,  316   ,  143   ,  180   ,  323   ,  159   ,  211   ,  370   ,  177   ,  248   ,  425   ,  180   ,  254   ,  434   ,  181   ,  257   ,  438   ,  184   ,  260   ,  444   ,  180   ,  246   ,  426   ,  172   ,  227   ,  399   ,  177   ,  233   ,  410   ,  186   ,  246   ,  432   ,  189   ,  255   ,  444   ,  207   ,  291   ,  498   
,79,  135   ,  193   ,  328   ,  131   ,  179   ,  310   ,  126   ,  164   ,  290   ,  126   ,  162   ,  288   ,  129   ,  165   ,  294   ,  133   ,  168   ,  301   ,  148   ,  197   ,  345   ,  165   ,  232   ,  397   ,  169   ,  239   ,  408   ,  169   ,  241   ,  410   ,  172   ,  243   ,  415   ,  168   ,  231   ,  399   ,  161   ,  213   ,  374   ,  166   ,  219   ,  385   ,  174   ,  232   ,  406   ,  178   ,  240   ,  418   
,80+,  975   ,  1 441   ,  2 416   ,  945   ,  1 397   ,  2 342   ,  913   ,  1 345   ,  2 258   ,  884   ,  1 288   ,  2 172   ,  860   ,  1 241   ,  2 101   ,  845   ,  1 202   ,  2 047   ,  835   ,  1 174   ,  2 009   ,  843   ,  1 175   ,  2 018   ,  868   ,  1 222   ,  2 090   ,  894   ,  1 260   ,  2 154   ,  914   ,  1 294   ,  2 208   ,  937   ,  1 325   ,  2 262   ,  950   ,  1 341   ,  2 291   ,  959   ,  1 340   ,  2 299   ,  970   ,  1 345   ,  2 315   ,  990   ,  1 362   ,  2 352   
,Total,  93 942   ,  103 901   ,  197 843   ,  96 456   ,  106 553   ,  203 009   ,  98 995   ,  109 229   ,  208 224   ,  101 554   ,  111 929   ,  213 483   ,  104 119   ,  114 642   ,  218 761   ,  106 709   ,  117 377   ,  224 086   ,  109 224   ,  120 022   ,  229 246   ,  111 750   ,  122 680   ,  234 430   ,  114 480   ,  125 694   ,  240 174   ,  117 272   ,  128 655   ,  245 927   ,  119 928   ,  131 460   ,  251 388   ,  122 633   ,  134 306   ,  256 939   ,  125 394   ,  137 211   ,  262 605   ,  128 213   ,  140 179   ,  268 392   ,  131 079   ,  143 201   ,  274 280   ,  134 008   ,  146 278   ,  280 286   
,,,,,,,,,,,,,,,,,,,,,,,,,,,,,,,,,,,,,,,,,,,,,,,,,
,,,,,,,,,,,,,,,,,,,,,,,,,,,,,,,,,,,,,,,,,,,,,,,,,
ZOUNDWEOGO,,,,,,,,,,,,,,,,,,,,,,,,,,,,,,,,,,,,,,,,,,,,,,,,,
,,2020,,,2021,,,2022,,,2023,,,2024,,,2025,,,2026,,,2027,,,2028,,,2029,,,2030,,,2031,,,2032,,,2033,,,2034,,,2035,,
, Ages,Ensemble,,,Ensemble,,,Ensemble,,,Ensemble,,,Ensemble,,,Ensemble,,,Ensemble,,,Ensemble,,,Ensemble,,,Ensemble,,,Ensemble,,,Ensemble,,,Ensemble,,,Ensemble,,,Ensemble,,,Ensemble,,
,,Homme ,Femme,Ensemble,Homme ,Femme,Ensemble,Homme ,Femme,Ensemble,Homme ,Femme,Ensemble,Homme ,Femme,Ensemble,Homme ,Femme,Ensemble,Homme ,Femme,Ensemble,Homme ,Femme,Ensemble,Homme ,Femme,Ensemble,Homme ,Femme,Ensemble,Homme ,Femme,Ensemble,Homme ,Femme,Ensemble,Homme ,Femme,Ensemble,Homme ,Femme,Ensemble,Homme ,Femme,Ensemble,Homme ,Femme,Ensemble
,0,  6 092   ,  5 650   ,  11 742   ,  6 098   ,  5 649   ,  11 747   ,  6 122   ,  5 670   ,  11 792   ,  6 138   ,  5 682   ,  11 820   ,  6 149   ,  5 688   ,  11 837   ,  6 158   ,  5 691   ,  11 849   ,  6 164   ,  5 690   ,  11 854   ,  6 171   ,  5 689   ,  11 860   ,  6 173   ,  5 683   ,  11 856   ,  6 189   ,  5 689   ,  11 878   ,  6 194   ,  5 686   ,  11 880   ,  6 266   ,  5 744   ,  12 010   ,  6 343   ,  5 806   ,  12 149   ,  6 423   ,  5 870   ,  12 293   ,  6 501   ,  5 932   ,  12 433   ,  6 575   ,  5 990   ,  12 565   
,1,  5 999   ,  5 595   ,  11 594   ,  5 952   ,  5 535   ,  11 487   ,  5 964   ,  5 538   ,  11 502   ,  5 993   ,  5 562   ,  11 555   ,  6 015   ,  5 577   ,  11 592   ,  6 031   ,  5 585   ,  11 616   ,  6 042   ,  5 588   ,  11 630   ,  6 054   ,  5 590   ,  11 644   ,  6 063   ,  5 591   ,  11 654   ,  6 087   ,  5 604   ,  11 691   ,  6 101   ,  5 607   ,  11 708   ,  6 110   ,  5 607   ,  11 717   ,  6 186   ,  5 669   ,  11 855   ,  6 267   ,  5 734   ,  12 001   ,  6 349   ,  5 802   ,  12 151   ,  6 431   ,  5 868   ,  12 299   
,2,  5 846   ,  5 494   ,  11 340   ,  5 935   ,  5 548   ,  11 483   ,  5 892   ,  5 490   ,  11 382   ,  5 906   ,  5 495   ,  11 401   ,  5 939   ,  5 520   ,  11 459   ,  5 963   ,  5 537   ,  11 500   ,  5 978   ,  5 543   ,  11 521   ,  5 992   ,  5 548   ,  11 540   ,  6 004   ,  5 551   ,  11 555   ,  6 033   ,  5 568   ,  11 601   ,  6 053   ,  5 577   ,  11 630   ,  6 068   ,  5 582   ,  11 650   ,  6 081   ,  5 585   ,  11 666   ,  6 160   ,  5 650   ,  11 810   ,  6 242   ,  5 718   ,  11 960   ,  6 328   ,  5 788   ,  12 116   
,3,  5 644   ,  5 346   ,  10 990   ,  5 770   ,  5 430   ,  11 200   ,  5 860   ,  5 485   ,  11 345   ,  5 820   ,  5 428   ,  11 248   ,  5 836   ,  5 434   ,  11 270   ,  5 871   ,  5 459   ,  11 330   ,  5 893   ,  5 473   ,  11 366   ,  5 910   ,  5 480   ,  11 390   ,  5 924   ,  5 486   ,  11 410   ,  5 955   ,  5 505   ,  11 460   ,  5 978   ,  5 516   ,  11 494   ,  5 999   ,  5 526   ,  11 525   ,  6 016   ,  5 534   ,  11 550   ,  6 031   ,  5 539   ,  11 570   ,  6 112   ,  5 605   ,  11 717   ,  6 197   ,  5 675   ,  11 872   
,4,  5 447   ,  5 195   ,  10 642   ,  5 584   ,  5 289   ,  10 873   ,  5 711   ,  5 374   ,  11 085   ,  5 802   ,  5 429   ,  11 231   ,  5 764   ,  5 374   ,  11 138   ,  5 783   ,  5 380   ,  11 163   ,  5 814   ,  5 402   ,  11 216   ,  5 839   ,  5 416   ,  11 255   ,  5 858   ,  5 426   ,  11 284   ,  5 889   ,  5 445   ,  11 334   ,  5 913   ,  5 459   ,  11 372   ,  5 938   ,  5 472   ,  11 410   ,  5 961   ,  5 484   ,  11 445   ,  5 980   ,  5 494   ,  11 474   ,  5 997   ,  5 501   ,  11 498   ,  6 079   ,  5 568   ,  11 647   
,5,  5 209   ,  4 999   ,  10 208   ,  5 396   ,  5 153   ,  10 549   ,  5 532   ,  5 248   ,  10 780   ,  5 661   ,  5 332   ,  10 993   ,  5 753   ,  5 387   ,  11 140   ,  5 717   ,  5 333   ,  11 050   ,  5 733   ,  5 336   ,  11 069   ,  5 767   ,  5 359   ,  11 126   ,  5 794   ,  5 377   ,  11 171   ,  5 828   ,  5 398   ,  11 226   ,  5 853   ,  5 412   ,  11 265   ,  5 879   ,  5 427   ,  11 306   ,  5 906   ,  5 442   ,  11 348   ,  5 930   ,  5 456   ,  11 386   ,  5 952   ,  5 467   ,  11 419   ,  5 970   ,  5 476   ,  11 446   
,6,  5 005   ,  4 820   ,  9 825   ,  5 183   ,  4 981   ,  10 164   ,  5 371   ,  5 135   ,  10 506   ,  5 509   ,  5 230   ,  10 739   ,  5 638   ,  5 314   ,  10 952   ,  5 732   ,  5 369   ,  11 101   ,  5 694   ,  5 312   ,  11 006   ,  5 712   ,  5 316   ,  11 028   ,  5 749   ,  5 342   ,  11 091   ,  5 789   ,  5 370   ,  11 159   ,  5 817   ,  5 387   ,  11 204   ,  5 844   ,  5 402   ,  11 246   ,  5 871   ,  5 418   ,  11 289   ,  5 899   ,  5 435   ,  11 334   ,  5 926   ,  5 451   ,  11 377   ,  5 949   ,  5 463   ,  11 412   
,7,  4 868   ,  4 688   ,  9 556   ,  4 982   ,  4 807   ,  9 789   ,  5 162   ,  4 968   ,  10 130   ,  5 350   ,  5 122   ,  10 472   ,  5 489   ,  5 216   ,  10 705   ,  5 620   ,  5 301   ,  10 921   ,  5 711   ,  5 353   ,  11 064   ,  5 674   ,  5 296   ,  10 970   ,  5 696   ,  5 304   ,  11 000   ,  5 745   ,  5 341   ,  11 086   ,  5 780   ,  5 363   ,  11 143   ,  5 809   ,  5 381   ,  11 190   ,  5 837   ,  5 398   ,  11 235   ,  5 867   ,  5 416   ,  11 283   ,  5 897   ,  5 434   ,  11 331   ,  5 924   ,  5 451   ,  11 375   
,8,  4 740   ,  4 558   ,  9 298   ,  4 823   ,  4 658   ,  9 481   ,  4 937   ,  4 776   ,  9 713   ,  5 116   ,  4 937   ,  10 053   ,  5 304   ,  5 090   ,  10 394   ,  5 444   ,  5 184   ,  10 628   ,  5 571   ,  5 265   ,  10 836   ,  5 662   ,  5 317   ,  10 979   ,  5 631   ,  5 265   ,  10 896   ,  5 665   ,  5 282   ,  10 947   ,  5 708   ,  5 313   ,  11 021   ,  5 744   ,  5 337   ,  11 081   ,  5 774   ,  5 356   ,  11 130   ,  5 804   ,  5 374   ,  11 178   ,  5 834   ,  5 394   ,  11 228   ,  5 865   ,  5 413   ,  11 278   
,9,  4 599   ,  4 414   ,  9 013   ,  4 731   ,  4 568   ,  9 299   ,  4 814   ,  4 668   ,  9 482   ,  4 930   ,  4 787   ,  9 717   ,  5 110   ,  4 948   ,  10 058   ,  5 300   ,  5 101   ,  10 401   ,  5 436   ,  5 193   ,  10 629   ,  5 565   ,  5 274   ,  10 839   ,  5 661   ,  5 330   ,  10 991   ,  5 640   ,  5 287   ,  10 927   ,  5 668   ,  5 299   ,  10 967   ,  5 712   ,  5 331   ,  11 043   ,  5 750   ,  5 356   ,  11 106   ,  5 782   ,  5 377   ,  11 159   ,  5 813   ,  5 396   ,  11 209   ,  5 845   ,  5 417   ,  11 262   
,10,  4 365   ,  4 218   ,  8 583   ,  4 538   ,  4 407   ,  8 945   ,  4 670   ,  4 560   ,  9 230   ,  4 753   ,  4 661   ,  9 414   ,  4 869   ,  4 779   ,  9 648   ,  5 048   ,  4 940   ,  9 988   ,  5 232   ,  5 090   ,  10 322   ,  5 369   ,  5 182   ,  10 551   ,  5 502   ,  5 268   ,  10 770   ,  5 608   ,  5 333   ,  10 941   ,  5 582   ,  5 285   ,  10 867   ,  5 610   ,  5 298   ,  10 908   ,  5 656   ,  5 331   ,  10 987   ,  5 694   ,  5 358   ,  11 052   ,  5 727   ,  5 380   ,  11 107   ,  5 759   ,  5 401   ,  11 160   
,11,  4 217   ,  4 079   ,  8 296   ,  4 338   ,  4 206   ,  8 544   ,  4 511   ,  4 394   ,  8 905   ,  4 643   ,  4 548   ,  9 191   ,  4 727   ,  4 648   ,  9 375   ,  4 844   ,  4 766   ,  9 610   ,  5 019   ,  4 923   ,  9 942   ,  5 204   ,  5 073   ,  10 277   ,  5 348   ,  5 170   ,  10 518   ,  5 489   ,  5 265   ,  10 754   ,  5 589   ,  5 324   ,  10 913   ,  5 564   ,  5 277   ,  10 841   ,  5 593   ,  5 291   ,  10 884   ,  5 640   ,  5 326   ,  10 966   ,  5 679   ,  5 354   ,  11 033   ,  5 714   ,  5 377   ,  11 091   
,12,  4 092   ,  3 955   ,  8 047   ,  4 234   ,  4 085   ,  8 319   ,  4 357   ,  4 213   ,  8 570   ,  4 532   ,  4 401   ,  8 933   ,  4 666   ,  4 555   ,  9 221   ,  4 751   ,  4 656   ,  9 407   ,  4 866   ,  4 771   ,  9 637   ,  5 044   ,  4 928   ,  9 972   ,  5 238   ,  5 084   ,  10 322   ,  5 389   ,  5 189   ,  10 578   ,  5 525   ,  5 278   ,  10 803   ,  5 627   ,  5 339   ,  10 966   ,  5 603   ,  5 292   ,  10 895   ,  5 634   ,  5 308   ,  10 942   ,  5 682   ,  5 344   ,  11 026   ,  5 723   ,  5 373   ,  11 096   
,13,  3 924   ,  3 818   ,  7 742   ,  4 125   ,  3 993   ,  8 118   ,  4 269   ,  4 125   ,  8 394   ,  4 393   ,  4 253   ,  8 646   ,  4 571   ,  4 444   ,  9 015   ,  4 707   ,  4 599   ,  9 306   ,  4 791   ,  4 698   ,  9 489   ,  4 908   ,  4 814   ,  9 722   ,  5 097   ,  4 979   ,  10 076   ,  5 300   ,  5 143   ,  10 443   ,  5 447   ,  5 243   ,  10 690   ,  5 586   ,  5 334   ,  10 920   ,  5 690   ,  5 397   ,  11 087   ,  5 666   ,  5 351   ,  11 017   ,  5 699   ,  5 368   ,  11 067   ,  5 750   ,  5 405   ,  11 155   
,14,  3 731   ,  3 645   ,  7 376   ,  3 893   ,  3 764   ,  7 657   ,  4 094   ,  3 936   ,  8 030   ,  4 238   ,  4 066   ,  8 304   ,  4 363   ,  4 193   ,  8 556   ,  4 540   ,  4 380   ,  8 920   ,  4 673   ,  4 530   ,  9 203   ,  4 758   ,  4 627   ,  9 385   ,  4 883   ,  4 749   ,  9 632   ,  5 076   ,  4 918   ,  9 994   ,  5 271   ,  5 075   ,  10 346   ,  5 418   ,  5 174   ,  10 592   ,  5 558   ,  5 265   ,  10 823   ,  5 662   ,  5 328   ,  10 990   ,  5 641   ,  5 284   ,  10 925   ,  5 675   ,  5 301   ,  10 976   
,15,  3 636   ,  3 641   ,  7 277   ,  3 825   ,  3 746   ,  7 571   ,  3 992   ,  3 867   ,  7 859   ,  4 199   ,  4 045   ,  8 244   ,  4 349   ,  4 178   ,  8 527   ,  4 478   ,  4 308   ,  8 786   ,  4 658   ,  4 498   ,  9 156   ,  4 796   ,  4 651   ,  9 447   ,  4 895   ,  4 762   ,  9 657   ,  5 028   ,  4 891   ,  9 919   ,  5 221   ,  5 060   ,  10 281   ,  5 423   ,  5 221   ,  10 644   ,  5 575   ,  5 325   ,  10 900   ,  5 721   ,  5 420   ,  11 141   ,  5 830   ,  5 485   ,  11 315   ,  5 810   ,  5 441   ,  11 251   
,16,  3 454   ,  3 506   ,  6 960   ,  3 695   ,  3 628   ,  7 323   ,  3 889   ,  3 732   ,  7 621   ,  4 060   ,  3 854   ,  7 914   ,  4 272   ,  4 030   ,  8 302   ,  4 425   ,  4 163   ,  8 588   ,  4 555   ,  4 289   ,  8 844   ,  4 739   ,  4 478   ,  9 217   ,  4 891   ,  4 641   ,  9 532   ,  4 993   ,  4 752   ,  9 745   ,  5 124   ,  4 876   ,  10 000   ,  5 321   ,  5 044   ,  10 365   ,  5 529   ,  5 207   ,  10 736   ,  5 687   ,  5 311   ,  10 998   ,  5 836   ,  5 406   ,  11 242   ,  5 949   ,  5 473   ,  11 422   
,17,  3 276   ,  3 360   ,  6 636   ,  3 434   ,  3 381   ,  6 815   ,  3 675   ,  3 499   ,  7 174   ,  3 869   ,  3 600   ,  7 469   ,  4 040   ,  3 717   ,  7 757   ,  4 253   ,  3 887   ,  8 140   ,  4 403   ,  4 012   ,  8 415   ,  4 533   ,  4 135   ,  8 668   ,  4 728   ,  4 327   ,  9 055   ,  4 881   ,  4 485   ,  9 366   ,  4 978   ,  4 587   ,  9 565   ,  5 109   ,  4 708   ,  9 817   ,  5 307   ,  4 872   ,  10 179   ,  5 516   ,  5 030   ,  10 546   ,  5 674   ,  5 132   ,  10 806   ,  5 825   ,  5 224   ,  11 049   
,18,  2 920   ,  3 131   ,  6 051   ,  3 002   ,  3 059   ,  6 061   ,  3 148   ,  3 078   ,  6 226   ,  3 370   ,  3 186   ,  6 556   ,  3 549   ,  3 277   ,  6 826   ,  3 707   ,  3 384   ,  7 091   ,  3 900   ,  3 536   ,  7 436   ,  4 040   ,  3 650   ,  7 690   ,  4 166   ,  3 771   ,  7 937   ,  4 347   ,  3 947   ,  8 294   ,  4 484   ,  4 087   ,  8 571   ,  4 573   ,  4 181   ,  8 754   ,  4 695   ,  4 291   ,  8 986   ,  4 879   ,  4 442   ,  9 321   ,  5 072   ,  4 586   ,  9 658   ,  5 219   ,  4 680   ,  9 899   
,19,  2 654   ,  3 001   ,  5 655   ,  2 750   ,  2 989   ,  5 739   ,  2 828   ,  2 920   ,  5 748   ,  2 966   ,  2 939   ,  5 905   ,  3 177   ,  3 042   ,  6 219   ,  3 347   ,  3 129   ,  6 476   ,  3 495   ,  3 229   ,  6 724   ,  3 678   ,  3 375   ,  7 053   ,  3 817   ,  3 492   ,  7 309   ,  3 940   ,  3 607   ,  7 547   ,  4 108   ,  3 771   ,  7 879   ,  4 237   ,  3 906   ,  8 143   ,  4 323   ,  3 997   ,  8 320   ,  4 440   ,  4 104   ,  8 544   ,  4 615   ,  4 248   ,  8 863   ,  4 799   ,  4 388   ,  9 187   
,20,  2 392   ,  2 802   ,  5 194   ,  2 503   ,  2 880   ,  5 383   ,  2 594   ,  2 868   ,  5 462   ,  2 669   ,  2 802   ,  5 471   ,  2 801   ,  2 820   ,  5 621   ,  3 002   ,  2 919   ,  5 921   ,  3 160   ,  3 001   ,  6 161   ,  3 302   ,  3 097   ,  6 399   ,  3 483   ,  3 245   ,  6 728   ,  3 617   ,  3 358   ,  6 975   ,  3 731   ,  3 465   ,  7 196   ,  3 890   ,  3 623   ,  7 513   ,  4 015   ,  3 754   ,  7 769   ,  4 097   ,  3 842   ,  7 939   ,  4 209   ,  3 945   ,  8 154   ,  4 376   ,  4 085   ,  8 461   
,21,  2 166   ,  2 616   ,  4 782   ,  2 249   ,  2 703   ,  4 952   ,  2 354   ,  2 779   ,  5 133   ,  2 442   ,  2 767   ,  5 209   ,  2 513   ,  2 704   ,  5 217   ,  2 638   ,  2 721   ,  5 359   ,  2 827   ,  2 814   ,  5 641   ,  2 978   ,  2 894   ,  5 872   ,  3 118   ,  2 994   ,  6 112   ,  3 292   ,  3 137   ,  6 429   ,  3 416   ,  3 243   ,  6 659   ,  3 524   ,  3 347   ,  6 871   ,  3 676   ,  3 501   ,  7 177   ,  3 795   ,  3 628   ,  7 423   ,  3 874   ,  3 714   ,  7 588   ,  3 981   ,  3 815   ,  7 796   
,22,  1 956   ,  2 413   ,  4 369   ,  2 051   ,  2 556   ,  4 607   ,  2 131   ,  2 642   ,  4 773   ,  2 232   ,  2 716   ,  4 948   ,  2 316   ,  2 704   ,  5 020   ,  2 384   ,  2 642   ,  5 026   ,  2 502   ,  2 657   ,  5 159   ,  2 683   ,  2 749   ,  5 432   ,  2 834   ,  2 834   ,  5 668   ,  2 969   ,  2 931   ,  5 900   ,  3 132   ,  3 068   ,  6 200   ,  3 251   ,  3 172   ,  6 423   ,  3 355   ,  3 275   ,  6 630   ,  3 501   ,  3 427   ,  6 928   ,  3 616   ,  3 552   ,  7 168   ,  3 692   ,  3 637   ,  7 329   
,23,  1 792   ,  2 264   ,  4 056   ,  1 887   ,  2 412   ,  4 299   ,  1 979   ,  2 555   ,  4 534   ,  2 057   ,  2 641   ,  4 698   ,  2 156   ,  2 715   ,  4 871   ,  2 238   ,  2 704   ,  4 942   ,  2 303   ,  2 640   ,  4 943   ,  2 419   ,  2 656   ,  5 075   ,  2 602   ,  2 756   ,  5 358   ,  2 749   ,  2 841   ,  5 590   ,  2 879   ,  2 936   ,  5 815   ,  3 038   ,  3 074   ,  6 112   ,  3 155   ,  3 179   ,  6 334   ,  3 257   ,  3 284   ,  6 541   ,  3 400   ,  3 436   ,  6 836   ,  3 513   ,  3 562   ,  7 075   
,24,  1 663   ,  2 120   ,  3 783   ,  1 715   ,  2 196   ,  3 911   ,  1 808   ,  2 340   ,  4 148   ,  1 897   ,  2 479   ,  4 376   ,  1 973   ,  2 563   ,  4 536   ,  2 069   ,  2 635   ,  4 704   ,  2 147   ,  2 622   ,  4 769   ,  2 212   ,  2 561   ,  4 773   ,  2 330   ,  2 584   ,  4 914   ,  2 506   ,  2 680   ,  5 186   ,  2 647   ,  2 759   ,  5 406   ,  2 772   ,  2 852   ,  5 624   ,  2 927   ,  2 988   ,  5 915   ,  3 041   ,  3 091   ,  6 132   ,  3 141   ,  3 193   ,  6 334   ,  3 280   ,  3 342   ,  6 622   
,25,  1 593   ,  2 063   ,  3 656   ,  1 611   ,  2 099   ,  3 710   ,  1 663   ,  2 175   ,  3 838   ,  1 753   ,  2 318   ,  4 071   ,  1 841   ,  2 456   ,  4 297   ,  1 916   ,  2 539   ,  4 455   ,  2 009   ,  2 609   ,  4 618   ,  2 087   ,  2 597   ,  4 684   ,  2 155   ,  2 544   ,  4 699   ,  2 270   ,  2 565   ,  4 835   ,  2 441   ,  2 657   ,  5 098   ,  2 579   ,  2 738   ,  5 317   ,  2 703   ,  2 831   ,  5 534   ,  2 855   ,  2 966   ,  5 821   ,  2 968   ,  3 069   ,  6 037   ,  3 066   ,  3 171   ,  6 237   
,26,  1 548   ,  2 027   ,  3 575   ,  1 558   ,  2 052   ,  3 610   ,  1 576   ,  2 088   ,  3 664   ,  1 627   ,  2 164   ,  3 791   ,  1 717   ,  2 306   ,  4 023   ,  1 805   ,  2 444   ,  4 249   ,  1 878   ,  2 525   ,  4 403   ,  1 970   ,  2 595   ,  4 565   ,  2 052   ,  2 592   ,  4 644   ,  2 119   ,  2 537   ,  4 656   ,  2 231   ,  2 555   ,  4 786   ,  2 401   ,  2 648   ,  5 049   ,  2 538   ,  2 729   ,  5 267   ,  2 661   ,  2 823   ,  5 484   ,  2 813   ,  2 958   ,  5 771   ,  2 925   ,  3 062   ,  5 987   
,27,  1 530   ,  2 027   ,  3 557   ,  1 524   ,  2 027   ,  3 551   ,  1 535   ,  2 053   ,  3 588   ,  1 553   ,  2 089   ,  3 642   ,  1 605   ,  2 166   ,  3 771   ,  1 694   ,  2 309   ,  4 003   ,  1 781   ,  2 445   ,  4 226   ,  1 854   ,  2 527   ,  4 381   ,  1 951   ,  2 606   ,  4 557   ,  2 032   ,  2 600   ,  4 632   ,  2 098   ,  2 543   ,  4 641   ,  2 210   ,  2 562   ,  4 772   ,  2 379   ,  2 656   ,  5 035   ,  2 517   ,  2 738   ,  5 255   ,  2 640   ,  2 833   ,  5 473   ,  2 791   ,  2 969   ,  5 760   
,28,  1 553   ,  2 124   ,  3 677   ,  1 498   ,  2 067   ,  3 565   ,  1 492   ,  2 067   ,  3 559   ,  1 503   ,  2 094   ,  3 597   ,  1 522   ,  2 131   ,  3 653   ,  1 574   ,  2 210   ,  3 784   ,  1 662   ,  2 354   ,  4 016   ,  1 747   ,  2 494   ,  4 241   ,  1 825   ,  2 586   ,  4 411   ,  1 921   ,  2 665   ,  4 586   ,  2 000   ,  2 657   ,  4 657   ,  2 065   ,  2 599   ,  4 664   ,  2 177   ,  2 620   ,  4 797   ,  2 345   ,  2 717   ,  5 062   ,  2 481   ,  2 801   ,  5 282   ,  2 604   ,  2 899   ,  5 503   
,29,  1 583   ,  2 173   ,  3 756   ,  1 555   ,  2 169   ,  3 724   ,  1 500   ,  2 110   ,  3 610   ,  1 495   ,  2 111   ,  3 606   ,  1 507   ,  2 138   ,  3 645   ,  1 526   ,  2 177   ,  3 703   ,  1 578   ,  2 256   ,  3 834   ,  1 668   ,  2 404   ,  4 072   ,  1 759   ,  2 556   ,  4 315   ,  1 838   ,  2 648   ,  4 486   ,  1 934   ,  2 726   ,  4 660   ,  2 014   ,  2 719   ,  4 733   ,  2 080   ,  2 661   ,  4 741   ,  2 194   ,  2 683   ,  4 877   ,  2 365   ,  2 783   ,  5 148   ,  2 504   ,  2 870   ,  5 374   
,30,  1 569   ,  2 157   ,  3 726   ,  1 580   ,  2 223   ,  3 803   ,  1 553   ,  2 218   ,  3 771   ,  1 498   ,  2 159   ,  3 657   ,  1 494   ,  2 160   ,  3 654   ,  1 506   ,  2 188   ,  3 694   ,  1 525   ,  2 226   ,  3 751   ,  1 578   ,  2 307   ,  3 885   ,  1 674   ,  2 469   ,  4 143   ,  1 766   ,  2 622   ,  4 388   ,  1 844   ,  2 714   ,  4 558   ,  1 941   ,  2 795   ,  4 736   ,  2 022   ,  2 788   ,  4 810   ,  2 091   ,  2 729   ,  4 820   ,  2 206   ,  2 753   ,  4 959   ,  2 379   ,  2 856   ,  5 235   
,31,  1 562   ,  2 118   ,  3 680   ,  1 566   ,  2 183   ,  3 749   ,  1 578   ,  2 250   ,  3 828   ,  1 551   ,  2 245   ,  3 796   ,  1 497   ,  2 185   ,  3 682   ,  1 493   ,  2 187   ,  3 680   ,  1 505   ,  2 213   ,  3 718   ,  1 525   ,  2 253   ,  3 778   ,  1 584   ,  2 344   ,  3 928   ,  1 679   ,  2 505   ,  4 184   ,  1 771   ,  2 659   ,  4 430   ,  1 850   ,  2 753   ,  4 603   ,  1 948   ,  2 836   ,  4 784   ,  2 031   ,  2 830   ,  4 861   ,  2 101   ,  2 771   ,  4 872   ,  2 218   ,  2 795   ,  5 013   
,32,  1 520   ,  2 075   ,  3 595   ,  1 546   ,  2 173   ,  3 719   ,  1 550   ,  2 241   ,  3 791   ,  1 563   ,  2 309   ,  3 872   ,  1 537   ,  2 305   ,  3 842   ,  1 483   ,  2 244   ,  3 727   ,  1 479   ,  2 244   ,  3 723   ,  1 492   ,  2 272   ,  3 764   ,  1 518   ,  2 322   ,  3 840   ,  1 575   ,  2 413   ,  3 988   ,  1 669   ,  2 576   ,  4 245   ,  1 761   ,  2 735   ,  4 496   ,  1 841   ,  2 833   ,  4 674   ,  1 940   ,  2 920   ,  4 860   ,  2 024   ,  2 914   ,  4 938   ,  2 093   ,  2 854   ,  4 947   
,33,  1 470   ,  1 981   ,  3 451   ,  1 545   ,  2 154   ,  3 699   ,  1 573   ,  2 256   ,  3 829   ,  1 577   ,  2 327   ,  3 904   ,  1 591   ,  2 398   ,  3 989   ,  1 565   ,  2 394   ,  3 959   ,  1 509   ,  2 329   ,  3 838   ,  1 505   ,  2 329   ,  3 834   ,  1 526   ,  2 371   ,  3 897   ,  1 551   ,  2 419   ,  3 970   ,  1 608   ,  2 512   ,  4 120   ,  1 705   ,  2 682   ,  4 387   ,  1 800   ,  2 849   ,  4 649   ,  1 883   ,  2 952   ,  4 835   ,  1 985   ,  3 043   ,  5 028   ,  2 072   ,  3 037   ,  5 109   
,34,  1 399   ,  1 881   ,  3 280   ,  1 442   ,  1 992   ,  3 434   ,  1 517   ,  2 167   ,  3 684   ,  1 545   ,  2 270   ,  3 815   ,  1 550   ,  2 341   ,  3 891   ,  1 565   ,  2 413   ,  3 978   ,  1 538   ,  2 407   ,  3 945   ,  1 484   ,  2 342   ,  3 826   ,  1 487   ,  2 355   ,  3 842   ,  1 504   ,  2 391   ,  3 895   ,  1 527   ,  2 437   ,  3 964   ,  1 585   ,  2 531   ,  4 116   ,  1 682   ,  2 704   ,  4 386   ,  1 777   ,  2 873   ,  4 650   ,  1 859   ,  2 978   ,  4 837   ,  1 961   ,  3 070   ,  5 031   
,35,  1 377   ,  1 843   ,  3 220   ,  1 392   ,  1 885   ,  3 277   ,  1 435   ,  1 996   ,  3 431   ,  1 511   ,  2 171   ,  3 682   ,  1 539   ,  2 275   ,  3 814   ,  1 545   ,  2 347   ,  3 892   ,  1 560   ,  2 418   ,  3 978   ,  1 534   ,  2 412   ,  3 946   ,  1 487   ,  2 360   ,  3 847   ,  1 487   ,  2 366   ,  3 853   ,  1 503   ,  2 399   ,  3 902   ,  1 527   ,  2 447   ,  3 974   ,  1 585   ,  2 542   ,  4 127   ,  1 683   ,  2 717   ,  4 400   ,  1 779   ,  2 887   ,  4 666   ,  1 862   ,  2 993   ,  4 855   
,36,  1 325   ,  1 790   ,  3 115   ,  1 363   ,  1 856   ,  3 219   ,  1 380   ,  1 898   ,  3 278   ,  1 423   ,  2 011   ,  3 434   ,  1 499   ,  2 188   ,  3 687   ,  1 529   ,  2 293   ,  3 822   ,  1 534   ,  2 363   ,  3 897   ,  1 549   ,  2 436   ,  3 985   ,  1 530   ,  2 443   ,  3 973   ,  1 480   ,  2 383   ,  3 863   ,  1 479   ,  2 387   ,  3 866   ,  1 495   ,  2 422   ,  3 917   ,  1 520   ,  2 471   ,  3 991   ,  1 579   ,  2 568   ,  4 147   ,  1 677   ,  2 745   ,  4 422   ,  1 774   ,  2 918   ,  4 692   
,37,  1 310   ,  1 779   ,  3 089   ,  1 316   ,  1 795   ,  3 111   ,  1 356   ,  1 861   ,  3 217   ,  1 372   ,  1 904   ,  3 276   ,  1 417   ,  2 018   ,  3 435   ,  1 493   ,  2 195   ,  3 688   ,  1 522   ,  2 299   ,  3 821   ,  1 529   ,  2 371   ,  3 900   ,  1 550   ,  2 455   ,  4 005   ,  1 529   ,  2 456   ,  3 985   ,  1 477   ,  2 394   ,  3 871   ,  1 476   ,  2 399   ,  3 875   ,  1 494   ,  2 435   ,  3 929   ,  1 519   ,  2 484   ,  4 003   ,  1 578   ,  2 583   ,  4 161   ,  1 677   ,  2 762   ,  4 439   
,38,  1 315   ,  1 790   ,  3 105   ,  1 300   ,  1 781   ,  3 081   ,  1 307   ,  1 797   ,  3 104   ,  1 346   ,  1 864   ,  3 210   ,  1 364   ,  1 907   ,  3 271   ,  1 408   ,  2 021   ,  3 429   ,  1 485   ,  2 198   ,  3 683   ,  1 514   ,  2 303   ,  3 817   ,  1 526   ,  2 384   ,  3 910   ,  1 545   ,  2 464   ,  4 009   ,  1 523   ,  2 463   ,  3 986   ,  1 472   ,  2 401   ,  3 873   ,  1 472   ,  2 407   ,  3 879   ,  1 489   ,  2 444   ,  3 933   ,  1 515   ,  2 494   ,  4 009   ,  1 575   ,  2 594   ,  4 169   
,39,  1 310   ,  1 771   ,  3 081   ,  1 329   ,  1 812   ,  3 141   ,  1 314   ,  1 803   ,  3 117   ,  1 321   ,  1 820   ,  3 141   ,  1 362   ,  1 888   ,  3 250   ,  1 380   ,  1 931   ,  3 311   ,  1 425   ,  2 046   ,  3 471   ,  1 504   ,  2 225   ,  3 729   ,  1 540   ,  2 341   ,  3 881   ,  1 550   ,  2 420   ,  3 970   ,  1 569   ,  2 499   ,  4 068   ,  1 546   ,  2 499   ,  4 045   ,  1 494   ,  2 437   ,  3 931   ,  1 495   ,  2 444   ,  3 939   ,  1 513   ,  2 482   ,  3 995   ,  1 540   ,  2 534   ,  4 074   
,40,  1 254   ,  1 692   ,  2 946   ,  1 297   ,  1 770   ,  3 067   ,  1 316   ,  1 811   ,  3 127   ,  1 302   ,  1 803   ,  3 105   ,  1 309   ,  1 819   ,  3 128   ,  1 351   ,  1 888   ,  3 239   ,  1 369   ,  1 930   ,  3 299   ,  1 414   ,  2 045   ,  3 459   ,  1 498   ,  2 233   ,  3 731   ,  1 532   ,  2 346   ,  3 878   ,  1 542   ,  2 424   ,  3 966   ,  1 561   ,  2 503   ,  4 064   ,  1 539   ,  2 504   ,  4 043   ,  1 488   ,  2 443   ,  3 931   ,  1 489   ,  2 450   ,  3 939   ,  1 507   ,  2 489   ,  3 996   
,41,  1 216   ,  1 629   ,  2 845   ,  1 247   ,  1 694   ,  2 941   ,  1 290   ,  1 772   ,  3 062   ,  1 310   ,  1 814   ,  3 124   ,  1 296   ,  1 806   ,  3 102   ,  1 304   ,  1 823   ,  3 127   ,  1 346   ,  1 890   ,  3 236   ,  1 364   ,  1 933   ,  3 297   ,  1 415   ,  2 056   ,  3 471   ,  1 497   ,  2 243   ,  3 740   ,  1 531   ,  2 355   ,  3 886   ,  1 541   ,  2 433   ,  3 974   ,  1 560   ,  2 513   ,  4 073   ,  1 539   ,  2 515   ,  4 054   ,  1 488   ,  2 454   ,  3 942   ,  1 490   ,  2 463   ,  3 953   
,42,  1 172   ,  1 528   ,  2 700   ,  1 226   ,  1 625   ,  2 851   ,  1 257   ,  1 690   ,  2 947   ,  1 301   ,  1 768   ,  3 069   ,  1 322   ,  1 810   ,  3 132   ,  1 309   ,  1 803   ,  3 112   ,  1 317   ,  1 818   ,  3 135   ,  1 359   ,  1 885   ,  3 244   ,  1 384   ,  1 936   ,  3 320   ,  1 434   ,  2 057   ,  3 491   ,  1 517   ,  2 242   ,  3 759   ,  1 551   ,  2 354   ,  3 905   ,  1 562   ,  2 433   ,  3 995   ,  1 582   ,  2 515   ,  4 097   ,  1 561   ,  2 517   ,  4 078   ,  1 510   ,  2 457   ,  3 967   
,43,  1 085   ,  1 383   ,  2 468   ,  1 180   ,  1 542   ,  2 722   ,  1 234   ,  1 639   ,  2 873   ,  1 267   ,  1 705   ,  2 972   ,  1 312   ,  1 785   ,  3 097   ,  1 334   ,  1 827   ,  3 161   ,  1 320   ,  1 818   ,  3 138   ,  1 329   ,  1 833   ,  3 162   ,  1 378   ,  1 912   ,  3 290   ,  1 401   ,  1 960   ,  3 361   ,  1 451   ,  2 081   ,  3 532   ,  1 535   ,  2 268   ,  3 803   ,  1 571   ,  2 382   ,  3 953   ,  1 583   ,  2 463   ,  4 046   ,  1 604   ,  2 546   ,  4 150   ,  1 583   ,  2 549   ,  4 132   
,44,  1 001   ,  1 266   ,  2 267   ,  1 066   ,  1 372   ,  2 438   ,  1 160   ,  1 530   ,  2 690   ,  1 214   ,  1 627   ,  2 841   ,  1 247   ,  1 692   ,  2 939   ,  1 292   ,  1 771   ,  3 063   ,  1 313   ,  1 812   ,  3 125   ,  1 300   ,  1 803   ,  3 103   ,  1 315   ,  1 828   ,  3 143   ,  1 361   ,  1 902   ,  3 263   ,  1 383   ,  1 948   ,  3 331   ,  1 433   ,  2 069   ,  3 502   ,  1 518   ,  2 256   ,  3 774   ,  1 553   ,  2 370   ,  3 923   ,  1 565   ,  2 451   ,  4 016   ,  1 587   ,  2 535   ,  4 122   
,45,  972   ,  1 235   ,  2 207   ,  1 004   ,  1 281   ,  2 285   ,  1 070   ,  1 389   ,  2 459   ,  1 165   ,  1 549   ,  2 714   ,  1 221   ,  1 648   ,  2 869   ,  1 254   ,  1 714   ,  2 968   ,  1 300   ,  1 793   ,  3 093   ,  1 321   ,  1 834   ,  3 155   ,  1 314   ,  1 835   ,  3 149   ,  1 327   ,  1 856   ,  3 183   ,  1 373   ,  1 929   ,  3 302   ,  1 395   ,  1 976   ,  3 371   ,  1 446   ,  2 100   ,  3 546   ,  1 532   ,  2 290   ,  3 822   ,  1 569   ,  2 407   ,  3 976   ,  1 582   ,  2 490   ,  4 072   
,46,  919   ,  1 175   ,  2 094   ,  960   ,  1 229   ,  2 189   ,  993   ,  1 276   ,  2 269   ,  1 058   ,  1 384   ,  2 442   ,  1 153   ,  1 543   ,  2 696   ,  1 209   ,  1 641   ,  2 850   ,  1 241   ,  1 706   ,  2 947   ,  1 287   ,  1 785   ,  3 072   ,  1 315   ,  1 836   ,  3 151   ,  1 306   ,  1 832   ,  3 138   ,  1 317   ,  1 851   ,  3 168   ,  1 363   ,  1 924   ,  3 287   ,  1 386   ,  1 973   ,  3 359   ,  1 438   ,  2 096   ,  3 534   ,  1 523   ,  2 287   ,  3 810   ,  1 561   ,  2 405   ,  3 966   
,47,  907   ,  1 184   ,  2 091   ,  922   ,  1 200   ,  2 122   ,  964   ,  1 255   ,  2 219   ,  997   ,  1 303   ,  2 300   ,  1 064   ,  1 413   ,  2 477   ,  1 160   ,  1 576   ,  2 736   ,  1 216   ,  1 676   ,  2 892   ,  1 250   ,  1 743   ,  2 993   ,  1 302   ,  1 832   ,  3 134   ,  1 327   ,  1 880   ,  3 207   ,  1 317   ,  1 874   ,  3 191   ,  1 329   ,  1 894   ,  3 223   ,  1 376   ,  1 969   ,  3 345   ,  1 399   ,  2 020   ,  3 419   ,  1 452   ,  2 147   ,  3 599   ,  1 540   ,  2 344   ,  3 884   
,48,  911   ,  1 228   ,  2 139   ,  913   ,  1 208   ,  2 121   ,  928   ,  1 224   ,  2 152   ,  971   ,  1 280   ,  2 251   ,  1 006   ,  1 329   ,  2 335   ,  1 074   ,  1 442   ,  2 516   ,  1 171   ,  1 607   ,  2 778   ,  1 228   ,  1 709   ,  2 937   ,  1 266   ,  1 785   ,  3 051   ,  1 317   ,  1 873   ,  3 190   ,  1 342   ,  1 920   ,  3 262   ,  1 332   ,  1 914   ,  3 246   ,  1 345   ,  1 936   ,  3 281   ,  1 393   ,  2 013   ,  3 406   ,  1 418   ,  2 065   ,  3 483   ,  1 472   ,  2 196   ,  3 668   
,49,  893   ,  1 235   ,  2 128   ,  908   ,  1 239   ,  2 147   ,  910   ,  1 218   ,  2 128   ,  926   ,  1 235   ,  2 161   ,  970   ,  1 292   ,  2 262   ,  1 005   ,  1 341   ,  2 346   ,  1 072   ,  1 454   ,  2 526   ,  1 170   ,  1 621   ,  2 791   ,  1 231   ,  1 732   ,  2 963   ,  1 269   ,  1 806   ,  3 075   ,  1 319   ,  1 893   ,  3 212   ,  1 344   ,  1 941   ,  3 285   ,  1 335   ,  1 937   ,  3 272   ,  1 349   ,  1 959   ,  3 308   ,  1 398   ,  2 038   ,  3 436   ,  1 423   ,  2 091   ,  3 514   
,50,  873   ,  1 209   ,  2 082   ,  888   ,  1 236   ,  2 124   ,  904   ,  1 239   ,  2 143   ,  907   ,  1 219   ,  2 126   ,  923   ,  1 235   ,  2 158   ,  967   ,  1 293   ,  2 260   ,  1 001   ,  1 341   ,  2 342   ,  1 070   ,  1 455   ,  2 525   ,  1 171   ,  1 630   ,  2 801   ,  1 232   ,  1 738   ,  2 970   ,  1 269   ,  1 810   ,  3 079   ,  1 320   ,  1 898   ,  3 218   ,  1 345   ,  1 947   ,  3 292   ,  1 337   ,  1 943   ,  3 280   ,  1 351   ,  1 966   ,  3 317   ,  1 400   ,  2 046   ,  3 446   
,51,  870   ,  1 202   ,  2 072   ,  875   ,  1 219   ,  2 094   ,  891   ,  1 246   ,  2 137   ,  907   ,  1 249   ,  2 156   ,  910   ,  1 229   ,  2 139   ,  926   ,  1 245   ,  2 171   ,  970   ,  1 302   ,  2 272   ,  1 006   ,  1 352   ,  2 358   ,  1 078   ,  1 473   ,  2 551   ,  1 180   ,  1 647   ,  2 827   ,  1 241   ,  1 755   ,  2 996   ,  1 278   ,  1 829   ,  3 107   ,  1 330   ,  1 918   ,  3 248   ,  1 356   ,  1 968   ,  3 324   ,  1 348   ,  1 965   ,  3 313   ,  1 362   ,  1 988   ,  3 350   
,52,  841   ,  1 148   ,  1 989   ,  856   ,  1 180   ,  2 036   ,  862   ,  1 196   ,  2 058   ,  877   ,  1 223   ,  2 100   ,  893   ,  1 226   ,  2 119   ,  897   ,  1 206   ,  2 103   ,  913   ,  1 222   ,  2 135   ,  957   ,  1 278   ,  2 235   ,  994   ,  1 333   ,  2 327   ,  1 066   ,  1 450   ,  2 516   ,  1 166   ,  1 619   ,  2 785   ,  1 227   ,  1 725   ,  2 952   ,  1 265   ,  1 799   ,  3 064   ,  1 316   ,  1 887   ,  3 203   ,  1 343   ,  1 937   ,  3 280   ,  1 335   ,  1 934   ,  3 269   
,53,  771   ,  1 020   ,  1 791   ,  841   ,  1 137   ,  1 978   ,  856   ,  1 168   ,  2 024   ,  862   ,  1 184   ,  2 046   ,  878   ,  1 210   ,  2 088   ,  895   ,  1 214   ,  2 109   ,  898   ,  1 193   ,  2 091   ,  915   ,  1 209   ,  2 124   ,  962   ,  1 273   ,  2 235   ,  1 000   ,  1 324   ,  2 324   ,  1 071   ,  1 439   ,  2 510   ,  1 173   ,  1 608   ,  2 781   ,  1 234   ,  1 714   ,  2 948   ,  1 273   ,  1 787   ,  3 060   ,  1 325   ,  1 876   ,  3 201   ,  1 353   ,  1 925   ,  3 278   
,54,  723   ,  918   ,  1 641   ,  770   ,  1 003   ,  1 773   ,  841   ,  1 118   ,  1 959   ,  856   ,  1 149   ,  2 005   ,  862   ,  1 165   ,  2 027   ,  879   ,  1 191   ,  2 070   ,  895   ,  1 193   ,  2 088   ,  899   ,  1 173   ,  2 072   ,  919   ,  1 197   ,  2 116   ,  966   ,  1 255   ,  2 221   ,  1 004   ,  1 305   ,  2 309   ,  1 075   ,  1 418   ,  2 493   ,  1 178   ,  1 584   ,  2 762   ,  1 240   ,  1 690   ,  2 930   ,  1 280   ,  1 763   ,  3 043   ,  1 333   ,  1 850   ,  3 183   
,55,  710   ,  899   ,  1 609   ,  714   ,  909   ,  1 623   ,  762   ,  993   ,  1 755   ,  832   ,  1 107   ,  1 939   ,  848   ,  1 138   ,  1 986   ,  854   ,  1 153   ,  2 007   ,  870   ,  1 178   ,  2 048   ,  887   ,  1 181   ,  2 068   ,  893   ,  1 168   ,  2 061   ,  913   ,  1 187   ,  2 100   ,  959   ,  1 244   ,  2 203   ,  997   ,  1 293   ,  2 290   ,  1 069   ,  1 406   ,  2 475   ,  1 171   ,  1 572   ,  2 743   ,  1 234   ,  1 677   ,  2 911   ,  1 274   ,  1 750   ,  3 024   
,56,  676   ,  855   ,  1 531   ,  699   ,  883   ,  1 582   ,  704   ,  893   ,  1 597   ,  751   ,  975   ,  1 726   ,  821   ,  1 087   ,  1 908   ,  837   ,  1 118   ,  1 955   ,  843   ,  1 133   ,  1 976   ,  859   ,  1 157   ,  2 016   ,  879   ,  1 167   ,  2 046   ,  885   ,  1 151   ,  2 036   ,  904   ,  1 169   ,  2 073   ,  950   ,  1 225   ,  2 175   ,  988   ,  1 274   ,  2 262   ,  1 060   ,  1 385   ,  2 445   ,  1 162   ,  1 550   ,  2 712   ,  1 224   ,  1 653   ,  2 877   
,57,  665   ,  853   ,  1 518   ,  673   ,  858   ,  1 531   ,  696   ,  887   ,  1 583   ,  702   ,  897   ,  1 599   ,  749   ,  980   ,  1 729   ,  819   ,  1 093   ,  1 912   ,  835   ,  1 122   ,  1 957   ,  842   ,  1 138   ,  1 980   ,  860   ,  1 170   ,  2 030   ,  880   ,  1 176   ,  2 056   ,  885   ,  1 159   ,  2 044   ,  904   ,  1 176   ,  2 080   ,  951   ,  1 234   ,  2 185   ,  989   ,  1 284   ,  2 273   ,  1 062   ,  1 396   ,  2 458   ,  1 165   ,  1 562   ,  2 727   
,58,  696   ,  917   ,  1 613   ,  667   ,  856   ,  1 523   ,  675   ,  861   ,  1 536   ,  700   ,  890   ,  1 590   ,  705   ,  900   ,  1 605   ,  753   ,  984   ,  1 737   ,  824   ,  1 096   ,  1 920   ,  840   ,  1 127   ,  1 967   ,  849   ,  1 149   ,  1 998   ,  867   ,  1 177   ,  2 044   ,  886   ,  1 183   ,  2 069   ,  892   ,  1 165   ,  2 057   ,  912   ,  1 183   ,  2 095   ,  959   ,  1 242   ,  2 201   ,  998   ,  1 292   ,  2 290   ,  1 072   ,  1 407   ,  2 479   
,59,  696   ,  937   ,  1 633   ,  690   ,  913   ,  1 603   ,  661   ,  852   ,  1 513   ,  670   ,  858   ,  1 528   ,  694   ,  886   ,  1 580   ,  699   ,  897   ,  1 596   ,  748   ,  980   ,  1 728   ,  818   ,  1 091   ,  1 909   ,  836   ,  1 129   ,  1 965   ,  845   ,  1 148   ,  1 993   ,  864   ,  1 175   ,  2 039   ,  883   ,  1 180   ,  2 063   ,  889   ,  1 164   ,  2 053   ,  909   ,  1 182   ,  2 091   ,  957   ,  1 241   ,  2 198   ,  996   ,  1 292   ,  2 288   
,60,  662   ,  891   ,  1 553   ,  688   ,  933   ,  1 621   ,  683   ,  908   ,  1 591   ,  654   ,  848   ,  1 502   ,  663   ,  854   ,  1 517   ,  688   ,  883   ,  1 571   ,  693   ,  892   ,  1 585   ,  741   ,  974   ,  1 715   ,  813   ,  1 094   ,  1 907   ,  832   ,  1 127   ,  1 959   ,  840   ,  1 145   ,  1 985   ,  859   ,  1 173   ,  2 032   ,  878   ,  1 179   ,  2 057   ,  885   ,  1 162   ,  2 047   ,  905   ,  1 181   ,  2 086   ,  953   ,  1 240   ,  2 193   
,61,  644   ,  867   ,  1 511   ,  644   ,  878   ,  1 522   ,  671   ,  920   ,  1 591   ,  665   ,  896   ,  1 561   ,  638   ,  836   ,  1 474   ,  647   ,  842   ,  1 489   ,  671   ,  870   ,  1 541   ,  676   ,  880   ,  1 556   ,  725   ,  968   ,  1 693   ,  796   ,  1 082   ,  1 878   ,  814   ,  1 114   ,  1 928   ,  822   ,  1 132   ,  1 954   ,  840   ,  1 160   ,  2 000   ,  860   ,  1 166   ,  2 026   ,  867   ,  1 150   ,  2 017   ,  887   ,  1 170   ,  2 057   
,62,  610   ,  805   ,  1 415   ,  625   ,  844   ,  1 469   ,  625   ,  855   ,  1 480   ,  651   ,  896   ,  1 547   ,  646   ,  872   ,  1 518   ,  620   ,  815   ,  1 435   ,  629   ,  820   ,  1 449   ,  652   ,  847   ,  1 499   ,  659   ,  862   ,  1 521   ,  707   ,  945   ,  1 652   ,  776   ,  1 055   ,  1 831   ,  793   ,  1 087   ,  1 880   ,  802   ,  1 105   ,  1 907   ,  820   ,  1 132   ,  1 952   ,  840   ,  1 139   ,  1 979   ,  846   ,  1 124   ,  1 970   
,63,  536   ,  690   ,  1 226   ,  594   ,  802   ,  1 396   ,  609   ,  839   ,  1 448   ,  610   ,  851   ,  1 461   ,  635   ,  892   ,  1 527   ,  631   ,  869   ,  1 500   ,  605   ,  811   ,  1 416   ,  614   ,  816   ,  1 430   ,  639   ,  850   ,  1 489   ,  646   ,  861   ,  1 507   ,  693   ,  943   ,  1 636   ,  761   ,  1 054   ,  1 815   ,  778   ,  1 086   ,  1 864   ,  787   ,  1 105   ,  1 892   ,  805   ,  1 133   ,  1 938   ,  825   ,  1 139   ,  1 964   
,64,  485   ,  597   ,  1 082   ,  523   ,  675   ,  1 198   ,  581   ,  785   ,  1 366   ,  596   ,  822   ,  1 418   ,  597   ,  834   ,  1 431   ,  623   ,  873   ,  1 496   ,  618   ,  850   ,  1 468   ,  593   ,  794   ,  1 387   ,  604   ,  805   ,  1 409   ,  629   ,  835   ,  1 464   ,  635   ,  846   ,  1 481   ,  681   ,  926   ,  1 607   ,  749   ,  1 036   ,  1 785   ,  766   ,  1 068   ,  1 834   ,  775   ,  1 086   ,  1 861   ,  794   ,  1 114   ,  1 908   
,65,  472   ,  579   ,  1 051   ,  476   ,  594   ,  1 070   ,  515   ,  673   ,  1 188   ,  572   ,  782   ,  1 354   ,  587   ,  820   ,  1 407   ,  588   ,  832   ,  1 420   ,  613   ,  871   ,  1 484   ,  609   ,  848   ,  1 457   ,  586   ,  798   ,  1 384   ,  596   ,  805   ,  1 401   ,  620   ,  834   ,  1 454   ,  627   ,  845   ,  1 472   ,  673   ,  926   ,  1 599   ,  740   ,  1 036   ,  1 776   ,  758   ,  1 069   ,  1 827   ,  767   ,  1 087   ,  1 854   
,66,  459   ,  546   ,  1 005   ,  477   ,  574   ,  1 051   ,  482   ,  590   ,  1 072   ,  521   ,  668   ,  1 189   ,  579   ,  777   ,  1 356   ,  594   ,  814   ,  1 408   ,  596   ,  826   ,  1 422   ,  621   ,  864   ,  1 485   ,  619   ,  848   ,  1 467   ,  596   ,  794   ,  1 390   ,  606   ,  801   ,  1 407   ,  631   ,  830   ,  1 461   ,  638   ,  842   ,  1 480   ,  685   ,  923   ,  1 608   ,  753   ,  1 033   ,  1 786   ,  772   ,  1 066   ,  1 838   
,67,  453   ,  541   ,  994   ,  462   ,  552   ,  1 014   ,  481   ,  580   ,  1 061   ,  486   ,  597   ,  1 083   ,  525   ,  676   ,  1 201   ,  584   ,  786   ,  1 370   ,  600   ,  823   ,  1 423   ,  602   ,  835   ,  1 437   ,  630   ,  881   ,  1 511   ,  627   ,  861   ,  1 488   ,  603   ,  806   ,  1 409   ,  614   ,  813   ,  1 427   ,  639   ,  842   ,  1 481   ,  647   ,  855   ,  1 502   ,  695   ,  938   ,  1 633   ,  765   ,  1 050   ,  1 815   
,68,  482   ,  597   ,  1 079   ,  458   ,  547   ,  1 005   ,  467   ,  557   ,  1 024   ,  487   ,  587   ,  1 074   ,  492   ,  603   ,  1 095   ,  533   ,  684   ,  1 217   ,  592   ,  795   ,  1 387   ,  609   ,  833   ,  1 442   ,  612   ,  851   ,  1 463   ,  641   ,  894   ,  1 535   ,  638   ,  873   ,  1 511   ,  614   ,  817   ,  1 431   ,  625   ,  825   ,  1 450   ,  651   ,  855   ,  1 506   ,  659   ,  869   ,  1 528   ,  709   ,  954   ,  1 663   
,69,  485   ,  620   ,  1 105   ,  472   ,  585   ,  1 057   ,  448   ,  536   ,  984   ,  457   ,  546   ,  1 003   ,  477   ,  575   ,  1 052   ,  483   ,  591   ,  1 074   ,  522   ,  670   ,  1 192   ,  582   ,  779   ,  1 361   ,  599   ,  822   ,  1 421   ,  603   ,  837   ,  1 440   ,  631   ,  879   ,  1 510   ,  629   ,  859   ,  1 488   ,  605   ,  804   ,  1 409   ,  617   ,  812   ,  1 429   ,  643   ,  843   ,  1 486   ,  651   ,  856   ,  1 507   
,70,  474   ,  595   ,  1 069   ,  477   ,  598   ,  1 075   ,  464   ,  564   ,  1 028   ,  441   ,  518   ,  959   ,  450   ,  528   ,  978   ,  470   ,  556   ,  1 026   ,  475   ,  571   ,  1 046   ,  515   ,  647   ,  1 162   ,  576   ,  758   ,  1 334   ,  594   ,  798   ,  1 392   ,  597   ,  811   ,  1 408   ,  625   ,  852   ,  1 477   ,  623   ,  833   ,  1 456   ,  599   ,  781   ,  1 380   ,  611   ,  789   ,  1 400   ,  637   ,  819   ,  1 456   
,71,  453   ,  572   ,  1 025   ,  451   ,  572   ,  1 023   ,  454   ,  576   ,  1 030   ,  442   ,  543   ,  985   ,  421   ,  499   ,  920   ,  430   ,  509   ,  939   ,  449   ,  535   ,  984   ,  454   ,  550   ,  1 004   ,  494   ,  629   ,  1 123   ,  552   ,  733   ,  1 285   ,  568   ,  771   ,  1 339   ,  572   ,  784   ,  1 356   ,  599   ,  824   ,  1 423   ,  597   ,  806   ,  1 403   ,  576   ,  756   ,  1 332   ,  587   ,  765   ,  1 352   
,72,  427   ,  534   ,  961   ,  432   ,  544   ,  976   ,  430   ,  544   ,  974   ,  434   ,  547   ,  981   ,  423   ,  517   ,  940   ,  402   ,  474   ,  876   ,  411   ,  484   ,  895   ,  429   ,  509   ,  938   ,  436   ,  528   ,  964   ,  474   ,  600   ,  1 074   ,  530   ,  700   ,  1 230   ,  546   ,  736   ,  1 282   ,  550   ,  749   ,  1 299   ,  576   ,  788   ,  1 364   ,  575   ,  771   ,  1 346   ,  555   ,  723   ,  1 278   
,73,  370   ,  423   ,  793   ,  411   ,  496   ,  907   ,  416   ,  506   ,  922   ,  415   ,  506   ,  921   ,  419   ,  509   ,  928   ,  408   ,  481   ,  889   ,  388   ,  441   ,  829   ,  397   ,  450   ,  847   ,  417   ,  478   ,  895   ,  423   ,  494   ,  917   ,  460   ,  561   ,  1 021   ,  514   ,  654   ,  1 168   ,  530   ,  688   ,  1 218   ,  534   ,  701   ,  1 235   ,  560   ,  738   ,  1 298   ,  559   ,  722   ,  1 281   
,74,  309   ,  339   ,  648   ,  342   ,  397   ,  739   ,  380   ,  465   ,  845   ,  385   ,  475   ,  860   ,  384   ,  475   ,  859   ,  388   ,  479   ,  867   ,  378   ,  452   ,  830   ,  360   ,  415   ,  775   ,  369   ,  427   ,  796   ,  388   ,  451   ,  839   ,  393   ,  465   ,  858   ,  428   ,  529   ,  957   ,  479   ,  617   ,  1 096   ,  494   ,  650   ,  1 144   ,  498   ,  662   ,  1 160   ,  523   ,  697   ,  1 220   
,75,  276   ,  310   ,  586   ,  282   ,  314   ,  596   ,  312   ,  368   ,  680   ,  348   ,  432   ,  780   ,  353   ,  440   ,  793   ,  352   ,  441   ,  793   ,  355   ,  444   ,  799   ,  346   ,  419   ,  765   ,  331   ,  388   ,  719   ,  340   ,  398   ,  738   ,  356   ,  420   ,  776   ,  362   ,  433   ,  795   ,  394   ,  493   ,  887   ,  441   ,  576   ,  1 017   ,  456   ,  607   ,  1 063   ,  460   ,  619   ,  1 079   
,76,  251   ,  289   ,  540   ,  257   ,  294   ,  551   ,  263   ,  299   ,  562   ,  292   ,  351   ,  643   ,  325   ,  411   ,  736   ,  331   ,  420   ,  751   ,  330   ,  420   ,  750   ,  333   ,  423   ,  756   ,  326   ,  403   ,  729   ,  312   ,  371   ,  683   ,  320   ,  380   ,  700   ,  335   ,  402   ,  737   ,  341   ,  415   ,  756   ,  371   ,  472   ,  843   ,  416   ,  552   ,  968   ,  430   ,  582   ,  1 012   
,77,  233   ,  281   ,  514   ,  232   ,  277   ,  509   ,  238   ,  283   ,  521   ,  244   ,  287   ,  531   ,  271   ,  337   ,  608   ,  302   ,  396   ,  698   ,  307   ,  403   ,  710   ,  306   ,  404   ,  710   ,  311   ,  411   ,  722   ,  304   ,  390   ,  694   ,  291   ,  358   ,  649   ,  299   ,  367   ,  666   ,  313   ,  388   ,  701   ,  319   ,  401   ,  720   ,  348   ,  457   ,  805   ,  390   ,  535   ,  925   
,78,  225   ,  306   ,  531   ,  216   ,  280   ,  496   ,  215   ,  276   ,  491   ,  221   ,  281   ,  502   ,  227   ,  286   ,  513   ,  252   ,  335   ,  587   ,  281   ,  393   ,  674   ,  286   ,  402   ,  688   ,  286   ,  406   ,  692   ,  291   ,  411   ,  702   ,  284   ,  389   ,  673   ,  272   ,  359   ,  631   ,  279   ,  367   ,  646   ,  293   ,  389   ,  682   ,  299   ,  402   ,  701   ,  326   ,  459   ,  785   
,79,  214   ,  307   ,  521   ,  208   ,  284   ,  492   ,  200   ,  260   ,  460   ,  200   ,  257   ,  457   ,  205   ,  262   ,  467   ,  211   ,  267   ,  478   ,  234   ,  313   ,  547   ,  262   ,  367   ,  629   ,  267   ,  379   ,  646   ,  268   ,  381   ,  649   ,  272   ,  385   ,  657   ,  266   ,  365   ,  631   ,  254   ,  337   ,  591   ,  262   ,  345   ,  607   ,  275   ,  365   ,  640   ,  281   ,  378   ,  659   
,80+,  1 552   ,  2 294   ,  3 846   ,  1 503   ,  2 222   ,  3 725   ,  1 452   ,  2 138   ,  3 590   ,  1 404   ,  2 046   ,  3 450   ,  1 365   ,  1 969   ,  3 334   ,  1 340   ,  1 907   ,  3 247   ,  1 324   ,  1 860   ,  3 184   ,  1 336   ,  1 861   ,  3 197   ,  1 374   ,  1 934   ,  3 308   ,  1 415   ,  1 993   ,  3 408   ,  1 445   ,  2 045   ,  3 490   ,  1 480   ,  2 093   ,  3 573   ,  1 501   ,  2 117   ,  3 618   ,  1 513   ,  2 115   ,  3 628   ,  1 530   ,  2 122   ,  3 652   ,  1 561   ,  2 147   ,  3 708   
,Total,  149 574   ,  165 423   ,  314 997   ,  153 444   ,  169 507   ,  322 951   ,  157 353   ,  173 619   ,  330 972   ,  161 283   ,  177 773   ,  339 056   ,  165 246   ,  181 944   ,  347 190   ,  169 227   ,  186 139   ,  355 366   ,  173 090   ,  190 205   ,  363 295   ,  176 987   ,  194 291   ,  371 278   ,  181 181   ,  198 933   ,  380 114   ,  185 489   ,  203 489   ,  388 978   ,  189 586   ,  207 810   ,  397 396   ,  193 752   ,  212 192   ,  405 944   ,  198 006   ,  216 671   ,  414 677   ,  202 355   ,  221 245   ,  423 600   ,  206 793   ,  225 908   ,  432 701   ,  211 316   ,  230 669   ,  441 985   
,,,,,,,,,,,,,,,,,,,,,,,,,,,,,,,,,,,,,,,,,,,,,,,,,
,,,,,,,,,,,,,,,,,,,,,,,,,,,,,,,,,,,,,,,,,,,,,,,,,
NAZINON,,,,,,,,,,,,,,,,,,,,,,,,,,,,,,,,,,,,,,,,,,,,,,,,,
,,2020,,,2021,,,2022,,,2023,,,2024,,,2025,,,2026,,,2027,,,2028,,,2029,,,2030,,,2031,,,2032,,,2033,,,2034,,,2035,,
, Ages,Ensemble,,,Ensemble,,,Ensemble,,,Ensemble,,,Ensemble,,,Ensemble,,,Ensemble,,,Ensemble,,,Ensemble,,,Ensemble,,,Ensemble,,,Ensemble,,,Ensemble,,,Ensemble,,,Ensemble,,,Ensemble,,
,,Homme ,Femme,Ensemble,Homme ,Femme,Ensemble,Homme ,Femme,Ensemble,Homme ,Femme,Ensemble,Homme ,Femme,Ensemble,Homme ,Femme,Ensemble,Homme ,Femme,Ensemble,Homme ,Femme,Ensemble,Homme ,Femme,Ensemble,Homme ,Femme,Ensemble,Homme ,Femme,Ensemble,Homme ,Femme,Ensemble,Homme ,Femme,Ensemble,Homme ,Femme,Ensemble,Homme ,Femme,Ensemble,Homme ,Femme,Ensemble
,0,  15 378   ,  14 263   ,  29 641   ,  15 375   ,  14 244   ,  29 619   ,  15 418   ,  14 280   ,  29 698   ,  15 443   ,  14 295   ,  29 738   ,  15 453   ,  14 295   ,  29 748   ,  15 462   ,  14 289   ,  29 751   ,  15 462   ,  14 273   ,  29 735   ,  15 465   ,  14 257   ,  29 722   ,  15 455   ,  14 230   ,  29 685   ,  15 482   ,  14 233   ,  29 715   ,  15 483   ,  14 213   ,  29 696   ,  15 652   ,  14 347   ,  29 999   ,  15 834   ,  14 492   ,  30 326   ,  16 021   ,  14 642   ,  30 663   ,  16 206   ,  14 789   ,  30 995   ,  16 381   ,  14 925   ,  31 306   
,1,  15 145   ,  14 125   ,  29 270   ,  15 008   ,  13 956   ,  28 964   ,  15 020   ,  13 948   ,  28 968   ,  15 077   ,  13 992   ,  29 069   ,  15 116   ,  14 015   ,  29 131   ,  15 142   ,  14 023   ,  29 165   ,  15 154   ,  14 015   ,  29 169   ,  15 170   ,  14 009   ,  29 179   ,  15 180   ,  13 998   ,  29 178   ,  15 228   ,  14 020   ,  29 248   ,  15 250   ,  14 015   ,  29 265   ,  15 263   ,  14 005   ,  29 268   ,  15 442   ,  14 150   ,  29 592   ,  15 633   ,  14 304   ,  29 937   ,  15 829   ,  14 464   ,  30 293   ,  16 024   ,  14 620   ,  30 644   
,2,  14 759   ,  13 870   ,  28 629   ,  14 965   ,  13 990   ,  28 955   ,  14 839   ,  13 828   ,  28 667   ,  14 859   ,  13 825   ,  28 684   ,  14 925   ,  13 873   ,  28 798   ,  14 972   ,  13 901   ,  28 873   ,  14 995   ,  13 903   ,  28 898   ,  15 015   ,  13 902   ,  28 917   ,  15 033   ,  13 898   ,  28 931   ,  15 094   ,  13 930   ,  29 024   ,  15 130   ,  13 940   ,  29 070   ,  15 158   ,  13 943   ,  29 101   ,  15 179   ,  13 941   ,  29 120   ,  15 365   ,  14 093   ,  29 458   ,  15 562   ,  14 255   ,  29 817   ,  15 766   ,  14 421   ,  30 187   
,3,  14 248   ,  13 495   ,  27 743   ,  14 550   ,  13 692   ,  28 242   ,  14 759   ,  13 814   ,  28 573   ,  14 641   ,  13 656   ,  28 297   ,  14 667   ,  13 656   ,  28 323   ,  14 739   ,  13 706   ,  28 445   ,  14 781   ,  13 727   ,  28 508   ,  14 810   ,  13 733   ,  28 543   ,  14 833   ,  13 735   ,  28 568   ,  14 897   ,  13 771   ,  28 668   ,  14 944   ,  13 789   ,  28 733   ,  14 985   ,  13 804   ,  28 789   ,  15 018   ,  13 813   ,  28 831   ,  15 045   ,  13 818   ,  28 863   ,  15 236   ,  13 974   ,  29 210   ,  15 439   ,  14 140   ,  29 579   
,4,  13 752   ,  13 114   ,  26 866   ,  14 079   ,  13 337   ,  27 416   ,  14 384   ,  13 535   ,  27 919   ,  14 597   ,  13 658   ,  28 255   ,  14 486   ,  13 505   ,  27 991   ,  14 518   ,  13 507   ,  28 025   ,  14 584   ,  13 549   ,  28 133   ,  14 632   ,  13 573   ,  28 205   ,  14 666   ,  13 586   ,  28 252   ,  14 732   ,  13 623   ,  28 355   ,  14 782   ,  13 646   ,  28 428   ,  14 832   ,  13 669   ,  28 501   ,  14 879   ,  13 689   ,  28 568   ,  14 918   ,  13 704   ,  28 622   ,  14 951   ,  13 714   ,  28 665   ,  15 146   ,  13 873   ,  29 019   
,5,  13 151   ,  12 621   ,  25 772   ,  13 606   ,  12 993   ,  26 599   ,  13 934   ,  13 217   ,  27 151   ,  14 242   ,  13 415   ,  27 657   ,  14 459   ,  13 539   ,  27 998   ,  14 354   ,  13 389   ,  27 743   ,  14 381   ,  13 384   ,  27 765   ,  14 452   ,  13 429   ,  27 881   ,  14 508   ,  13 462   ,  27 970   ,  14 580   ,  13 505   ,  28 085   ,  14 632   ,  13 529   ,  28 161   ,  14 686   ,  13 555   ,  28 241   ,  14 741   ,  13 584   ,  28 325   ,  14 793   ,  13 610   ,  28 403   ,  14 837   ,  13 629   ,  28 466   ,  14 875   ,  13 643   ,  28 518   
,6,  12 636   ,  12 167   ,  24 803   ,  13 070   ,  12 559   ,  25 629   ,  13 527   ,  12 932   ,  26 459   ,  13 859   ,  13 157   ,  27 016   ,  14 170   ,  13 355   ,  27 525   ,  14 391   ,  13 480   ,  27 871   ,  14 282   ,  13 323   ,  27 605   ,  14 313   ,  13 321   ,  27 634   ,  14 393   ,  13 375   ,  27 768   ,  14 483   ,  13 435   ,  27 918   ,  14 542   ,  13 466   ,  28 008   ,  14 597   ,  13 493   ,  28 090   ,  14 656   ,  13 524   ,  28 180   ,  14 716   ,  13 558   ,  28 274   ,  14 773   ,  13 588   ,  28 361   ,  14 822   ,  13 611   ,  28 433   
,7,  12 289   ,  11 836   ,  24 125   ,  12 563   ,  12 120   ,  24 683   ,  13 000   ,  12 512   ,  25 512   ,  13 460   ,  12 885   ,  26 345   ,  13 794   ,  13 110   ,  26 904   ,  14 110   ,  13 310   ,  27 420   ,  14 324   ,  13 426   ,  27 750   ,  14 220   ,  13 272   ,  27 492   ,  14 261   ,  13 280   ,  27 541   ,  14 373   ,  13 361   ,  27 734   ,  14 449   ,  13 407   ,  27 856   ,  14 511   ,  13 441   ,  27 952   ,  14 571   ,  13 473   ,  28 044   ,  14 635   ,  13 510   ,  28 145   ,  14 700   ,  13 547   ,  28 247   ,  14 761   ,  13 581   ,  28 342   
,8,  11 967   ,  11 507   ,  23 474   ,  12 160   ,  11 746   ,  23 906   ,  12 435   ,  12 029   ,  24 464   ,  12 872   ,  12 420   ,  25 292   ,  13 331   ,  12 791   ,  26 122   ,  13 667   ,  13 016   ,  26 683   ,  13 973   ,  13 205   ,  27 178   ,  14 190   ,  13 323   ,  27 513   ,  14 099   ,  13 182   ,  27 281   ,  14 171   ,  13 215   ,  27 386   ,  14 269   ,  13 282   ,  27 551   ,  14 347   ,  13 331   ,  27 678   ,  14 413   ,  13 370   ,  27 783   ,  14 477   ,  13 406   ,  27 883   ,  14 545   ,  13 446   ,  27 991   ,  14 614   ,  13 486   ,  28 100   
,9,  11 609   ,  11 144   ,  22 753   ,  11 929   ,  11 518   ,  23 447   ,  12 125   ,  11 758   ,  23 883   ,  12 404   ,  12 043   ,  24 447   ,  12 843   ,  12 435   ,  25 278   ,  13 306   ,  12 808   ,  26 114   ,  13 635   ,  13 025   ,  26 660   ,  13 946   ,  13 217   ,  27 163   ,  14 173   ,  13 345   ,  27 518   ,  14 110   ,  13 227   ,  27 337   ,  14 168   ,  13 246   ,  27 414   ,  14 269   ,  13 316   ,  27 585   ,  14 352   ,  13 370   ,  27 722   ,  14 423   ,  13 413   ,  27 836   ,  14 491   ,  13 453   ,  27 944   ,  14 563   ,  13 497   ,  28 060   
,10,  11 019   ,  10 648   ,  21 667   ,  11 442   ,  11 111   ,  22 553   ,  11 761   ,  11 485   ,  23 246   ,  11 958   ,  11 726   ,  23 684   ,  12 236   ,  12 011   ,  24 247   ,  12 674   ,  12 403   ,  25 077   ,  13 124   ,  12 767   ,  25 891   ,  13 454   ,  12 985   ,  26 439   ,  13 775   ,  13 189   ,  26 964   ,  14 030   ,  13 342   ,  27 372   ,  13 953   ,  13 211   ,  27 164   ,  14 013   ,  13 233   ,  27 246   ,  14 117   ,  13 307   ,  27 424   ,  14 203   ,  13 366   ,  27 569   ,  14 277   ,  13 412   ,  27 689   ,  14 348   ,  13 456   ,  27 804   
,11,  10 647   ,  10 297   ,  20 944   ,  10 938   ,  10 605   ,  21 543   ,  11 362   ,  11 067   ,  22 429   ,  11 682   ,  11 441   ,  23 123   ,  11 881   ,  11 682   ,  23 563   ,  12 161   ,  11 967   ,  24 128   ,  12 590   ,  12 349   ,  24 939   ,  13 042   ,  12 713   ,  25 755   ,  13 389   ,  12 945   ,  26 334   ,  13 733   ,  13 171   ,  26 904   ,  13 972   ,  13 309   ,  27 281   ,  13 898   ,  13 181   ,  27 079   ,  13 961   ,  13 207   ,  27 168   ,  14 069   ,  13 285   ,  27 354   ,  14 158   ,  13 347   ,  27 505   ,  14 236   ,  13 396   ,  27 632   
,12,  10 331   ,  9 984   ,  20 315   ,  10 677   ,  10 301   ,  20 978   ,  10 973   ,  10 610   ,  21 583   ,  11 401   ,  11 073   ,  22 474   ,  11 726   ,  11 447   ,  23 173   ,  11 929   ,  11 689   ,  23 618   ,  12 205   ,  11 966   ,  24 171   ,  12 639   ,  12 350   ,  24 989   ,  13 114   ,  12 730   ,  25 844   ,  13 481   ,  12 981   ,  26 462   ,  13 812   ,  13 193   ,  27 005   ,  14 055   ,  13 335   ,  27 390   ,  13 985   ,  13 210   ,  27 195   ,  14 053   ,  13 240   ,  27 293   ,  14 165   ,  13 322   ,  27 487   ,  14 260   ,  13 387   ,  27 647   
,13,  9 905   ,  9 638   ,  19 543   ,  10 400   ,  10 069   ,  20 469   ,  10 752   ,  10 389   ,  21 141   ,  11 053   ,  10 701   ,  21 754   ,  11 488   ,  11 169   ,  22 657   ,  11 819   ,  11 547   ,  23 366   ,  12 018   ,  11 783   ,  23 801   ,  12 299   ,  12 064   ,  24 363   ,  12 763   ,  12 467   ,  25 230   ,  13 259   ,  12 867   ,  26 126   ,  13 616   ,  13 107   ,  26 723   ,  13 953   ,  13 324   ,  27 277   ,  14 202   ,  13 471   ,  27 673   ,  14 135   ,  13 349   ,  27 484   ,  14 208   ,  13 383   ,  27 591   ,  14 326   ,  13 468   ,  27 794   
,14,  9 418   ,  9 202   ,  18 620   ,  9 816   ,  9 490   ,  19 306   ,  10 310   ,  9 914   ,  20 224   ,  10 663   ,  10 230   ,  20 893   ,  10 964   ,  10 537   ,  21 501   ,  11 399   ,  10 998   ,  22 397   ,  11 722   ,  11 362   ,  23 084   ,  11 923   ,  11 596   ,  23 519   ,  12 227   ,  11 891   ,  24 118   ,  12 698   ,  12 303   ,  25 001   ,  13 177   ,  12 685   ,  25 862   ,  13 534   ,  12 924   ,  26 458   ,  13 874   ,  13 141   ,  27 015   ,  14 125   ,  13 290   ,  27 415   ,  14 063   ,  13 172   ,  27 235   ,  14 140   ,  13 208   ,  27 348   
,15,  9 179   ,  9 191   ,  18 370   ,  9 645   ,  9 445   ,  19 090   ,  10 055   ,  9 740   ,  19 795   ,  10 565   ,  10 176   ,  20 741   ,  10 930   ,  10 500   ,  21 430   ,  11 243   ,  10 816   ,  22 059   ,  11 684   ,  11 281   ,  22 965   ,  12 019   ,  11 655   ,  23 674   ,  12 255   ,  11 922   ,  24 177   ,  12 578   ,  12 236   ,  24 814   ,  13 050   ,  12 648   ,  25 698   ,  13 545   ,  13 042   ,  26 587   ,  13 917   ,  13 292   ,  27 209   ,  14 271   ,  13 519   ,  27 790   ,  14 534   ,  13 675   ,  28 209   ,  14 475   ,  13 556   ,  28 031   
,16,  8 719   ,  8 850   ,  17 569   ,  9 318   ,  9 147   ,  18 465   ,  9 794   ,  9 400   ,  19 194   ,  10 215   ,  9 695   ,  19 910   ,  10 737   ,  10 128   ,  20 865   ,  11 111   ,  10 451   ,  21 562   ,  11 424   ,  10 758   ,  22 182   ,  11 876   ,  11 221   ,  23 097   ,  12 246   ,  11 620   ,  23 866   ,  12 491   ,  11 887   ,  24 378   ,  12 808   ,  12 188   ,  24 996   ,  13 292   ,  12 600   ,  25 892   ,  13 801   ,  12 997   ,  26 798   ,  14 185   ,  13 249   ,  27 434   ,  14 550   ,  13 478   ,  28 028   ,  14 823   ,  13 635   ,  28 458   
,17,  8 270   ,  8 482   ,  16 752   ,  8 658   ,  8 526   ,  17 184   ,  9 256   ,  8 813   ,  18 069   ,  9 733   ,  9 058   ,  18 791   ,  10 154   ,  9 342   ,  19 496   ,  10 677   ,  9 760   ,  20 437   ,  11 044   ,  10 064   ,  21 108   ,  11 359   ,  10 361   ,  21 720   ,  11 837   ,  10 833   ,  22 670   ,  12 210   ,  11 220   ,  23 430   ,  12 443   ,  11 467   ,  23 910   ,  12 761   ,  11 760   ,  24 521   ,  13 247   ,  12 161   ,  25 408   ,  13 759   ,  12 547   ,  26 306   ,  14 146   ,  12 793   ,  26 939   ,  14 514   ,  13 016   ,  27 530   
,18,  7 371   ,  7 903   ,  15 274   ,  7 570   ,  7 713   ,  15 283   ,  7 928   ,  7 753   ,  15 681   ,  8 479   ,  8 015   ,  16 494   ,  8 919   ,  8 237   ,  17 156   ,  9 308   ,  8 496   ,  17 804   ,  9 783   ,  8 870   ,  18 653   ,  10 123   ,  9 148   ,  19 271   ,  10 432   ,  9 442   ,  19 874   ,  10 875   ,  9 873   ,  20 748   ,  11 208   ,  10 216   ,  21 424   ,  11 424   ,  10 443   ,  21 867   ,  11 719   ,  10 712   ,  22 431   ,  12 170   ,  11 080   ,  23 250   ,  12 645   ,  11 434   ,  24 079   ,  13 004   ,  11 660   ,  24 664   
,19,  6 699   ,  7 577   ,  14 276   ,  6 933   ,  7 536   ,  14 469   ,  7 123   ,  7 355   ,  14 478   ,  7 462   ,  7 394   ,  14 856   ,  7 985   ,  7 644   ,  15 629   ,  8 403   ,  7 857   ,  16 260   ,  8 766   ,  8 098   ,  16 864   ,  9 217   ,  8 457   ,  17 674   ,  9 557   ,  8 744   ,  18 301   ,  9 857   ,  9 024   ,  18 881   ,  10 268   ,  9 427   ,  19 695   ,  10 584   ,  9 757   ,  20 341   ,  10 792   ,  9 977   ,  20 769   ,  11 075   ,  10 237   ,  21 312   ,  11 504   ,  10 591   ,  22 095   ,  11 957   ,  10 932   ,  22 889   
,20,  6 038   ,  7 073   ,  13 111   ,  6 311   ,  7 262   ,  13 573   ,  6 534   ,  7 223   ,  13 757   ,  6 715   ,  7 050   ,  13 765   ,  7 039   ,  7 088   ,  14 127   ,  7 536   ,  7 328   ,  14 864   ,  7 927   ,  7 527   ,  15 454   ,  8 274   ,  7 760   ,  16 034   ,  8 721   ,  8 125   ,  16 846   ,  9 049   ,  8 400   ,  17 449   ,  9 326   ,  8 661   ,  17 987   ,  9 717   ,  9 051   ,  18 768   ,  10 021   ,  9 370   ,  19 391   ,  10 220   ,  9 584   ,  19 804   ,  10 492   ,  9 836   ,  20 328   ,  10 903   ,  10 179   ,  21 082   
,21,  5 467   ,  6 603   ,  12 070   ,  5 671   ,  6 815   ,  12 486   ,  5 930   ,  6 998   ,  12 928   ,  6 143   ,  6 961   ,  13 104   ,  6 315   ,  6 795   ,  13 110   ,  6 623   ,  6 832   ,  13 455   ,  7 090   ,  7 059   ,  14 149   ,  7 462   ,  7 252   ,  14 714   ,  7 808   ,  7 497   ,  15 305   ,  8 235   ,  7 848   ,  16 083   ,  8 539   ,  8 107   ,  16 646   ,  8 802   ,  8 361   ,  17 163   ,  9 175   ,  8 740   ,  17 915   ,  9 466   ,  9 051   ,  18 517   ,  9 658   ,  9 260   ,  18 918   ,  9 918   ,  9 506   ,  19 424   
,22,  4 939   ,  6 091   ,  11 030   ,  5 171   ,  6 444   ,  11 615   ,  5 367   ,  6 653   ,  12 020   ,  5 616   ,  6 832   ,  12 448   ,  5 820   ,  6 796   ,  12 616   ,  5 986   ,  6 634   ,  12 620   ,  6 276   ,  6 665   ,  12 941   ,  6 723   ,  6 889   ,  13 612   ,  7 095   ,  7 095   ,  14 190   ,  7 427   ,  7 332   ,  14 759   ,  7 829   ,  7 669   ,  15 498   ,  8 121   ,  7 924   ,  16 045   ,  8 375   ,  8 175   ,  16 550   ,  8 734   ,  8 548   ,  17 282   ,  9 014   ,  8 855   ,  17 869   ,  9 200   ,  9 061   ,  18 261   
,23,  4 523   ,  5 716   ,  10 239   ,  4 757   ,  6 081   ,  10 838   ,  4 984   ,  6 435   ,  11 419   ,  5 175   ,  6 644   ,  11 819   ,  5 418   ,  6 824   ,  12 242   ,  5 618   ,  6 788   ,  12 406   ,  5 777   ,  6 622   ,  12 399   ,  6 061   ,  6 655   ,  12 716   ,  6 515   ,  6 901   ,  13 416   ,  6 878   ,  7 107   ,  13 985   ,  7 197   ,  7 339   ,  14 536   ,  7 588   ,  7 679   ,  15 267   ,  7 875   ,  7 936   ,  15 811   ,  8 125   ,  8 191   ,  16 316   ,  8 477   ,  8 567   ,  17 044   ,  8 753   ,  8 876   ,  17 629   
,24,  4 198   ,  5 351   ,  9 549   ,  4 325   ,  5 538   ,  9 863   ,  4 553   ,  5 894   ,  10 447   ,  4 773   ,  6 238   ,  11 011   ,  4 959   ,  6 441   ,  11 400   ,  5 195   ,  6 616   ,  11 811   ,  5 386   ,  6 577   ,  11 963   ,  5 542   ,  6 417   ,  11 959   ,  5 833   ,  6 471   ,  12 304   ,  6 269   ,  6 704   ,  12 973   ,  6 616   ,  6 898   ,  13 514   ,  6 925   ,  7 125   ,  14 050   ,  7 306   ,  7 458   ,  14 764   ,  7 586   ,  7 711   ,  15 297   ,  7 830   ,  7 960   ,  15 790   ,  8 173   ,  8 327   ,  16 500   
,25,  4 022   ,  5 208   ,  9 230   ,  4 062   ,  5 293   ,  9 355   ,  4 188   ,  5 479   ,  9 667   ,  4 411   ,  5 832   ,  10 243   ,  4 627   ,  6 173   ,  10 800   ,  4 811   ,  6 375   ,  11 186   ,  5 040   ,  6 545   ,  11 585   ,  5 229   ,  6 508   ,  11 737   ,  5 395   ,  6 370   ,  11 765   ,  5 678   ,  6 417   ,  12 095   ,  6 101   ,  6 643   ,  12 744   ,  6 442   ,  6 838   ,  13 280   ,  6 747   ,  7 066   ,  13 813   ,  7 122   ,  7 398   ,  14 520   ,  7 398   ,  7 651   ,  15 049   ,  7 639   ,  7 900   ,  15 539   
,26,  3 907   ,  5 116   ,  9 023   ,  3 928   ,  5 173   ,  9 101   ,  3 969   ,  5 258   ,  9 227   ,  4 094   ,  5 444   ,  9 538   ,  4 316   ,  5 796   ,  10 112   ,  4 531   ,  6 136   ,  10 667   ,  4 710   ,  6 334   ,  11 044   ,  4 938   ,  6 503   ,  11 441   ,  5 138   ,  6 489   ,  11 627   ,  5 302   ,  6 346   ,  11 648   ,  5 578   ,  6 388   ,  11 966   ,  5 997   ,  6 615   ,  12 612   ,  6 336   ,  6 812   ,  13 148   ,  6 639   ,  7 041   ,  13 680   ,  7 012   ,  7 374   ,  14 386   ,  7 287   ,  7 628   ,  14 915   
,27,  3 862   ,  5 117   ,  8 979   ,  3 842   ,  5 111   ,  8 953   ,  3 865   ,  5 170   ,  9 035   ,  3 907   ,  5 256   ,  9 163   ,  4 033   ,  5 443   ,  9 476   ,  4 254   ,  5 796   ,  10 050   ,  4 466   ,  6 133   ,  10 599   ,  4 647   ,  6 332   ,  10 979   ,  4 885   ,  6 525   ,  11 410   ,  5 084   ,  6 504   ,  11 588   ,  5 244   ,  6 356   ,  11 600   ,  5 520   ,  6 400   ,  11 920   ,  5 939   ,  6 630   ,  12 569   ,  6 278   ,  6 830   ,  13 108   ,  6 582   ,  7 062   ,  13 644   ,  6 955   ,  7 398   ,  14 353   
,28,  3 921   ,  5 362   ,  9 283   ,  3 776   ,  5 211   ,  8 987   ,  3 758   ,  5 207   ,  8 965   ,  3 782   ,  5 267   ,  9 049   ,  3 825   ,  5 356   ,  9 181   ,  3 951   ,  5 548   ,  9 499   ,  4 168   ,  5 905   ,  10 073   ,  4 379   ,  6 251   ,  10 630   ,  4 569   ,  6 475   ,  11 044   ,  4 805   ,  6 666   ,  11 471   ,  4 999   ,  6 641   ,  11 640   ,  5 158   ,  6 492   ,  11 650   ,  5 433   ,  6 539   ,  11 972   ,  5 849   ,  6 777   ,  12 626   ,  6 186   ,  6 984   ,  13 170   ,  6 489   ,  7 223   ,  13 712   
,29,  3 996   ,  5 486   ,  9 482   ,  3 922   ,  5 468   ,  9 390   ,  3 778   ,  5 315   ,  9 093   ,  3 761   ,  5 312   ,  9 073   ,  3 787   ,  5 374   ,  9 161   ,  3 832   ,  5 466   ,  9 298   ,  3 958   ,  5 658   ,  9 616   ,  4 179   ,  6 024   ,  10 203   ,  4 405   ,  6 400   ,  10 805   ,  4 597   ,  6 625   ,  11 222   ,  4 834   ,  6 815   ,  11 649   ,  5 030   ,  6 791   ,  11 821   ,  5 193   ,  6 641   ,  11 834   ,  5 473   ,  6 692   ,  12 165   ,  5 897   ,  6 938   ,  12 835   ,  6 240   ,  7 151   ,  13 391   
,30,  3 960   ,  5 446   ,  9 406   ,  3 985   ,  5 605   ,  9 590   ,  3 912   ,  5 587   ,  9 499   ,  3 769   ,  5 431   ,  9 200   ,  3 754   ,  5 428   ,  9 182   ,  3 781   ,  5 493   ,  9 274   ,  3 826   ,  5 583   ,  9 409   ,  3 954   ,  5 781   ,  9 735   ,  4 191   ,  6 181   ,  10 372   ,  4 417   ,  6 559   ,  10 976   ,  4 609   ,  6 785   ,  11 394   ,  4 848   ,  6 982   ,  11 830   ,  5 048   ,  6 960   ,  12 008   ,  5 215   ,  6 808   ,  12 023   ,  5 499   ,  6 862   ,  12 361   ,  5 928   ,  7 116   ,  13 044   
,31,  3 944   ,  5 346   ,  9 290   ,  3 948   ,  5 504   ,  9 452   ,  3 975   ,  5 666   ,  9 641   ,  3 903   ,  5 649   ,  9 552   ,  3 762   ,  5 492   ,  9 254   ,  3 748   ,  5 490   ,  9 238   ,  3 775   ,  5 552   ,  9 327   ,  3 822   ,  5 645   ,  9 467   ,  3 965   ,  5 870   ,  9 835   ,  4 200   ,  6 266   ,  10 466   ,  4 427   ,  6 646   ,  11 073   ,  4 620   ,  6 876   ,  11 496   ,  4 863   ,  7 079   ,  11 942   ,  5 067   ,  7 059   ,  12 126   ,  5 237   ,  6 907   ,  12 144   ,  5 526   ,  6 964   ,  12 490   
,32,  3 836   ,  5 238   ,  9 074   ,  3 899   ,  5 480   ,  9 379   ,  3 904   ,  5 643   ,  9 547   ,  3 933   ,  5 810   ,  9 743   ,  3 863   ,  5 793   ,  9 656   ,  3 724   ,  5 634   ,  9 358   ,  3 709   ,  5 628   ,  9 337   ,  3 738   ,  5 693   ,  9 431   ,  3 800   ,  5 814   ,  9 614   ,  3 939   ,  6 037   ,  9 976   ,  4 173   ,  6 440   ,  10 613   ,  4 399   ,  6 832   ,  11 231   ,  4 595   ,  7 072   ,  11 667   ,  4 839   ,  7 283   ,  12 122   ,  5 045   ,  7 264   ,  12 309   ,  5 216   ,  7 110   ,  12 326   
,33,  3 710   ,  5 002   ,  8 712   ,  3 895   ,  5 431   ,  9 326   ,  3 961   ,  5 683   ,  9 644   ,  3 968   ,  5 854   ,  9 822   ,  3 999   ,  6 027   ,  10 026   ,  3 929   ,  6 011   ,  9 940   ,  3 785   ,  5 841   ,  9 626   ,  3 772   ,  5 836   ,  9 608   ,  3 821   ,  5 937   ,  9 758   ,  3 879   ,  6 052   ,  9 931   ,  4 020   ,  6 279   ,  10 299   ,  4 260   ,  6 700   ,  10 960   ,  4 494   ,  7 111   ,  11 605   ,  4 696   ,  7 363   ,  12 059   ,  4 949   ,  7 585   ,  12 534   ,  5 162   ,  7 568   ,  12 730   
,34,  3 533   ,  4 749   ,  8 282   ,  3 635   ,  5 024   ,  8 659   ,  3 820   ,  5 457   ,  9 277   ,  3 886   ,  5 711   ,  9 597   ,  3 895   ,  5 883   ,  9 778   ,  3 928   ,  6 059   ,  9 987   ,  3 858   ,  6 038   ,  9 896   ,  3 718   ,  5 870   ,  9 588   ,  3 724   ,  5 897   ,  9 621   ,  3 763   ,  5 981   ,  9 744   ,  3 818   ,  6 092   ,  9 910   ,  3 959   ,  6 323   ,  10 282   ,  4 198   ,  6 750   ,  10 948   ,  4 432   ,  7 167   ,  11 599   ,  4 634   ,  7 424   ,  12 058   ,  4 886   ,  7 649   ,  12 535   
,35,  3 475   ,  4 652   ,  8 127   ,  3 510   ,  4 752   ,  8 262   ,  3 614   ,  5 028   ,  8 642   ,  3 801   ,  5 462   ,  9 263   ,  3 869   ,  5 718   ,  9 587   ,  3 880   ,  5 892   ,  9 772   ,  3 912   ,  6 064   ,  9 976   ,  3 844   ,  6 045   ,  9 889   ,  3 722   ,  5 908   ,  9 630   ,  3 720   ,  5 918   ,  9 638   ,  3 757   ,  5 998   ,  9 755   ,  3 814   ,  6 112   ,  9 926   ,  3 956   ,  6 346   ,  10 302   ,  4 198   ,  6 777   ,  10 975   ,  4 435   ,  7 198   ,  11 633   ,  4 639   ,  7 458   ,  12 097   
,36,  3 345   ,  4 519   ,  7 864   ,  3 438   ,  4 680   ,  8 118   ,  3 475   ,  4 781   ,  8 256   ,  3 580   ,  5 060   ,  8 640   ,  3 768   ,  5 498   ,  9 266   ,  3 838   ,  5 757   ,  9 595   ,  3 848   ,  5 928   ,  9 776   ,  3 881   ,  6 104   ,  9 985   ,  3 832   ,  6 116   ,  9 948   ,  3 702   ,  5 961   ,  9 663   ,  3 697   ,  5 967   ,  9 664   ,  3 735   ,  6 050   ,  9 785   ,  3 794   ,  6 167   ,  9 961   ,  3 938   ,  6 405   ,  10 343   ,  4 181   ,  6 843   ,  11 024   ,  4 419   ,  7 271   ,  11 690   
,37,  3 308   ,  4 492   ,  7 800   ,  3 319   ,  4 525   ,  7 844   ,  3 414   ,  4 688   ,  8 102   ,  3 453   ,  4 790   ,  8 243   ,  3 560   ,  5 071   ,  8 631   ,  3 749   ,  5 511   ,  9 260   ,  3 818   ,  5 767   ,  9 585   ,  3 831   ,  5 941   ,  9 772   ,  3 881   ,  6 147   ,  10 028   ,  3 824   ,  6 144   ,  9 968   ,  3 692   ,  5 984   ,  9 676   ,  3 688   ,  5 992   ,  9 680   ,  3 728   ,  6 077   ,  9 805   ,  3 788   ,  6 197   ,  9 985   ,  3 933   ,  6 439   ,  10 372   ,  4 179   ,  6 882   ,  11 061   
,38,  3 320   ,  4 518   ,  7 838   ,  3 278   ,  4 492   ,  7 770   ,  3 291   ,  4 526   ,  7 817   ,  3 387   ,  4 689   ,  8 076   ,  3 427   ,  4 792   ,  8 219   ,  3 536   ,  5 075   ,  8 611   ,  3 724   ,  5 513   ,  9 237   ,  3 795   ,  5 771   ,  9 566   ,  3 822   ,  5 969   ,  9 791   ,  3 866   ,  6 163   ,  10 029   ,  3 807   ,  6 156   ,  9 963   ,  3 676   ,  5 997   ,  9 673   ,  3 674   ,  6 008   ,  9 682   ,  3 715   ,  6 096   ,  9 811   ,  3 777   ,  6 218   ,  9 995   ,  3 924   ,  6 463   ,  10 387   
,39,  3 307   ,  4 470   ,  7 777   ,  3 350   ,  4 568   ,  7 918   ,  3 309   ,  4 542   ,  7 851   ,  3 324   ,  4 578   ,  7 902   ,  3 423   ,  4 744   ,  8 167   ,  3 465   ,  4 849   ,  8 314   ,  3 575   ,  5 132   ,  8 707   ,  3 769   ,  5 577   ,  9 346   ,  3 855   ,  5 861   ,  9 716   ,  3 878   ,  6 055   ,  9 933   ,  3 921   ,  6 246   ,  10 167   ,  3 862   ,  6 241   ,  10 103   ,  3 730   ,  6 082   ,  9 812   ,  3 729   ,  6 096   ,  9 825   ,  3 773   ,  6 187   ,  9 960   ,  3 837   ,  6 314   ,  10 151   
,40,  3 166   ,  4 271   ,  7 437   ,  3 270   ,  4 462   ,  7 732   ,  3 314   ,  4 561   ,  7 875   ,  3 275   ,  4 536   ,  7 811   ,  3 291   ,  4 572   ,  7 863   ,  3 391   ,  4 739   ,  8 130   ,  3 433   ,  4 841   ,  8 274   ,  3 544   ,  5 124   ,  8 668   ,  3 750   ,  5 592   ,  9 342   ,  3 833   ,  5 870   ,  9 703   ,  3 854   ,  6 059   ,  9 913   ,  3 898   ,  6 253   ,  10 151   ,  3 841   ,  6 250   ,  10 091   ,  3 711   ,  6 093   ,  9 804   ,  3 711   ,  6 108   ,  9 819   ,  3 756   ,  6 202   ,  9 958   
,41,  3 071   ,  4 113   ,  7 184   ,  3 144   ,  4 271   ,  7 415   ,  3 249   ,  4 464   ,  7 713   ,  3 295   ,  4 564   ,  7 859   ,  3 258   ,  4 539   ,  7 797   ,  3 275   ,  4 576   ,  7 851   ,  3 375   ,  4 740   ,  8 115   ,  3 418   ,  4 844   ,  8 262   ,  3 543   ,  5 149   ,  8 692   ,  3 746   ,  5 611   ,  9 357   ,  3 827   ,  5 886   ,  9 713   ,  3 849   ,  6 077   ,  9 926   ,  3 895   ,  6 274   ,  10 169   ,  3 839   ,  6 274   ,  10 113   ,  3 710   ,  6 118   ,  9 828   ,  3 712   ,  6 136   ,  9 848   
,42,  2 959   ,  3 858   ,  6 817   ,  3 091   ,  4 097   ,  7 188   ,  3 166   ,  4 257   ,  7 423   ,  3 274   ,  4 449   ,  7 723   ,  3 322   ,  4 550   ,  7 872   ,  3 286   ,  4 526   ,  7 812   ,  3 303   ,  4 559   ,  7 862   ,  3 405   ,  4 724   ,  8 129   ,  3 464   ,  4 848   ,  8 312   ,  3 587   ,  5 147   ,  8 734   ,  3 791   ,  5 605   ,  9 396   ,  3 874   ,  5 881   ,  9 755   ,  3 899   ,  6 074   ,  9 973   ,  3 947   ,  6 273   ,  10 220   ,  3 891   ,  6 275   ,  10 166   ,  3 761   ,  6 121   ,  9 882   
,43,  2 740   ,  3 492   ,  6 232   ,  2 975   ,  3 888   ,  6 863   ,  3 109   ,  4 129   ,  7 238   ,  3 187   ,  4 290   ,  7 477   ,  3 298   ,  4 485   ,  7 783   ,  3 348   ,  4 587   ,  7 935   ,  3 311   ,  4 559   ,  7 870   ,  3 330   ,  4 594   ,  7 924   ,  3 450   ,  4 786   ,  8 236   ,  3 504   ,  4 904   ,  8 408   ,  3 627   ,  5 202   ,  8 829   ,  3 835   ,  5 666   ,  9 501   ,  3 921   ,  5 947   ,  9 868   ,  3 948   ,  6 145   ,  10 093   ,  3 998   ,  6 348   ,  10 346   ,  3 943   ,  6 352   ,  10 295   
,44,  2 528   ,  3 195   ,  5 723   ,  2 688   ,  3 460   ,  6 148   ,  2 921   ,  3 853   ,  6 774   ,  3 055   ,  4 093   ,  7 148   ,  3 134   ,  4 253   ,  7 387   ,  3 245   ,  4 447   ,  7 692   ,  3 293   ,  4 545   ,  7 838   ,  3 258   ,  4 519   ,  7 777   ,  3 293   ,  4 578   ,  7 871   ,  3 405   ,  4 757   ,  8 162   ,  3 457   ,  4 870   ,  8 327   ,  3 580   ,  5 167   ,  8 747   ,  3 788   ,  5 631   ,  9 419   ,  3 874   ,  5 912   ,  9 786   ,  3 902   ,  6 111   ,  10 013   ,  3 954   ,  6 315   ,  10 269   
,45,  2 453   ,  3 117   ,  5 570   ,  2 532   ,  3 231   ,  5 763   ,  2 695   ,  3 499   ,  6 194   ,  2 931   ,  3 897   ,  6 828   ,  3 068   ,  4 141   ,  7 209   ,  3 148   ,  4 304   ,  7 452   ,  3 260   ,  4 498   ,  7 758   ,  3 310   ,  4 597   ,  7 907   ,  3 291   ,  4 595   ,  7 886   ,  3 319   ,  4 644   ,  7 963   ,  3 431   ,  4 821   ,  8 252   ,  3 485   ,  4 937   ,  8 422   ,  3 610   ,  5 241   ,  8 851   ,  3 822   ,  5 713   ,  9 535   ,  3 911   ,  6 001   ,  9 912   ,  3 941   ,  6 205   ,  10 146   
,46,  2 319   ,  2 967   ,  5 286   ,  2 420   ,  3 100   ,  5 520   ,  2 500   ,  3 213   ,  5 713   ,  2 662   ,  3 481   ,  6 143   ,  2 898   ,  3 878   ,  6 776   ,  3 035   ,  4 121   ,  7 156   ,  3 114   ,  4 280   ,  7 394   ,  3 226   ,  4 474   ,  7 700   ,  3 292   ,  4 597   ,  7 889   ,  3 266   ,  4 584   ,  7 850   ,  3 293   ,  4 628   ,  7 921   ,  3 405   ,  4 806   ,  8 211   ,  3 460   ,  4 924   ,  8 384   ,  3 586   ,  5 229   ,  8 815   ,  3 798   ,  5 702   ,  9 500   ,  3 889   ,  5 992   ,  9 881   
,47,  2 289   ,  2 990   ,  5 279   ,  2 324   ,  3 026   ,  5 350   ,  2 427   ,  3 161   ,  5 588   ,  2 509   ,  3 278   ,  5 787   ,  2 674   ,  3 552   ,  6 226   ,  2 913   ,  3 958   ,  6 871   ,  3 050   ,  4 203   ,  7 253   ,  3 132   ,  4 367   ,  7 499   ,  3 259   ,  4 587   ,  7 846   ,  3 319   ,  4 702   ,  8 021   ,  3 292   ,  4 685   ,  7 977   ,  3 320   ,  4 731   ,  8 051   ,  3 434   ,  4 916   ,  8 350   ,  3 491   ,  5 038   ,  8 529   ,  3 620   ,  5 352   ,  8 972   ,  3 837   ,  5 839   ,  9 676   
,48,  2 300   ,  3 099   ,  5 399   ,  2 301   ,  3 045   ,  5 346   ,  2 338   ,  3 082   ,  5 420   ,  2 444   ,  3 221   ,  5 665   ,  2 528   ,  3 340   ,  5 868   ,  2 696   ,  3 620   ,  6 316   ,  2 937   ,  4 031   ,  6 968   ,  3 078   ,  4 283   ,  7 361   ,  3 171   ,  4 469   ,  7 640   ,  3 295   ,  4 685   ,  7 980   ,  3 355   ,  4 799   ,  8 154   ,  3 328   ,  4 782   ,  8 110   ,  3 357   ,  4 832   ,  8 189   ,  3 475   ,  5 022   ,  8 497   ,  3 534   ,  5 149   ,  8 683   ,  3 667   ,  5 472   ,  9 139   
,49,  2 254   ,  3 119   ,  5 373   ,  2 289   ,  3 123   ,  5 412   ,  2 292   ,  3 068   ,  5 360   ,  2 330   ,  3 106   ,  5 436   ,  2 437   ,  3 247   ,  5 684   ,  2 522   ,  3 368   ,  5 890   ,  2 690   ,  3 648   ,  6 338   ,  2 932   ,  4 063   ,  6 995   ,  3 083   ,  4 336   ,  7 419   ,  3 175   ,  4 518   ,  7 693   ,  3 298   ,  4 732   ,  8 030   ,  3 358   ,  4 849   ,  8 207   ,  3 333   ,  4 834   ,  8 167   ,  3 364   ,  4 886   ,  8 250   ,  3 484   ,  5 080   ,  8 564   ,  3 545   ,  5 211   ,  8 756   
,50,  2 205   ,  3 053   ,  5 258   ,  2 240   ,  3 116   ,  5 356   ,  2 277   ,  3 120   ,  5 397   ,  2 281   ,  3 067   ,  5 348   ,  2 319   ,  3 105   ,  5 424   ,  2 427   ,  3 246   ,  5 673   ,  2 512   ,  3 364   ,  5 876   ,  2 681   ,  3 645   ,  6 326   ,  2 932   ,  4 080   ,  7 012   ,  3 082   ,  4 347   ,  7 429   ,  3 173   ,  4 525   ,  7 698   ,  3 297   ,  4 741   ,  8 038   ,  3 358   ,  4 860   ,  8 218   ,  3 334   ,  4 847   ,  8 181   ,  3 367   ,  4 901   ,  8 268   ,  3 488   ,  5 097   ,  8 585   
,51,  2 197   ,  3 035   ,  5 232   ,  2 207   ,  3 073   ,  5 280   ,  2 243   ,  3 137   ,  5 380   ,  2 281   ,  3 142   ,  5 423   ,  2 286   ,  3 088   ,  5 374   ,  2 326   ,  3 127   ,  5 453   ,  2 434   ,  3 267   ,  5 701   ,  2 520   ,  3 387   ,  5 907   ,  2 698   ,  3 688   ,  6 386   ,  2 951   ,  4 120   ,  7 071   ,  3 101   ,  4 386   ,  7 487   ,  3 193   ,  4 568   ,  7 761   ,  3 320   ,  4 788   ,  8 108   ,  3 383   ,  4 909   ,  8 292   ,  3 360   ,  4 898   ,  8 258   ,  3 394   ,  4 954   ,  8 348   
,52,  2 124   ,  2 898   ,  5 022   ,  2 159   ,  2 975   ,  5 134   ,  2 170   ,  3 013   ,  5 183   ,  2 206   ,  3 076   ,  5 282   ,  2 245   ,  3 081   ,  5 326   ,  2 251   ,  3 029   ,  5 280   ,  2 290   ,  3 065   ,  5 355   ,  2 398   ,  3 202   ,  5 600   ,  2 490   ,  3 337   ,  5 827   ,  2 666   ,  3 627   ,  6 293   ,  2 915   ,  4 048   ,  6 963   ,  3 064   ,  4 310   ,  7 374   ,  3 157   ,  4 490   ,  7 647   ,  3 283   ,  4 708   ,  7 991   ,  3 348   ,  4 829   ,  8 177   ,  3 326   ,  4 819   ,  8 145   
,53,  1 947   ,  2 575   ,  4 522   ,  2 121   ,  2 866   ,  4 987   ,  2 157   ,  2 942   ,  5 099   ,  2 169   ,  2 980   ,  5 149   ,  2 206   ,  3 042   ,  5 248   ,  2 246   ,  3 048   ,  5 294   ,  2 252   ,  2 993   ,  5 245   ,  2 292   ,  3 029   ,  5 321   ,  2 409   ,  3 187   ,  5 596   ,  2 502   ,  3 313   ,  5 815   ,  2 678   ,  3 597   ,  6 275   ,  2 929   ,  4 016   ,  6 945   ,  3 081   ,  4 278   ,  7 359   ,  3 175   ,  4 458   ,  7 633   ,  3 304   ,  4 676   ,  7 980   ,  3 371   ,  4 797   ,  8 168   
,54,  1 824   ,  2 318   ,  4 142   ,  1 942   ,  2 529   ,  4 471   ,  2 117   ,  2 816   ,  4 933   ,  2 154   ,  2 890   ,  5 044   ,  2 167   ,  2 928   ,  5 095   ,  2 206   ,  2 990   ,  5 196   ,  2 245   ,  2 993   ,  5 238   ,  2 252   ,  2 940   ,  5 192   ,  2 301   ,  2 996   ,  5 297   ,  2 416   ,  3 139   ,  5 555   ,  2 509   ,  3 261   ,  5 770   ,  2 686   ,  3 541   ,  6 227   ,  2 940   ,  3 955   ,  6 895   ,  3 093   ,  4 215   ,  7 308   ,  3 190   ,  4 394   ,  7 584   ,  3 321   ,  4 610   ,  7 931   
,55,  1 792   ,  2 269   ,  4 061   ,  1 801   ,  2 291   ,  4 092   ,  1 919   ,  2 500   ,  4 419   ,  2 093   ,  2 784   ,  4 877   ,  2 131   ,  2 859   ,  4 990   ,  2 145   ,  2 896   ,  5 041   ,  2 183   ,  2 955   ,  5 138   ,  2 223   ,  2 959   ,  5 182   ,  2 237   ,  2 925   ,  5 162   ,  2 284   ,  2 970   ,  5 254   ,  2 398   ,  3 109   ,  5 507   ,  2 490   ,  3 231   ,  5 721   ,  2 668   ,  3 510   ,  6 178   ,  2 921   ,  3 922   ,  6 843   ,  3 076   ,  4 181   ,  7 257   ,  3 173   ,  4 360   ,  7 533   
,56,  1 707   ,  2 158   ,  3 865   ,  1 763   ,  2 226   ,  3 989   ,  1 773   ,  2 249   ,  4 022   ,  1 890   ,  2 454   ,  4 344   ,  2 064   ,  2 733   ,  4 797   ,  2 102   ,  2 807   ,  4 909   ,  2 115   ,  2 842   ,  4 957   ,  2 153   ,  2 900   ,  5 053   ,  2 201   ,  2 923   ,  5 124   ,  2 214   ,  2 880   ,  5 094   ,  2 260   ,  2 921   ,  5 181   ,  2 373   ,  3 059   ,  5 432   ,  2 466   ,  3 180   ,  5 646   ,  2 643   ,  3 456   ,  6 099   ,  2 896   ,  3 863   ,  6 759   ,  3 050   ,  4 119   ,  7 169   
,57,  1 678   ,  2 154   ,  3 832   ,  1 697   ,  2 164   ,  3 861   ,  1 754   ,  2 233   ,  3 987   ,  1 765   ,  2 256   ,  4 021   ,  1 883   ,  2 463   ,  4 346   ,  2 057   ,  2 744   ,  4 801   ,  2 095   ,  2 815   ,  4 910   ,  2 109   ,  2 851   ,  4 960   ,  2 154   ,  2 929   ,  5 083   ,  2 201   ,  2 942   ,  5 143   ,  2 213   ,  2 896   ,  5 109   ,  2 259   ,  2 938   ,  5 197   ,  2 374   ,  3 079   ,  5 453   ,  2 468   ,  3 202   ,  5 670   ,  2 647   ,  3 481   ,  6 128   ,  2 902   ,  3 893   ,  6 795   
,58,  1 757   ,  2 315   ,  4 072   ,  1 681   ,  2 158   ,  3 839   ,  1 701   ,  2 169   ,  3 870   ,  1 760   ,  2 239   ,  3 999   ,  1 771   ,  2 262   ,  4 033   ,  1 891   ,  2 471   ,  4 362   ,  2 066   ,  2 750   ,  4 816   ,  2 105   ,  2 823   ,  4 928   ,  2 125   ,  2 877   ,  5 002   ,  2 170   ,  2 945   ,  5 115   ,  2 216   ,  2 956   ,  5 172   ,  2 228   ,  2 911   ,  5 139   ,  2 276   ,  2 954   ,  5 230   ,  2 392   ,  3 097   ,  5 489   ,  2 488   ,  3 222   ,  5 710   ,  2 670   ,  3 505   ,  6 175   
,59,  1 757   ,  2 366   ,  4 123   ,  1 739   ,  2 301   ,  4 040   ,  1 665   ,  2 146   ,  3 811   ,  1 685   ,  2 158   ,  3 843   ,  1 744   ,  2 227   ,  3 971   ,  1 756   ,  2 251   ,  4 007   ,  1 875   ,  2 457   ,  4 332   ,  2 050   ,  2 735   ,  4 785   ,  2 094   ,  2 826   ,  4 920   ,  2 115   ,  2 871   ,  4 986   ,  2 159   ,  2 937   ,  5 096   ,  2 205   ,  2 948   ,  5 153   ,  2 219   ,  2 905   ,  5 124   ,  2 267   ,  2 949   ,  5 216   ,  2 385   ,  3 093   ,  5 478   ,  2 482   ,  3 219   ,  5 701   
,60,  1 671   ,  2 250   ,  3 921   ,  1 736   ,  2 352   ,  4 088   ,  1 719   ,  2 288   ,  4 007   ,  1 646   ,  2 134   ,  3 780   ,  1 667   ,  2 146   ,  3 813   ,  1 727   ,  2 216   ,  3 943   ,  1 738   ,  2 237   ,  3 975   ,  1 857   ,  2 442   ,  4 299   ,  2 036   ,  2 738   ,  4 774   ,  2 082   ,  2 820   ,  4 902   ,  2 101   ,  2 862   ,  4 963   ,  2 145   ,  2 929   ,  5 074   ,  2 192   ,  2 942   ,  5 134   ,  2 207   ,  2 899   ,  5 106   ,  2 256   ,  2 945   ,  5 201   ,  2 374   ,  3 090   ,  5 464   
,61,  1 626   ,  2 188   ,  3 814   ,  1 625   ,  2 215   ,  3 840   ,  1 689   ,  2 316   ,  4 005   ,  1 674   ,  2 254   ,  3 928   ,  1 603   ,  2 102   ,  3 705   ,  1 625   ,  2 115   ,  3 740   ,  1 683   ,  2 182   ,  3 865   ,  1 695   ,  2 204   ,  3 899   ,  1 816   ,  2 423   ,  4 239   ,  1 992   ,  2 707   ,  4 699   ,  2 035   ,  2 785   ,  4 820   ,  2 054   ,  2 828   ,  4 882   ,  2 098   ,  2 895   ,  4 993   ,  2 146   ,  2 909   ,  5 055   ,  2 161   ,  2 868   ,  5 029   ,  2 210   ,  2 915   ,  5 125   
,62,  1 540   ,  2 033   ,  3 573   ,  1 575   ,  2 127   ,  3 702   ,  1 575   ,  2 154   ,  3 729   ,  1 638   ,  2 253   ,  3 891   ,  1 624   ,  2 192   ,  3 816   ,  1 556   ,  2 045   ,  3 601   ,  1 577   ,  2 056   ,  3 633   ,  1 634   ,  2 122   ,  3 756   ,  1 650   ,  2 158   ,  3 808   ,  1 769   ,  2 364   ,  4 133   ,  1 940   ,  2 638   ,  4 578   ,  1 982   ,  2 715   ,  4 697   ,  2 002   ,  2 758   ,  4 760   ,  2 046   ,  2 825   ,  4 871   ,  2 093   ,  2 840   ,  4 933   ,  2 109   ,  2 801   ,  4 910   
,63,  1 352   ,  1 742   ,  3 094   ,  1 498   ,  2 021   ,  3 519   ,  1 533   ,  2 114   ,  3 647   ,  1 534   ,  2 142   ,  3 676   ,  1 597   ,  2 241   ,  3 838   ,  1 584   ,  2 181   ,  3 765   ,  1 517   ,  2 033   ,  3 550   ,  1 538   ,  2 044   ,  3 582   ,  1 600   ,  2 127   ,  3 727   ,  1 617   ,  2 155   ,  3 772   ,  1 732   ,  2 358   ,  4 090   ,  1 900   ,  2 633   ,  4 533   ,  1 943   ,  2 712   ,  4 655   ,  1 964   ,  2 756   ,  4 720   ,  2 008   ,  2 824   ,  4 832   ,  2 055   ,  2 839   ,  4 894   
,64,  1 225   ,  1 506   ,  2 731   ,  1 320   ,  1 703   ,  3 023   ,  1 464   ,  1 976   ,  3 440   ,  1 500   ,  2 069   ,  3 569   ,  1 501   ,  2 096   ,  3 597   ,  1 564   ,  2 193   ,  3 757   ,  1 551   ,  2 133   ,  3 684   ,  1 486   ,  1 990   ,  3 476   ,  1 513   ,  2 016   ,  3 529   ,  1 573   ,  2 088   ,  3 661   ,  1 588   ,  2 114   ,  3 702   ,  1 702   ,  2 314   ,  4 016   ,  1 869   ,  2 585   ,  4 454   ,  1 912   ,  2 664   ,  4 576   ,  1 933   ,  2 708   ,  4 641   ,  1 978   ,  2 776   ,  4 754   
,65,  1 192   ,  1 461   ,  2 653   ,  1 201   ,  1 499   ,  2 700   ,  1 296   ,  1 695   ,  2 991   ,  1 438   ,  1 968   ,  3 406   ,  1 474   ,  2 061   ,  3 535   ,  1 476   ,  2 089   ,  3 565   ,  1 537   ,  2 184   ,  3 721   ,  1 525   ,  2 125   ,  3 650   ,  1 467   ,  1 997   ,  3 464   ,  1 492   ,  2 014   ,  3 506   ,  1 550   ,  2 084   ,  3 634   ,  1 566   ,  2 111   ,  3 677   ,  1 680   ,  2 312   ,  3 992   ,  1 845   ,  2 584   ,  4 429   ,  1 889   ,  2 664   ,  4 553   ,  1 911   ,  2 709   ,  4 620   
,66,  1 158   ,  1 379   ,  2 537   ,  1 204   ,  1 448   ,  2 652   ,  1 213   ,  1 486   ,  2 699   ,  1 310   ,  1 681   ,  2 991   ,  1 455   ,  1 952   ,  3 407   ,  1 492   ,  2 044   ,  3 536   ,  1 495   ,  2 071   ,  3 566   ,  1 557   ,  2 166   ,  3 723   ,  1 550   ,  2 124   ,  3 674   ,  1 491   ,  1 987   ,  3 478   ,  1 515   ,  2 003   ,  3 518   ,  1 575   ,  2 073   ,  3 648   ,  1 592   ,  2 101   ,  3 693   ,  1 709   ,  2 303   ,  4 012   ,  1 878   ,  2 575   ,  4 453   ,  1 924   ,  2 655   ,  4 579   
,67,  1 143   ,  1 367   ,  2 510   ,  1 164   ,  1 391   ,  2 555   ,  1 211   ,  1 462   ,  2 673   ,  1 222   ,  1 501   ,  2 723   ,  1 320   ,  1 699   ,  3 019   ,  1 467   ,  1 973   ,  3 440   ,  1 505   ,  2 065   ,  3 570   ,  1 508   ,  2 093   ,  3 601   ,  1 577   ,  2 206   ,  3 783   ,  1 569   ,  2 154   ,  3 723   ,  1 508   ,  2 014   ,  3 522   ,  1 534   ,  2 031   ,  3 565   ,  1 595   ,  2 103   ,  3 698   ,  1 614   ,  2 133   ,  3 747   ,  1 733   ,  2 339   ,  4 072   ,  1 906   ,  2 617   ,  4 523   
,68,  1 217   ,  1 507   ,  2 724   ,  1 154   ,  1 379   ,  2 533   ,  1 176   ,  1 404   ,  2 580   ,  1 225   ,  1 476   ,  2 701   ,  1 236   ,  1 516   ,  2 752   ,  1 337   ,  1 717   ,  3 054   ,  1 486   ,  1 993   ,  3 479   ,  1 525   ,  2 087   ,  3 612   ,  1 533   ,  2 130   ,  3 663   ,  1 603   ,  2 237   ,  3 840   ,  1 594   ,  2 182   ,  3 776   ,  1 533   ,  2 041   ,  3 574   ,  1 560   ,  2 060   ,  3 620   ,  1 624   ,  2 134   ,  3 758   ,  1 643   ,  2 166   ,  3 809   ,  1 766   ,  2 376   ,  4 142   
,69,  1 225   ,  1 564   ,  2 789   ,  1 189   ,  1 474   ,  2 663   ,  1 129   ,  1 349   ,  2 478   ,  1 151   ,  1 374   ,  2 525   ,  1 200   ,  1 445   ,  2 645   ,  1 212   ,  1 485   ,  2 697   ,  1 310   ,  1 680   ,  2 990   ,  1 458   ,  1 952   ,  3 410   ,  1 501   ,  2 059   ,  3 560   ,  1 509   ,  2 095   ,  3 604   ,  1 577   ,  2 197   ,  3 774   ,  1 570   ,  2 145   ,  3 715   ,  1 510   ,  2 007   ,  3 517   ,  1 538   ,  2 026   ,  3 564   ,  1 602   ,  2 101   ,  3 703   ,  1 622   ,  2 133   ,  3 755   
,70,  1 196   ,  1 501   ,  2 697   ,  1 202   ,  1 508   ,  2 710   ,  1 168   ,  1 421   ,  2 589   ,  1 110   ,  1 302   ,  2 412   ,  1 132   ,  1 326   ,  2 458   ,  1 181   ,  1 395   ,  2 576   ,  1 192   ,  1 432   ,  2 624   ,  1 291   ,  1 622   ,  2 913   ,  1 442   ,  1 899   ,  3 341   ,  1 485   ,  1 996   ,  3 481   ,  1 492   ,  2 028   ,  3 520   ,  1 560   ,  2 129   ,  3 689   ,  1 554   ,  2 079   ,  3 633   ,  1 495   ,  1 947   ,  3 442   ,  1 524   ,  1 967   ,  3 491   ,  1 588   ,  2 040   ,  3 628   
,71,  1 144   ,  1 445   ,  2 589   ,  1 137   ,  1 443   ,  2 580   ,  1 144   ,  1 450   ,  2 594   ,  1 112   ,  1 367   ,  2 479   ,  1 057   ,  1 253   ,  2 310   ,  1 079   ,  1 277   ,  2 356   ,  1 125   ,  1 342   ,  2 467   ,  1 137   ,  1 379   ,  2 516   ,  1 236   ,  1 574   ,  2 810   ,  1 380   ,  1 835   ,  3 215   ,  1 421   ,  1 927   ,  3 348   ,  1 429   ,  1 959   ,  3 388   ,  1 495   ,  2 058   ,  3 553   ,  1 490   ,  2 011   ,  3 501   ,  1 435   ,  1 884   ,  3 319   ,  1 463   ,  1 905   ,  3 368   
,72,  1 079   ,  1 347   ,  2 426   ,  1 090   ,  1 371   ,  2 461   ,  1 084   ,  1 370   ,  2 454   ,  1 091   ,  1 377   ,  2 468   ,  1 062   ,  1 299   ,  2 361   ,  1 010   ,  1 191   ,  2 201   ,  1 031   ,  1 213   ,  2 244   ,  1 076   ,  1 276   ,  2 352   ,  1 092   ,  1 321   ,  2 413   ,  1 187   ,  1 502   ,  2 689   ,  1 325   ,  1 749   ,  3 074   ,  1 364   ,  1 838   ,  3 202   ,  1 373   ,  1 870   ,  3 243   ,  1 438   ,  1 965   ,  3 403   ,  1 434   ,  1 922   ,  3 356   ,  1 382   ,  1 802   ,  3 184   
,73,  934   ,  1 069   ,  2 003   ,  1 037   ,  1 251   ,  2 288   ,  1 049   ,  1 274   ,  2 323   ,  1 044   ,  1 273   ,  2 317   ,  1 052   ,  1 280   ,  2 332   ,  1 024   ,  1 208   ,  2 232   ,  974   ,  1 107   ,  2 081   ,  995   ,  1 128   ,  2 123   ,  1 043   ,  1 197   ,  2 240   ,  1 059   ,  1 235   ,  2 294   ,  1 150   ,  1 402   ,  2 552   ,  1 284   ,  1 634   ,  2 918   ,  1 324   ,  1 718   ,  3 042   ,  1 333   ,  1 749   ,  3 082   ,  1 397   ,  1 839   ,  3 236   ,  1 394   ,  1 799   ,  3 193   
,74,  780   ,  857   ,  1 637   ,  862   ,  1 002   ,  1 864   ,  958   ,  1 172   ,  2 130   ,  969   ,  1 195   ,  2 164   ,  965   ,  1 194   ,  2 159   ,  973   ,  1 202   ,  2 175   ,  948   ,  1 134   ,  2 082   ,  902   ,  1 039   ,  1 941   ,  925   ,  1 068   ,  1 993   ,  970   ,  1 128   ,  2 098   ,  983   ,  1 162   ,  2 145   ,  1 069   ,  1 321   ,  2 390   ,  1 195   ,  1 541   ,  2 736   ,  1 232   ,  1 621   ,  2 853   ,  1 242   ,  1 651   ,  2 893   ,  1 303   ,  1 737   ,  3 040   
,75,  696   ,  782   ,  1 478   ,  711   ,  793   ,  1 504   ,  787   ,  928   ,  1 715   ,  875   ,  1 086   ,  1 961   ,  887   ,  1 107   ,  1 994   ,  884   ,  1 108   ,  1 992   ,  891   ,  1 114   ,  2 005   ,  868   ,  1 051   ,  1 919   ,  829   ,  972   ,  1 801   ,  851   ,  995   ,  1 846   ,  891   ,  1 049   ,  1 940   ,  904   ,  1 082   ,  1 986   ,  984   ,  1 230   ,  2 214   ,  1 101   ,  1 436   ,  2 537   ,  1 136   ,  1 512   ,  2 648   ,  1 146   ,  1 542   ,  2 688   
,76,  633   ,  730   ,  1 363   ,  649   ,  742   ,  1 391   ,  663   ,  754   ,  1 417   ,  735   ,  882   ,  1 617   ,  818   ,  1 033   ,  1 851   ,  830   ,  1 054   ,  1 884   ,  827   ,  1 054   ,  1 881   ,  834   ,  1 061   ,  1 895   ,  816   ,  1 010   ,  1 826   ,  780   ,  929   ,  1 709   ,  800   ,  950   ,  1 750   ,  838   ,  1 003   ,  1 841   ,  851   ,  1 035   ,  1 886   ,  926   ,  1 178   ,  2 104   ,  1 038   ,  1 376   ,  2 414   ,  1 072   ,  1 450   ,  2 522   
,77,  588   ,  710   ,  1 298   ,  585   ,  699   ,  1 284   ,  600   ,  712   ,  1 312   ,  614   ,  723   ,  1 337   ,  681   ,  847   ,  1 528   ,  759   ,  993   ,  1 752   ,  770   ,  1 012   ,  1 782   ,  768   ,  1 013   ,  1 781   ,  778   ,  1 028   ,  1 806   ,  761   ,  975   ,  1 736   ,  727   ,  896   ,  1 623   ,  746   ,  917   ,  1 663   ,  782   ,  969   ,  1 751   ,  795   ,  1 001   ,  1 796   ,  867   ,  1 140   ,  2 007   ,  972   ,  1 332   ,  2 304   
,78,  567   ,  772   ,  1 339   ,  544   ,  705   ,  1 249   ,  542   ,  694   ,  1 236   ,  556   ,  707   ,  1 263   ,  570   ,  719   ,  1 289   ,  633   ,  842   ,  1 475   ,  705   ,  987   ,  1 692   ,  716   ,  1 007   ,  1 723   ,  717   ,  1 017   ,  1 734   ,  727   ,  1 028   ,  1 755   ,  710   ,  973   ,  1 683   ,  679   ,  896   ,  1 575   ,  697   ,  917   ,  1 614   ,  732   ,  970   ,  1 702   ,  745   ,  1 003   ,  1 748   ,  812   ,  1 143   ,  1 955   
,79,  541   ,  776   ,  1 317   ,  525   ,  717   ,  1 242   ,  504   ,  656   ,  1 160   ,  502   ,  646   ,  1 148   ,  516   ,  658   ,  1 174   ,  529   ,  670   ,  1 199   ,  588   ,  784   ,  1 372   ,  656   ,  920   ,  1 576   ,  669   ,  948   ,  1 617   ,  670   ,  952   ,  1 622   ,  679   ,  962   ,  1 641   ,  664   ,  911   ,  1 575   ,  635   ,  840   ,  1 475   ,  653   ,  861   ,  1 514   ,  686   ,  911   ,  1 597   ,  699   ,  942   ,  1 641   
,80+,  3 919   ,  5 792   ,  9 711   ,  3 790   ,  5 602   ,  9 392   ,  3 657   ,  5 385   ,  9 042   ,  3 532   ,  5 147   ,  8 679   ,  3 430   ,  4 949   ,  8 379   ,  3 365   ,  4 787   ,  8 152   ,  3 320   ,  4 666   ,  7 986   ,  3 347   ,  4 663   ,  8 010   ,  3 440   ,  4 843   ,  8 283   ,  3 539   ,  4 985   ,  8 524   ,  3 613   ,  5 112   ,  8 725   ,  3 698   ,  5 228   ,  8 926   ,  3 746   ,  5 285   ,  9 031   ,  3 774   ,  5 276   ,  9 050   ,  3 814   ,  5 291   ,  9 105   ,  3 889   ,  5 350   ,  9 239   
,Total,  377 596   ,  417 609   ,  795 205   ,  386 906   ,  427 399   ,  814 305   ,  396 304   ,  437 284   ,  833 588   ,  405 770   ,  447 243   ,  853 013   ,  415 294   ,  457 263   ,  872 557   ,  424 873   ,  467 343   ,  892 216   ,  434 162   ,  477 083   ,  911 245   ,  443 511   ,  486 884   ,  930 395   ,  453 640   ,  498 082   ,  951 722   ,  464 030   ,  509 066   ,  973 096   ,  473 918   ,  519 464   ,  993 382   ,  483 972   ,  530 034   ,  1 014 006   ,  494 254   ,  540 839   ,  1 035 093   ,  504 770   ,  551 890   ,  1 056 660   ,  515 523   ,  563 188   ,  1 078 711   ,  526 504   ,  574 726   ,  1 101 230   