,,,,,,,,,,,,,,,,,,,,,,,,,,,,,,,,,,,,,,,,,,,,,,,,,
OUBRI,,,,,,,,,,,,,,,,,,,,,,,,,,,,,,,,,,,,,,,,,,,,,,,,,
,,,,,,,,,,,,,,,,,,,,,,,,,,,,,,,,,,,,,,,,,,,,,,,,,
GANZOURGOU,,,,,,,,,,,,,,,,,,,,,,,,,,,,,,,,,,,,,,,,,,,,,,,,,
,,2020,,,2021,,,2022,,,2023,,,2024,,,2025,,,2026,,,2027,,,2028,,,2029,,,2030,,,2031,,,2032,,,2033,,,2034,,,2035,,
, Ages,Ensemble,,,Ensemble,,,Ensemble,,,Ensemble,,,Ensemble,,,Ensemble,,,Ensemble,,,Ensemble,,,Ensemble,,,Ensemble,,,Ensemble,,,Ensemble,,,Ensemble,,,Ensemble,,,Ensemble,,,Ensemble,,
,,Homme ,Femme,Ensemble,Homme ,Femme,Ensemble,Homme ,Femme,Ensemble,Homme ,Femme,Ensemble,Homme ,Femme,Ensemble,Homme ,Femme,Ensemble,Homme ,Femme,Ensemble,Homme ,Femme,Ensemble,Homme ,Femme,Ensemble,Homme ,Femme,Ensemble,Homme ,Femme,Ensemble,Homme ,Femme,Ensemble,Homme ,Femme,Ensemble,Homme ,Femme,Ensemble,Homme ,Femme,Ensemble,Homme ,Femme,Ensemble
,0,  11 683   ,  10 979   ,  22 662   ,  11 739   ,  11 019   ,  22 758   ,  11 830   ,  11 102   ,  22 932   ,  11 906   ,  11 168   ,  23 074   ,  11 969   ,  11 222   ,  23 191   ,  12 029   ,  11 270   ,  23 299   ,  12 081   ,  11 308   ,  23 389   ,  12 134   ,  11 346   ,  23 480   ,  10 629   ,  9 928   ,  20 557   ,  10 685   ,  9 968   ,  20 653   ,  10 719   ,  9 988   ,  20 707   ,  10 870   ,  10 116   ,  20 986   ,  11 027   ,  10 249   ,  21 276   ,  11 186   ,  10 385   ,  21 571   ,  11 340   ,  10 515   ,  21 855   ,  11 486   ,  10 637   ,  22 123   
,1,  11 426   ,  10 823   ,  22 249   ,  11 380   ,  10 747   ,  22 127   ,  11 445   ,  10 793   ,  22 238   ,  11 544   ,  10 880   ,  22 424   ,  11 627   ,  10 951   ,  22 578   ,  11 700   ,  11 008   ,  22 708   ,  11 760   ,  11 052   ,  22 812   ,  11 821   ,  11 096   ,  22 917   ,  10 368   ,  9 722   ,  20 090   ,  10 437   ,  9 773   ,  20 210   ,  10 486   ,  9 804   ,  20 290   ,  10 527   ,  9 829   ,  20 356   ,  10 680   ,  9 961   ,  20 641   ,  10 839   ,  10 099   ,  20 938   ,  11 000   ,  10 237   ,  21 237   ,  11 159   ,  10 371   ,  21 530   
,2,  11 060   ,  10 579   ,  21 639   ,  11 271   ,  10 723   ,  21 994   ,  11 230   ,  10 651   ,  21 881   ,  11 300   ,  10 701   ,  22 001   ,  11 403   ,  10 790   ,  22 193   ,  11 491   ,  10 862   ,  22 353   ,  11 558   ,  10 914   ,  22 472   ,  11 621   ,  10 960   ,  22 581   ,  10 198   ,  9 608   ,  19 806   ,  10 275   ,  9 666   ,  19 941   ,  10 334   ,  9 706   ,  20 040   ,  10 383   ,  9 740   ,  20 123   ,  10 427   ,  9 769   ,  20 196   ,  10 581   ,  9 903   ,  20 484   ,  10 743   ,  10 043   ,  20 786   ,  10 905   ,  10 183   ,  21 088   
,3,  10 606   ,  10 246   ,  20 852   ,  10 885   ,  10 448   ,  21 333   ,  11 096   ,  10 593   ,  21 689   ,  11 060   ,  10 522   ,  21 582   ,  11 131   ,  10 573   ,  21 704   ,  11 236   ,  10 663   ,  21 899   ,  11 317   ,  10 727   ,  22 044   ,  11 386   ,  10 779   ,  22 165   ,  9 995   ,  9 453   ,  19 448   ,  10 074   ,  9 513   ,  19 587   ,  10 137   ,  9 559   ,  19 696   ,  10 196   ,  9 599   ,  19 795   ,  10 247   ,  9 635   ,  19 882   ,  10 293   ,  9 666   ,  19 959   ,  10 447   ,  9 801   ,  20 248   ,  10 608   ,  9 940   ,  20 548   
,4,  10 171   ,  9 914   ,  20 085   ,  10 464   ,  10 133   ,  20 597   ,  10 744   ,  10 334   ,  21 078   ,  10 955   ,  10 479   ,  21 434   ,  10 922   ,  10 411   ,  21 333   ,  10 995   ,  10 462   ,  21 457   ,  11 093   ,  10 543   ,  21 636   ,  11 175   ,  10 608   ,  21 783   ,  9 819   ,  9 310   ,  19 129   ,  9 897   ,  9 370   ,  19 267   ,  9 963   ,  9 418   ,  19 381   ,  10 027   ,  9 465   ,  19 492   ,  10 086   ,  9 508   ,  19 594   ,  10 138   ,  9 545   ,  19 683   ,  10 185   ,  9 576   ,  19 761   ,  10 339   ,  9 711   ,  20 050   
,5,  9 663   ,  9 500   ,  19 163   ,  10 048   ,  9 829   ,  19 877   ,  10 340   ,  10 048   ,  20 388   ,  10 619   ,  10 248   ,  20 867   ,  10 832   ,  10 393   ,  21 225   ,  10 802   ,  10 326   ,  21 128   ,  10 868   ,  10 369   ,  21 237   ,  10 968   ,  10 450   ,  21 418   ,  9 651   ,  9 184   ,  18 835   ,  9 732   ,  9 248   ,  18 980   ,  9 799   ,  9 297   ,  19 096   ,  9 864   ,  9 346   ,  19 210   ,  9 929   ,  9 394   ,  19 323   ,  9 989   ,  9 439   ,  19 428   ,  10 042   ,  9 476   ,  19 518   ,  10 088   ,  9 508   ,  19 596   
,6,  9 225   ,  9 120   ,  18 345   ,  9 591   ,  9 461   ,  19 052   ,  9 975   ,  9 790   ,  19 765   ,  10 269   ,  10 008   ,  20 277   ,  10 548   ,  10 208   ,  20 756   ,  10 761   ,  10 353   ,  21 114   ,  10 725   ,  10 278   ,  21 003   ,  10 794   ,  10 322   ,  21 116   ,  9 513   ,  9 087   ,  18 600   ,  9 606   ,  9 162   ,  18 768   ,  9 677   ,  9 214   ,  18 891   ,  9 743   ,  9 264   ,  19 007   ,  9 809   ,  9 313   ,  19 122   ,  9 874   ,  9 362   ,  19 236   ,  9 935   ,  9 407   ,  19 342   ,  9 989   ,  9 445   ,  19 434   
,7,  8 917   ,  8 836   ,  17 753   ,  9 162   ,  9 093   ,  18 255   ,  9 528   ,  9 433   ,  18 961   ,  9 911   ,  9 762   ,  19 673   ,  10 205   ,  9 981   ,  20 186   ,  10 485   ,  10 180   ,  20 665   ,  10 690   ,  10 316   ,  21 006   ,  10 657   ,  10 243   ,  20 900   ,  9 368   ,  8 986   ,  18 354   ,  9 474   ,  9 074   ,  18 548   ,  9 556   ,  9 137   ,  18 693   ,  9 625   ,  9 190   ,  18 815   ,  9 692   ,  9 241   ,  18 933   ,  9 760   ,  9 292   ,  19 052   ,  9 825   ,  9 342   ,  19 167   ,  9 887   ,  9 386   ,  19 273   
,8,  8 630   ,  8 556   ,  17 186   ,  8 814   ,  8 777   ,  17 591   ,  9 057   ,  9 033   ,  18 090   ,  9 420   ,  9 371   ,  18 791   ,  9 801   ,  9 698   ,  19 499   ,  10 094   ,  9 916   ,  20 010   ,  10 365   ,  10 105   ,  20 470   ,  10 570   ,  10 241   ,  20 811   ,  9 205   ,  8 884   ,  18 089   ,  9 284   ,  8 939   ,  18 223   ,  9 378   ,  9 015   ,  18 393   ,  9 459   ,  9 079   ,  18 538   ,  9 528   ,  9 133   ,  18 661   ,  9 595   ,  9 184   ,  18 779   ,  9 661   ,  9 235   ,  18 896   ,  9 728   ,  9 284   ,  19 012   
,9,  8 322   ,  8 254   ,  16 576   ,  8 595   ,  8 573   ,  17 168   ,  8 778   ,  8 795   ,  17 573   ,  9 024   ,  9 052   ,  18 076   ,  9 386   ,  9 392   ,  18 778   ,  9 768   ,  9 719   ,  19 487   ,  10 053   ,  9 928   ,  19 981   ,  10 325   ,  10 119   ,  20 444   ,  9 198   ,  8 959   ,  18 157   ,  9 188   ,  8 912   ,  18 100   ,  9 257   ,  8 956   ,  18 213   ,  9 350   ,  9 033   ,  18 383   ,  9 430   ,  9 098   ,  18 528   ,  9 501   ,  9 153   ,  18 654   ,  9 569   ,  9 204   ,  18 773   ,  9 636   ,  9 255   ,  18 891   
,10,  7 852   ,  7 857   ,  15 709   ,  8 195   ,  8 240   ,  16 435   ,  8 464   ,  8 558   ,  17 022   ,  8 647   ,  8 781   ,  17 428   ,  8 891   ,  9 038   ,  17 929   ,  9 249   ,  9 377   ,  18 626   ,  9 620   ,  9 696   ,  19 316   ,  9 903   ,  9 905   ,  19 808   ,  8 886   ,  8 821   ,  17 707   ,  9 082   ,  8 957   ,  18 039   ,  9 062   ,  8 899   ,  17 961   ,  9 129   ,  8 944   ,  18 073   ,  9 222   ,  9 021   ,  18 243   ,  9 301   ,  9 087   ,  18 388   ,  9 371   ,  9 141   ,  18 512   ,  9 437   ,  9 192   ,  18 629   
,11,  7 544   ,  7 569   ,  15 113   ,  7 790   ,  7 835   ,  15 625   ,  8 131   ,  8 216   ,  16 347   ,  8 399   ,  8 535   ,  16 934   ,  8 582   ,  8 757   ,  17 339   ,  8 825   ,  9 013   ,  17 838   ,  9 176   ,  9 343   ,  18 519   ,  9 545   ,  9 660   ,  19 205   ,  8 588   ,  8 625   ,  17 213   ,  8 840   ,  8 808   ,  17 648   ,  9 022   ,  8 932   ,  17 954   ,  9 002   ,  8 874   ,  17 876   ,  9 068   ,  8 919   ,  17 987   ,  9 161   ,  8 998   ,  18 159   ,  9 240   ,  9 062   ,  18 302   ,  9 311   ,  9 117   ,  18 428   
,12,  7 279   ,  7 313   ,  14 592   ,  7 562   ,  7 583   ,  15 145   ,  7 809   ,  7 849   ,  15 658   ,  8 152   ,  8 232   ,  16 384   ,  8 423   ,  8 551   ,  16 974   ,  8 608   ,  8 772   ,  17 380   ,  8 845   ,  9 020   ,  17 865   ,  9 198   ,  9 351   ,  18 549   ,  8 365   ,  8 452   ,  16 817   ,  8 629   ,  8 650   ,  17 279   ,  8 869   ,  8 822   ,  17 691   ,  9 052   ,  8 946   ,  17 998   ,  9 033   ,  8 889   ,  17 922   ,  9 100   ,  8 935   ,  18 035   ,  9 193   ,  9 014   ,  18 207   ,  9 274   ,  9 079   ,  18 353   
,13,  6 940   ,  7 034   ,  13 974   ,  7 324   ,  7 386   ,  14 710   ,  7 609   ,  7 658   ,  15 267   ,  7 859   ,  7 926   ,  15 785   ,  8 206   ,  8 313   ,  16 519   ,  8 482   ,  8 635   ,  17 117   ,  8 661   ,  8 851   ,  17 512   ,  8 900   ,  9 102   ,  18 002   ,  8 096   ,  8 247   ,  16 343   ,  8 440   ,  8 543   ,  16 983   ,  8 695   ,  8 733   ,  17 428   ,  8 937   ,  8 907   ,  17 844   ,  9 121   ,  9 034   ,  18 155   ,  9 102   ,  8 976   ,  18 078   ,  9 170   ,  9 022   ,  18 192   ,  9 265   ,  9 101   ,  18 366   
,14,  6 564   ,  6 693   ,  13 257   ,  6 876   ,  6 936   ,  13 812   ,  7 258   ,  7 282   ,  14 540   ,  7 541   ,  7 551   ,  15 092   ,  7 790   ,  7 815   ,  15 605   ,  8 136   ,  8 196   ,  16 332   ,  8 402   ,  8 506   ,  16 908   ,  8 581   ,  8 718   ,  17 299   ,  7 714   ,  7 839   ,  15 553   ,  8 039   ,  8 141   ,  16 180   ,  8 369   ,  8 423   ,  16 792   ,  8 622   ,  8 610   ,  17 232   ,  8 863   ,  8 781   ,  17 644   ,  9 047   ,  8 906   ,  17 953   ,  9 028   ,  8 849   ,  17 877   ,  9 096   ,  8 894   ,  17 990   
,15,  6 364   ,  6 663   ,  13 027   ,  6 720   ,  6 881   ,  13 601   ,  7 041   ,  7 131   ,  14 172   ,  7 434   ,  7 487   ,  14 921   ,  7 726   ,  7 762   ,  15 488   ,  7 983   ,  8 033   ,  16 016   ,  8 331   ,  8 417   ,  16 748   ,  8 607   ,  8 735   ,  17 342   ,  7 692   ,  7 833   ,  15 525   ,  7 921   ,  8 069   ,  15 990   ,  8 246   ,  8 371   ,  16 617   ,  8 585   ,  8 659   ,  17 244   ,  8 844   ,  8 853   ,  17 697   ,  9 092   ,  9 029   ,  18 121   ,  9 282   ,  9 157   ,  18 439   ,  9 263   ,  9 098   ,  18 361   
,16,  5 763   ,  6 067   ,  11 830   ,  6 190   ,  6 302   ,  12 492   ,  6 538   ,  6 509   ,  13 047   ,  6 851   ,  6 745   ,  13 596   ,  7 235   ,  7 081   ,  14 316   ,  7 522   ,  7 340   ,  14 862   ,  7 767   ,  7 590   ,  15 357   ,  8 107   ,  7 952   ,  16 059   ,  7 328   ,  7 221   ,  14 549   ,  7 500   ,  7 414   ,  14 914   ,  7 715   ,  7 629   ,  15 344   ,  8 031   ,  7 912   ,  15 943   ,  8 362   ,  8 186   ,  16 548   ,  8 617   ,  8 368   ,  16 985   ,  8 859   ,  8 535   ,  17 394   ,  9 043   ,  8 654   ,  17 697   
,17,  5 278   ,  5 862   ,  11 140   ,  5 554   ,  5 922   ,  11 476   ,  5 966   ,  6 152   ,  12 118   ,  6 303   ,  6 352   ,  12 655   ,  6 607   ,  6 584   ,  13 191   ,  6 978   ,  6 911   ,  13 889   ,  7 249   ,  7 158   ,  14 407   ,  7 487   ,  7 402   ,  14 889   ,  6 839   ,  6 786   ,  13 625   ,  7 080   ,  7 055   ,  14 135   ,  7 238   ,  7 235   ,  14 473   ,  7 445   ,  7 443   ,  14 888   ,  7 749   ,  7 721   ,  15 470   ,  8 070   ,  7 989   ,  16 059   ,  8 316   ,  8 166   ,  16 482   ,  8 550   ,  8 328   ,  16 878   
,18,  4 822   ,  5 724   ,  10 546   ,  4 977   ,  5 615   ,  10 592   ,  5 238   ,  5 671   ,  10 909   ,  5 629   ,  5 892   ,  11 521   ,  5 949   ,  6 084   ,  12 033   ,  6 235   ,  6 305   ,  12 540   ,  6 582   ,  6 613   ,  13 195   ,  6 840   ,  6 849   ,  13 689   ,  6 177   ,  6 199   ,  12 376   ,  6 463   ,  6 506   ,  12 969   ,  6 682   ,  6 756   ,  13 438   ,  6 832   ,  6 928   ,  13 760   ,  7 027   ,  7 129   ,  14 156   ,  7 316   ,  7 393   ,  14 709   ,  7 620   ,  7 650   ,  15 270   ,  7 852   ,  7 820   ,  15 672   
,19,  4 499   ,  5 630   ,  10 129   ,  4 680   ,  5 627   ,  10 307   ,  4 831   ,  5 520   ,  10 351   ,  5 087   ,  5 576   ,  10 663   ,  5 468   ,  5 792   ,  11 260   ,  5 780   ,  5 982   ,  11 762   ,  6 056   ,  6 193   ,  12 249   ,  6 394   ,  6 496   ,  12 890   ,  5 811   ,  5 889   ,  11 700   ,  6 014   ,  6 100   ,  12 114   ,  6 285   ,  6 395   ,  12 680   ,  6 498   ,  6 641   ,  13 139   ,  6 644   ,  6 810   ,  13 454   ,  6 835   ,  7 007   ,  13 842   ,  7 117   ,  7 270   ,  14 387   ,  7 413   ,  7 520   ,  14 933   
,20,  4 106   ,  5 281   ,  9 387   ,  4 314   ,  5 450   ,  9 764   ,  4 488   ,  5 447   ,  9 935   ,  4 635   ,  5 343   ,  9 978   ,  4 880   ,  5 397   ,  10 277   ,  5 248   ,  5 607   ,  10 855   ,  5 544   ,  5 785   ,  11 329   ,  5 811   ,  5 989   ,  11 800   ,  5 369   ,  5 499   ,  10 868   ,  5 590   ,  5 706   ,  11 296   ,  5 780   ,  5 904   ,  11 684   ,  6 041   ,  6 190   ,  12 231   ,  6 247   ,  6 428   ,  12 675   ,  6 387   ,  6 593   ,  12 980   ,  6 572   ,  6 784   ,  13 356   ,  6 844   ,  7 037   ,  13 881   
,21,  3 838   ,  5 033   ,  8 871   ,  4 001   ,  5 221   ,  9 222   ,  4 204   ,  5 387   ,  9 591   ,  4 376   ,  5 385   ,  9 761   ,  4 520   ,  5 282   ,  9 802   ,  4 761   ,  5 336   ,  10 097   ,  5 118   ,  5 539   ,  10 657   ,  5 410   ,  5 715   ,  11 125   ,  4 962   ,  5 179   ,  10 141   ,  5 251   ,  5 443   ,  10 694   ,  5 462   ,  5 642   ,  11 104   ,  5 649   ,  5 838   ,  11 487   ,  5 904   ,  6 121   ,  12 025   ,  6 107   ,  6 357   ,  12 464   ,  6 244   ,  6 520   ,  12 764   ,  6 426   ,  6 708   ,  13 134   
,22,  3 510   ,  4 607   ,  8 117   ,  3 693   ,  4 899   ,  8 592   ,  3 851   ,  5 082   ,  8 933   ,  4 049   ,  5 245   ,  9 294   ,  4 216   ,  5 242   ,  9 458   ,  4 356   ,  5 141   ,  9 497   ,  4 587   ,  5 189   ,  9 776   ,  4 934   ,  5 387   ,  10 321   ,  4 564   ,  4 864   ,  9 428   ,  4 795   ,  5 046   ,  9 841   ,  5 070   ,  5 296   ,  10 366   ,  5 274   ,  5 490   ,  10 764   ,  5 455   ,  5 682   ,  11 137   ,  5 703   ,  5 957   ,  11 660   ,  5 900   ,  6 187   ,  12 087   ,  6 034   ,  6 345   ,  12 379   
,23,  3 287   ,  4 356   ,  7 643   ,  3 474   ,  4 658   ,  8 132   ,  3 657   ,  4 953   ,  8 610   ,  3 816   ,  5 139   ,  8 955   ,  4 014   ,  5 303   ,  9 317   ,  4 181   ,  5 300   ,  9 481   ,  4 318   ,  5 194   ,  9 512   ,  4 549   ,  5 243   ,  9 792   ,  4 286   ,  4 768   ,  9 054   ,  4 540   ,  4 928   ,  9 468   ,  4 766   ,  5 106   ,  9 872   ,  5 041   ,  5 361   ,  10 402   ,  5 246   ,  5 557   ,  10 803   ,  5 425   ,  5 751   ,  11 176   ,  5 675   ,  6 031   ,  11 706   ,  5 870   ,  6 264   ,  12 134   
,24,  3 053   ,  4 062   ,  7 115   ,  3 161   ,  4 225   ,  7 386   ,  3 343   ,  4 519   ,  7 862   ,  3 522   ,  4 805   ,  8 327   ,  3 676   ,  4 986   ,  8 662   ,  3 869   ,  5 145   ,  9 014   ,  4 028   ,  5 139   ,  9 167   ,  4 162   ,  5 036   ,  9 198   ,  3 839   ,  4 453   ,  8 292   ,  4 141   ,  4 630   ,  8 771   ,  4 385   ,  4 781   ,  9 166   ,  4 603   ,  4 955   ,  9 558   ,  4 870   ,  5 202   ,  10 072   ,  5 069   ,  5 392   ,  10 461   ,  5 244   ,  5 581   ,  10 825   ,  5 485   ,  5 853   ,  11 338   
,25,  2 934   ,  3 968   ,  6 902   ,  2 978   ,  4 053   ,  7 031   ,  3 085   ,  4 216   ,  7 301   ,  3 265   ,  4 510   ,  7 775   ,  3 441   ,  4 797   ,  8 238   ,  3 594   ,  4 978   ,  8 572   ,  3 782   ,  5 133   ,  8 915   ,  3 940   ,  5 127   ,  9 067   ,  3 562   ,  4 400   ,  7 962   ,  3 763   ,  4 449   ,  8 212   ,  4 056   ,  4 621   ,  8 677   ,  4 295   ,  4 773   ,  9 068   ,  4 511   ,  4 947   ,  9 458   ,  4 774   ,  5 194   ,  9 968   ,  4 970   ,  5 385   ,  10 355   ,  5 143   ,  5 574   ,  10 717   
,26,  2 831   ,  3 915   ,  6 746   ,  2 860   ,  3 979   ,  6 839   ,  2 905   ,  4 064   ,  6 969   ,  3 010   ,  4 228   ,  7 238   ,  3 188   ,  4 523   ,  7 711   ,  3 361   ,  4 811   ,  8 172   ,  3 510   ,  4 988   ,  8 498   ,  3 695   ,  5 145   ,  8 840   ,  3 371   ,  4 501   ,  7 872   ,  3 490   ,  4 419   ,  7 909   ,  3 684   ,  4 463   ,  8 147   ,  3 972   ,  4 637   ,  8 609   ,  4 208   ,  4 789   ,  8 997   ,  4 420   ,  4 964   ,  9 384   ,  4 679   ,  5 212   ,  9 891   ,  4 873   ,  5 405   ,  10 278   
,27,  2 749   ,  3 890   ,  6 639   ,  2 748   ,  3 905   ,  6 653   ,  2 778   ,  3 969   ,  6 747   ,  2 823   ,  4 054   ,  6 877   ,  2 927   ,  4 219   ,  7 146   ,  3 102   ,  4 514   ,  7 616   ,  3 270   ,  4 798   ,  8 068   ,  3 416   ,  4 976   ,  8 392   ,  3 148   ,  4 495   ,  7 643   ,  3 287   ,  4 498   ,  7 785   ,  3 402   ,  4 411   ,  7 813   ,  3 592   ,  4 456   ,  8 048   ,  3 875   ,  4 630   ,  8 505   ,  4 107   ,  4 783   ,  8 890   ,  4 315   ,  4 958   ,  9 273   ,  4 570   ,  5 207   ,  9 777   
,28,  2 789   ,  4 054   ,  6 843   ,  2 700   ,  3 960   ,  6 660   ,  2 700   ,  3 976   ,  6 676   ,  2 731   ,  4 042   ,  6 773   ,  2 774   ,  4 130   ,  6 904   ,  2 879   ,  4 298   ,  7 177   ,  3 050   ,  4 596   ,  7 646   ,  3 217   ,  4 886   ,  8 103   ,  2 943   ,  4 437   ,  7 380   ,  3 105   ,  4 586   ,  7 691   ,  3 240   ,  4 583   ,  7 823   ,  3 355   ,  4 496   ,  7 851   ,  3 543   ,  4 542   ,  8 085   ,  3 824   ,  4 721   ,  8 545   ,  4 054   ,  4 877   ,  8 931   ,  4 261   ,  5 056   ,  9 317   
,29,  2 796   ,  4 086   ,  6 882   ,  2 757   ,  4 094   ,  6 851   ,  2 669   ,  3 999   ,  6 668   ,  2 670   ,  4 015   ,  6 685   ,  2 701   ,  4 082   ,  6 783   ,  2 745   ,  4 171   ,  6 916   ,  2 847   ,  4 338   ,  7 185   ,  3 019   ,  4 639   ,  7 658   ,  2 789   ,  4 321   ,  7 110   ,  2 921   ,  4 490   ,  7 411   ,  3 081   ,  4 635   ,  7 716   ,  3 216   ,  4 634   ,  7 850   ,  3 331   ,  4 545   ,  7 876   ,  3 518   ,  4 593   ,  8 111   ,  3 799   ,  4 774   ,  8 573   ,  4 030   ,  4 932   ,  8 962   
,30,  2 699   ,  3 927   ,  6 626   ,  2 731   ,  4 062   ,  6 793   ,  2 693   ,  4 069   ,  6 762   ,  2 608   ,  3 975   ,  6 583   ,  2 609   ,  3 992   ,  6 601   ,  2 640   ,  4 059   ,  6 699   ,  2 683   ,  4 144   ,  6 827   ,  2 784   ,  4 310   ,  7 094   ,  2 586   ,  4 040   ,  6 626   ,  2 736   ,  4 304   ,  7 040   ,  2 863   ,  4 467   ,  7 330   ,  3 021   ,  4 612   ,  7 633   ,  3 155   ,  4 612   ,  7 767   ,  3 267   ,  4 523   ,  7 790   ,  3 453   ,  4 571   ,  8 024   ,  3 730   ,  4 752   ,  8 482   
,31,  2 641   ,  3 778   ,  6 419   ,  2 657   ,  3 909   ,  6 566   ,  2 688   ,  4 045   ,  6 733   ,  2 652   ,  4 051   ,  6 703   ,  2 568   ,  3 959   ,  6 527   ,  2 569   ,  3 975   ,  6 544   ,  2 600   ,  4 039   ,  6 639   ,  2 643   ,  4 124   ,  6 767   ,  2 403   ,  3 761   ,  6 164   ,  2 555   ,  4 029   ,  6 584   ,  2 701   ,  4 288   ,  6 989   ,  2 828   ,  4 452   ,  7 280   ,  2 985   ,  4 597   ,  7 582   ,  3 118   ,  4 597   ,  7 715   ,  3 230   ,  4 509   ,  7 739   ,  3 415   ,  4 557   ,  7 972   
,32,  2 584   ,  3 640   ,  6 224   ,  2 640   ,  3 828   ,  6 468   ,  2 656   ,  3 962   ,  6 618   ,  2 689   ,  4 098   ,  6 787   ,  2 653   ,  4 106   ,  6 759   ,  2 569   ,  4 012   ,  6 581   ,  2 570   ,  4 025   ,  6 595   ,  2 600   ,  4 091   ,  6 691   ,  2 318   ,  3 663   ,  5 981   ,  2 411   ,  3 817   ,  6 228   ,  2 562   ,  4 086   ,  6 648   ,  2 709   ,  4 349   ,  7 058   ,  2 837   ,  4 516   ,  7 353   ,  2 996   ,  4 663   ,  7 659   ,  3 130   ,  4 663   ,  7 793   ,  3 244   ,  4 575   ,  7 819   
,33,  2 418   ,  3 401   ,  5 819   ,  2 552   ,  3 711   ,  6 263   ,  2 608   ,  3 903   ,  6 511   ,  2 625   ,  4 039   ,  6 664   ,  2 657   ,  4 179   ,  6 836   ,  2 623   ,  4 187   ,  6 810   ,  2 538   ,  4 087   ,  6 625   ,  2 539   ,  4 101   ,  6 640   ,  2 254   ,  3 659   ,  5 913   ,  2 297   ,  3 743   ,  6 040   ,  2 388   ,  3 897   ,  6 285   ,  2 538   ,  4 173   ,  6 711   ,  2 685   ,  4 442   ,  7 127   ,  2 813   ,  4 612   ,  7 425   ,  2 971   ,  4 763   ,  7 734   ,  3 105   ,  4 764   ,  7 869   
,34,  2 311   ,  3 209   ,  5 520   ,  2 390   ,  3 412   ,  5 802   ,  2 523   ,  3 724   ,  6 247   ,  2 579   ,  3 916   ,  6 495   ,  2 598   ,  4 054   ,  6 652   ,  2 631   ,  4 195   ,  6 826   ,  2 596   ,  4 199   ,  6 795   ,  2 512   ,  4 101   ,  6 613   ,  2 206   ,  3 612   ,  5 818   ,  2 236   ,  3 677   ,  5 913   ,  2 276   ,  3 759   ,  6 035   ,  2 368   ,  3 914   ,  6 282   ,  2 517   ,  4 190   ,  6 707   ,  2 665   ,  4 462   ,  7 127   ,  2 792   ,  4 634   ,  7 426   ,  2 951   ,  4 786   ,  7 737   
,35,  2 269   ,  3 175   ,  5 444   ,  2 304   ,  3 259   ,  5 563   ,  2 384   ,  3 466   ,  5 850   ,  2 519   ,  3 783   ,  6 302   ,  2 576   ,  3 980   ,  6 556   ,  2 596   ,  4 120   ,  6 716   ,  2 628   ,  4 259   ,  6 887   ,  2 593   ,  4 265   ,  6 858   ,  2 201   ,  3 654   ,  5 855   ,  2 207   ,  3 675   ,  5 882   ,  2 236   ,  3 737   ,  5 973   ,  2 277   ,  3 821   ,  6 098   ,  2 369   ,  3 979   ,  6 348   ,  2 520   ,  4 261   ,  6 781   ,  2 667   ,  4 537   ,  7 204   ,  2 797   ,  4 712   ,  7 509   
,36,  2 194   ,  3 071   ,  5 265   ,  2 267   ,  3 197   ,  5 464   ,  2 302   ,  3 282   ,  5 584   ,  2 382   ,  3 490   ,  5 872   ,  2 520   ,  3 810   ,  6 330   ,  2 578   ,  4 009   ,  6 587   ,  2 596   ,  4 147   ,  6 743   ,  2 630   ,  4 288   ,  6 918   ,  2 276   ,  3 768   ,  6 044   ,  2 206   ,  3 686   ,  5 892   ,  2 210   ,  3 702   ,  5 912   ,  2 239   ,  3 766   ,  6 005   ,  2 280   ,  3 851   ,  6 131   ,  2 373   ,  4 010   ,  6 383   ,  2 526   ,  4 296   ,  6 822   ,  2 675   ,  4 575   ,  7 250   
,37,  2 149   ,  3 042   ,  5 191   ,  2 168   ,  3 081   ,  5 249   ,  2 240   ,  3 207   ,  5 447   ,  2 276   ,  3 292   ,  5 568   ,  2 357   ,  3 501   ,  5 858   ,  2 495   ,  3 824   ,  6 319   ,  2 552   ,  4 020   ,  6 572   ,  2 571   ,  4 160   ,  6 731   ,  2 282   ,  3 774   ,  6 056   ,  2 257   ,  3 786   ,  6 043   ,  2 186   ,  3 700   ,  5 886   ,  2 191   ,  3 716   ,  5 907   ,  2 220   ,  3 782   ,  6 002   ,  2 262   ,  3 867   ,  6 129   ,  2 355   ,  4 028   ,  6 383   ,  2 507   ,  4 315   ,  6 822   
,38,  2 159   ,  3 038   ,  5 197   ,  2 142   ,  3 035   ,  5 177   ,  2 162   ,  3 073   ,  5 235   ,  2 235   ,  3 199   ,  5 434   ,  2 273   ,  3 286   ,  5 559   ,  2 355   ,  3 496   ,  5 851   ,  2 491   ,  3 815   ,  6 306   ,  2 550   ,  4 011   ,  6 561   ,  2 250   ,  3 637   ,  5 887   ,  2 284   ,  3 769   ,  6 053   ,  2 257   ,  3 778   ,  6 035   ,  2 186   ,  3 692   ,  5 878   ,  2 191   ,  3 710   ,  5 901   ,  2 220   ,  3 776   ,  5 996   ,  2 262   ,  3 862   ,  6 124   ,  2 355   ,  4 023   ,  6 378   
,39,  2 122   ,  2 975   ,  5 097   ,  2 160   ,  3 055   ,  5 215   ,  2 144   ,  3 053   ,  5 197   ,  2 163   ,  3 092   ,  5 255   ,  2 239   ,  3 219   ,  5 458   ,  2 277   ,  3 306   ,  5 583   ,  2 359   ,  3 515   ,  5 874   ,  2 497   ,  3 836   ,  6 333   ,  2 238   ,  3 535   ,  5 773   ,  2 260   ,  3 665   ,  5 925   ,  2 292   ,  3 794   ,  6 086   ,  2 265   ,  3 804   ,  6 069   ,  2 194   ,  3 719   ,  5 913   ,  2 199   ,  3 738   ,  5 937   ,  2 229   ,  3 803   ,  6 032   ,  2 272   ,  3 890   ,  6 162   
,40,  2 026   ,  2 834   ,  4 860   ,  2 104   ,  2 977   ,  5 081   ,  2 142   ,  3 057   ,  5 199   ,  2 127   ,  3 055   ,  5 182   ,  2 147   ,  3 094   ,  5 241   ,  2 222   ,  3 223   ,  5 445   ,  2 260   ,  3 307   ,  5 567   ,  2 342   ,  3 516   ,  5 858   ,  2 172   ,  3 364   ,  5 536   ,  2 228   ,  3 545   ,  5 773   ,  2 248   ,  3 671   ,  5 919   ,  2 280   ,  3 801   ,  6 081   ,  2 253   ,  3 810   ,  6 063   ,  2 182   ,  3 726   ,  5 908   ,  2 187   ,  3 745   ,  5 932   ,  2 218   ,  3 811   ,  6 029   
,41,  1 965   ,  2 743   ,  4 708   ,  2 023   ,  2 862   ,  4 885   ,  2 101   ,  3 006   ,  5 107   ,  2 139   ,  3 089   ,  5 228   ,  2 125   ,  3 086   ,  5 211   ,  2 147   ,  3 127   ,  5 274   ,  2 221   ,  3 253   ,  5 474   ,  2 259   ,  3 339   ,  5 598   ,  2 052   ,  3 112   ,  5 164   ,  2 178   ,  3 405   ,  5 583   ,  2 231   ,  3 583   ,  5 814   ,  2 252   ,  3 711   ,  5 963   ,  2 285   ,  3 843   ,  6 128   ,  2 258   ,  3 855   ,  6 113   ,  2 187   ,  3 768   ,  5 955   ,  2 193   ,  3 788   ,  5 981   
,42,  1 887   ,  2 599   ,  4 486   ,  1 982   ,  2 774   ,  4 756   ,  2 040   ,  2 896   ,  4 936   ,  2 119   ,  3 042   ,  5 161   ,  2 160   ,  3 125   ,  5 285   ,  2 146   ,  3 124   ,  5 270   ,  2 167   ,  3 161   ,  5 328   ,  2 243   ,  3 290   ,  5 533   ,  2 000   ,  2 961   ,  4 961   ,  2 079   ,  3 154   ,  5 233   ,  2 204   ,  3 447   ,  5 651   ,  2 259   ,  3 628   ,  5 887   ,  2 280   ,  3 759   ,  6 039   ,  2 314   ,  3 893   ,  6 207   ,  2 286   ,  3 904   ,  6 190   ,  2 215   ,  3 817   ,  6 032   
,43,  1 694   ,  2 304   ,  3 998   ,  1 848   ,  2 577   ,  4 425   ,  1 941   ,  2 751   ,  4 692   ,  1 999   ,  2 873   ,  4 872   ,  2 078   ,  3 018   ,  5 096   ,  2 119   ,  3 100   ,  5 219   ,  2 104   ,  3 095   ,  5 199   ,  2 126   ,  3 133   ,  5 259   ,  1 931   ,  2 862   ,  4 793   ,  1 968   ,  2 943   ,  4 911   ,  2 043   ,  3 133   ,  5 176   ,  2 167   ,  3 424   ,  5 591   ,  2 222   ,  3 604   ,  5 826   ,  2 243   ,  3 735   ,  5 978   ,  2 276   ,  3 869   ,  6 145   ,  2 249   ,  3 879   ,  6 128   
,44,  1 587   ,  2 117   ,  3 704   ,  1 696   ,  2 303   ,  3 999   ,  1 852   ,  2 578   ,  4 430   ,  1 947   ,  2 752   ,  4 699   ,  2 005   ,  2 873   ,  4 878   ,  2 087   ,  3 018   ,  5 105   ,  2 127   ,  3 098   ,  5 225   ,  2 113   ,  3 094   ,  5 207   ,  1 871   ,  2 748   ,  4 619   ,  1 942   ,  2 866   ,  4 808   ,  1 978   ,  2 946   ,  4 924   ,  2 055   ,  3 135   ,  5 190   ,  2 180   ,  3 427   ,  5 607   ,  2 235   ,  3 608   ,  5 843   ,  2 257   ,  3 740   ,  5 997   ,  2 291   ,  3 874   ,  6 165   
,45,  1 546   ,  2 043   ,  3 589   ,  1 604   ,  2 128   ,  3 732   ,  1 716   ,  2 316   ,  4 032   ,  1 875   ,  2 592   ,  4 467   ,  1 971   ,  2 767   ,  4 738   ,  2 032   ,  2 890   ,  4 922   ,  2 113   ,  3 034   ,  5 147   ,  2 155   ,  3 115   ,  5 270   ,  1 878   ,  2 730   ,  4 608   ,  1 901   ,  2 769   ,  4 670   ,  1 971   ,  2 884   ,  4 855   ,  2 008   ,  2 964   ,  4 972   ,  2 086   ,  3 156   ,  5 242   ,  2 214   ,  3 449   ,  5 663   ,  2 271   ,  3 633   ,  5 904   ,  2 293   ,  3 765   ,  6 058   
,46,  1 461   ,  1 952   ,  3 413   ,  1 533   ,  2 049   ,  3 582   ,  1 591   ,  2 133   ,  3 724   ,  1 703   ,  2 323   ,  4 026   ,  1 862   ,  2 600   ,  4 462   ,  1 959   ,  2 776   ,  4 735   ,  2 018   ,  2 897   ,  4 915   ,  2 100   ,  3 041   ,  5 141   ,  1 879   ,  2 740   ,  4 619   ,  1 870   ,  2 742   ,  4 612   ,  1 892   ,  2 778   ,  4 670   ,  1 961   ,  2 895   ,  4 856   ,  1 999   ,  2 975   ,  4 974   ,  2 077   ,  3 167   ,  5 244   ,  2 205   ,  3 464   ,  5 669   ,  2 263   ,  3 648   ,  5 911   
,47,  1 427   ,  1 901   ,  3 328   ,  1 457   ,  1 933   ,  3 390   ,  1 528   ,  2 029   ,  3 557   ,  1 588   ,  2 114   ,  3 702   ,  1 700   ,  2 303   ,  4 003   ,  1 860   ,  2 578   ,  4 438   ,  1 956   ,  2 749   ,  4 705   ,  2 017   ,  2 869   ,  4 886   ,  1 840   ,  2 643   ,  4 483   ,  1 880   ,  2 719   ,  4 599   ,  1 871   ,  2 718   ,  4 589   ,  1 892   ,  2 754   ,  4 646   ,  1 962   ,  2 871   ,  4 833   ,  2 000   ,  2 951   ,  4 951   ,  2 079   ,  3 143   ,  5 222   ,  2 208   ,  3 436   ,  5 644   
,48,  1 447   ,  1 974   ,  3 421   ,  1 455   ,  1 948   ,  3 403   ,  1 485   ,  1 983   ,  3 468   ,  1 560   ,  2 082   ,  3 642   ,  1 620   ,  2 169   ,  3 789   ,  1 737   ,  2 363   ,  4 100   ,  1 900   ,  2 642   ,  4 542   ,  2 000   ,  2 819   ,  4 819   ,  1 806   ,  2 580   ,  4 386   ,  1 884   ,  2 714   ,  4 598   ,  1 923   ,  2 790   ,  4 713   ,  1 914   ,  2 790   ,  4 704   ,  1 936   ,  2 827   ,  4 763   ,  2 009   ,  2 947   ,  4 956   ,  2 047   ,  3 029   ,  5 076   ,  2 129   ,  3 227   ,  5 356   
,49,  1 393   ,  1 965   ,  3 358   ,  1 422   ,  1 977   ,  3 399   ,  1 431   ,  1 953   ,  3 384   ,  1 461   ,  1 987   ,  3 448   ,  1 536   ,  2 086   ,  3 622   ,  1 596   ,  2 175   ,  3 771   ,  1 709   ,  2 366   ,  4 075   ,  1 871   ,  2 647   ,  4 518   ,  1 725   ,  2 477   ,  4 202   ,  1 782   ,  2 590   ,  4 372   ,  1 858   ,  2 722   ,  4 580   ,  1 897   ,  2 799   ,  4 696   ,  1 888   ,  2 799   ,  4 687   ,  1 911   ,  2 837   ,  4 748   ,  1 983   ,  2 957   ,  4 940   ,  2 022   ,  3 040   ,  5 062   
,50,  1 366   ,  1 919   ,  3 285   ,  1 394   ,  1 969   ,  3 363   ,  1 424   ,  1 981   ,  3 405   ,  1 434   ,  1 957   ,  3 391   ,  1 464   ,  1 990   ,  3 454   ,  1 540   ,  2 091   ,  3 631   ,  1 600   ,  2 177   ,  3 777   ,  1 715   ,  2 369   ,  4 084   ,  1 644   ,  2 325   ,  3 969   ,  1 734   ,  2 486   ,  4 220   ,  1 791   ,  2 597   ,  4 388   ,  1 867   ,  2 730   ,  4 597   ,  1 907   ,  2 807   ,  4 714   ,  1 897   ,  2 808   ,  4 705   ,  1 921   ,  2 846   ,  4 767   ,  1 995   ,  2 967   ,  4 962   
,51,  1 360   ,  1 906   ,  3 266   ,  1 373   ,  1 939   ,  3 312   ,  1 402   ,  1 989   ,  3 391   ,  1 432   ,  2 002   ,  3 434   ,  1 442   ,  1 978   ,  3 420   ,  1 475   ,  2 013   ,  3 488   ,  1 549   ,  2 112   ,  3 661   ,  1 611   ,  2 199   ,  3 810   ,  1 512   ,  2 099   ,  3 611   ,  1 659   ,  2 354   ,  4 013   ,  1 749   ,  2 515   ,  4 264   ,  1 807   ,  2 627   ,  4 434   ,  1 883   ,  2 762   ,  4 645   ,  1 924   ,  2 840   ,  4 764   ,  1 915   ,  2 841   ,  4 756   ,  1 939   ,  2 880   ,  4 819   
,52,  1 329   ,  1 836   ,  3 165   ,  1 357   ,  1 895   ,  3 252   ,  1 371   ,  1 929   ,  3 300   ,  1 400   ,  1 978   ,  3 378   ,  1 431   ,  1 991   ,  3 422   ,  1 441   ,  1 966   ,  3 407   ,  1 473   ,  1 999   ,  3 472   ,  1 549   ,  2 098   ,  3 647   ,  1 410   ,  1 917   ,  3 327   ,  1 515   ,  2 091   ,  3 606   ,  1 661   ,  2 342   ,  4 003   ,  1 751   ,  2 501   ,  4 252   ,  1 809   ,  2 614   ,  4 423   ,  1 887   ,  2 749   ,  4 636   ,  1 928   ,  2 827   ,  4 755   ,  1 919   ,  2 828   ,  4 747   
,53,  1 215   ,  1 592   ,  2 807   ,  1 329   ,  1 780   ,  3 109   ,  1 358   ,  1 836   ,  3 194   ,  1 373   ,  1 869   ,  3 242   ,  1 403   ,  1 918   ,  3 321   ,  1 435   ,  1 930   ,  3 365   ,  1 445   ,  1 905   ,  3 350   ,  1 477   ,  1 936   ,  3 413   ,  1 360   ,  1 785   ,  3 145   ,  1 418   ,  1 863   ,  3 281   ,  1 522   ,  2 030   ,  3 552   ,  1 670   ,  2 274   ,  3 944   ,  1 762   ,  2 430   ,  4 192   ,  1 820   ,  2 539   ,  4 359   ,  1 898   ,  2 669   ,  4 567   ,  1 941   ,  2 745   ,  4 686   
,54,  1 139   ,  1 429   ,  2 568   ,  1 219   ,  1 567   ,  2 786   ,  1 337   ,  1 754   ,  3 091   ,  1 366   ,  1 808   ,  3 174   ,  1 381   ,  1 840   ,  3 221   ,  1 411   ,  1 889   ,  3 300   ,  1 444   ,  1 900   ,  3 344   ,  1 453   ,  1 874   ,  3 327   ,  1 301   ,  1 674   ,  2 975   ,  1 371   ,  1 760   ,  3 131   ,  1 429   ,  1 835   ,  3 264   ,  1 534   ,  2 000   ,  3 534   ,  1 684   ,  2 241   ,  3 925   ,  1 776   ,  2 394   ,  4 170   ,  1 835   ,  2 502   ,  4 337   ,  1 915   ,  2 632   ,  4 547   
,55,  1 101   ,  1 367   ,  2 468   ,  1 111   ,  1 388   ,  2 499   ,  1 191   ,  1 522   ,  2 713   ,  1 305   ,  1 702   ,  3 007   ,  1 335   ,  1 757   ,  3 092   ,  1 350   ,  1 788   ,  3 138   ,  1 379   ,  1 833   ,  3 212   ,  1 411   ,  1 843   ,  3 254   ,  1 244   ,  1 598   ,  2 842   ,  1 274   ,  1 628   ,  2 902   ,  1 342   ,  1 711   ,  3 053   ,  1 398   ,  1 783   ,  3 181   ,  1 502   ,  1 943   ,  3 445   ,  1 650   ,  2 178   ,  3 828   ,  1 741   ,  2 327   ,  4 068   ,  1 799   ,  2 432   ,  4 231   
,56,  1 063   ,  1 289   ,  2 352   ,  1 105   ,  1 336   ,  2 441   ,  1 116   ,  1 357   ,  2 473   ,  1 196   ,  1 488   ,  2 684   ,  1 311   ,  1 666   ,  2 977   ,  1 342   ,  1 719   ,  3 061   ,  1 356   ,  1 747   ,  3 103   ,  1 387   ,  1 792   ,  3 179   ,  1 242   ,  1 583   ,  2 825   ,  1 253   ,  1 566   ,  2 819   ,  1 283   ,  1 593   ,  2 876   ,  1 351   ,  1 674   ,  3 025   ,  1 408   ,  1 745   ,  3 153   ,  1 514   ,  1 903   ,  3 417   ,  1 663   ,  2 132   ,  3 795   ,  1 755   ,  2 279   ,  4 034   
,57,  1 048   ,  1 286   ,  2 334   ,  1 066   ,  1 299   ,  2 365   ,  1 107   ,  1 347   ,  2 454   ,  1 120   ,  1 367   ,  2 487   ,  1 200   ,  1 500   ,  2 700   ,  1 317   ,  1 678   ,  2 995   ,  1 346   ,  1 730   ,  3 076   ,  1 361   ,  1 759   ,  3 120   ,  1 218   ,  1 585   ,  2 803   ,  1 250   ,  1 598   ,  2 848   ,  1 260   ,  1 578   ,  2 838   ,  1 290   ,  1 607   ,  2 897   ,  1 360   ,  1 689   ,  3 049   ,  1 417   ,  1 761   ,  3 178   ,  1 524   ,  1 920   ,  3 444   ,  1 673   ,  2 152   ,  3 825   
,58,  1 095   ,  1 424   ,  2 519   ,  1 052   ,  1 334   ,  2 386   ,  1 070   ,  1 348   ,  2 418   ,  1 112   ,  1 398   ,  2 510   ,  1 124   ,  1 420   ,  2 544   ,  1 206   ,  1 557   ,  2 763   ,  1 323   ,  1 742   ,  3 065   ,  1 353   ,  1 796   ,  3 149   ,  1 198   ,  1 605   ,  2 803   ,  1 227   ,  1 649   ,  2 876   ,  1 257   ,  1 661   ,  2 918   ,  1 268   ,  1 641   ,  2 909   ,  1 299   ,  1 670   ,  2 969   ,  1 369   ,  1 755   ,  3 124   ,  1 427   ,  1 831   ,  3 258   ,  1 535   ,  1 997   ,  3 532   
,59,  1 085   ,  1 450   ,  2 535   ,  1 080   ,  1 417   ,  2 497   ,  1 039   ,  1 328   ,  2 367   ,  1 057   ,  1 341   ,  2 398   ,  1 099   ,  1 392   ,  2 491   ,  1 111   ,  1 413   ,  2 524   ,  1 191   ,  1 549   ,  2 740   ,  1 309   ,  1 732   ,  3 041   ,  1 172   ,  1 569   ,  2 741   ,  1 187   ,  1 600   ,  2 787   ,  1 216   ,  1 642   ,  2 858   ,  1 246   ,  1 655   ,  2 901   ,  1 257   ,  1 634   ,  2 891   ,  1 288   ,  1 664   ,  2 952   ,  1 357   ,  1 750   ,  3 107   ,  1 416   ,  1 826   ,  3 242   
,60,  1 049   ,  1 392   ,  2 441   ,  1 096   ,  1 462   ,  2 558   ,  1 090   ,  1 429   ,  2 519   ,  1 050   ,  1 339   ,  2 389   ,  1 068   ,  1 353   ,  2 421   ,  1 111   ,  1 403   ,  2 514   ,  1 123   ,  1 424   ,  2 547   ,  1 205   ,  1 561   ,  2 766   ,  1 158   ,  1 535   ,  2 693   ,  1 188   ,  1 586   ,  2 774   ,  1 203   ,  1 616   ,  2 819   ,  1 231   ,  1 659   ,  2 890   ,  1 263   ,  1 671   ,  2 934   ,  1 274   ,  1 652   ,  2 926   ,  1 306   ,  1 682   ,  2 988   ,  1 377   ,  1 769   ,  3 146   
,61,  1 032   ,  1 345   ,  2 377   ,  1 036   ,  1 369   ,  2 405   ,  1 083   ,  1 438   ,  2 521   ,  1 078   ,  1 407   ,  2 485   ,  1 038   ,  1 318   ,  2 356   ,  1 056   ,  1 332   ,  2 388   ,  1 098   ,  1 380   ,  2 478   ,  1 111   ,  1 400   ,  2 511   ,  1 043   ,  1 350   ,  2 393   ,  1 148   ,  1 514   ,  2 662   ,  1 177   ,  1 563   ,  2 740   ,  1 192   ,  1 592   ,  2 784   ,  1 221   ,  1 635   ,  2 856   ,  1 251   ,  1 647   ,  2 898   ,  1 264   ,  1 629   ,  2 893   ,  1 295   ,  1 659   ,  2 954   
,62,  988   ,  1 261   ,  2 249   ,  1 016   ,  1 325   ,  2 341   ,  1 021   ,  1 349   ,  2 370   ,  1 067   ,  1 418   ,  2 485   ,  1 062   ,  1 386   ,  2 448   ,  1 022   ,  1 300   ,  2 322   ,  1 041   ,  1 312   ,  2 353   ,  1 083   ,  1 360   ,  2 443   ,  958   ,  1 213   ,  2 171   ,  1 031   ,  1 334   ,  2 365   ,  1 135   ,  1 493   ,  2 628   ,  1 162   ,  1 542   ,  2 704   ,  1 177   ,  1 571   ,  2 748   ,  1 207   ,  1 614   ,  2 821   ,  1 237   ,  1 627   ,  2 864   ,  1 249   ,  1 608   ,  2 857   
,63,  879   ,  1 044   ,  1 923   ,  979   ,  1 217   ,  2 196   ,  1 007   ,  1 280   ,  2 287   ,  1 012   ,  1 303   ,  2 315   ,  1 058   ,  1 370   ,  2 428   ,  1 055   ,  1 339   ,  2 394   ,  1 014   ,  1 255   ,  2 269   ,  1 033   ,  1 267   ,  2 300   ,  942   ,  1 155   ,  2 097   ,  955   ,  1 175   ,  2 130   ,  1 027   ,  1 291   ,  2 318   ,  1 129   ,  1 446   ,  2 575   ,  1 158   ,  1 494   ,  2 652   ,  1 173   ,  1 522   ,  2 695   ,  1 203   ,  1 564   ,  2 767   ,  1 234   ,  1 576   ,  2 810   
,64,  801   ,  905   ,  1 706   ,  868   ,  1 029   ,  1 897   ,  967   ,  1 199   ,  2 166   ,  995   ,  1 262   ,  2 257   ,  1 001   ,  1 284   ,  2 285   ,  1 047   ,  1 350   ,  2 397   ,  1 042   ,  1 319   ,  2 361   ,  1 004   ,  1 236   ,  2 240   ,  895   ,  1 098   ,  1 993   ,  933   ,  1 141   ,  2 074   ,  946   ,  1 159   ,  2 105   ,  1 017   ,  1 274   ,  2 291   ,  1 120   ,  1 427   ,  2 547   ,  1 148   ,  1 475   ,  2 623   ,  1 164   ,  1 503   ,  2 667   ,  1 193   ,  1 545   ,  2 738   
,65,  774   ,  849   ,  1 623   ,  784   ,  875   ,  1 659   ,  849   ,  995   ,  1 844   ,  947   ,  1 161   ,  2 108   ,  975   ,  1 221   ,  2 196   ,  981   ,  1 243   ,  2 224   ,  1 026   ,  1 306   ,  2 332   ,  1 023   ,  1 277   ,  2 300   ,  862   ,  1 052   ,  1 914   ,  880   ,  1 065   ,  1 945   ,  917   ,  1 106   ,  2 023   ,  930   ,  1 124   ,  2 054   ,  999   ,  1 235   ,  2 234   ,  1 100   ,  1 384   ,  2 484   ,  1 130   ,  1 430   ,  2 560   ,  1 145   ,  1 458   ,  2 603   
,66,  717   ,  787   ,  1 504   ,  749   ,  831   ,  1 580   ,  759   ,  857   ,  1 616   ,  823   ,  974   ,  1 797   ,  919   ,  1 137   ,  2 056   ,  947   ,  1 196   ,  2 143   ,  953   ,  1 217   ,  2 170   ,  996   ,  1 278   ,  2 274   ,  869   ,  1 099   ,  1 968   ,  839   ,  1 032   ,  1 871   ,  856   ,  1 044   ,  1 900   ,  891   ,  1 085   ,  1 976   ,  904   ,  1 102   ,  2 006   ,  973   ,  1 211   ,  2 184   ,  1 072   ,  1 359   ,  2 431   ,  1 100   ,  1 404   ,  2 504   
,67,  699   ,  762   ,  1 461   ,  715   ,  780   ,  1 495   ,  748   ,  823   ,  1 571   ,  758   ,  848   ,  1 606   ,  824   ,  965   ,  1 789   ,  919   ,  1 127   ,  2 046   ,  947   ,  1 184   ,  2 131   ,  952   ,  1 205   ,  2 157   ,  873   ,  1 114   ,  1 987   ,  872   ,  1 092   ,  1 964   ,  840   ,  1 024   ,  1 864   ,  857   ,  1 036   ,  1 893   ,  894   ,  1 077   ,  1 971   ,  907   ,  1 095   ,  2 002   ,  976   ,  1 203   ,  2 179   ,  1 075   ,  1 350   ,  2 425   
,68,  743   ,  858   ,  1 601   ,  708   ,  788   ,  1 496   ,  726   ,  807   ,  1 533   ,  759   ,  852   ,  1 611   ,  770   ,  880   ,  1 650   ,  837   ,  1 000   ,  1 837   ,  934   ,  1 167   ,  2 101   ,  962   ,  1 227   ,  2 189   ,  848   ,  1 099   ,  1 947   ,  890   ,  1 158   ,  2 048   ,  888   ,  1 134   ,  2 022   ,  855   ,  1 064   ,  1 919   ,  873   ,  1 077   ,  1 950   ,  911   ,  1 119   ,  2 030   ,  924   ,  1 138   ,  2 062   ,  995   ,  1 251   ,  2 246   
,69,  758   ,  893   ,  1 651   ,  740   ,  846   ,  1 586   ,  706   ,  779   ,  1 485   ,  723   ,  796   ,  1 519   ,  757   ,  842   ,  1 599   ,  768   ,  869   ,  1 637   ,  834   ,  988   ,  1 822   ,  932   ,  1 152   ,  2 084   ,  841   ,  1 066   ,  1 907   ,  848   ,  1 088   ,  1 936   ,  890   ,  1 145   ,  2 035   ,  889   ,  1 122   ,  2 011   ,  857   ,  1 053   ,  1 910   ,  875   ,  1 066   ,  1 941   ,  913   ,  1 108   ,  2 021   ,  926   ,  1 128   ,  2 054   
,70,  735   ,  877   ,  1 612   ,  742   ,  885   ,  1 627   ,  725   ,  839   ,  1 564   ,  692   ,  772   ,  1 464   ,  709   ,  791   ,  1 500   ,  742   ,  835   ,  1 577   ,  753   ,  862   ,  1 615   ,  819   ,  980   ,  1 799   ,  801   ,  1 006   ,  1 807   ,  828   ,  1 061   ,  1 889   ,  835   ,  1 082   ,  1 917   ,  876   ,  1 140   ,  2 016   ,  875   ,  1 116   ,  1 991   ,  843   ,  1 048   ,  1 891   ,  862   ,  1 061   ,  1 923   ,  900   ,  1 104   ,  2 004   
,71,  712   ,  849   ,  1 561   ,  711   ,  853   ,  1 564   ,  720   ,  861   ,  1 581   ,  703   ,  815   ,  1 518   ,  671   ,  751   ,  1 422   ,  688   ,  769   ,  1 457   ,  721   ,  813   ,  1 534   ,  732   ,  838   ,  1 570   ,  697   ,  839   ,  1 536   ,  781   ,  981   ,  1 762   ,  807   ,  1 034   ,  1 841   ,  813   ,  1 054   ,  1 867   ,  853   ,  1 111   ,  1 964   ,  852   ,  1 089   ,  1 941   ,  823   ,  1 023   ,  1 846   ,  840   ,  1 037   ,  1 877   
,72,  672   ,  804   ,  1 476   ,  682   ,  823   ,  1 505   ,  682   ,  825   ,  1 507   ,  690   ,  834   ,  1 524   ,  674   ,  791   ,  1 465   ,  644   ,  728   ,  1 372   ,  660   ,  745   ,  1 405   ,  693   ,  786   ,  1 479   ,  616   ,  715   ,  1 331   ,  672   ,  815   ,  1 487   ,  752   ,  953   ,  1 705   ,  776   ,  1 005   ,  1 781   ,  784   ,  1 025   ,  1 809   ,  823   ,  1 080   ,  1 903   ,  823   ,  1 059   ,  1 882   ,  795   ,  995   ,  1 790   
,73,  551   ,  635   ,  1 186   ,  616   ,  746   ,  1 362   ,  625   ,  764   ,  1 389   ,  625   ,  767   ,  1 392   ,  633   ,  775   ,  1 408   ,  620   ,  735   ,  1 355   ,  591   ,  677   ,  1 268   ,  607   ,  692   ,  1 299   ,  558   ,  644   ,  1 202   ,  568   ,  667   ,  1 235   ,  619   ,  760   ,  1 379   ,  692   ,  888   ,  1 580   ,  717   ,  937   ,  1 654   ,  723   ,  957   ,  1 680   ,  759   ,  1 009   ,  1 768   ,  759   ,  989   ,  1 748   
,74,  457   ,  505   ,  962   ,  508   ,  593   ,  1 101   ,  566   ,  697   ,  1 263   ,  576   ,  714   ,  1 290   ,  576   ,  718   ,  1 294   ,  583   ,  725   ,  1 308   ,  570   ,  688   ,  1 258   ,  546   ,  633   ,  1 179   ,  490   ,  571   ,  1 061   ,  515   ,  605   ,  1 120   ,  525   ,  625   ,  1 150   ,  572   ,  712   ,  1 284   ,  641   ,  833   ,  1 474   ,  663   ,  880   ,  1 543   ,  670   ,  899   ,  1 569   ,  703   ,  947   ,  1 650   
,75,  415   ,  467   ,  882   ,  426   ,  477   ,  903   ,  474   ,  561   ,  1 035   ,  530   ,  659   ,  1 189   ,  539   ,  675   ,  1 214   ,  539   ,  679   ,  1 218   ,  546   ,  686   ,  1 232   ,  534   ,  651   ,  1 185   ,  448   ,  527   ,  975   ,  460   ,  542   ,  1 002   ,  484   ,  573   ,  1 057   ,  493   ,  593   ,  1 086   ,  537   ,  676   ,  1 213   ,  603   ,  791   ,  1 394   ,  624   ,  835   ,  1 459   ,  630   ,  854   ,  1 484   
,76,  384   ,  429   ,  813   ,  396   ,  439   ,  835   ,  406   ,  448   ,  854   ,  453   ,  527   ,  980   ,  506   ,  620   ,  1 126   ,  516   ,  636   ,  1 152   ,  516   ,  638   ,  1 154   ,  523   ,  645   ,  1 168   ,  448   ,  539   ,  987   ,  431   ,  498   ,  929   ,  443   ,  510   ,  953   ,  465   ,  541   ,  1 006   ,  473   ,  560   ,  1 033   ,  516   ,  638   ,  1 154   ,  580   ,  748   ,  1 328   ,  600   ,  789   ,  1 389   
,77,  363   ,  414   ,  777   ,  363   ,  410   ,  773   ,  374   ,  419   ,  793   ,  385   ,  427   ,  812   ,  428   ,  503   ,  931   ,  479   ,  592   ,  1 071   ,  489   ,  607   ,  1 096   ,  490   ,  610   ,  1 100   ,  434   ,  543   ,  977   ,  427   ,  517   ,  944   ,  409   ,  477   ,  886   ,  420   ,  489   ,  909   ,  442   ,  519   ,  961   ,  451   ,  537   ,  988   ,  492   ,  613   ,  1 105   ,  553   ,  718   ,  1 271   
,78,  357   ,  431   ,  788   ,  344   ,  396   ,  740   ,  345   ,  391   ,  736   ,  355   ,  401   ,  756   ,  366   ,  408   ,  774   ,  408   ,  481   ,  889   ,  456   ,  567   ,  1 023   ,  465   ,  581   ,  1 046   ,  409   ,  514   ,  923   ,  415   ,  521   ,  936   ,  407   ,  496   ,  903   ,  391   ,  457   ,  848   ,  402   ,  470   ,  872   ,  423   ,  499   ,  922   ,  432   ,  517   ,  949   ,  472   ,  591   ,  1 063   
,79,  337   ,  434   ,  771   ,  329   ,  403   ,  732   ,  317   ,  370   ,  687   ,  318   ,  366   ,  684   ,  328   ,  375   ,  703   ,  338   ,  384   ,  722   ,  377   ,  452   ,  829   ,  423   ,  532   ,  955   ,  377   ,  480   ,  857   ,  380   ,  484   ,  864   ,  386   ,  491   ,  877   ,  378   ,  467   ,  845   ,  363   ,  431   ,  794   ,  374   ,  444   ,  818   ,  395   ,  470   ,  865   ,  402   ,  488   ,  890   
,80+,  2 368   ,  3 411   ,  5 779   ,  2 295   ,  3 312   ,  5 607   ,  2 230   ,  3 199   ,  5 429   ,  2 165   ,  3 076   ,  5 241   ,  2 113   ,  2 968   ,  5 081   ,  2 081   ,  2 887   ,  4 968   ,  2 064   ,  2 821   ,  4 885   ,  2 084   ,  2 835   ,  4 919   ,  1 882   ,  2 579   ,  4 461   ,  1 942   ,  2 668   ,  4 610   ,  1 992   ,  2 749   ,  4 741   ,  2 043   ,  2 816   ,  4 859   ,  2 079   ,  2 857   ,  4 936   ,  2 096   ,  2 862   ,  4 958   ,  2 123   ,  2 872   ,  4 995   ,  2 165   ,  2 915   ,  5 080   
,Total,  262 072   ,  297 009   ,  559 081   ,  269 827   ,  305 434   ,  575 261   ,  277 650   ,  313 937   ,  591 587   ,  285 552   ,  322 506   ,  608 058   ,  293 497   ,  331 147   ,  624 644   ,  301 502   ,  339 835   ,  641 337   ,  309 302   ,  348 280   ,  657 582   ,  317 154   ,  356 771   ,  673 925   ,  284 191   ,  319 748   ,  603 939   ,  291 595   ,  327 800   ,  619 395   ,  298 653   ,  335 440   ,  634 093   ,  305 776   ,  343 153   ,  648 929   ,  313 005   ,  350 968   ,  663 973   ,  320 335   ,  358 899   ,  679 234   ,  327 769   ,  366 923   ,  694 692   ,  335 292   ,  375 051   ,  710 343   
,,,,,,,,,,,,,,,,,,,,,,,,,,,,,,,,,,,,,,,,,,,,,,,,,
,,,,,,,,,,,,,,,,,,,,,,,,,,,,,,,,,,,,,,,,,,,,,,,,,
KOURWEOGO,,,,,,,,,,,,,,,,,,,,,,,,,,,,,,,,,,,,,,,,,,,,,,,,,
,,2020,,,2021,,,2022,,,2023,,,2024,,,2025,,,2026,,,2027,,,2028,,,2029,,,2030,,,2031,,,2032,,,2033,,,2034,,,2035,,
, Ages,Ensemble,,,Ensemble,,,Ensemble,,,Ensemble,,,Ensemble,,,Ensemble,,,Ensemble,,,Ensemble,,,Ensemble,,,Ensemble,,,Ensemble,,,Ensemble,,,Ensemble,,,Ensemble,,,Ensemble,,,Ensemble,,
,,Homme ,Femme,Ensemble,Homme ,Femme,Ensemble,Homme ,Femme,Ensemble,Homme ,Femme,Ensemble,Homme ,Femme,Ensemble,Homme ,Femme,Ensemble,Homme ,Femme,Ensemble,Homme ,Femme,Ensemble,Homme ,Femme,Ensemble,Homme ,Femme,Ensemble,Homme ,Femme,Ensemble,Homme ,Femme,Ensemble,Homme ,Femme,Ensemble,Homme ,Femme,Ensemble,Homme ,Femme,Ensemble,Homme ,Femme,Ensemble
,0,  4 312   ,  4 053   ,  8 365   ,  4 316   ,  4 052   ,  8 368   ,  4 334   ,  4 067   ,  8 401   ,  4 345   ,  4 076   ,  8 421   ,  4 353   ,  4 081   ,  8 434   ,  4 361   ,  4 085   ,  8 446   ,  4 366   ,  4 086   ,  8 452   ,  4 371   ,  4 087   ,  8 458   ,  3 878   ,  3 622   ,  7 500   ,  3 887   ,  3 626   ,  7 513   ,  3 889   ,  3 623   ,  7 512   ,  3 932   ,  3 659   ,  7 591   ,  3 977   ,  3 697   ,  7 674   ,  4 023   ,  3 735   ,  7 758   ,  4 068   ,  3 772   ,  7 840   ,  4 109   ,  3 805   ,  7 914   
,1,  4 218   ,  3 995   ,  8 213   ,  4 184   ,  3 951   ,  8 135   ,  4 192   ,  3 954   ,  8 146   ,  4 213   ,  3 971   ,  8 184   ,  4 229   ,  3 983   ,  8 212   ,  4 241   ,  3 991   ,  8 232   ,  4 249   ,  3 994   ,  8 243   ,  4 258   ,  3 998   ,  8 256   ,  3 783   ,  3 547   ,  7 330   ,  3 797   ,  3 555   ,  7 352   ,  3 804   ,  3 556   ,  7 360   ,  3 808   ,  3 556   ,  7 364   ,  3 852   ,  3 593   ,  7 445   ,  3 899   ,  3 632   ,  7 531   ,  3 946   ,  3 672   ,  7 618   ,  3 992   ,  3 710   ,  7 702   
,2,  4 083   ,  3 905   ,  7 988   ,  4 144   ,  3 943   ,  8 087   ,  4 114   ,  3 902   ,  8 016   ,  4 124   ,  3 906   ,  8 030   ,  4 147   ,  3 924   ,  8 071   ,  4 165   ,  3 938   ,  8 103   ,  4 176   ,  3 944   ,  8 120   ,  4 187   ,  3 949   ,  8 136   ,  3 721   ,  3 505   ,  7 226   ,  3 738   ,  3 516   ,  7 254   ,  3 748   ,  3 521   ,  7 269   ,  3 756   ,  3 523   ,  7 279   ,  3 761   ,  3 524   ,  7 285   ,  3 806   ,  3 562   ,  7 368   ,  3 853   ,  3 602   ,  7 455   ,  3 901   ,  3 642   ,  7 543   
,3,  3 915   ,  3 782   ,  7 697   ,  4 003   ,  3 841   ,  7 844   ,  4 065   ,  3 880   ,  7 945   ,  4 037   ,  3 841   ,  7 878   ,  4 049   ,  3 846   ,  7 895   ,  4 073   ,  3 865   ,  7 938   ,  4 089   ,  3 876   ,  7 965   ,  4 102   ,  3 883   ,  7 985   ,  3 647   ,  3 448   ,  7 095   ,  3 665   ,  3 460   ,  7 125   ,  3 678   ,  3 467   ,  7 145   ,  3 689   ,  3 473   ,  7 162   ,  3 697   ,  3 476   ,  7 173   ,  3 702   ,  3 477   ,  7 179   ,  3 747   ,  3 515   ,  7 262   ,  3 794   ,  3 555   ,  7 349   
,4,  3 754   ,  3 659   ,  7 413   ,  3 848   ,  3 726   ,  7 574   ,  3 935   ,  3 785   ,  7 720   ,  3 998   ,  3 825   ,  7 823   ,  3 972   ,  3 787   ,  7 759   ,  3 986   ,  3 793   ,  7 779   ,  4 008   ,  3 809   ,  7 817   ,  4 026   ,  3 821   ,  7 847   ,  3 582   ,  3 396   ,  6 978   ,  3 600   ,  3 408   ,  7 008   ,  3 614   ,  3 416   ,  7 030   ,  3 627   ,  3 424   ,  7 051   ,  3 638   ,  3 430   ,  7 068   ,  3 647   ,  3 433   ,  7 080   ,  3 653   ,  3 435   ,  7 088   ,  3 698   ,  3 473   ,  7 171   
,5,  3 567   ,  3 507   ,  7 074   ,  3 694   ,  3 614   ,  7 308   ,  3 788   ,  3 681   ,  7 469   ,  3 876   ,  3 740   ,  7 616   ,  3 939   ,  3 780   ,  7 719   ,  3 915   ,  3 743   ,  7 658   ,  3 927   ,  3 747   ,  7 674   ,  3 951   ,  3 764   ,  7 715   ,  3 520   ,  3 351   ,  6 871   ,  3 540   ,  3 365   ,  6 905   ,  3 554   ,  3 373   ,  6 927   ,  3 568   ,  3 381   ,  6 949   ,  3 581   ,  3 389   ,  6 970   ,  3 593   ,  3 395   ,  6 988   ,  3 602   ,  3 399   ,  7 001   ,  3 609   ,  3 401   ,  7 010   
,6,  3 406   ,  3 367   ,  6 773   ,  3 527   ,  3 479   ,  7 006   ,  3 654   ,  3 586   ,  7 240   ,  3 748   ,  3 653   ,  7 401   ,  3 836   ,  3 713   ,  7 549   ,  3 901   ,  3 753   ,  7 654   ,  3 875   ,  3 714   ,  7 589   ,  3 888   ,  3 718   ,  7 606   ,  3 471   ,  3 315   ,  6 786   ,  3 495   ,  3 333   ,  6 828   ,  3 510   ,  3 343   ,  6 853   ,  3 524   ,  3 351   ,  6 875   ,  3 538   ,  3 360   ,  6 898   ,  3 552   ,  3 368   ,  6 920   ,  3 564   ,  3 375   ,  6 939   ,  3 573   ,  3 379   ,  6 952   
,7,  3 292   ,  3 262   ,  6 554   ,  3 369   ,  3 343   ,  6 712   ,  3 490   ,  3 456   ,  6 946   ,  3 617   ,  3 563   ,  7 180   ,  3 712   ,  3 630   ,  7 342   ,  3 801   ,  3 691   ,  7 492   ,  3 863   ,  3 728   ,  7 591   ,  3 839   ,  3 690   ,  7 529   ,  3 418   ,  3 278   ,  6 696   ,  3 447   ,  3 301   ,  6 748   ,  3 466   ,  3 315   ,  6 781   ,  3 482   ,  3 325   ,  6 807   ,  3 496   ,  3 333   ,  6 829   ,  3 510   ,  3 342   ,  6 852   ,  3 524   ,  3 351   ,  6 875   ,  3 536   ,  3 358   ,  6 894   
,8,  3 186   ,  3 158   ,  6 344   ,  3 240   ,  3 227   ,  6 467   ,  3 318   ,  3 309   ,  6 627   ,  3 438   ,  3 421   ,  6 859   ,  3 565   ,  3 527   ,  7 092   ,  3 659   ,  3 594   ,  7 253   ,  3 745   ,  3 652   ,  7 397   ,  3 807   ,  3 689   ,  7 496   ,  3 358   ,  3 241   ,  6 599   ,  3 377   ,  3 252   ,  6 629   ,  3 402   ,  3 271   ,  6 673   ,  3 421   ,  3 284   ,  6 705   ,  3 437   ,  3 294   ,  6 731   ,  3 451   ,  3 303   ,  6 754   ,  3 466   ,  3 312   ,  6 778   ,  3 480   ,  3 321   ,  6 801   
,9,  3 072   ,  3 046   ,  6 118   ,  3 160   ,  3 152   ,  6 312   ,  3 216   ,  3 222   ,  6 438   ,  3 293   ,  3 304   ,  6 597   ,  3 414   ,  3 416   ,  6 830   ,  3 541   ,  3 523   ,  7 064   ,  3 633   ,  3 588   ,  7 221   ,  3 720   ,  3 645   ,  7 365   ,  3 355   ,  3 268   ,  6 623   ,  3 343   ,  3 242   ,  6 585   ,  3 358   ,  3 249   ,  6 607   ,  3 382   ,  3 268   ,  6 650   ,  3 402   ,  3 282   ,  6 684   ,  3 418   ,  3 292   ,  6 710   ,  3 432   ,  3 301   ,  6 733   ,  3 447   ,  3 310   ,  6 757   
,10,  2 898   ,  2 900   ,  5 798   ,  3 013   ,  3 029   ,  6 042   ,  3 101   ,  3 135   ,  6 236   ,  3 156   ,  3 205   ,  6 361   ,  3 233   ,  3 287   ,  6 520   ,  3 353   ,  3 399   ,  6 752   ,  3 476   ,  3 503   ,  6 979   ,  3 567   ,  3 568   ,  7 135   ,  3 242   ,  3 218   ,  6 460   ,  3 304   ,  3 258   ,  6 562   ,  3 287   ,  3 228   ,  6 515   ,  3 302   ,  3 235   ,  6 537   ,  3 326   ,  3 254   ,  6 580   ,  3 346   ,  3 268   ,  6 614   ,  3 362   ,  3 279   ,  6 641   ,  3 376   ,  3 288   ,  6 664   
,11,  2 785   ,  2 794   ,  5 579   ,  2 864   ,  2 881   ,  5 745   ,  2 978   ,  3 010   ,  5 988   ,  3 066   ,  3 115   ,  6 181   ,  3 122   ,  3 185   ,  6 307   ,  3 199   ,  3 267   ,  6 466   ,  3 315   ,  3 376   ,  6 691   ,  3 438   ,  3 480   ,  6 918   ,  3 133   ,  3 147   ,  6 280   ,  3 216   ,  3 204   ,  6 420   ,  3 273   ,  3 240   ,  6 513   ,  3 256   ,  3 210   ,  6 466   ,  3 271   ,  3 217   ,  6 488   ,  3 295   ,  3 236   ,  6 531   ,  3 315   ,  3 251   ,  6 566   ,  3 330   ,  3 261   ,  6 591   
,12,  2 687   ,  2 699   ,  5 386   ,  2 780   ,  2 788   ,  5 568   ,  2 860   ,  2 875   ,  5 735   ,  2 975   ,  3 004   ,  5 979   ,  3 064   ,  3 110   ,  6 174   ,  3 120   ,  3 180   ,  6 300   ,  3 196   ,  3 260   ,  6 456   ,  3 314   ,  3 369   ,  6 683   ,  3 052   ,  3 083   ,  6 135   ,  3 139   ,  3 147   ,  6 286   ,  3 218   ,  3 200   ,  6 418   ,  3 275   ,  3 236   ,  6 511   ,  3 258   ,  3 207   ,  6 465   ,  3 273   ,  3 214   ,  6 487   ,  3 298   ,  3 233   ,  6 531   ,  3 317   ,  3 247   ,  6 564   
,13,  2 562   ,  2 597   ,  5 159   ,  2 693   ,  2 715   ,  5 408   ,  2 787   ,  2 805   ,  5 592   ,  2 869   ,  2 893   ,  5 762   ,  2 985   ,  3 023   ,  6 008   ,  3 074   ,  3 130   ,  6 204   ,  3 130   ,  3 198   ,  6 328   ,  3 207   ,  3 279   ,  6 486   ,  2 954   ,  3 009   ,  5 963   ,  3 070   ,  3 108   ,  6 178   ,  3 154   ,  3 168   ,  6 322   ,  3 233   ,  3 222   ,  6 455   ,  3 291   ,  3 258   ,  6 549   ,  3 274   ,  3 229   ,  6 503   ,  3 290   ,  3 236   ,  6 526   ,  3 314   ,  3 255   ,  6 569   
,14,  2 423   ,  2 470   ,  4 893   ,  2 528   ,  2 551   ,  5 079   ,  2 658   ,  2 668   ,  5 326   ,  2 752   ,  2 756   ,  5 508   ,  2 834   ,  2 843   ,  5 677   ,  2 949   ,  2 971   ,  5 920   ,  3 036   ,  3 073   ,  6 109   ,  3 092   ,  3 141   ,  6 233   ,  2 814   ,  2 860   ,  5 674   ,  2 925   ,  2 961   ,  5 886   ,  3 036   ,  3 055   ,  6 091   ,  3 119   ,  3 114   ,  6 233   ,  3 197   ,  3 168   ,  6 365   ,  3 254   ,  3 203   ,  6 457   ,  3 238   ,  3 174   ,  6 412   ,  3 253   ,  3 181   ,  6 434   
,15,  2 349   ,  2 459   ,  4 808   ,  2 471   ,  2 530   ,  5 001   ,  2 579   ,  2 612   ,  5 191   ,  2 713   ,  2 732   ,  5 445   ,  2 810   ,  2 823   ,  5 633   ,  2 894   ,  2 912   ,  5 806   ,  3 011   ,  3 041   ,  6 052   ,  3 100   ,  3 146   ,  6 246   ,  2 806   ,  2 858   ,  5 664   ,  2 882   ,  2 936   ,  5 818   ,  2 991   ,  3 036   ,  6 027   ,  3 105   ,  3 133   ,  6 238   ,  3 191   ,  3 193   ,  6 384   ,  3 271   ,  3 248   ,  6 519   ,  3 329   ,  3 284   ,  6 613   ,  3 313   ,  3 254   ,  6 567   
,16,  2 127   ,  2 239   ,  4 366   ,  2 276   ,  2 317   ,  4 593   ,  2 395   ,  2 384   ,  4 779   ,  2 501   ,  2 462   ,  4 963   ,  2 632   ,  2 575   ,  5 207   ,  2 726   ,  2 661   ,  5 387   ,  2 806   ,  2 743   ,  5 549   ,  2 921   ,  2 865   ,  5 786   ,  2 673   ,  2 634   ,  5 307   ,  2 729   ,  2 697   ,  5 426   ,  2 799   ,  2 767   ,  5 566   ,  2 905   ,  2 862   ,  5 767   ,  3 016   ,  2 953   ,  5 969   ,  3 099   ,  3 010   ,  6 109   ,  3 177   ,  3 061   ,  6 238   ,  3 235   ,  3 096   ,  6 331   
,17,  1 948   ,  2 164   ,  4 112   ,  2 042   ,  2 177   ,  4 219   ,  2 186   ,  2 253   ,  4 439   ,  2 301   ,  2 319   ,  4 620   ,  2 403   ,  2 394   ,  4 797   ,  2 530   ,  2 505   ,  5 035   ,  2 620   ,  2 586   ,  5 206   ,  2 697   ,  2 666   ,  5 363   ,  2 495   ,  2 475   ,  4 970   ,  2 575   ,  2 566   ,  5 141   ,  2 625   ,  2 624   ,  5 249   ,  2 693   ,  2 693   ,  5 386   ,  2 796   ,  2 785   ,  5 581   ,  2 903   ,  2 873   ,  5 776   ,  2 983   ,  2 929   ,  5 912   ,  3 058   ,  2 979   ,  6 037   
,18,  1 780   ,  2 113   ,  3 893   ,  1 830   ,  2 064   ,  3 894   ,  1 919   ,  2 078   ,  3 997   ,  2 055   ,  2 150   ,  4 205   ,  2 163   ,  2 213   ,  4 376   ,  2 261   ,  2 285   ,  4 546   ,  2 379   ,  2 389   ,  4 768   ,  2 464   ,  2 468   ,  4 932   ,  2 254   ,  2 261   ,  4 515   ,  2 351   ,  2 367   ,  4 718   ,  2 424   ,  2 450   ,  4 874   ,  2 471   ,  2 506   ,  4 977   ,  2 535   ,  2 571   ,  5 106   ,  2 632   ,  2 660   ,  5 292   ,  2 733   ,  2 744   ,  5 477   ,  2 809   ,  2 797   ,  5 606   
,19,  1 661   ,  2 078   ,  3 739   ,  1 721   ,  2 069   ,  3 790   ,  1 770   ,  2 022   ,  3 792   ,  1 856   ,  2 035   ,  3 891   ,  1 989   ,  2 107   ,  4 096   ,  2 095   ,  2 168   ,  4 263   ,  2 188   ,  2 238   ,  4 426   ,  2 303   ,  2 340   ,  4 643   ,  2 120   ,  2 148   ,  4 268   ,  2 188   ,  2 219   ,  4 407   ,  2 280   ,  2 320   ,  4 600   ,  2 351   ,  2 402   ,  4 753   ,  2 397   ,  2 457   ,  4 854   ,  2 459   ,  2 521   ,  4 980   ,  2 553   ,  2 607   ,  5 160   ,  2 651   ,  2 690   ,  5 341   
,20,  1 516   ,  1 950   ,  3 466   ,  1 586   ,  2 004   ,  3 590   ,  1 644   ,  1 995   ,  3 639   ,  1 691   ,  1 950   ,  3 641   ,  1 775   ,  1 963   ,  3 738   ,  1 903   ,  2 032   ,  3 935   ,  2 004   ,  2 090   ,  4 094   ,  2 094   ,  2 158   ,  4 252   ,  1 959   ,  2 006   ,  3 965   ,  2 034   ,  2 076   ,  4 110   ,  2 097   ,  2 142   ,  4 239   ,  2 185   ,  2 239   ,  4 424   ,  2 253   ,  2 319   ,  4 572   ,  2 298   ,  2 372   ,  4 670   ,  2 358   ,  2 434   ,  4 792   ,  2 448   ,  2 517   ,  4 965   
,21,  1 416   ,  1 858   ,  3 274   ,  1 471   ,  1 920   ,  3 391   ,  1 540   ,  1 974   ,  3 514   ,  1 597   ,  1 966   ,  3 563   ,  1 644   ,  1 921   ,  3 565   ,  1 726   ,  1 934   ,  3 660   ,  1 850   ,  2 001   ,  3 851   ,  1 949   ,  2 059   ,  4 008   ,  1 810   ,  1 890   ,  3 700   ,  1 910   ,  1 980   ,  3 890   ,  1 982   ,  2 047   ,  4 029   ,  2 043   ,  2 112   ,  4 155   ,  2 130   ,  2 208   ,  4 338   ,  2 196   ,  2 286   ,  4 482   ,  2 240   ,  2 339   ,  4 579   ,  2 299   ,  2 400   ,  4 699   
,22,  1 295   ,  1 701   ,  2 996   ,  1 358   ,  1 801   ,  3 159   ,  1 411   ,  1 862   ,  3 273   ,  1 478   ,  1 914   ,  3 392   ,  1 533   ,  1 907   ,  3 440   ,  1 579   ,  1 864   ,  3 443   ,  1 657   ,  1 875   ,  3 532   ,  1 778   ,  1 940   ,  3 718   ,  1 665   ,  1 775   ,  3 440   ,  1 744   ,  1 835   ,  3 579   ,  1 839   ,  1 921   ,  3 760   ,  1 908   ,  1 986   ,  3 894   ,  1 968   ,  2 049   ,  4 017   ,  2 052   ,  2 143   ,  4 195   ,  2 116   ,  2 219   ,  4 335   ,  2 158   ,  2 270   ,  4 428   
,23,  1 213   ,  1 608   ,  2 821   ,  1 277   ,  1 713   ,  2 990   ,  1 340   ,  1 815   ,  3 155   ,  1 393   ,  1 876   ,  3 269   ,  1 460   ,  1 929   ,  3 389   ,  1 516   ,  1 922   ,  3 438   ,  1 560   ,  1 877   ,  3 437   ,  1 639   ,  1 889   ,  3 528   ,  1 563   ,  1 739   ,  3 302   ,  1 652   ,  1 793   ,  3 445   ,  1 729   ,  1 853   ,  3 582   ,  1 823   ,  1 939   ,  3 762   ,  1 892   ,  2 005   ,  3 897   ,  1 952   ,  2 069   ,  4 021   ,  2 035   ,  2 163   ,  4 198   ,  2 100   ,  2 240   ,  4 340   
,24,  1 127   ,  1 499   ,  2 626   ,  1 162   ,  1 554   ,  2 716   ,  1 225   ,  1 655   ,  2 880   ,  1 285   ,  1 754   ,  3 039   ,  1 337   ,  1 814   ,  3 151   ,  1 402   ,  1 865   ,  3 267   ,  1 455   ,  1 857   ,  3 312   ,  1 499   ,  1 814   ,  3 313   ,  1 401   ,  1 624   ,  3 025   ,  1 506   ,  1 684   ,  3 190   ,  1 590   ,  1 734   ,  3 324   ,  1 665   ,  1 792   ,  3 457   ,  1 756   ,  1 876   ,  3 632   ,  1 823   ,  1 940   ,  3 763   ,  1 881   ,  2 002   ,  3 883   ,  1 962   ,  2 093   ,  4 055   
,25,  1 083   ,  1 465   ,  2 548   ,  1 095   ,  1 490   ,  2 585   ,  1 130   ,  1 545   ,  2 675   ,  1 192   ,  1 646   ,  2 838   ,  1 252   ,  1 745   ,  2 997   ,  1 303   ,  1 804   ,  3 107   ,  1 366   ,  1 855   ,  3 221   ,  1 419   ,  1 847   ,  3 266   ,  1 300   ,  1 605   ,  2 905   ,  1 369   ,  1 618   ,  2 987   ,  1 471   ,  1 677   ,  3 148   ,  1 554   ,  1 727   ,  3 281   ,  1 627   ,  1 784   ,  3 411   ,  1 717   ,  1 868   ,  3 585   ,  1 783   ,  1 932   ,  3 715   ,  1 840   ,  1 994   ,  3 834   
,26,  1 045   ,  1 445   ,  2 490   ,  1 052   ,  1 463   ,  2 515   ,  1 064   ,  1 489   ,  2 553   ,  1 099   ,  1 543   ,  2 642   ,  1 159   ,  1 645   ,  2 804   ,  1 219   ,  1 744   ,  2 963   ,  1 268   ,  1 803   ,  3 071   ,  1 331   ,  1 853   ,  3 184   ,  1 229   ,  1 642   ,  2 871   ,  1 269   ,  1 607   ,  2 876   ,  1 336   ,  1 619   ,  2 955   ,  1 437   ,  1 677   ,  3 114   ,  1 518   ,  1 728   ,  3 246   ,  1 590   ,  1 786   ,  3 376   ,  1 679   ,  1 870   ,  3 549   ,  1 743   ,  1 933   ,  3 676   
,27,  1 015   ,  1 436   ,  2 451   ,  1 011   ,  1 436   ,  2 447   ,  1 018   ,  1 454   ,  2 472   ,  1 030   ,  1 480   ,  2 510   ,  1 064   ,  1 535   ,  2 599   ,  1 124   ,  1 636   ,  2 760   ,  1 182   ,  1 734   ,  2 916   ,  1 231   ,  1 792   ,  3 023   ,  1 148   ,  1 640   ,  2 788   ,  1 196   ,  1 636   ,  2 832   ,  1 234   ,  1 600   ,  2 834   ,  1 299   ,  1 612   ,  2 911   ,  1 398   ,  1 670   ,  3 068   ,  1 477   ,  1 721   ,  3 198   ,  1 548   ,  1 779   ,  3 327   ,  1 635   ,  1 862   ,  3 497   
,28,  1 030   ,  1 496   ,  2 526   ,  993   ,  1 456   ,  2 449   ,  989   ,  1 456   ,  2 445   ,  996   ,  1 475   ,  2 471   ,  1 009   ,  1 502   ,  2 511   ,  1 043   ,  1 558   ,  2 601   ,  1 102   ,  1 660   ,  2 762   ,  1 159   ,  1 760   ,  2 919   ,  1 073   ,  1 619   ,  2 692   ,  1 130   ,  1 668   ,  2 798   ,  1 176   ,  1 663   ,  2 839   ,  1 213   ,  1 626   ,  2 839   ,  1 278   ,  1 639   ,  2 917   ,  1 375   ,  1 698   ,  3 073   ,  1 454   ,  1 750   ,  3 204   ,  1 524   ,  1 809   ,  3 333   
,29,  1 032   ,  1 509   ,  2 541   ,  1 014   ,  1 505   ,  2 519   ,  978   ,  1 465   ,  2 443   ,  974   ,  1 466   ,  2 440   ,  982   ,  1 485   ,  2 467   ,  995   ,  1 512   ,  2 507   ,  1 029   ,  1 568   ,  2 597   ,  1 088   ,  1 671   ,  2 759   ,  1 018   ,  1 577   ,  2 595   ,  1 063   ,  1 633   ,  2 696   ,  1 118   ,  1 681   ,  2 799   ,  1 164   ,  1 676   ,  2 840   ,  1 201   ,  1 639   ,  2 840   ,  1 266   ,  1 652   ,  2 918   ,  1 363   ,  1 712   ,  3 075   ,  1 441   ,  1 764   ,  3 205   
,30,  997   ,  1 450   ,  2 447   ,  1 004   ,  1 493   ,  2 497   ,  987   ,  1 490   ,  2 477   ,  952   ,  1 451   ,  2 403   ,  949   ,  1 452   ,  2 401   ,  957   ,  1 471   ,  2 428   ,  969   ,  1 497   ,  2 466   ,  1 003   ,  1 553   ,  2 556   ,  944   ,  1 474   ,  2 418   ,  995   ,  1 565   ,  2 560   ,  1 039   ,  1 620   ,  2 659   ,  1 093   ,  1 668   ,  2 761   ,  1 138   ,  1 663   ,  2 801   ,  1 175   ,  1 627   ,  2 802   ,  1 239   ,  1 640   ,  2 879   ,  1 334   ,  1 699   ,  3 033   
,31,  975   ,  1 395   ,  2 370   ,  977   ,  1 438   ,  2 415   ,  985   ,  1 481   ,  2 466   ,  968   ,  1 479   ,  2 447   ,  934   ,  1 440   ,  2 374   ,  932   ,  1 441   ,  2 373   ,  939   ,  1 459   ,  2 398   ,  952   ,  1 486   ,  2 438   ,  877   ,  1 372   ,  2 249   ,  929   ,  1 466   ,  2 395   ,  980   ,  1 556   ,  2 536   ,  1 023   ,  1 610   ,  2 633   ,  1 077   ,  1 658   ,  2 735   ,  1 121   ,  1 653   ,  2 774   ,  1 158   ,  1 617   ,  2 775   ,  1 221   ,  1 630   ,  2 851   
,32,  954   ,  1 344   ,  2 298   ,  970   ,  1 407   ,  2 377   ,  973   ,  1 451   ,  2 424   ,  981   ,  1 496   ,  2 477   ,  965   ,  1 493   ,  2 458   ,  931   ,  1 454   ,  2 385   ,  929   ,  1 455   ,  2 384   ,  937   ,  1 473   ,  2 410   ,  845   ,  1 336   ,  2 181   ,  877   ,  1 389   ,  2 266   ,  929   ,  1 482   ,  2 411   ,  980   ,  1 573   ,  2 553   ,  1 024   ,  1 629   ,  2 653   ,  1 078   ,  1 678   ,  2 756   ,  1 123   ,  1 673   ,  2 796   ,  1 160   ,  1 636   ,  2 796   
,33,  893   ,  1 256   ,  2 149   ,  938   ,  1 365   ,  2 303   ,  955   ,  1 429   ,  2 384   ,  958   ,  1 474   ,  2 432   ,  967   ,  1 520   ,  2 487   ,  951   ,  1 518   ,  2 469   ,  917   ,  1 477   ,  2 394   ,  915   ,  1 478   ,  2 393   ,  823   ,  1 335   ,  2 158   ,  836   ,  1 362   ,  2 198   ,  866   ,  1 414   ,  2 280   ,  918   ,  1 509   ,  2 427   ,  969   ,  1 602   ,  2 571   ,  1 012   ,  1 659   ,  2 671   ,  1 066   ,  1 709   ,  2 775   ,  1 111   ,  1 704   ,  2 815   
,34,  853   ,  1 185   ,  2 038   ,  879   ,  1 255   ,  2 134   ,  925   ,  1 364   ,  2 289   ,  942   ,  1 430   ,  2 372   ,  945   ,  1 475   ,  2 420   ,  954   ,  1 521   ,  2 475   ,  938   ,  1 518   ,  2 456   ,  905   ,  1 477   ,  2 382   ,  804   ,  1 318   ,  2 122   ,  813   ,  1 338   ,  2 151   ,  826   ,  1 363   ,  2 189   ,  856   ,  1 416   ,  2 272   ,  908   ,  1 512   ,  2 420   ,  958   ,  1 605   ,  2 563   ,  1 001   ,  1 662   ,  2 663   ,  1 055   ,  1 712   ,  2 767   
,35,  838   ,  1 172   ,  2 010   ,  847   ,  1 198   ,  2 045   ,  873   ,  1 269   ,  2 142   ,  919   ,  1 381   ,  2 300   ,  937   ,  1 447   ,  2 384   ,  941   ,  1 493   ,  2 434   ,  950   ,  1 539   ,  2 489   ,  934   ,  1 536   ,  2 470   ,  803   ,  1 333   ,  2 136   ,  803   ,  1 337   ,  2 140   ,  811   ,  1 356   ,  2 167   ,  823   ,  1 382   ,  2 205   ,  854   ,  1 435   ,  2 289   ,  906   ,  1 533   ,  2 439   ,  957   ,  1 628   ,  2 585   ,  1 000   ,  1 686   ,  2 686   
,36,  810   ,  1 134   ,  1 944   ,  833   ,  1 175   ,  2 008   ,  843   ,  1 202   ,  2 045   ,  870   ,  1 274   ,  2 144   ,  916   ,  1 386   ,  2 302   ,  934   ,  1 453   ,  2 387   ,  938   ,  1 498   ,  2 436   ,  947   ,  1 545   ,  2 492   ,  830   ,  1 374   ,  2 204   ,  802   ,  1 341   ,  2 143   ,  802   ,  1 343   ,  2 145   ,  810   ,  1 362   ,  2 172   ,  823   ,  1 389   ,  2 212   ,  854   ,  1 443   ,  2 297   ,  906   ,  1 541   ,  2 447   ,  957   ,  1 636   ,  2 593   
,37,  794   ,  1 123   ,  1 917   ,  797   ,  1 132   ,  1 929   ,  821   ,  1 174   ,  1 995   ,  831   ,  1 202   ,  2 033   ,  858   ,  1 274   ,  2 132   ,  904   ,  1 386   ,  2 290   ,  922   ,  1 453   ,  2 375   ,  926   ,  1 498   ,  2 424   ,  833   ,  1 376   ,  2 209   ,  821   ,  1 377   ,  2 198   ,  793   ,  1 342   ,  2 135   ,  792   ,  1 345   ,  2 137   ,  801   ,  1 364   ,  2 165   ,  813   ,  1 391   ,  2 204   ,  844   ,  1 445   ,  2 289   ,  896   ,  1 543   ,  2 439   
,38,  797   ,  1 121   ,  1 918   ,  788   ,  1 116   ,  1 904   ,  792   ,  1 126   ,  1 918   ,  816   ,  1 168   ,  1 984   ,  826   ,  1 195   ,  2 021   ,  854   ,  1 267   ,  2 121   ,  900   ,  1 378   ,  2 278   ,  918   ,  1 445   ,  2 363   ,  821   ,  1 327   ,  2 148   ,  831   ,  1 371   ,  2 202   ,  818   ,  1 371   ,  2 189   ,  790   ,  1 336   ,  2 126   ,  790   ,  1 339   ,  2 129   ,  799   ,  1 358   ,  2 157   ,  812   ,  1 385   ,  2 197   ,  843   ,  1 439   ,  2 282   
,39,  783   ,  1 098   ,  1 881   ,  794   ,  1 123   ,  1 917   ,  785   ,  1 118   ,  1 903   ,  790   ,  1 128   ,  1 918   ,  814   ,  1 171   ,  1 985   ,  825   ,  1 199   ,  2 024   ,  853   ,  1 270   ,  2 123   ,  899   ,  1 382   ,  2 281   ,  817   ,  1 290   ,  2 107   ,  822   ,  1 334   ,  2 156   ,  832   ,  1 377   ,  2 209   ,  819   ,  1 376   ,  2 195   ,  791   ,  1 341   ,  2 132   ,  791   ,  1 344   ,  2 135   ,  800   ,  1 364   ,  2 164   ,  813   ,  1 391   ,  2 204   
,40,  748   ,  1 046   ,  1 794   ,  773   ,  1 094   ,  1 867   ,  784   ,  1 120   ,  1 904   ,  776   ,  1 115   ,  1 891   ,  781   ,  1 126   ,  1 907   ,  805   ,  1 168   ,  1 973   ,  816   ,  1 195   ,  2 011   ,  844   ,  1 266   ,  2 110   ,  793   ,  1 227   ,  2 020   ,  810   ,  1 289   ,  2 099   ,  815   ,  1 332   ,  2 147   ,  825   ,  1 375   ,  2 200   ,  813   ,  1 375   ,  2 188   ,  785   ,  1 340   ,  2 125   ,  785   ,  1 343   ,  2 128   ,  794   ,  1 363   ,  2 157   
,41,  725   ,  1 012   ,  1 737   ,  743   ,  1 053   ,  1 796   ,  769   ,  1 101   ,  1 870   ,  781   ,  1 127   ,  1 908   ,  773   ,  1 123   ,  1 896   ,  778   ,  1 133   ,  1 911   ,  803   ,  1 176   ,  1 979   ,  814   ,  1 203   ,  2 017   ,  749   ,  1 135   ,  1 884   ,  792   ,  1 238   ,  2 030   ,  810   ,  1 300   ,  2 110   ,  815   ,  1 343   ,  2 158   ,  824   ,  1 387   ,  2 211   ,  812   ,  1 386   ,  2 198   ,  785   ,  1 352   ,  2 137   ,  784   ,  1 355   ,  2 139   
,42,  697   ,  960   ,  1 657   ,  728   ,  1 020   ,  1 748   ,  747   ,  1 061   ,  1 808   ,  774   ,  1 110   ,  1 884   ,  786   ,  1 137   ,  1 923   ,  778   ,  1 132   ,  1 910   ,  783   ,  1 142   ,  1 925   ,  808   ,  1 185   ,  1 993   ,  730   ,  1 080   ,  1 810   ,  756   ,  1 148   ,  1 904   ,  800   ,  1 250   ,  2 050   ,  817   ,  1 313   ,  2 130   ,  822   ,  1 356   ,  2 178   ,  832   ,  1 401   ,  2 233   ,  820   ,  1 401   ,  2 221   ,  792   ,  1 366   ,  2 158   
,43,  625   ,  850   ,  1 475   ,  679   ,  948   ,  1 627   ,  711   ,  1 008   ,  1 719   ,  730   ,  1 048   ,  1 778   ,  756   ,  1 097   ,  1 853   ,  768   ,  1 124   ,  1 892   ,  761   ,  1 119   ,  1 880   ,  766   ,  1 129   ,  1 895   ,  704   ,  1 044   ,  1 748   ,  716   ,  1 071   ,  1 787   ,  741   ,  1 136   ,  1 877   ,  784   ,  1 238   ,  2 022   ,  802   ,  1 300   ,  2 102   ,  807   ,  1 343   ,  2 150   ,  817   ,  1 387   ,  2 204   ,  805   ,  1 388   ,  2 193   
,44,  586   ,  781   ,  1 367   ,  624   ,  847   ,  1 471   ,  678   ,  944   ,  1 622   ,  710   ,  1 004   ,  1 714   ,  730   ,  1 045   ,  1 775   ,  756   ,  1 094   ,  1 850   ,  768   ,  1 120   ,  1 888   ,  761   ,  1 115   ,  1 876   ,  683   ,  1 003   ,  1 686   ,  706   ,  1 043   ,  1 749   ,  718   ,  1 068   ,  1 786   ,  743   ,  1 134   ,  1 877   ,  786   ,  1 236   ,  2 022   ,  804   ,  1 298   ,  2 102   ,  809   ,  1 341   ,  2 150   ,  819   ,  1 385   ,  2 204   
,45,  571   ,  754   ,  1 325   ,  590   ,  782   ,  1 372   ,  628   ,  848   ,  1 476   ,  684   ,  946   ,  1 630   ,  717   ,  1 007   ,  1 724   ,  737   ,  1 048   ,  1 785   ,  764   ,  1 096   ,  1 860   ,  776   ,  1 122   ,  1 898   ,  685   ,  996   ,  1 681   ,  691   ,  1 007   ,  1 698   ,  715   ,  1 046   ,  1 761   ,  726   ,  1 072   ,  1 798   ,  752   ,  1 138   ,  1 890   ,  796   ,  1 241   ,  2 037   ,  814   ,  1 303   ,  2 117   ,  820   ,  1 347   ,  2 167   
,46,  540   ,  720   ,  1 260   ,  564   ,  753   ,  1 317   ,  583   ,  782   ,  1 365   ,  622   ,  848   ,  1 470   ,  677   ,  946   ,  1 623   ,  710   ,  1 007   ,  1 717   ,  730   ,  1 047   ,  1 777   ,  757   ,  1 096   ,  1 853   ,  685   ,  1 000   ,  1 685   ,  680   ,  998   ,  1 678   ,  686   ,  1 008   ,  1 694   ,  710   ,  1 047   ,  1 757   ,  721   ,  1 073   ,  1 794   ,  747   ,  1 140   ,  1 887   ,  791   ,  1 242   ,  2 033   ,  809   ,  1 305   ,  2 114   
,47,  527   ,  701   ,  1 228   ,  535   ,  711   ,  1 246   ,  560   ,  744   ,  1 304   ,  579   ,  772   ,  1 351   ,  618   ,  837   ,  1 455   ,  674   ,  934   ,  1 608   ,  707   ,  994   ,  1 701   ,  726   ,  1 034   ,  1 760   ,  671   ,  964   ,  1 635   ,  684   ,  989   ,  1 673   ,  678   ,  986   ,  1 664   ,  684   ,  997   ,  1 681   ,  708   ,  1 035   ,  1 743   ,  720   ,  1 061   ,  1 781   ,  746   ,  1 127   ,  1 873   ,  790   ,  1 229   ,  2 019   
,48,  534   ,  729   ,  1 263   ,  535   ,  717   ,  1 252   ,  544   ,  726   ,  1 270   ,  569   ,  760   ,  1 329   ,  590   ,  789   ,  1 379   ,  630   ,  856   ,  1 486   ,  687   ,  955   ,  1 642   ,  720   ,  1 016   ,  1 736   ,  659   ,  941   ,  1 600   ,  685   ,  988   ,  1 673   ,  698   ,  1 012   ,  1 710   ,  692   ,  1 009   ,  1 701   ,  698   ,  1 020   ,  1 718   ,  723   ,  1 060   ,  1 783   ,  735   ,  1 087   ,  1 822   ,  761   ,  1 154   ,  1 915   
,49,  514   ,  725   ,  1 239   ,  523   ,  727   ,  1 250   ,  524   ,  715   ,  1 239   ,  533   ,  725   ,  1 258   ,  558   ,  759   ,  1 317   ,  579   ,  788   ,  1 367   ,  618   ,  855   ,  1 473   ,  674   ,  953   ,  1 627   ,  629   ,  903   ,  1 532   ,  649   ,  942   ,  1 591   ,  674   ,  988   ,  1 662   ,  686   ,  1 012   ,  1 698   ,  681   ,  1 009   ,  1 690   ,  687   ,  1 020   ,  1 707   ,  711   ,  1 061   ,  1 772   ,  723   ,  1 087   ,  1 810   
,50,  504   ,  709   ,  1 213   ,  513   ,  724   ,  1 237   ,  522   ,  726   ,  1 248   ,  523   ,  714   ,  1 237   ,  533   ,  724   ,  1 257   ,  558   ,  758   ,  1 316   ,  578   ,  787   ,  1 365   ,  618   ,  853   ,  1 471   ,  600   ,  848   ,  1 448   ,  631   ,  904   ,  1 535   ,  650   ,  942   ,  1 592   ,  675   ,  988   ,  1 663   ,  688   ,  1 013   ,  1 701   ,  683   ,  1 010   ,  1 693   ,  689   ,  1 021   ,  1 710   ,  713   ,  1 061   ,  1 774   
,51,  502   ,  703   ,  1 205   ,  505   ,  713   ,  1 218   ,  513   ,  729   ,  1 242   ,  523   ,  731   ,  1 254   ,  524   ,  719   ,  1 243   ,  534   ,  729   ,  1 263   ,  560   ,  763   ,  1 323   ,  580   ,  792   ,  1 372   ,  551   ,  766   ,  1 317   ,  603   ,  856   ,  1 459   ,  634   ,  912   ,  1 546   ,  653   ,  950   ,  1 603   ,  679   ,  996   ,  1 675   ,  692   ,  1 022   ,  1 714   ,  687   ,  1 019   ,  1 706   ,  693   ,  1 030   ,  1 723   
,52,  490   ,  678   ,  1 168   ,  499   ,  696   ,  1 195   ,  502   ,  706   ,  1 208   ,  511   ,  722   ,  1 233   ,  521   ,  724   ,  1 245   ,  523   ,  713   ,  1 236   ,  532   ,  722   ,  1 254   ,  558   ,  756   ,  1 314   ,  514   ,  699   ,  1 213   ,  551   ,  760   ,  1 311   ,  603   ,  849   ,  1 452   ,  634   ,  905   ,  1 539   ,  653   ,  943   ,  1 596   ,  679   ,  989   ,  1 668   ,  692   ,  1 014   ,  1 706   ,  687   ,  1 011   ,  1 698   
,53,  448   ,  588   ,  1 036   ,  489   ,  655   ,  1 144   ,  498   ,  673   ,  1 171   ,  501   ,  682   ,  1 183   ,  510   ,  697   ,  1 207   ,  520   ,  700   ,  1 220   ,  522   ,  688   ,  1 210   ,  532   ,  697   ,  1 229   ,  496   ,  651   ,  1 147   ,  516   ,  678   ,  1 194   ,  552   ,  736   ,  1 288   ,  604   ,  822   ,  1 426   ,  635   ,  876   ,  1 511   ,  655   ,  913   ,  1 568   ,  681   ,  958   ,  1 639   ,  694   ,  982   ,  1 676   
,54,  421   ,  528   ,  949   ,  449   ,  576   ,  1 025   ,  489   ,  642   ,  1 131   ,  499   ,  660   ,  1 159   ,  502   ,  670   ,  1 172   ,  512   ,  685   ,  1 197   ,  521   ,  686   ,  1 207   ,  524   ,  675   ,  1 199   ,  475   ,  611   ,  1 086   ,  499   ,  641   ,  1 140   ,  518   ,  666   ,  1 184   ,  555   ,  723   ,  1 278   ,  607   ,  808   ,  1 415   ,  639   ,  861   ,  1 500   ,  659   ,  898   ,  1 557   ,  685   ,  941   ,  1 626   
,55,  406   ,  505   ,  911   ,  409   ,  510   ,  919   ,  436   ,  557   ,  993   ,  476   ,  622   ,  1 098   ,  485   ,  639   ,  1 124   ,  489   ,  648   ,  1 137   ,  498   ,  662   ,  1 160   ,  508   ,  664   ,  1 172   ,  454   ,  583   ,  1 037   ,  464   ,  592   ,  1 056   ,  487   ,  620   ,  1 107   ,  506   ,  645   ,  1 151   ,  542   ,  701   ,  1 243   ,  593   ,  783   ,  1 376   ,  624   ,  835   ,  1 459   ,  644   ,  870   ,  1 514   
,56,  393   ,  476   ,  869   ,  406   ,  492   ,  898   ,  409   ,  497   ,  906   ,  436   ,  543   ,  979   ,  477   ,  606   ,  1 083   ,  486   ,  623   ,  1 109   ,  490   ,  632   ,  1 122   ,  499   ,  645   ,  1 144   ,  453   ,  577   ,  1 030   ,  456   ,  569   ,  1 025   ,  466   ,  578   ,  1 044   ,  489   ,  606   ,  1 095   ,  508   ,  630   ,  1 138   ,  544   ,  684   ,  1 228   ,  596   ,  765   ,  1 361   ,  628   ,  815   ,  1 443   
,57,  387   ,  475   ,  862   ,  392   ,  477   ,  869   ,  406   ,  493   ,  899   ,  408   ,  499   ,  907   ,  436   ,  545   ,  981   ,  477   ,  608   ,  1 085   ,  487   ,  625   ,  1 112   ,  490   ,  634   ,  1 124   ,  445   ,  578   ,  1 023   ,  454   ,  581   ,  1 035   ,  457   ,  573   ,  1 030   ,  467   ,  581   ,  1 048   ,  490   ,  609   ,  1 099   ,  510   ,  633   ,  1 143   ,  546   ,  689   ,  1 235   ,  599   ,  770   ,  1 369   
,58,  404   ,  526   ,  930   ,  387   ,  491   ,  878   ,  392   ,  494   ,  886   ,  406   ,  510   ,  916   ,  409   ,  516   ,  925   ,  437   ,  565   ,  1 002   ,  478   ,  629   ,  1 107   ,  488   ,  647   ,  1 135   ,  437   ,  585   ,  1 022   ,  447   ,  600   ,  1 047   ,  456   ,  602   ,  1 058   ,  459   ,  593   ,  1 052   ,  469   ,  603   ,  1 072   ,  493   ,  632   ,  1 125   ,  512   ,  657   ,  1 169   ,  549   ,  714   ,  1 263   
,59,  401   ,  535   ,  936   ,  397   ,  521   ,  918   ,  381   ,  486   ,  867   ,  386   ,  490   ,  876   ,  400   ,  506   ,  906   ,  403   ,  512   ,  915   ,  431   ,  560   ,  991   ,  471   ,  624   ,  1 095   ,  427   ,  572   ,  999   ,  432   ,  582   ,  1 014   ,  441   ,  596   ,  1 037   ,  450   ,  598   ,  1 048   ,  453   ,  590   ,  1 043   ,  463   ,  599   ,  1 062   ,  487   ,  628   ,  1 115   ,  506   ,  653   ,  1 159   
,60,  388   ,  513   ,  901   ,  403   ,  537   ,  940   ,  400   ,  523   ,  923   ,  383   ,  489   ,  872   ,  388   ,  492   ,  880   ,  403   ,  509   ,  912   ,  406   ,  515   ,  921   ,  434   ,  562   ,  996   ,  423   ,  560   ,  983   ,  432   ,  577   ,  1 009   ,  436   ,  586   ,  1 022   ,  446   ,  600   ,  1 046   ,  455   ,  603   ,  1 058   ,  458   ,  594   ,  1 052   ,  468   ,  604   ,  1 072   ,  492   ,  633   ,  1 125   
,61,  381   ,  496   ,  877   ,  381   ,  503   ,  884   ,  397   ,  527   ,  924   ,  394   ,  513   ,  907   ,  377   ,  479   ,  856   ,  383   ,  483   ,  866   ,  397   ,  499   ,  896   ,  400   ,  505   ,  905   ,  381   ,  493   ,  874   ,  418   ,  551   ,  969   ,  427   ,  567   ,  994   ,  431   ,  576   ,  1 007   ,  440   ,  590   ,  1 030   ,  450   ,  593   ,  1 043   ,  453   ,  584   ,  1 037   ,  463   ,  593   ,  1 056   
,62,  365   ,  465   ,  830   ,  373   ,  487   ,  860   ,  374   ,  494   ,  868   ,  389   ,  517   ,  906   ,  386   ,  504   ,  890   ,  371   ,  471   ,  842   ,  376   ,  474   ,  850   ,  390   ,  490   ,  880   ,  350   ,  443   ,  793   ,  375   ,  485   ,  860   ,  411   ,  542   ,  953   ,  421   ,  558   ,  979   ,  425   ,  567   ,  992   ,  434   ,  581   ,  1 015   ,  444   ,  583   ,  1 027   ,  447   ,  575   ,  1 022   
,63,  324   ,  386   ,  710   ,  360   ,  448   ,  808   ,  369   ,  469   ,  838   ,  369   ,  476   ,  845   ,  385   ,  498   ,  883   ,  382   ,  486   ,  868   ,  367   ,  453   ,  820   ,  372   ,  456   ,  828   ,  344   ,  422   ,  766   ,  347   ,  428   ,  775   ,  372   ,  468   ,  840   ,  409   ,  523   ,  932   ,  418   ,  539   ,  957   ,  422   ,  548   ,  970   ,  431   ,  561   ,  992   ,  441   ,  564   ,  1 005   
,64,  295   ,  334   ,  629   ,  319   ,  378   ,  697   ,  354   ,  439   ,  793   ,  363   ,  460   ,  823   ,  364   ,  467   ,  831   ,  379   ,  490   ,  869   ,  377   ,  477   ,  854   ,  361   ,  445   ,  806   ,  327   ,  401   ,  728   ,  340   ,  415   ,  755   ,  343   ,  421   ,  764   ,  368   ,  461   ,  829   ,  404   ,  515   ,  919   ,  413   ,  530   ,  943   ,  417   ,  539   ,  956   ,  427   ,  552   ,  979   
,65,  286   ,  313   ,  599   ,  288   ,  322   ,  610   ,  311   ,  365   ,  676   ,  346   ,  424   ,  770   ,  355   ,  444   ,  799   ,  356   ,  451   ,  807   ,  371   ,  472   ,  843   ,  368   ,  460   ,  828   ,  315   ,  384   ,  699   ,  320   ,  388   ,  708   ,  333   ,  401   ,  734   ,  336   ,  407   ,  743   ,  361   ,  445   ,  806   ,  396   ,  498   ,  894   ,  405   ,  513   ,  918   ,  410   ,  521   ,  931   
,66,  265   ,  291   ,  556   ,  276   ,  305   ,  581   ,  278   ,  314   ,  592   ,  301   ,  356   ,  657   ,  334   ,  413   ,  747   ,  343   ,  434   ,  777   ,  344   ,  440   ,  784   ,  359   ,  461   ,  820   ,  317   ,  401   ,  718   ,  305   ,  376   ,  681   ,  310   ,  379   ,  689   ,  323   ,  392   ,  715   ,  326   ,  398   ,  724   ,  350   ,  436   ,  786   ,  384   ,  487   ,  871   ,  394   ,  502   ,  896   
,67,  258   ,  281   ,  539   ,  263   ,  286   ,  549   ,  274   ,  301   ,  575   ,  277   ,  310   ,  587   ,  299   ,  351   ,  650   ,  333   ,  408   ,  741   ,  342   ,  428   ,  770   ,  343   ,  434   ,  777   ,  318   ,  407   ,  725   ,  317   ,  397   ,  714   ,  305   ,  372   ,  677   ,  310   ,  375   ,  685   ,  323   ,  388   ,  711   ,  326   ,  394   ,  720   ,  350   ,  432   ,  782   ,  385   ,  483   ,  868   
,68,  274   ,  316   ,  590   ,  261   ,  290   ,  551   ,  266   ,  296   ,  562   ,  277   ,  311   ,  588   ,  280   ,  320   ,  600   ,  303   ,  363   ,  666   ,  337   ,  422   ,  759   ,  347   ,  442   ,  789   ,  309   ,  401   ,  710   ,  323   ,  421   ,  744   ,  322   ,  411   ,  733   ,  310   ,  385   ,  695   ,  315   ,  388   ,  703   ,  328   ,  402   ,  730   ,  332   ,  408   ,  740   ,  356   ,  448   ,  804   
,69,  280   ,  330   ,  610   ,  272   ,  311   ,  583   ,  259   ,  285   ,  544   ,  264   ,  291   ,  555   ,  275   ,  306   ,  581   ,  278   ,  315   ,  593   ,  302   ,  357   ,  659   ,  336   ,  415   ,  751   ,  307   ,  389   ,  696   ,  309   ,  396   ,  705   ,  323   ,  416   ,  739   ,  321   ,  406   ,  727   ,  309   ,  380   ,  689   ,  315   ,  384   ,  699   ,  328   ,  398   ,  726   ,  332   ,  403   ,  735   
,70,  271   ,  324   ,  595   ,  273   ,  326   ,  599   ,  265   ,  307   ,  572   ,  252   ,  282   ,  534   ,  258   ,  287   ,  545   ,  269   ,  303   ,  572   ,  272   ,  311   ,  583   ,  295   ,  353   ,  648   ,  292   ,  367   ,  659   ,  301   ,  386   ,  687   ,  303   ,  393   ,  696   ,  317   ,  412   ,  729   ,  315   ,  403   ,  718   ,  304   ,  377   ,  681   ,  309   ,  381   ,  690   ,  322   ,  395   ,  717   
,71,  263   ,  313   ,  576   ,  262   ,  313   ,  575   ,  263   ,  315   ,  578   ,  256   ,  298   ,  554   ,  244   ,  273   ,  517   ,  249   ,  279   ,  528   ,  260   ,  293   ,  553   ,  263   ,  302   ,  565   ,  254   ,  306   ,  560   ,  284   ,  357   ,  641   ,  292   ,  375   ,  667   ,  294   ,  382   ,  676   ,  308   ,  401   ,  709   ,  307   ,  392   ,  699   ,  295   ,  367   ,  662   ,  301   ,  371   ,  672   
,72,  248   ,  297   ,  545   ,  251   ,  302   ,  553   ,  250   ,  302   ,  552   ,  252   ,  304   ,  556   ,  245   ,  287   ,  532   ,  234   ,  264   ,  498   ,  239   ,  269   ,  508   ,  249   ,  284   ,  533   ,  225   ,  261   ,  486   ,  244   ,  297   ,  541   ,  273   ,  346   ,  619   ,  281   ,  363   ,  644   ,  283   ,  370   ,  653   ,  296   ,  389   ,  685   ,  295   ,  380   ,  675   ,  284   ,  356   ,  640   
,73,  204   ,  234   ,  438   ,  226   ,  275   ,  501   ,  229   ,  280   ,  509   ,  228   ,  280   ,  508   ,  230   ,  282   ,  512   ,  224   ,  266   ,  490   ,  214   ,  244   ,  458   ,  218   ,  250   ,  468   ,  203   ,  235   ,  438   ,  206   ,  243   ,  449   ,  224   ,  276   ,  500   ,  251   ,  322   ,  573   ,  258   ,  338   ,  596   ,  260   ,  344   ,  604   ,  273   ,  362   ,  635   ,  272   ,  354   ,  626   
,74,  168   ,  186   ,  354   ,  186   ,  218   ,  404   ,  207   ,  256   ,  463   ,  210   ,  261   ,  471   ,  210   ,  261   ,  471   ,  212   ,  263   ,  475   ,  206   ,  248   ,  454   ,  196   ,  228   ,  424   ,  179   ,  208   ,  387   ,  188   ,  220   ,  408   ,  190   ,  227   ,  417   ,  207   ,  258   ,  465   ,  231   ,  301   ,  532   ,  238   ,  316   ,  554   ,  240   ,  322   ,  562   ,  252   ,  339   ,  591   
,75,  153   ,  173   ,  326   ,  157   ,  175   ,  332   ,  174   ,  205   ,  379   ,  193   ,  241   ,  434   ,  196   ,  246   ,  442   ,  196   ,  246   ,  442   ,  198   ,  248   ,  446   ,  193   ,  234   ,  427   ,  163   ,  192   ,  355   ,  168   ,  197   ,  365   ,  176   ,  208   ,  384   ,  178   ,  215   ,  393   ,  194   ,  244   ,  438   ,  217   ,  285   ,  502   ,  224   ,  300   ,  524   ,  226   ,  305   ,  531   
,76,  142   ,  159   ,  301   ,  145   ,  161   ,  306   ,  149   ,  164   ,  313   ,  165   ,  192   ,  357   ,  184   ,  226   ,  410   ,  187   ,  230   ,  417   ,  186   ,  231   ,  417   ,  188   ,  232   ,  420   ,  164   ,  196   ,  360   ,  156   ,  181   ,  337   ,  160   ,  185   ,  345   ,  168   ,  195   ,  363   ,  171   ,  202   ,  373   ,  186   ,  230   ,  416   ,  208   ,  268   ,  476   ,  215   ,  283   ,  498   
,77,  134   ,  153   ,  287   ,  133   ,  150   ,  283   ,  137   ,  153   ,  290   ,  140   ,  156   ,  296   ,  156   ,  183   ,  339   ,  174   ,  215   ,  389   ,  176   ,  219   ,  395   ,  176   ,  220   ,  396   ,  159   ,  198   ,  357   ,  155   ,  188   ,  343   ,  148   ,  173   ,  321   ,  152   ,  177   ,  329   ,  160   ,  187   ,  347   ,  162   ,  193   ,  355   ,  177   ,  220   ,  397   ,  198   ,  257   ,  455   
,78,  132   ,  159   ,  291   ,  127   ,  145   ,  272   ,  126   ,  143   ,  269   ,  130   ,  146   ,  276   ,  133   ,  149   ,  282   ,  148   ,  175   ,  323   ,  165   ,  205   ,  370   ,  168   ,  209   ,  377   ,  149   ,  188   ,  337   ,  151   ,  190   ,  341   ,  148   ,  180   ,  328   ,  141   ,  166   ,  307   ,  145   ,  170   ,  315   ,  152   ,  179   ,  331   ,  155   ,  185   ,  340   ,  169   ,  211   ,  380   
,79,  125   ,  160   ,  285   ,  121   ,  148   ,  269   ,  116   ,  136   ,  252   ,  116   ,  134   ,  250   ,  119   ,  136   ,  255   ,  123   ,  139   ,  262   ,  136   ,  163   ,  299   ,  152   ,  191   ,  343   ,  138   ,  175   ,  313   ,  138   ,  176   ,  314   ,  140   ,  178   ,  318   ,  137   ,  169   ,  306   ,  131   ,  156   ,  287   ,  135   ,  159   ,  294   ,  141   ,  169   ,  310   ,  144   ,  174   ,  318   
,80+,  874   ,  1 259   ,  2 133   ,  844   ,  1 217   ,  2 061   ,  817   ,  1 172   ,  1 989   ,  790   ,  1 123   ,  1 913   ,  769   ,  1 079   ,  1 848   ,  755   ,  1 046   ,  1 801   ,  746   ,  1 019   ,  1 765   ,  751   ,  1 022   ,  1 773   ,  686   ,  941   ,  1 627   ,  706   ,  971   ,  1 677   ,  722   ,  997   ,  1 719   ,  739   ,  1 019   ,  1 758   ,  750   ,  1 031   ,  1 781   ,  754   ,  1 029   ,  1 783   ,  762   ,  1 031   ,  1 793   ,  774   ,  1 043   ,  1 817   
,Total,  96 744   ,  109 635   ,  206 379   ,  99 210   ,  112 297   ,  211 507   ,  101 708   ,  114 996   ,  216 704   ,  104 217   ,  117 716   ,  221 933   ,  106 747   ,  120 441   ,  227 188   ,  109 293   ,  123 189   ,  232 482   ,  111 767   ,  125 849   ,  237 616   ,  114 248   ,  128 523   ,  242 771   ,  103 682   ,  116 647   ,  220 329   ,  106 075   ,  119 247   ,  225 322   ,  108 335   ,  121 684   ,  230 019   ,  110 608   ,  124 132   ,  234 740   ,  112 906   ,  126 604   ,  239 510   ,  115 227   ,  129 096   ,  244 323   ,  117 573   ,  131 618   ,  249 191   ,  119 934   ,  134 148   ,  254 082   
,,,,,,,,,,,,,,,,,,,,,,,,,,,,,,,,,,,,,,,,,,,,,,,,,
,,,,,,,,,,,,,,,,,,,,,,,,,,,,,,,,,,,,,,,,,,,,,,,,,
BASSITENGA,,,,,,,,,,,,,,,,,,,,,,,,,,,,,,,,,,,,,,,,,,,,,,,,,
,,2020,,,2021,,,2022,,,2023,,,2024,,,2025,,,2026,,,2027,,,2028,,,2029,,,2030,,,2031,,,2032,,,2033,,,2034,,,2035,,
, Ages,Ensemble,,,Ensemble,,,Ensemble,,,Ensemble,,,Ensemble,,,Ensemble,,,Ensemble,,,Ensemble,,,Ensemble,,,Ensemble,,,Ensemble,,,Ensemble,,,Ensemble,,,Ensemble,,,Ensemble,,,Ensemble,,
,,Homme ,Femme,Ensemble,Homme ,Femme,Ensemble,Homme ,Femme,Ensemble,Homme ,Femme,Ensemble,Homme ,Femme,Ensemble,Homme ,Femme,Ensemble,Homme ,Femme,Ensemble,Homme ,Femme,Ensemble,Homme ,Femme,Ensemble,Homme ,Femme,Ensemble,Homme ,Femme,Ensemble,Homme ,Femme,Ensemble,Homme ,Femme,Ensemble,Homme ,Femme,Ensemble,Homme ,Femme,Ensemble,Homme ,Femme,Ensemble
,0,  7 797   ,  7 328   ,  15 125   ,  7 811   ,  7 333   ,  15 144   ,  7 849   ,  7 366   ,  15 215   ,  7 877   ,  7 389   ,  15 266   ,  7 898   ,  7 405   ,  15 303   ,  7 918   ,  7 418   ,  15 336   ,  7 933   ,  7 425   ,  15 358   ,  7 949   ,  7 432   ,  15 381   ,  6 773   ,  6 327   ,  13 100   ,  6 793   ,  6 338   ,  13 131   ,  6 801   ,  6 337   ,  13 138   ,  6 881   ,  6 403   ,  13 284   ,  6 964   ,  6 474   ,  13 438   ,  7 049   ,  6 544   ,  13 593   ,  7 131   ,  6 613   ,  13 744   ,  7 207   ,  6 675   ,  13 882   
,1,  7 626   ,  7 224   ,  14 850   ,  7 573   ,  7 151   ,  14 724   ,  7 594   ,  7 162   ,  14 756   ,  7 638   ,  7 199   ,  14 837   ,  7 673   ,  7 226   ,  14 899   ,  7 701   ,  7 246   ,  14 947   ,  7 721   ,  7 257   ,  14 978   ,  7 743   ,  7 269   ,  15 012   ,  6 607   ,  6 195   ,  12 802   ,  6 636   ,  6 214   ,  12 850   ,  6 652   ,  6 220   ,  12 872   ,  6 663   ,  6 222   ,  12 885   ,  6 745   ,  6 291   ,  13 036   ,  6 831   ,  6 364   ,  13 195   ,  6 918   ,  6 437   ,  13 355   ,  7 002   ,  6 508   ,  13 510   
,2,  7 382   ,  7 060   ,  14 442   ,  7 500   ,  7 136   ,  14 636   ,  7 452   ,  7 067   ,  14 519   ,  7 476   ,  7 080   ,  14 556   ,  7 524   ,  7 120   ,  14 644   ,  7 563   ,  7 150   ,  14 713   ,  7 588   ,  7 166   ,  14 754   ,  7 613   ,  7 180   ,  14 793   ,  6 499   ,  6 122   ,  12 621   ,  6 533   ,  6 146   ,  12 679   ,  6 555   ,  6 158   ,  12 713   ,  6 573   ,  6 166   ,  12 739   ,  6 586   ,  6 170   ,  12 756   ,  6 669   ,  6 241   ,  12 910   ,  6 755   ,  6 315   ,  13 070   ,  6 843   ,  6 390   ,  13 233   
,3,  7 079   ,  6 839   ,  13 918   ,  7 244   ,  6 952   ,  14 196   ,  7 363   ,  7 028   ,  14 391   ,  7 318   ,  6 963   ,  14 281   ,  7 345   ,  6 978   ,  14 323   ,  7 396   ,  7 018   ,  14 414   ,  7 430   ,  7 043   ,  14 473   ,  7 459   ,  7 061   ,  14 520   ,  6 370   ,  6 023   ,  12 393   ,  6 405   ,  6 048   ,  12 453   ,  6 432   ,  6 064   ,  12 496   ,  6 455   ,  6 077   ,  12 532   ,  6 473   ,  6 086   ,  12 559   ,  6 487   ,  6 092   ,  12 579   ,  6 570   ,  6 163   ,  12 733   ,  6 656   ,  6 237   ,  12 893   
,4,  6 788   ,  6 617   ,  13 405   ,  6 963   ,  6 743   ,  13 706   ,  7 128   ,  6 857   ,  13 985   ,  7 248   ,  6 933   ,  14 181   ,  7 207   ,  6 870   ,  14 077   ,  7 237   ,  6 886   ,  14 123   ,  7 283   ,  6 922   ,  14 205   ,  7 321   ,  6 948   ,  14 269   ,  6 257   ,  5 932   ,  12 189   ,  6 293   ,  5 957   ,  12 250   ,  6 320   ,  5 975   ,  12 295   ,  6 347   ,  5 991   ,  12 338   ,  6 371   ,  6 005   ,  12 376   ,  6 390   ,  6 015   ,  12 405   ,  6 404   ,  6 022   ,  12 426   ,  6 487   ,  6 093   ,  12 580   
,5,  6 449   ,  6 341   ,  12 790   ,  6 686   ,  6 541   ,  13 227   ,  6 861   ,  6 667   ,  13 528   ,  7 027   ,  6 781   ,  13 808   ,  7 147   ,  6 858   ,  14 005   ,  7 109   ,  6 797   ,  13 906   ,  7 136   ,  6 808   ,  13 944   ,  7 184   ,  6 845   ,  14 029   ,  6 149   ,  5 853   ,  12 002   ,  6 188   ,  5 881   ,  12 069   ,  6 216   ,  5 898   ,  12 114   ,  6 244   ,  5 916   ,  12 160   ,  6 271   ,  5 933   ,  12 204   ,  6 295   ,  5 948   ,  12 243   ,  6 315   ,  5 959   ,  12 274   ,  6 330   ,  5 966   ,  12 296   
,6,  6 158   ,  6 087   ,  12 245   ,  6 382   ,  6 295   ,  12 677   ,  6 619   ,  6 495   ,  13 114   ,  6 794   ,  6 622   ,  13 416   ,  6 961   ,  6 737   ,  13 698   ,  7 083   ,  6 814   ,  13 897   ,  7 042   ,  6 749   ,  13 791   ,  7 070   ,  6 761   ,  13 831   ,  6 062   ,  5 791   ,  11 853   ,  6 108   ,  5 825   ,  11 933   ,  6 139   ,  5 846   ,  11 985   ,  6 167   ,  5 864   ,  12 031   ,  6 196   ,  5 883   ,  12 079   ,  6 223   ,  5 901   ,  12 124   ,  6 248   ,  5 916   ,  12 164   ,  6 268   ,  5 927   ,  12 195   
,7,  5 951   ,  5 897   ,  11 848   ,  6 097   ,  6 051   ,  12 148   ,  6 321   ,  6 259   ,  12 580   ,  6 558   ,  6 459   ,  13 017   ,  6 734   ,  6 586   ,  13 320   ,  6 902   ,  6 701   ,  13 603   ,  7 019   ,  6 773   ,  13 792   ,  6 981   ,  6 709   ,  13 690   ,  5 969   ,  5 726   ,  11 695   ,  6 024   ,  5 770   ,  11 794   ,  6 062   ,  5 797   ,  11 859   ,  6 093   ,  5 818   ,  11 911   ,  6 122   ,  5 837   ,  11 959   ,  6 150   ,  5 856   ,  12 006   ,  6 179   ,  5 874   ,  12 053   ,  6 203   ,  5 890   ,  12 093   
,8,  5 760   ,  5 710   ,  11 470   ,  5 864   ,  5 841   ,  11 705   ,  6 009   ,  5 993   ,  12 002   ,  6 233   ,  6 201   ,  12 434   ,  6 468   ,  6 400   ,  12 868   ,  6 644   ,  6 526   ,  13 170   ,  6 805   ,  6 635   ,  13 440   ,  6 923   ,  6 708   ,  13 631   ,  5 865   ,  5 661   ,  11 526   ,  5 903   ,  5 684   ,  11 587   ,  5 950   ,  5 720   ,  11 670   ,  5 987   ,  5 747   ,  11 734   ,  6 018   ,  5 769   ,  11 787   ,  6 047   ,  5 788   ,  11 835   ,  6 076   ,  5 807   ,  11 883   ,  6 104   ,  5 825   ,  11 929   
,9,  5 555   ,  5 508   ,  11 063   ,  5 719   ,  5 704   ,  11 423   ,  5 825   ,  5 835   ,  11 660   ,  5 970   ,  5 989   ,  11 959   ,  6 194   ,  6 197   ,  12 391   ,  6 430   ,  6 397   ,  12 827   ,  6 601   ,  6 519   ,  13 120   ,  6 763   ,  6 629   ,  13 392   ,  5 861   ,  5 709   ,  11 570   ,  5 842   ,  5 667   ,  11 509   ,  5 872   ,  5 682   ,  11 554   ,  5 919   ,  5 718   ,  11 637   ,  5 957   ,  5 746   ,  11 703   ,  5 988   ,  5 768   ,  11 756   ,  6 017   ,  5 788   ,  11 805   ,  6 046   ,  5 807   ,  11 853   
,10,  5 241   ,  5 244   ,  10 485   ,  5 453   ,  5 482   ,  10 935   ,  5 616   ,  5 679   ,  11 295   ,  5 722   ,  5 810   ,  11 532   ,  5 866   ,  5 964   ,  11 830   ,  6 088   ,  6 172   ,  12 260   ,  6 316   ,  6 366   ,  12 682   ,  6 486   ,  6 488   ,  12 974   ,  5 663   ,  5 621   ,  11 284   ,  5 775   ,  5 695   ,  11 470   ,  5 749   ,  5 646   ,  11 395   ,  5 778   ,  5 661   ,  11 439   ,  5 824   ,  5 698   ,  11 522   ,  5 862   ,  5 726   ,  11 588   ,  5 893   ,  5 748   ,  11 641   ,  5 922   ,  5 768   ,  11 690   
,11,  5 035   ,  5 052   ,  10 087   ,  5 183   ,  5 213   ,  10 396   ,  5 395   ,  5 452   ,  10 847   ,  5 558   ,  5 647   ,  11 205   ,  5 664   ,  5 778   ,  11 442   ,  5 808   ,  5 932   ,  11 740   ,  6 024   ,  6 134   ,  12 158   ,  6 252   ,  6 328   ,  12 580   ,  5 473   ,  5 496   ,  10 969   ,  5 620   ,  5 600   ,  11 220   ,  5 724   ,  5 666   ,  11 390   ,  5 698   ,  5 618   ,  11 316   ,  5 728   ,  5 634   ,  11 362   ,  5 774   ,  5 670   ,  11 444   ,  5 811   ,  5 699   ,  11 510   ,  5 842   ,  5 721   ,  11 563   
,12,  4 858   ,  4 881   ,  9 739   ,  5 031   ,  5 046   ,  10 077   ,  5 181   ,  5 208   ,  10 389   ,  5 394   ,  5 446   ,  10 840   ,  5 558   ,  5 642   ,  11 200   ,  5 666   ,  5 774   ,  11 440   ,  5 807   ,  5 923   ,  11 730   ,  6 025   ,  6 125   ,  12 150   ,  5 330   ,  5 385   ,  10 715   ,  5 487   ,  5 500   ,  10 987   ,  5 627   ,  5 597   ,  11 224   ,  5 731   ,  5 663   ,  11 394   ,  5 705   ,  5 615   ,  11 320   ,  5 735   ,  5 631   ,  11 366   ,  5 781   ,  5 668   ,  11 449   ,  5 819   ,  5 696   ,  11 515   
,13,  4 632   ,  4 695   ,  9 327   ,  4 874   ,  4 914   ,  9 788   ,  5 049   ,  5 081   ,  10 130   ,  5 200   ,  5 245   ,  10 445   ,  5 416   ,  5 485   ,  10 901   ,  5 582   ,  5 683   ,  11 265   ,  5 687   ,  5 811   ,  11 498   ,  5 831   ,  5 962   ,  11 793   ,  5 159   ,  5 256   ,  10 415   ,  5 366   ,  5 432   ,  10 798   ,  5 516   ,  5 541   ,  11 057   ,  5 657   ,  5 638   ,  11 295   ,  5 762   ,  5 705   ,  11 467   ,  5 737   ,  5 657   ,  11 394   ,  5 767   ,  5 674   ,  11 441   ,  5 814   ,  5 711   ,  11 525   
,14,  4 381   ,  4 467   ,  8 848   ,  4 575   ,  4 616   ,  9 191   ,  4 815   ,  4 832   ,  9 647   ,  4 990   ,  4 996   ,  9 986   ,  5 141   ,  5 157   ,  10 298   ,  5 355   ,  5 394   ,  10 749   ,  5 517   ,  5 584   ,  11 101   ,  5 622   ,  5 711   ,  11 333   ,  4 915   ,  4 995   ,  9 910   ,  5 111   ,  5 176   ,  10 287   ,  5 310   ,  5 343   ,  10 653   ,  5 458   ,  5 450   ,  10 908   ,  5 598   ,  5 546   ,  11 144   ,  5 701   ,  5 612   ,  11 313   ,  5 677   ,  5 565   ,  11 242   ,  5 707   ,  5 581   ,  11 288   
,15,  4 247   ,  4 446   ,  8 693   ,  4 472   ,  4 578   ,  9 050   ,  4 672   ,  4 732   ,  9 404   ,  4 918   ,  4 953   ,  9 871   ,  5 098   ,  5 122   ,  10 220   ,  5 254   ,  5 288   ,  10 542   ,  5 471   ,  5 526   ,  10 997   ,  5 637   ,  5 721   ,  11 358   ,  4 901   ,  4 992   ,  9 893   ,  5 037   ,  5 131   ,  10 168   ,  5 231   ,  5 310   ,  10 541   ,  5 434   ,  5 482   ,  10 916   ,  5 587   ,  5 591   ,  11 178   ,  5 731   ,  5 690   ,  11 421   ,  5 837   ,  5 758   ,  11 595   ,  5 812   ,  5 709   ,  11 521   
,16,  3 846   ,  4 049   ,  7 895   ,  4 119   ,  4 194   ,  8 313   ,  4 338   ,  4 318   ,  8 656   ,  4 534   ,  4 463   ,  8 997   ,  4 774   ,  4 672   ,  9 446   ,  4 950   ,  4 832   ,  9 782   ,  5 099   ,  4 984   ,  10 083   ,  5 310   ,  5 209   ,  10 519   ,  4 669   ,  4 601   ,  9 270   ,  4 769   ,  4 714   ,  9 483   ,  4 895   ,  4 839   ,  9 734   ,  5 083   ,  5 008   ,  10 091   ,  5 282   ,  5 170   ,  10 452   ,  5 430   ,  5 274   ,  10 704   ,  5 570   ,  5 367   ,  10 937   ,  5 674   ,  5 430   ,  11 104   
,17,  3 523   ,  3 912   ,  7 435   ,  3 695   ,  3 940   ,  7 635   ,  3 959   ,  4 081   ,  8 040   ,  4 171   ,  4 203   ,  8 374   ,  4 360   ,  4 344   ,  8 704   ,  4 593   ,  4 548   ,  9 141   ,  4 760   ,  4 700   ,  9 460   ,  4 905   ,  4 849   ,  9 754   ,  4 358   ,  4 324   ,  8 682   ,  4 501   ,  4 485   ,  8 986   ,  4 591   ,  4 590   ,  9 181   ,  4 712   ,  4 712   ,  9 424   ,  4 895   ,  4 876   ,  9 771   ,  5 086   ,  5 034   ,  10 120   ,  5 229   ,  5 135   ,  10 364   ,  5 365   ,  5 225   ,  10 590   
,18,  3 218   ,  3 820   ,  7 038   ,  3 312   ,  3 736   ,  7 048   ,  3 475   ,  3 763   ,  7 238   ,  3 724   ,  3 898   ,  7 622   ,  3 925   ,  4 015   ,  7 940   ,  4 105   ,  4 150   ,  8 255   ,  4 322   ,  4 342   ,  8 664   ,  4 480   ,  4 487   ,  8 967   ,  3 937   ,  3 950   ,  7 887   ,  4 109   ,  4 136   ,  8 245   ,  4 239   ,  4 285   ,  8 524   ,  4 324   ,  4 385   ,  8 709   ,  4 439   ,  4 502   ,  8 941   ,  4 611   ,  4 660   ,  9 271   ,  4 791   ,  4 810   ,  9 601   ,  4 927   ,  4 906   ,  9 833   
,19,  3 003   ,  3 758   ,  6 761   ,  3 114   ,  3 745   ,  6 859   ,  3 206   ,  3 662   ,  6 868   ,  3 365   ,  3 689   ,  7 054   ,  3 608   ,  3 822   ,  7 430   ,  3 804   ,  3 937   ,  7 741   ,  3 976   ,  4 067   ,  8 043   ,  4 188   ,  4 255   ,  8 443   ,  3 703   ,  3 753   ,  7 456   ,  3 824   ,  3 879   ,  7 703   ,  3 987   ,  4 057   ,  8 044   ,  4 113   ,  4 203   ,  8 316   ,  4 196   ,  4 302   ,  8 498   ,  4 308   ,  4 417   ,  8 725   ,  4 476   ,  4 571   ,  9 047   ,  4 651   ,  4 719   ,  9 370   
,20,  2 741   ,  3 525   ,  6 266   ,  2 870   ,  3 626   ,  6 496   ,  2 978   ,  3 614   ,  6 592   ,  3 066   ,  3 535   ,  6 601   ,  3 221   ,  3 561   ,  6 782   ,  3 455   ,  3 690   ,  7 145   ,  3 641   ,  3 798   ,  7 439   ,  3 807   ,  3 924   ,  7 731   ,  3 421   ,  3 504   ,  6 925   ,  3 555   ,  3 628   ,  7 183   ,  3 667   ,  3 746   ,  7 413   ,  3 824   ,  3 918   ,  7 742   ,  3 946   ,  4 060   ,  8 006   ,  4 026   ,  4 155   ,  8 181   ,  4 133   ,  4 266   ,  8 399   ,  4 295   ,  4 415   ,  8 710   
,21,  2 561   ,  3 359   ,  5 920   ,  2 662   ,  3 474   ,  6 136   ,  2 790   ,  3 575   ,  6 365   ,  2 895   ,  3 563   ,  6 458   ,  2 982   ,  3 486   ,  6 468   ,  3 134   ,  3 512   ,  6 646   ,  3 361   ,  3 636   ,  6 997   ,  3 544   ,  3 743   ,  7 287   ,  3 162   ,  3 301   ,  6 463   ,  3 339   ,  3 460   ,  6 799   ,  3 466   ,  3 579   ,  7 045   ,  3 575   ,  3 695   ,  7 270   ,  3 729   ,  3 866   ,  7 595   ,  3 848   ,  4 006   ,  7 854   ,  3 927   ,  4 100   ,  8 027   ,  4 032   ,  4 210   ,  8 242   
,22,  2 342   ,  3 075   ,  5 417   ,  2 457   ,  3 260   ,  5 717   ,  2 556   ,  3 372   ,  5 928   ,  2 679   ,  3 470   ,  6 149   ,  2 782   ,  3 459   ,  6 241   ,  2 867   ,  3 384   ,  6 251   ,  3 012   ,  3 407   ,  6 419   ,  3 232   ,  3 528   ,  6 760   ,  2 908   ,  3 100   ,  6 008   ,  3 048   ,  3 208   ,  6 256   ,  3 216   ,  3 360   ,  6 576   ,  3 339   ,  3 475   ,  6 814   ,  3 445   ,  3 588   ,  7 033   ,  3 594   ,  3 755   ,  7 349   ,  3 710   ,  3 891   ,  7 601   ,  3 786   ,  3 982   ,  7 768   
,23,  2 194   ,  2 908   ,  5 102   ,  2 312   ,  3 100   ,  5 412   ,  2 427   ,  3 287   ,  5 714   ,  2 525   ,  3 400   ,  5 925   ,  2 649   ,  3 500   ,  6 149   ,  2 752   ,  3 489   ,  6 241   ,  2 835   ,  3 411   ,  6 246   ,  2 980   ,  3 434   ,  6 414   ,  2 731   ,  3 038   ,  5 769   ,  2 887   ,  3 133   ,  6 020   ,  3 024   ,  3 240   ,  6 264   ,  3 191   ,  3 393   ,  6 584   ,  3 313   ,  3 510   ,  6 823   ,  3 420   ,  3 625   ,  7 045   ,  3 568   ,  3 793   ,  7 361   ,  3 684   ,  3 930   ,  7 614   
,24,  2 037   ,  2 711   ,  4 748   ,  2 103   ,  2 811   ,  4 914   ,  2 218   ,  2 998   ,  5 216   ,  2 330   ,  3 180   ,  5 510   ,  2 426   ,  3 290   ,  5 716   ,  2 546   ,  3 387   ,  5 933   ,  2 645   ,  3 374   ,  6 019   ,  2 726   ,  3 299   ,  6 025   ,  2 446   ,  2 837   ,  5 283   ,  2 633   ,  2 943   ,  5 576   ,  2 781   ,  3 033   ,  5 814   ,  2 913   ,  3 136   ,  6 049   ,  3 075   ,  3 285   ,  6 360   ,  3 194   ,  3 399   ,  6 593   ,  3 297   ,  3 510   ,  6 807   ,  3 442   ,  3 672   ,  7 114   
,25,  1 958   ,  2 649   ,  4 607   ,  1 982   ,  2 697   ,  4 679   ,  2 047   ,  2 798   ,  4 845   ,  2 160   ,  2 984   ,  5 144   ,  2 271   ,  3 166   ,  5 437   ,  2 366   ,  3 276   ,  5 642   ,  2 483   ,  3 370   ,  5 853   ,  2 580   ,  3 358   ,  5 938   ,  2 270   ,  2 804   ,  5 074   ,  2 392   ,  2 829   ,  5 221   ,  2 573   ,  2 932   ,  5 505   ,  2 719   ,  3 021   ,  5 740   ,  2 849   ,  3 125   ,  5 974   ,  3 009   ,  3 273   ,  6 282   ,  3 126   ,  3 387   ,  6 513   ,  3 227   ,  3 497   ,  6 724   
,26,  1 889   ,  2 613   ,  4 502   ,  1 904   ,  2 647   ,  4 551   ,  1 927   ,  2 696   ,  4 623   ,  1 992   ,  2 798   ,  4 790   ,  2 104   ,  2 985   ,  5 089   ,  2 213   ,  3 167   ,  5 380   ,  2 305   ,  3 276   ,  5 581   ,  2 421   ,  3 370   ,  5 791   ,  2 147   ,  2 868   ,  5 015   ,  2 219   ,  2 809   ,  5 028   ,  2 337   ,  2 831   ,  5 168   ,  2 514   ,  2 935   ,  5 449   ,  2 658   ,  3 025   ,  5 683   ,  2 786   ,  3 129   ,  5 915   ,  2 943   ,  3 278   ,  6 221   ,  3 058   ,  3 392   ,  6 450   
,27,  1 835   ,  2 596   ,  4 431   ,  1 829   ,  2 598   ,  4 427   ,  1 844   ,  2 633   ,  4 477   ,  1 867   ,  2 683   ,  4 550   ,  1 931   ,  2 784   ,  4 715   ,  2 041   ,  2 971   ,  5 012   ,  2 147   ,  3 150   ,  5 297   ,  2 238   ,  3 259   ,  5 497   ,  2 006   ,  2 865   ,  4 871   ,  2 090   ,  2 860   ,  4 950   ,  2 158   ,  2 798   ,  4 956   ,  2 274   ,  2 821   ,  5 095   ,  2 447   ,  2 925   ,  5 372   ,  2 588   ,  3 014   ,  5 602   ,  2 714   ,  3 118   ,  5 832   ,  2 867   ,  3 267   ,  6 134   
,28,  1 861   ,  2 706   ,  4 567   ,  1 796   ,  2 635   ,  4 431   ,  1 792   ,  2 638   ,  4 430   ,  1 806   ,  2 674   ,  4 480   ,  1 831   ,  2 725   ,  4 556   ,  1 894   ,  2 829   ,  4 723   ,  2 002   ,  3 017   ,  5 019   ,  2 108   ,  3 200   ,  5 308   ,  1 875   ,  2 828   ,  4 703   ,  1 974   ,  2 915   ,  4 889   ,  2 056   ,  2 908   ,  4 964   ,  2 123   ,  2 846   ,  4 969   ,  2 238   ,  2 869   ,  5 107   ,  2 410   ,  2 975   ,  5 385   ,  2 549   ,  3 067   ,  5 616   ,  2 674   ,  3 172   ,  5 846   
,29,  1 866   ,  2 728   ,  4 594   ,  1 835   ,  2 724   ,  4 559   ,  1 771   ,  2 653   ,  4 424   ,  1 767   ,  2 657   ,  4 424   ,  1 782   ,  2 694   ,  4 476   ,  1 807   ,  2 746   ,  4 553   ,  1 870   ,  2 848   ,  4 718   ,  1 978   ,  3 039   ,  5 017   ,  1 778   ,  2 754   ,  4 532   ,  1 857   ,  2 855   ,  4 712   ,  1 955   ,  2 940   ,  4 895   ,  2 036   ,  2 933   ,  4 969   ,  2 103   ,  2 871   ,  4 974   ,  2 218   ,  2 894   ,  5 112   ,  2 389   ,  3 002   ,  5 391   ,  2 528   ,  3 095   ,  5 623   
,30,  1 802   ,  2 621   ,  4 423   ,  1 817   ,  2 703   ,  4 520   ,  1 787   ,  2 700   ,  4 487   ,  1 725   ,  2 630   ,  4 355   ,  1 722   ,  2 634   ,  4 356   ,  1 738   ,  2 671   ,  4 409   ,  1 761   ,  2 721   ,  4 482   ,  1 824   ,  2 823   ,  4 647   ,  1 648   ,  2 574   ,  4 222   ,  1 739   ,  2 736   ,  4 475   ,  1 817   ,  2 834   ,  4 651   ,  1 913   ,  2 919   ,  4 832   ,  1 992   ,  2 912   ,  4 904   ,  2 059   ,  2 851   ,  4 910   ,  2 171   ,  2 874   ,  5 045   ,  2 341   ,  2 981   ,  5 322   
,31,  1 762   ,  2 522   ,  4 284   ,  1 768   ,  2 602   ,  4 370   ,  1 784   ,  2 683   ,  4 467   ,  1 755   ,  2 681   ,  4 436   ,  1 694   ,  2 612   ,  4 306   ,  1 692   ,  2 617   ,  4 309   ,  1 707   ,  2 652   ,  4 359   ,  1 731   ,  2 701   ,  4 432   ,  1 531   ,  2 396   ,  3 927   ,  1 625   ,  2 562   ,  4 187   ,  1 714   ,  2 720   ,  4 434   ,  1 790   ,  2 818   ,  4 608   ,  1 885   ,  2 903   ,  4 788   ,  1 965   ,  2 897   ,  4 862   ,  2 031   ,  2 836   ,  4 867   ,  2 143   ,  2 859   ,  5 002   
,32,  1 725   ,  2 430   ,  4 155   ,  1 756   ,  2 547   ,  4 303   ,  1 763   ,  2 628   ,  4 391   ,  1 779   ,  2 711   ,  4 490   ,  1 751   ,  2 710   ,  4 461   ,  1 691   ,  2 640   ,  4 331   ,  1 688   ,  2 643   ,  4 331   ,  1 704   ,  2 679   ,  4 383   ,  1 477   ,  2 334   ,  3 811   ,  1 533   ,  2 427   ,  3 960   ,  1 625   ,  2 592   ,  4 217   ,  1 715   ,  2 753   ,  4 468   ,  1 792   ,  2 852   ,  4 644   ,  1 888   ,  2 939   ,  4 827   ,  1 969   ,  2 933   ,  4 902   ,  2 035   ,  2 871   ,  4 906   
,33,  1 614   ,  2 270   ,  3 884   ,  1 698   ,  2 469   ,  4 167   ,  1 730   ,  2 589   ,  4 319   ,  1 737   ,  2 673   ,  4 410   ,  1 754   ,  2 757   ,  4 511   ,  1 726   ,  2 756   ,  4 482   ,  1 666   ,  2 684   ,  4 350   ,  1 664   ,  2 687   ,  4 351   ,  1 437   ,  2 331   ,  3 768   ,  1 460   ,  2 380   ,  3 840   ,  1 515   ,  2 472   ,  3 987   ,  1 607   ,  2 641   ,  4 248   ,  1 696   ,  2 806   ,  4 502   ,  1 773   ,  2 907   ,  4 680   ,  1 869   ,  2 996   ,  4 865   ,  1 949   ,  2 989   ,  4 938   
,34,  1 542   ,  2 142   ,  3 684   ,  1 590   ,  2 270   ,  3 860   ,  1 675   ,  2 471   ,  4 146   ,  1 707   ,  2 592   ,  4 299   ,  1 714   ,  2 676   ,  4 390   ,  1 732   ,  2 761   ,  4 493   ,  1 704   ,  2 758   ,  4 462   ,  1 646   ,  2 686   ,  4 332   ,  1 405   ,  2 302   ,  3 707   ,  1 422   ,  2 338   ,  3 760   ,  1 444   ,  2 384   ,  3 828   ,  1 498   ,  2 477   ,  3 975   ,  1 590   ,  2 647   ,  4 237   ,  1 679   ,  2 812   ,  4 491   ,  1 756   ,  2 914   ,  4 670   ,  1 851   ,  3 003   ,  4 854   
,35,  1 514   ,  2 119   ,  3 633   ,  1 533   ,  2 169   ,  3 702   ,  1 582   ,  2 299   ,  3 881   ,  1 667   ,  2 503   ,  4 170   ,  1 700   ,  2 626   ,  4 326   ,  1 708   ,  2 712   ,  4 420   ,  1 725   ,  2 797   ,  4 522   ,  1 699   ,  2 794   ,  4 493   ,  1 402   ,  2 329   ,  3 731   ,  1 403   ,  2 336   ,  3 739   ,  1 419   ,  2 371   ,  3 790   ,  1 441   ,  2 418   ,  3 859   ,  1 496   ,  2 513   ,  4 009   ,  1 588   ,  2 686   ,  4 274   ,  1 678   ,  2 854   ,  4 532   ,  1 755   ,  2 957   ,  4 712   
,36,  1 464   ,  2 050   ,  3 514   ,  1 508   ,  2 127   ,  3 635   ,  1 527   ,  2 177   ,  3 704   ,  1 577   ,  2 309   ,  3 886   ,  1 663   ,  2 515   ,  4 178   ,  1 697   ,  2 638   ,  4 335   ,  1 704   ,  2 723   ,  4 427   ,  1 722   ,  2 809   ,  4 531   ,  1 450   ,  2 401   ,  3 851   ,  1 403   ,  2 343   ,  3 746   ,  1 402   ,  2 349   ,  3 751   ,  1 418   ,  2 384   ,  3 802   ,  1 441   ,  2 432   ,  3 873   ,  1 496   ,  2 528   ,  4 024   ,  1 588   ,  2 701   ,  4 289   ,  1 679   ,  2 871   ,  4 550   
,37,  1 435   ,  2 031   ,  3 466   ,  1 442   ,  2 049   ,  3 491   ,  1 486   ,  2 127   ,  3 613   ,  1 506   ,  2 178   ,  3 684   ,  1 556   ,  2 311   ,  3 867   ,  1 642   ,  2 517   ,  4 159   ,  1 675   ,  2 639   ,  4 314   ,  1 684   ,  2 724   ,  4 408   ,  1 455   ,  2 404   ,  3 859   ,  1 435   ,  2 407   ,  3 842   ,  1 387   ,  2 347   ,  3 734   ,  1 386   ,  2 353   ,  3 739   ,  1 402   ,  2 388   ,  3 790   ,  1 425   ,  2 437   ,  3 862   ,  1 480   ,  2 533   ,  4 013   ,  1 572   ,  2 708   ,  4 280   
,38,  1 441   ,  2 028   ,  3 469   ,  1 426   ,  2 019   ,  3 445   ,  1 434   ,  2 039   ,  3 473   ,  1 479   ,  2 117   ,  3 596   ,  1 499   ,  2 168   ,  3 667   ,  1 550   ,  2 301   ,  3 851   ,  1 636   ,  2 505   ,  4 141   ,  1 670   ,  2 627   ,  4 297   ,  1 434   ,  2 318   ,  3 752   ,  1 452   ,  2 397   ,  3 849   ,  1 431   ,  2 397   ,  3 828   ,  1 383   ,  2 338   ,  3 721   ,  1 383   ,  2 344   ,  3 727   ,  1 399   ,  2 380   ,  3 779   ,  1 423   ,  2 428   ,  3 851   ,  1 478   ,  2 525   ,  4 003   
,39,  1 416   ,  1 985   ,  3 401   ,  1 437   ,  2 033   ,  3 470   ,  1 423   ,  2 025   ,  3 448   ,  1 432   ,  2 045   ,  3 477   ,  1 477   ,  2 124   ,  3 601   ,  1 499   ,  2 176   ,  3 675   ,  1 549   ,  2 308   ,  3 857   ,  1 636   ,  2 513   ,  4 149   ,  1 427   ,  2 253   ,  3 680   ,  1 437   ,  2 331   ,  3 768   ,  1 455   ,  2 408   ,  3 863   ,  1 434   ,  2 408   ,  3 842   ,  1 385   ,  2 349   ,  3 734   ,  1 386   ,  2 355   ,  3 741   ,  1 402   ,  2 392   ,  3 794   ,  1 426   ,  2 441   ,  3 867   
,40,  1 352   ,  1 892   ,  3 244   ,  1 399   ,  1 980   ,  3 379   ,  1 421   ,  2 029   ,  3 450   ,  1 407   ,  2 022   ,  3 429   ,  1 417   ,  2 042   ,  3 459   ,  1 463   ,  2 121   ,  3 584   ,  1 483   ,  2 171   ,  3 654   ,  1 534   ,  2 303   ,  3 837   ,  1 385   ,  2 143   ,  3 528   ,  1 417   ,  2 253   ,  3 670   ,  1 426   ,  2 329   ,  3 755   ,  1 444   ,  2 406   ,  3 850   ,  1 423   ,  2 407   ,  3 830   ,  1 375   ,  2 348   ,  3 723   ,  1 376   ,  2 355   ,  3 731   ,  1 392   ,  2 391   ,  3 783   
,41,  1 312   ,  1 830   ,  3 142   ,  1 345   ,  1 905   ,  3 250   ,  1 393   ,  1 995   ,  3 388   ,  1 416   ,  2 043   ,  3 459   ,  1 403   ,  2 037   ,  3 440   ,  1 413   ,  2 058   ,  3 471   ,  1 458   ,  2 136   ,  3 594   ,  1 480   ,  2 187   ,  3 667   ,  1 308   ,  1 983   ,  3 291   ,  1 385   ,  2 164   ,  3 549   ,  1 416   ,  2 273   ,  3 689   ,  1 425   ,  2 350   ,  3 775   ,  1 443   ,  2 428   ,  3 871   ,  1 423   ,  2 429   ,  3 852   ,  1 375   ,  2 370   ,  3 745   ,  1 376   ,  2 377   ,  3 753   
,42,  1 260   ,  1 735   ,  2 995   ,  1 318   ,  1 846   ,  3 164   ,  1 353   ,  1 922   ,  3 275   ,  1 403   ,  2 013   ,  3 416   ,  1 425   ,  2 063   ,  3 488   ,  1 413   ,  2 056   ,  3 469   ,  1 423   ,  2 076   ,  3 499   ,  1 470   ,  2 155   ,  3 625   ,  1 275   ,  1 886   ,  3 161   ,  1 321   ,  2 006   ,  3 327   ,  1 398   ,  2 187   ,  3 585   ,  1 430   ,  2 297   ,  3 727   ,  1 440   ,  2 375   ,  3 815   ,  1 458   ,  2 454   ,  3 912   ,  1 438   ,  2 456   ,  3 894   ,  1 389   ,  2 396   ,  3 785   
,43,  1 130   ,  1 538   ,  2 668   ,  1 230   ,  1 715   ,  2 945   ,  1 288   ,  1 825   ,  3 113   ,  1 323   ,  1 900   ,  3 223   ,  1 372   ,  1 991   ,  3 363   ,  1 395   ,  2 040   ,  3 435   ,  1 382   ,  2 033   ,  3 415   ,  1 392   ,  2 052   ,  3 444   ,  1 230   ,  1 823   ,  3 053   ,  1 251   ,  1 871   ,  3 122   ,  1 296   ,  1 987   ,  3 283   ,  1 372   ,  2 167   ,  3 539   ,  1 403   ,  2 277   ,  3 680   ,  1 413   ,  2 354   ,  3 767   ,  1 432   ,  2 432   ,  3 864   ,  1 412   ,  2 434   ,  3 846   
,44,  1 059   ,  1 412   ,  2 471   ,  1 129   ,  1 533   ,  2 662   ,  1 229   ,  1 710   ,  2 939   ,  1 288   ,  1 820   ,  3 108   ,  1 324   ,  1 896   ,  3 220   ,  1 373   ,  1 987   ,  3 360   ,  1 396   ,  2 035   ,  3 431   ,  1 384   ,  2 027   ,  3 411   ,  1 193   ,  1 752   ,  2 945   ,  1 235   ,  1 823   ,  3 058   ,  1 255   ,  1 868   ,  3 123   ,  1 300   ,  1 985   ,  3 285   ,  1 377   ,  2 164   ,  3 541   ,  1 409   ,  2 274   ,  3 683   ,  1 419   ,  2 351   ,  3 770   ,  1 438   ,  2 430   ,  3 868   
,45,  1 032   ,  1 364   ,  2 396   ,  1 068   ,  1 416   ,  2 484   ,  1 138   ,  1 537   ,  2 675   ,  1 240   ,  1 715   ,  2 955   ,  1 301   ,  1 826   ,  3 127   ,  1 338   ,  1 902   ,  3 240   ,  1 387   ,  1 992   ,  3 379   ,  1 411   ,  2 040   ,  3 451   ,  1 196   ,  1 739   ,  2 935   ,  1 208   ,  1 760   ,  2 968   ,  1 250   ,  1 830   ,  3 080   ,  1 271   ,  1 876   ,  3 147   ,  1 317   ,  1 993   ,  3 310   ,  1 395   ,  2 174   ,  3 569   ,  1 428   ,  2 284   ,  3 712   ,  1 438   ,  2 362   ,  3 800   
,46,  976   ,  1 302   ,  2 278   ,  1 020   ,  1 363   ,  2 383   ,  1 056   ,  1 416   ,  2 472   ,  1 127   ,  1 537   ,  2 664   ,  1 229   ,  1 716   ,  2 945   ,  1 290   ,  1 828   ,  3 118   ,  1 326   ,  1 902   ,  3 228   ,  1 376   ,  1 992   ,  3 368   ,  1 197   ,  1 746   ,  2 943   ,  1 189   ,  1 744   ,  2 933   ,  1 200   ,  1 763   ,  2 963   ,  1 242   ,  1 833   ,  3 075   ,  1 263   ,  1 879   ,  3 142   ,  1 309   ,  1 997   ,  3 306   ,  1 387   ,  2 178   ,  3 565   ,  1 420   ,  2 289   ,  3 709   
,47,  953   ,  1 268   ,  2 221   ,  969   ,  1 286   ,  2 255   ,  1 014   ,  1 347   ,  2 361   ,  1 050   ,  1 399   ,  2 449   ,  1 122   ,  1 519   ,  2 641   ,  1 224   ,  1 696   ,  2 920   ,  1 284   ,  1 806   ,  3 090   ,  1 321   ,  1 879   ,  3 200   ,  1 172   ,  1 684   ,  2 856   ,  1 195   ,  1 729   ,  2 924   ,  1 186   ,  1 725   ,  2 911   ,  1 198   ,  1 744   ,  2 942   ,  1 240   ,  1 813   ,  3 053   ,  1 261   ,  1 859   ,  3 120   ,  1 307   ,  1 976   ,  3 283   ,  1 385   ,  2 156   ,  3 541   
,48,  965   ,  1 317   ,  2 282   ,  968   ,  1 297   ,  2 265   ,  986   ,  1 315   ,  2 301   ,  1 032   ,  1 377   ,  2 409   ,  1 070   ,  1 432   ,  2 502   ,  1 143   ,  1 555   ,  2 698   ,  1 247   ,  1 735   ,  2 982   ,  1 310   ,  1 847   ,  3 157   ,  1 151   ,  1 644   ,  2 795   ,  1 197   ,  1 726   ,  2 923   ,  1 220   ,  1 770   ,  2 990   ,  1 211   ,  1 766   ,  2 977   ,  1 223   ,  1 786   ,  3 009   ,  1 266   ,  1 857   ,  3 123   ,  1 288   ,  1 905   ,  3 193   ,  1 336   ,  2 025   ,  3 361   
,49,  929   ,  1 312   ,  2 241   ,  946   ,  1 316   ,  2 262   ,  949   ,  1 295   ,  2 244   ,  967   ,  1 314   ,  2 281   ,  1 013   ,  1 377   ,  2 390   ,  1 050   ,  1 431   ,  2 481   ,  1 123   ,  1 553   ,  2 676   ,  1 226   ,  1 734   ,  2 960   ,  1 099   ,  1 578   ,  2 677   ,  1 134   ,  1 647   ,  2 781   ,  1 178   ,  1 727   ,  2 905   ,  1 201   ,  1 771   ,  2 972   ,  1 192   ,  1 767   ,  2 959   ,  1 204   ,  1 788   ,  2 992   ,  1 247   ,  1 859   ,  3 106   ,  1 269   ,  1 907   ,  3 176   
,50,  912   ,  1 281   ,  2 193   ,  928   ,  1 310   ,  2 238   ,  945   ,  1 315   ,  2 260   ,  948   ,  1 294   ,  2 242   ,  967   ,  1 314   ,  2 281   ,  1 013   ,  1 376   ,  2 389   ,  1 051   ,  1 429   ,  2 480   ,  1 123   ,  1 552   ,  2 675   ,  1 047   ,  1 481   ,  2 528   ,  1 103   ,  1 581   ,  2 684   ,  1 136   ,  1 648   ,  2 784   ,  1 181   ,  1 728   ,  2 909   ,  1 204   ,  1 773   ,  2 977   ,  1 196   ,  1 769   ,  2 965   ,  1 208   ,  1 790   ,  2 998   ,  1 251   ,  1 862   ,  3 113   
,51,  907   ,  1 272   ,  2 179   ,  913   ,  1 291   ,  2 204   ,  930   ,  1 320   ,  2 250   ,  948   ,  1 325   ,  2 273   ,  952   ,  1 305   ,  2 257   ,  970   ,  1 324   ,  2 294   ,  1 017   ,  1 386   ,  2 403   ,  1 055   ,  1 440   ,  2 495   ,  963   ,  1 338   ,  2 301   ,  1 055   ,  1 497   ,  2 552   ,  1 109   ,  1 595   ,  2 704   ,  1 143   ,  1 663   ,  2 806   ,  1 189   ,  1 745   ,  2 934   ,  1 212   ,  1 790   ,  3 002   ,  1 204   ,  1 786   ,  2 990   ,  1 216   ,  1 807   ,  3 023   
,52,  886   ,  1 226   ,  2 112   ,  903   ,  1 260   ,  2 163   ,  909   ,  1 279   ,  2 188   ,  926   ,  1 309   ,  2 235   ,  944   ,  1 314   ,  2 258   ,  949   ,  1 294   ,  2 243   ,  967   ,  1 312   ,  2 279   ,  1 014   ,  1 374   ,  2 388   ,  898   ,  1 221   ,  2 119   ,  963   ,  1 329   ,  2 292   ,  1 054   ,  1 485   ,  2 539   ,  1 109   ,  1 584   ,  2 693   ,  1 143   ,  1 651   ,  2 794   ,  1 189   ,  1 732   ,  2 921   ,  1 213   ,  1 777   ,  2 990   ,  1 205   ,  1 774   ,  2 979   
,53,  811   ,  1 062   ,  1 873   ,  885   ,  1 185   ,  2 070   ,  902   ,  1 219   ,  2 121   ,  908   ,  1 237   ,  2 145   ,  926   ,  1 265   ,  2 191   ,  944   ,  1 270   ,  2 214   ,  948   ,  1 250   ,  2 198   ,  967   ,  1 268   ,  2 235   ,  867   ,  1 138   ,  2 005   ,  901   ,  1 184   ,  2 085   ,  966   ,  1 287   ,  2 253   ,  1 057   ,  1 439   ,  2 496   ,  1 112   ,  1 534   ,  2 646   ,  1 147   ,  1 600   ,  2 747   ,  1 194   ,  1 679   ,  2 873   ,  1 218   ,  1 722   ,  2 940   
,54,  761   ,  954   ,  1 715   ,  812   ,  1 043   ,  1 855   ,  886   ,  1 163   ,  2 049   ,  904   ,  1 197   ,  2 101   ,  911   ,  1 215   ,  2 126   ,  929   ,  1 243   ,  2 172   ,  947   ,  1 247   ,  2 194   ,  952   ,  1 228   ,  2 180   ,  829   ,  1 067   ,  1 896   ,  872   ,  1 120   ,  1 992   ,  906   ,  1 165   ,  2 071   ,  971   ,  1 266   ,  2 237   ,  1 064   ,  1 415   ,  2 479   ,  1 120   ,  1 509   ,  2 629   ,  1 155   ,  1 574   ,  2 729   ,  1 202   ,  1 651   ,  2 853   
,55,  735   ,  913   ,  1 648   ,  740   ,  923   ,  1 663   ,  790   ,  1 010   ,  1 800   ,  864   ,  1 127   ,  1 991   ,  881   ,  1 159   ,  2 040   ,  888   ,  1 177   ,  2 065   ,  906   ,  1 204   ,  2 110   ,  924   ,  1 208   ,  2 132   ,  793   ,  1 018   ,  1 811   ,  811   ,  1 035   ,  1 846   ,  852   ,  1 085   ,  1 937   ,  885   ,  1 129   ,  2 014   ,  949   ,  1 227   ,  2 176   ,  1 039   ,  1 372   ,  2 411   ,  1 094   ,  1 463   ,  2 557   ,  1 129   ,  1 526   ,  2 655   
,56,  710   ,  861   ,  1 571   ,  735   ,  890   ,  1 625   ,  740   ,  901   ,  1 641   ,  791   ,  985   ,  1 776   ,  865   ,  1 099   ,  1 964   ,  883   ,  1 131   ,  2 014   ,  890   ,  1 148   ,  2 038   ,  908   ,  1 174   ,  2 082   ,  791   ,  1 009   ,  1 800   ,  797   ,  995   ,  1 792   ,  814   ,  1 011   ,  1 825   ,  856   ,  1 060   ,  1 916   ,  890   ,  1 103   ,  1 993   ,  954   ,  1 199   ,  2 153   ,  1 045   ,  1 341   ,  2 386   ,  1 101   ,  1 430   ,  2 531   
,57,  700   ,  858   ,  1 558   ,  709   ,  864   ,  1 573   ,  734   ,  893   ,  1 627   ,  740   ,  904   ,  1 644   ,  791   ,  989   ,  1 780   ,  866   ,  1 105   ,  1 971   ,  884   ,  1 136   ,  2 020   ,  892   ,  1 153   ,  2 045   ,  777   ,  1 010   ,  1 787   ,  794   ,  1 016   ,  1 810   ,  800   ,  1 002   ,  1 802   ,  817   ,  1 017   ,  1 834   ,  859   ,  1 067   ,  1 926   ,  893   ,  1 110   ,  2 003   ,  958   ,  1 207   ,  2 165   ,  1 050   ,  1 350   ,  2 400   
,58,  730   ,  951   ,  1 681   ,  700   ,  888   ,  1 588   ,  710   ,  894   ,  1 604   ,  736   ,  925   ,  1 661   ,  742   ,  937   ,  1 679   ,  794   ,  1 025   ,  1 819   ,  869   ,  1 144   ,  2 013   ,  887   ,  1 176   ,  2 063   ,  763   ,  1 022   ,  1 785   ,  781   ,  1 048   ,  1 829   ,  798   ,  1 053   ,  1 851   ,  803   ,  1 038   ,  1 841   ,  820   ,  1 055   ,  1 875   ,  863   ,  1 107   ,  1 970   ,  898   ,  1 152   ,  2 050   ,  963   ,  1 253   ,  2 216   
,59,  725   ,  967   ,  1 692   ,  719   ,  943   ,  1 662   ,  689   ,  881   ,  1 570   ,  699   ,  888   ,  1 587   ,  725   ,  918   ,  1 643   ,  732   ,  930   ,  1 662   ,  783   ,  1 017   ,  1 800   ,  857   ,  1 135   ,  1 992   ,  746   ,  1 000   ,  1 746   ,  755   ,  1 018   ,  1 773   ,  771   ,  1 042   ,  1 813   ,  788   ,  1 047   ,  1 835   ,  794   ,  1 033   ,  1 827   ,  811   ,  1 049   ,  1 860   ,  854   ,  1 101   ,  1 955   ,  888   ,  1 146   ,  2 034   
,60,  701   ,  928   ,  1 629   ,  729   ,  972   ,  1 701   ,  724   ,  948   ,  1 672   ,  694   ,  886   ,  1 580   ,  705   ,  893   ,  1 598   ,  731   ,  924   ,  1 655   ,  737   ,  935   ,  1 672   ,  789   ,  1 023   ,  1 812   ,  738   ,  978   ,  1 716   ,  755   ,  1 009   ,  1 764   ,  763   ,  1 025   ,  1 788   ,  780   ,  1 050   ,  1 830   ,  797   ,  1 056   ,  1 853   ,  803   ,  1 041   ,  1 844   ,  821   ,  1 058   ,  1 879   ,  864   ,  1 110   ,  1 974   
,61,  689   ,  898   ,  1 587   ,  690   ,  911   ,  1 601   ,  718   ,  954   ,  1 672   ,  713   ,  930   ,  1 643   ,  684   ,  870   ,  1 554   ,  695   ,  877   ,  1 572   ,  721   ,  907   ,  1 628   ,  728   ,  918   ,  1 646   ,  665   ,  860   ,  1 525   ,  730   ,  962   ,  1 692   ,  746   ,  992   ,  1 738   ,  755   ,  1 008   ,  1 763   ,  771   ,  1 033   ,  1 804   ,  789   ,  1 038   ,  1 827   ,  794   ,  1 024   ,  1 818   ,  812   ,  1 041   ,  1 853   
,62,  659   ,  841   ,  1 500   ,  676   ,  882   ,  1 558   ,  677   ,  895   ,  1 572   ,  706   ,  938   ,  1 644   ,  701   ,  915   ,  1 616   ,  673   ,  855   ,  1 528   ,  683   ,  861   ,  1 544   ,  709   ,  891   ,  1 600   ,  611   ,  773   ,  1 384   ,  656   ,  848   ,  1 504   ,  719   ,  948   ,  1 667   ,  736   ,  976   ,  1 712   ,  744   ,  993   ,  1 737   ,  760   ,  1 017   ,  1 777   ,  778   ,  1 023   ,  1 801   ,  784   ,  1 009   ,  1 793   
,63,  587   ,  697   ,  1 284   ,  651   ,  810   ,  1 461   ,  668   ,  850   ,  1 518   ,  670   ,  862   ,  1 532   ,  699   ,  904   ,  1 603   ,  694   ,  882   ,  1 576   ,  666   ,  824   ,  1 490   ,  677   ,  830   ,  1 507   ,  600   ,  737   ,  1 337   ,  607   ,  748   ,  1 355   ,  651   ,  819   ,  1 470   ,  715   ,  916   ,  1 631   ,  731   ,  943   ,  1 674   ,  740   ,  959   ,  1 699   ,  756   ,  983   ,  1 739   ,  774   ,  989   ,  1 763   
,64,  534   ,  604   ,  1 138   ,  577   ,  684   ,  1 261   ,  641   ,  796   ,  1 437   ,  658   ,  834   ,  1 492   ,  660   ,  848   ,  1 508   ,  689   ,  889   ,  1 578   ,  685   ,  866   ,  1 551   ,  657   ,  810   ,  1 467   ,  570   ,  700   ,  1 270   ,  594   ,  726   ,  1 320   ,  600   ,  736   ,  1 336   ,  644   ,  806   ,  1 450   ,  707   ,  902   ,  1 609   ,  724   ,  929   ,  1 653   ,  732   ,  945   ,  1 677   ,  749   ,  969   ,  1 718   
,65,  516   ,  567   ,  1 083   ,  521   ,  583   ,  1 104   ,  564   ,  660   ,  1 224   ,  627   ,  768   ,  1 395   ,  644   ,  806   ,  1 450   ,  646   ,  819   ,  1 465   ,  674   ,  858   ,  1 532   ,  670   ,  836   ,  1 506   ,  549   ,  670   ,  1 219   ,  559   ,  677   ,  1 236   ,  582   ,  701   ,  1 283   ,  588   ,  711   ,  1 299   ,  632   ,  780   ,  1 412   ,  694   ,  872   ,  1 566   ,  710   ,  899   ,  1 609   ,  718   ,  915   ,  1 633   
,66,  479   ,  525   ,  1 004   ,  499   ,  553   ,  1 052   ,  504   ,  568   ,  1 072   ,  545   ,  645   ,  1 190   ,  607   ,  750   ,  1 357   ,  623   ,  787   ,  1 410   ,  625   ,  799   ,  1 424   ,  653   ,  838   ,  1 491   ,  554   ,  701   ,  1 255   ,  533   ,  656   ,  1 189   ,  543   ,  662   ,  1 205   ,  565   ,  686   ,  1 251   ,  571   ,  696   ,  1 267   ,  613   ,  764   ,  1 377   ,  674   ,  854   ,  1 528   ,  690   ,  881   ,  1 571   
,67,  467   ,  508   ,  975   ,  476   ,  518   ,  994   ,  496   ,  546   ,  1 042   ,  501   ,  562   ,  1 063   ,  543   ,  637   ,  1 180   ,  605   ,  741   ,  1 346   ,  621   ,  778   ,  1 399   ,  624   ,  790   ,  1 414   ,  556   ,  710   ,  1 266   ,  554   ,  694   ,  1 248   ,  533   ,  650   ,  1 183   ,  543   ,  656   ,  1 199   ,  565   ,  680   ,  1 245   ,  571   ,  690   ,  1 261   ,  614   ,  757   ,  1 371   ,  675   ,  847   ,  1 522   
,68,  496   ,  572   ,  1 068   ,  472   ,  525   ,  997   ,  481   ,  535   ,  1 016   ,  502   ,  564   ,  1 066   ,  508   ,  580   ,  1 088   ,  550   ,  659   ,  1 209   ,  613   ,  766   ,  1 379   ,  630   ,  804   ,  1 434   ,  540   ,  700   ,  1 240   ,  565   ,  736   ,  1 301   ,  563   ,  719   ,  1 282   ,  542   ,  673   ,  1 215   ,  552   ,  680   ,  1 232   ,  575   ,  705   ,  1 280   ,  581   ,  716   ,  1 297   ,  625   ,  785   ,  1 410   
,69,  506   ,  596   ,  1 102   ,  493   ,  563   ,  1 056   ,  468   ,  516   ,  984   ,  479   ,  527   ,  1 006   ,  500   ,  555   ,  1 055   ,  506   ,  572   ,  1 078   ,  548   ,  648   ,  1 196   ,  611   ,  755   ,  1 366   ,  536   ,  679   ,  1 215   ,  540   ,  692   ,  1 232   ,  565   ,  727   ,  1 292   ,  562   ,  710   ,  1 272   ,  541   ,  665   ,  1 206   ,  551   ,  672   ,  1 223   ,  574   ,  697   ,  1 271   ,  582   ,  708   ,  1 290   
,70,  490   ,  585   ,  1 075   ,  494   ,  589   ,  1 083   ,  481   ,  556   ,  1 037   ,  458   ,  511   ,  969   ,  468   ,  521   ,  989   ,  489   ,  550   ,  1 039   ,  495   ,  566   ,  1 061   ,  536   ,  642   ,  1 178   ,  511   ,  641   ,  1 152   ,  527   ,  675   ,  1 202   ,  530   ,  686   ,  1 216   ,  554   ,  721   ,  1 275   ,  552   ,  705   ,  1 257   ,  532   ,  661   ,  1 193   ,  542   ,  668   ,  1 210   ,  565   ,  693   ,  1 258   
,71,  476   ,  567   ,  1 043   ,  473   ,  567   ,  1 040   ,  477   ,  571   ,  1 048   ,  465   ,  540   ,  1 005   ,  443   ,  495   ,  938   ,  453   ,  506   ,  959   ,  473   ,  533   ,  1 006   ,  479   ,  549   ,  1 028   ,  444   ,  534   ,  978   ,  496   ,  624   ,  1 120   ,  511   ,  656   ,  1 167   ,  515   ,  668   ,  1 183   ,  539   ,  702   ,  1 241   ,  537   ,  686   ,  1 223   ,  517   ,  643   ,  1 160   ,  528   ,  650   ,  1 178   
,72,  448   ,  536   ,  984   ,  454   ,  547   ,  1 001   ,  452   ,  548   ,  1 000   ,  456   ,  552   ,  1 008   ,  445   ,  521   ,  966   ,  424   ,  479   ,  903   ,  434   ,  489   ,  923   ,  453   ,  516   ,  969   ,  392   ,  455   ,  847   ,  427   ,  518   ,  945   ,  477   ,  604   ,  1 081   ,  492   ,  636   ,  1 128   ,  495   ,  647   ,  1 142   ,  518   ,  681   ,  1 199   ,  517   ,  666   ,  1 183   ,  498   ,  625   ,  1 123   
,73,  368   ,  424   ,  792   ,  409   ,  497   ,  906   ,  415   ,  507   ,  922   ,  414   ,  508   ,  922   ,  418   ,  512   ,  930   ,  407   ,  484   ,  891   ,  388   ,  444   ,  832   ,  397   ,  454   ,  851   ,  355   ,  411   ,  766   ,  361   ,  424   ,  785   ,  392   ,  482   ,  874   ,  439   ,  563   ,  1 002   ,  452   ,  592   ,  1 044   ,  456   ,  603   ,  1 059   ,  478   ,  634   ,  1 112   ,  477   ,  621   ,  1 098   
,74,  304   ,  337   ,  641   ,  337   ,  395   ,  732   ,  376   ,  463   ,  839   ,  381   ,  472   ,  853   ,  380   ,  473   ,  853   ,  384   ,  478   ,  862   ,  375   ,  451   ,  826   ,  357   ,  414   ,  771   ,  313   ,  363   ,  676   ,  328   ,  384   ,  712   ,  333   ,  396   ,  729   ,  362   ,  451   ,  813   ,  405   ,  527   ,  932   ,  418   ,  554   ,  972   ,  421   ,  565   ,  986   ,  442   ,  595   ,  1 037   
,75,  277   ,  312   ,  589   ,  283   ,  317   ,  600   ,  314   ,  372   ,  686   ,  350   ,  437   ,  787   ,  356   ,  446   ,  802   ,  355   ,  447   ,  802   ,  359   ,  450   ,  809   ,  350   ,  426   ,  776   ,  285   ,  336   ,  621   ,  293   ,  344   ,  637   ,  307   ,  364   ,  671   ,  312   ,  375   ,  687   ,  340   ,  427   ,  767   ,  380   ,  499   ,  879   ,  392   ,  526   ,  918   ,  396   ,  536   ,  932   
,76,  257   ,  287   ,  544   ,  263   ,  292   ,  555   ,  270   ,  297   ,  567   ,  299   ,  348   ,  647   ,  334   ,  409   ,  743   ,  339   ,  418   ,  757   ,  339   ,  419   ,  758   ,  343   ,  423   ,  766   ,  286   ,  343   ,  629   ,  273   ,  316   ,  589   ,  280   ,  324   ,  604   ,  294   ,  342   ,  636   ,  299   ,  353   ,  652   ,  326   ,  403   ,  729   ,  365   ,  470   ,  835   ,  377   ,  496   ,  873   
,77,  242   ,  276   ,  518   ,  241   ,  272   ,  513   ,  248   ,  278   ,  526   ,  254   ,  283   ,  537   ,  283   ,  332   ,  615   ,  316   ,  390   ,  706   ,  320   ,  398   ,  718   ,  320   ,  399   ,  719   ,  277   ,  346   ,  623   ,  271   ,  328   ,  599   ,  259   ,  302   ,  561   ,  266   ,  310   ,  576   ,  279   ,  327   ,  606   ,  284   ,  338   ,  622   ,  309   ,  386   ,  695   ,  347   ,  451   ,  798   
,78,  238   ,  287   ,  525   ,  229   ,  263   ,  492   ,  228   ,  260   ,  488   ,  235   ,  265   ,  500   ,  241   ,  270   ,  511   ,  268   ,  317   ,  585   ,  300   ,  372   ,  672   ,  305   ,  381   ,  686   ,  260   ,  328   ,  588   ,  264   ,  332   ,  596   ,  259   ,  314   ,  573   ,  247   ,  290   ,  537   ,  254   ,  297   ,  551   ,  267   ,  314   ,  581   ,  271   ,  325   ,  596   ,  296   ,  370   ,  666   
,79,  225   ,  289   ,  514   ,  219   ,  268   ,  487   ,  211   ,  245   ,  456   ,  210   ,  243   ,  453   ,  217   ,  248   ,  465   ,  222   ,  252   ,  474   ,  248   ,  296   ,  544   ,  277   ,  348   ,  625   ,  241   ,  306   ,  547   ,  241   ,  308   ,  549   ,  245   ,  311   ,  556   ,  240   ,  295   ,  535   ,  229   ,  272   ,  501   ,  236   ,  279   ,  515   ,  248   ,  296   ,  544   ,  253   ,  306   ,  559   
,80+,  1 581   ,  2 276   ,  3 857   ,  1 527   ,  2 203   ,  3 730   ,  1 479   ,  2 122   ,  3 601   ,  1 433   ,  2 035   ,  3 468   ,  1 395   ,  1 958   ,  3 353   ,  1 370   ,  1 900   ,  3 270   ,  1 355   ,  1 852   ,  3 207   ,  1 365   ,  1 858   ,  3 223   ,  1 199   ,  1 643   ,  2 842   ,  1 234   ,  1 696   ,  2 930   ,  1 263   ,  1 744   ,  3 007   ,  1 293   ,  1 782   ,  3 075   ,  1 313   ,  1 805   ,  3 118   ,  1 321   ,  1 803   ,  3 124   ,  1 335   ,  1 807   ,  3 142   ,  1 358   ,  1 829   ,  3 187   
,Total,  174 913   ,  198 230   ,  373 143   ,  179 541   ,  203 236   ,  382 777   ,  184 222   ,  208 292   ,  392 514   ,  188 933   ,  213 390   ,  402 323   ,  193 681   ,  218 518   ,  412 199   ,  198 447   ,  223 678   ,  422 125   ,  203 083   ,  228 675   ,  431 758   ,  207 749   ,  233 703   ,  441 452   ,  181 092   ,  203 749   ,  384 841   ,  185 399   ,  208 418   ,  393 817   ,  189 462   ,  212 806   ,  402 268   ,  193 558   ,  217 215   ,  410 773   ,  197 697   ,  221 677   ,  419 374   ,  201 887   ,  226 184   ,  428 071   ,  206 117   ,  230 740   ,  436 857   ,  210 389   ,  235 335   ,  445 724   
,,,,,,,,,,,,,,,,,,,,,,,,,,,,,,,,,,,,,,,,,,,,,,,,,
,,,,,,,,,,,,,,,,,,,,,,,,,,,,,,,,,,,,,,,,,,,,,,,,,
OUBRI,,,,,,,,,,,,,,,,,,,,,,,,,,,,,,,,,,,,,,,,,,,,,,,,,
,,2020,,,2021,,,2022,,,2023,,,2024,,,2025,,,2026,,,2027,,,2028,,,2029,,,2030,,,2031,,,2032,,,2033,,,2034,,,2035,,
, Ages,Ensemble,,,Ensemble,,,Ensemble,,,Ensemble,,,Ensemble,,,Ensemble,,,Ensemble,,,Ensemble,,,Ensemble,,,Ensemble,,,Ensemble,,,Ensemble,,,Ensemble,,,Ensemble,,,Ensemble,,,Ensemble,,
,,Homme ,Femme,Ensemble,Homme ,Femme,Ensemble,Homme ,Femme,Ensemble,Homme ,Femme,Ensemble,Homme ,Femme,Ensemble,Homme ,Femme,Ensemble,Homme ,Femme,Ensemble,Homme ,Femme,Ensemble,Homme ,Femme,Ensemble,Homme ,Femme,Ensemble,Homme ,Femme,Ensemble,Homme ,Femme,Ensemble,Homme ,Femme,Ensemble,Homme ,Femme,Ensemble,Homme ,Femme,Ensemble,Homme ,Femme,Ensemble
,0,  23 792   ,  22 360   ,  46 152   ,  23 866   ,  22 404   ,  46 270   ,  24 013   ,  22 535   ,  46 548   ,  24 128   ,  22 633   ,  46 761   ,  24 220   ,  22 708   ,  46 928   ,  24 308   ,  22 773   ,  47 081   ,  24 380   ,  22 819   ,  47 199   ,  24 454   ,  22 865   ,  47 319   ,  21 280   ,  19 877   ,  41 157   ,  21 365   ,  19 932   ,  41 297   ,  21 409   ,  19 948   ,  41 357   ,  21 683   ,  20 178   ,  41 861   ,  21 968   ,  20 420   ,  42 388   ,  22 258   ,  20 664   ,  42 922   ,  22 539   ,  20 900   ,  43 439   ,  22 802   ,  21 117   ,  43 919   
,1,  23 270   ,  22 042   ,  45 312   ,  23 137   ,  21 849   ,  44 986   ,  23 231   ,  21 909   ,  45 140   ,  23 395   ,  22 050   ,  45 445   ,  23 529   ,  22 160   ,  45 689   ,  23 642   ,  22 245   ,  45 887   ,  23 730   ,  22 303   ,  46 033   ,  23 822   ,  22 363   ,  46 185   ,  20 758   ,  19 464   ,  40 222   ,  20 870   ,  19 542   ,  40 412   ,  20 942   ,  19 580   ,  40 522   ,  20 998   ,  19 607   ,  40 605   ,  21 277   ,  19 845   ,  41 122   ,  21 569   ,  20 095   ,  41 664   ,  21 864   ,  20 346   ,  42 210   ,  22 153   ,  20 589   ,  42 742   
,2,  22 525   ,  21 544   ,  44 069   ,  22 915   ,  21 802   ,  44 717   ,  22 796   ,  21 620   ,  44 416   ,  22 900   ,  21 687   ,  44 587   ,  23 074   ,  21 834   ,  44 908   ,  23 219   ,  21 950   ,  45 169   ,  23 322   ,  22 024   ,  45 346   ,  23 421   ,  22 089   ,  45 510   ,  20 418   ,  19 235   ,  39 653   ,  20 546   ,  19 328   ,  39 874   ,  20 637   ,  19 385   ,  40 022   ,  20 712   ,  19 429   ,  40 141   ,  20 774   ,  19 463   ,  40 237   ,  21 056   ,  19 706   ,  40 762   ,  21 351   ,  19 960   ,  41 311   ,  21 649   ,  20 215   ,  41 864   
,3,  21 600   ,  20 867   ,  42 467   ,  22 132   ,  21 241   ,  43 373   ,  22 524   ,  21 501   ,  44 025   ,  22 415   ,  21 326   ,  43 741   ,  22 525   ,  21 397   ,  43 922   ,  22 705   ,  21 546   ,  44 251   ,  22 836   ,  21 646   ,  44 482   ,  22 947   ,  21 723   ,  44 670   ,  20 012   ,  18 924   ,  38 936   ,  20 144   ,  19 021   ,  39 165   ,  20 247   ,  19 090   ,  39 337   ,  20 340   ,  19 149   ,  39 489   ,  20 417   ,  19 197   ,  39 614   ,  20 482   ,  19 235   ,  39 717   ,  20 764   ,  19 479   ,  40 243   ,  21 058   ,  19 732   ,  40 790   
,4,  20 713   ,  20 190   ,  40 903   ,  21 275   ,  20 602   ,  41 877   ,  21 807   ,  20 976   ,  42 783   ,  22 201   ,  21 237   ,  43 438   ,  22 101   ,  21 068   ,  43 169   ,  22 218   ,  21 141   ,  43 359   ,  22 384   ,  21 274   ,  43 658   ,  22 522   ,  21 377   ,  43 899   ,  19 658   ,  18 638   ,  38 296   ,  19 790   ,  18 735   ,  38 525   ,  19 897   ,  18 809   ,  38 706   ,  20 001   ,  18 880   ,  38 881   ,  20 095   ,  18 943   ,  39 038   ,  20 175   ,  18 993   ,  39 168   ,  20 242   ,  19 033   ,  39 275   ,  20 524   ,  19 277   ,  39 801   
,5,  19 679   ,  19 348   ,  39 027   ,  20 428   ,  19 984   ,  40 412   ,  20 989   ,  20 396   ,  41 385   ,  21 522   ,  20 769   ,  42 291   ,  21 918   ,  21 031   ,  42 949   ,  21 826   ,  20 866   ,  42 692   ,  21 931   ,  20 924   ,  42 855   ,  22 103   ,  21 059   ,  43 162   ,  19 320   ,  18 388   ,  37 708   ,  19 460   ,  18 494   ,  37 954   ,  19 569   ,  18 568   ,  38 137   ,  19 676   ,  18 643   ,  38 319   ,  19 781   ,  18 716   ,  38 497   ,  19 877   ,  18 782   ,  38 659   ,  19 959   ,  18 834   ,  38 793   ,  20 027   ,  18 875   ,  38 902   
,6,  18 789   ,  18 574   ,  37 363   ,  19 500   ,  19 235   ,  38 735   ,  20 248   ,  19 871   ,  40 119   ,  20 811   ,  20 283   ,  41 094   ,  21 345   ,  20 658   ,  42 003   ,  21 745   ,  20 920   ,  42 665   ,  21 642   ,  20 741   ,  42 383   ,  21 752   ,  20 801   ,  42 553   ,  19 046   ,  18 193   ,  37 239   ,  19 209   ,  18 320   ,  37 529   ,  19 326   ,  18 403   ,  37 729   ,  19 434   ,  18 479   ,  37 913   ,  19 543   ,  18 556   ,  38 099   ,  19 649   ,  18 631   ,  38 280   ,  19 747   ,  18 698   ,  38 445   ,  19 830   ,  18 751   ,  38 581   
,7,  18 160   ,  17 995   ,  36 155   ,  18 628   ,  18 487   ,  37 115   ,  19 339   ,  19 148   ,  38 487   ,  20 086   ,  19 784   ,  39 870   ,  20 651   ,  20 197   ,  40 848   ,  21 188   ,  20 572   ,  41 760   ,  21 572   ,  20 817   ,  42 389   ,  21 477   ,  20 642   ,  42 119   ,  18 755   ,  17 990   ,  36 745   ,  18 945   ,  18 145   ,  37 090   ,  19 084   ,  18 249   ,  37 333   ,  19 200   ,  18 333   ,  37 533   ,  19 310   ,  18 411   ,  37 721   ,  19 420   ,  18 490   ,  37 910   ,  19 528   ,  18 567   ,  38 095   ,  19 626   ,  18 634   ,  38 260   
,8,  17 576   ,  17 424   ,  35 000   ,  17 918   ,  17 845   ,  35 763   ,  18 384   ,  18 335   ,  36 719   ,  19 091   ,  18 993   ,  38 084   ,  19 834   ,  19 625   ,  39 459   ,  20 397   ,  20 036   ,  40 433   ,  20 915   ,  20 392   ,  41 307   ,  21 300   ,  20 638   ,  41 938   ,  18 428   ,  17 786   ,  36 214   ,  18 564   ,  17 875   ,  36 439   ,  18 730   ,  18 006   ,  36 736   ,  18 867   ,  18 110   ,  36 977   ,  18 983   ,  18 196   ,  37 179   ,  19 093   ,  18 275   ,  37 368   ,  19 203   ,  18 354   ,  37 557   ,  19 312   ,  18 430   ,  37 742   
,9,  16 949   ,  16 808   ,  33 757   ,  17 474   ,  17 429   ,  34 903   ,  17 819   ,  17 852   ,  35 671   ,  18 287   ,  18 345   ,  36 632   ,  18 994   ,  19 005   ,  37 999   ,  19 739   ,  19 639   ,  39 378   ,  20 287   ,  20 035   ,  40 322   ,  20 808   ,  20 393   ,  41 201   ,  18 414   ,  17 936   ,  36 350   ,  18 373   ,  17 821   ,  36 194   ,  18 487   ,  17 887   ,  36 374   ,  18 651   ,  18 019   ,  36 670   ,  18 789   ,  18 126   ,  36 915   ,  18 907   ,  18 213   ,  37 120   ,  19 018   ,  18 293   ,  37 311   ,  19 129   ,  18 372   ,  37 501   
,10,  15 991   ,  16 001   ,  31 992   ,  16 661   ,  16 751   ,  33 412   ,  17 181   ,  17 372   ,  34 553   ,  17 525   ,  17 796   ,  35 321   ,  17 990   ,  18 289   ,  36 279   ,  18 690   ,  18 948   ,  37 638   ,  19 412   ,  19 565   ,  38 977   ,  19 956   ,  19 961   ,  39 917   ,  17 791   ,  17 660   ,  35 451   ,  18 161   ,  17 910   ,  36 071   ,  18 098   ,  17 773   ,  35 871   ,  18 209   ,  17 840   ,  36 049   ,  18 372   ,  17 973   ,  36 345   ,  18 509   ,  18 081   ,  36 590   ,  18 626   ,  18 168   ,  36 794   ,  18 735   ,  18 248   ,  36 983   
,11,  15 364   ,  15 415   ,  30 779   ,  15 837   ,  15 929   ,  31 766   ,  16 504   ,  16 678   ,  33 182   ,  17 023   ,  17 297   ,  34 320   ,  17 368   ,  17 720   ,  35 088   ,  17 832   ,  18 212   ,  36 044   ,  18 515   ,  18 853   ,  37 368   ,  19 235   ,  19 468   ,  38 703   ,  17 194   ,  17 268   ,  34 462   ,  17 676   ,  17 612   ,  35 288   ,  18 019   ,  17 838   ,  35 857   ,  17 956   ,  17 702   ,  35 658   ,  18 067   ,  17 770   ,  35 837   ,  18 230   ,  17 904   ,  36 134   ,  18 366   ,  18 012   ,  36 378   ,  18 483   ,  18 099   ,  36 582   
,12,  14 824   ,  14 893   ,  29 717   ,  15 373   ,  15 417   ,  30 790   ,  15 850   ,  15 932   ,  31 782   ,  16 521   ,  16 682   ,  33 203   ,  17 045   ,  17 303   ,  34 348   ,  17 394   ,  17 726   ,  35 120   ,  17 848   ,  18 203   ,  36 051   ,  18 537   ,  18 845   ,  37 382   ,  16 747   ,  16 920   ,  33 667   ,  17 255   ,  17 297   ,  34 552   ,  17 714   ,  17 619   ,  35 333   ,  18 058   ,  17 845   ,  35 903   ,  17 996   ,  17 711   ,  35 707   ,  18 108   ,  17 780   ,  35 888   ,  18 272   ,  17 915   ,  36 187   ,  18 410   ,  18 022   ,  36 432   
,13,  14 134   ,  14 326   ,  28 460   ,  14 891   ,  15 015   ,  29 906   ,  15 445   ,  15 544   ,  30 989   ,  15 928   ,  16 064   ,  31 992   ,  16 607   ,  16 821   ,  33 428   ,  17 138   ,  17 448   ,  34 586   ,  17 478   ,  17 860   ,  35 338   ,  17 938   ,  18 343   ,  36 281   ,  16 209   ,  16 512   ,  32 721   ,  16 876   ,  17 083   ,  33 959   ,  17 365   ,  17 442   ,  34 807   ,  17 827   ,  17 767   ,  35 594   ,  18 174   ,  17 997   ,  36 171   ,  18 113   ,  17 862   ,  35 975   ,  18 227   ,  17 932   ,  36 159   ,  18 393   ,  18 067   ,  36 460   
,14,  13 368   ,  13 630   ,  26 998   ,  13 979   ,  14 103   ,  28 082   ,  14 731   ,  14 782   ,  29 513   ,  15 283   ,  15 303   ,  30 586   ,  15 765   ,  15 815   ,  31 580   ,  16 440   ,  16 561   ,  33 001   ,  16 955   ,  17 163   ,  34 118   ,  17 295   ,  17 570   ,  34 865   ,  15 443   ,  15 694   ,  31 137   ,  16 075   ,  16 278   ,  32 353   ,  16 715   ,  16 821   ,  33 536   ,  17 199   ,  17 174   ,  34 373   ,  17 658   ,  17 495   ,  35 153   ,  18 002   ,  17 721   ,  35 723   ,  17 943   ,  17 588   ,  35 531   ,  18 056   ,  17 656   ,  35 712   
,15,  12 960   ,  13 568   ,  26 528   ,  13 663   ,  13 989   ,  27 652   ,  14 292   ,  14 475   ,  28 767   ,  15 065   ,  15 172   ,  30 237   ,  15 634   ,  15 707   ,  31 341   ,  16 131   ,  16 233   ,  32 364   ,  16 813   ,  16 984   ,  33 797   ,  17 344   ,  17 602   ,  34 946   ,  15 399   ,  15 683   ,  31 082   ,  15 840   ,  16 136   ,  31 976   ,  16 468   ,  16 717   ,  33 185   ,  17 124   ,  17 274   ,  34 398   ,  17 622   ,  17 637   ,  35 259   ,  18 094   ,  17 967   ,  36 061   ,  18 448   ,  18 199   ,  36 647   ,  18 388   ,  18 061   ,  36 449   
,16,  11 736   ,  12 355   ,  24 091   ,  12 585   ,  12 813   ,  25 398   ,  13 271   ,  13 211   ,  26 482   ,  13 886   ,  13 670   ,  27 556   ,  14 641   ,  14 328   ,  28 969   ,  15 198   ,  14 833   ,  30 031   ,  15 672   ,  15 317   ,  30 989   ,  16 338   ,  16 026   ,  32 364   ,  14 670   ,  14 456   ,  29 126   ,  14 998   ,  14 825   ,  29 823   ,  15 409   ,  15 235   ,  30 644   ,  16 019   ,  15 782   ,  31 801   ,  16 660   ,  16 309   ,  32 969   ,  17 146   ,  16 652   ,  33 798   ,  17 606   ,  16 963   ,  34 569   ,  17 952   ,  17 180   ,  35 132   
,17,  10 749   ,  11 938   ,  22 687   ,  11 291   ,  12 039   ,  23 330   ,  12 111   ,  12 486   ,  24 597   ,  12 775   ,  12 874   ,  25 649   ,  13 370   ,  13 322   ,  26 692   ,  14 101   ,  13 964   ,  28 065   ,  14 629   ,  14 444   ,  29 073   ,  15 089   ,  14 917   ,  30 006   ,  13 692   ,  13 585   ,  27 277   ,  14 156   ,  14 106   ,  28 262   ,  14 454   ,  14 449   ,  28 903   ,  14 850   ,  14 848   ,  29 698   ,  15 440   ,  15 382   ,  30 822   ,  16 059   ,  15 896   ,  31 955   ,  16 528   ,  16 230   ,  32 758   ,  16 973   ,  16 532   ,  33 505   
,18,  9 820   ,  11 657   ,  21 477   ,  10 119   ,  11 415   ,  21 534   ,  10 632   ,  11 512   ,  22 144   ,  11 408   ,  11 940   ,  23 348   ,  12 037   ,  12 312   ,  24 349   ,  12 601   ,  12 740   ,  25 341   ,  13 283   ,  13 344   ,  26 627   ,  13 784   ,  13 804   ,  27 588   ,  12 368   ,  12 410   ,  24 778   ,  12 923   ,  13 009   ,  25 932   ,  13 345   ,  13 491   ,  26 836   ,  13 627   ,  13 819   ,  27 446   ,  14 001   ,  14 202   ,  28 203   ,  14 559   ,  14 713   ,  29 272   ,  15 144   ,  15 204   ,  30 348   ,  15 588   ,  15 523   ,  31 111   
,19,  9 163   ,  11 466   ,  20 629   ,  9 515   ,  11 441   ,  20 956   ,  9 807   ,  11 204   ,  21 011   ,  10 308   ,  11 300   ,  21 608   ,  11 065   ,  11 721   ,  22 786   ,  11 679   ,  12 087   ,  23 766   ,  12 220   ,  12 498   ,  24 718   ,  12 885   ,  13 091   ,  25 976   ,  11 634   ,  11 790   ,  23 424   ,  12 026   ,  12 198   ,  24 224   ,  12 552   ,  12 772   ,  25 324   ,  12 962   ,  13 246   ,  26 208   ,  13 237   ,  13 569   ,  26 806   ,  13 602   ,  13 945   ,  27 547   ,  14 146   ,  14 448   ,  28 594   ,  14 715   ,  14 929   ,  29 644   
,20,  8 363   ,  10 756   ,  19 119   ,  8 770   ,  11 080   ,  19 850   ,  9 110   ,  11 056   ,  20 166   ,  9 392   ,  10 828   ,  20 220   ,  9 876   ,  10 921   ,  20 797   ,  10 606   ,  11 329   ,  21 935   ,  11 189   ,  11 673   ,  22 862   ,  11 712   ,  12 071   ,  23 783   ,  10 749   ,  11 009   ,  21 758   ,  11 179   ,  11 410   ,  22 589   ,  11 544   ,  11 792   ,  23 336   ,  12 050   ,  12 347   ,  24 397   ,  12 446   ,  12 807   ,  25 253   ,  12 711   ,  13 120   ,  25 831   ,  13 063   ,  13 484   ,  26 547   ,  13 587   ,  13 969   ,  27 556   
,21,  7 815   ,  10 250   ,  18 065   ,  8 134   ,  10 615   ,  18 749   ,  8 534   ,  10 936   ,  19 470   ,  8 868   ,  10 914   ,  19 782   ,  9 146   ,  10 689   ,  19 835   ,  9 621   ,  10 782   ,  20 403   ,  10 329   ,  11 176   ,  21 505   ,  10 903   ,  11 517   ,  22 420   ,  9 934   ,  10 370   ,  20 304   ,  10 500   ,  10 883   ,  21 383   ,  10 910   ,  11 268   ,  22 178   ,  11 267   ,  11 645   ,  22 912   ,  11 763   ,  12 195   ,  23 958   ,  12 151   ,  12 649   ,  24 800   ,  12 411   ,  12 959   ,  25 370   ,  12 757   ,  13 318   ,  26 075   
,22,  7 147   ,  9 383   ,  16 530   ,  7 508   ,  9 960   ,  17 468   ,  7 818   ,  10 316   ,  18 134   ,  8 206   ,  10 629   ,  18 835   ,  8 531   ,  10 608   ,  19 139   ,  8 802   ,  10 389   ,  19 191   ,  9 256   ,  10 471   ,  19 727   ,  9 944   ,  10 855   ,  20 799   ,  9 137   ,  9 739   ,  18 876   ,  9 587   ,  10 089   ,  19 676   ,  10 125   ,  10 577   ,  20 702   ,  10 521   ,  10 951   ,  21 472   ,  10 868   ,  11 319   ,  22 187   ,  11 349   ,  11 855   ,  23 204   ,  11 726   ,  12 297   ,  24 023   ,  11 978   ,  12 597   ,  24 575   
,23,  6 694   ,  8 872   ,  15 566   ,  7 063   ,  9 471   ,  16 534   ,  7 424   ,  10 055   ,  17 479   ,  7 734   ,  10 415   ,  18 149   ,  8 123   ,  10 732   ,  18 855   ,  8 449   ,  10 711   ,  19 160   ,  8 713   ,  10 482   ,  19 195   ,  9 168   ,  10 566   ,  19 734   ,  8 580   ,  9 545   ,  18 125   ,  9 079   ,  9 854   ,  18 933   ,  9 519   ,  10 199   ,  19 718   ,  10 055   ,  10 693   ,  20 748   ,  10 451   ,  11 072   ,  21 523   ,  10 797   ,  11 445   ,  22 242   ,  11 278   ,  11 987   ,  23 265   ,  11 654   ,  12 434   ,  24 088   
,24,  6 217   ,  8 272   ,  14 489   ,  6 426   ,  8 590   ,  15 016   ,  6 786   ,  9 172   ,  15 958   ,  7 137   ,  9 739   ,  16 876   ,  7 439   ,  10 090   ,  17 529   ,  7 817   ,  10 397   ,  18 214   ,  8 128   ,  10 370   ,  18 498   ,  8 387   ,  10 149   ,  18 536   ,  7 686   ,  8 914   ,  16 600   ,  8 280   ,  9 257   ,  17 537   ,  8 756   ,  9 548   ,  18 304   ,  9 181   ,  9 883   ,  19 064   ,  9 701   ,  10 363   ,  20 064   ,  10 086   ,  10 731   ,  20 817   ,  10 422   ,  11 093   ,  21 515   ,  10 889   ,  11 618   ,  22 507   
,25,  5 975   ,  8 082   ,  14 057   ,  6 055   ,  8 240   ,  14 295   ,  6 262   ,  8 559   ,  14 821   ,  6 617   ,  9 140   ,  15 757   ,  6 964   ,  9 708   ,  16 672   ,  7 263   ,  10 058   ,  17 321   ,  7 631   ,  10 358   ,  17 989   ,  7 939   ,  10 332   ,  18 271   ,  7 132   ,  8 809   ,  15 941   ,  7 524   ,  8 896   ,  16 420   ,  8 100   ,  9 230   ,  17 330   ,  8 568   ,  9 521   ,  18 089   ,  8 987   ,  9 856   ,  18 843   ,  9 500   ,  10 335   ,  19 835   ,  9 879   ,  10 704   ,  20 583   ,  10 210   ,  11 065   ,  21 275   
,26,  5 765   ,  7 973   ,  13 738   ,  5 816   ,  8 089   ,  13 905   ,  5 896   ,  8 249   ,  14 145   ,  6 101   ,  8 569   ,  14 670   ,  6 451   ,  9 153   ,  15 604   ,  6 793   ,  9 722   ,  16 515   ,  7 083   ,  10 067   ,  17 150   ,  7 447   ,  10 368   ,  17 815   ,  6 747   ,  9 011   ,  15 758   ,  6 978   ,  8 835   ,  15 813   ,  7 357   ,  8 913   ,  16 270   ,  7 923   ,  9 249   ,  17 172   ,  8 384   ,  9 542   ,  17 926   ,  8 796   ,  9 879   ,  18 675   ,  9 301   ,  10 360   ,  19 661   ,  9 674   ,  10 730   ,  20 404   
,27,  5 599   ,  7 922   ,  13 521   ,  5 588   ,  7 939   ,  13 527   ,  5 640   ,  8 056   ,  13 696   ,  5 720   ,  8 217   ,  13 937   ,  5 922   ,  8 538   ,  14 460   ,  6 267   ,  9 121   ,  15 388   ,  6 599   ,  9 682   ,  16 281   ,  6 885   ,  10 027   ,  16 912   ,  6 302   ,  9 000   ,  15 302   ,  6 573   ,  8 994   ,  15 567   ,  6 794   ,  8 809   ,  15 603   ,  7 165   ,  8 889   ,  16 054   ,  7 720   ,  9 225   ,  16 945   ,  8 172   ,  9 518   ,  17 690   ,  8 577   ,  9 855   ,  18 432   ,  9 072   ,  10 336   ,  19 408   
,28,  5 680   ,  8 256   ,  13 936   ,  5 489   ,  8 051   ,  13 540   ,  5 481   ,  8 070   ,  13 551   ,  5 533   ,  8 191   ,  13 724   ,  5 614   ,  8 357   ,  13 971   ,  5 816   ,  8 685   ,  14 501   ,  6 154   ,  9 273   ,  15 427   ,  6 484   ,  9 846   ,  16 330   ,  5 891   ,  8 884   ,  14 775   ,  6 209   ,  9 169   ,  15 378   ,  6 472   ,  9 154   ,  15 626   ,  6 691   ,  8 968   ,  15 659   ,  7 059   ,  9 050   ,  16 109   ,  7 609   ,  9 394   ,  17 003   ,  8 057   ,  9 694   ,  17 751   ,  8 459   ,  10 037   ,  18 496   
,29,  5 694   ,  8 323   ,  14 017   ,  5 606   ,  8 323   ,  13 929   ,  5 418   ,  8 117   ,  13 535   ,  5 411   ,  8 138   ,  13 549   ,  5 465   ,  8 261   ,  13 726   ,  5 547   ,  8 429   ,  13 976   ,  5 746   ,  8 754   ,  14 500   ,  6 085   ,  9 349   ,  15 434   ,  5 585   ,  8 652   ,  14 237   ,  5 841   ,  8 978   ,  14 819   ,  6 154   ,  9 256   ,  15 410   ,  6 416   ,  9 243   ,  15 659   ,  6 635   ,  9 055   ,  15 690   ,  7 002   ,  9 139   ,  16 141   ,  7 551   ,  9 488   ,  17 039   ,  7 999   ,  9 791   ,  17 790   
,30,  5 498   ,  7 998   ,  13 496   ,  5 552   ,  8 258   ,  13 810   ,  5 467   ,  8 259   ,  13 726   ,  5 285   ,  8 056   ,  13 341   ,  5 280   ,  8 078   ,  13 358   ,  5 335   ,  8 201   ,  13 536   ,  5 413   ,  8 362   ,  13 775   ,  5 611   ,  8 686   ,  14 297   ,  5 178   ,  8 088   ,  13 266   ,  5 470   ,  8 605   ,  14 075   ,  5 719   ,  8 921   ,  14 640   ,  6 027   ,  9 199   ,  15 226   ,  6 285   ,  9 187   ,  15 472   ,  6 501   ,  9 001   ,  15 502   ,  6 863   ,  9 085   ,  15 948   ,  7 405   ,  9 432   ,  16 837   
,31,  5 378   ,  7 695   ,  13 073   ,  5 402   ,  7 949   ,  13 351   ,  5 457   ,  8 209   ,  13 666   ,  5 375   ,  8 211   ,  13 586   ,  5 196   ,  8 011   ,  13 207   ,  5 193   ,  8 033   ,  13 226   ,  5 246   ,  8 150   ,  13 396   ,  5 326   ,  8 311   ,  13 637   ,  4 811   ,  7 529   ,  12 340   ,  5 109   ,  8 057   ,  13 166   ,  5 395   ,  8 564   ,  13 959   ,  5 641   ,  8 880   ,  14 521   ,  5 947   ,  9 158   ,  15 105   ,  6 204   ,  9 147   ,  15 351   ,  6 419   ,  8 962   ,  15 381   ,  6 779   ,  9 046   ,  15 825   
,32,  5 263   ,  7 414   ,  12 677   ,  5 366   ,  7 782   ,  13 148   ,  5 392   ,  8 041   ,  13 433   ,  5 449   ,  8 305   ,  13 754   ,  5 369   ,  8 309   ,  13 678   ,  5 191   ,  8 106   ,  13 297   ,  5 187   ,  8 123   ,  13 310   ,  5 241   ,  8 243   ,  13 484   ,  4 640   ,  7 333   ,  11 973   ,  4 821   ,  7 633   ,  12 454   ,  5 116   ,  8 160   ,  13 276   ,  5 404   ,  8 675   ,  14 079   ,  5 653   ,  8 997   ,  14 650   ,  5 962   ,  9 280   ,  15 242   ,  6 222   ,  9 269   ,  15 491   ,  6 439   ,  9 082   ,  15 521   
,33,  4 925   ,  6 927   ,  11 852   ,  5 188   ,  7 545   ,  12 733   ,  5 293   ,  7 921   ,  13 214   ,  5 320   ,  8 186   ,  13 506   ,  5 378   ,  8 456   ,  13 834   ,  5 300   ,  8 461   ,  13 761   ,  5 121   ,  8 248   ,  13 369   ,  5 118   ,  8 266   ,  13 384   ,  4 514   ,  7 325   ,  11 839   ,  4 593   ,  7 485   ,  12 078   ,  4 769   ,  7 783   ,  12 552   ,  5 063   ,  8 323   ,  13 386   ,  5 350   ,  8 850   ,  14 200   ,  5 598   ,  9 178   ,  14 776   ,  5 906   ,  9 468   ,  15 374   ,  6 165   ,  9 457   ,  15 622   
,34,  4 706   ,  6 536   ,  11 242   ,  4 859   ,  6 937   ,  11 796   ,  5 123   ,  7 559   ,  12 682   ,  5 228   ,  7 938   ,  13 166   ,  5 257   ,  8 205   ,  13 462   ,  5 317   ,  8 477   ,  13 794   ,  5 238   ,  8 475   ,  13 713   ,  5 063   ,  8 264   ,  13 327   ,  4 415   ,  7 232   ,  11 647   ,  4 471   ,  7 353   ,  11 824   ,  4 546   ,  7 506   ,  12 052   ,  4 722   ,  7 807   ,  12 529   ,  5 015   ,  8 349   ,  13 364   ,  5 302   ,  8 879   ,  14 181   ,  5 549   ,  9 210   ,  14 759   ,  5 857   ,  9 501   ,  15 358   
,35,  4 621   ,  6 466   ,  11 087   ,  4 684   ,  6 626   ,  11 310   ,  4 839   ,  7 034   ,  11 873   ,  5 105   ,  7 667   ,  12 772   ,  5 213   ,  8 053   ,  13 266   ,  5 245   ,  8 325   ,  13 570   ,  5 303   ,  8 595   ,  13 898   ,  5 226   ,  8 595   ,  13 821   ,  4 406   ,  7 316   ,  11 722   ,  4 413   ,  7 348   ,  11 761   ,  4 466   ,  7 464   ,  11 930   ,  4 541   ,  7 621   ,  12 162   ,  4 719   ,  7 927   ,  12 646   ,  5 014   ,  8 480   ,  13 494   ,  5 302   ,  9 019   ,  14 321   ,  5 552   ,  9 355   ,  14 907   
,36,  4 468   ,  6 255   ,  10 723   ,  4 608   ,  6 499   ,  11 107   ,  4 672   ,  6 661   ,  11 333   ,  4 829   ,  7 073   ,  11 902   ,  5 099   ,  7 711   ,  12 810   ,  5 209   ,  8 100   ,  13 309   ,  5 238   ,  8 368   ,  13 606   ,  5 299   ,  8 642   ,  13 941   ,  4 556   ,  7 543   ,  12 099   ,  4 411   ,  7 370   ,  11 781   ,  4 414   ,  7 394   ,  11 808   ,  4 467   ,  7 512   ,  11 979   ,  4 544   ,  7 672   ,  12 216   ,  4 723   ,  7 981   ,  12 704   ,  5 020   ,  8 538   ,  13 558   ,  5 311   ,  9 082   ,  14 393   
,37,  4 378   ,  6 196   ,  10 574   ,  4 407   ,  6 262   ,  10 669   ,  4 547   ,  6 508   ,  11 055   ,  4 613   ,  6 672   ,  11 285   ,  4 771   ,  7 086   ,  11 857   ,  5 041   ,  7 727   ,  12 768   ,  5 149   ,  8 112   ,  13 261   ,  5 181   ,  8 382   ,  13 563   ,  4 570   ,  7 554   ,  12 124   ,  4 513   ,  7 570   ,  12 083   ,  4 366   ,  7 389   ,  11 755   ,  4 369   ,  7 414   ,  11 783   ,  4 423   ,  7 534   ,  11 957   ,  4 500   ,  7 695   ,  12 195   ,  4 679   ,  8 006   ,  12 685   ,  4 975   ,  8 566   ,  13 541   
,38,  4 397   ,  6 187   ,  10 584   ,  4 356   ,  6 170   ,  10 526   ,  4 388   ,  6 238   ,  10 626   ,  4 530   ,  6 484   ,  11 014   ,  4 598   ,  6 649   ,  11 247   ,  4 759   ,  7 064   ,  11 823   ,  5 027   ,  7 698   ,  12 725   ,  5 138   ,  8 083   ,  13 221   ,  4 505   ,  7 282   ,  11 787   ,  4 567   ,  7 537   ,  12 104   ,  4 506   ,  7 546   ,  12 052   ,  4 359   ,  7 366   ,  11 725   ,  4 364   ,  7 393   ,  11 757   ,  4 418   ,  7 514   ,  11 932   ,  4 497   ,  7 675   ,  12 172   ,  4 676   ,  7 987   ,  12 663   
,39,  4 321   ,  6 058   ,  10 379   ,  4 391   ,  6 211   ,  10 602   ,  4 352   ,  6 196   ,  10 548   ,  4 385   ,  6 265   ,  10 650   ,  4 530   ,  6 514   ,  11 044   ,  4 601   ,  6 681   ,  11 282   ,  4 761   ,  7 093   ,  11 854   ,  5 032   ,  7 731   ,  12 763   ,  4 482   ,  7 078   ,  11 560   ,  4 519   ,  7 330   ,  11 849   ,  4 579   ,  7 579   ,  12 158   ,  4 518   ,  7 588   ,  12 106   ,  4 370   ,  7 409   ,  11 779   ,  4 376   ,  7 437   ,  11 813   ,  4 431   ,  7 559   ,  11 990   ,  4 511   ,  7 722   ,  12 233   
,40,  4 126   ,  5 772   ,  9 898   ,  4 276   ,  6 051   ,  10 327   ,  4 347   ,  6 206   ,  10 553   ,  4 310   ,  6 192   ,  10 502   ,  4 345   ,  6 262   ,  10 607   ,  4 490   ,  6 512   ,  11 002   ,  4 559   ,  6 673   ,  11 232   ,  4 720   ,  7 085   ,  11 805   ,  4 350   ,  6 734   ,  11 084   ,  4 455   ,  7 087   ,  11 542   ,  4 489   ,  7 332   ,  11 821   ,  4 549   ,  7 582   ,  12 131   ,  4 489   ,  7 592   ,  12 081   ,  4 342   ,  7 414   ,  11 756   ,  4 348   ,  7 443   ,  11 791   ,  4 404   ,  7 565   ,  11 969   
,41,  4 002   ,  5 585   ,  9 587   ,  4 111   ,  5 820   ,  9 931   ,  4 263   ,  6 102   ,  10 365   ,  4 336   ,  6 259   ,  10 595   ,  4 301   ,  6 246   ,  10 547   ,  4 338   ,  6 318   ,  10 656   ,  4 482   ,  6 565   ,  11 047   ,  4 553   ,  6 729   ,  11 282   ,  4 109   ,  6 230   ,  10 339   ,  4 355   ,  6 807   ,  11 162   ,  4 457   ,  7 156   ,  11 613   ,  4 492   ,  7 404   ,  11 896   ,  4 552   ,  7 658   ,  12 210   ,  4 493   ,  7 670   ,  12 163   ,  4 347   ,  7 490   ,  11 837   ,  4 353   ,  7 520   ,  11 873   
,42,  3 844   ,  5 294   ,  9 138   ,  4 028   ,  5 640   ,  9 668   ,  4 140   ,  5 879   ,  10 019   ,  4 296   ,  6 165   ,  10 461   ,  4 371   ,  6 325   ,  10 696   ,  4 337   ,  6 312   ,  10 649   ,  4 373   ,  6 379   ,  10 752   ,  4 521   ,  6 630   ,  11 151   ,  4 005   ,  5 927   ,  9 932   ,  4 156   ,  6 308   ,  10 464   ,  4 402   ,  6 884   ,  11 286   ,  4 506   ,  7 238   ,  11 744   ,  4 542   ,  7 490   ,  12 032   ,  4 604   ,  7 748   ,  12 352   ,  4 544   ,  7 761   ,  12 305   ,  4 396   ,  7 579   ,  11 975   
,43,  3 449   ,  4 692   ,  8 141   ,  3 757   ,  5 240   ,  8 997   ,  3 940   ,  5 584   ,  9 524   ,  4 052   ,  5 821   ,  9 873   ,  4 206   ,  6 106   ,  10 312   ,  4 282   ,  6 264   ,  10 546   ,  4 247   ,  6 247   ,  10 494   ,  4 284   ,  6 314   ,  10 598   ,  3 865   ,  5 729   ,  9 594   ,  3 935   ,  5 885   ,  9 820   ,  4 080   ,  6 256   ,  10 336   ,  4 323   ,  6 829   ,  11 152   ,  4 427   ,  7 181   ,  11 608   ,  4 463   ,  7 432   ,  11 895   ,  4 525   ,  7 688   ,  12 213   ,  4 466   ,  7 701   ,  12 167   
,44,  3 232   ,  4 310   ,  7 542   ,  3 449   ,  4 683   ,  8 132   ,  3 759   ,  5 232   ,  8 991   ,  3 945   ,  5 576   ,  9 521   ,  4 059   ,  5 814   ,  9 873   ,  4 216   ,  6 099   ,  10 315   ,  4 291   ,  6 253   ,  10 544   ,  4 258   ,  6 236   ,  10 494   ,  3 747   ,  5 503   ,  9 250   ,  3 883   ,  5 732   ,  9 615   ,  3 951   ,  5 882   ,  9 833   ,  4 098   ,  6 254   ,  10 352   ,  4 343   ,  6 827   ,  11 170   ,  4 448   ,  7 180   ,  11 628   ,  4 485   ,  7 432   ,  11 917   ,  4 548   ,  7 689   ,  12 237   
,45,  3 149   ,  4 161   ,  7 310   ,  3 262   ,  4 326   ,  7 588   ,  3 482   ,  4 701   ,  8 183   ,  3 799   ,  5 253   ,  9 052   ,  3 989   ,  5 600   ,  9 589   ,  4 107   ,  5 840   ,  9 947   ,  4 264   ,  6 122   ,  10 386   ,  4 342   ,  6 277   ,  10 619   ,  3 759   ,  5 465   ,  9 224   ,  3 800   ,  5 536   ,  9 336   ,  3 936   ,  5 760   ,  9 696   ,  4 005   ,  5 912   ,  9 917   ,  4 155   ,  6 287   ,  10 442   ,  4 405   ,  6 864   ,  11 269   ,  4 513   ,  7 220   ,  11 733   ,  4 551   ,  7 474   ,  12 025   
,46,  2 977   ,  3 974   ,  6 951   ,  3 117   ,  4 165   ,  7 282   ,  3 230   ,  4 331   ,  7 561   ,  3 452   ,  4 708   ,  8 160   ,  3 768   ,  5 262   ,  9 030   ,  3 959   ,  5 611   ,  9 570   ,  4 074   ,  5 846   ,  9 920   ,  4 233   ,  6 129   ,  10 362   ,  3 761   ,  5 486   ,  9 247   ,  3 739   ,  5 484   ,  9 223   ,  3 778   ,  5 549   ,  9 327   ,  3 913   ,  5 775   ,  9 688   ,  3 983   ,  5 927   ,  9 910   ,  4 133   ,  6 304   ,  10 437   ,  4 383   ,  6 884   ,  11 267   ,  4 492   ,  7 242   ,  11 734   
,47,  2 907   ,  3 870   ,  6 777   ,  2 961   ,  3 930   ,  6 891   ,  3 102   ,  4 120   ,  7 222   ,  3 217   ,  4 285   ,  7 502   ,  3 440   ,  4 659   ,  8 099   ,  3 758   ,  5 208   ,  8 966   ,  3 947   ,  5 549   ,  9 496   ,  4 064   ,  5 782   ,  9 846   ,  3 683   ,  5 291   ,  8 974   ,  3 759   ,  5 437   ,  9 196   ,  3 735   ,  5 429   ,  9 164   ,  3 774   ,  5 495   ,  9 269   ,  3 910   ,  5 719   ,  9 629   ,  3 981   ,  5 871   ,  9 852   ,  4 132   ,  6 246   ,  10 378   ,  4 383   ,  6 821   ,  11 204   
,48,  2 946   ,  4 020   ,  6 966   ,  2 958   ,  3 962   ,  6 920   ,  3 015   ,  4 024   ,  7 039   ,  3 161   ,  4 219   ,  7 380   ,  3 280   ,  4 390   ,  7 670   ,  3 510   ,  4 774   ,  8 284   ,  3 834   ,  5 332   ,  9 166   ,  4 030   ,  5 682   ,  9 712   ,  3 616   ,  5 165   ,  8 781   ,  3 766   ,  5 428   ,  9 194   ,  3 841   ,  5 572   ,  9 413   ,  3 817   ,  5 565   ,  9 382   ,  3 857   ,  5 633   ,  9 490   ,  3 998   ,  5 864   ,  9 862   ,  4 070   ,  6 021   ,  10 091   ,  4 226   ,  6 406   ,  10 632   
,49,  2 836   ,  4 002   ,  6 838   ,  2 891   ,  4 020   ,  6 911   ,  2 904   ,  3 963   ,  6 867   ,  2 961   ,  4 026   ,  6 987   ,  3 107   ,  4 222   ,  7 329   ,  3 225   ,  4 394   ,  7 619   ,  3 450   ,  4 774   ,  8 224   ,  3 771   ,  5 334   ,  9 105   ,  3 453   ,  4 958   ,  8 411   ,  3 565   ,  5 179   ,  8 744   ,  3 710   ,  5 437   ,  9 147   ,  3 784   ,  5 582   ,  9 366   ,  3 761   ,  5 575   ,  9 336   ,  3 802   ,  5 645   ,  9 447   ,  3 941   ,  5 877   ,  9 818   ,  4 014   ,  6 034   ,  10 048   
,50,  2 782   ,  3 909   ,  6 691   ,  2 835   ,  4 003   ,  6 838   ,  2 891   ,  4 022   ,  6 913   ,  2 905   ,  3 965   ,  6 870   ,  2 964   ,  4 028   ,  6 992   ,  3 111   ,  4 225   ,  7 336   ,  3 229   ,  4 393   ,  7 622   ,  3 456   ,  4 774   ,  8 230   ,  3 291   ,  4 654   ,  7 945   ,  3 468   ,  4 971   ,  8 439   ,  3 577   ,  5 187   ,  8 764   ,  3 723   ,  5 446   ,  9 169   ,  3 799   ,  5 593   ,  9 392   ,  3 776   ,  5 587   ,  9 363   ,  3 818   ,  5 657   ,  9 475   ,  3 959   ,  5 890   ,  9 849   
,51,  2 769   ,  3 881   ,  6 650   ,  2 791   ,  3 943   ,  6 734   ,  2 845   ,  4 038   ,  6 883   ,  2 903   ,  4 058   ,  6 961   ,  2 918   ,  4 002   ,  6 920   ,  2 979   ,  4 066   ,  7 045   ,  3 126   ,  4 261   ,  7 387   ,  3 246   ,  4 431   ,  7 677   ,  3 026   ,  4 203   ,  7 229   ,  3 317   ,  4 707   ,  8 024   ,  3 492   ,  5 022   ,  8 514   ,  3 603   ,  5 240   ,  8 843   ,  3 751   ,  5 503   ,  9 254   ,  3 828   ,  5 652   ,  9 480   ,  3 806   ,  5 646   ,  9 452   ,  3 848   ,  5 717   ,  9 565   
,52,  2 705   ,  3 740   ,  6 445   ,  2 759   ,  3 851   ,  6 610   ,  2 782   ,  3 914   ,  6 696   ,  2 837   ,  4 009   ,  6 846   ,  2 896   ,  4 029   ,  6 925   ,  2 913   ,  3 973   ,  6 886   ,  2 972   ,  4 033   ,  7 005   ,  3 121   ,  4 228   ,  7 349   ,  2 822   ,  3 837   ,  6 659   ,  3 029   ,  4 180   ,  7 209   ,  3 318   ,  4 676   ,  7 994   ,  3 494   ,  4 990   ,  8 484   ,  3 605   ,  5 208   ,  8 813   ,  3 755   ,  5 470   ,  9 225   ,  3 833   ,  5 618   ,  9 451   ,  3 811   ,  5 613   ,  9 424   
,53,  2 474   ,  3 242   ,  5 716   ,  2 703   ,  3 620   ,  6 323   ,  2 758   ,  3 728   ,  6 486   ,  2 782   ,  3 788   ,  6 570   ,  2 839   ,  3 880   ,  6 719   ,  2 899   ,  3 900   ,  6 799   ,  2 915   ,  3 843   ,  6 758   ,  2 976   ,  3 901   ,  6 877   ,  2 723   ,  3 574   ,  6 297   ,  2 835   ,  3 725   ,  6 560   ,  3 040   ,  4 053   ,  7 093   ,  3 331   ,  4 535   ,  7 866   ,  3 509   ,  4 840   ,  8 349   ,  3 622   ,  5 052   ,  8 674   ,  3 773   ,  5 306   ,  9 079   ,  3 853   ,  5 449   ,  9 302   
,54,  2 321   ,  2 911   ,  5 232   ,  2 480   ,  3 186   ,  5 666   ,  2 712   ,  3 559   ,  6 271   ,  2 769   ,  3 665   ,  6 434   ,  2 794   ,  3 725   ,  6 519   ,  2 852   ,  3 817   ,  6 669   ,  2 912   ,  3 833   ,  6 745   ,  2 929   ,  3 777   ,  6 706   ,  2 605   ,  3 352   ,  5 957   ,  2 742   ,  3 521   ,  6 263   ,  2 853   ,  3 666   ,  6 519   ,  3 060   ,  3 989   ,  7 049   ,  3 355   ,  4 464   ,  7 819   ,  3 535   ,  4 764   ,  8 299   ,  3 649   ,  4 974   ,  8 623   ,  3 802   ,  5 224   ,  9 026   
,55,  2 242   ,  2 785   ,  5 027   ,  2 260   ,  2 821   ,  5 081   ,  2 417   ,  3 089   ,  5 506   ,  2 645   ,  3 451   ,  6 096   ,  2 701   ,  3 555   ,  6 256   ,  2 727   ,  3 613   ,  6 340   ,  2 783   ,  3 699   ,  6 482   ,  2 843   ,  3 715   ,  6 558   ,  2 491   ,  3 199   ,  5 690   ,  2 549   ,  3 255   ,  5 804   ,  2 681   ,  3 416   ,  6 097   ,  2 789   ,  3 557   ,  6 346   ,  2 993   ,  3 871   ,  6 864   ,  3 282   ,  4 333   ,  7 615   ,  3 459   ,  4 625   ,  8 084   ,  3 572   ,  4 828   ,  8 400   
,56,  2 166   ,  2 626   ,  4 792   ,  2 246   ,  2 718   ,  4 964   ,  2 265   ,  2 755   ,  5 020   ,  2 423   ,  3 016   ,  5 439   ,  2 653   ,  3 371   ,  6 024   ,  2 711   ,  3 473   ,  6 184   ,  2 736   ,  3 527   ,  6 263   ,  2 794   ,  3 611   ,  6 405   ,  2 486   ,  3 169   ,  5 655   ,  2 506   ,  3 130   ,  5 636   ,  2 563   ,  3 182   ,  5 745   ,  2 696   ,  3 340   ,  6 036   ,  2 806   ,  3 478   ,  6 284   ,  3 012   ,  3 786   ,  6 798   ,  3 304   ,  4 238   ,  7 542   ,  3 484   ,  4 524   ,  8 008   
,57,  2 135   ,  2 619   ,  4 754   ,  2 167   ,  2 640   ,  4 807   ,  2 247   ,  2 733   ,  4 980   ,  2 268   ,  2 770   ,  5 038   ,  2 427   ,  3 034   ,  5 461   ,  2 660   ,  3 391   ,  6 051   ,  2 717   ,  3 491   ,  6 208   ,  2 743   ,  3 546   ,  6 289   ,  2 440   ,  3 173   ,  5 613   ,  2 498   ,  3 195   ,  5 693   ,  2 517   ,  3 153   ,  5 670   ,  2 574   ,  3 205   ,  5 779   ,  2 709   ,  3 365   ,  6 074   ,  2 820   ,  3 504   ,  6 324   ,  3 028   ,  3 816   ,  6 844   ,  3 322   ,  4 272   ,  7 594   
,58,  2 229   ,  2 901   ,  5 130   ,  2 139   ,  2 713   ,  4 852   ,  2 172   ,  2 736   ,  4 908   ,  2 254   ,  2 833   ,  5 087   ,  2 275   ,  2 873   ,  5 148   ,  2 437   ,  3 147   ,  5 584   ,  2 670   ,  3 515   ,  6 185   ,  2 728   ,  3 619   ,  6 347   ,  2 398   ,  3 212   ,  5 610   ,  2 455   ,  3 297   ,  5 752   ,  2 511   ,  3 316   ,  5 827   ,  2 530   ,  3 272   ,  5 802   ,  2 588   ,  3 328   ,  5 916   ,  2 725   ,  3 494   ,  6 219   ,  2 837   ,  3 640   ,  6 477   ,  3 047   ,  3 964   ,  7 011   
,59,  2 211   ,  2 952   ,  5 163   ,  2 196   ,  2 881   ,  5 077   ,  2 109   ,  2 695   ,  4 804   ,  2 142   ,  2 719   ,  4 861   ,  2 224   ,  2 816   ,  5 040   ,  2 246   ,  2 855   ,  5 101   ,  2 405   ,  3 126   ,  5 531   ,  2 637   ,  3 491   ,  6 128   ,  2 345   ,  3 141   ,  5 486   ,  2 374   ,  3 200   ,  5 574   ,  2 428   ,  3 280   ,  5 708   ,  2 484   ,  3 300   ,  5 784   ,  2 504   ,  3 257   ,  5 761   ,  2 562   ,  3 312   ,  5 874   ,  2 698   ,  3 479   ,  6 177   ,  2 810   ,  3 625   ,  6 435   
,60,  2 138   ,  2 833   ,  4 971   ,  2 228   ,  2 971   ,  5 199   ,  2 214   ,  2 900   ,  5 114   ,  2 127   ,  2 714   ,  4 841   ,  2 161   ,  2 738   ,  4 899   ,  2 245   ,  2 836   ,  5 081   ,  2 266   ,  2 874   ,  5 140   ,  2 428   ,  3 146   ,  5 574   ,  2 319   ,  3 073   ,  5 392   ,  2 375   ,  3 172   ,  5 547   ,  2 402   ,  3 227   ,  5 629   ,  2 457   ,  3 309   ,  5 766   ,  2 515   ,  3 330   ,  5 845   ,  2 535   ,  3 287   ,  5 822   ,  2 595   ,  3 344   ,  5 939   ,  2 733   ,  3 512   ,  6 245   
,61,  2 102   ,  2 739   ,  4 841   ,  2 107   ,  2 783   ,  4 890   ,  2 198   ,  2 919   ,  5 117   ,  2 185   ,  2 850   ,  5 035   ,  2 099   ,  2 667   ,  4 766   ,  2 134   ,  2 692   ,  4 826   ,  2 216   ,  2 786   ,  5 002   ,  2 239   ,  2 823   ,  5 062   ,  2 089   ,  2 703   ,  4 792   ,  2 296   ,  3 027   ,  5 323   ,  2 350   ,  3 122   ,  5 472   ,  2 378   ,  3 176   ,  5 554   ,  2 432   ,  3 258   ,  5 690   ,  2 490   ,  3 278   ,  5 768   ,  2 511   ,  3 237   ,  5 748   ,  2 570   ,  3 293   ,  5 863   
,62,  2 012   ,  2 567   ,  4 579   ,  2 065   ,  2 694   ,  4 759   ,  2 072   ,  2 738   ,  4 810   ,  2 162   ,  2 873   ,  5 035   ,  2 149   ,  2 805   ,  4 954   ,  2 066   ,  2 626   ,  4 692   ,  2 100   ,  2 647   ,  4 747   ,  2 182   ,  2 741   ,  4 923   ,  1 919   ,  2 429   ,  4 348   ,  2 062   ,  2 667   ,  4 729   ,  2 265   ,  2 983   ,  5 248   ,  2 319   ,  3 076   ,  5 395   ,  2 346   ,  3 131   ,  5 477   ,  2 401   ,  3 212   ,  5 613   ,  2 459   ,  3 233   ,  5 692   ,  2 480   ,  3 192   ,  5 672   
,63,  1 790   ,  2 127   ,  3 917   ,  1 990   ,  2 475   ,  4 465   ,  2 044   ,  2 599   ,  4 643   ,  2 051   ,  2 641   ,  4 692   ,  2 142   ,  2 772   ,  4 914   ,  2 131   ,  2 707   ,  4 838   ,  2 047   ,  2 532   ,  4 579   ,  2 082   ,  2 553   ,  4 635   ,  1 886   ,  2 314   ,  4 200   ,  1 909   ,  2 351   ,  4 260   ,  2 050   ,  2 578   ,  4 628   ,  2 253   ,  2 885   ,  5 138   ,  2 307   ,  2 976   ,  5 283   ,  2 335   ,  3 029   ,  5 364   ,  2 390   ,  3 108   ,  5 498   ,  2 449   ,  3 129   ,  5 578   
,64,  1 630   ,  1 843   ,  3 473   ,  1 764   ,  2 091   ,  3 855   ,  1 962   ,  2 434   ,  4 396   ,  2 016   ,  2 556   ,  4 572   ,  2 025   ,  2 599   ,  4 624   ,  2 115   ,  2 729   ,  4 844   ,  2 104   ,  2 662   ,  4 766   ,  2 022   ,  2 491   ,  4 513   ,  1 792   ,  2 199   ,  3 991   ,  1 867   ,  2 282   ,  4 149   ,  1 889   ,  2 316   ,  4 205   ,  2 029   ,  2 541   ,  4 570   ,  2 231   ,  2 844   ,  5 075   ,  2 285   ,  2 934   ,  5 219   ,  2 313   ,  2 987   ,  5 300   ,  2 369   ,  3 066   ,  5 435   
,65,  1 576   ,  1 729   ,  3 305   ,  1 593   ,  1 780   ,  3 373   ,  1 724   ,  2 020   ,  3 744   ,  1 920   ,  2 353   ,  4 273   ,  1 974   ,  2 471   ,  4 445   ,  1 983   ,  2 513   ,  4 496   ,  2 071   ,  2 636   ,  4 707   ,  2 061   ,  2 573   ,  4 634   ,  1 726   ,  2 106   ,  3 832   ,  1 759   ,  2 130   ,  3 889   ,  1 832   ,  2 208   ,  4 040   ,  1 854   ,  2 242   ,  4 096   ,  1 992   ,  2 460   ,  4 452   ,  2 190   ,  2 754   ,  4 944   ,  2 245   ,  2 842   ,  5 087   ,  2 273   ,  2 894   ,  5 167   
,66,  1 461   ,  1 603   ,  3 064   ,  1 524   ,  1 689   ,  3 213   ,  1 541   ,  1 739   ,  3 280   ,  1 669   ,  1 975   ,  3 644   ,  1 860   ,  2 300   ,  4 160   ,  1 913   ,  2 417   ,  4 330   ,  1 922   ,  2 456   ,  4 378   ,  2 008   ,  2 577   ,  4 585   ,  1 740   ,  2 201   ,  3 941   ,  1 677   ,  2 064   ,  3 741   ,  1 709   ,  2 085   ,  3 794   ,  1 779   ,  2 163   ,  3 942   ,  1 801   ,  2 196   ,  3 997   ,  1 936   ,  2 411   ,  4 347   ,  2 130   ,  2 700   ,  4 830   ,  2 184   ,  2 787   ,  4 971   
,67,  1 424   ,  1 551   ,  2 975   ,  1 454   ,  1 584   ,  3 038   ,  1 518   ,  1 670   ,  3 188   ,  1 536   ,  1 720   ,  3 256   ,  1 666   ,  1 953   ,  3 619   ,  1 857   ,  2 276   ,  4 133   ,  1 910   ,  2 390   ,  4 300   ,  1 919   ,  2 429   ,  4 348   ,  1 747   ,  2 231   ,  3 978   ,  1 743   ,  2 183   ,  3 926   ,  1 678   ,  2 046   ,  3 724   ,  1 710   ,  2 067   ,  3 777   ,  1 782   ,  2 145   ,  3 927   ,  1 804   ,  2 179   ,  3 983   ,  1 940   ,  2 392   ,  4 332   ,  2 135   ,  2 680   ,  4 815   
,68,  1 513   ,  1 746   ,  3 259   ,  1 441   ,  1 603   ,  3 044   ,  1 473   ,  1 638   ,  3 111   ,  1 538   ,  1 727   ,  3 265   ,  1 558   ,  1 780   ,  3 338   ,  1 690   ,  2 022   ,  3 712   ,  1 884   ,  2 355   ,  4 239   ,  1 939   ,  2 473   ,  4 412   ,  1 697   ,  2 200   ,  3 897   ,  1 778   ,  2 315   ,  4 093   ,  1 773   ,  2 264   ,  4 037   ,  1 707   ,  2 122   ,  3 829   ,  1 740   ,  2 145   ,  3 885   ,  1 814   ,  2 226   ,  4 040   ,  1 837   ,  2 262   ,  4 099   ,  1 976   ,  2 484   ,  4 460   
,69,  1 544   ,  1 819   ,  3 363   ,  1 505   ,  1 720   ,  3 225   ,  1 433   ,  1 580   ,  3 013   ,  1 466   ,  1 614   ,  3 080   ,  1 532   ,  1 703   ,  3 235   ,  1 552   ,  1 756   ,  3 308   ,  1 684   ,  1 993   ,  3 677   ,  1 879   ,  2 322   ,  4 201   ,  1 684   ,  2 134   ,  3 818   ,  1 697   ,  2 176   ,  3 873   ,  1 778   ,  2 288   ,  4 066   ,  1 772   ,  2 238   ,  4 010   ,  1 707   ,  2 098   ,  3 805   ,  1 741   ,  2 122   ,  3 863   ,  1 815   ,  2 203   ,  4 018   ,  1 840   ,  2 239   ,  4 079   
,70,  1 496   ,  1 786   ,  3 282   ,  1 509   ,  1 800   ,  3 309   ,  1 471   ,  1 702   ,  3 173   ,  1 402   ,  1 565   ,  2 967   ,  1 435   ,  1 599   ,  3 034   ,  1 500   ,  1 688   ,  3 188   ,  1 520   ,  1 739   ,  3 259   ,  1 650   ,  1 975   ,  3 625   ,  1 604   ,  2 014   ,  3 618   ,  1 656   ,  2 122   ,  3 778   ,  1 668   ,  2 161   ,  3 829   ,  1 747   ,  2 273   ,  4 020   ,  1 742   ,  2 224   ,  3 966   ,  1 679   ,  2 086   ,  3 765   ,  1 713   ,  2 110   ,  3 823   ,  1 787   ,  2 192   ,  3 979   
,71,  1 451   ,  1 729   ,  3 180   ,  1 446   ,  1 733   ,  3 179   ,  1 460   ,  1 747   ,  3 207   ,  1 424   ,  1 653   ,  3 077   ,  1 358   ,  1 519   ,  2 877   ,  1 390   ,  1 554   ,  2 944   ,  1 454   ,  1 639   ,  3 093   ,  1 474   ,  1 689   ,  3 163   ,  1 395   ,  1 679   ,  3 074   ,  1 561   ,  1 962   ,  3 523   ,  1 610   ,  2 065   ,  3 675   ,  1 622   ,  2 104   ,  3 726   ,  1 700   ,  2 214   ,  3 914   ,  1 696   ,  2 167   ,  3 863   ,  1 635   ,  2 033   ,  3 668   ,  1 669   ,  2 058   ,  3 727   
,72,  1 368   ,  1 637   ,  3 005   ,  1 387   ,  1 672   ,  3 059   ,  1 384   ,  1 675   ,  3 059   ,  1 398   ,  1 690   ,  3 088   ,  1 364   ,  1 599   ,  2 963   ,  1 302   ,  1 471   ,  2 773   ,  1 333   ,  1 503   ,  2 836   ,  1 395   ,  1 586   ,  2 981   ,  1 233   ,  1 431   ,  2 664   ,  1 343   ,  1 630   ,  2 973   ,  1 502   ,  1 903   ,  3 405   ,  1 549   ,  2 004   ,  3 553   ,  1 562   ,  2 042   ,  3 604   ,  1 637   ,  2 150   ,  3 787   ,  1 635   ,  2 105   ,  3 740   ,  1 577   ,  1 976   ,  3 553   
,73,  1 123   ,  1 293   ,  2 416   ,  1 251   ,  1 518   ,  2 769   ,  1 269   ,  1 551   ,  2 820   ,  1 267   ,  1 555   ,  2 822   ,  1 281   ,  1 569   ,  2 850   ,  1 251   ,  1 485   ,  2 736   ,  1 193   ,  1 365   ,  2 558   ,  1 222   ,  1 396   ,  2 618   ,  1 116   ,  1 290   ,  2 406   ,  1 135   ,  1 334   ,  2 469   ,  1 235   ,  1 518   ,  2 753   ,  1 382   ,  1 773   ,  3 155   ,  1 427   ,  1 867   ,  3 294   ,  1 439   ,  1 904   ,  3 343   ,  1 510   ,  2 005   ,  3 515   ,  1 508   ,  1 964   ,  3 472   
,74,  929   ,  1 028   ,  1 957   ,  1 031   ,  1 206   ,  2 237   ,  1 149   ,  1 416   ,  2 565   ,  1 167   ,  1 447   ,  2 614   ,  1 166   ,  1 452   ,  2 618   ,  1 179   ,  1 466   ,  2 645   ,  1 151   ,  1 387   ,  2 538   ,  1 099   ,  1 275   ,  2 374   ,  982   ,  1 142   ,  2 124   ,  1 031   ,  1 209   ,  2 240   ,  1 048   ,  1 248   ,  2 296   ,  1 141   ,  1 421   ,  2 562   ,  1 277   ,  1 661   ,  2 938   ,  1 319   ,  1 750   ,  3 069   ,  1 331   ,  1 786   ,  3 117   ,  1 397   ,  1 881   ,  3 278   
,75,  845   ,  952   ,  1 797   ,  866   ,  969   ,  1 835   ,  962   ,  1 138   ,  2 100   ,  1 073   ,  1 337   ,  2 410   ,  1 091   ,  1 367   ,  2 458   ,  1 090   ,  1 372   ,  2 462   ,  1 103   ,  1 384   ,  2 487   ,  1 077   ,  1 311   ,  2 388   ,  896   ,  1 055   ,  1 951   ,  921   ,  1 083   ,  2 004   ,  967   ,  1 145   ,  2 112   ,  983   ,  1 183   ,  2 166   ,  1 071   ,  1 347   ,  2 418   ,  1 200   ,  1 575   ,  2 775   ,  1 240   ,  1 661   ,  2 901   ,  1 252   ,  1 695   ,  2 947   
,76,  783   ,  875   ,  1 658   ,  804   ,  892   ,  1 696   ,  825   ,  909   ,  1 734   ,  917   ,  1 067   ,  1 984   ,  1 024   ,  1 255   ,  2 279   ,  1 042   ,  1 284   ,  2 326   ,  1 041   ,  1 288   ,  2 329   ,  1 054   ,  1 300   ,  2 354   ,  898   ,  1 078   ,  1 976   ,  860   ,  995   ,  1 855   ,  883   ,  1 019   ,  1 902   ,  927   ,  1 078   ,  2 005   ,  943   ,  1 115   ,  2 058   ,  1 028   ,  1 271   ,  2 299   ,  1 153   ,  1 486   ,  2 639   ,  1 192   ,  1 568   ,  2 760   
,77,  739   ,  843   ,  1 582   ,  737   ,  832   ,  1 569   ,  759   ,  850   ,  1 609   ,  779   ,  866   ,  1 645   ,  867   ,  1 018   ,  1 885   ,  969   ,  1 197   ,  2 166   ,  985   ,  1 224   ,  2 209   ,  986   ,  1 229   ,  2 215   ,  870   ,  1 087   ,  1 957   ,  853   ,  1 033   ,  1 886   ,  816   ,  952   ,  1 768   ,  838   ,  976   ,  1 814   ,  881   ,  1 033   ,  1 914   ,  897   ,  1 068   ,  1 965   ,  978   ,  1 219   ,  2 197   ,  1 098   ,  1 426   ,  2 524   
,78,  727   ,  877   ,  1 604   ,  700   ,  804   ,  1 504   ,  699   ,  794   ,  1 493   ,  720   ,  812   ,  1 532   ,  740   ,  827   ,  1 567   ,  824   ,  973   ,  1 797   ,  921   ,  1 144   ,  2 065   ,  938   ,  1 171   ,  2 109   ,  818   ,  1 030   ,  1 848   ,  830   ,  1 043   ,  1 873   ,  814   ,  990   ,  1 804   ,  779   ,  913   ,  1 692   ,  801   ,  937   ,  1 738   ,  842   ,  992   ,  1 834   ,  858   ,  1 027   ,  1 885   ,  937   ,  1 172   ,  2 109   
,79,  687   ,  883   ,  1 570   ,  669   ,  819   ,  1 488   ,  644   ,  751   ,  1 395   ,  644   ,  743   ,  1 387   ,  664   ,  759   ,  1 423   ,  683   ,  775   ,  1 458   ,  761   ,  911   ,  1 672   ,  852   ,  1 071   ,  1 923   ,  756   ,  961   ,  1 717   ,  759   ,  968   ,  1 727   ,  771   ,  980   ,  1 751   ,  755   ,  931   ,  1 686   ,  723   ,  859   ,  1 582   ,  745   ,  882   ,  1 627   ,  784   ,  935   ,  1 719   ,  799   ,  968   ,  1 767   
,80+,  4 823   ,  6 946   ,  11 769   ,  4 666   ,  6 732   ,  11 398   ,  4 526   ,  6 493   ,  11 019   ,  4 388   ,  6 234   ,  10 622   ,  4 277   ,  6 005   ,  10 282   ,  4 206   ,  5 833   ,  10 039   ,  4 165   ,  5 692   ,  9 857   ,  4 200   ,  5 715   ,  9 915   ,  3 767   ,  5 163   ,  8 930   ,  3 882   ,  5 335   ,  9 217   ,  3 977   ,  5 490   ,  9 467   ,  4 075   ,  5 617   ,  9 692   ,  4 142   ,  5 693   ,  9 835   ,  4 171   ,  5 694   ,  9 865   ,  4 220   ,  5 710   ,  9 930   ,  4 297   ,  5 787   ,  10 084   
,Total,  533 729   ,  604 874   ,  1 138 603   ,  548 578   ,  620 967   ,  1 169 545   ,  563 580   ,  637 225   ,  1 200 805   ,  578 702   ,  653 612   ,  1 232 314   ,  593 925   ,  670 106   ,  1 264 031   ,  609 242   ,  686 702   ,  1 295 944   ,  624 152   ,  702 804   ,  1 326 956   ,  639 151   ,  718 997   ,  1 358 148   ,  568 965   ,  640 144   ,  1 209 109   ,  583 069   ,  655 465   ,  1 238 534   ,  596 450   ,  669 930   ,  1 266 380   ,  609 942   ,  684 500   ,  1 294 442   ,  623 608   ,  699 249   ,  1 322 857   ,  637 449   ,  714 179   ,  1 351 628   ,  651 459   ,  729 281   ,  1 380 740   ,  665 615   ,  744 534   ,  1 410 149   