,,,,,,,,,,,,,,,,,,,,,,,,,,,,,,,,,,,,,,,,,,,,,,,,,
SIRBA,,,,,,,,,,,,,,,,,,,,,,,,,,,,,,,,,,,,,,,,,,,,,,,,,
,,,,,,,,,,,,,,,,,,,,,,,,,,,,,,,,,,,,,,,,,,,,,,,,,
GNAGNA,,,,,,,,,,,,,,,,,,,,,,,,,,,,,,,,,,,,,,,,,,,,,,,,,
,,2020,,,2021,,,2022,,,2023,,,2024,,,2025,,,2026,,,2027,,,2028,,,2029,,,2030,,,2031,,,2032,,,2033,,,2034,,,2035,,
, Ages,Ensemble,,,Ensemble,,,Ensemble,,,Ensemble,,,Ensemble,,,Ensemble,,,Ensemble,,,Ensemble,,,Ensemble,,,Ensemble,,,Ensemble,,,Ensemble,,,Ensemble,,,Ensemble,,,Ensemble,,,Ensemble,,
,,Homme ,Femme,Ensemble,Homme ,Femme,Ensemble,Homme ,Femme,Ensemble,Homme ,Femme,Ensemble,Homme ,Femme,Ensemble,Homme ,Femme,Ensemble,Homme ,Femme,Ensemble,Homme ,Femme,Ensemble,Homme ,Femme,Ensemble,Homme ,Femme,Ensemble,Homme ,Femme,Ensemble,Homme ,Femme,Ensemble,Homme ,Femme,Ensemble,Homme ,Femme,Ensemble,Homme ,Femme,Ensemble,Homme ,Femme,Ensemble
,0,  15 686   ,  15 117   ,  30 803   ,  15 807   ,  15 230   ,  31 037   ,  15 975   ,  15 402   ,  31 377   ,  16 121   ,  15 554   ,  31 675   ,  16 249   ,  15 687   ,  31 936   ,  16 371   ,  15 813   ,  32 184   ,  16 482   ,  15 924   ,  32 406   ,  16 589   ,  16 035   ,  32 624   ,  17 079   ,  16 522   ,  33 601   ,  17 188   ,  16 632   ,  33 820   ,  17 314   ,  16 761   ,  34 075   ,  17 604   ,  17 048   ,  34 652   ,  17 907   ,  17 344   ,  35 251   ,  18 212   ,  17 644   ,  35 856   ,  18 513   ,  17 938   ,  36 451   ,  18 800   ,  18 215   ,  37 015   
,1,  15 314   ,  14 817   ,  30 131   ,  15 296   ,  14 768   ,  30 064   ,  15 426   ,  14 891   ,  30 317   ,  15 603   ,  15 067   ,  30 670   ,  15 756   ,  15 222   ,  30 978   ,  15 893   ,  15 359   ,  31 252   ,  16 010   ,  15 474   ,  31 484   ,  16 131   ,  15 593   ,  31 724   ,  16 629   ,  16 086   ,  32 715   ,  16 760   ,  16 215   ,  32 975   ,  16 903   ,  16 357   ,  33 260   ,  17 016   ,  16 471   ,  33 487   ,  17 311   ,  16 760   ,  34 071   ,  17 616   ,  17 061   ,  34 677   ,  17 926   ,  17 363   ,  35 289   ,  18 231   ,  17 660   ,  35 891   
,2,  14 794   ,  14 399   ,  29 193   ,  15 120   ,  14 651   ,  29 771   ,  15 108   ,  14 609   ,  29 717   ,  15 243   ,  14 734   ,  29 977   ,  15 422   ,  14 913   ,  30 335   ,  15 578   ,  15 068   ,  30 646   ,  15 706   ,  15 194   ,  30 900   ,  15 827   ,  15 315   ,  31 142   ,  16 326   ,  15 806   ,  32 132   ,  16 466   ,  15 946   ,  32 412   ,  16 626   ,  16 102   ,  32 728   ,  16 752   ,  16 228   ,  32 980   ,  16 869   ,  16 344   ,  33 213   ,  17 165   ,  16 636   ,  33 801   ,  17 472   ,  16 937   ,  34 409   ,  17 782   ,  17 240   ,  35 022   
,3,  14 157   ,  13 866   ,  28 023   ,  14 574   ,  14 193   ,  28 767   ,  14 897   ,  14 445   ,  29 342   ,  14 890   ,  14 406   ,  29 296   ,  15 024   ,  14 530   ,  29 554   ,  15 203   ,  14 704   ,  29 907   ,  15 347   ,  14 846   ,  30 193   ,  15 477   ,  14 973   ,  30 450   ,  15 969   ,  15 462   ,  31 431   ,  16 112   ,  15 601   ,  31 713   ,  16 279   ,  15 764   ,  32 043   ,  16 417   ,  15 902   ,  32 319   ,  16 545   ,  16 028   ,  32 573   ,  16 662   ,  16 144   ,  32 806   ,  16 956   ,  16 432   ,  33 388   ,  17 262   ,  16 729   ,  33 991   
,4,  13 549   ,  13 337   ,  26 886   ,  13 981   ,  13 683   ,  27 664   ,  14 395   ,  14 008   ,  28 403   ,  14 717   ,  14 259   ,  28 976   ,  14 712   ,  14 220   ,  28 932   ,  14 847   ,  14 343   ,  29 190   ,  15 013   ,  14 505   ,  29 518   ,  15 159   ,  14 647   ,  29 806   ,  15 654   ,  15 136   ,  30 790   ,  15 796   ,  15 275   ,  31 071   ,  15 965   ,  15 441   ,  31 406   ,  16 112   ,  15 584   ,  31 696   ,  16 252   ,  15 722   ,  31 974   ,  16 379   ,  15 845   ,  32 224   ,  16 496   ,  15 961   ,  32 457   ,  16 790   ,  16 247   ,  33 037   
,5,  12 845   ,  12 704   ,  25 549   ,  13 396   ,  13 193   ,  26 589   ,  13 825   ,  13 539   ,  27 364   ,  14 237   ,  13 862   ,  28 099   ,  14 558   ,  14 110   ,  28 668   ,  14 554   ,  14 072   ,  28 626   ,  14 677   ,  14 180   ,  28 857   ,  14 845   ,  14 342   ,  29 187   ,  15 352   ,  14 844   ,  30 196   ,  15 499   ,  14 988   ,  30 487   ,  15 668   ,  15 151   ,  30 819   ,  15 816   ,  15 296   ,  31 112   ,  15 963   ,  15 440   ,  31 403   ,  16 103   ,  15 576   ,  31 679   ,  16 231   ,  15 699   ,  31 930   ,  16 348   ,  15 812   ,  32 160   
,6,  12 237   ,  12 122   ,  24 359   ,  12 758   ,  12 621   ,  25 379   ,  13 307   ,  13 111   ,  26 418   ,  13 736   ,  13 455   ,  27 191   ,  14 147   ,  13 776   ,  27 923   ,  14 468   ,  14 022   ,  28 490   ,  14 453   ,  13 970   ,  28 423   ,  14 578   ,  14 080   ,  28 658   ,  15 102   ,  14 595   ,  29 697   ,  15 267   ,  14 757   ,  30 024   ,  15 439   ,  14 924   ,  30 363   ,  15 587   ,  15 069   ,  30 656   ,  15 736   ,  15 214   ,  30 950   ,  15 883   ,  15 357   ,  31 240   ,  16 025   ,  15 491   ,  31 516   ,  16 152   ,  15 613   ,  31 765   
,7,  11 800   ,  11 670   ,  23 470   ,  12 160   ,  12 056   ,  24 216   ,  12 680   ,  12 555   ,  25 235   ,  13 228   ,  13 042   ,  26 270   ,  13 654   ,  13 386   ,  27 040   ,  14 064   ,  13 703   ,  27 767   ,  14 372   ,  13 935   ,  28 307   ,  14 360   ,  13 887   ,  28 247   ,  14 836   ,  14 344   ,  29 180   ,  15 022   ,  14 525   ,  29 547   ,  15 210   ,  14 708   ,  29 918   ,  15 365   ,  14 858   ,  30 223   ,  15 512   ,  15 001   ,  30 513   ,  15 662   ,  15 145   ,  30 807   ,  15 809   ,  15 286   ,  31 095   ,  15 949   ,  15 419   ,  31 368   
,8,  11 395   ,  11 228   ,  22 623   ,  11 670   ,  11 561   ,  23 231   ,  12 026   ,  11 946   ,  23 972   ,  12 542   ,  12 441   ,  24 983   ,  13 085   ,  12 922   ,  26 007   ,  13 508   ,  13 262   ,  26 770   ,  13 902   ,  13 564   ,  27 466   ,  14 209   ,  13 795   ,  28 004   ,  14 544   ,  14 091   ,  28 635   ,  14 685   ,  14 217   ,  28 902   ,  14 893   ,  14 419   ,  29 312   ,  15 063   ,  14 583   ,  29 646   ,  15 215   ,  14 732   ,  29 947   ,  15 362   ,  14 873   ,  30 235   ,  15 510   ,  15 015   ,  30 525   ,  15 657   ,  15 153   ,  30 810   
,9,  10 959   ,  10 762   ,  21 721   ,  11 351   ,  11 221   ,  22 572   ,  11 628   ,  11 556   ,  23 184   ,  11 985   ,  11 940   ,  23 925   ,  12 499   ,  12 436   ,  24 935   ,  13 040   ,  12 916   ,  25 956   ,  13 452   ,  13 241   ,  26 693   ,  13 846   ,  13 544   ,  27 390   ,  14 498   ,  14 120   ,  28 618   ,  14 498   ,  14 084   ,  28 582   ,  14 664   ,  14 233   ,  28 897   ,  14 853   ,  14 417   ,  29 270   ,  15 023   ,  14 582   ,  29 605   ,  15 176   ,  14 729   ,  29 905   ,  15 323   ,  14 870   ,  30 193   ,  15 470   ,  15 009   ,  30 479   
,10,  10 458   ,  9 792   ,  20 250   ,  10 946   ,  10 309   ,  21 255   ,  11 339   ,  10 749   ,  22 088   ,  11 615   ,  11 070   ,  22 685   ,  11 972   ,  11 438   ,  23 410   ,  12 488   ,  11 911   ,  24 399   ,  13 016   ,  12 360   ,  25 376   ,  13 430   ,  12 673   ,  26 103   ,  14 166   ,  13 289   ,  27 455   ,  14 493   ,  13 529   ,  28 022   ,  14 519   ,  13 518   ,  28 037   ,  14 666   ,  13 644   ,  28 310   ,  14 855   ,  13 820   ,  28 675   ,  15 024   ,  13 976   ,  29 000   ,  15 177   ,  14 117   ,  29 294   ,  15 324   ,  14 249   ,  29 573   
,11,  9 966   ,  9 138   ,  19 104   ,  10 320   ,  9 494   ,  19 814   ,  10 803   ,  9 995   ,  20 798   ,  11 191   ,  10 423   ,  21 614   ,  11 464   ,  10 734   ,  22 198   ,  11 818   ,  11 088   ,  22 906   ,  12 315   ,  11 535   ,  23 850   ,  12 837   ,  11 971   ,  24 808   ,  13 578   ,  12 585   ,  26 163   ,  13 992   ,  12 886   ,  26 878   ,  14 337   ,  13 142   ,  27 479   ,  14 344   ,  13 114   ,  27 458   ,  14 489   ,  13 235   ,  27 724   ,  14 677   ,  13 405   ,  28 082   ,  14 844   ,  13 556   ,  28 400   ,  14 994   ,  13 689   ,  28 683   
,12,  9 345   ,  8 500   ,  17 845   ,  9 736   ,  8 848   ,  18 584   ,  10 083   ,  9 193   ,  19 276   ,  10 554   ,  9 679   ,  20 233   ,  10 933   ,  10 092   ,  21 025   ,  11 202   ,  10 392   ,  21 594   ,  11 536   ,  10 725   ,  22 261   ,  12 024   ,  11 157   ,  23 181   ,  12 852   ,  11 874   ,  24 726   ,  13 273   ,  12 187   ,  25 460   ,  13 697   ,  12 498   ,  26 195   ,  14 019   ,  12 729   ,  26 748   ,  14 025   ,  12 701   ,  26 726   ,  14 166   ,  12 818   ,  26 984   ,  14 350   ,  12 981   ,  27 331   ,  14 513   ,  13 125   ,  27 638   
,13,  8 625   ,  7 730   ,  16 355   ,  9 128   ,  8 146   ,  17 274   ,  9 509   ,  8 480   ,  17 989   ,  9 849   ,  8 812   ,  18 661   ,  10 312   ,  9 277   ,  19 589   ,  10 682   ,  9 671   ,  20 353   ,  10 933   ,  9 949   ,  20 882   ,  11 261   ,  10 268   ,  21 529   ,  12 039   ,  10 955   ,  22 994   ,  12 564   ,  11 380   ,  23 944   ,  12 996   ,  11 698   ,  24 694   ,  13 395   ,  11 982   ,  25 377   ,  13 708   ,  12 203   ,  25 911   ,  13 716   ,  12 174   ,  25 890   ,  13 855   ,  12 285   ,  26 140   ,  14 034   ,  12 440   ,  26 474   
,14,  8 281   ,  7 410   ,  15 691   ,  8 699   ,  7 709   ,  16 408   ,  9 207   ,  8 126   ,  17 333   ,  9 593   ,  8 457   ,  18 050   ,  9 937   ,  8 787   ,  18 724   ,  10 404   ,  9 247   ,  19 651   ,  10 769   ,  9 632   ,  20 401   ,  11 023   ,  9 908   ,  20 931   ,  11 646   ,  10 490   ,  22 136   ,  12 150   ,  10 924   ,  23 074   ,  12 699   ,  11 365   ,  24 064   ,  13 119   ,  11 668   ,  24 787   ,  13 524   ,  11 950   ,  25 474   ,  13 839   ,  12 169   ,  26 008   ,  13 848   ,  12 141   ,  25 989   ,  13 987   ,  12 247   ,  26 234   
,15,  7 568   ,  7 048   ,  14 616   ,  8 015   ,  7 306   ,  15 321   ,  8 421   ,  7 603   ,  16 024   ,  8 915   ,  8 011   ,  16 926   ,  9 290   ,  8 337   ,  17 627   ,  9 622   ,  8 661   ,  18 283   ,  10 066   ,  9 107   ,  19 173   ,  10 422   ,  9 485   ,  19 907   ,  10 946   ,  10 017   ,  20 963   ,  11 287   ,  10 346   ,  21 633   ,  11 796   ,  10 792   ,  22 588   ,  12 314   ,  11 213   ,  23 527   ,  12 721   ,  11 511   ,  24 232   ,  13 112   ,  11 789   ,  24 901   ,  13 422   ,  12 002   ,  25 424   ,  13 428   ,  11 971   ,  25 399   
,16,  6 959   ,  6 957   ,  13 916   ,  7 497   ,  7 255   ,  14 752   ,  7 940   ,  7 521   ,  15 461   ,  8 343   ,  7 824   ,  16 167   ,  8 833   ,  8 245   ,  17 078   ,  9 206   ,  8 579   ,  17 785   ,  9 527   ,  8 902   ,  18 429   ,  9 968   ,  9 361   ,  19 329   ,  10 590   ,  10 008   ,  20 598   ,  10 851   ,  10 303   ,  21 154   ,  11 207   ,  10 662   ,  21 869   ,  11 697   ,  11 105   ,  22 802   ,  12 213   ,  11 539   ,  23 752   ,  12 617   ,  11 844   ,  24 461   ,  13 006   ,  12 127   ,  25 133   ,  13 313   ,  12 343   ,  25 656   
,17,  6 533   ,  6 917   ,  13 450   ,  6 896   ,  7 014   ,  13 910   ,  7 429   ,  7 314   ,  14 743   ,  7 870   ,  7 582   ,  15 452   ,  8 271   ,  7 887   ,  16 158   ,  8 756   ,  8 310   ,  17 066   ,  9 118   ,  8 638   ,  17 756   ,  9 438   ,  8 965   ,  18 403   ,  10 133   ,  9 677   ,  19 810   ,  10 500   ,  10 088   ,  20 588   ,  10 778   ,  10 404   ,  21 182   ,  11 117   ,  10 750   ,  21 867   ,  11 604   ,  11 198   ,  22 802   ,  12 116   ,  11 633   ,  23 749   ,  12 519   ,  11 938   ,  24 457   ,  12 904   ,  12 220   ,  25 124   
,18,  6 314   ,  7 368   ,  13 682   ,  6 536   ,  7 255   ,  13 791   ,  6 898   ,  7 357   ,  14 255   ,  7 433   ,  7 671   ,  15 104   ,  7 875   ,  7 952   ,  15 827   ,  8 277   ,  8 272   ,  16 549   ,  8 756   ,  8 706   ,  17 462   ,  9 118   ,  9 051   ,  18 169   ,  9 680   ,  9 644   ,  19 324   ,  10 138   ,  10 149   ,  20 287   ,  10 525   ,  10 598   ,  21 123   ,  10 789   ,  10 917   ,  21 706   ,  11 129   ,  11 279   ,  22 408   ,  11 617   ,  11 747   ,  23 364   ,  12 130   ,  12 201   ,  24 331   ,  12 533   ,  12 519   ,  25 052   
,19,  5 906   ,  7 303   ,  13 209   ,  6 162   ,  7 327   ,  13 489   ,  6 379   ,  7 214   ,  13 593   ,  6 733   ,  7 316   ,  14 049   ,  7 258   ,  7 628   ,  14 886   ,  7 689   ,  7 906   ,  15 595   ,  8 074   ,  8 216   ,  16 290   ,  8 547   ,  8 648   ,  17 195   ,  9 129   ,  9 232   ,  18 361   ,  9 457   ,  9 589   ,  19 046   ,  9 923   ,  10 109   ,  20 032   ,  10 289   ,  10 542   ,  20 831   ,  10 548   ,  10 859   ,  21 407   ,  10 881   ,  11 218   ,  22 099   ,  11 360   ,  11 682   ,  23 042   ,  11 860   ,  12 131   ,  23 991   
,20,  5 487   ,  7 054   ,  12 541   ,  5 780   ,  7 305   ,  13 085   ,  6 032   ,  7 331   ,  13 363   ,  6 245   ,  7 218   ,  13 463   ,  6 594   ,  7 319   ,  13 913   ,  7 108   ,  7 630   ,  14 738   ,  7 527   ,  7 902   ,  15 429   ,  7 907   ,  8 212   ,  16 119   ,  8 586   ,  8 876   ,  17 462   ,  8 951   ,  9 236   ,  18 187   ,  9 291   ,  9 610   ,  18 901   ,  9 735   ,  10 118   ,  19 853   ,  10 096   ,  10 552   ,  20 648   ,  10 350   ,  10 867   ,  21 217   ,  10 678   ,  11 226   ,  21 904   ,  11 149   ,  11 688   ,  22 837   
,21,  5 077   ,  6 503   ,  11 580   ,  5 308   ,  6 773   ,  12 081   ,  5 595   ,  7 016   ,  12 611   ,  5 838   ,  7 039   ,  12 877   ,  6 047   ,  6 930   ,  12 977   ,  6 384   ,  7 026   ,  13 410   ,  6 879   ,  7 318   ,  14 197   ,  7 288   ,  7 580   ,  14 868   ,  7 856   ,  8 089   ,  15 945   ,  8 324   ,  8 524   ,  16 848   ,  8 694   ,  8 884   ,  17 578   ,  9 013   ,  9 233   ,  18 246   ,  9 446   ,  9 720   ,  19 166   ,  9 798   ,  10 136   ,  19 934   ,  10 045   ,  10 438   ,  20 483   ,  10 364   ,  10 780   ,  21 144   
,22,  4 681   ,  5 986   ,  10 667   ,  4 942   ,  6 388   ,  11 330   ,  5 168   ,  6 654   ,  11 822   ,  5 448   ,  6 893   ,  12 341   ,  5 688   ,  6 916   ,  12 604   ,  5 890   ,  6 807   ,  12 697   ,  6 217   ,  6 896   ,  13 113   ,  6 702   ,  7 184   ,  13 886   ,  7 286   ,  7 639   ,  14 925   ,  7 664   ,  7 946   ,  15 610   ,  8 136   ,  8 387   ,  16 523   ,  8 487   ,  8 731   ,  17 218   ,  8 802   ,  9 074   ,  17 876   ,  9 227   ,  9 553   ,  18 780   ,  9 570   ,  9 960   ,  19 530   ,  9 813   ,  10 255   ,  20 068   
,23,  4 249   ,  5 399   ,  9 648   ,  4 505   ,  5 795   ,  10 300   ,  4 756   ,  6 186   ,  10 942   ,  4 975   ,  6 442   ,  11 417   ,  5 248   ,  6 673   ,  11 921   ,  5 478   ,  6 695   ,  12 173   ,  5 672   ,  6 585   ,  12 257   ,  5 989   ,  6 669   ,  12 658   ,  6 631   ,  7 140   ,  13 771   ,  7 032   ,  7 401   ,  14 433   ,  7 412   ,  7 712   ,  15 124   ,  7 861   ,  8 132   ,  15 993   ,  8 203   ,  8 465   ,  16 668   ,  8 507   ,  8 796   ,  17 303   ,  8 921   ,  9 260   ,  18 181   ,  9 252   ,  9 653   ,  18 905   
,24,  4 079   ,  5 274   ,  9 353   ,  4 237   ,  5 506   ,  9 743   ,  4 494   ,  5 912   ,  10 406   ,  4 746   ,  6 311   ,  11 057   ,  4 969   ,  6 573   ,  11 542   ,  5 242   ,  6 808   ,  12 050   ,  5 470   ,  6 824   ,  12 294   ,  5 663   ,  6 711   ,  12 374   ,  6 140   ,  6 987   ,  13 127   ,  6 630   ,  7 285   ,  13 915   ,  7 048   ,  7 565   ,  14 613   ,  7 420   ,  7 873   ,  15 293   ,  7 871   ,  8 300   ,  16 171   ,  8 215   ,  8 641   ,  16 856   ,  8 522   ,  8 978   ,  17 500   ,  8 937   ,  9 451   ,  18 388   
,25,  3 978   ,  5 151   ,  9 129   ,  4 050   ,  5 281   ,  9 331   ,  4 206   ,  5 517   ,  9 723   ,  4 464   ,  5 923   ,  10 387   ,  4 717   ,  6 324   ,  11 041   ,  4 938   ,  6 586   ,  11 524   ,  5 207   ,  6 815   ,  12 022   ,  5 438   ,  6 833   ,  12 271   ,  5 780   ,  6 904   ,  12 684   ,  6 112   ,  7 000   ,  13 112   ,  6 615   ,  7 312   ,  13 927   ,  7 024   ,  7 584   ,  14 608   ,  7 396   ,  7 894   ,  15 290   ,  7 848   ,  8 322   ,  16 170   ,  8 192   ,  8 663   ,  16 855   ,  8 499   ,  8 999   ,  17 498   
,26,  3 928   ,  5 164   ,  9 092   ,  3 980   ,  5 269   ,  9 249   ,  4 053   ,  5 403   ,  9 456   ,  4 212   ,  5 643   ,  9 855   ,  4 472   ,  6 060   ,  10 532   ,  4 727   ,  6 469   ,  11 196   ,  4 948   ,  6 732   ,  11 680   ,  5 220   ,  6 968   ,  12 188   ,  5 595   ,  7 178   ,  12 773   ,  5 801   ,  7 065   ,  12 866   ,  6 147   ,  7 177   ,  13 324   ,  6 647   ,  7 488   ,  14 135   ,  7 061   ,  7 767   ,  14 828   ,  7 437   ,  8 083   ,  15 520   ,  7 895   ,  8 521   ,  16 416   ,  8 241   ,  8 868   ,  17 109   
,27,  3 832   ,  5 053   ,  8 885   ,  3 842   ,  5 092   ,  8 934   ,  3 894   ,  5 196   ,  9 090   ,  3 968   ,  5 328   ,  9 296   ,  4 124   ,  5 564   ,  9 688   ,  4 382   ,  5 974   ,  10 356   ,  4 631   ,  6 374   ,  11 005   ,  4 848   ,  6 635   ,  11 483   ,  5 251   ,  7 057   ,  12 308   ,  5 490   ,  7 082   ,  12 572   ,  5 704   ,  6 983   ,  12 687   ,  6 039   ,  7 084   ,  13 123   ,  6 533   ,  7 393   ,  13 926   ,  6 942   ,  7 669   ,  14 611   ,  7 313   ,  7 980   ,  15 293   ,  7 766   ,  8 413   ,  16 179   
,28,  3 908   ,  5 108   ,  9 016   ,  3 794   ,  5 008   ,  8 802   ,  3 805   ,  5 047   ,  8 852   ,  3 857   ,  5 151   ,  9 008   ,  3 930   ,  5 283   ,  9 213   ,  4 088   ,  5 519   ,  9 607   ,  4 340   ,  5 921   ,  10 261   ,  4 591   ,  6 318   ,  10 909   ,  4 934   ,  6 757   ,  11 691   ,  5 212   ,  7 001   ,  12 213   ,  5 461   ,  7 037   ,  12 498   ,  5 668   ,  6 934   ,  12 602   ,  6 003   ,  7 034   ,  13 037   ,  6 497   ,  7 340   ,  13 837   ,  6 905   ,  7 613   ,  14 518   ,  7 278   ,  7 923   ,  15 201   
,29,  3 834   ,  4 913   ,  8 747   ,  3 791   ,  4 940   ,  8 731   ,  3 681   ,  4 844   ,  8 525   ,  3 692   ,  4 883   ,  8 575   ,  3 745   ,  4 983   ,  8 728   ,  3 817   ,  5 111   ,  8 928   ,  3 968   ,  5 334   ,  9 302   ,  4 216   ,  5 724   ,  9 940   ,  4 577   ,  6 279   ,  10 856   ,  4 800   ,  6 542   ,  11 342   ,  5 082   ,  6 791   ,  11 873   ,  5 319   ,  6 819   ,  12 138   ,  5 524   ,  6 716   ,  12 240   ,  5 852   ,  6 814   ,  12 666   ,  6 335   ,  7 110   ,  13 445   ,  6 736   ,  7 375   ,  14 111   
,30,  3 681   ,  4 650   ,  8 331   ,  3 734   ,  4 826   ,  8 560   ,  3 694   ,  4 854   ,  8 548   ,  3 586   ,  4 760   ,  8 346   ,  3 597   ,  4 798   ,  8 395   ,  3 648   ,  4 896   ,  8 544   ,  3 716   ,  5 017   ,  8 733   ,  3 866   ,  5 237   ,  9 103   ,  4 219   ,  5 781   ,  10 000   ,  4 469   ,  6 174   ,  10 643   ,  4 697   ,  6 445   ,  11 142   ,  4 968   ,  6 683   ,  11 651   ,  5 203   ,  6 710   ,  11 913   ,  5 403   ,  6 608   ,  12 011   ,  5 725   ,  6 705   ,  12 430   ,  6 200   ,  6 996   ,  13 196   
,31,  3 474   ,  4 222   ,  7 696   ,  3 505   ,  4 386   ,  7 891   ,  3 555   ,  4 555   ,  8 110   ,  3 518   ,  4 581   ,  8 099   ,  3 415   ,  4 492   ,  7 907   ,  3 426   ,  4 527   ,  7 953   ,  3 474   ,  4 615   ,  8 089   ,  3 540   ,  4 732   ,  8 272   ,  3 782   ,  5 079   ,  8 861   ,  4 025   ,  5 458   ,  9 483   ,  4 274   ,  5 840   ,  10 114   ,  4 487   ,  6 089   ,  10 576   ,  4 749   ,  6 315   ,  11 064   ,  4 974   ,  6 339   ,  11 313   ,  5 166   ,  6 244   ,  11 410   ,  5 475   ,  6 334   ,  11 809   
,32,  3 346   ,  3 947   ,  7 293   ,  3 429   ,  4 164   ,  7 593   ,  3 459   ,  4 327   ,  7 786   ,  3 512   ,  4 494   ,  8 006   ,  3 474   ,  4 519   ,  7 993   ,  3 372   ,  4 432   ,  7 804   ,  3 382   ,  4 463   ,  7 845   ,  3 430   ,  4 551   ,  7 981   ,  3 592   ,  4 800   ,  8 392   ,  3 741   ,  5 015   ,  8 756   ,  3 990   ,  5 398   ,  9 388   ,  4 232   ,  5 770   ,  10 002   ,  4 445   ,  6 017   ,  10 462   ,  4 706   ,  6 238   ,  10 944   ,  4 930   ,  6 263   ,  11 193   ,  5 121   ,  6 167   ,  11 288   
,33,  2 999   ,  3 410   ,  6 409   ,  3 174   ,  3 734   ,  6 908   ,  3 254   ,  3 941   ,  7 195   ,  3 284   ,  4 096   ,  7 380   ,  3 333   ,  4 253   ,  7 586   ,  3 298   ,  4 277   ,  7 575   ,  3 199   ,  4 190   ,  7 389   ,  3 209   ,  4 220   ,  7 429   ,  3 346   ,  4 433   ,  7 779   ,  3 414   ,  4 547   ,  7 961   ,  3 564   ,  4 761   ,  8 325   ,  3 798   ,  5 119   ,  8 917   ,  4 028   ,  5 472   ,  9 500   ,  4 231   ,  5 705   ,  9 936   ,  4 482   ,  5 916   ,  10 398   ,  4 696   ,  5 939   ,  10 635   
,34,  2 922   ,  3 276   ,  6 198   ,  3 031   ,  3 497   ,  6 528   ,  3 210   ,  3 831   ,  7 041   ,  3 290   ,  4 046   ,  7 336   ,  3 322   ,  4 203   ,  7 525   ,  3 372   ,  4 365   ,  7 737   ,  3 335   ,  4 387   ,  7 722   ,  3 234   ,  4 298   ,  7 532   ,  3 337   ,  4 458   ,  7 795   ,  3 388   ,  4 551   ,  7 939   ,  3 463   ,  4 678   ,  8 141   ,  3 611   ,  4 891   ,  8 502   ,  3 850   ,  5 260   ,  9 110   ,  4 086   ,  5 622   ,  9 708   ,  4 294   ,  5 862   ,  10 156   ,  4 548   ,  6 078   ,  10 626   
,35,  2 848   ,  3 146   ,  5 994   ,  2 902   ,  3 241   ,  6 143   ,  3 010   ,  3 459   ,  6 469   ,  3 188   ,  3 792   ,  6 980   ,  3 270   ,  4 003   ,  7 273   ,  3 303   ,  4 160   ,  7 463   ,  3 352   ,  4 316   ,  7 668   ,  3 314   ,  4 338   ,  7 652   ,  3 306   ,  4 377   ,  7 683   ,  3 320   ,  4 412   ,  7 732   ,  3 376   ,  4 513   ,  7 889   ,  3 448   ,  4 634   ,  8 082   ,  3 597   ,  4 846   ,  8 443   ,  3 836   ,  5 211   ,  9 047   ,  4 072   ,  5 570   ,  9 642   ,  4 279   ,  5 807   ,  10 086   
,36,  2 796   ,  3 101   ,  5 897   ,  2 896   ,  3 240   ,  6 136   ,  2 952   ,  3 338   ,  6 290   ,  3 064   ,  3 565   ,  6 629   ,  3 248   ,  3 906   ,  7 154   ,  3 331   ,  4 124   ,  7 455   ,  3 362   ,  4 282   ,  7 644   ,  3 413   ,  4 445   ,  7 858   ,  3 471   ,  4 597   ,  8 068   ,  3 368   ,  4 510   ,  7 878   ,  3 389   ,  4 556   ,  7 945   ,  3 442   ,  4 654   ,  8 096   ,  3 515   ,  4 778   ,  8 293   ,  3 668   ,  4 997   ,  8 665   ,  3 915   ,  5 374   ,  9 289   ,  4 156   ,  5 744   ,  9 900   
,37,  2 765   ,  3 065   ,  5 830   ,  2 796   ,  3 116   ,  5 912   ,  2 899   ,  3 255   ,  6 154   ,  2 953   ,  3 355   ,  6 308   ,  3 067   ,  3 583   ,  6 650   ,  3 253   ,  3 928   ,  7 181   ,  3 334   ,  4 144   ,  7 478   ,  3 366   ,  4 302   ,  7 668   ,  3 513   ,  4 597   ,  8 110   ,  3 478   ,  4 623   ,  8 101   ,  3 382   ,  4 544   ,  7 926   ,  3 398   ,  4 585   ,  7 983   ,  3 453   ,  4 683   ,  8 136   ,  3 527   ,  4 809   ,  8 336   ,  3 682   ,  5 030   ,  8 712   ,  3 930   ,  5 408   ,  9 338   
,38,  2 803   ,  3 116   ,  5 919   ,  2 790   ,  3 123   ,  5 913   ,  2 823   ,  3 175   ,  5 998   ,  2 926   ,  3 320   ,  6 246   ,  2 982   ,  3 421   ,  6 403   ,  3 097   ,  3 654   ,  6 751   ,  3 285   ,  4 001   ,  7 286   ,  3 370   ,  4 222   ,  7 592   ,  3 495   ,  4 509   ,  8 004   ,  3 552   ,  4 685   ,  8 237   ,  3 522   ,  4 722   ,  8 244   ,  3 421   ,  4 634   ,  8 055   ,  3 438   ,  4 678   ,  8 116   ,  3 494   ,  4 779   ,  8 273   ,  3 570   ,  4 907   ,  8 477   ,  3 727   ,  5 131   ,  8 858   
,39,  2 672   ,  2 966   ,  5 638   ,  2 729   ,  3 057   ,  5 786   ,  2 717   ,  3 066   ,  5 783   ,  2 749   ,  3 116   ,  5 865   ,  2 852   ,  3 260   ,  6 112   ,  2 908   ,  3 358   ,  6 266   ,  3 019   ,  3 584   ,  6 603   ,  3 203   ,  3 925   ,  7 128   ,  3 376   ,  4 259   ,  7 635   ,  3 411   ,  4 428   ,  7 839   ,  3 474   ,  4 611   ,  8 085   ,  3 441   ,  4 641   ,  8 082   ,  3 342   ,  4 558   ,  7 900   ,  3 360   ,  4 598   ,  7 958   ,  3 415   ,  4 698   ,  8 113   ,  3 489   ,  4 823   ,  8 312   
,40,  2 535   ,  2 780   ,  5 315   ,  2 638   ,  2 931   ,  5 569   ,  2 694   ,  3 022   ,  5 716   ,  2 683   ,  3 032   ,  5 715   ,  2 715   ,  3 082   ,  5 797   ,  2 817   ,  3 222   ,  6 039   ,  2 871   ,  3 317   ,  6 188   ,  2 982   ,  3 540   ,  6 522   ,  3 252   ,  3 988   ,  7 240   ,  3 338   ,  4 213   ,  7 551   ,  3 381   ,  4 388   ,  7 769   ,  3 441   ,  4 564   ,  8 005   ,  3 408   ,  4 595   ,  8 003   ,  3 309   ,  4 510   ,  7 819   ,  3 327   ,  4 551   ,  7 878   ,  3 382   ,  4 648   ,  8 030   
,41,  2 397   ,  2 606   ,  5 003   ,  2 473   ,  2 730   ,  5 203   ,  2 575   ,  2 880   ,  5 455   ,  2 632   ,  2 969   ,  5 601   ,  2 620   ,  2 981   ,  5 601   ,  2 652   ,  3 030   ,  5 682   ,  2 751   ,  3 163   ,  5 914   ,  2 805   ,  3 258   ,  6 063   ,  2 994   ,  3 575   ,  6 569   ,  3 181   ,  3 922   ,  7 103   ,  3 273   ,  4 152   ,  7 425   ,  3 311   ,  4 319   ,  7 630   ,  3 370   ,  4 491   ,  7 861   ,  3 339   ,  4 521   ,  7 860   ,  3 243   ,  4 438   ,  7 681   ,  3 259   ,  4 478   ,  7 737   
,42,  2 231   ,  2 384   ,  4 615   ,  2 351   ,  2 554   ,  4 905   ,  2 425   ,  2 678   ,  5 103   ,  2 528   ,  2 823   ,  5 351   ,  2 583   ,  2 911   ,  5 494   ,  2 574   ,  2 921   ,  5 495   ,  2 603   ,  2 967   ,  5 570   ,  2 701   ,  3 098   ,  5 799   ,  2 831   ,  3 284   ,  6 115   ,  2 945   ,  3 507   ,  6 452   ,  3 135   ,  3 853   ,  6 988   ,  3 222   ,  4 074   ,  7 296   ,  3 260   ,  4 239   ,  7 499   ,  3 317   ,  4 409   ,  7 726   ,  3 287   ,  4 438   ,  7 725   ,  3 192   ,  4 356   ,  7 548   
,43,  1 933   ,  1 975   ,  3 908   ,  2 116   ,  2 218   ,  4 334   ,  2 228   ,  2 377   ,  4 605   ,  2 301   ,  2 491   ,  4 792   ,  2 399   ,  2 626   ,  5 025   ,  2 451   ,  2 709   ,  5 160   ,  2 441   ,  2 714   ,  5 155   ,  2 470   ,  2 757   ,  5 227   ,  2 636   ,  2 965   ,  5 601   ,  2 691   ,  3 058   ,  5 749   ,  2 806   ,  3 273   ,  6 079   ,  2 983   ,  3 592   ,  6 575   ,  3 068   ,  3 797   ,  6 865   ,  3 104   ,  3 951   ,  7 055   ,  3 160   ,  4 109   ,  7 269   ,  3 131   ,  4 136   ,  7 267   
,44,  1 807   ,  1 821   ,  3 628   ,  1 939   ,  1 990   ,  3 929   ,  2 123   ,  2 234   ,  4 357   ,  2 238   ,  2 395   ,  4 633   ,  2 312   ,  2 511   ,  4 823   ,  2 410   ,  2 646   ,  5 056   ,  2 463   ,  2 726   ,  5 189   ,  2 450   ,  2 733   ,  5 183   ,  2 553   ,  2 858   ,  5 411   ,  2 652   ,  2 988   ,  5 640   ,  2 712   ,  3 089   ,  5 801   ,  2 825   ,  3 302   ,  6 127   ,  3 005   ,  3 624   ,  6 629   ,  3 089   ,  3 832   ,  6 921   ,  3 127   ,  3 987   ,  7 114   ,  3 183   ,  4 145   ,  7 328   
,45,  1 691   ,  1 716   ,  3 407   ,  1 760   ,  1 796   ,  3 556   ,  1 887   ,  1 962   ,  3 849   ,  2 069   ,  2 204   ,  4 273   ,  2 181   ,  2 362   ,  4 543   ,  2 253   ,  2 476   ,  4 729   ,  2 349   ,  2 607   ,  4 956   ,  2 400   ,  2 687   ,  5 087   ,  2 458   ,  2 773   ,  5 231   ,  2 491   ,  2 820   ,  5 311   ,  2 594   ,  2 954   ,  5 548   ,  2 649   ,  3 049   ,  5 698   ,  2 760   ,  3 260   ,  6 020   ,  2 937   ,  3 579   ,  6 516   ,  3 020   ,  3 783   ,  6 803   ,  3 059   ,  3 936   ,  6 995   
,46,  1 614   ,  1 638   ,  3 252   ,  1 698   ,  1 727   ,  3 425   ,  1 768   ,  1 806   ,  3 574   ,  1 896   ,  1 973   ,  3 869   ,  2 079   ,  2 217   ,  4 296   ,  2 193   ,  2 377   ,  4 570   ,  2 266   ,  2 489   ,  4 755   ,  2 362   ,  2 622   ,  4 984   ,  2 483   ,  2 781   ,  5 264   ,  2 475   ,  2 791   ,  5 266   ,  2 513   ,  2 844   ,  5 357   ,  2 613   ,  2 975   ,  5 588   ,  2 670   ,  3 071   ,  5 741   ,  2 783   ,  3 283   ,  6 066   ,  2 962   ,  3 604   ,  6 566   ,  3 046   ,  3 810   ,  6 856   
,47,  1 575   ,  1 627   ,  3 202   ,  1 612   ,  1 661   ,  3 273   ,  1 696   ,  1 751   ,  3 447   ,  1 767   ,  1 831   ,  3 598   ,  1 896   ,  2 002   ,  3 898   ,  2 080   ,  2 249   ,  4 329   ,  2 193   ,  2 408   ,  4 601   ,  2 267   ,  2 522   ,  4 789   ,  2 429   ,  2 735   ,  5 164   ,  2 486   ,  2 822   ,  5 308   ,  2 482   ,  2 837   ,  5 319   ,  2 517   ,  2 886   ,  5 403   ,  2 619   ,  3 022   ,  5 641   ,  2 677   ,  3 118   ,  5 795   ,  2 790   ,  3 333   ,  6 123   ,  2 969   ,  3 659   ,  6 628   
,48,  1 647   ,  1 662   ,  3 309   ,  1 662   ,  1 647   ,  3 309   ,  1 702   ,  1 682   ,  3 384   ,  1 792   ,  1 773   ,  3 565   ,  1 867   ,  1 854   ,  3 721   ,  2 005   ,  2 028   ,  4 033   ,  2 199   ,  2 276   ,  4 475   ,  2 319   ,  2 437   ,  4 756   ,  2 462   ,  2 625   ,  5 087   ,  2 570   ,  2 771   ,  5 341   ,  2 634   ,  2 863   ,  5 497   ,  2 629   ,  2 875   ,  5 504   ,  2 668   ,  2 927   ,  5 595   ,  2 775   ,  3 063   ,  5 838   ,  2 836   ,  3 161   ,  5 997   ,  2 957   ,  3 380   ,  6 337   
,49,  1 588   ,  1 600   ,  3 188   ,  1 626   ,  1 616   ,  3 242   ,  1 641   ,  1 602   ,  3 243   ,  1 680   ,  1 637   ,  3 317   ,  1 770   ,  1 725   ,  3 495   ,  1 845   ,  1 805   ,  3 650   ,  1 981   ,  1 971   ,  3 952   ,  2 173   ,  2 212   ,  4 385   ,  2 354   ,  2 438   ,  4 792   ,  2 436   ,  2 556   ,  4 992   ,  2 548   ,  2 702   ,  5 250   ,  2 610   ,  2 790   ,  5 400   ,  2 604   ,  2 802   ,  5 406   ,  2 642   ,  2 851   ,  5 493   ,  2 749   ,  2 983   ,  5 732   ,  2 810   ,  3 078   ,  5 888   
,50,  1 551   ,  1 536   ,  3 087   ,  1 588   ,  1 581   ,  3 169   ,  1 625   ,  1 597   ,  3 222   ,  1 641   ,  1 583   ,  3 224   ,  1 682   ,  1 616   ,  3 298   ,  1 772   ,  1 705   ,  3 477   ,  1 846   ,  1 782   ,  3 628   ,  1 983   ,  1 946   ,  3 929   ,  2 233   ,  2 248   ,  4 481   ,  2 359   ,  2 411   ,  4 770   ,  2 446   ,  2 533   ,  4 979   ,  2 557   ,  2 674   ,  5 231   ,  2 618   ,  2 760   ,  5 378   ,  2 614   ,  2 772   ,  5 386   ,  2 653   ,  2 822   ,  5 475   ,  2 760   ,  2 952   ,  5 712   
,51,  1 516   ,  1 477   ,  2 993   ,  1 536   ,  1 508   ,  3 044   ,  1 573   ,  1 554   ,  3 127   ,  1 612   ,  1 570   ,  3 182   ,  1 627   ,  1 556   ,  3 183   ,  1 667   ,  1 590   ,  3 257   ,  1 756   ,  1 674   ,  3 430   ,  1 829   ,  1 749   ,  3 578   ,  2 017   ,  1 967   ,  3 984   ,  2 218   ,  2 212   ,  4 430   ,  2 348   ,  2 375   ,  4 723   ,  2 432   ,  2 493   ,  4 925   ,  2 541   ,  2 631   ,  5 172   ,  2 603   ,  2 718   ,  5 321   ,  2 598   ,  2 728   ,  5 326   ,  2 636   ,  2 777   ,  5 413   
,52,  1 464   ,  1 400   ,  2 864   ,  1 501   ,  1 449   ,  2 950   ,  1 520   ,  1 481   ,  3 001   ,  1 556   ,  1 525   ,  3 081   ,  1 595   ,  1 540   ,  3 135   ,  1 611   ,  1 527   ,  3 138   ,  1 649   ,  1 558   ,  3 207   ,  1 738   ,  1 641   ,  3 379   ,  1 861   ,  1 765   ,  3 626   ,  2 001   ,  1 932   ,  3 933   ,  2 203   ,  2 174   ,  4 377   ,  2 329   ,  2 334   ,  4 663   ,  2 412   ,  2 449   ,  4 861   ,  2 522   ,  2 585   ,  5 107   ,  2 585   ,  2 668   ,  5 253   ,  2 580   ,  2 680   ,  5 260   
,53,  1 153   ,  1 063   ,  2 216   ,  1 265   ,  1 194   ,  2 459   ,  1 296   ,  1 238   ,  2 534   ,  1 314   ,  1 265   ,  2 579   ,  1 345   ,  1 302   ,  2 647   ,  1 380   ,  1 314   ,  2 694   ,  1 392   ,  1 302   ,  2 694   ,  1 427   ,  1 328   ,  2 755   ,  1 544   ,  1 443   ,  2 987   ,  1 610   ,  1 508   ,  3 118   ,  1 738   ,  1 653   ,  3 391   ,  1 911   ,  1 860   ,  3 771   ,  2 022   ,  1 996   ,  4 018   ,  2 094   ,  2 094   ,  4 188   ,  2 189   ,  2 211   ,  4 400   ,  2 245   ,  2 282   ,  4 527   
,54,  1 102   ,  982   ,  2 084   ,  1 182   ,  1 082   ,  2 264   ,  1 299   ,  1 213   ,  2 512   ,  1 332   ,  1 258   ,  2 590   ,  1 350   ,  1 285   ,  2 635   ,  1 383   ,  1 323   ,  2 706   ,  1 417   ,  1 335   ,  2 752   ,  1 430   ,  1 322   ,  2 752   ,  1 506   ,  1 390   ,  2 896   ,  1 588   ,  1 467   ,  3 055   ,  1 662   ,  1 538   ,  3 200   ,  1 790   ,  1 682   ,  3 472   ,  1 969   ,  1 893   ,  3 862   ,  2 082   ,  2 031   ,  4 113   ,  2 158   ,  2 131   ,  4 289   ,  2 258   ,  2 249   ,  4 507   
,55,  1 067   ,  934   ,  2 001   ,  1 080   ,  952   ,  2 032   ,  1 161   ,  1 048   ,  2 209   ,  1 275   ,  1 176   ,  2 451   ,  1 308   ,  1 219   ,  2 527   ,  1 325   ,  1 246   ,  2 571   ,  1 357   ,  1 282   ,  2 639   ,  1 391   ,  1 293   ,  2 684   ,  1 443   ,  1 320   ,  2 763   ,  1 479   ,  1 348   ,  2 827   ,  1 566   ,  1 426   ,  2 992   ,  1 634   ,  1 492   ,  3 126   ,  1 760   ,  1 633   ,  3 393   ,  1 938   ,  1 836   ,  3 774   ,  2 051   ,  1 970   ,  4 021   ,  2 126   ,  2 067   ,  4 193   
,56,  986   ,  881   ,  1 867   ,  1 027   ,  917   ,  1 944   ,  1 041   ,  935   ,  1 976   ,  1 119   ,  1 030   ,  2 149   ,  1 230   ,  1 156   ,  2 386   ,  1 260   ,  1 198   ,  2 458   ,  1 277   ,  1 222   ,  2 499   ,  1 309   ,  1 257   ,  2 566   ,  1 378   ,  1 307   ,  2 685   ,  1 393   ,  1 297   ,  2 690   ,  1 431   ,  1 327   ,  2 758   ,  1 513   ,  1 401   ,  2 914   ,  1 580   ,  1 467   ,  3 047   ,  1 702   ,  1 605   ,  3 307   ,  1 874   ,  1 806   ,  3 680   ,  1 984   ,  1 938   ,  3 922   
,57,  974   ,  863   ,  1 837   ,  992   ,  875   ,  1 867   ,  1 033   ,  911   ,  1 944   ,  1 048   ,  927   ,  1 975   ,  1 126   ,  1 022   ,  2 148   ,  1 239   ,  1 148   ,  2 387   ,  1 270   ,  1 188   ,  2 458   ,  1 286   ,  1 213   ,  2 499   ,  1 355   ,  1 286   ,  2 641   ,  1 390   ,  1 299   ,  2 689   ,  1 408   ,  1 291   ,  2 699   ,  1 445   ,  1 319   ,  2 764   ,  1 527   ,  1 393   ,  2 920   ,  1 596   ,  1 458   ,  3 054   ,  1 721   ,  1 597   ,  3 318   ,  1 893   ,  1 796   ,  3 689   
,58,  1 100   ,  1 014   ,  2 114   ,  1 062   ,  954   ,  2 016   ,  1 083   ,  967   ,  2 050   ,  1 129   ,  1 008   ,  2 137   ,  1 144   ,  1 026   ,  2 170   ,  1 230   ,  1 130   ,  2 360   ,  1 351   ,  1 268   ,  2 619   ,  1 386   ,  1 312   ,  2 698   ,  1 442   ,  1 380   ,  2 822   ,  1 480   ,  1 423   ,  2 903   ,  1 521   ,  1 440   ,  2 961   ,  1 539   ,  1 430   ,  2 969   ,  1 580   ,  1 461   ,  3 041   ,  1 670   ,  1 543   ,  3 213   ,  1 745   ,  1 616   ,  3 361   ,  1 882   ,  1 768   ,  3 650   
,59,  1 040   ,  992   ,  2 032   ,  1 037   ,  974   ,  2 011   ,  1 000   ,  916   ,  1 916   ,  1 019   ,  929   ,  1 948   ,  1 063   ,  968   ,  2 031   ,  1 078   ,  986   ,  2 064   ,  1 159   ,  1 085   ,  2 244   ,  1 275   ,  1 218   ,  2 493   ,  1 342   ,  1 299   ,  2 641   ,  1 361   ,  1 328   ,  2 689   ,  1 400   ,  1 371   ,  2 771   ,  1 439   ,  1 387   ,  2 826   ,  1 455   ,  1 376   ,  2 831   ,  1 495   ,  1 407   ,  2 902   ,  1 578   ,  1 485   ,  3 063   ,  1 650   ,  1 554   ,  3 204   
,60,  970   ,  932   ,  1 902   ,  1 016   ,  985   ,  2 001   ,  1 014   ,  965   ,  1 979   ,  978   ,  908   ,  1 886   ,  998   ,  920   ,  1 918   ,  1 041   ,  959   ,  2 000   ,  1 055   ,  978   ,  2 033   ,  1 135   ,  1 075   ,  2 210   ,  1 281   ,  1 244   ,  2 525   ,  1 316   ,  1 289   ,  2 605   ,  1 337   ,  1 321   ,  2 658   ,  1 374   ,  1 361   ,  2 735   ,  1 411   ,  1 377   ,  2 788   ,  1 428   ,  1 367   ,  2 795   ,  1 467   ,  1 397   ,  2 864   ,  1 552   ,  1 476   ,  3 028   
,61,  957   ,  906   ,  1 863   ,  965   ,  926   ,  1 891   ,  1 010   ,  978   ,  1 988   ,  1 008   ,  958   ,  1 966   ,  973   ,  902   ,  1 875   ,  993   ,  914   ,  1 907   ,  1 036   ,  952   ,  1 988   ,  1 050   ,  969   ,  2 019   ,  1 158   ,  1 099   ,  2 257   ,  1 277   ,  1 237   ,  2 514   ,  1 314   ,  1 285   ,  2 599   ,  1 335   ,  1 314   ,  2 649   ,  1 370   ,  1 355   ,  2 725   ,  1 408   ,  1 371   ,  2 779   ,  1 426   ,  1 360   ,  2 786   ,  1 464   ,  1 391   ,  2 855   
,62,  887   ,  851   ,  1 738   ,  914   ,  899   ,  1 813   ,  921   ,  918   ,  1 839   ,  967   ,  968   ,  1 935   ,  964   ,  951   ,  1 915   ,  932   ,  894   ,  1 826   ,  949   ,  906   ,  1 855   ,  991   ,  943   ,  1 934   ,  1 031   ,  989   ,  2 020   ,  1 110   ,  1 091   ,  2 201   ,  1 226   ,  1 228   ,  2 454   ,  1 259   ,  1 274   ,  2 533   ,  1 279   ,  1 303   ,  2 582   ,  1 315   ,  1 344   ,  2 659   ,  1 352   ,  1 361   ,  2 713   ,  1 367   ,  1 350   ,  2 717   
,63,  689   ,  621   ,  1 310   ,  770   ,  726   ,  1 496   ,  794   ,  767   ,  1 561   ,  800   ,  784   ,  1 584   ,  839   ,  827   ,  1 666   ,  838   ,  811   ,  1 649   ,  808   ,  762   ,  1 570   ,  825   ,  773   ,  1 598   ,  884   ,  830   ,  1 714   ,  896   ,  848   ,  1 744   ,  968   ,  936   ,  1 904   ,  1 067   ,  1 053   ,  2 120   ,  1 098   ,  1 093   ,  2 191   ,  1 115   ,  1 117   ,  2 232   ,  1 147   ,  1 152   ,  2 299   ,  1 179   ,  1 165   ,  2 344   
,64,  617   ,  533   ,  1 150   ,  671   ,  610   ,  1 281   ,  749   ,  714   ,  1 463   ,  774   ,  753   ,  1 527   ,  781   ,  769   ,  1 550   ,  818   ,  813   ,  1 631   ,  817   ,  796   ,  1 613   ,  788   ,  750   ,  1 538   ,  825   ,  783   ,  1 608   ,  863   ,  817   ,  1 680   ,  877   ,  834   ,  1 711   ,  946   ,  920   ,  1 866   ,  1 044   ,  1 035   ,  2 079   ,  1 073   ,  1 074   ,  2 147   ,  1 092   ,  1 098   ,  2 190   ,  1 122   ,  1 133   ,  2 255   
,65,  587   ,  502   ,  1 089   ,  596   ,  520   ,  1 116   ,  649   ,  593   ,  1 242   ,  725   ,  694   ,  1 419   ,  750   ,  734   ,  1 484   ,  755   ,  749   ,  1 504   ,  792   ,  790   ,  1 582   ,  790   ,  775   ,  1 565   ,  783   ,  753   ,  1 536   ,  800   ,  764   ,  1 564   ,  838   ,  797   ,  1 635   ,  851   ,  813   ,  1 664   ,  918   ,  898   ,  1 816   ,  1 013   ,  1 009   ,  2 022   ,  1 042   ,  1 048   ,  2 090   ,  1 060   ,  1 072   ,  2 132   
,66,  538   ,  467   ,  1 005   ,  564   ,  496   ,  1 060   ,  572   ,  514   ,  1 086   ,  622   ,  586   ,  1 208   ,  696   ,  687   ,  1 383   ,  719   ,  725   ,  1 444   ,  725   ,  741   ,  1 466   ,  761   ,  781   ,  1 542   ,  780   ,  790   ,  1 570   ,  753   ,  744   ,  1 497   ,  772   ,  757   ,  1 529   ,  807   ,  790   ,  1 597   ,  820   ,  806   ,  1 626   ,  885   ,  889   ,  1 774   ,  976   ,  1 001   ,  1 977   ,  1 005   ,  1 039   ,  2 044   
,67,  521   ,  450   ,  971   ,  535   ,  463   ,  998   ,  561   ,  491   ,  1 052   ,  571   ,  508   ,  1 079   ,  622   ,  579   ,  1 201   ,  696   ,  679   ,  1 375   ,  717   ,  716   ,  1 433   ,  724   ,  732   ,  1 456   ,  780   ,  797   ,  1 577   ,  780   ,  783   ,  1 563   ,  755   ,  739   ,  1 494   ,  772   ,  751   ,  1 523   ,  808   ,  784   ,  1 592   ,  821   ,  799   ,  1 620   ,  886   ,  883   ,  1 769   ,  979   ,  993   ,  1 972   
,68,  569   ,  523   ,  1 092   ,  546   ,  483   ,  1 029   ,  559   ,  497   ,  1 056   ,  586   ,  527   ,  1 113   ,  597   ,  545   ,  1 142   ,  651   ,  623   ,  1 274   ,  728   ,  729   ,  1 457   ,  751   ,  769   ,  1 520   ,  778   ,  811   ,  1 589   ,  817   ,  857   ,  1 674   ,  818   ,  842   ,  1 660   ,  791   ,  795   ,  1 586   ,  811   ,  809   ,  1 620   ,  847   ,  842   ,  1 689   ,  862   ,  862   ,  1 724   ,  931   ,  950   ,  1 881   
,69,  565   ,  543   ,  1 108   ,  553   ,  516   ,  1 069   ,  529   ,  477   ,  1 006   ,  544   ,  489   ,  1 033   ,  571   ,  520   ,  1 091   ,  579   ,  538   ,  1 117   ,  632   ,  614   ,  1 246   ,  707   ,  718   ,  1 425   ,  751   ,  783   ,  1 534   ,  758   ,  802   ,  1 560   ,  797   ,  848   ,  1 645   ,  798   ,  834   ,  1 632   ,  772   ,  787   ,  1 559   ,  792   ,  799   ,  1 591   ,  828   ,  835   ,  1 663   ,  842   ,  852   ,  1 694   
,70,  526   ,  523   ,  1 049   ,  533   ,  530   ,  1 063   ,  522   ,  504   ,  1 026   ,  500   ,  466   ,  966   ,  513   ,  479   ,  992   ,  541   ,  508   ,  1 049   ,  547   ,  526   ,  1 073   ,  597   ,  600   ,  1 197   ,  687   ,  727   ,  1 414   ,  711   ,  766   ,  1 477   ,  720   ,  787   ,  1 507   ,  758   ,  832   ,  1 590   ,  759   ,  819   ,  1 578   ,  734   ,  772   ,  1 506   ,  751   ,  785   ,  1 536   ,  785   ,  819   ,  1 604   
,71,  507   ,  505   ,  1 012   ,  507   ,  508   ,  1 015   ,  514   ,  515   ,  1 029   ,  505   ,  491   ,  996   ,  483   ,  454   ,  937   ,  496   ,  467   ,  963   ,  520   ,  494   ,  1 014   ,  530   ,  511   ,  1 041   ,  594   ,  603   ,  1 197   ,  666   ,  707   ,  1 373   ,  691   ,  750   ,  1 441   ,  698   ,  768   ,  1 466   ,  734   ,  812   ,  1 546   ,  735   ,  799   ,  1 534   ,  712   ,  753   ,  1 465   ,  730   ,  767   ,  1 497   
,72,  474   ,  475   ,  949   ,  484   ,  488   ,  972   ,  484   ,  493   ,  977   ,  492   ,  500   ,  992   ,  482   ,  475   ,  957   ,  461   ,  440   ,  901   ,  474   ,  451   ,  925   ,  499   ,  478   ,  977   ,  522   ,  512   ,  1 034   ,  569   ,  586   ,  1 155   ,  639   ,  688   ,  1 327   ,  663   ,  727   ,  1 390   ,  670   ,  746   ,  1 416   ,  706   ,  789   ,  1 495   ,  707   ,  778   ,  1 485   ,  684   ,  734   ,  1 418   
,73,  353   ,  331   ,  684   ,  395   ,  390   ,  785   ,  402   ,  401   ,  803   ,  404   ,  404   ,  808   ,  408   ,  409   ,  817   ,  402   ,  389   ,  791   ,  384   ,  360   ,  744   ,  396   ,  370   ,  766   ,  427   ,  406   ,  833   ,  435   ,  421   ,  856   ,  476   ,  482   ,  958   ,  535   ,  567   ,  1 102   ,  554   ,  599   ,  1 153   ,  561   ,  615   ,  1 176   ,  592   ,  651   ,  1 243   ,  592   ,  641   ,  1 233   
,74,  307   ,  275   ,  582   ,  344   ,  323   ,  667   ,  384   ,  383   ,  767   ,  392   ,  393   ,  785   ,  393   ,  397   ,  790   ,  399   ,  402   ,  801   ,  391   ,  382   ,  773   ,  375   ,  354   ,  729   ,  396   ,  375   ,  771   ,  417   ,  399   ,  816   ,  427   ,  415   ,  842   ,  465   ,  475   ,  940   ,  523   ,  557   ,  1 080   ,  542   ,  591   ,  1 133   ,  549   ,  605   ,  1 154   ,  579   ,  642   ,  1 221   
,75,  288   ,  254   ,  542   ,  297   ,  259   ,  556   ,  330   ,  307   ,  637   ,  370   ,  363   ,  733   ,  378   ,  373   ,  751   ,  379   ,  376   ,  755   ,  385   ,  382   ,  767   ,  377   ,  362   ,  739   ,  371   ,  347   ,  718   ,  383   ,  356   ,  739   ,  405   ,  380   ,  785   ,  413   ,  394   ,  807   ,  451   ,  452   ,  903   ,  507   ,  531   ,  1 038   ,  526   ,  562   ,  1 088   ,  533   ,  577   ,  1 110   
,76,  262   ,  232   ,  494   ,  271   ,  239   ,  510   ,  280   ,  244   ,  524   ,  311   ,  289   ,  600   ,  350   ,  341   ,  691   ,  357   ,  350   ,  707   ,  358   ,  353   ,  711   ,  363   ,  358   ,  721   ,  366   ,  353   ,  719   ,  352   ,  327   ,  679   ,  363   ,  336   ,  699   ,  382   ,  359   ,  741   ,  390   ,  373   ,  763   ,  427   ,  427   ,  854   ,  482   ,  503   ,  985   ,  500   ,  533   ,  1 033   
,77,  246   ,  226   ,  472   ,  246   ,  225   ,  471   ,  256   ,  231   ,  487   ,  263   ,  236   ,  499   ,  293   ,  280   ,  573   ,  331   ,  330   ,  661   ,  337   ,  340   ,  677   ,  338   ,  343   ,  681   ,  353   ,  358   ,  711   ,  347   ,  342   ,  689   ,  334   ,  317   ,  651   ,  344   ,  327   ,  671   ,  363   ,  349   ,  712   ,  371   ,  362   ,  733   ,  407   ,  416   ,  823   ,  459   ,  490   ,  949   
,78,  254   ,  263   ,  517   ,  246   ,  243   ,  489   ,  246   ,  240   ,  486   ,  254   ,  248   ,  502   ,  264   ,  252   ,  516   ,  295   ,  300   ,  595   ,  330   ,  354   ,  684   ,  337   ,  363   ,  700   ,  348   ,  380   ,  728   ,  354   ,  387   ,  741   ,  350   ,  369   ,  719   ,  336   ,  343   ,  679   ,  347   ,  353   ,  700   ,  366   ,  375   ,  741   ,  374   ,  391   ,  765   ,  409   ,  448   ,  857   
,79,  232   ,  259   ,  491   ,  227   ,  241   ,  468   ,  220   ,  223   ,  443   ,  220   ,  221   ,  441   ,  228   ,  227   ,  455   ,  235   ,  234   ,  469   ,  264   ,  276   ,  540   ,  296   ,  326   ,  622   ,  311   ,  347   ,  658   ,  312   ,  350   ,  662   ,  319   ,  357   ,  676   ,  314   ,  342   ,  656   ,  302   ,  317   ,  619   ,  312   ,  327   ,  639   ,  330   ,  348   ,  678   ,  336   ,  362   ,  698   
,80+,  1 890   ,  2 185   ,  4 075   ,  1 837   ,  2 129   ,  3 966   ,  1 790   ,  2 064   ,  3 854   ,  1 743   ,  1 992   ,  3 735   ,  1 703   ,  1 930   ,  3 633   ,  1 683   ,  1 883   ,  3 566   ,  1 672   ,  1 849   ,  3 521   ,  1 694   ,  1 864   ,  3 558   ,  1 800   ,  2 000   ,  3 800   ,  1 857   ,  2 070   ,  3 927   ,  1 912   ,  2 144   ,  4 056   ,  1 966   ,  2 210   ,  4 176   ,  2 007   ,  2 248   ,  4 255   ,  2 029   ,  2 258   ,  4 287   ,  2 060   ,  2 280   ,  4 340   ,  2 107   ,  2 323   ,  4 430   
,Total,  329 260   ,  341 496   ,  670 756   ,  339 925   ,  352 136   ,  692 061   ,  350 688   ,  362 894   ,  713 582   ,  361 573   ,  373 738   ,  735 311   ,  372 523   ,  384 654   ,  757 177   ,  383 558   ,  395 659   ,  779 217   ,  394 353   ,  406 388   ,  800 741   ,  405 203   ,  417 161   ,  822 364   ,  426 620   ,  439 287   ,  865 907   ,  438 097   ,  450 722   ,  888 819   ,  450 298   ,  462 867   ,  913 165   ,  462 056   ,  474 563   ,  936 619   ,  474 031   ,  486 453   ,  960 484   ,  486 218   ,  498 533   ,  984 751   ,  498 620   ,  510 830   ,  1 009 450   ,  511 204   ,  523 309   ,  1 034 513   
,,,,,,,,,,,,,,,,,,,,,,,,,,,,,,,,,,,,,,,,,,,,,,,,,
,,,,,,,,,,,,,,,,,,,,,,,,,,,,,,,,,,,,,,,,,,,,,,,,,
KOMONDJOARI,,,,,,,,,,,,,,,,,,,,,,,,,,,,,,,,,,,,,,,,,,,,,,,,,
,,2020,,,2021,,,2022,,,2023,,,2024,,,2025,,,2026,,,2027,,,2028,,,2029,,,2030,,,2031,,,2032,,,2033,,,2034,,,2035,,
, Ages,Ensemble,,,Ensemble,,,Ensemble,,,Ensemble,,,Ensemble,,,Ensemble,,,Ensemble,,,Ensemble,,,Ensemble,,,Ensemble,,,Ensemble,,,Ensemble,,,Ensemble,,,Ensemble,,,Ensemble,,,Ensemble,,
,,Homme ,Femme,Ensemble,Homme ,Femme,Ensemble,Homme ,Femme,Ensemble,Homme ,Femme,Ensemble,Homme ,Femme,Ensemble,Homme ,Femme,Ensemble,Homme ,Femme,Ensemble,Homme ,Femme,Ensemble,Homme ,Femme,Ensemble,Homme ,Femme,Ensemble,Homme ,Femme,Ensemble,Homme ,Femme,Ensemble,Homme ,Femme,Ensemble,Homme ,Femme,Ensemble,Homme ,Femme,Ensemble,Homme ,Femme,Ensemble
,0,  2 398   ,  2 311   ,  4 709   ,  2 417   ,  2 328   ,  4 745   ,  2 442   ,  2 355   ,  4 797   ,  2 464   ,  2 378   ,  4 842   ,  2 484   ,  2 398   ,  4 882   ,  2 503   ,  2 417   ,  4 920   ,  2 519   ,  2 434   ,  4 953   ,  2 536   ,  2 451   ,  4 987   ,  2 666   ,  2 579   ,  5 245   ,  2 683   ,  2 597   ,  5 280   ,  2 703   ,  2 616   ,  5 319   ,  2 748   ,  2 661   ,  5 409   ,  2 795   ,  2 708   ,  5 503   ,  2 843   ,  2 754   ,  5 597   ,  2 890   ,  2 800   ,  5 690   ,  2 935   ,  2 844   ,  5 779   
,1,  2 341   ,  2 265   ,  4 606   ,  2 339   ,  2 258   ,  4 597   ,  2 358   ,  2 276   ,  4 634   ,  2 385   ,  2 303   ,  4 688   ,  2 409   ,  2 327   ,  4 736   ,  2 430   ,  2 348   ,  4 778   ,  2 448   ,  2 366   ,  4 814   ,  2 466   ,  2 384   ,  4 850   ,  2 596   ,  2 511   ,  5 107   ,  2 616   ,  2 531   ,  5 147   ,  2 639   ,  2 554   ,  5 193   ,  2 656   ,  2 571   ,  5 227   ,  2 702   ,  2 617   ,  5 319   ,  2 750   ,  2 663   ,  5 413   ,  2 798   ,  2 711   ,  5 509   ,  2 846   ,  2 757   ,  5 603   
,2,  2 262   ,  2 202   ,  4 464   ,  2 312   ,  2 240   ,  4 552   ,  2 310   ,  2 234   ,  4 544   ,  2 330   ,  2 253   ,  4 583   ,  2 358   ,  2 280   ,  4 638   ,  2 382   ,  2 304   ,  4 686   ,  2 401   ,  2 323   ,  4 724   ,  2 420   ,  2 341   ,  4 761   ,  2 549   ,  2 468   ,  5 017   ,  2 571   ,  2 489   ,  5 060   ,  2 595   ,  2 514   ,  5 109   ,  2 615   ,  2 533   ,  5 148   ,  2 633   ,  2 551   ,  5 184   ,  2 679   ,  2 597   ,  5 276   ,  2 727   ,  2 644   ,  5 371   ,  2 776   ,  2 691   ,  5 467   
,3,  2 165   ,  2 120   ,  4 285   ,  2 228   ,  2 170   ,  4 398   ,  2 278   ,  2 208   ,  4 486   ,  2 276   ,  2 202   ,  4 478   ,  2 297   ,  2 221   ,  4 518   ,  2 324   ,  2 248   ,  4 572   ,  2 346   ,  2 270   ,  4 616   ,  2 366   ,  2 289   ,  4 655   ,  2 493   ,  2 413   ,  4 906   ,  2 515   ,  2 435   ,  4 950   ,  2 541   ,  2 461   ,  5 002   ,  2 563   ,  2 482   ,  5 045   ,  2 583   ,  2 502   ,  5 085   ,  2 601   ,  2 520   ,  5 121   ,  2 647   ,  2 565   ,  5 212   ,  2 695   ,  2 612   ,  5 307   
,4,  2 071   ,  2 039   ,  4 110   ,  2 137   ,  2 092   ,  4 229   ,  2 201   ,  2 142   ,  4 343   ,  2 250   ,  2 180   ,  4 430   ,  2 249   ,  2 174   ,  4 423   ,  2 270   ,  2 193   ,  4 463   ,  2 295   ,  2 217   ,  4 512   ,  2 317   ,  2 239   ,  4 556   ,  2 444   ,  2 363   ,  4 807   ,  2 466   ,  2 385   ,  4 851   ,  2 492   ,  2 410   ,  4 902   ,  2 515   ,  2 433   ,  4 948   ,  2 537   ,  2 454   ,  4 991   ,  2 557   ,  2 474   ,  5 031   ,  2 575   ,  2 492   ,  5 067   ,  2 621   ,  2 536   ,  5 157   
,5,  1 964   ,  1 942   ,  3 906   ,  2 048   ,  2 017   ,  4 065   ,  2 114   ,  2 070   ,  4 184   ,  2 176   ,  2 119   ,  4 295   ,  2 226   ,  2 157   ,  4 383   ,  2 225   ,  2 151   ,  4 376   ,  2 244   ,  2 168   ,  4 412   ,  2 269   ,  2 193   ,  4 462   ,  2 397   ,  2 317   ,  4 714   ,  2 420   ,  2 340   ,  4 760   ,  2 446   ,  2 365   ,  4 811   ,  2 469   ,  2 388   ,  4 857   ,  2 492   ,  2 410   ,  4 902   ,  2 514   ,  2 431   ,  4 945   ,  2 534   ,  2 451   ,  4 985   ,  2 552   ,  2 468   ,  5 020   
,6,  1 871   ,  1 853   ,  3 724   ,  1 951   ,  1 930   ,  3 881   ,  2 034   ,  2 004   ,  4 038   ,  2 100   ,  2 057   ,  4 157   ,  2 163   ,  2 106   ,  4 269   ,  2 212   ,  2 144   ,  4 356   ,  2 209   ,  2 136   ,  4 345   ,  2 229   ,  2 152   ,  4 381   ,  2 358   ,  2 279   ,  4 637   ,  2 383   ,  2 304   ,  4 687   ,  2 410   ,  2 330   ,  4 740   ,  2 433   ,  2 352   ,  4 785   ,  2 457   ,  2 375   ,  4 832   ,  2 480   ,  2 397   ,  4 877   ,  2 501   ,  2 418   ,  4 919   ,  2 521   ,  2 437   ,  4 958   
,7,  1 804   ,  1 784   ,  3 588   ,  1 859   ,  1 843   ,  3 702   ,  1 939   ,  1 919   ,  3 858   ,  2 022   ,  1 994   ,  4 016   ,  2 088   ,  2 046   ,  4 134   ,  2 150   ,  2 095   ,  4 245   ,  2 197   ,  2 130   ,  4 327   ,  2 195   ,  2 123   ,  4 318   ,  2 316   ,  2 239   ,  4 555   ,  2 345   ,  2 267   ,  4 612   ,  2 375   ,  2 296   ,  4 671   ,  2 398   ,  2 319   ,  4 717   ,  2 422   ,  2 342   ,  4 764   ,  2 445   ,  2 364   ,  4 809   ,  2 468   ,  2 386   ,  4 854   ,  2 490   ,  2 407   ,  4 897   
,8,  1 742   ,  1 717   ,  3 459   ,  1 784   ,  1 768   ,  3 552   ,  1 839   ,  1 826   ,  3 665   ,  1 917   ,  1 902   ,  3 819   ,  2 000   ,  1 976   ,  3 976   ,  2 065   ,  2 027   ,  4 092   ,  2 125   ,  2 073   ,  4 198   ,  2 172   ,  2 109   ,  4 281   ,  2 270   ,  2 200   ,  4 470   ,  2 292   ,  2 220   ,  4 512   ,  2 325   ,  2 251   ,  4 576   ,  2 351   ,  2 277   ,  4 628   ,  2 375   ,  2 300   ,  4 675   ,  2 398   ,  2 322   ,  4 720   ,  2 421   ,  2 344   ,  4 765   ,  2 444   ,  2 366   ,  4 810   
,9,  1 676   ,  1 645   ,  3 321   ,  1 736   ,  1 716   ,  3 452   ,  1 778   ,  1 767   ,  3 545   ,  1 832   ,  1 825   ,  3 657   ,  1 911   ,  1 901   ,  3 812   ,  1 994   ,  1 974   ,  3 968   ,  2 056   ,  2 024   ,  4 080   ,  2 117   ,  2 071   ,  4 188   ,  2 263   ,  2 204   ,  4 467   ,  2 263   ,  2 199   ,  4 462   ,  2 289   ,  2 222   ,  4 511   ,  2 319   ,  2 251   ,  4 570   ,  2 345   ,  2 276   ,  4 621   ,  2 369   ,  2 299   ,  4 668   ,  2 392   ,  2 321   ,  4 713   ,  2 415   ,  2 343   ,  4 758   
,10,  1 599   ,  1 497   ,  3 096   ,  1 674   ,  1 576   ,  3 250   ,  1 734   ,  1 643   ,  3 377   ,  1 776   ,  1 693   ,  3 469   ,  1 830   ,  1 749   ,  3 579   ,  1 909   ,  1 821   ,  3 730   ,  1 990   ,  1 889   ,  3 879   ,  2 053   ,  1 937   ,  3 990   ,  2 211   ,  2 075   ,  4 286   ,  2 263   ,  2 112   ,  4 375   ,  2 267   ,  2 110   ,  4 377   ,  2 289   ,  2 130   ,  4 419   ,  2 319   ,  2 158   ,  4 477   ,  2 345   ,  2 182   ,  4 527   ,  2 369   ,  2 204   ,  4 573   ,  2 392   ,  2 225   ,  4 617   
,11,  1 524   ,  1 397   ,  2 921   ,  1 578   ,  1 452   ,  3 030   ,  1 652   ,  1 528   ,  3 180   ,  1 711   ,  1 593   ,  3 304   ,  1 753   ,  1 641   ,  3 394   ,  1 806   ,  1 695   ,  3 501   ,  1 882   ,  1 763   ,  3 645   ,  1 963   ,  1 830   ,  3 793   ,  2 120   ,  1 965   ,  4 085   ,  2 184   ,  2 012   ,  4 196   ,  2 238   ,  2 051   ,  4 289   ,  2 239   ,  2 047   ,  4 286   ,  2 262   ,  2 066   ,  4 328   ,  2 291   ,  2 093   ,  4 384   ,  2 317   ,  2 116   ,  4 433   ,  2 341   ,  2 137   ,  4 478   
,12,  1 429   ,  1 300   ,  2 729   ,  1 488   ,  1 353   ,  2 841   ,  1 541   ,  1 406   ,  2 947   ,  1 614   ,  1 480   ,  3 094   ,  1 672   ,  1 543   ,  3 215   ,  1 712   ,  1 589   ,  3 301   ,  1 763   ,  1 639   ,  3 402   ,  1 838   ,  1 706   ,  3 544   ,  2 006   ,  1 854   ,  3 860   ,  2 072   ,  1 902   ,  3 974   ,  2 138   ,  1 951   ,  4 089   ,  2 188   ,  1 987   ,  4 175   ,  2 189   ,  1 983   ,  4 172   ,  2 212   ,  2 001   ,  4 213   ,  2 240   ,  2 027   ,  4 267   ,  2 266   ,  2 049   ,  4 315   
,13,  1 318   ,  1 182   ,  2 500   ,  1 395   ,  1 246   ,  2 641   ,  1 454   ,  1 297   ,  2 751   ,  1 506   ,  1 347   ,  2 853   ,  1 576   ,  1 418   ,  2 994   ,  1 633   ,  1 478   ,  3 111   ,  1 671   ,  1 521   ,  3 192   ,  1 722   ,  1 570   ,  3 292   ,  1 879   ,  1 710   ,  3 589   ,  1 961   ,  1 776   ,  3 737   ,  2 029   ,  1 826   ,  3 855   ,  2 091   ,  1 870   ,  3 961   ,  2 140   ,  1 905   ,  4 045   ,  2 141   ,  1 901   ,  4 042   ,  2 163   ,  1 918   ,  4 081   ,  2 191   ,  1 942   ,  4 133   
,14,  1 266   ,  1 133   ,  2 399   ,  1 330   ,  1 179   ,  2 509   ,  1 408   ,  1 242   ,  2 650   ,  1 467   ,  1 293   ,  2 760   ,  1 519   ,  1 343   ,  2 862   ,  1 590   ,  1 414   ,  3 004   ,  1 646   ,  1 472   ,  3 118   ,  1 685   ,  1 515   ,  3 200   ,  1 818   ,  1 638   ,  3 456   ,  1 897   ,  1 705   ,  3 602   ,  1 983   ,  1 774   ,  3 757   ,  2 048   ,  1 821   ,  3 869   ,  2 111   ,  1 866   ,  3 977   ,  2 161   ,  1 900   ,  4 061   ,  2 162   ,  1 895   ,  4 057   ,  2 184   ,  1 912   ,  4 096   
,15,  1 157   ,  1 078   ,  2 235   ,  1 225   ,  1 117   ,  2 342   ,  1 287   ,  1 162   ,  2 449   ,  1 363   ,  1 225   ,  2 588   ,  1 420   ,  1 275   ,  2 695   ,  1 471   ,  1 324   ,  2 795   ,  1 539   ,  1 392   ,  2 931   ,  1 593   ,  1 450   ,  3 043   ,  1 709   ,  1 564   ,  3 273   ,  1 762   ,  1 615   ,  3 377   ,  1 841   ,  1 685   ,  3 526   ,  1 922   ,  1 751   ,  3 673   ,  1 986   ,  1 797   ,  3 783   ,  2 047   ,  1 840   ,  3 887   ,  2 095   ,  1 874   ,  3 969   ,  2 096   ,  1 869   ,  3 965   
,16,  1 064   ,  1 064   ,  2 128   ,  1 146   ,  1 109   ,  2 255   ,  1 214   ,  1 150   ,  2 364   ,  1 276   ,  1 196   ,  2 472   ,  1 351   ,  1 260   ,  2 611   ,  1 407   ,  1 312   ,  2 719   ,  1 456   ,  1 361   ,  2 817   ,  1 524   ,  1 431   ,  2 955   ,  1 653   ,  1 562   ,  3 215   ,  1 694   ,  1 609   ,  3 303   ,  1 750   ,  1 664   ,  3 414   ,  1 826   ,  1 734   ,  3 560   ,  1 907   ,  1 801   ,  3 708   ,  1 970   ,  1 849   ,  3 819   ,  2 030   ,  1 893   ,  3 923   ,  2 078   ,  1 927   ,  4 005   
,17,  999   ,  1 058   ,  2 057   ,  1 054   ,  1 072   ,  2 126   ,  1 136   ,  1 118   ,  2 254   ,  1 203   ,  1 159   ,  2 362   ,  1 264   ,  1 206   ,  2 470   ,  1 339   ,  1 270   ,  2 609   ,  1 394   ,  1 321   ,  2 715   ,  1 443   ,  1 370   ,  2 813   ,  1 582   ,  1 511   ,  3 093   ,  1 639   ,  1 575   ,  3 214   ,  1 682   ,  1 624   ,  3 306   ,  1 735   ,  1 678   ,  3 413   ,  1 812   ,  1 748   ,  3 560   ,  1 891   ,  1 816   ,  3 707   ,  1 954   ,  1 864   ,  3 818   ,  2 014   ,  1 908   ,  3 922   
,18,  965   ,  1 127   ,  2 092   ,  999   ,  1 109   ,  2 108   ,  1 054   ,  1 125   ,  2 179   ,  1 136   ,  1 173   ,  2 309   ,  1 204   ,  1 216   ,  2 420   ,  1 265   ,  1 264   ,  2 529   ,  1 339   ,  1 331   ,  2 670   ,  1 394   ,  1 384   ,  2 778   ,  1 511   ,  1 506   ,  3 017   ,  1 583   ,  1 585   ,  3 168   ,  1 643   ,  1 655   ,  3 298   ,  1 684   ,  1 704   ,  3 388   ,  1 737   ,  1 761   ,  3 498   ,  1 813   ,  1 834   ,  3 647   ,  1 894   ,  1 905   ,  3 799   ,  1 956   ,  1 954   ,  3 910   
,19,  903   ,  1 116   ,  2 019   ,  942   ,  1 120   ,  2 062   ,  975   ,  1 103   ,  2 078   ,  1 029   ,  1 118   ,  2 147   ,  1 109   ,  1 166   ,  2 275   ,  1 176   ,  1 209   ,  2 385   ,  1 235   ,  1 256   ,  2 491   ,  1 306   ,  1 322   ,  2 628   ,  1 425   ,  1 441   ,  2 866   ,  1 477   ,  1 497   ,  2 974   ,  1 549   ,  1 578   ,  3 127   ,  1 606   ,  1 646   ,  3 252   ,  1 647   ,  1 695   ,  3 342   ,  1 699   ,  1 751   ,  3 450   ,  1 773   ,  1 824   ,  3 597   ,  1 852   ,  1 894   ,  3 746   
,20,  839   ,  1 078   ,  1 917   ,  884   ,  1 117   ,  2 001   ,  922   ,  1 121   ,  2 043   ,  955   ,  1 103   ,  2 058   ,  1 008   ,  1 119   ,  2 127   ,  1 087   ,  1 167   ,  2 254   ,  1 151   ,  1 208   ,  2 359   ,  1 209   ,  1 255   ,  2 464   ,  1 340   ,  1 386   ,  2 726   ,  1 397   ,  1 442   ,  2 839   ,  1 450   ,  1 500   ,  2 950   ,  1 520   ,  1 580   ,  3 100   ,  1 576   ,  1 647   ,  3 223   ,  1 616   ,  1 696   ,  3 312   ,  1 667   ,  1 752   ,  3 419   ,  1 740   ,  1 825   ,  3 565   
,21,  776   ,  994   ,  1 770   ,  812   ,  1 035   ,  1 847   ,  855   ,  1 072   ,  1 927   ,  893   ,  1 076   ,  1 969   ,  924   ,  1 059   ,  1 983   ,  976   ,  1 074   ,  2 050   ,  1 052   ,  1 119   ,  2 171   ,  1 114   ,  1 159   ,  2 273   ,  1 226   ,  1 263   ,  2 489   ,  1 299   ,  1 330   ,  2 629   ,  1 357   ,  1 387   ,  2 744   ,  1 407   ,  1 441   ,  2 848   ,  1 475   ,  1 518   ,  2 993   ,  1 529   ,  1 582   ,  3 111   ,  1 568   ,  1 629   ,  3 197   ,  1 618   ,  1 683   ,  3 301   
,22,  716   ,  915   ,  1 631   ,  755   ,  977   ,  1 732   ,  790   ,  1 017   ,  1 807   ,  833   ,  1 054   ,  1 887   ,  869   ,  1 057   ,  1 926   ,  901   ,  1 041   ,  1 942   ,  950   ,  1 054   ,  2 004   ,  1 025   ,  1 098   ,  2 123   ,  1 137   ,  1 193   ,  2 330   ,  1 196   ,  1 240   ,  2 436   ,  1 270   ,  1 309   ,  2 579   ,  1 325   ,  1 363   ,  2 688   ,  1 374   ,  1 416   ,  2 790   ,  1 440   ,  1 491   ,  2 931   ,  1 494   ,  1 555   ,  3 049   ,  1 532   ,  1 601   ,  3 133   
,23,  650   ,  825   ,  1 475   ,  689   ,  886   ,  1 575   ,  727   ,  946   ,  1 673   ,  761   ,  985   ,  1 746   ,  802   ,  1 020   ,  1 822   ,  838   ,  1 023   ,  1 861   ,  867   ,  1 006   ,  1 873   ,  915   ,  1 020   ,  1 935   ,  1 035   ,  1 115   ,  2 150   ,  1 098   ,  1 155   ,  2 253   ,  1 157   ,  1 204   ,  2 361   ,  1 227   ,  1 269   ,  2 496   ,  1 281   ,  1 321   ,  2 602   ,  1 328   ,  1 373   ,  2 701   ,  1 392   ,  1 446   ,  2 838   ,  1 444   ,  1 507   ,  2 951   
,24,  624   ,  806   ,  1 430   ,  648   ,  842   ,  1 490   ,  687   ,  904   ,  1 591   ,  726   ,  965   ,  1 691   ,  759   ,  1 005   ,  1 764   ,  801   ,  1 041   ,  1 842   ,  836   ,  1 043   ,  1 879   ,  866   ,  1 026   ,  1 892   ,  959   ,  1 091   ,  2 050   ,  1 035   ,  1 137   ,  2 172   ,  1 100   ,  1 181   ,  2 281   ,  1 158   ,  1 229   ,  2 387   ,  1 229   ,  1 296   ,  2 525   ,  1 282   ,  1 349   ,  2 631   ,  1 330   ,  1 402   ,  2 732   ,  1 395   ,  1 475   ,  2 870   
,25,  608   ,  788   ,  1 396   ,  619   ,  808   ,  1 427   ,  643   ,  843   ,  1 486   ,  682   ,  905   ,  1 587   ,  721   ,  967   ,  1 688   ,  755   ,  1 007   ,  1 762   ,  796   ,  1 042   ,  1 838   ,  831   ,  1 044   ,  1 875   ,  902   ,  1 078   ,  1 980   ,  954   ,  1 093   ,  2 047   ,  1 032   ,  1 142   ,  2 174   ,  1 096   ,  1 184   ,  2 280   ,  1 155   ,  1 232   ,  2 387   ,  1 225   ,  1 299   ,  2 524   ,  1 279   ,  1 352   ,  2 631   ,  1 327   ,  1 405   ,  2 732   
,26,  600   ,  790   ,  1 390   ,  608   ,  806   ,  1 414   ,  620   ,  826   ,  1 446   ,  644   ,  863   ,  1 507   ,  684   ,  926   ,  1 610   ,  723   ,  989   ,  1 712   ,  756   ,  1 029   ,  1 785   ,  798   ,  1 065   ,  1 863   ,  873   ,  1 120   ,  1 993   ,  905   ,  1 103   ,  2 008   ,  960   ,  1 120   ,  2 080   ,  1 038   ,  1 169   ,  2 207   ,  1 102   ,  1 212   ,  2 314   ,  1 161   ,  1 262   ,  2 423   ,  1 232   ,  1 330   ,  2 562   ,  1 287   ,  1 385   ,  2 672   
,27,  586   ,  772   ,  1 358   ,  588   ,  778   ,  1 366   ,  596   ,  794   ,  1 390   ,  607   ,  814   ,  1 421   ,  631   ,  851   ,  1 482   ,  670   ,  914   ,  1 584   ,  708   ,  975   ,  1 683   ,  741   ,  1 014   ,  1 755   ,  820   ,  1 102   ,  1 922   ,  857   ,  1 105   ,  1 962   ,  891   ,  1 090   ,  1 981   ,  943   ,  1 106   ,  2 049   ,  1 020   ,  1 154   ,  2 174   ,  1 084   ,  1 197   ,  2 281   ,  1 142   ,  1 246   ,  2 388   ,  1 212   ,  1 313   ,  2 525   
,28,  597   ,  781   ,  1 378   ,  580   ,  766   ,  1 346   ,  582   ,  772   ,  1 354   ,  590   ,  787   ,  1 377   ,  601   ,  808   ,  1 409   ,  625   ,  844   ,  1 469   ,  664   ,  905   ,  1 569   ,  702   ,  966   ,  1 668   ,  770   ,  1 055   ,  1 825   ,  814   ,  1 093   ,  1 907   ,  853   ,  1 099   ,  1 952   ,  885   ,  1 082   ,  1 967   ,  937   ,  1 098   ,  2 035   ,  1 014   ,  1 146   ,  2 160   ,  1 078   ,  1 189   ,  2 267   ,  1 136   ,  1 237   ,  2 373   
,29,  586   ,  751   ,  1 337   ,  580   ,  755   ,  1 335   ,  563   ,  741   ,  1 304   ,  565   ,  746   ,  1 311   ,  572   ,  762   ,  1 334   ,  583   ,  781   ,  1 364   ,  606   ,  815   ,  1 421   ,  644   ,  875   ,  1 519   ,  715   ,  980   ,  1 695   ,  749   ,  1 021   ,  1 770   ,  794   ,  1 060   ,  1 854   ,  831   ,  1 064   ,  1 895   ,  862   ,  1 048   ,  1 910   ,  913   ,  1 064   ,  1 977   ,  989   ,  1 110   ,  2 099   ,  1 051   ,  1 151   ,  2 202   
,30,  563   ,  711   ,  1 274   ,  571   ,  738   ,  1 309   ,  565   ,  742   ,  1 307   ,  548   ,  728   ,  1 276   ,  550   ,  734   ,  1 284   ,  558   ,  749   ,  1 307   ,  568   ,  767   ,  1 335   ,  591   ,  801   ,  1 392   ,  659   ,  902   ,  1 561   ,  698   ,  964   ,  1 662   ,  733   ,  1 006   ,  1 739   ,  776   ,  1 043   ,  1 819   ,  812   ,  1 047   ,  1 859   ,  843   ,  1 032   ,  1 875   ,  894   ,  1 047   ,  1 941   ,  968   ,  1 092   ,  2 060   
,31,  531   ,  646   ,  1 177   ,  536   ,  671   ,  1 207   ,  544   ,  696   ,  1 240   ,  538   ,  700   ,  1 238   ,  522   ,  687   ,  1 209   ,  524   ,  692   ,  1 216   ,  531   ,  706   ,  1 237   ,  541   ,  723   ,  1 264   ,  591   ,  793   ,  1 384   ,  629   ,  852   ,  1 481   ,  667   ,  912   ,  1 579   ,  700   ,  951   ,  1 651   ,  741   ,  986   ,  1 727   ,  776   ,  990   ,  1 766   ,  806   ,  975   ,  1 781   ,  855   ,  989   ,  1 844   
,32,  512   ,  603   ,  1 115   ,  524   ,  637   ,  1 161   ,  529   ,  662   ,  1 191   ,  537   ,  687   ,  1 224   ,  531   ,  691   ,  1 222   ,  516   ,  678   ,  1 194   ,  517   ,  682   ,  1 199   ,  524   ,  696   ,  1 220   ,  561   ,  749   ,  1 310   ,  584   ,  783   ,  1 367   ,  623   ,  843   ,  1 466   ,  661   ,  901   ,  1 562   ,  694   ,  939   ,  1 633   ,  735   ,  974   ,  1 709   ,  769   ,  978   ,  1 747   ,  799   ,  963   ,  1 762   
,33,  459   ,  521   ,  980   ,  485   ,  571   ,  1 056   ,  497   ,  603   ,  1 100   ,  502   ,  626   ,  1 128   ,  510   ,  650   ,  1 160   ,  504   ,  654   ,  1 158   ,  489   ,  641   ,  1 130   ,  490   ,  645   ,  1 135   ,  523   ,  692   ,  1 215   ,  533   ,  710   ,  1 243   ,  556   ,  743   ,  1 299   ,  593   ,  799   ,  1 392   ,  629   ,  854   ,  1 483   ,  661   ,  891   ,  1 552   ,  700   ,  924   ,  1 624   ,  733   ,  927   ,  1 660   
,34,  447   ,  501   ,  948   ,  463   ,  535   ,  998   ,  491   ,  586   ,  1 077   ,  503   ,  618   ,  1 121   ,  508   ,  643   ,  1 151   ,  516   ,  667   ,  1 183   ,  510   ,  671   ,  1 181   ,  495   ,  657   ,  1 152   ,  521   ,  696   ,  1 217   ,  529   ,  710   ,  1 239   ,  541   ,  730   ,  1 271   ,  564   ,  764   ,  1 328   ,  601   ,  821   ,  1 422   ,  638   ,  878   ,  1 516   ,  670   ,  915   ,  1 585   ,  710   ,  949   ,  1 659   
,35,  436   ,  481   ,  917   ,  443   ,  496   ,  939   ,  460   ,  529   ,  989   ,  488   ,  580   ,  1 068   ,  500   ,  612   ,  1 112   ,  505   ,  636   ,  1 141   ,  512   ,  660   ,  1 172   ,  507   ,  663   ,  1 170   ,  516   ,  683   ,  1 199   ,  518   ,  689   ,  1 207   ,  527   ,  704   ,  1 231   ,  538   ,  723   ,  1 261   ,  561   ,  756   ,  1 317   ,  599   ,  813   ,  1 412   ,  636   ,  870   ,  1 506   ,  668   ,  907   ,  1 575   
,36,  428   ,  474   ,  902   ,  443   ,  495   ,  938   ,  451   ,  510   ,  961   ,  468   ,  545   ,  1 013   ,  496   ,  597   ,  1 093   ,  509   ,  631   ,  1 140   ,  514   ,  655   ,  1 169   ,  522   ,  679   ,  1 201   ,  542   ,  718   ,  1 260   ,  526   ,  704   ,  1 230   ,  529   ,  711   ,  1 240   ,  538   ,  727   ,  1 265   ,  549   ,  746   ,  1 295   ,  573   ,  780   ,  1 353   ,  611   ,  839   ,  1 450   ,  649   ,  897   ,  1 546   
,37,  423   ,  469   ,  892   ,  427   ,  476   ,  903   ,  443   ,  498   ,  941   ,  451   ,  513   ,  964   ,  469   ,  548   ,  1 017   ,  497   ,  600   ,  1 097   ,  510   ,  633   ,  1 143   ,  515   ,  658   ,  1 173   ,  549   ,  717   ,  1 266   ,  543   ,  722   ,  1 265   ,  528   ,  709   ,  1 237   ,  530   ,  716   ,  1 246   ,  539   ,  731   ,  1 270   ,  551   ,  751   ,  1 302   ,  575   ,  785   ,  1 360   ,  613   ,  844   ,  1 457   
,38,  428   ,  476   ,  904   ,  426   ,  478   ,  904   ,  431   ,  486   ,  917   ,  447   ,  507   ,  954   ,  456   ,  523   ,  979   ,  474   ,  558   ,  1 032   ,  502   ,  612   ,  1 114   ,  515   ,  645   ,  1 160   ,  546   ,  704   ,  1 250   ,  554   ,  731   ,  1 285   ,  550   ,  737   ,  1 287   ,  534   ,  724   ,  1 258   ,  537   ,  730   ,  1 267   ,  546   ,  746   ,  1 292   ,  557   ,  766   ,  1 323   ,  582   ,  801   ,  1 383   
,39,  409   ,  453   ,  862   ,  417   ,  467   ,  884   ,  415   ,  469   ,  884   ,  420   ,  477   ,  897   ,  436   ,  498   ,  934   ,  444   ,  514   ,  958   ,  462   ,  548   ,  1 010   ,  490   ,  600   ,  1 090   ,  527   ,  665   ,  1 192   ,  532   ,  691   ,  1 223   ,  542   ,  720   ,  1 262   ,  537   ,  725   ,  1 262   ,  522   ,  711   ,  1 233   ,  524   ,  718   ,  1 242   ,  533   ,  733   ,  1 266   ,  545   ,  753   ,  1 298   
,40,  387   ,  425   ,  812   ,  403   ,  448   ,  851   ,  412   ,  462   ,  874   ,  410   ,  463   ,  873   ,  415   ,  471   ,  886   ,  431   ,  492   ,  923   ,  439   ,  507   ,  946   ,  456   ,  541   ,  997   ,  508   ,  623   ,  1 131   ,  521   ,  658   ,  1 179   ,  528   ,  685   ,  1 213   ,  537   ,  712   ,  1 249   ,  532   ,  717   ,  1 249   ,  517   ,  704   ,  1 221   ,  519   ,  710   ,  1 229   ,  528   ,  726   ,  1 254   
,41,  366   ,  399   ,  765   ,  378   ,  418   ,  796   ,  394   ,  440   ,  834   ,  402   ,  454   ,  856   ,  401   ,  455   ,  856   ,  406   ,  463   ,  869   ,  421   ,  484   ,  905   ,  429   ,  498   ,  927   ,  468   ,  558   ,  1 026   ,  497   ,  612   ,  1 109   ,  511   ,  648   ,  1 159   ,  517   ,  674   ,  1 191   ,  526   ,  701   ,  1 227   ,  521   ,  706   ,  1 227   ,  506   ,  693   ,  1 199   ,  509   ,  699   ,  1 208   
,42,  341   ,  365   ,  706   ,  359   ,  391   ,  750   ,  371   ,  409   ,  780   ,  386   ,  432   ,  818   ,  395   ,  445   ,  840   ,  393   ,  446   ,  839   ,  398   ,  453   ,  851   ,  413   ,  474   ,  887   ,  442   ,  512   ,  954   ,  460   ,  548   ,  1 008   ,  489   ,  602   ,  1 091   ,  503   ,  636   ,  1 139   ,  509   ,  662   ,  1 171   ,  518   ,  688   ,  1 206   ,  513   ,  693   ,  1 206   ,  498   ,  680   ,  1 178   
,43,  296   ,  302   ,  598   ,  323   ,  339   ,  662   ,  341   ,  363   ,  704   ,  352   ,  381   ,  733   ,  367   ,  402   ,  769   ,  375   ,  414   ,  789   ,  373   ,  415   ,  788   ,  378   ,  421   ,  799   ,  412   ,  463   ,  875   ,  420   ,  477   ,  897   ,  438   ,  511   ,  949   ,  466   ,  561   ,  1 027   ,  479   ,  593   ,  1 072   ,  485   ,  617   ,  1 102   ,  493   ,  641   ,  1 134   ,  489   ,  646   ,  1 135   
,44,  277   ,  278   ,  555   ,  296   ,  304   ,  600   ,  325   ,  342   ,  667   ,  342   ,  366   ,  708   ,  353   ,  384   ,  737   ,  368   ,  405   ,  773   ,  376   ,  417   ,  793   ,  375   ,  418   ,  793   ,  398   ,  446   ,  844   ,  414   ,  467   ,  881   ,  423   ,  482   ,  905   ,  441   ,  515   ,  956   ,  469   ,  566   ,  1 035   ,  482   ,  598   ,  1 080   ,  488   ,  622   ,  1 110   ,  497   ,  647   ,  1 144   
,45,  259   ,  263   ,  522   ,  269   ,  274   ,  543   ,  289   ,  300   ,  589   ,  316   ,  337   ,  653   ,  333   ,  361   ,  694   ,  345   ,  378   ,  723   ,  359   ,  399   ,  758   ,  367   ,  411   ,  778   ,  384   ,  433   ,  817   ,  389   ,  440   ,  829   ,  405   ,  461   ,  866   ,  414   ,  476   ,  890   ,  431   ,  509   ,  940   ,  459   ,  559   ,  1 018   ,  472   ,  591   ,  1 063   ,  477   ,  614   ,  1 091   
,46,  247   ,  251   ,  498   ,  260   ,  264   ,  524   ,  270   ,  276   ,  546   ,  290   ,  302   ,  592   ,  318   ,  339   ,  657   ,  335   ,  363   ,  698   ,  346   ,  380   ,  726   ,  361   ,  401   ,  762   ,  388   ,  434   ,  822   ,  386   ,  436   ,  822   ,  392   ,  444   ,  836   ,  408   ,  465   ,  873   ,  417   ,  479   ,  896   ,  434   ,  513   ,  947   ,  462   ,  563   ,  1 025   ,  475   ,  595   ,  1 070   
,47,  241   ,  249   ,  490   ,  246   ,  254   ,  500   ,  259   ,  268   ,  527   ,  270   ,  280   ,  550   ,  290   ,  306   ,  596   ,  318   ,  344   ,  662   ,  335   ,  368   ,  703   ,  346   ,  386   ,  732   ,  379   ,  427   ,  806   ,  388   ,  441   ,  829   ,  388   ,  443   ,  831   ,  393   ,  451   ,  844   ,  409   ,  472   ,  881   ,  418   ,  487   ,  905   ,  436   ,  521   ,  957   ,  464   ,  571   ,  1 035   
,48,  252   ,  254   ,  506   ,  254   ,  252   ,  506   ,  260   ,  257   ,  517   ,  274   ,  271   ,  545   ,  285   ,  284   ,  569   ,  307   ,  310   ,  617   ,  336   ,  348   ,  684   ,  354   ,  373   ,  727   ,  384   ,  410   ,  794   ,  401   ,  432   ,  833   ,  411   ,  447   ,  858   ,  410   ,  449   ,  859   ,  416   ,  457   ,  873   ,  433   ,  478   ,  911   ,  443   ,  493   ,  936   ,  461   ,  528   ,  989   
,49,  243   ,  245   ,  488   ,  249   ,  247   ,  496   ,  251   ,  245   ,  496   ,  257   ,  250   ,  507   ,  271   ,  264   ,  535   ,  282   ,  276   ,  558   ,  303   ,  301   ,  604   ,  332   ,  338   ,  670   ,  367   ,  380   ,  747   ,  380   ,  399   ,  779   ,  398   ,  422   ,  820   ,  407   ,  435   ,  842   ,  406   ,  437   ,  843   ,  412   ,  445   ,  857   ,  429   ,  466   ,  895   ,  439   ,  481   ,  920   
,50,  237   ,  235   ,  472   ,  243   ,  242   ,  485   ,  249   ,  244   ,  493   ,  251   ,  242   ,  493   ,  257   ,  247   ,  504   ,  271   ,  261   ,  532   ,  282   ,  272   ,  554   ,  303   ,  297   ,  600   ,  349   ,  351   ,  700   ,  368   ,  376   ,  744   ,  382   ,  395   ,  777   ,  399   ,  417   ,  816   ,  409   ,  431   ,  840   ,  408   ,  433   ,  841   ,  414   ,  440   ,  854   ,  431   ,  461   ,  892   
,51,  232   ,  226   ,  458   ,  235   ,  231   ,  466   ,  240   ,  238   ,  478   ,  246   ,  240   ,  486   ,  249   ,  238   ,  487   ,  255   ,  243   ,  498   ,  268   ,  256   ,  524   ,  280   ,  267   ,  547   ,  315   ,  307   ,  622   ,  346   ,  345   ,  691   ,  366   ,  371   ,  737   ,  379   ,  389   ,  768   ,  397   ,  411   ,  808   ,  406   ,  424   ,  830   ,  406   ,  426   ,  832   ,  412   ,  433   ,  845   
,52,  224   ,  214   ,  438   ,  229   ,  222   ,  451   ,  232   ,  226   ,  458   ,  238   ,  233   ,  471   ,  244   ,  236   ,  480   ,  246   ,  233   ,  479   ,  252   ,  238   ,  490   ,  266   ,  251   ,  517   ,  290   ,  276   ,  566   ,  312   ,  301   ,  613   ,  344   ,  340   ,  684   ,  364   ,  364   ,  728   ,  377   ,  382   ,  759   ,  394   ,  404   ,  798   ,  404   ,  417   ,  821   ,  403   ,  418   ,  821   
,53,  176   ,  163   ,  339   ,  193   ,  183   ,  376   ,  198   ,  189   ,  387   ,  201   ,  193   ,  394   ,  206   ,  199   ,  405   ,  211   ,  201   ,  412   ,  213   ,  199   ,  412   ,  218   ,  203   ,  421   ,  241   ,  225   ,  466   ,  252   ,  236   ,  488   ,  271   ,  258   ,  529   ,  298   ,  290   ,  588   ,  315   ,  312   ,  627   ,  327   ,  327   ,  654   ,  342   ,  345   ,  687   ,  350   ,  356   ,  706   
,54,  168   ,  150   ,  318   ,  181   ,  165   ,  346   ,  199   ,  186   ,  385   ,  204   ,  192   ,  396   ,  206   ,  196   ,  402   ,  211   ,  202   ,  413   ,  217   ,  204   ,  421   ,  219   ,  202   ,  421   ,  235   ,  217   ,  452   ,  248   ,  229   ,  477   ,  259   ,  240   ,  499   ,  279   ,  263   ,  542   ,  307   ,  295   ,  602   ,  325   ,  317   ,  642   ,  337   ,  333   ,  670   ,  352   ,  351   ,  703   
,55,  163   ,  143   ,  306   ,  165   ,  146   ,  311   ,  177   ,  160   ,  337   ,  195   ,  180   ,  375   ,  200   ,  186   ,  386   ,  203   ,  190   ,  393   ,  208   ,  196   ,  404   ,  213   ,  198   ,  411   ,  225   ,  206   ,  431   ,  231   ,  211   ,  442   ,  244   ,  222   ,  466   ,  255   ,  233   ,  488   ,  275   ,  255   ,  530   ,  303   ,  287   ,  590   ,  320   ,  308   ,  628   ,  332   ,  323   ,  655   
,56,  151   ,  135   ,  286   ,  157   ,  140   ,  297   ,  159   ,  143   ,  302   ,  171   ,  157   ,  328   ,  188   ,  177   ,  365   ,  193   ,  183   ,  376   ,  195   ,  187   ,  382   ,  200   ,  192   ,  392   ,  215   ,  204   ,  419   ,  217   ,  202   ,  419   ,  224   ,  207   ,  431   ,  236   ,  219   ,  455   ,  247   ,  229   ,  476   ,  266   ,  251   ,  517   ,  293   ,  282   ,  575   ,  310   ,  302   ,  612   
,57,  149   ,  132   ,  281   ,  152   ,  134   ,  286   ,  158   ,  139   ,  297   ,  160   ,  142   ,  302   ,  172   ,  156   ,  328   ,  189   ,  176   ,  365   ,  194   ,  182   ,  376   ,  197   ,  185   ,  382   ,  211   ,  201   ,  412   ,  217   ,  203   ,  420   ,  220   ,  202   ,  422   ,  226   ,  206   ,  432   ,  238   ,  218   ,  456   ,  249   ,  228   ,  477   ,  268   ,  249   ,  517   ,  296   ,  280   ,  576   
,58,  168   ,  155   ,  323   ,  162   ,  146   ,  308   ,  165   ,  148   ,  313   ,  172   ,  154   ,  326   ,  175   ,  157   ,  332   ,  188   ,  173   ,  361   ,  207   ,  194   ,  401   ,  212   ,  201   ,  413   ,  225   ,  216   ,  441   ,  231   ,  222   ,  453   ,  238   ,  225   ,  463   ,  240   ,  223   ,  463   ,  247   ,  228   ,  475   ,  261   ,  241   ,  502   ,  273   ,  252   ,  525   ,  294   ,  276   ,  570   
,59,  159   ,  152   ,  311   ,  158   ,  149   ,  307   ,  153   ,  140   ,  293   ,  156   ,  142   ,  298   ,  163   ,  148   ,  311   ,  165   ,  151   ,  316   ,  177   ,  166   ,  343   ,  195   ,  186   ,  381   ,  209   ,  203   ,  412   ,  212   ,  207   ,  419   ,  218   ,  214   ,  432   ,  224   ,  216   ,  440   ,  227   ,  215   ,  442   ,  233   ,  220   ,  453   ,  247   ,  232   ,  479   ,  258   ,  243   ,  501   
,60,  148   ,  143   ,  291   ,  155   ,  150   ,  305   ,  155   ,  148   ,  303   ,  150   ,  139   ,  289   ,  153   ,  141   ,  294   ,  159   ,  147   ,  306   ,  161   ,  149   ,  310   ,  173   ,  164   ,  337   ,  200   ,  194   ,  394   ,  205   ,  201   ,  406   ,  209   ,  206   ,  415   ,  214   ,  213   ,  427   ,  220   ,  215   ,  435   ,  223   ,  213   ,  436   ,  229   ,  218   ,  447   ,  242   ,  230   ,  472   
,61,  146   ,  139   ,  285   ,  147   ,  142   ,  289   ,  154   ,  149   ,  303   ,  154   ,  147   ,  301   ,  149   ,  138   ,  287   ,  152   ,  140   ,  292   ,  158   ,  145   ,  303   ,  160   ,  148   ,  308   ,  181   ,  172   ,  353   ,  199   ,  193   ,  392   ,  205   ,  200   ,  405   ,  208   ,  205   ,  413   ,  214   ,  211   ,  425   ,  220   ,  214   ,  434   ,  222   ,  212   ,  434   ,  229   ,  217   ,  446   
,62,  136   ,  130   ,  266   ,  140   ,  137   ,  277   ,  141   ,  140   ,  281   ,  148   ,  148   ,  296   ,  148   ,  145   ,  293   ,  142   ,  137   ,  279   ,  145   ,  138   ,  283   ,  151   ,  144   ,  295   ,  161   ,  155   ,  316   ,  173   ,  170   ,  343   ,  191   ,  192   ,  383   ,  197   ,  199   ,  396   ,  200   ,  204   ,  404   ,  205   ,  210   ,  415   ,  211   ,  212   ,  423   ,  214   ,  211   ,  425   
,63,  105   ,  95   ,  200   ,  118   ,  111   ,  229   ,  121   ,  117   ,  238   ,  122   ,  120   ,  242   ,  128   ,  126   ,  254   ,  128   ,  124   ,  252   ,  123   ,  117   ,  240   ,  126   ,  118   ,  244   ,  138   ,  130   ,  268   ,  140   ,  132   ,  272   ,  151   ,  146   ,  297   ,  167   ,  164   ,  331   ,  171   ,  170   ,  341   ,  174   ,  174   ,  348   ,  179   ,  180   ,  359   ,  184   ,  182   ,  366   
,64,  94   ,  82   ,  176   ,  103   ,  93   ,  196   ,  115   ,  109   ,  224   ,  118   ,  115   ,  233   ,  119   ,  118   ,  237   ,  125   ,  124   ,  249   ,  125   ,  122   ,  247   ,  120   ,  114   ,  234   ,  129   ,  122   ,  251   ,  135   ,  127   ,  262   ,  137   ,  130   ,  267   ,  148   ,  144   ,  292   ,  163   ,  162   ,  325   ,  168   ,  168   ,  336   ,  170   ,  172   ,  342   ,  175   ,  177   ,  352   
,65,  90   ,  77   ,  167   ,  91   ,  79   ,  170   ,  99   ,  91   ,  190   ,  111   ,  106   ,  217   ,  114   ,  112   ,  226   ,  115   ,  115   ,  230   ,  121   ,  121   ,  242   ,  121   ,  119   ,  240   ,  122   ,  117   ,  239   ,  125   ,  119   ,  244   ,  131   ,  124   ,  255   ,  133   ,  127   ,  260   ,  143   ,  140   ,  283   ,  158   ,  158   ,  316   ,  163   ,  164   ,  327   ,  165   ,  167   ,  332   
,66,  82   ,  72   ,  154   ,  86   ,  76   ,  162   ,  88   ,  79   ,  167   ,  95   ,  90   ,  185   ,  107   ,  105   ,  212   ,  110   ,  111   ,  221   ,  111   ,  113   ,  224   ,  116   ,  119   ,  235   ,  122   ,  123   ,  245   ,  118   ,  116   ,  234   ,  120   ,  118   ,  238   ,  126   ,  123   ,  249   ,  128   ,  126   ,  254   ,  138   ,  139   ,  277   ,  153   ,  156   ,  309   ,  157   ,  162   ,  319   
,67,  80   ,  69   ,  149   ,  82   ,  71   ,  153   ,  86   ,  75   ,  161   ,  87   ,  78   ,  165   ,  95   ,  89   ,  184   ,  106   ,  104   ,  210   ,  110   ,  110   ,  220   ,  111   ,  112   ,  223   ,  122   ,  124   ,  246   ,  122   ,  122   ,  244   ,  118   ,  115   ,  233   ,  121   ,  117   ,  238   ,  126   ,  122   ,  248   ,  128   ,  125   ,  253   ,  138   ,  138   ,  276   ,  153   ,  155   ,  308   
,68,  87   ,  80   ,  167   ,  83   ,  74   ,  157   ,  86   ,  76   ,  162   ,  90   ,  80   ,  170   ,  91   ,  83   ,  174   ,  99   ,  95   ,  194   ,  111   ,  111   ,  222   ,  115   ,  118   ,  233   ,  121   ,  127   ,  248   ,  128   ,  134   ,  262   ,  128   ,  132   ,  260   ,  124   ,  124   ,  248   ,  126   ,  126   ,  252   ,  132   ,  132   ,  264   ,  135   ,  134   ,  269   ,  145   ,  148   ,  293   
,69,  86   ,  83   ,  169   ,  85   ,  79   ,  164   ,  81   ,  73   ,  154   ,  83   ,  75   ,  158   ,  87   ,  79   ,  166   ,  89   ,  82   ,  171   ,  97   ,  94   ,  191   ,  108   ,  110   ,  218   ,  117   ,  122   ,  239   ,  118   ,  125   ,  243   ,  125   ,  132   ,  257   ,  125   ,  130   ,  255   ,  121   ,  123   ,  244   ,  123   ,  125   ,  248   ,  129   ,  130   ,  259   ,  131   ,  133   ,  264   
,70,  81   ,  80   ,  161   ,  82   ,  81   ,  163   ,  80   ,  77   ,  157   ,  76   ,  71   ,  147   ,  79   ,  73   ,  152   ,  82   ,  78   ,  160   ,  84   ,  80   ,  164   ,  91   ,  92   ,  183   ,  107   ,  113   ,  220   ,  111   ,  120   ,  231   ,  112   ,  123   ,  235   ,  118   ,  130   ,  248   ,  118   ,  128   ,  246   ,  114   ,  121   ,  235   ,  117   ,  123   ,  240   ,  123   ,  128   ,  251   
,71,  78   ,  77   ,  155   ,  78   ,  78   ,  156   ,  79   ,  79   ,  158   ,  77   ,  75   ,  152   ,  74   ,  69   ,  143   ,  76   ,  71   ,  147   ,  80   ,  75   ,  155   ,  81   ,  78   ,  159   ,  93   ,  94   ,  187   ,  104   ,  110   ,  214   ,  108   ,  117   ,  225   ,  109   ,  120   ,  229   ,  115   ,  127   ,  242   ,  115   ,  125   ,  240   ,  111   ,  118   ,  229   ,  114   ,  120   ,  234   
,72,  73   ,  73   ,  146   ,  74   ,  75   ,  149   ,  74   ,  75   ,  149   ,  75   ,  76   ,  151   ,  74   ,  73   ,  147   ,  71   ,  67   ,  138   ,  73   ,  69   ,  142   ,  76   ,  73   ,  149   ,  81   ,  80   ,  161   ,  89   ,  91   ,  180   ,  100   ,  107   ,  207   ,  103   ,  114   ,  217   ,  105   ,  117   ,  222   ,  110   ,  123   ,  233   ,  110   ,  121   ,  231   ,  107   ,  114   ,  221   
,73,  54   ,  51   ,  105   ,  60   ,  60   ,  120   ,  62   ,  61   ,  123   ,  62   ,  62   ,  124   ,  63   ,  63   ,  126   ,  61   ,  60   ,  121   ,  59   ,  55   ,  114   ,  60   ,  57   ,  117   ,  67   ,  63   ,  130   ,  68   ,  66   ,  134   ,  74   ,  75   ,  149   ,  84   ,  88   ,  172   ,  87   ,  94   ,  181   ,  88   ,  96   ,  184   ,  92   ,  102   ,  194   ,  93   ,  100   ,  193   
,74,  47   ,  42   ,  89   ,  52   ,  50   ,  102   ,  59   ,  58   ,  117   ,  60   ,  60   ,  120   ,  60   ,  61   ,  121   ,  61   ,  61   ,  122   ,  60   ,  58   ,  118   ,  57   ,  54   ,  111   ,  62   ,  59   ,  121   ,  65   ,  62   ,  127   ,  66   ,  65   ,  131   ,  73   ,  74   ,  147   ,  82   ,  87   ,  169   ,  85   ,  92   ,  177   ,  86   ,  95   ,  181   ,  90   ,  100   ,  190   
,75,  44   ,  39   ,  83   ,  45   ,  40   ,  85   ,  51   ,  47   ,  98   ,  57   ,  55   ,  112   ,  58   ,  57   ,  115   ,  58   ,  58   ,  116   ,  59   ,  58   ,  117   ,  58   ,  55   ,  113   ,  58   ,  54   ,  112   ,  60   ,  56   ,  116   ,  63   ,  59   ,  122   ,  64   ,  62   ,  126   ,  70   ,  71   ,  141   ,  79   ,  83   ,  162   ,  82   ,  88   ,  170   ,  83   ,  90   ,  173   
,76,  40   ,  36   ,  76   ,  41   ,  36   ,  77   ,  43   ,  37   ,  80   ,  48   ,  44   ,  92   ,  53   ,  52   ,  105   ,  55   ,  54   ,  109   ,  55   ,  54   ,  109   ,  56   ,  55   ,  111   ,  57   ,  55   ,  112   ,  55   ,  51   ,  106   ,  57   ,  53   ,  110   ,  60   ,  56   ,  116   ,  61   ,  58   ,  119   ,  67   ,  67   ,  134   ,  75   ,  78   ,  153   ,  78   ,  83   ,  161   
,77,  38   ,  35   ,  73   ,  38   ,  34   ,  72   ,  39   ,  35   ,  74   ,  40   ,  36   ,  76   ,  45   ,  43   ,  88   ,  50   ,  51   ,  101   ,  51   ,  52   ,  103   ,  52   ,  52   ,  104   ,  55   ,  56   ,  111   ,  54   ,  54   ,  108   ,  52   ,  50   ,  102   ,  54   ,  51   ,  105   ,  57   ,  54   ,  111   ,  58   ,  57   ,  115   ,  63   ,  65   ,  128   ,  71   ,  76   ,  147   
,78,  39   ,  40   ,  79   ,  38   ,  37   ,  75   ,  38   ,  37   ,  75   ,  39   ,  38   ,  77   ,  40   ,  39   ,  79   ,  45   ,  46   ,  91   ,  50   ,  54   ,  104   ,  52   ,  56   ,  108   ,  54   ,  59   ,  113   ,  55   ,  60   ,  115   ,  54   ,  58   ,  112   ,  52   ,  53   ,  105   ,  54   ,  55   ,  109   ,  57   ,  59   ,  116   ,  58   ,  61   ,  119   ,  64   ,  70   ,  134   
,79,  35   ,  40   ,  75   ,  35   ,  37   ,  72   ,  34   ,  34   ,  68   ,  34   ,  34   ,  68   ,  35   ,  35   ,  70   ,  36   ,  36   ,  72   ,  40   ,  42   ,  82   ,  45   ,  50   ,  95   ,  48   ,  54   ,  102   ,  49   ,  55   ,  104   ,  50   ,  56   ,  106   ,  49   ,  53   ,  102   ,  47   ,  49   ,  96   ,  49   ,  51   ,  100   ,  51   ,  54   ,  105   ,  53   ,  57   ,  110   
,80+,  289   ,  334   ,  623   ,  281   ,  325   ,  606   ,  274   ,  315   ,  589   ,  267   ,  305   ,  572   ,  261   ,  295   ,  556   ,  257   ,  288   ,  545   ,  256   ,  283   ,  539   ,  259   ,  285   ,  544   ,  281   ,  312   ,  593   ,  290   ,  323   ,  613   ,  298   ,  335   ,  633   ,  307   ,  345   ,  652   ,  313   ,  351   ,  664   ,  317   ,  353   ,  670   ,  322   ,  356   ,  678   ,  329   ,  362   ,  691   
,Total,  50 344   ,  52 218   ,  102 562   ,  51 966   ,  53 843   ,  105 809   ,  53 620   ,  55 479   ,  109 099   ,  55 277   ,  57 134   ,  112 411   ,  56 953   ,  58 807   ,  115 760   ,  58 638   ,  60 490   ,  119 128   ,  60 284   ,  62 123   ,  122 407   ,  61 945   ,  63 772   ,  125 717   ,  66 599   ,  68 578   ,  135 177   ,  68 389   ,  70 359   ,  138 748   ,  70 293   ,  72 256   ,  142 549   ,  72 128   ,  74 081   ,  146 209   ,  74 001   ,  75 937   ,  149 938   ,  75 903   ,  77 832   ,  153 735   ,  77 833   ,  79 749   ,  157 582   ,  79 804   ,  81 694   ,  161 498   
,,,,,,,,,,,,,,,,,,,,,,,,,,,,,,,,,,,,,,,,,,,,,,,,,
,,,,,,,,,,,,,,,,,,,,,,,,,,,,,,,,,,,,,,,,,,,,,,,,,
SIRBA,,,,,,,,,,,,,,,,,,,,,,,,,,,,,,,,,,,,,,,,,,,,,,,,,
,,2020,,,2021,,,2022,,,2023,,,2024,,,2025,,,2026,,,2027,,,2028,,,2029,,,2030,,,2031,,,2032,,,2033,,,2034,,,2035,,
, Ages,Ensemble,,,Ensemble,,,Ensemble,,,Ensemble,,,Ensemble,,,Ensemble,,,Ensemble,,,Ensemble,,,Ensemble,,,Ensemble,,,Ensemble,,,Ensemble,,,Ensemble,,,Ensemble,,,Ensemble,,,Ensemble,,
,,Homme ,Femme,Ensemble,Homme ,Femme,Ensemble,Homme ,Femme,Ensemble,Homme ,Femme,Ensemble,Homme ,Femme,Ensemble,Homme ,Femme,Ensemble,Homme ,Femme,Ensemble,Homme ,Femme,Ensemble,Homme ,Femme,Ensemble,Homme ,Femme,Ensemble,Homme ,Femme,Ensemble,Homme ,Femme,Ensemble,Homme ,Femme,Ensemble,Homme ,Femme,Ensemble,Homme ,Femme,Ensemble,Homme ,Femme,Ensemble
,0,  18 084   ,  17 428   ,  35 512   ,  18 224   ,  17 558   ,  35 782   ,  18 417   ,  17 757   ,  36 174   ,  18 585   ,  17 932   ,  36 517   ,  18 733   ,  18 085   ,  36 818   ,  18 874   ,  18 230   ,  37 104   ,  19 001   ,  18 358   ,  37 359   ,  19 125   ,  18 486   ,  37 611   ,  19 745   ,  19 101   ,  38 846   ,  19 871   ,  19 229   ,  39 100   ,  20 017   ,  19 377   ,  39 394   ,  20 352   ,  19 709   ,  40 061   ,  20 702   ,  20 052   ,  40 754   ,  21 055   ,  20 398   ,  41 453   ,  21 403   ,  20 738   ,  42 141   ,  21 735   ,  21 059   ,  42 794   
,1,  17 655   ,  17 082   ,  34 737   ,  17 635   ,  17 026   ,  34 661   ,  17 784   ,  17 167   ,  34 951   ,  17 988   ,  17 370   ,  35 358   ,  18 165   ,  17 549   ,  35 714   ,  18 323   ,  17 707   ,  36 030   ,  18 458   ,  17 840   ,  36 298   ,  18 597   ,  17 977   ,  36 574   ,  19 225   ,  18 597   ,  37 822   ,  19 376   ,  18 746   ,  38 122   ,  19 542   ,  18 911   ,  38 453   ,  19 672   ,  19 042   ,  38 714   ,  20 013   ,  19 377   ,  39 390   ,  20 366   ,  19 724   ,  40 090   ,  20 724   ,  20 074   ,  40 798   ,  21 077   ,  20 417   ,  41 494   
,2,  17 056   ,  16 601   ,  33 657   ,  17 432   ,  16 891   ,  34 323   ,  17 418   ,  16 843   ,  34 261   ,  17 573   ,  16 987   ,  34 560   ,  17 780   ,  17 193   ,  34 973   ,  17 960   ,  17 372   ,  35 332   ,  18 107   ,  17 517   ,  35 624   ,  18 247   ,  17 656   ,  35 903   ,  18 875   ,  18 274   ,  37 149   ,  19 037   ,  18 435   ,  37 472   ,  19 221   ,  18 616   ,  37 837   ,  19 367   ,  18 761   ,  38 128   ,  19 502   ,  18 895   ,  38 397   ,  19 844   ,  19 233   ,  39 077   ,  20 199   ,  19 581   ,  39 780   ,  20 558   ,  19 931   ,  40 489   
,3,  16 322   ,  15 986   ,  32 308   ,  16 802   ,  16 363   ,  33 165   ,  17 175   ,  16 653   ,  33 828   ,  17 166   ,  16 608   ,  33 774   ,  17 321   ,  16 751   ,  34 072   ,  17 527   ,  16 952   ,  34 479   ,  17 693   ,  17 116   ,  34 809   ,  17 843   ,  17 262   ,  35 105   ,  18 462   ,  17 875   ,  36 337   ,  18 627   ,  18 036   ,  36 663   ,  18 820   ,  18 225   ,  37 045   ,  18 980   ,  18 384   ,  37 364   ,  19 128   ,  18 530   ,  37 658   ,  19 263   ,  18 664   ,  37 927   ,  19 603   ,  18 997   ,  38 600   ,  19 957   ,  19 341   ,  39 298   
,4,  15 620   ,  15 376   ,  30 996   ,  16 118   ,  15 775   ,  31 893   ,  16 596   ,  16 150   ,  32 746   ,  16 967   ,  16 439   ,  33 406   ,  16 961   ,  16 394   ,  33 355   ,  17 117   ,  16 536   ,  33 653   ,  17 308   ,  16 722   ,  34 030   ,  17 476   ,  16 886   ,  34 362   ,  18 098   ,  17 499   ,  35 597   ,  18 262   ,  17 660   ,  35 922   ,  18 457   ,  17 851   ,  36 308   ,  18 627   ,  18 017   ,  36 644   ,  18 789   ,  18 176   ,  36 965   ,  18 936   ,  18 319   ,  37 255   ,  19 071   ,  18 453   ,  37 524   ,  19 411   ,  18 783   ,  38 194   
,5,  14 809   ,  14 646   ,  29 455   ,  15 444   ,  15 210   ,  30 654   ,  15 939   ,  15 609   ,  31 548   ,  16 413   ,  15 981   ,  32 394   ,  16 784   ,  16 267   ,  33 051   ,  16 779   ,  16 223   ,  33 002   ,  16 921   ,  16 348   ,  33 269   ,  17 114   ,  16 535   ,  33 649   ,  17 749   ,  17 161   ,  34 910   ,  17 919   ,  17 328   ,  35 247   ,  18 114   ,  17 516   ,  35 630   ,  18 285   ,  17 684   ,  35 969   ,  18 455   ,  17 850   ,  36 305   ,  18 617   ,  18 007   ,  36 624   ,  18 765   ,  18 150   ,  36 915   ,  18 900   ,  18 280   ,  37 180   
,6,  14 108   ,  13 975   ,  28 083   ,  14 709   ,  14 551   ,  29 260   ,  15 341   ,  15 115   ,  30 456   ,  15 836   ,  15 512   ,  31 348   ,  16 310   ,  15 882   ,  32 192   ,  16 680   ,  16 166   ,  32 846   ,  16 662   ,  16 106   ,  32 768   ,  16 807   ,  16 232   ,  33 039   ,  17 460   ,  16 874   ,  34 334   ,  17 650   ,  17 061   ,  34 711   ,  17 849   ,  17 254   ,  35 103   ,  18 020   ,  17 421   ,  35 441   ,  18 193   ,  17 589   ,  35 782   ,  18 363   ,  17 754   ,  36 117   ,  18 526   ,  17 909   ,  36 435   ,  18 673   ,  18 050   ,  36 723   
,7,  13 604   ,  13 454   ,  27 058   ,  14 019   ,  13 899   ,  27 918   ,  14 619   ,  14 474   ,  29 093   ,  15 250   ,  15 036   ,  30 286   ,  15 742   ,  15 432   ,  31 174   ,  16 214   ,  15 798   ,  32 012   ,  16 569   ,  16 065   ,  32 634   ,  16 555   ,  16 010   ,  32 565   ,  17 152   ,  16 583   ,  33 735   ,  17 367   ,  16 792   ,  34 159   ,  17 585   ,  17 004   ,  34 589   ,  17 763   ,  17 177   ,  34 940   ,  17 934   ,  17 343   ,  35 277   ,  18 107   ,  17 509   ,  35 616   ,  18 277   ,  17 672   ,  35 949   ,  18 439   ,  17 826   ,  36 265   
,8,  13 137   ,  12 945   ,  26 082   ,  13 454   ,  13 329   ,  26 783   ,  13 865   ,  13 772   ,  27 637   ,  14 459   ,  14 343   ,  28 802   ,  15 085   ,  14 898   ,  29 983   ,  15 573   ,  15 289   ,  30 862   ,  16 027   ,  15 637   ,  31 664   ,  16 381   ,  15 904   ,  32 285   ,  16 814   ,  16 291   ,  33 105   ,  16 977   ,  16 437   ,  33 414   ,  17 218   ,  16 670   ,  33 888   ,  17 414   ,  16 860   ,  34 274   ,  17 590   ,  17 032   ,  34 622   ,  17 760   ,  17 195   ,  34 955   ,  17 931   ,  17 359   ,  35 290   ,  18 101   ,  17 519   ,  35 620   
,9,  12 635   ,  12 407   ,  25 042   ,  13 087   ,  12 937   ,  26 024   ,  13 406   ,  13 323   ,  26 729   ,  13 817   ,  13 765   ,  27 582   ,  14 410   ,  14 337   ,  28 747   ,  15 034   ,  14 890   ,  29 924   ,  15 508   ,  15 265   ,  30 773   ,  15 963   ,  15 615   ,  31 578   ,  16 761   ,  16 324   ,  33 085   ,  16 761   ,  16 283   ,  33 044   ,  16 953   ,  16 455   ,  33 408   ,  17 172   ,  16 668   ,  33 840   ,  17 368   ,  16 858   ,  34 226   ,  17 545   ,  17 028   ,  34 573   ,  17 715   ,  17 191   ,  34 906   ,  17 885   ,  17 352   ,  35 237   
,10,  12 057   ,  11 289   ,  23 346   ,  12 620   ,  11 885   ,  24 505   ,  13 073   ,  12 392   ,  25 465   ,  13 391   ,  12 763   ,  26 154   ,  13 802   ,  13 187   ,  26 989   ,  14 397   ,  13 732   ,  28 129   ,  15 006   ,  14 249   ,  29 255   ,  15 483   ,  14 610   ,  30 093   ,  16 377   ,  15 364   ,  31 741   ,  16 756   ,  15 641   ,  32 397   ,  16 786   ,  15 628   ,  32 414   ,  16 955   ,  15 774   ,  32 729   ,  17 174   ,  15 978   ,  33 152   ,  17 369   ,  16 158   ,  33 527   ,  17 546   ,  16 321   ,  33 867   ,  17 716   ,  16 474   ,  34 190   
,11,  11 490   ,  10 535   ,  22 025   ,  11 898   ,  10 946   ,  22 844   ,  12 455   ,  11 523   ,  23 978   ,  12 902   ,  12 016   ,  24 918   ,  13 217   ,  12 375   ,  25 592   ,  13 624   ,  12 783   ,  26 407   ,  14 197   ,  13 298   ,  27 495   ,  14 800   ,  13 801   ,  28 601   ,  15 698   ,  14 550   ,  30 248   ,  16 176   ,  14 898   ,  31 074   ,  16 575   ,  15 193   ,  31 768   ,  16 583   ,  15 161   ,  31 744   ,  16 751   ,  15 301   ,  32 052   ,  16 968   ,  15 498   ,  32 466   ,  17 161   ,  15 672   ,  32 833   ,  17 335   ,  15 826   ,  33 161   
,12,  10 774   ,  9 800   ,  20 574   ,  11 224   ,  10 201   ,  21 425   ,  11 624   ,  10 599   ,  22 223   ,  12 168   ,  11 159   ,  23 327   ,  12 605   ,  11 635   ,  24 240   ,  12 914   ,  11 981   ,  24 895   ,  13 299   ,  12 364   ,  25 663   ,  13 862   ,  12 863   ,  26 725   ,  14 858   ,  13 728   ,  28 586   ,  15 345   ,  14 089   ,  29 434   ,  15 835   ,  14 449   ,  30 284   ,  16 207   ,  14 716   ,  30 923   ,  16 214   ,  14 684   ,  30 898   ,  16 378   ,  14 819   ,  31 197   ,  16 590   ,  15 008   ,  31 598   ,  16 779   ,  15 174   ,  31 953   
,13,  9 943   ,  8 912   ,  18 855   ,  10 523   ,  9 392   ,  19 915   ,  10 963   ,  9 777   ,  20 740   ,  11 355   ,  10 159   ,  21 514   ,  11 888   ,  10 695   ,  22 583   ,  12 315   ,  11 149   ,  23 464   ,  12 604   ,  11 470   ,  24 074   ,  12 983   ,  11 838   ,  24 821   ,  13 918   ,  12 665   ,  26 583   ,  14 525   ,  13 156   ,  27 681   ,  15 025   ,  13 524   ,  28 549   ,  15 486   ,  13 852   ,  29 338   ,  15 848   ,  14 108   ,  29 956   ,  15 857   ,  14 075   ,  29 932   ,  16 018   ,  14 203   ,  30 221   ,  16 225   ,  14 382   ,  30 607   
,14,  9 547   ,  8 543   ,  18 090   ,  10 029   ,  8 888   ,  18 917   ,  10 615   ,  9 368   ,  19 983   ,  11 060   ,  9 750   ,  20 810   ,  11 456   ,  10 130   ,  21 586   ,  11 994   ,  10 661   ,  22 655   ,  12 415   ,  11 104   ,  23 519   ,  12 708   ,  11 423   ,  24 131   ,  13 464   ,  12 128   ,  25 592   ,  14 047   ,  12 629   ,  26 676   ,  14 682   ,  13 139   ,  27 821   ,  15 167   ,  13 489   ,  28 656   ,  15 635   ,  13 816   ,  29 451   ,  16 000   ,  14 069   ,  30 069   ,  16 010   ,  14 036   ,  30 046   ,  16 171   ,  14 159   ,  30 330   
,15,  8 725   ,  8 126   ,  16 851   ,  9 240   ,  8 423   ,  17 663   ,  9 708   ,  8 765   ,  18 473   ,  10 278   ,  9 236   ,  19 514   ,  10 710   ,  9 612   ,  20 322   ,  11 093   ,  9 985   ,  21 078   ,  11 605   ,  10 499   ,  22 104   ,  12 015   ,  10 935   ,  22 950   ,  12 655   ,  11 581   ,  24 236   ,  13 049   ,  11 961   ,  25 010   ,  13 637   ,  12 477   ,  26 114   ,  14 236   ,  12 964   ,  27 200   ,  14 707   ,  13 308   ,  28 015   ,  15 159   ,  13 629   ,  28 788   ,  15 517   ,  13 876   ,  29 393   ,  15 524   ,  13 840   ,  29 364   
,16,  8 023   ,  8 021   ,  16 044   ,  8 643   ,  8 364   ,  17 007   ,  9 154   ,  8 671   ,  17 825   ,  9 619   ,  9 020   ,  18 639   ,  10 184   ,  9 505   ,  19 689   ,  10 613   ,  9 891   ,  20 504   ,  10 983   ,  10 263   ,  21 246   ,  11 492   ,  10 792   ,  22 284   ,  12 243   ,  11 570   ,  23 813   ,  12 545   ,  11 912   ,  24 457   ,  12 957   ,  12 326   ,  25 283   ,  13 523   ,  12 839   ,  26 362   ,  14 120   ,  13 340   ,  27 460   ,  14 587   ,  13 693   ,  28 280   ,  15 036   ,  14 020   ,  29 056   ,  15 391   ,  14 270   ,  29 661   
,17,  7 532   ,  7 975   ,  15 507   ,  7 950   ,  8 086   ,  16 036   ,  8 565   ,  8 432   ,  16 997   ,  9 073   ,  8 741   ,  17 814   ,  9 535   ,  9 093   ,  18 628   ,  10 095   ,  9 580   ,  19 675   ,  10 512   ,  9 959   ,  20 471   ,  10 881   ,  10 335   ,  21 216   ,  11 715   ,  11 188   ,  22 903   ,  12 139   ,  11 663   ,  23 802   ,  12 460   ,  12 028   ,  24 488   ,  12 852   ,  12 428   ,  25 280   ,  13 416   ,  12 946   ,  26 362   ,  14 007   ,  13 449   ,  27 456   ,  14 473   ,  13 802   ,  28 275   ,  14 918   ,  14 128   ,  29 046   
,18,  7 279   ,  8 495   ,  15 774   ,  7 535   ,  8 364   ,  15 899   ,  7 952   ,  8 482   ,  16 434   ,  8 569   ,  8 844   ,  17 413   ,  9 079   ,  9 168   ,  18 247   ,  9 542   ,  9 536   ,  19 078   ,  10 095   ,  10 037   ,  20 132   ,  10 512   ,  10 435   ,  20 947   ,  11 191   ,  11 150   ,  22 341   ,  11 721   ,  11 734   ,  23 455   ,  12 168   ,  12 253   ,  24 421   ,  12 473   ,  12 621   ,  25 094   ,  12 866   ,  13 040   ,  25 906   ,  13 430   ,  13 581   ,  27 011   ,  14 024   ,  14 106   ,  28 130   ,  14 489   ,  14 473   ,  28 962   
,19,  6 809   ,  8 419   ,  15 228   ,  7 104   ,  8 447   ,  15 551   ,  7 354   ,  8 317   ,  15 671   ,  7 762   ,  8 434   ,  16 196   ,  8 367   ,  8 794   ,  17 161   ,  8 865   ,  9 115   ,  17 980   ,  9 309   ,  9 472   ,  18 781   ,  9 853   ,  9 970   ,  19 823   ,  10 554   ,  10 673   ,  21 227   ,  10 934   ,  11 086   ,  22 020   ,  11 472   ,  11 687   ,  23 159   ,  11 895   ,  12 188   ,  24 083   ,  12 195   ,  12 554   ,  24 749   ,  12 580   ,  12 969   ,  25 549   ,  13 133   ,  13 506   ,  26 639   ,  13 712   ,  14 025   ,  27 737   
,20,  6 326   ,  8 132   ,  14 458   ,  6 664   ,  8 422   ,  15 086   ,  6 954   ,  8 452   ,  15 406   ,  7 200   ,  8 321   ,  15 521   ,  7 602   ,  8 438   ,  16 040   ,  8 195   ,  8 797   ,  16 992   ,  8 678   ,  9 110   ,  17 788   ,  9 116   ,  9 467   ,  18 583   ,  9 926   ,  10 262   ,  20 188   ,  10 348   ,  10 678   ,  21 026   ,  10 741   ,  11 110   ,  21 851   ,  11 255   ,  11 698   ,  22 953   ,  11 672   ,  12 199   ,  23 871   ,  11 966   ,  12 563   ,  24 529   ,  12 345   ,  12 978   ,  25 323   ,  12 889   ,  13 513   ,  26 402   
,21,  5 853   ,  7 497   ,  13 350   ,  6 120   ,  7 808   ,  13 928   ,  6 450   ,  8 088   ,  14 538   ,  6 731   ,  8 115   ,  14 846   ,  6 971   ,  7 989   ,  14 960   ,  7 360   ,  8 100   ,  15 460   ,  7 931   ,  8 437   ,  16 368   ,  8 402   ,  8 739   ,  17 141   ,  9 082   ,  9 352   ,  18 434   ,  9 623   ,  9 854   ,  19 477   ,  10 051   ,  10 271   ,  20 322   ,  10 420   ,  10 674   ,  21 094   ,  10 921   ,  11 238   ,  22 159   ,  11 327   ,  11 718   ,  23 045   ,  11 613   ,  12 067   ,  23 680   ,  11 982   ,  12 463   ,  24 445   
,22,  5 397   ,  6 901   ,  12 298   ,  5 697   ,  7 365   ,  13 062   ,  5 958   ,  7 671   ,  13 629   ,  6 281   ,  7 947   ,  14 228   ,  6 557   ,  7 973   ,  14 530   ,  6 791   ,  7 848   ,  14 639   ,  7 167   ,  7 950   ,  15 117   ,  7 727   ,  8 282   ,  16 009   ,  8 423   ,  8 832   ,  17 255   ,  8 860   ,  9 186   ,  18 046   ,  9 406   ,  9 696   ,  19 102   ,  9 812   ,  10 094   ,  19 906   ,  10 176   ,  10 490   ,  20 666   ,  10 667   ,  11 044   ,  21 711   ,  11 064   ,  11 515   ,  22 579   ,  11 345   ,  11 856   ,  23 201   
,23,  4 899   ,  6 224   ,  11 123   ,  5 194   ,  6 681   ,  11 875   ,  5 483   ,  7 132   ,  12 615   ,  5 736   ,  7 427   ,  13 163   ,  6 050   ,  7 693   ,  13 743   ,  6 316   ,  7 718   ,  14 034   ,  6 539   ,  7 591   ,  14 130   ,  6 904   ,  7 689   ,  14 593   ,  7 666   ,  8 255   ,  15 921   ,  8 130   ,  8 556   ,  16 686   ,  8 569   ,  8 916   ,  17 485   ,  9 088   ,  9 401   ,  18 489   ,  9 484   ,  9 786   ,  19 270   ,  9 835   ,  10 169   ,  20 004   ,  10 313   ,  10 706   ,  21 019   ,  10 696   ,  11 160   ,  21 856   
,24,  4 703   ,  6 080   ,  10 783   ,  4 885   ,  6 348   ,  11 233   ,  5 181   ,  6 816   ,  11 997   ,  5 472   ,  7 276   ,  12 748   ,  5 728   ,  7 578   ,  13 306   ,  6 043   ,  7 849   ,  13 892   ,  6 306   ,  7 867   ,  14 173   ,  6 529   ,  7 737   ,  14 266   ,  7 099   ,  8 078   ,  15 177   ,  7 665   ,  8 422   ,  16 087   ,  8 148   ,  8 746   ,  16 894   ,  8 578   ,  9 102   ,  17 680   ,  9 100   ,  9 596   ,  18 696   ,  9 497   ,  9 990   ,  19 487   ,  9 852   ,  10 380   ,  20 232   ,  10 332   ,  10 926   ,  21 258   
,25,  4 586   ,  5 939   ,  10 525   ,  4 669   ,  6 089   ,  10 758   ,  4 849   ,  6 360   ,  11 209   ,  5 146   ,  6 828   ,  11 974   ,  5 438   ,  7 291   ,  12 729   ,  5 693   ,  7 593   ,  13 286   ,  6 003   ,  7 857   ,  13 860   ,  6 269   ,  7 877   ,  14 146   ,  6 682   ,  7 982   ,  14 664   ,  7 066   ,  8 093   ,  15 159   ,  7 647   ,  8 454   ,  16 101   ,  8 120   ,  8 768   ,  16 888   ,  8 551   ,  9 126   ,  17 677   ,  9 073   ,  9 621   ,  18 694   ,  9 471   ,  10 015   ,  19 486   ,  9 826   ,  10 404   ,  20 230   
,26,  4 528   ,  5 954   ,  10 482   ,  4 588   ,  6 075   ,  10 663   ,  4 673   ,  6 229   ,  10 902   ,  4 856   ,  6 506   ,  11 362   ,  5 156   ,  6 986   ,  12 142   ,  5 450   ,  7 458   ,  12 908   ,  5 704   ,  7 761   ,  13 465   ,  6 018   ,  8 033   ,  14 051   ,  6 468   ,  8 298   ,  14 766   ,  6 706   ,  8 168   ,  14 874   ,  7 107   ,  8 297   ,  15 404   ,  7 685   ,  8 657   ,  16 342   ,  8 163   ,  8 979   ,  17 142   ,  8 598   ,  9 345   ,  17 943   ,  9 127   ,  9 851   ,  18 978   ,  9 528   ,  10 253   ,  19 781   
,27,  4 418   ,  5 825   ,  10 243   ,  4 430   ,  5 870   ,  10 300   ,  4 490   ,  5 990   ,  10 480   ,  4 575   ,  6 142   ,  10 717   ,  4 755   ,  6 415   ,  11 170   ,  5 052   ,  6 888   ,  11 940   ,  5 339   ,  7 349   ,  12 688   ,  5 589   ,  7 649   ,  13 238   ,  6 071   ,  8 159   ,  14 230   ,  6 347   ,  8 187   ,  14 534   ,  6 595   ,  8 073   ,  14 668   ,  6 982   ,  8 190   ,  15 172   ,  7 553   ,  8 547   ,  16 100   ,  8 026   ,  8 866   ,  16 892   ,  8 455   ,  9 226   ,  17 681   ,  8 978   ,  9 726   ,  18 704   
,28,  4 505   ,  5 889   ,  10 394   ,  4 374   ,  5 774   ,  10 148   ,  4 387   ,  5 819   ,  10 206   ,  4 447   ,  5 938   ,  10 385   ,  4 531   ,  6 091   ,  10 622   ,  4 713   ,  6 363   ,  11 076   ,  5 004   ,  6 826   ,  11 830   ,  5 293   ,  7 284   ,  12 577   ,  5 704   ,  7 812   ,  13 516   ,  6 026   ,  8 094   ,  14 120   ,  6 314   ,  8 136   ,  14 450   ,  6 553   ,  8 016   ,  14 569   ,  6 940   ,  8 132   ,  15 072   ,  7 511   ,  8 486   ,  15 997   ,  7 983   ,  8 802   ,  16 785   ,  8 414   ,  9 160   ,  17 574   
,29,  4 420   ,  5 664   ,  10 084   ,  4 371   ,  5 695   ,  10 066   ,  4 244   ,  5 585   ,  9 829   ,  4 257   ,  5 629   ,  9 886   ,  4 317   ,  5 745   ,  10 062   ,  4 400   ,  5 892   ,  10 292   ,  4 574   ,  6 149   ,  10 723   ,  4 860   ,  6 599   ,  11 459   ,  5 292   ,  7 259   ,  12 551   ,  5 549   ,  7 563   ,  13 112   ,  5 876   ,  7 851   ,  13 727   ,  6 150   ,  7 883   ,  14 033   ,  6 386   ,  7 764   ,  14 150   ,  6 765   ,  7 878   ,  14 643   ,  7 324   ,  8 220   ,  15 544   ,  7 787   ,  8 526   ,  16 313   
,30,  4 244   ,  5 361   ,  9 605   ,  4 305   ,  5 564   ,  9 869   ,  4 259   ,  5 596   ,  9 855   ,  4 134   ,  5 488   ,  9 622   ,  4 147   ,  5 532   ,  9 679   ,  4 206   ,  5 645   ,  9 851   ,  4 284   ,  5 784   ,  10 068   ,  4 457   ,  6 038   ,  10 495   ,  4 878   ,  6 683   ,  11 561   ,  5 167   ,  7 138   ,  12 305   ,  5 430   ,  7 451   ,  12 881   ,  5 744   ,  7 726   ,  13 470   ,  6 015   ,  7 757   ,  13 772   ,  6 246   ,  7 640   ,  13 886   ,  6 619   ,  7 752   ,  14 371   ,  7 168   ,  8 088   ,  15 256   
,31,  4 005   ,  4 868   ,  8 873   ,  4 041   ,  5 057   ,  9 098   ,  4 099   ,  5 251   ,  9 350   ,  4 056   ,  5 281   ,  9 337   ,  3 937   ,  5 179   ,  9 116   ,  3 950   ,  5 219   ,  9 169   ,  4 005   ,  5 321   ,  9 326   ,  4 081   ,  5 455   ,  9 536   ,  4 373   ,  5 872   ,  10 245   ,  4 654   ,  6 310   ,  10 964   ,  4 941   ,  6 752   ,  11 693   ,  5 187   ,  7 040   ,  12 227   ,  5 490   ,  7 301   ,  12 791   ,  5 750   ,  7 329   ,  13 079   ,  5 972   ,  7 219   ,  13 191   ,  6 330   ,  7 323   ,  13 653   
,32,  3 858   ,  4 550   ,  8 408   ,  3 953   ,  4 801   ,  8 754   ,  3 988   ,  4 989   ,  8 977   ,  4 049   ,  5 181   ,  9 230   ,  4 005   ,  5 210   ,  9 215   ,  3 888   ,  5 110   ,  8 998   ,  3 899   ,  5 145   ,  9 044   ,  3 954   ,  5 247   ,  9 201   ,  4 153   ,  5 549   ,  9 702   ,  4 325   ,  5 798   ,  10 123   ,  4 613   ,  6 241   ,  10 854   ,  4 893   ,  6 671   ,  11 564   ,  5 139   ,  6 956   ,  12 095   ,  5 441   ,  7 212   ,  12 653   ,  5 699   ,  7 241   ,  12 940   ,  5 920   ,  7 130   ,  13 050   
,33,  3 458   ,  3 931   ,  7 389   ,  3 659   ,  4 305   ,  7 964   ,  3 751   ,  4 544   ,  8 295   ,  3 786   ,  4 722   ,  8 508   ,  3 843   ,  4 903   ,  8 746   ,  3 802   ,  4 931   ,  8 733   ,  3 688   ,  4 831   ,  8 519   ,  3 699   ,  4 865   ,  8 564   ,  3 869   ,  5 125   ,  8 994   ,  3 947   ,  5 257   ,  9 204   ,  4 120   ,  5 504   ,  9 624   ,  4 391   ,  5 918   ,  10 309   ,  4 657   ,  6 326   ,  10 983   ,  4 892   ,  6 596   ,  11 488   ,  5 182   ,  6 840   ,  12 022   ,  5 429   ,  6 866   ,  12 295   
,34,  3 369   ,  3 777   ,  7 146   ,  3 494   ,  4 032   ,  7 526   ,  3 701   ,  4 417   ,  8 118   ,  3 793   ,  4 664   ,  8 457   ,  3 830   ,  4 846   ,  8 676   ,  3 888   ,  5 032   ,  8 920   ,  3 845   ,  5 058   ,  8 903   ,  3 729   ,  4 955   ,  8 684   ,  3 858   ,  5 154   ,  9 012   ,  3 917   ,  5 261   ,  9 178   ,  4 004   ,  5 408   ,  9 412   ,  4 175   ,  5 655   ,  9 830   ,  4 451   ,  6 081   ,  10 532   ,  4 724   ,  6 500   ,  11 224   ,  4 964   ,  6 777   ,  11 741   ,  5 258   ,  7 027   ,  12 285   
,35,  3 284   ,  3 627   ,  6 911   ,  3 345   ,  3 737   ,  7 082   ,  3 470   ,  3 988   ,  7 458   ,  3 676   ,  4 372   ,  8 048   ,  3 770   ,  4 615   ,  8 385   ,  3 808   ,  4 796   ,  8 604   ,  3 864   ,  4 976   ,  8 840   ,  3 821   ,  5 001   ,  8 822   ,  3 822   ,  5 060   ,  8 882   ,  3 838   ,  5 101   ,  8 939   ,  3 903   ,  5 217   ,  9 120   ,  3 986   ,  5 357   ,  9 343   ,  4 158   ,  5 602   ,  9 760   ,  4 435   ,  6 024   ,  10 459   ,  4 708   ,  6 440   ,  11 148   ,  4 947   ,  6 714   ,  11 661   
,36,  3 224   ,  3 575   ,  6 799   ,  3 339   ,  3 735   ,  7 074   ,  3 403   ,  3 848   ,  7 251   ,  3 532   ,  4 110   ,  7 642   ,  3 744   ,  4 503   ,  8 247   ,  3 840   ,  4 755   ,  8 595   ,  3 876   ,  4 937   ,  8 813   ,  3 935   ,  5 124   ,  9 059   ,  4 013   ,  5 315   ,  9 328   ,  3 894   ,  5 214   ,  9 108   ,  3 918   ,  5 267   ,  9 185   ,  3 980   ,  5 381   ,  9 361   ,  4 064   ,  5 524   ,  9 588   ,  4 241   ,  5 777   ,  10 018   ,  4 526   ,  6 213   ,  10 739   ,  4 805   ,  6 641   ,  11 446   
,37,  3 188   ,  3 534   ,  6 722   ,  3 223   ,  3 592   ,  6 815   ,  3 342   ,  3 753   ,  7 095   ,  3 404   ,  3 868   ,  7 272   ,  3 536   ,  4 131   ,  7 667   ,  3 750   ,  4 528   ,  8 278   ,  3 844   ,  4 777   ,  8 621   ,  3 881   ,  4 960   ,  8 841   ,  4 062   ,  5 314   ,  9 376   ,  4 021   ,  5 345   ,  9 366   ,  3 910   ,  5 253   ,  9 163   ,  3 928   ,  5 301   ,  9 229   ,  3 992   ,  5 414   ,  9 406   ,  4 078   ,  5 560   ,  9 638   ,  4 257   ,  5 815   ,  10 072   ,  4 543   ,  6 252   ,  10 795   
,38,  3 231   ,  3 592   ,  6 823   ,  3 216   ,  3 601   ,  6 817   ,  3 254   ,  3 661   ,  6 915   ,  3 373   ,  3 827   ,  7 200   ,  3 438   ,  3 944   ,  7 382   ,  3 571   ,  4 212   ,  7 783   ,  3 787   ,  4 613   ,  8 400   ,  3 885   ,  4 867   ,  8 752   ,  4 041   ,  5 213   ,  9 254   ,  4 106   ,  5 416   ,  9 522   ,  4 072   ,  5 459   ,  9 531   ,  3 955   ,  5 358   ,  9 313   ,  3 975   ,  5 408   ,  9 383   ,  4 040   ,  5 525   ,  9 565   ,  4 127   ,  5 673   ,  9 800   ,  4 309   ,  5 932   ,  10 241   
,39,  3 081   ,  3 419   ,  6 500   ,  3 146   ,  3 524   ,  6 670   ,  3 132   ,  3 535   ,  6 667   ,  3 169   ,  3 593   ,  6 762   ,  3 288   ,  3 758   ,  7 046   ,  3 352   ,  3 872   ,  7 224   ,  3 481   ,  4 132   ,  7 613   ,  3 693   ,  4 525   ,  8 218   ,  3 903   ,  4 924   ,  8 827   ,  3 943   ,  5 119   ,  9 062   ,  4 016   ,  5 331   ,  9 347   ,  3 978   ,  5 366   ,  9 344   ,  3 864   ,  5 269   ,  9 133   ,  3 884   ,  5 316   ,  9 200   ,  3 948   ,  5 431   ,  9 379   ,  4 034   ,  5 576   ,  9 610   
,40,  2 922   ,  3 205   ,  6 127   ,  3 041   ,  3 379   ,  6 420   ,  3 106   ,  3 484   ,  6 590   ,  3 093   ,  3 495   ,  6 588   ,  3 130   ,  3 553   ,  6 683   ,  3 248   ,  3 714   ,  6 962   ,  3 310   ,  3 824   ,  7 134   ,  3 438   ,  4 081   ,  7 519   ,  3 760   ,  4 611   ,  8 371   ,  3 859   ,  4 871   ,  8 730   ,  3 909   ,  5 073   ,  8 982   ,  3 978   ,  5 276   ,  9 254   ,  3 940   ,  5 312   ,  9 252   ,  3 826   ,  5 214   ,  9 040   ,  3 846   ,  5 261   ,  9 107   ,  3 910   ,  5 374   ,  9 284   
,41,  2 763   ,  3 005   ,  5 768   ,  2 851   ,  3 148   ,  5 999   ,  2 969   ,  3 320   ,  6 289   ,  3 034   ,  3 423   ,  6 457   ,  3 021   ,  3 436   ,  6 457   ,  3 058   ,  3 493   ,  6 551   ,  3 172   ,  3 647   ,  6 819   ,  3 234   ,  3 756   ,  6 990   ,  3 462   ,  4 133   ,  7 595   ,  3 678   ,  4 534   ,  8 212   ,  3 784   ,  4 800   ,  8 584   ,  3 828   ,  4 993   ,  8 821   ,  3 896   ,  5 192   ,  9 088   ,  3 860   ,  5 227   ,  9 087   ,  3 749   ,  5 131   ,  8 880   ,  3 768   ,  5 177   ,  8 945   
,42,  2 572   ,  2 749   ,  5 321   ,  2 710   ,  2 945   ,  5 655   ,  2 796   ,  3 087   ,  5 883   ,  2 914   ,  3 255   ,  6 169   ,  2 978   ,  3 356   ,  6 334   ,  2 967   ,  3 367   ,  6 334   ,  3 001   ,  3 420   ,  6 421   ,  3 114   ,  3 572   ,  6 686   ,  3 273   ,  3 796   ,  7 069   ,  3 405   ,  4 055   ,  7 460   ,  3 624   ,  4 455   ,  8 079   ,  3 725   ,  4 710   ,  8 435   ,  3 769   ,  4 901   ,  8 670   ,  3 835   ,  5 097   ,  8 932   ,  3 800   ,  5 131   ,  8 931   ,  3 690   ,  5 036   ,  8 726   
,43,  2 229   ,  2 277   ,  4 506   ,  2 439   ,  2 557   ,  4 996   ,  2 569   ,  2 740   ,  5 309   ,  2 653   ,  2 872   ,  5 525   ,  2 766   ,  3 028   ,  5 794   ,  2 826   ,  3 123   ,  5 949   ,  2 814   ,  3 129   ,  5 943   ,  2 848   ,  3 178   ,  6 026   ,  3 048   ,  3 428   ,  6 476   ,  3 111   ,  3 535   ,  6 646   ,  3 244   ,  3 784   ,  7 028   ,  3 449   ,  4 153   ,  7 602   ,  3 547   ,  4 390   ,  7 937   ,  3 589   ,  4 568   ,  8 157   ,  3 653   ,  4 750   ,  8 403   ,  3 620   ,  4 782   ,  8 402   
,44,  2 084   ,  2 099   ,  4 183   ,  2 235   ,  2 294   ,  4 529   ,  2 448   ,  2 576   ,  5 024   ,  2 580   ,  2 761   ,  5 341   ,  2 665   ,  2 895   ,  5 560   ,  2 778   ,  3 051   ,  5 829   ,  2 839   ,  3 143   ,  5 982   ,  2 825   ,  3 151   ,  5 976   ,  2 951   ,  3 304   ,  6 255   ,  3 066   ,  3 455   ,  6 521   ,  3 135   ,  3 571   ,  6 706   ,  3 266   ,  3 817   ,  7 083   ,  3 474   ,  4 190   ,  7 664   ,  3 571   ,  4 430   ,  8 001   ,  3 615   ,  4 609   ,  8 224   ,  3 680   ,  4 792   ,  8 472   
,45,  1 950   ,  1 979   ,  3 929   ,  2 029   ,  2 070   ,  4 099   ,  2 176   ,  2 262   ,  4 438   ,  2 385   ,  2 541   ,  4 926   ,  2 514   ,  2 723   ,  5 237   ,  2 598   ,  2 854   ,  5 452   ,  2 708   ,  3 006   ,  5 714   ,  2 767   ,  3 098   ,  5 865   ,  2 842   ,  3 206   ,  6 048   ,  2 880   ,  3 260   ,  6 140   ,  2 999   ,  3 415   ,  6 414   ,  3 063   ,  3 525   ,  6 588   ,  3 191   ,  3 769   ,  6 960   ,  3 396   ,  4 138   ,  7 534   ,  3 492   ,  4 374   ,  7 866   ,  3 536   ,  4 550   ,  8 086   
,46,  1 861   ,  1 889   ,  3 750   ,  1 958   ,  1 991   ,  3 949   ,  2 038   ,  2 082   ,  4 120   ,  2 186   ,  2 275   ,  4 461   ,  2 397   ,  2 556   ,  4 953   ,  2 528   ,  2 740   ,  5 268   ,  2 612   ,  2 869   ,  5 481   ,  2 723   ,  3 023   ,  5 746   ,  2 871   ,  3 215   ,  6 086   ,  2 861   ,  3 227   ,  6 088   ,  2 905   ,  3 288   ,  6 193   ,  3 021   ,  3 440   ,  6 461   ,  3 087   ,  3 550   ,  6 637   ,  3 217   ,  3 796   ,  7 013   ,  3 424   ,  4 167   ,  7 591   ,  3 521   ,  4 405   ,  7 926   
,47,  1 816   ,  1 876   ,  3 692   ,  1 858   ,  1 915   ,  3 773   ,  1 955   ,  2 019   ,  3 974   ,  2 037   ,  2 111   ,  4 148   ,  2 186   ,  2 308   ,  4 494   ,  2 398   ,  2 593   ,  4 991   ,  2 528   ,  2 776   ,  5 304   ,  2 613   ,  2 908   ,  5 521   ,  2 808   ,  3 162   ,  5 970   ,  2 874   ,  3 263   ,  6 137   ,  2 870   ,  3 280   ,  6 150   ,  2 910   ,  3 337   ,  6 247   ,  3 028   ,  3 494   ,  6 522   ,  3 095   ,  3 605   ,  6 700   ,  3 226   ,  3 854   ,  7 080   ,  3 433   ,  4 230   ,  7 663   
,48,  1 899   ,  1 916   ,  3 815   ,  1 916   ,  1 899   ,  3 815   ,  1 962   ,  1 939   ,  3 901   ,  2 066   ,  2 044   ,  4 110   ,  2 152   ,  2 138   ,  4 290   ,  2 312   ,  2 338   ,  4 650   ,  2 535   ,  2 624   ,  5 159   ,  2 673   ,  2 810   ,  5 483   ,  2 846   ,  3 035   ,  5 881   ,  2 971   ,  3 203   ,  6 174   ,  3 045   ,  3 310   ,  6 355   ,  3 039   ,  3 324   ,  6 363   ,  3 084   ,  3 384   ,  6 468   ,  3 208   ,  3 541   ,  6 749   ,  3 279   ,  3 654   ,  6 933   ,  3 418   ,  3 908   ,  7 326   
,49,  1 831   ,  1 845   ,  3 676   ,  1 875   ,  1 863   ,  3 738   ,  1 892   ,  1 847   ,  3 739   ,  1 937   ,  1 887   ,  3 824   ,  2 041   ,  1 989   ,  4 030   ,  2 127   ,  2 081   ,  4 208   ,  2 284   ,  2 272   ,  4 556   ,  2 505   ,  2 550   ,  5 055   ,  2 721   ,  2 818   ,  5 539   ,  2 816   ,  2 955   ,  5 771   ,  2 946   ,  3 124   ,  6 070   ,  3 017   ,  3 225   ,  6 242   ,  3 010   ,  3 239   ,  6 249   ,  3 054   ,  3 296   ,  6 350   ,  3 178   ,  3 449   ,  6 627   ,  3 249   ,  3 559   ,  6 808   
,50,  1 788   ,  1 771   ,  3 559   ,  1 831   ,  1 823   ,  3 654   ,  1 874   ,  1 841   ,  3 715   ,  1 892   ,  1 825   ,  3 717   ,  1 939   ,  1 863   ,  3 802   ,  2 043   ,  1 966   ,  4 009   ,  2 128   ,  2 054   ,  4 182   ,  2 286   ,  2 243   ,  4 529   ,  2 582   ,  2 599   ,  5 181   ,  2 727   ,  2 787   ,  5 514   ,  2 828   ,  2 928   ,  5 756   ,  2 956   ,  3 091   ,  6 047   ,  3 027   ,  3 191   ,  6 218   ,  3 022   ,  3 205   ,  6 227   ,  3 067   ,  3 262   ,  6 329   ,  3 191   ,  3 413   ,  6 604   
,51,  1 748   ,  1 703   ,  3 451   ,  1 771   ,  1 739   ,  3 510   ,  1 813   ,  1 792   ,  3 605   ,  1 858   ,  1 810   ,  3 668   ,  1 876   ,  1 794   ,  3 670   ,  1 922   ,  1 833   ,  3 755   ,  2 024   ,  1 930   ,  3 954   ,  2 109   ,  2 016   ,  4 125   ,  2 332   ,  2 274   ,  4 606   ,  2 564   ,  2 557   ,  5 121   ,  2 714   ,  2 746   ,  5 460   ,  2 811   ,  2 882   ,  5 693   ,  2 938   ,  3 042   ,  5 980   ,  3 009   ,  3 142   ,  6 151   ,  3 004   ,  3 154   ,  6 158   ,  3 048   ,  3 210   ,  6 258   
,52,  1 688   ,  1 614   ,  3 302   ,  1 730   ,  1 671   ,  3 401   ,  1 752   ,  1 707   ,  3 459   ,  1 794   ,  1 758   ,  3 552   ,  1 839   ,  1 776   ,  3 615   ,  1 857   ,  1 760   ,  3 617   ,  1 901   ,  1 796   ,  3 697   ,  2 004   ,  1 892   ,  3 896   ,  2 151   ,  2 041   ,  4 192   ,  2 313   ,  2 233   ,  4 546   ,  2 547   ,  2 514   ,  5 061   ,  2 693   ,  2 698   ,  5 391   ,  2 789   ,  2 831   ,  5 620   ,  2 916   ,  2 989   ,  5 905   ,  2 989   ,  3 085   ,  6 074   ,  2 983   ,  3 098   ,  6 081   
,53,  1 329   ,  1 226   ,  2 555   ,  1 458   ,  1 377   ,  2 835   ,  1 494   ,  1 427   ,  2 921   ,  1 515   ,  1 458   ,  2 973   ,  1 551   ,  1 501   ,  3 052   ,  1 591   ,  1 515   ,  3 106   ,  1 605   ,  1 501   ,  3 106   ,  1 645   ,  1 531   ,  3 176   ,  1 785   ,  1 668   ,  3 453   ,  1 862   ,  1 744   ,  3 606   ,  2 009   ,  1 911   ,  3 920   ,  2 209   ,  2 150   ,  4 359   ,  2 337   ,  2 308   ,  4 645   ,  2 421   ,  2 421   ,  4 842   ,  2 531   ,  2 556   ,  5 087   ,  2 595   ,  2 638   ,  5 233   
,54,  1 270   ,  1 132   ,  2 402   ,  1 363   ,  1 247   ,  2 610   ,  1 498   ,  1 399   ,  2 897   ,  1 536   ,  1 450   ,  2 986   ,  1 556   ,  1 481   ,  3 037   ,  1 594   ,  1 525   ,  3 119   ,  1 634   ,  1 539   ,  3 173   ,  1 649   ,  1 524   ,  3 173   ,  1 741   ,  1 607   ,  3 348   ,  1 836   ,  1 696   ,  3 532   ,  1 921   ,  1 778   ,  3 699   ,  2 069   ,  1 945   ,  4 014   ,  2 276   ,  2 188   ,  4 464   ,  2 407   ,  2 348   ,  4 755   ,  2 495   ,  2 464   ,  4 959   ,  2 610   ,  2 600   ,  5 210   
,55,  1 230   ,  1 077   ,  2 307   ,  1 245   ,  1 098   ,  2 343   ,  1 338   ,  1 208   ,  2 546   ,  1 470   ,  1 356   ,  2 826   ,  1 508   ,  1 405   ,  2 913   ,  1 528   ,  1 436   ,  2 964   ,  1 565   ,  1 478   ,  3 043   ,  1 604   ,  1 491   ,  3 095   ,  1 668   ,  1 526   ,  3 194   ,  1 710   ,  1 559   ,  3 269   ,  1 810   ,  1 648   ,  3 458   ,  1 889   ,  1 725   ,  3 614   ,  2 035   ,  1 888   ,  3 923   ,  2 241   ,  2 123   ,  4 364   ,  2 371   ,  2 278   ,  4 649   ,  2 458   ,  2 390   ,  4 848   
,56,  1 137   ,  1 016   ,  2 153   ,  1 184   ,  1 057   ,  2 241   ,  1 200   ,  1 078   ,  2 278   ,  1 290   ,  1 187   ,  2 477   ,  1 418   ,  1 333   ,  2 751   ,  1 453   ,  1 381   ,  2 834   ,  1 472   ,  1 409   ,  2 881   ,  1 509   ,  1 449   ,  2 958   ,  1 593   ,  1 511   ,  3 104   ,  1 610   ,  1 499   ,  3 109   ,  1 655   ,  1 534   ,  3 189   ,  1 749   ,  1 620   ,  3 369   ,  1 827   ,  1 696   ,  3 523   ,  1 968   ,  1 856   ,  3 824   ,  2 167   ,  2 088   ,  4 255   ,  2 294   ,  2 240   ,  4 534   
,57,  1 123   ,  995   ,  2 118   ,  1 144   ,  1 009   ,  2 153   ,  1 191   ,  1 050   ,  2 241   ,  1 208   ,  1 069   ,  2 277   ,  1 298   ,  1 178   ,  2 476   ,  1 428   ,  1 324   ,  2 752   ,  1 464   ,  1 370   ,  2 834   ,  1 483   ,  1 398   ,  2 881   ,  1 566   ,  1 487   ,  3 053   ,  1 607   ,  1 502   ,  3 109   ,  1 628   ,  1 493   ,  3 121   ,  1 671   ,  1 525   ,  3 196   ,  1 765   ,  1 611   ,  3 376   ,  1 845   ,  1 686   ,  3 531   ,  1 989   ,  1 846   ,  3 835   ,  2 189   ,  2 076   ,  4 265   
,58,  1 268   ,  1 169   ,  2 437   ,  1 224   ,  1 100   ,  2 324   ,  1 248   ,  1 115   ,  2 363   ,  1 301   ,  1 162   ,  2 463   ,  1 319   ,  1 183   ,  2 502   ,  1 418   ,  1 303   ,  2 721   ,  1 558   ,  1 462   ,  3 020   ,  1 598   ,  1 513   ,  3 111   ,  1 667   ,  1 596   ,  3 263   ,  1 711   ,  1 645   ,  3 356   ,  1 759   ,  1 665   ,  3 424   ,  1 779   ,  1 653   ,  3 432   ,  1 827   ,  1 689   ,  3 516   ,  1 931   ,  1 784   ,  3 715   ,  2 018   ,  1 868   ,  3 886   ,  2 176   ,  2 044   ,  4 220   
,59,  1 199   ,  1 144   ,  2 343   ,  1 195   ,  1 123   ,  2 318   ,  1 153   ,  1 056   ,  2 209   ,  1 175   ,  1 071   ,  2 246   ,  1 226   ,  1 116   ,  2 342   ,  1 243   ,  1 137   ,  2 380   ,  1 336   ,  1 251   ,  2 587   ,  1 470   ,  1 404   ,  2 874   ,  1 551   ,  1 502   ,  3 053   ,  1 573   ,  1 535   ,  3 108   ,  1 618   ,  1 585   ,  3 203   ,  1 663   ,  1 603   ,  3 266   ,  1 682   ,  1 591   ,  3 273   ,  1 728   ,  1 627   ,  3 355   ,  1 825   ,  1 717   ,  3 542   ,  1 908   ,  1 797   ,  3 705   
,60,  1 118   ,  1 075   ,  2 193   ,  1 171   ,  1 135   ,  2 306   ,  1 169   ,  1 113   ,  2 282   ,  1 128   ,  1 047   ,  2 175   ,  1 151   ,  1 061   ,  2 212   ,  1 200   ,  1 106   ,  2 306   ,  1 216   ,  1 127   ,  2 343   ,  1 308   ,  1 239   ,  2 547   ,  1 481   ,  1 438   ,  2 919   ,  1 521   ,  1 490   ,  3 011   ,  1 546   ,  1 527   ,  3 073   ,  1 588   ,  1 574   ,  3 162   ,  1 631   ,  1 592   ,  3 223   ,  1 651   ,  1 580   ,  3 231   ,  1 696   ,  1 615   ,  3 311   ,  1 794   ,  1 706   ,  3 500   
,61,  1 103   ,  1 045   ,  2 148   ,  1 112   ,  1 068   ,  2 180   ,  1 164   ,  1 127   ,  2 291   ,  1 162   ,  1 105   ,  2 267   ,  1 122   ,  1 040   ,  2 162   ,  1 145   ,  1 054   ,  2 199   ,  1 194   ,  1 097   ,  2 291   ,  1 210   ,  1 117   ,  2 327   ,  1 339   ,  1 271   ,  2 610   ,  1 476   ,  1 430   ,  2 906   ,  1 519   ,  1 485   ,  3 004   ,  1 543   ,  1 519   ,  3 062   ,  1 584   ,  1 566   ,  3 150   ,  1 628   ,  1 585   ,  3 213   ,  1 648   ,  1 572   ,  3 220   ,  1 693   ,  1 608   ,  3 301   
,62,  1 023   ,  981   ,  2 004   ,  1 054   ,  1 036   ,  2 090   ,  1 062   ,  1 058   ,  2 120   ,  1 115   ,  1 116   ,  2 231   ,  1 112   ,  1 096   ,  2 208   ,  1 074   ,  1 031   ,  2 105   ,  1 094   ,  1 044   ,  2 138   ,  1 142   ,  1 087   ,  2 229   ,  1 192   ,  1 144   ,  2 336   ,  1 283   ,  1 261   ,  2 544   ,  1 417   ,  1 420   ,  2 837   ,  1 456   ,  1 473   ,  2 929   ,  1 479   ,  1 507   ,  2 986   ,  1 520   ,  1 554   ,  3 074   ,  1 563   ,  1 573   ,  3 136   ,  1 581   ,  1 561   ,  3 142   
,63,  794   ,  716   ,  1 510   ,  888   ,  837   ,  1 725   ,  915   ,  884   ,  1 799   ,  922   ,  904   ,  1 826   ,  967   ,  953   ,  1 920   ,  966   ,  935   ,  1 901   ,  931   ,  879   ,  1 810   ,  951   ,  891   ,  1 842   ,  1 022   ,  960   ,  1 982   ,  1 036   ,  980   ,  2 016   ,  1 119   ,  1 082   ,  2 201   ,  1 234   ,  1 217   ,  2 451   ,  1 269   ,  1 263   ,  2 532   ,  1 289   ,  1 291   ,  2 580   ,  1 326   ,  1 332   ,  2 658   ,  1 363   ,  1 347   ,  2 710   
,64,  711   ,  615   ,  1 326   ,  774   ,  703   ,  1 477   ,  864   ,  823   ,  1 687   ,  892   ,  868   ,  1 760   ,  900   ,  887   ,  1 787   ,  943   ,  937   ,  1 880   ,  942   ,  918   ,  1 860   ,  908   ,  864   ,  1 772   ,  954   ,  905   ,  1 859   ,  998   ,  944   ,  1 942   ,  1 014   ,  964   ,  1 978   ,  1 094   ,  1 064   ,  2 158   ,  1 207   ,  1 197   ,  2 404   ,  1 241   ,  1 242   ,  2 483   ,  1 262   ,  1 270   ,  2 532   ,  1 297   ,  1 310   ,  2 607   
,65,  677   ,  579   ,  1 256   ,  687   ,  599   ,  1 286   ,  748   ,  684   ,  1 432   ,  836   ,  800   ,  1 636   ,  864   ,  846   ,  1 710   ,  870   ,  864   ,  1 734   ,  913   ,  911   ,  1 824   ,  911   ,  894   ,  1 805   ,  905   ,  870   ,  1 775   ,  925   ,  883   ,  1 808   ,  969   ,  921   ,  1 890   ,  984   ,  940   ,  1 924   ,  1 061   ,  1 038   ,  2 099   ,  1 171   ,  1 167   ,  2 338   ,  1 205   ,  1 212   ,  2 417   ,  1 225   ,  1 239   ,  2 464   
,66,  620   ,  539   ,  1 159   ,  650   ,  572   ,  1 222   ,  660   ,  593   ,  1 253   ,  717   ,  676   ,  1 393   ,  803   ,  792   ,  1 595   ,  829   ,  836   ,  1 665   ,  836   ,  854   ,  1 690   ,  877   ,  900   ,  1 777   ,  902   ,  913   ,  1 815   ,  871   ,  860   ,  1 731   ,  892   ,  875   ,  1 767   ,  933   ,  913   ,  1 846   ,  948   ,  932   ,  1 880   ,  1 023   ,  1 028   ,  2 051   ,  1 129   ,  1 157   ,  2 286   ,  1 162   ,  1 201   ,  2 363   
,67,  601   ,  519   ,  1 120   ,  617   ,  534   ,  1 151   ,  647   ,  566   ,  1 213   ,  658   ,  586   ,  1 244   ,  717   ,  668   ,  1 385   ,  802   ,  783   ,  1 585   ,  827   ,  826   ,  1 653   ,  835   ,  844   ,  1 679   ,  902   ,  921   ,  1 823   ,  902   ,  905   ,  1 807   ,  873   ,  854   ,  1 727   ,  893   ,  868   ,  1 761   ,  934   ,  906   ,  1 840   ,  949   ,  924   ,  1 873   ,  1 024   ,  1 021   ,  2 045   ,  1 132   ,  1 148   ,  2 280   
,68,  656   ,  603   ,  1 259   ,  629   ,  557   ,  1 186   ,  645   ,  573   ,  1 218   ,  676   ,  607   ,  1 283   ,  688   ,  628   ,  1 316   ,  750   ,  718   ,  1 468   ,  839   ,  840   ,  1 679   ,  866   ,  887   ,  1 753   ,  899   ,  938   ,  1 837   ,  945   ,  991   ,  1 936   ,  946   ,  974   ,  1 920   ,  915   ,  919   ,  1 834   ,  937   ,  935   ,  1 872   ,  979   ,  974   ,  1 953   ,  997   ,  996   ,  1 993   ,  1 076   ,  1 098   ,  2 174   
,69,  651   ,  626   ,  1 277   ,  638   ,  595   ,  1 233   ,  610   ,  550   ,  1 160   ,  627   ,  564   ,  1 191   ,  658   ,  599   ,  1 257   ,  668   ,  620   ,  1 288   ,  729   ,  708   ,  1 437   ,  815   ,  828   ,  1 643   ,  868   ,  905   ,  1 773   ,  876   ,  927   ,  1 803   ,  922   ,  980   ,  1 902   ,  923   ,  964   ,  1 887   ,  893   ,  910   ,  1 803   ,  915   ,  924   ,  1 839   ,  957   ,  965   ,  1 922   ,  973   ,  985   ,  1 958   
,70,  607   ,  603   ,  1 210   ,  615   ,  611   ,  1 226   ,  602   ,  581   ,  1 183   ,  576   ,  537   ,  1 113   ,  592   ,  552   ,  1 144   ,  623   ,  586   ,  1 209   ,  631   ,  606   ,  1 237   ,  688   ,  692   ,  1 380   ,  794   ,  840   ,  1 634   ,  822   ,  886   ,  1 708   ,  832   ,  910   ,  1 742   ,  876   ,  962   ,  1 838   ,  877   ,  947   ,  1 824   ,  848   ,  893   ,  1 741   ,  868   ,  908   ,  1 776   ,  908   ,  947   ,  1 855   
,71,  585   ,  582   ,  1 167   ,  585   ,  586   ,  1 171   ,  593   ,  594   ,  1 187   ,  582   ,  566   ,  1 148   ,  557   ,  523   ,  1 080   ,  572   ,  538   ,  1 110   ,  600   ,  569   ,  1 169   ,  611   ,  589   ,  1 200   ,  687   ,  697   ,  1 384   ,  770   ,  817   ,  1 587   ,  799   ,  867   ,  1 666   ,  807   ,  888   ,  1 695   ,  849   ,  939   ,  1 788   ,  850   ,  924   ,  1 774   ,  823   ,  871   ,  1 694   ,  844   ,  887   ,  1 731   
,72,  547   ,  548   ,  1 095   ,  558   ,  563   ,  1 121   ,  558   ,  568   ,  1 126   ,  567   ,  576   ,  1 143   ,  556   ,  548   ,  1 104   ,  532   ,  507   ,  1 039   ,  547   ,  520   ,  1 067   ,  575   ,  551   ,  1 126   ,  603   ,  592   ,  1 195   ,  658   ,  677   ,  1 335   ,  739   ,  795   ,  1 534   ,  766   ,  841   ,  1 607   ,  775   ,  863   ,  1 638   ,  816   ,  912   ,  1 728   ,  817   ,  899   ,  1 716   ,  791   ,  848   ,  1 639   
,73,  407   ,  382   ,  789   ,  455   ,  450   ,  905   ,  464   ,  462   ,  926   ,  466   ,  466   ,  932   ,  471   ,  472   ,  943   ,  463   ,  449   ,  912   ,  443   ,  415   ,  858   ,  456   ,  427   ,  883   ,  494   ,  469   ,  963   ,  503   ,  487   ,  990   ,  550   ,  557   ,  1 107   ,  619   ,  655   ,  1 274   ,  641   ,  693   ,  1 334   ,  649   ,  711   ,  1 360   ,  684   ,  753   ,  1 437   ,  685   ,  741   ,  1 426   
,74,  354   ,  317   ,  671   ,  396   ,  373   ,  769   ,  443   ,  441   ,  884   ,  452   ,  453   ,  905   ,  453   ,  458   ,  911   ,  460   ,  463   ,  923   ,  451   ,  440   ,  891   ,  432   ,  408   ,  840   ,  458   ,  434   ,  892   ,  482   ,  461   ,  943   ,  493   ,  480   ,  973   ,  538   ,  549   ,  1 087   ,  605   ,  644   ,  1 249   ,  627   ,  683   ,  1 310   ,  635   ,  700   ,  1 335   ,  669   ,  742   ,  1 411   
,75,  332   ,  293   ,  625   ,  342   ,  299   ,  641   ,  381   ,  354   ,  735   ,  427   ,  418   ,  845   ,  436   ,  430   ,  866   ,  437   ,  434   ,  871   ,  444   ,  440   ,  884   ,  435   ,  417   ,  852   ,  429   ,  401   ,  830   ,  443   ,  412   ,  855   ,  468   ,  439   ,  907   ,  477   ,  456   ,  933   ,  521   ,  523   ,  1 044   ,  586   ,  614   ,  1 200   ,  608   ,  650   ,  1 258   ,  616   ,  667   ,  1 283   
,76,  302   ,  268   ,  570   ,  312   ,  275   ,  587   ,  323   ,  281   ,  604   ,  359   ,  333   ,  692   ,  403   ,  393   ,  796   ,  412   ,  404   ,  816   ,  413   ,  407   ,  820   ,  419   ,  413   ,  832   ,  423   ,  408   ,  831   ,  407   ,  378   ,  785   ,  420   ,  389   ,  809   ,  442   ,  415   ,  857   ,  451   ,  431   ,  882   ,  494   ,  494   ,  988   ,  557   ,  581   ,  1 138   ,  578   ,  616   ,  1 194   
,77,  284   ,  261   ,  545   ,  284   ,  259   ,  543   ,  295   ,  266   ,  561   ,  303   ,  272   ,  575   ,  338   ,  323   ,  661   ,  381   ,  381   ,  762   ,  388   ,  392   ,  780   ,  390   ,  395   ,  785   ,  408   ,  414   ,  822   ,  401   ,  396   ,  797   ,  386   ,  367   ,  753   ,  398   ,  378   ,  776   ,  420   ,  403   ,  823   ,  429   ,  419   ,  848   ,  470   ,  481   ,  951   ,  530   ,  566   ,  1 096   
,78,  293   ,  303   ,  596   ,  284   ,  280   ,  564   ,  284   ,  277   ,  561   ,  293   ,  286   ,  579   ,  304   ,  291   ,  595   ,  340   ,  346   ,  686   ,  380   ,  408   ,  788   ,  389   ,  419   ,  808   ,  402   ,  439   ,  841   ,  409   ,  447   ,  856   ,  404   ,  427   ,  831   ,  388   ,  396   ,  784   ,  401   ,  408   ,  809   ,  423   ,  434   ,  857   ,  432   ,  452   ,  884   ,  473   ,  518   ,  991   
,79,  267   ,  299   ,  566   ,  262   ,  278   ,  540   ,  254   ,  257   ,  511   ,  254   ,  255   ,  509   ,  263   ,  262   ,  525   ,  271   ,  270   ,  541   ,  304   ,  318   ,  622   ,  341   ,  376   ,  717   ,  359   ,  401   ,  760   ,  361   ,  405   ,  766   ,  369   ,  413   ,  782   ,  363   ,  395   ,  758   ,  349   ,  366   ,  715   ,  361   ,  378   ,  739   ,  381   ,  402   ,  783   ,  389   ,  419   ,  808   
,80+,  2 179   ,  2 519   ,  4 698   ,  2 118   ,  2 454   ,  4 572   ,  2 064   ,  2 379   ,  4 443   ,  2 010   ,  2 297   ,  4 307   ,  1 964   ,  2 225   ,  4 189   ,  1 940   ,  2 171   ,  4 111   ,  1 928   ,  2 132   ,  4 060   ,  1 953   ,  2 149   ,  4 102   ,  2 081   ,  2 312   ,  4 393   ,  2 147   ,  2 393   ,  4 540   ,  2 210   ,  2 479   ,  4 689   ,  2 273   ,  2 555   ,  4 828   ,  2 320   ,  2 599   ,  4 919   ,  2 346   ,  2 611   ,  4 957   ,  2 382   ,  2 636   ,  5 018   ,  2 436   ,  2 685   ,  5 121   
,Total,  379 604   ,  393 714   ,  773 318   ,  391 891   ,  405 979   ,  797 870   ,  404 308   ,  418 373   ,  822 681   ,  416 850   ,  430 872   ,  847 722   ,  429 476   ,  443 461   ,  872 937   ,  442 196   ,  456 149   ,  898 345   ,  454 637   ,  468 511   ,  923 148   ,  467 148   ,  480 933   ,  948 081   ,  493 219   ,  507 865   ,  1 001 084   ,  506 486   ,  521 081   ,  1 027 567   ,  520 591   ,  535 123   ,  1 055 714   ,  534 184   ,  548 644   ,  1 082 828   ,  548 032   ,  562 390   ,  1 110 422   ,  562 121   ,  576 365   ,  1 138 486   ,  576 453   ,  590 579   ,  1 167 032   ,  591 008   ,  605 003   ,  1 196 011   