,,,,,,,,,,,,,,,,,,,,,,,,,,,,,,,,,,,,,,,,,,,,,,,,,
SOUM,,,,,,,,,,,,,,,,,,,,,,,,,,,,,,,,,,,,,,,,,,,,,,,,,
,,,,,,,,,,,,,,,,,,,,,,,,,,,,,,,,,,,,,,,,,,,,,,,,,
DJELGODJI,,,,,,,,,,,,,,,,,,,,,,,,,,,,,,,,,,,,,,,,,,,,,,,,,
,,2020,,,2021,,,2022,,,2023,,,2024,,,2025,,,2026,,,2027,,,2028,,,2029,,,2030,,,2031,,,2032,,,2033,,,2034,,,2035,,
, Ages,Ensemble,,,Ensemble,,,Ensemble,,,Ensemble,,,Ensemble,,,Ensemble,,,Ensemble,,,Ensemble,,,Ensemble,,,Ensemble,,,Ensemble,,,Ensemble,,,Ensemble,,,Ensemble,,,Ensemble,,,Ensemble,,
,,Homme ,Femme,Ensemble,Homme ,Femme,Ensemble,Homme ,Femme,Ensemble,Homme ,Femme,Ensemble,Homme ,Femme,Ensemble,Homme ,Femme,Ensemble,Homme ,Femme,Ensemble,Homme ,Femme,Ensemble,Homme ,Femme,Ensemble,Homme ,Femme,Ensemble,Homme ,Femme,Ensemble,Homme ,Femme,Ensemble,Homme ,Femme,Ensemble,Homme ,Femme,Ensemble,Homme ,Femme,Ensemble,Homme ,Femme,Ensemble
,0,  3 699   ,  3 379   ,  7 078   ,  3 694   ,  3 368   ,  7 062   ,  3 700   ,  3 373   ,  7 073   ,  3 701   ,  3 374   ,  7 075   ,  3 697   ,  3 372   ,  7 069   ,  3 693   ,  3 368   ,  7 061   ,  3 686   ,  3 363   ,  7 049   ,  3 678   ,  3 359   ,  7 037   ,  4 719   ,  4 306   ,  9 025   ,  4 740   ,  4 327   ,  9 067   ,  4 717   ,  4 308   ,  9 025   ,  4 759   ,  4 353   ,  9 112   ,  4 804   ,  4 400   ,  9 204   ,  4 849   ,  4 447   ,  9 296   ,  4 891   ,  4 492   ,  9 383   ,  4 930   ,  4 532   ,  9 462   
,1,  3 809   ,  3 481   ,  7 290   ,  3 770   ,  3 433   ,  7 203   ,  3 767   ,  3 426   ,  7 193   ,  3 775   ,  3 432   ,  7 207   ,  3 778   ,  3 435   ,  7 213   ,  3 777   ,  3 434   ,  7 211   ,  3 771   ,  3 430   ,  7 201   ,  3 767   ,  3 427   ,  7 194   ,  4 894   ,  4 473   ,  9 367   ,  4 919   ,  4 502   ,  9 421   ,  4 899   ,  4 485   ,  9 384   ,  4 894   ,  4 486   ,  9 380   ,  4 941   ,  4 535   ,  9 476   ,  4 990   ,  4 584   ,  9 574   ,  5 039   ,  4 634   ,  9 673   ,  5 084   ,  4 682   ,  9 766   
,2,  3 636   ,  3 396   ,  7 032   ,  3 681   ,  3 419   ,  7 100   ,  3 645   ,  3 375   ,  7 020   ,  3 645   ,  3 370   ,  7 015   ,  3 654   ,  3 378   ,  7 032   ,  3 659   ,  3 383   ,  7 042   ,  3 657   ,  3 382   ,  7 039   ,  3 653   ,  3 380   ,  7 033   ,  4 745   ,  4 409   ,  9 154   ,  4 775   ,  4 440   ,  9 215   ,  4 760   ,  4 427   ,  9 187   ,  4 761   ,  4 432   ,  9 193   ,  4 758   ,  4 433   ,  9 191   ,  4 803   ,  4 483   ,  9 286   ,  4 850   ,  4 534   ,  9 384   ,  4 900   ,  4 585   ,  9 485   
,3,  3 501   ,  3 282   ,  6 783   ,  3 570   ,  3 324   ,  6 894   ,  3 616   ,  3 348   ,  6 964   ,  3 581   ,  3 305   ,  6 886   ,  3 581   ,  3 302   ,  6 883   ,  3 592   ,  3 313   ,  6 905   ,  3 593   ,  3 314   ,  6 907   ,  3 592   ,  3 315   ,  6 907   ,  4 678   ,  4 338   ,  9 016   ,  4 707   ,  4 369   ,  9 076   ,  4 698   ,  4 363   ,  9 061   ,  4 703   ,  4 370   ,  9 073   ,  4 702   ,  4 375   ,  9 077   ,  4 697   ,  4 377   ,  9 074   ,  4 744   ,  4 426   ,  9 170   ,  4 792   ,  4 476   ,  9 268   
,4,  3 288   ,  3 150   ,  6 438   ,  3 362   ,  3 199   ,  6 561   ,  3 430   ,  3 242   ,  6 672   ,  3 475   ,  3 268   ,  6 743   ,  3 442   ,  3 229   ,  6 671   ,  3 443   ,  3 227   ,  6 670   ,  3 451   ,  3 236   ,  6 687   ,  3 455   ,  3 240   ,  6 695   ,  4 499   ,  4 215   ,  8 714   ,  4 530   ,  4 245   ,  8 775   ,  4 520   ,  4 239   ,  8 759   ,  4 528   ,  4 251   ,  8 779   ,  4 532   ,  4 258   ,  8 790   ,  4 532   ,  4 264   ,  8 796   ,  4 530   ,  4 267   ,  8 797   ,  4 573   ,  4 315   ,  8 888   
,5,  3 165   ,  2 916   ,  6 081   ,  3 269   ,  2 997   ,  6 266   ,  3 343   ,  3 045   ,  6 388   ,  3 412   ,  3 088   ,  6 500   ,  3 458   ,  3 113   ,  6 571   ,  3 427   ,  3 077   ,  6 504   ,  3 426   ,  3 074   ,  6 500   ,  3 435   ,  3 083   ,  6 518   ,  4 476   ,  4 024   ,  8 500   ,  4 510   ,  4 055   ,  8 565   ,  4 501   ,  4 050   ,  8 551   ,  4 509   ,  4 060   ,  8 569   ,  4 518   ,  4 072   ,  8 590   ,  4 523   ,  4 080   ,  8 603   ,  4 522   ,  4 086   ,  8 608   ,  4 520   ,  4 089   ,  8 609   
,6,  3 123   ,  2 846   ,  5 969   ,  3 225   ,  2 932   ,  6 157   ,  3 334   ,  3 015   ,  6 349   ,  3 410   ,  3 063   ,  6 473   ,  3 480   ,  3 106   ,  6 586   ,  3 528   ,  3 133   ,  6 661   ,  3 494   ,  3 095   ,  6 589   ,  3 494   ,  3 092   ,  6 586   ,  4 555   ,  4 065   ,  8 620   ,  4 596   ,  4 101   ,  8 697   ,  4 590   ,  4 100   ,  8 690   ,  4 599   ,  4 109   ,  8 708   ,  4 607   ,  4 122   ,  8 729   ,  4 615   ,  4 132   ,  8 747   ,  4 619   ,  4 139   ,  8 758   ,  4 621   ,  4 144   ,  8 765   
,7,  2 884   ,  2 808   ,  5 692   ,  2 945   ,  2 871   ,  5 816   ,  3 044   ,  2 960   ,  6 004   ,  3 146   ,  3 045   ,  6 191   ,  3 219   ,  3 096   ,  6 315   ,  3 287   ,  3 142   ,  6 429   ,  3 331   ,  3 168   ,  6 499   ,  3 299   ,  3 130   ,  6 429   ,  4 291   ,  4 058   ,  8 349   ,  4 335   ,  4 100   ,  8 435   ,  4 335   ,  4 103   ,  8 438   ,  4 346   ,  4 116   ,  8 462   ,  4 356   ,  4 128   ,  8 484   ,  4 362   ,  4 141   ,  8 503   ,  4 371   ,  4 152   ,  8 523   ,  4 374   ,  4 162   ,  8 536   
,8,  2 882   ,  2 700   ,  5 582   ,  2 924   ,  2 751   ,  5 675   ,  2 986   ,  2 814   ,  5 800   ,  3 086   ,  2 902   ,  5 988   ,  3 190   ,  2 986   ,  6 176   ,  3 264   ,  3 037   ,  6 301   ,  3 330   ,  3 078   ,  6 408   ,  3 374   ,  3 105   ,  6 479   ,  4 375   ,  4 014   ,  8 389   ,  4 408   ,  4 043   ,  8 451   ,  4 415   ,  4 051   ,  8 466   ,  4 430   ,  4 070   ,  8 500   ,  4 441   ,  4 084   ,  8 525   ,  4 449   ,  4 095   ,  8 544   ,  4 458   ,  4 108   ,  8 566   ,  4 465   ,  4 117   ,  8 582   
,9,  3 002   ,  2 799   ,  5 801   ,  3 079   ,  2 888   ,  5 967   ,  3 125   ,  2 944   ,  6 069   ,  3 192   ,  3 011   ,  6 203   ,  3 299   ,  3 107   ,  6 406   ,  3 411   ,  3 199   ,  6 610   ,  3 488   ,  3 251   ,  6 739   ,  3 560   ,  3 297   ,  6 857   ,  4 697   ,  4 329   ,  9 026   ,  4 688   ,  4 312   ,  9 000   ,  4 682   ,  4 304   ,  8 986   ,  4 706   ,  4 332   ,  9 038   ,  4 723   ,  4 350   ,  9 073   ,  4 736   ,  4 364   ,  9 100   ,  4 743   ,  4 378   ,  9 121   ,  4 752   ,  4 390   ,  9 142   
,10,  2 725   ,  2 550   ,  5 275   ,  2 826   ,  2 657   ,  5 483   ,  2 900   ,  2 743   ,  5 643   ,  2 944   ,  2 798   ,  5 742   ,  3 007   ,  2 863   ,  5 870   ,  3 108   ,  2 954   ,  6 062   ,  3 212   ,  3 040   ,  6 252   ,  3 286   ,  3 090   ,  6 376   ,  4 385   ,  4 082   ,  8 467   ,  4 477   ,  4 149   ,  8 626   ,  4 429   ,  4 097   ,  8 526   ,  4 439   ,  4 107   ,  8 546   ,  4 463   ,  4 130   ,  8 593   ,  4 477   ,  4 150   ,  8 627   ,  4 490   ,  4 164   ,  8 654   ,  4 497   ,  4 175   ,  8 672   
,11,  2 598   ,  2 543   ,  5 141   ,  2 665   ,  2 614   ,  5 279   ,  2 765   ,  2 726   ,  5 491   ,  2 839   ,  2 815   ,  5 654   ,  2 883   ,  2 873   ,  5 756   ,  2 944   ,  2 941   ,  5 885   ,  3 042   ,  3 034   ,  6 076   ,  3 144   ,  3 122   ,  6 266   ,  4 181   ,  4 110   ,  8 291   ,  4 301   ,  4 203   ,  8 504   ,  4 351   ,  4 234   ,  8 585   ,  4 321   ,  4 198   ,  8 519   ,  4 331   ,  4 209   ,  8 540   ,  4 354   ,  4 234   ,  8 588   ,  4 371   ,  4 254   ,  8 625   ,  4 379   ,  4 269   ,  8 648   
,12,  2 461   ,  2 439   ,  4 900   ,  2 539   ,  2 511   ,  5 050   ,  2 606   ,  2 584   ,  5 190   ,  2 704   ,  2 694   ,  5 398   ,  2 775   ,  2 783   ,  5 558   ,  2 819   ,  2 841   ,  5 660   ,  2 878   ,  2 906   ,  5 784   ,  2 974   ,  2 999   ,  5 973   ,  3 999   ,  4 006   ,  8 005   ,  4 122   ,  4 104   ,  8 226   ,  4 201   ,  4 161   ,  8 362   ,  4 266   ,  4 210   ,  8 476   ,  4 237   ,  4 172   ,  8 409   ,  4 247   ,  4 182   ,  8 429   ,  4 268   ,  4 208   ,  8 476   ,  4 285   ,  4 228   ,  8 513   
,13,  2 289   ,  2 388   ,  4 677   ,  2 401   ,  2 490   ,  4 891   ,  2 479   ,  2 567   ,  5 046   ,  2 544   ,  2 641   ,  5 185   ,  2 640   ,  2 755   ,  5 395   ,  2 711   ,  2 846   ,  5 557   ,  2 751   ,  2 903   ,  5 654   ,  2 810   ,  2 971   ,  5 781   ,  3 762   ,  3 979   ,  7 741   ,  3 916   ,  4 127   ,  8 043   ,  4 001   ,  4 193   ,  8 194   ,  4 094   ,  4 267   ,  8 361   ,  4 157   ,  4 314   ,  8 471   ,  4 128   ,  4 277   ,  8 405   ,  4 138   ,  4 287   ,  8 425   ,  4 159   ,  4 314   ,  8 473   
,14,  2 247   ,  2 216   ,  4 463   ,  2 338   ,  2 281   ,  4 619   ,  2 452   ,  2 380   ,  4 832   ,  2 532   ,  2 454   ,  4 986   ,  2 599   ,  2 526   ,  5 125   ,  2 697   ,  2 636   ,  5 333   ,  2 768   ,  2 722   ,  5 490   ,  2 808   ,  2 777   ,  5 585   ,  3 741   ,  3 669   ,  7 410   ,  3 891   ,  3 815   ,  7 706   ,  4 018   ,  3 922   ,  7 940   ,  4 120   ,  3 998   ,  8 118   ,  4 213   ,  4 069   ,  8 282   ,  4 278   ,  4 117   ,  8 395   ,  4 247   ,  4 080   ,  8 327   ,  4 257   ,  4 089   ,  8 346   
,15,  2 020   ,  2 080   ,  4 100   ,  2 120   ,  2 134   ,  4 254   ,  2 207   ,  2 199   ,  4 406   ,  2 316   ,  2 295   ,  4 611   ,  2 391   ,  2 367   ,  4 758   ,  2 456   ,  2 437   ,  4 893   ,  2 546   ,  2 541   ,  5 087   ,  2 615   ,  2 626   ,  5 241   ,  3 441   ,  3 450   ,  6 891   ,  3 540   ,  3 558   ,  7 098   ,  3 653   ,  3 667   ,  7 320   ,  3 786   ,  3 785   ,  7 571   ,  3 880   ,  3 861   ,  7 741   ,  3 970   ,  3 930   ,  7 900   ,  4 032   ,  3 975   ,  8 007   ,  4 003   ,  3 939   ,  7 942   
,16,  1 971   ,  1 947   ,  3 918   ,  2 104   ,  2 009   ,  4 113   ,  2 208   ,  2 063   ,  4 271   ,  2 299   ,  2 125   ,  4 424   ,  2 413   ,  2 220   ,  4 633   ,  2 492   ,  2 289   ,  4 781   ,  2 556   ,  2 355   ,  4 911   ,  2 652   ,  2 457   ,  5 109   ,  3 542   ,  3 290   ,  6 832   ,  3 620   ,  3 383   ,  7 003   ,  3 692   ,  3 459   ,  7 151   ,  3 825   ,  3 579   ,  7 404   ,  3 963   ,  3 694   ,  7 657   ,  4 063   ,  3 766   ,  7 829   ,  4 156   ,  3 832   ,  7 988   ,  4 220   ,  3 877   ,  8 097   
,17,  1 756   ,  1 793   ,  3 549   ,  1 836   ,  1 798   ,  3 634   ,  1 960   ,  1 857   ,  3 817   ,  2 058   ,  1 906   ,  3 964   ,  2 143   ,  1 965   ,  4 108   ,  2 248   ,  2 052   ,  4 300   ,  2 320   ,  2 115   ,  4 435   ,  2 381   ,  2 176   ,  4 557   ,  3 253   ,  2 961   ,  6 214   ,  3 364   ,  3 082   ,  6 446   ,  3 409   ,  3 141   ,  6 550   ,  3 491   ,  3 223   ,  6 714   ,  3 614   ,  3 334   ,  6 948   ,  3 744   ,  3 442   ,  7 186   ,  3 839   ,  3 507   ,  7 346   ,  3 927   ,  3 567   ,  7 494   
,18,  1 779   ,  1 751   ,  3 530   ,  1 824   ,  1 705   ,  3 529   ,  1 908   ,  1 712   ,  3 620   ,  2 038   ,  1 767   ,  3 805   ,  2 139   ,  1 815   ,  3 954   ,  2 228   ,  1 870   ,  4 098   ,  2 338   ,  1 952   ,  4 290   ,  2 413   ,  2 011   ,  4 424   ,  3 221   ,  2 716   ,  5 937   ,  3 366   ,  2 854   ,  6 220   ,  3 451   ,  2 944   ,  6 395   ,  3 510   ,  3 010   ,  6 520   ,  3 593   ,  3 090   ,  6 683   ,  3 722   ,  3 195   ,  6 917   ,  3 857   ,  3 297   ,  7 154   ,  3 954   ,  3 363   ,  7 317   
,19,  1 906   ,  2 003   ,  3 909   ,  1 970   ,  1 989   ,  3 959   ,  2 020   ,  1 938   ,  3 958   ,  2 113   ,  1 945   ,  4 058   ,  2 257   ,  2 009   ,  4 266   ,  2 370   ,  2 064   ,  4 434   ,  2 467   ,  2 126   ,  4 593   ,  2 588   ,  2 219   ,  4 807   ,  3 491   ,  3 003   ,  6 494   ,  3 608   ,  3 114   ,  6 722   ,  3 738   ,  3 241   ,  6 979   ,  3 847   ,  3 359   ,  7 206   ,  3 913   ,  3 435   ,  7 348   ,  4 006   ,  3 525   ,  7 531   ,  4 149   ,  3 645   ,  7 794   ,  4 298   ,  3 761   ,  8 059   
,20,  1 634   ,  1 707   ,  3 341   ,  1 705   ,  1 750   ,  3 455   ,  1 763   ,  1 737   ,  3 500   ,  1 809   ,  1 694   ,  3 503   ,  1 892   ,  1 701   ,  3 593   ,  2 022   ,  1 757   ,  3 779   ,  2 122   ,  1 804   ,  3 926   ,  2 210   ,  1 858   ,  4 068   ,  3 043   ,  2 551   ,  5 594   ,  3 167   ,  2 650   ,  5 817   ,  3 245   ,  2 724   ,  5 969   ,  3 374   ,  2 849   ,  6 223   ,  3 472   ,  2 949   ,  6 421   ,  3 532   ,  3 019   ,  6 551   ,  3 615   ,  3 098   ,  6 713   ,  3 745   ,  3 202   ,  6 947   
,21,  1 663   ,  1 888   ,  3 551   ,  1 722   ,  1 945   ,  3 667   ,  1 798   ,  1 995   ,  3 793   ,  1 859   ,  1 982   ,  3 841   ,  1 908   ,  1 932   ,  3 840   ,  1 997   ,  1 942   ,  3 939   ,  2 132   ,  2 005   ,  4 137   ,  2 240   ,  2 060   ,  4 300   ,  3 065   ,  2 764   ,  5 829   ,  3 242   ,  2 908   ,  6 150   ,  3 342   ,  2 995   ,  6 337   ,  3 439   ,  3 091   ,  6 530   ,  3 579   ,  3 232   ,  6 811   ,  3 682   ,  3 349   ,  7 031   ,  3 746   ,  3 425   ,  7 171   ,  3 834   ,  3 514   ,  7 348   
,22,  1 602   ,  1 724   ,  3 326   ,  1 674   ,  1 821   ,  3 495   ,  1 735   ,  1 877   ,  3 612   ,  1 813   ,  1 926   ,  3 739   ,  1 876   ,  1 914   ,  3 790   ,  1 925   ,  1 868   ,  3 793   ,  2 015   ,  1 875   ,  3 890   ,  2 153   ,  1 938   ,  4 091   ,  2 951   ,  2 588   ,  5 539   ,  3 097   ,  2 686   ,  5 783   ,  3 247   ,  2 802   ,  6 049   ,  3 362   ,  2 898   ,  6 260   ,  3 460   ,  2 989   ,  6 449   ,  3 599   ,  3 127   ,  6 726   ,  3 703   ,  3 239   ,  6 942   ,  3 768   ,  3 314   ,  7 082   
,23,  1 411   ,  1 563   ,  2 974   ,  1 482   ,  1 660   ,  3 142   ,  1 552   ,  1 755   ,  3 307   ,  1 609   ,  1 809   ,  3 418   ,  1 681   ,  1 856   ,  3 537   ,  1 740   ,  1 845   ,  3 585   ,  1 785   ,  1 798   ,  3 583   ,  1 869   ,  1 806   ,  3 675   ,  2 616   ,  2 456   ,  5 072   ,  2 770   ,  2 542   ,  5 312   ,  2 882   ,  2 617   ,  5 499   ,  3 033   ,  2 740   ,  5 773   ,  3 142   ,  2 833   ,  5 975   ,  3 232   ,  2 925   ,  6 157   ,  3 363   ,  3 058   ,  6 421   ,  3 461   ,  3 167   ,  6 628   
,24,  1 425   ,  1 563   ,  2 988   ,  1 465   ,  1 614   ,  3 079   ,  1 540   ,  1 715   ,  3 255   ,  1 612   ,  1 813   ,  3 425   ,  1 671   ,  1 871   ,  3 542   ,  1 747   ,  1 920   ,  3 667   ,  1 807   ,  1 908   ,  3 715   ,  1 856   ,  1 860   ,  3 716   ,  2 532   ,  2 444   ,  4 976   ,  2 730   ,  2 543   ,  5 273   ,  2 864   ,  2 609   ,  5 473   ,  2 993   ,  2 697   ,  5 690   ,  3 152   ,  2 825   ,  5 977   ,  3 262   ,  2 920   ,  6 182   ,  3 360   ,  3 015   ,  6 375   ,  3 493   ,  3 152   ,  6 645   
,25,  1 311   ,  1 329   ,  2 640   ,  1 321   ,  1 348   ,  2 669   ,  1 360   ,  1 394   ,  2 754   ,  1 430   ,  1 482   ,  2 912   ,  1 498   ,  1 567   ,  3 065   ,  1 554   ,  1 617   ,  3 171   ,  1 624   ,  1 659   ,  3 283   ,  1 681   ,  1 648   ,  3 329   ,  2 266   ,  2 112   ,  4 378   ,  2 390   ,  2 137   ,  4 527   ,  2 555   ,  2 206   ,  4 761   ,  2 693   ,  2 272   ,  4 965   ,  2 813   ,  2 350   ,  5 163   ,  2 962   ,  2 458   ,  5 420   ,  3 068   ,  2 543   ,  5 611   ,  3 158   ,  2 623   ,  5 781   
,26,  1 359   ,  1 454   ,  2 813   ,  1 365   ,  1 468   ,  2 833   ,  1 378   ,  1 489   ,  2 867   ,  1 419   ,  1 541   ,  2 960   ,  1 493   ,  1 637   ,  3 130   ,  1 564   ,  1 734   ,  3 298   ,  1 623   ,  1 788   ,  3 411   ,  1 699   ,  1 835   ,  3 534   ,  2 283   ,  2 398   ,  4 681   ,  2 362   ,  2 358   ,  4 720   ,  2 473   ,  2 366   ,  4 839   ,  2 652   ,  2 453   ,  5 105   ,  2 796   ,  2 524   ,  5 320   ,  2 921   ,  2 611   ,  5 532   ,  3 077   ,  2 733   ,  5 810   ,  3 188   ,  2 826   ,  6 014   
,27,  1 298   ,  1 341   ,  2 639   ,  1 290   ,  1 337   ,  2 627   ,  1 296   ,  1 349   ,  2 645   ,  1 308   ,  1 370   ,  2 678   ,  1 348   ,  1 418   ,  2 766   ,  1 419   ,  1 509   ,  2 928   ,  1 486   ,  1 596   ,  3 082   ,  1 543   ,  1 647   ,  3 190   ,  2 131   ,  2 213   ,  4 344   ,  2 221   ,  2 216   ,  4 437   ,  2 280   ,  2 160   ,  4 440   ,  2 395   ,  2 176   ,  4 571   ,  2 572   ,  2 256   ,  4 828   ,  2 713   ,  2 324   ,  5 037   ,  2 834   ,  2 403   ,  5 237   ,  2 986   ,  2 517   ,  5 503   
,28,  1 359   ,  1 524   ,  2 883   ,  1 307   ,  1 479   ,  2 786   ,  1 300   ,  1 475   ,  2 775   ,  1 305   ,  1 492   ,  2 797   ,  1 317   ,  1 515   ,  2 832   ,  1 358   ,  1 568   ,  2 926   ,  1 429   ,  1 667   ,  3 096   ,  1 498   ,  1 765   ,  3 263   ,  2 039   ,  2 385   ,  4 424   ,  2 149   ,  2 469   ,  4 618   ,  2 223   ,  2 452   ,  4 675   ,  2 289   ,  2 397   ,  4 686   ,  2 405   ,  2 418   ,  4 823   ,  2 582   ,  2 506   ,  5 088   ,  2 724   ,  2 581   ,  5 305   ,  2 847   ,  2 669   ,  5 516   
,29,  1 426   ,  1 596   ,  3 022   ,  1 396   ,  1 588   ,  2 984   ,  1 342   ,  1 541   ,  2 883   ,  1 334   ,  1 538   ,  2 872   ,  1 340   ,  1 554   ,  2 894   ,  1 353   ,  1 579   ,  2 932   ,  1 395   ,  1 634   ,  3 029   ,  1 468   ,  1 738   ,  3 206   ,  2 024   ,  2 409   ,  4 433   ,  2 119   ,  2 507   ,  4 626   ,  2 212   ,  2 569   ,  4 781   ,  2 298   ,  2 563   ,  4 861   ,  2 367   ,  2 507   ,  4 874   ,  2 489   ,  2 526   ,  5 015   ,  2 673   ,  2 620   ,  5 293   ,  2 818   ,  2 698   ,  5 516   
,30,  1 286   ,  1 271   ,  2 557   ,  1 292   ,  1 306   ,  2 598   ,  1 267   ,  1 299   ,  2 566   ,  1 218   ,  1 262   ,  2 480   ,  1 212   ,  1 260   ,  2 472   ,  1 218   ,  1 274   ,  2 492   ,  1 230   ,  1 294   ,  2 524   ,  1 268   ,  1 339   ,  2 607   ,  1 736   ,  1 870   ,  3 606   ,  1 832   ,  1 993   ,  3 825   ,  1 901   ,  2 055   ,  3 956   ,  1 997   ,  2 117   ,  4 114   ,  2 074   ,  2 112   ,  4 186   ,  2 139   ,  2 067   ,  4 206   ,  2 247   ,  2 081   ,  4 328   ,  2 414   ,  2 157   ,  4 571   
,31,  1 271   ,  1 297   ,  2 568   ,  1 271   ,  1 334   ,  2 605   ,  1 277   ,  1 370   ,  2 647   ,  1 253   ,  1 365   ,  2 618   ,  1 205   ,  1 327   ,  2 532   ,  1 198   ,  1 325   ,  2 523   ,  1 204   ,  1 340   ,  2 544   ,  1 216   ,  1 361   ,  2 577   ,  1 624   ,  1 835   ,  3 459   ,  1 724   ,  1 969   ,  3 693   ,  1 809   ,  2 081   ,  3 890   ,  1 883   ,  2 155   ,  4 038   ,  1 977   ,  2 220   ,  4 197   ,  2 056   ,  2 212   ,  4 268   ,  2 118   ,  2 166   ,  4 284   ,  2 228   ,  2 182   ,  4 410   
,32,  1 191   ,  1 182   ,  2 373   ,  1 208   ,  1 235   ,  2 443   ,  1 208   ,  1 270   ,  2 478   ,  1 215   ,  1 305   ,  2 520   ,  1 191   ,  1 300   ,  2 491   ,  1 146   ,  1 264   ,  2 410   ,  1 139   ,  1 261   ,  2 400   ,  1 145   ,  1 276   ,  2 421   ,  1 514   ,  1 705   ,  3 219   ,  1 572   ,  1 778   ,  3 350   ,  1 655   ,  1 890   ,  3 545   ,  1 742   ,  2 007   ,  3 749   ,  1 816   ,  2 080   ,  3 896   ,  1 907   ,  2 140   ,  4 047   ,  1 982   ,  2 135   ,  4 117   ,  2 043   ,  2 089   ,  4 132   
,33,  1 080   ,  1 033   ,  2 113   ,  1 132   ,  1 120   ,  2 252   ,  1 149   ,  1 170   ,  2 319   ,  1 150   ,  1 204   ,  2 354   ,  1 157   ,  1 239   ,  2 396   ,  1 134   ,  1 234   ,  2 368   ,  1 090   ,  1 198   ,  2 288   ,  1 084   ,  1 197   ,  2 281   ,  1 418   ,  1 592   ,  3 010   ,  1 442   ,  1 630   ,  3 072   ,  1 487   ,  1 686   ,  3 173   ,  1 574   ,  1 798   ,  3 372   ,  1 655   ,  1 911   ,  3 566   ,  1 725   ,  1 979   ,  3 704   ,  1 812   ,  2 039   ,  3 851   ,  1 885   ,  2 032   ,  3 917   
,34,  1 052   ,  960   ,  2 012   ,  1 081   ,  1 013   ,  2 094   ,  1 134   ,  1 099   ,  2 233   ,  1 151   ,  1 149   ,  2 300   ,  1 152   ,  1 183   ,  2 335   ,  1 159   ,  1 217   ,  2 376   ,  1 136   ,  1 213   ,  2 349   ,  1 093   ,  1 178   ,  2 271   ,  1 418   ,  1 541   ,  2 959   ,  1 435   ,  1 569   ,  3 004   ,  1 448   ,  1 594   ,  3 042   ,  1 499   ,  1 655   ,  3 154   ,  1 587   ,  1 767   ,  3 354   ,  1 671   ,  1 878   ,  3 549   ,  1 742   ,  1 945   ,  3 687   ,  1 831   ,  2 004   ,  3 835   
,35,  983   ,  872   ,  1 855   ,  992   ,  889   ,  1 881   ,  1 020   ,  940   ,  1 960   ,  1 071   ,  1 019   ,  2 090   ,  1 088   ,  1 067   ,  2 155   ,  1 090   ,  1 098   ,  2 188   ,  1 097   ,  1 131   ,  2 228   ,  1 075   ,  1 126   ,  2 201   ,  1 341   ,  1 432   ,  2 773   ,  1 342   ,  1 441   ,  2 783   ,  1 350   ,  1 458   ,  2 808   ,  1 368   ,  1 484   ,  2 852   ,  1 416   ,  1 543   ,  2 959   ,  1 498   ,  1 649   ,  3 147   ,  1 577   ,  1 750   ,  3 327   ,  1 646   ,  1 813   ,  3 459   
,36,  969   ,  925   ,  1 894   ,  995   ,  957   ,  1 952   ,  1 004   ,  976   ,  1 980   ,  1 033   ,  1 032   ,  2 065   ,  1 086   ,  1 120   ,  2 206   ,  1 103   ,  1 173   ,  2 276   ,  1 103   ,  1 207   ,  2 310   ,  1 111   ,  1 242   ,  2 353   ,  1 421   ,  1 617   ,  3 038   ,  1 377   ,  1 582   ,  2 959   ,  1 367   ,  1 579   ,  2 946   ,  1 377   ,  1 601   ,  2 978   ,  1 396   ,  1 633   ,  3 029   ,  1 446   ,  1 697   ,  3 143   ,  1 531   ,  1 813   ,  3 344   ,  1 613   ,  1 926   ,  3 539   
,37,  1 006   ,  886   ,  1 892   ,  1 007   ,  891   ,  1 898   ,  1 034   ,  922   ,  1 956   ,  1 045   ,  941   ,  1 986   ,  1 075   ,  995   ,  2 070   ,  1 129   ,  1 081   ,  2 210   ,  1 148   ,  1 130   ,  2 278   ,  1 149   ,  1 165   ,  2 314   ,  1 519   ,  1 565   ,  3 084   ,  1 499   ,  1 572   ,  3 071   ,  1 440   ,  1 526   ,  2 966   ,  1 435   ,  1 530   ,  2 965   ,  1 447   ,  1 553   ,  3 000   ,  1 466   ,  1 585   ,  3 051   ,  1 518   ,  1 645   ,  3 163   ,  1 608   ,  1 759   ,  3 367   
,38,  996   ,  953   ,  1 949   ,  982   ,  945   ,  1 927   ,  984   ,  951   ,  1 935   ,  1 011   ,  985   ,  1 996   ,  1 021   ,  1 006   ,  2 027   ,  1 051   ,  1 064   ,  2 115   ,  1 106   ,  1 155   ,  2 261   ,  1 124   ,  1 209   ,  2 333   ,  1 466   ,  1 625   ,  3 091   ,  1 488   ,  1 687   ,  3 175   ,  1 456   ,  1 679   ,  3 135   ,  1 404   ,  1 639   ,  3 043   ,  1 400   ,  1 643   ,  3 043   ,  1 412   ,  1 666   ,  3 078   ,  1 432   ,  1 699   ,  3 131   ,  1 483   ,  1 764   ,  3 247   
,39,  1 050   ,  916   ,  1 966   ,  1 062   ,  935   ,  1 997   ,  1 047   ,  928   ,  1 975   ,  1 050   ,  933   ,  1 983   ,  1 078   ,  965   ,  2 043   ,  1 090   ,  987   ,  2 077   ,  1 122   ,  1 043   ,  2 165   ,  1 180   ,  1 132   ,  2 312   ,  1 564   ,  1 554   ,  3 118   ,  1 577   ,  1 613   ,  3 190   ,  1 585   ,  1 659   ,  3 244   ,  1 559   ,  1 659   ,  3 218   ,  1 502   ,  1 617   ,  3 119   ,  1 499   ,  1 620   ,  3 119   ,  1 512   ,  1 644   ,  3 156   ,  1 532   ,  1 678   ,  3 210   
,40,  884   ,  790   ,  1 674   ,  912   ,  824   ,  1 736   ,  924   ,  840   ,  1 764   ,  911   ,  835   ,  1 746   ,  914   ,  841   ,  1 755   ,  939   ,  870   ,  1 809   ,  949   ,  888   ,  1 837   ,  977   ,  940   ,  1 917   ,  1 335   ,  1 354   ,  2 689   ,  1 368   ,  1 429   ,  2 797   ,  1 370   ,  1 471   ,  2 841   ,  1 383   ,  1 517   ,  2 900   ,  1 358   ,  1 518   ,  2 876   ,  1 310   ,  1 480   ,  2 790   ,  1 305   ,  1 483   ,  2 788   ,  1 318   ,  1 507   ,  2 825   
,41,  875   ,  833   ,  1 708   ,  895   ,  863   ,  1 758   ,  924   ,  901   ,  1 825   ,  935   ,  920   ,  1 855   ,  923   ,  914   ,  1 837   ,  927   ,  922   ,  1 849   ,  952   ,  955   ,  1 907   ,  962   ,  975   ,  1 937   ,  1 301   ,  1 341   ,  2 642   ,  1 379   ,  1 469   ,  2 848   ,  1 402   ,  1 536   ,  2 938   ,  1 408   ,  1 586   ,  2 994   ,  1 421   ,  1 640   ,  3 061   ,  1 397   ,  1 640   ,  3 037   ,  1 345   ,  1 600   ,  2 945   ,  1 343   ,  1 604   ,  2 947   
,42,  853   ,  755   ,  1 608   ,  890   ,  801   ,  1 691   ,  911   ,  830   ,  1 741   ,  940   ,  867   ,  1 807   ,  951   ,  886   ,  1 837   ,  940   ,  882   ,  1 822   ,  943   ,  887   ,  1 830   ,  971   ,  919   ,  1 890   ,  1 268   ,  1 220   ,  2 488   ,  1 316   ,  1 301   ,  2 617   ,  1 384   ,  1 414   ,  2 798   ,  1 411   ,  1 482   ,  2 893   ,  1 418   ,  1 534   ,  2 952   ,  1 431   ,  1 584   ,  3 015   ,  1 407   ,  1 585   ,  2 992   ,  1 357   ,  1 544   ,  2 901   
,43,  718   ,  612   ,  1 330   ,  778   ,  680   ,  1 458   ,  812   ,  721   ,  1 533   ,  831   ,  750   ,  1 581   ,  859   ,  782   ,  1 641   ,  869   ,  799   ,  1 668   ,  859   ,  795   ,  1 654   ,  861   ,  800   ,  1 661   ,  1 147   ,  1 082   ,  2 229   ,  1 167   ,  1 113   ,  2 280   ,  1 202   ,  1 178   ,  2 380   ,  1 269   ,  1 284   ,  2 553   ,  1 296   ,  1 348   ,  2 644   ,  1 299   ,  1 393   ,  2 692   ,  1 313   ,  1 438   ,  2 751   ,  1 292   ,  1 440   ,  2 732   
,44,  699   ,  558   ,  1 257   ,  741   ,  603   ,  1 344   ,  804   ,  671   ,  1 475   ,  841   ,  713   ,  1 554   ,  860   ,  740   ,  1 600   ,  889   ,  773   ,  1 662   ,  901   ,  789   ,  1 690   ,  889   ,  784   ,  1 673   ,  1 157   ,  1 022   ,  2 179   ,  1 199   ,  1 065   ,  2 264   ,  1 212   ,  1 088   ,  2 300   ,  1 254   ,  1 156   ,  2 410   ,  1 322   ,  1 260   ,  2 582   ,  1 351   ,  1 325   ,  2 676   ,  1 355   ,  1 369   ,  2 724   ,  1 368   ,  1 415   ,  2 783   
,45,  663   ,  510   ,  1 173   ,  683   ,  528   ,  1 211   ,  726   ,  571   ,  1 297   ,  789   ,  636   ,  1 425   ,  825   ,  675   ,  1 500   ,  844   ,  701   ,  1 545   ,  873   ,  732   ,  1 605   ,  884   ,  749   ,  1 633   ,  1 119   ,  972   ,  2 091   ,  1 131   ,  988   ,  2 119   ,  1 164   ,  1 022   ,  2 186   ,  1 180   ,  1 049   ,  2 229   ,  1 220   ,  1 113   ,  2 333   ,  1 288   ,  1 214   ,  2 502   ,  1 315   ,  1 275   ,  2 590   ,  1 322   ,  1 317   ,  2 639   
,46,  564   ,  527   ,  1 091   ,  587   ,  550   ,  1 137   ,  606   ,  569   ,  1 175   ,  645   ,  617   ,  1 262   ,  700   ,  685   ,  1 385   ,  732   ,  729   ,  1 461   ,  749   ,  756   ,  1 505   ,  775   ,  791   ,  1 566   ,  1 026   ,  1 044   ,  2 070   ,  1 020   ,  1 046   ,  2 066   ,  1 023   ,  1 054   ,  2 077   ,  1 055   ,  1 096   ,  2 151   ,  1 069   ,  1 122   ,  2 191   ,  1 107   ,  1 193   ,  2 300   ,  1 168   ,  1 302   ,  2 470   ,  1 192   ,  1 367   ,  2 559   
,47,  590   ,  514   ,  1 104   ,  598   ,  519   ,  1 117   ,  623   ,  542   ,  1 165   ,  643   ,  561   ,  1 204   ,  685   ,  607   ,  1 292   ,  744   ,  675   ,  1 419   ,  779   ,  717   ,  1 496   ,  797   ,  745   ,  1 542   ,  1 077   ,  1 017   ,  2 094   ,  1 097   ,  1 048   ,  2 145   ,  1 083   ,  1 040   ,  2 123   ,  1 092   ,  1 052   ,  2 144   ,  1 124   ,  1 093   ,  2 217   ,  1 143   ,  1 122   ,  2 265   ,  1 181   ,  1 190   ,  2 371   ,  1 248   ,  1 299   ,  2 547   
,48,  607   ,  484   ,  1 091   ,  607   ,  475   ,  1 082   ,  615   ,  479   ,  1 094   ,  641   ,  501   ,  1 142   ,  662   ,  519   ,  1 181   ,  706   ,  562   ,  1 268   ,  768   ,  626   ,  1 394   ,  803   ,  664   ,  1 467   ,  1 058   ,  901   ,  1 959   ,  1 102   ,  949   ,  2 051   ,  1 115   ,  969   ,  2 084   ,  1 104   ,  966   ,  2 070   ,  1 112   ,  979   ,  2 091   ,  1 147   ,  1 017   ,  2 164   ,  1 164   ,  1 041   ,  2 205   ,  1 204   ,  1 106   ,  2 310   
,49,  580   ,  535   ,  1 115   ,  588   ,  534   ,  1 122   ,  587   ,  524   ,  1 111   ,  596   ,  530   ,  1 126   ,  621   ,  552   ,  1 173   ,  642   ,  573   ,  1 215   ,  683   ,  620   ,  1 303   ,  743   ,  690   ,  1 433   ,  1 024   ,  971   ,  1 995   ,  1 057   ,  1 015   ,  2 072   ,  1 092   ,  1 062   ,  2 154   ,  1 110   ,  1 087   ,  2 197   ,  1 099   ,  1 085   ,  2 184   ,  1 106   ,  1 097   ,  2 203   ,  1 140   ,  1 140   ,  2 280   ,  1 158   ,  1 169   ,  2 327   
,50,  550   ,  435   ,  985   ,  558   ,  444   ,  1 002   ,  566   ,  443   ,  1 009   ,  566   ,  435   ,  1 001   ,  575   ,  440   ,  1 015   ,  601   ,  459   ,  1 060   ,  620   ,  475   ,  1 095   ,  660   ,  515   ,  1 175   ,  934   ,  759   ,  1 693   ,  985   ,  812   ,  1 797   ,  1 008   ,  843   ,  1 851   ,  1 045   ,  886   ,  1 931   ,  1 063   ,  907   ,  1 970   ,  1 052   ,  905   ,  1 957   ,  1 058   ,  914   ,  1 972   ,  1 093   ,  950   ,  2 043   
,51,  549   ,  484   ,  1 033   ,  551   ,  489   ,  1 040   ,  560   ,  499   ,  1 059   ,  569   ,  499   ,  1 068   ,  568   ,  490   ,  1 058   ,  578   ,  496   ,  1 074   ,  603   ,  518   ,  1 121   ,  623   ,  537   ,  1 160   ,  850   ,  757   ,  1 607   ,  934   ,  849   ,  1 783   ,  974   ,  903   ,  1 877   ,  999   ,  938   ,  1 937   ,  1 039   ,  986   ,  2 025   ,  1 057   ,  1 010   ,  2 067   ,  1 044   ,  1 009   ,  2 053   ,  1 053   ,  1 020   ,  2 073   
,52,  526   ,  455   ,  981   ,  533   ,  466   ,  999   ,  535   ,  472   ,  1 007   ,  543   ,  481   ,  1 024   ,  552   ,  482   ,  1 034   ,  552   ,  473   ,  1 025   ,  561   ,  479   ,  1 040   ,  585   ,  501   ,  1 086   ,  790   ,  669   ,  1 459   ,  847   ,  731   ,  1 578   ,  923   ,  812   ,  1 735   ,  968   ,  867   ,  1 835   ,  995   ,  902   ,  1 897   ,  1 031   ,  947   ,  1 978   ,  1 048   ,  971   ,  2 019   ,  1 038   ,  971   ,  2 009   
,53,  442   ,  348   ,  790   ,  481   ,  387   ,  868   ,  489   ,  396   ,  885   ,  490   ,  401   ,  891   ,  499   ,  409   ,  908   ,  507   ,  409   ,  916   ,  506   ,  402   ,  908   ,  515   ,  406   ,  921   ,  694   ,  551   ,  1 245   ,  722   ,  577   ,  1 299   ,  770   ,  625   ,  1 395   ,  839   ,  698   ,  1 537   ,  881   ,  745   ,  1 626   ,  905   ,  775   ,  1 680   ,  940   ,  814   ,  1 754   ,  957   ,  834   ,  1 791   
,54,  444   ,  358   ,  802   ,  473   ,  391   ,  864   ,  515   ,  435   ,  950   ,  524   ,  446   ,  970   ,  525   ,  450   ,  975   ,  534   ,  461   ,  995   ,  541   ,  461   ,  1 002   ,  542   ,  452   ,  994   ,  722   ,  597   ,  1 319   ,  761   ,  629   ,  1 390   ,  785   ,  651   ,  1 436   ,  838   ,  708   ,  1 546   ,  915   ,  791   ,  1 706   ,  961   ,  841   ,  1 802   ,  988   ,  877   ,  1 865   ,  1 026   ,  920   ,  1 946   
,55,  390   ,  306   ,  696   ,  391   ,  309   ,  700   ,  416   ,  337   ,  753   ,  454   ,  375   ,  829   ,  460   ,  385   ,  845   ,  463   ,  389   ,  852   ,  470   ,  397   ,  867   ,  478   ,  397   ,  875   ,  627   ,  510   ,  1 137   ,  643   ,  519   ,  1 162   ,  671   ,  541   ,  1 212   ,  696   ,  563   ,  1 259   ,  743   ,  610   ,  1 353   ,  813   ,  682   ,  1 495   ,  852   ,  729   ,  1 581   ,  876   ,  762   ,  1 638   
,56,  393   ,  316   ,  709   ,  406   ,  326   ,  732   ,  407   ,  329   ,  736   ,  434   ,  359   ,  793   ,  472   ,  399   ,  871   ,  481   ,  409   ,  890   ,  483   ,  415   ,  898   ,  490   ,  422   ,  912   ,  642   ,  551   ,  1 193   ,  648   ,  547   ,  1 195   ,  658   ,  553   ,  1 211   ,  689   ,  579   ,  1 268   ,  713   ,  602   ,  1 315   ,  763   ,  656   ,  1 419   ,  835   ,  733   ,  1 568   ,  878   ,  781   ,  1 659   
,57,  396   ,  319   ,  715   ,  400   ,  321   ,  721   ,  413   ,  330   ,  743   ,  414   ,  333   ,  747   ,  441   ,  363   ,  804   ,  481   ,  405   ,  886   ,  489   ,  416   ,  905   ,  491   ,  420   ,  911   ,  656   ,  560   ,  1 216   ,  671   ,  564   ,  1 235   ,  670   ,  555   ,  1 225   ,  685   ,  563   ,  1 248   ,  717   ,  591   ,  1 308   ,  744   ,  614   ,  1 358   ,  795   ,  668   ,  1 463   ,  869   ,  746   ,  1 615   
,58,  361   ,  310   ,  671   ,  345   ,  288   ,  633   ,  348   ,  290   ,  638   ,  361   ,  298   ,  659   ,  362   ,  301   ,  663   ,  386   ,  329   ,  715   ,  420   ,  366   ,  786   ,  427   ,  375   ,  802   ,  559   ,  493   ,  1 052   ,  572   ,  506   ,  1 078   ,  581   ,  506   ,  1 087   ,  583   ,  498   ,  1 081   ,  594   ,  508   ,  1 102   ,  622   ,  533   ,  1 155   ,  646   ,  552   ,  1 198   ,  691   ,  601   ,  1 292   
,59,  397   ,  330   ,  727   ,  391   ,  319   ,  710   ,  375   ,  298   ,  673   ,  378   ,  298   ,  676   ,  391   ,  308   ,  699   ,  393   ,  312   ,  705   ,  418   ,  339   ,  757   ,  457   ,  377   ,  834   ,  603   ,  510   ,  1 113   ,  610   ,  519   ,  1 129   ,  620   ,  529   ,  1 149   ,  632   ,  532   ,  1 164   ,  635   ,  524   ,  1 159   ,  646   ,  534   ,  1 180   ,  678   ,  559   ,  1 237   ,  703   ,  582   ,  1 285   
,60,  344   ,  255   ,  599   ,  357   ,  266   ,  623   ,  352   ,  259   ,  611   ,  337   ,  241   ,  578   ,  341   ,  241   ,  582   ,  352   ,  249   ,  601   ,  354   ,  252   ,  606   ,  378   ,  275   ,  653   ,  540   ,  400   ,  940   ,  553   ,  414   ,  967   ,  556   ,  418   ,  974   ,  566   ,  428   ,  994   ,  577   ,  430   ,  1 007   ,  579   ,  425   ,  1 004   ,  590   ,  430   ,  1 020   ,  619   ,  453   ,  1 072   
,61,  387   ,  289   ,  676   ,  386   ,  293   ,  679   ,  401   ,  305   ,  706   ,  396   ,  297   ,  693   ,  378   ,  277   ,  655   ,  383   ,  278   ,  661   ,  396   ,  288   ,  684   ,  397   ,  290   ,  687   ,  558   ,  405   ,  963   ,  614   ,  456   ,  1 070   ,  623   ,  469   ,  1 092   ,  626   ,  474   ,  1 100   ,  639   ,  488   ,  1 127   ,  654   ,  489   ,  1 143   ,  656   ,  481   ,  1 137   ,  668   ,  491   ,  1 159   
,62,  319   ,  250   ,  569   ,  326   ,  261   ,  587   ,  326   ,  264   ,  590   ,  338   ,  277   ,  615   ,  335   ,  268   ,  603   ,  320   ,  250   ,  570   ,  324   ,  251   ,  575   ,  335   ,  259   ,  594   ,  436   ,  339   ,  775   ,  469   ,  373   ,  842   ,  511   ,  416   ,  927   ,  521   ,  429   ,  950   ,  526   ,  435   ,  961   ,  537   ,  445   ,  982   ,  546   ,  448   ,  994   ,  548   ,  443   ,  991   
,63,  294   ,  194   ,  488   ,  326   ,  224   ,  550   ,  333   ,  234   ,  567   ,  333   ,  237   ,  570   ,  345   ,  248   ,  593   ,  342   ,  242   ,  584   ,  327   ,  225   ,  552   ,  330   ,  226   ,  556   ,  447   ,  301   ,  748   ,  453   ,  308   ,  761   ,  482   ,  335   ,  817   ,  528   ,  373   ,  901   ,  539   ,  383   ,  922   ,  542   ,  391   ,  933   ,  554   ,  401   ,  955   ,  566   ,  403   ,  969   
,64,  252   ,  187   ,  439   ,  272   ,  211   ,  483   ,  301   ,  244   ,  545   ,  307   ,  255   ,  562   ,  306   ,  258   ,  564   ,  319   ,  270   ,  589   ,  315   ,  263   ,  578   ,  301   ,  244   ,  545   ,  402   ,  319   ,  721   ,  419   ,  331   ,  750   ,  420   ,  334   ,  754   ,  450   ,  367   ,  817   ,  492   ,  411   ,  903   ,  504   ,  424   ,  928   ,  508   ,  431   ,  939   ,  517   ,  442   ,  959   
,65,  271   ,  166   ,  437   ,  272   ,  171   ,  443   ,  294   ,  192   ,  486   ,  326   ,  223   ,  549   ,  333   ,  233   ,  566   ,  333   ,  236   ,  569   ,  346   ,  247   ,  593   ,  343   ,  241   ,  584   ,  426   ,  294   ,  720   ,  437   ,  296   ,  733   ,  450   ,  307   ,  757   ,  454   ,  309   ,  763   ,  487   ,  340   ,  827   ,  534   ,  380   ,  914   ,  544   ,  391   ,  935   ,  549   ,  399   ,  948   
,66,  227   ,  185   ,  412   ,  236   ,  195   ,  431   ,  238   ,  199   ,  437   ,  256   ,  224   ,  480   ,  284   ,  261   ,  545   ,  291   ,  273   ,  564   ,  291   ,  277   ,  568   ,  302   ,  289   ,  591   ,  385   ,  365   ,  750   ,  371   ,  344   ,  715   ,  375   ,  345   ,  720   ,  390   ,  358   ,  748   ,  392   ,  363   ,  755   ,  422   ,  398   ,  820   ,  461   ,  445   ,  906   ,  472   ,  460   ,  932   
,67,  210   ,  151   ,  361   ,  215   ,  153   ,  368   ,  222   ,  162   ,  384   ,  224   ,  165   ,  389   ,  242   ,  187   ,  429   ,  269   ,  217   ,  486   ,  275   ,  226   ,  501   ,  275   ,  229   ,  504   ,  372   ,  312   ,  684   ,  369   ,  305   ,  674   ,  355   ,  285   ,  640   ,  360   ,  287   ,  647   ,  371   ,  297   ,  668   ,  376   ,  302   ,  678   ,  403   ,  330   ,  733   ,  442   ,  369   ,  811   
,68,  216   ,  128   ,  344   ,  205   ,  117   ,  322   ,  209   ,  119   ,  328   ,  217   ,  124   ,  341   ,  218   ,  127   ,  345   ,  236   ,  145   ,  381   ,  262   ,  168   ,  430   ,  269   ,  176   ,  445   ,  350   ,  234   ,  584   ,  369   ,  246   ,  615   ,  364   ,  238   ,  602   ,  349   ,  224   ,  573   ,  354   ,  226   ,  580   ,  368   ,  234   ,  602   ,  370   ,  238   ,  608   ,  397   ,  259   ,  656   
,69,  212   ,  144   ,  356   ,  206   ,  135   ,  341   ,  195   ,  123   ,  318   ,  198   ,  126   ,  324   ,  206   ,  132   ,  338   ,  208   ,  134   ,  342   ,  225   ,  153   ,  378   ,  248   ,  177   ,  425   ,  333   ,  246   ,  579   ,  336   ,  250   ,  586   ,  350   ,  261   ,  611   ,  345   ,  257   ,  602   ,  332   ,  239   ,  571   ,  338   ,  242   ,  580   ,  350   ,  250   ,  600   ,  355   ,  254   ,  609   
,70,  166   ,  112   ,  278   ,  166   ,  113   ,  279   ,  161   ,  106   ,  267   ,  152   ,  97   ,  249   ,  156   ,  99   ,  255   ,  162   ,  104   ,  266   ,  163   ,  106   ,  269   ,  176   ,  120   ,  296   ,  256   ,  181   ,  437   ,  265   ,  191   ,  456   ,  266   ,  193   ,  459   ,  277   ,  202   ,  479   ,  275   ,  197   ,  472   ,  263   ,  185   ,  448   ,  268   ,  187   ,  455   ,  277   ,  196   ,  473   
,71,  172   ,  140   ,  312   ,  171   ,  140   ,  311   ,  172   ,  140   ,  312   ,  167   ,  132   ,  299   ,  158   ,  121   ,  279   ,  162   ,  123   ,  285   ,  168   ,  129   ,  297   ,  170   ,  132   ,  302   ,  237   ,  195   ,  432   ,  264   ,  229   ,  493   ,  271   ,  241   ,  512   ,  271   ,  247   ,  518   ,  285   ,  257   ,  542   ,  282   ,  252   ,  534   ,  271   ,  236   ,  507   ,  275   ,  238   ,  513   
,72,  188   ,  127   ,  315   ,  190   ,  128   ,  318   ,  189   ,  128   ,  317   ,  190   ,  129   ,  319   ,  184   ,  121   ,  305   ,  175   ,  111   ,  286   ,  178   ,  113   ,  291   ,  186   ,  119   ,  305   ,  239   ,  160   ,  399   ,  261   ,  181   ,  442   ,  291   ,  210   ,  501   ,  299   ,  222   ,  521   ,  300   ,  224   ,  524   ,  312   ,  237   ,  549   ,  311   ,  232   ,  543   ,  298   ,  217   ,  515   
,73,  138   ,  108   ,  246   ,  153   ,  125   ,  278   ,  154   ,  129   ,  283   ,  153   ,  128   ,  281   ,  154   ,  129   ,  283   ,  150   ,  121   ,  271   ,  142   ,  111   ,  253   ,  145   ,  113   ,  258   ,  196   ,  154   ,  350   ,  199   ,  159   ,  358   ,  214   ,  180   ,  394   ,  241   ,  210   ,  451   ,  246   ,  221   ,  467   ,  247   ,  224   ,  471   ,  258   ,  236   ,  494   ,  258   ,  231   ,  489   
,74,  129   ,  79   ,  208   ,  143   ,  91   ,  234   ,  158   ,  108   ,  266   ,  160   ,  110   ,  270   ,  159   ,  110   ,  269   ,  160   ,  110   ,  270   ,  155   ,  104   ,  259   ,  148   ,  95   ,  243   ,  195   ,  126   ,  321   ,  205   ,  134   ,  339   ,  207   ,  137   ,  344   ,  224   ,  157   ,  381   ,  250   ,  181   ,  431   ,  256   ,  191   ,  447   ,  257   ,  195   ,  452   ,  270   ,  206   ,  476   
,75,  101   ,  58   ,  159   ,  104   ,  58   ,  162   ,  115   ,  68   ,  183   ,  128   ,  80   ,  208   ,  130   ,  80   ,  210   ,  129   ,  80   ,  209   ,  129   ,  81   ,  210   ,  126   ,  77   ,  203   ,  154   ,  94   ,  248   ,  157   ,  98   ,  255   ,  164   ,  102   ,  266   ,  166   ,  106   ,  272   ,  180   ,  121   ,  301   ,  201   ,  140   ,  341   ,  207   ,  148   ,  355   ,  209   ,  151   ,  360   
,76,  127   ,  65   ,  192   ,  131   ,  67   ,  198   ,  133   ,  67   ,  200   ,  148   ,  78   ,  226   ,  164   ,  92   ,  256   ,  166   ,  93   ,  259   ,  165   ,  93   ,  258   ,  167   ,  94   ,  261   ,  211   ,  117   ,  328   ,  202   ,  107   ,  309   ,  206   ,  109   ,  315   ,  216   ,  116   ,  332   ,  218   ,  119   ,  337   ,  236   ,  136   ,  372   ,  264   ,  159   ,  423   ,  272   ,  167   ,  439   
,77,  100   ,  53   ,  153   ,  99   ,  51   ,  150   ,  101   ,  52   ,  153   ,  103   ,  53   ,  156   ,  115   ,  61   ,  176   ,  127   ,  73   ,  200   ,  129   ,  73   ,  202   ,  129   ,  74   ,  203   ,  167   ,  99   ,  266   ,  163   ,  95   ,  258   ,  156   ,  85   ,  241   ,  159   ,  87   ,  246   ,  167   ,  93   ,  260   ,  168   ,  97   ,  265   ,  182   ,  109   ,  291   ,  206   ,  127   ,  333   
,78,  97   ,  57   ,  154   ,  93   ,  52   ,  145   ,  92   ,  51   ,  143   ,  95   ,  51   ,  146   ,  97   ,  53   ,  150   ,  108   ,  62   ,  170   ,  120   ,  73   ,  193   ,  121   ,  73   ,  194   ,  159   ,  93   ,  252   ,  161   ,  95   ,  256   ,  157   ,  89   ,  246   ,  149   ,  83   ,  232   ,  153   ,  84   ,  237   ,  162   ,  89   ,  251   ,  162   ,  92   ,  254   ,  175   ,  107   ,  282   
,79,  77   ,  56   ,  133   ,  75   ,  51   ,  126   ,  71   ,  48   ,  119   ,  71   ,  47   ,  118   ,  73   ,  48   ,  121   ,  75   ,  48   ,  123   ,  83   ,  56   ,  139   ,  92   ,  66   ,  158   ,  124   ,  90   ,  214   ,  124   ,  90   ,  214   ,  125   ,  90   ,  215   ,  123   ,  86   ,  209   ,  117   ,  80   ,  197   ,  120   ,  82   ,  202   ,  126   ,  86   ,  212   ,  127   ,  90   ,  217   
,80+,  452   ,  296   ,  748   ,  435   ,  286   ,  721   ,  419   ,  275   ,  694   ,  405   ,  262   ,  667   ,  393   ,  251   ,  644   ,  384   ,  244   ,  628   ,  378   ,  236   ,  614   ,  379   ,  237   ,  616   ,  518   ,  320   ,  838   ,  534   ,  331   ,  865   ,  542   ,  339   ,  881   ,  552   ,  349   ,  901   ,  562   ,  351   ,  913   ,  562   ,  351   ,  913   ,  567   ,  354   ,  921   ,  574   ,  356   ,  930   
,Total,  96 073   ,  91 330   ,  187 403   ,  98 260   ,  93 310   ,  191 570   ,  100 475   ,  95 313   ,  195 788   ,  102 714   ,  97 331   ,  200 045   ,  104 950   ,  99 352   ,  204 302   ,  107 210   ,  101 390   ,  208 600   ,  109 390   ,  103 349   ,  212 739   ,  111 587   ,  105 321   ,  216 908   ,  148 210   ,  139 878   ,  288 088   ,  152 102   ,  143 442   ,  295 544   ,  154 673   ,  145 731   ,  300 404   ,  157 806   ,  148 574   ,  306 380   ,  160 970   ,  151 425   ,  312 395   ,  164 174   ,  154 319   ,  318 493   ,  167 380   ,  157 225   ,  324 605   ,  170 631   ,  160 154   ,  330 785   
,,,,,,,,,,,,,,,,,,,,,,,,,,,,,,,,,,,,,,,,,,,,,,,,,
,,,,,,,,,,,,,,,,,,,,,,,,,,,,,,,,,,,,,,,,,,,,,,,,,
KARO-PELI,,,,,,,,,,,,,,,,,,,,,,,,,,,,,,,,,,,,,,,,,,,,,,,,,
,,2020,,,2021,,,2022,,,2023,,,2024,,,2025,,,2026,,,2027,,,2028,,,2029,,,2030,,,2031,,,2032,,,2033,,,2034,,,2035,,
, Ages,Ensemble,,,Ensemble,,,Ensemble,,,Ensemble,,,Ensemble,,,Ensemble,,,Ensemble,,,Ensemble,,,Ensemble,,,Ensemble,,,Ensemble,,,Ensemble,,,Ensemble,,,Ensemble,,,Ensemble,,,Ensemble,,
,,Homme ,Femme,Ensemble,Homme ,Femme,Ensemble,Homme ,Femme,Ensemble,Homme ,Femme,Ensemble,Homme ,Femme,Ensemble,Homme ,Femme,Ensemble,Homme ,Femme,Ensemble,Homme ,Femme,Ensemble,Homme ,Femme,Ensemble,Homme ,Femme,Ensemble,Homme ,Femme,Ensemble,Homme ,Femme,Ensemble,Homme ,Femme,Ensemble,Homme ,Femme,Ensemble,Homme ,Femme,Ensemble,Homme ,Femme,Ensemble
,0,  2 419   ,  2 330   ,  4 749   ,  2 418   ,  2 327   ,  4 745   ,  2 423   ,  2 332   ,  4 755   ,  2 425   ,  2 333   ,  4 758   ,  2 426   ,  2 333   ,  4 759   ,  2 424   ,  2 333   ,  4 757   ,  2 421   ,  2 332   ,  4 753   ,  2 420   ,  2 331   ,  4 751   ,  3 013   ,  2 917   ,  5 930   ,  3 027   ,  2 935   ,  5 962   ,  3 014   ,  2 926   ,  5 940   ,  3 045   ,  2 958   ,  6 003   ,  3 076   ,  2 991   ,  6 067   ,  3 107   ,  3 024   ,  6 131   ,  3 137   ,  3 056   ,  6 193   ,  3 162   ,  3 086   ,  6 248   
,1,  2 202   ,  2 142   ,  4 344   ,  2 182   ,  2 117   ,  4 299   ,  2 184   ,  2 116   ,  4 300   ,  2 192   ,  2 123   ,  4 315   ,  2 197   ,  2 127   ,  4 324   ,  2 199   ,  2 131   ,  4 330   ,  2 200   ,  2 131   ,  4 331   ,  2 201   ,  2 133   ,  4 334   ,  2 682   ,  2 594   ,  5 276   ,  2 703   ,  2 612   ,  5 315   ,  2 697   ,  2 610   ,  5 307   ,  2 697   ,  2 612   ,  5 309   ,  2 725   ,  2 642   ,  5 367   ,  2 754   ,  2 675   ,  5 429   ,  2 783   ,  2 708   ,  5 491   ,  2 813   ,  2 739   ,  5 552   
,2,  2 209   ,  2 095   ,  4 304   ,  2 240   ,  2 114   ,  4 354   ,  2 220   ,  2 089   ,  4 309   ,  2 222   ,  2 089   ,  4 311   ,  2 231   ,  2 098   ,  4 329   ,  2 236   ,  2 103   ,  4 339   ,  2 238   ,  2 105   ,  4 343   ,  2 240   ,  2 107   ,  4 347   ,  2 741   ,  2 569   ,  5 310   ,  2 762   ,  2 590   ,  5 352   ,  2 759   ,  2 591   ,  5 350   ,  2 761   ,  2 595   ,  5 356   ,  2 761   ,  2 599   ,  5 360   ,  2 791   ,  2 630   ,  5 421   ,  2 823   ,  2 662   ,  5 485   ,  2 852   ,  2 696   ,  5 548   
,3,  2 129   ,  2 031   ,  4 160   ,  2 175   ,  2 061   ,  4 236   ,  2 206   ,  2 080   ,  4 286   ,  2 187   ,  2 058   ,  4 245   ,  2 190   ,  2 059   ,  4 249   ,  2 199   ,  2 067   ,  4 266   ,  2 205   ,  2 073   ,  4 278   ,  2 208   ,  2 076   ,  4 284   ,  2 693   ,  2 520   ,  5 213   ,  2 716   ,  2 542   ,  5 258   ,  2 712   ,  2 541   ,  5 253   ,  2 717   ,  2 549   ,  5 266   ,  2 721   ,  2 554   ,  5 275   ,  2 723   ,  2 558   ,  5 281   ,  2 752   ,  2 589   ,  5 341   ,  2 783   ,  2 623   ,  5 406   
,4,  2 135   ,  1 986   ,  4 121   ,  2 186   ,  2 019   ,  4 205   ,  2 233   ,  2 048   ,  4 281   ,  2 265   ,  2 067   ,  4 332   ,  2 247   ,  2 044   ,  4 291   ,  2 250   ,  2 046   ,  4 296   ,  2 259   ,  2 053   ,  4 312   ,  2 264   ,  2 060   ,  4 324   ,  2 774   ,  2 532   ,  5 306   ,  2 796   ,  2 556   ,  5 352   ,  2 796   ,  2 557   ,  5 353   ,  2 802   ,  2 564   ,  5 366   ,  2 808   ,  2 573   ,  5 381   ,  2 811   ,  2 577   ,  5 388   ,  2 811   ,  2 581   ,  5 392   ,  2 843   ,  2 613   ,  5 456   
,5,  2 012   ,  2 000   ,  4 012   ,  2 082   ,  2 059   ,  4 141   ,  2 132   ,  2 093   ,  4 225   ,  2 178   ,  2 124   ,  4 302   ,  2 210   ,  2 145   ,  4 355   ,  2 192   ,  2 122   ,  4 314   ,  2 194   ,  2 123   ,  4 317   ,  2 203   ,  2 132   ,  4 335   ,  2 705   ,  2 626   ,  5 331   ,  2 728   ,  2 651   ,  5 379   ,  2 727   ,  2 651   ,  5 378   ,  2 735   ,  2 662   ,  5 397   ,  2 741   ,  2 669   ,  5 410   ,  2 745   ,  2 678   ,  5 423   ,  2 750   ,  2 683   ,  5 433   ,  2 750   ,  2 688   ,  5 438   
,6,  1 843   ,  1 868   ,  3 711   ,  1 907   ,  1 928   ,  3 835   ,  1 973   ,  1 985   ,  3 958   ,  2 021   ,  2 021   ,  4 042   ,  2 066   ,  2 052   ,  4 118   ,  2 096   ,  2 073   ,  4 169   ,  2 078   ,  2 050   ,  4 128   ,  2 081   ,  2 053   ,  4 134   ,  2 558   ,  2 506   ,  5 064   ,  2 582   ,  2 534   ,  5 116   ,  2 582   ,  2 534   ,  5 116   ,  2 590   ,  2 546   ,  5 136   ,  2 598   ,  2 554   ,  5 152   ,  2 604   ,  2 564   ,  5 168   ,  2 610   ,  2 573   ,  5 183   ,  2 612   ,  2 580   ,  5 192   
,7,  1 938   ,  1 753   ,  3 691   ,  1 981   ,  1 794   ,  3 775   ,  2 048   ,  1 852   ,  3 900   ,  2 120   ,  1 907   ,  4 027   ,  2 171   ,  1 941   ,  4 112   ,  2 219   ,  1 971   ,  4 190   ,  2 250   ,  1 989   ,  4 239   ,  2 232   ,  1 969   ,  4 201   ,  2 746   ,  2 432   ,  5 178   ,  2 778   ,  2 463   ,  5 241   ,  2 781   ,  2 467   ,  5 248   ,  2 790   ,  2 478   ,  5 268   ,  2 796   ,  2 487   ,  5 283   ,  2 806   ,  2 495   ,  5 301   ,  2 811   ,  2 504   ,  5 315   ,  2 818   ,  2 511   ,  5 329   
,8,  1 807   ,  1 710   ,  3 517   ,  1 837   ,  1 746   ,  3 583   ,  1 878   ,  1 787   ,  3 665   ,  1 943   ,  1 846   ,  3 789   ,  2 012   ,  1 902   ,  3 914   ,  2 062   ,  1 936   ,  3 998   ,  2 106   ,  1 967   ,  4 073   ,  2 138   ,  1 986   ,  4 124   ,  2 572   ,  2 393   ,  4 965   ,  2 595   ,  2 413   ,  5 008   ,  2 602   ,  2 422   ,  5 024   ,  2 615   ,  2 434   ,  5 049   ,  2 624   ,  2 445   ,  5 069   ,  2 632   ,  2 455   ,  5 087   ,  2 638   ,  2 463   ,  5 101   ,  2 646   ,  2 474   ,  5 120   
,9,  1 542   ,  1 450   ,  2 992   ,  1 586   ,  1 498   ,  3 084   ,  1 612   ,  1 530   ,  3 142   ,  1 648   ,  1 568   ,  3 216   ,  1 706   ,  1 619   ,  3 325   ,  1 767   ,  1 669   ,  3 436   ,  1 810   ,  1 699   ,  3 509   ,  1 850   ,  1 727   ,  3 577   ,  2 278   ,  2 123   ,  4 401   ,  2 276   ,  2 116   ,  4 392   ,  2 277   ,  2 118   ,  4 395   ,  2 293   ,  2 131   ,  4 424   ,  2 303   ,  2 144   ,  4 447   ,  2 310   ,  2 154   ,  4 464   ,  2 318   ,  2 162   ,  4 480   ,  2 325   ,  2 171   ,  4 496   
,10,  1 501   ,  1 487   ,  2 988   ,  1 558   ,  1 552   ,  3 110   ,  1 602   ,  1 604   ,  3 206   ,  1 628   ,  1 637   ,  3 265   ,  1 666   ,  1 678   ,  3 344   ,  1 725   ,  1 734   ,  3 459   ,  1 785   ,  1 786   ,  3 571   ,  1 828   ,  1 819   ,  3 647   ,  2 258   ,  2 261   ,  4 519   ,  2 308   ,  2 300   ,  4 608   ,  2 286   ,  2 273   ,  4 559   ,  2 295   ,  2 281   ,  4 576   ,  2 309   ,  2 299   ,  4 608   ,  2 321   ,  2 311   ,  4 632   ,  2 327   ,  2 321   ,  4 648   ,  2 335   ,  2 331   ,  4 666   
,11,  1 375   ,  1 341   ,  2 716   ,  1 414   ,  1 382   ,  2 796   ,  1 468   ,  1 440   ,  2 908   ,  1 508   ,  1 489   ,  2 997   ,  1 533   ,  1 520   ,  3 053   ,  1 569   ,  1 558   ,  3 127   ,  1 623   ,  1 609   ,  3 232   ,  1 680   ,  1 659   ,  3 339   ,  2 103   ,  2 082   ,  4 185   ,  2 163   ,  2 129   ,  4 292   ,  2 193   ,  2 149   ,  4 342   ,  2 179   ,  2 131   ,  4 310   ,  2 187   ,  2 138   ,  4 325   ,  2 200   ,  2 153   ,  4 353   ,  2 208   ,  2 165   ,  4 373   ,  2 218   ,  2 174   ,  4 392   
,12,  1 345   ,  1 307   ,  2 652   ,  1 391   ,  1 349   ,  2 740   ,  1 429   ,  1 389   ,  2 818   ,  1 484   ,  1 449   ,  2 933   ,  1 526   ,  1 499   ,  3 025   ,  1 551   ,  1 531   ,  3 082   ,  1 586   ,  1 569   ,  3 155   ,  1 641   ,  1 620   ,  3 261   ,  2 076   ,  2 051   ,  4 127   ,  2 141   ,  2 104   ,  4 245   ,  2 185   ,  2 133   ,  4 318   ,  2 223   ,  2 159   ,  4 382   ,  2 208   ,  2 142   ,  4 350   ,  2 215   ,  2 150   ,  4 365   ,  2 229   ,  2 165   ,  4 394   ,  2 238   ,  2 177   ,  4 415   
,13,  1 153   ,  1 208   ,  2 361   ,  1 211   ,  1 263   ,  2 474   ,  1 251   ,  1 302   ,  2 553   ,  1 286   ,  1 341   ,  2 627   ,  1 336   ,  1 400   ,  2 736   ,  1 374   ,  1 449   ,  2 823   ,  1 396   ,  1 479   ,  2 875   ,  1 427   ,  1 516   ,  2 943   ,  1 816   ,  1 920   ,  3 736   ,  1 895   ,  1 992   ,  3 887   ,  1 938   ,  2 026   ,  3 964   ,  1 983   ,  2 062   ,  4 045   ,  2 017   ,  2 090   ,  4 107   ,  2 004   ,  2 072   ,  4 076   ,  2 011   ,  2 080   ,  4 091   ,  2 023   ,  2 094   ,  4 117   
,14,  1 046   ,  1 199   ,  2 245   ,  1 091   ,  1 237   ,  2 328   ,  1 146   ,  1 292   ,  2 438   ,  1 185   ,  1 332   ,  2 517   ,  1 218   ,  1 373   ,  2 591   ,  1 266   ,  1 433   ,  2 699   ,  1 301   ,  1 481   ,  2 782   ,  1 323   ,  1 513   ,  2 836   ,  1 634   ,  1 927   ,  3 561   ,  1 707   ,  2 005   ,  3 712   ,  1 763   ,  2 064   ,  3 827   ,  1 810   ,  2 108   ,  3 918   ,  1 854   ,  2 144   ,  3 998   ,  1 886   ,  2 170   ,  4 056   ,  1 875   ,  2 153   ,  4 028   ,  1 881   ,  2 162   ,  4 043   
,15,  1 089   ,  1 313   ,  2 402   ,  1 143   ,  1 348   ,  2 491   ,  1 192   ,  1 389   ,  2 581   ,  1 252   ,  1 451   ,  2 703   ,  1 295   ,  1 497   ,  2 792   ,  1 330   ,  1 542   ,  2 872   ,  1 382   ,  1 609   ,  2 991   ,  1 420   ,  1 663   ,  3 083   ,  1 778   ,  2 130   ,  3 908   ,  1 832   ,  2 199   ,  4 031   ,  1 894   ,  2 269   ,  4 163   ,  1 963   ,  2 343   ,  4 306   ,  2 016   ,  2 390   ,  4 406   ,  2 063   ,  2 431   ,  4 494   ,  2 097   ,  2 461   ,  4 558   ,  2 084   ,  2 441   ,  4 525   
,16,  973   ,  1 302   ,  2 275   ,  1 040   ,  1 345   ,  2 385   ,  1 093   ,  1 381   ,  2 474   ,  1 140   ,  1 424   ,  2 564   ,  1 197   ,  1 487   ,  2 684   ,  1 238   ,  1 535   ,  2 773   ,  1 273   ,  1 581   ,  2 854   ,  1 322   ,  1 650   ,  2 972   ,  1 658   ,  2 119   ,  3 777   ,  1 699   ,  2 179   ,  3 878   ,  1 735   ,  2 230   ,  3 965   ,  1 799   ,  2 309   ,  4 108   ,  1 866   ,  2 384   ,  4 250   ,  1 915   ,  2 433   ,  4 348   ,  1 961   ,  2 476   ,  4 437   ,  1 994   ,  2 506   ,  4 500   
,17,  1 040   ,  1 304   ,  2 344   ,  1 089   ,  1 311   ,  2 400   ,  1 164   ,  1 354   ,  2 518   ,  1 223   ,  1 392   ,  2 615   ,  1 276   ,  1 435   ,  2 711   ,  1 342   ,  1 499   ,  2 841   ,  1 387   ,  1 547   ,  2 934   ,  1 426   ,  1 595   ,  3 021   ,  1 780   ,  2 054   ,  3 834   ,  1 843   ,  2 139   ,  3 982   ,  1 871   ,  2 182   ,  4 053   ,  1 916   ,  2 242   ,  4 158   ,  1 989   ,  2 322   ,  4 311   ,  2 063   ,  2 396   ,  4 459   ,  2 116   ,  2 447   ,  4 563   ,  2 166   ,  2 492   ,  4 658   
,18,  1 052   ,  1 227   ,  2 279   ,  1 081   ,  1 198   ,  2 279   ,  1 132   ,  1 204   ,  2 336   ,  1 210   ,  1 245   ,  2 455   ,  1 273   ,  1 280   ,  2 553   ,  1 328   ,  1 321   ,  2 649   ,  1 393   ,  1 380   ,  2 773   ,  1 441   ,  1 426   ,  2 867   ,  1 818   ,  1 796   ,  3 614   ,  1 902   ,  1 888   ,  3 790   ,  1 952   ,  1 951   ,  3 903   ,  1 989   ,  1 999   ,  3 988   ,  2 038   ,  2 053   ,  4 091   ,  2 113   ,  2 127   ,  4 240   ,  2 191   ,  2 197   ,  4 388   ,  2 248   ,  2 240   ,  4 488   
,19,  818   ,  966   ,  1 784   ,  847   ,  961   ,  1 808   ,  871   ,  938   ,  1 809   ,  912   ,  944   ,  1 856   ,  976   ,  977   ,  1 953   ,  1 027   ,  1 005   ,  2 032   ,  1 072   ,  1 037   ,  2 109   ,  1 127   ,  1 085   ,  2 212   ,  1 396   ,  1 342   ,  2 738   ,  1 446   ,  1 393   ,  2 839   ,  1 501   ,  1 456   ,  2 957   ,  1 546   ,  1 508   ,  3 054   ,  1 576   ,  1 545   ,  3 121   ,  1 615   ,  1 588   ,  3 203   ,  1 675   ,  1 646   ,  3 321   ,  1 739   ,  1 701   ,  3 440   
,20,  964   ,  1 158   ,  2 122   ,  1 008   ,  1 189   ,  2 197   ,  1 044   ,  1 183   ,  2 227   ,  1 072   ,  1 155   ,  2 227   ,  1 124   ,  1 162   ,  2 286   ,  1 202   ,  1 202   ,  2 404   ,  1 264   ,  1 235   ,  2 499   ,  1 319   ,  1 276   ,  2 595   ,  1 676   ,  1 623   ,  3 299   ,  1 744   ,  1 688   ,  3 432   ,  1 791   ,  1 738   ,  3 529   ,  1 866   ,  1 819   ,  3 685   ,  1 922   ,  1 887   ,  3 809   ,  1 957   ,  1 930   ,  3 887   ,  2 006   ,  1 983   ,  3 989   ,  2 080   ,  2 056   ,  4 136   
,21,  813   ,  886   ,  1 699   ,  844   ,  915   ,  1 759   ,  883   ,  939   ,  1 822   ,  915   ,  935   ,  1 850   ,  941   ,  914   ,  1 855   ,  986   ,  919   ,  1 905   ,  1 056   ,  951   ,  2 007   ,  1 110   ,  978   ,  2 088   ,  1 382   ,  1 230   ,  2 612   ,  1 461   ,  1 295   ,  2 756   ,  1 512   ,  1 336   ,  2 848   ,  1 557   ,  1 381   ,  2 938   ,  1 620   ,  1 446   ,  3 066   ,  1 669   ,  1 498   ,  3 167   ,  1 701   ,  1 535   ,  3 236   ,  1 744   ,  1 578   ,  3 322   
,22,  801   ,  1 004   ,  1 805   ,  839   ,  1 062   ,  1 901   ,  871   ,  1 097   ,  1 968   ,  911   ,  1 126   ,  2 037   ,  943   ,  1 121   ,  2 064   ,  971   ,  1 094   ,  2 065   ,  1 016   ,  1 101   ,  2 117   ,  1 089   ,  1 138   ,  2 227   ,  1 389   ,  1 442   ,  2 831   ,  1 460   ,  1 500   ,  2 960   ,  1 532   ,  1 566   ,  3 098   ,  1 589   ,  1 620   ,  3 209   ,  1 636   ,  1 676   ,  3 312   ,  1 704   ,  1 753   ,  3 457   ,  1 757   ,  1 818   ,  3 575   ,  1 789   ,  1 861   ,  3 650   
,23,  770   ,  818   ,  1 588   ,  810   ,  870   ,  1 680   ,  847   ,  920   ,  1 767   ,  880   ,  951   ,  1 831   ,  921   ,  977   ,  1 898   ,  955   ,  973   ,  1 928   ,  981   ,  951   ,  1 932   ,  1 029   ,  957   ,  1 986   ,  1 335   ,  1 189   ,  2 524   ,  1 414   ,  1 231   ,  2 645   ,  1 474   ,  1 270   ,  2 744   ,  1 553   ,  1 331   ,  2 884   ,  1 609   ,  1 379   ,  2 988   ,  1 659   ,  1 424   ,  3 083   ,  1 727   ,  1 492   ,  3 219   ,  1 781   ,  1 547   ,  3 328   
,24,  703   ,  735   ,  1 438   ,  725   ,  762   ,  1 487   ,  763   ,  811   ,  1 574   ,  800   ,  859   ,  1 659   ,  832   ,  887   ,  1 719   ,  871   ,  912   ,  1 783   ,  903   ,  908   ,  1 811   ,  928   ,  888   ,  1 816   ,  1 185   ,  1 080   ,  2 265   ,  1 277   ,  1 127   ,  2 404   ,  1 344   ,  1 159   ,  2 503   ,  1 405   ,  1 199   ,  2 604   ,  1 480   ,  1 256   ,  2 736   ,  1 536   ,  1 301   ,  2 837   ,  1 581   ,  1 344   ,  2 925   ,  1 650   ,  1 409   ,  3 059   
,25,  795   ,  932   ,  1 727   ,  804   ,  947   ,  1 751   ,  828   ,  980   ,  1 808   ,  872   ,  1 043   ,  1 915   ,  914   ,  1 105   ,  2 019   ,  951   ,  1 142   ,  2 093   ,  996   ,  1 173   ,  2 169   ,  1 032   ,  1 168   ,  2 200   ,  1 285   ,  1 395   ,  2 680   ,  1 358   ,  1 414   ,  2 772   ,  1 453   ,  1 461   ,  2 914   ,  1 533   ,  1 507   ,  3 040   ,  1 605   ,  1 558   ,  3 163   ,  1 692   ,  1 635   ,  3 327   ,  1 754   ,  1 691   ,  3 445   ,  1 807   ,  1 750   ,  3 557   
,26,  718   ,  745   ,  1 463   ,  722   ,  754   ,  1 476   ,  729   ,  767   ,  1 496   ,  752   ,  794   ,  1 546   ,  792   ,  847   ,  1 639   ,  832   ,  896   ,  1 728   ,  864   ,  926   ,  1 790   ,  904   ,  953   ,  1 857   ,  1 152   ,  1 140   ,  2 292   ,  1 193   ,  1 120   ,  2 313   ,  1 250   ,  1 127   ,  2 377   ,  1 344   ,  1 168   ,  2 512   ,  1 418   ,  1 207   ,  2 625   ,  1 485   ,  1 248   ,  2 733   ,  1 565   ,  1 310   ,  2 875   ,  1 623   ,  1 356   ,  2 979   
,27,  782   ,  822   ,  1 604   ,  778   ,  821   ,  1 599   ,  782   ,  831   ,  1 613   ,  790   ,  845   ,  1 635   ,  815   ,  875   ,  1 690   ,  860   ,  932   ,  1 792   ,  902   ,  987   ,  1 889   ,  938   ,  1 021   ,  1 959   ,  1 178   ,  1 283   ,  2 461   ,  1 232   ,  1 287   ,  2 519   ,  1 265   ,  1 256   ,  2 521   ,  1 331   ,  1 267   ,  2 598   ,  1 429   ,  1 314   ,  2 743   ,  1 508   ,  1 355   ,  2 863   ,  1 580   ,  1 402   ,  2 982   ,  1 666   ,  1 470   ,  3 136   
,28,  757   ,  679   ,  1 436   ,  729   ,  660   ,  1 389   ,  725   ,  660   ,  1 385   ,  730   ,  667   ,  1 397   ,  739   ,  679   ,  1 418   ,  762   ,  705   ,  1 467   ,  804   ,  752   ,  1 556   ,  845   ,  796   ,  1 641   ,  1 062   ,  990   ,  2 052   ,  1 121   ,  1 023   ,  2 144   ,  1 163   ,  1 018   ,  2 181   ,  1 199   ,  999   ,  2 198   ,  1 263   ,  1 006   ,  2 269   ,  1 358   ,  1 044   ,  2 402   ,  1 433   ,  1 078   ,  2 511   ,  1 501   ,  1 116   ,  2 617   
,29,  654   ,  561   ,  1 215   ,  643   ,  560   ,  1 203   ,  620   ,  545   ,  1 165   ,  618   ,  545   ,  1 163   ,  622   ,  552   ,  1 174   ,  630   ,  563   ,  1 193   ,  650   ,  584   ,  1 234   ,  687   ,  623   ,  1 310   ,  858   ,  782   ,  1 640   ,  898   ,  813   ,  1 711   ,  945   ,  838   ,  1 783   ,  982   ,  836   ,  1 818   ,  1 014   ,  820   ,  1 834   ,  1 066   ,  828   ,  1 894   ,  1 147   ,  858   ,  2 005   ,  1 214   ,  887   ,  2 101   
,30,  690   ,  735   ,  1 425   ,  695   ,  756   ,  1 451   ,  682   ,  755   ,  1 437   ,  657   ,  734   ,  1 391   ,  654   ,  734   ,  1 388   ,  658   ,  743   ,  1 401   ,  666   ,  756   ,  1 422   ,  688   ,  784   ,  1 472   ,  894   ,  1 017   ,  1 911   ,  948   ,  1 087   ,  2 035   ,  985   ,  1 123   ,  2 108   ,  1 035   ,  1 157   ,  2 192   ,  1 077   ,  1 154   ,  2 231   ,  1 109   ,  1 130   ,  2 239   ,  1 170   ,  1 142   ,  2 312   ,  1 259   ,  1 186   ,  2 445   
,31,  648   ,  609   ,  1 257   ,  649   ,  627   ,  1 276   ,  654   ,  646   ,  1 300   ,  641   ,  644   ,  1 285   ,  618   ,  626   ,  1 244   ,  616   ,  627   ,  1 243   ,  620   ,  634   ,  1 254   ,  627   ,  646   ,  1 273   ,  802   ,  820   ,  1 622   ,  854   ,  879   ,  1 733   ,  895   ,  933   ,  1 828   ,  935   ,  967   ,  1 902   ,  984   ,  996   ,  1 980   ,  1 022   ,  997   ,  2 019   ,  1 055   ,  975   ,  2 030   ,  1 111   ,  985   ,  2 096   
,32,  603   ,  585   ,  1 188   ,  613   ,  612   ,  1 225   ,  614   ,  630   ,  1 244   ,  618   ,  650   ,  1 268   ,  608   ,  649   ,  1 257   ,  585   ,  631   ,  1 216   ,  583   ,  632   ,  1 215   ,  587   ,  639   ,  1 226   ,  720   ,  783   ,  1 503   ,  751   ,  818   ,  1 569   ,  793   ,  873   ,  1 666   ,  836   ,  928   ,  1 764   ,  871   ,  960   ,  1 831   ,  917   ,  992   ,  1 909   ,  954   ,  990   ,  1 944   ,  985   ,  970   ,  1 955   
,33,  519   ,  471   ,  990   ,  546   ,  511   ,  1 057   ,  555   ,  535   ,  1 090   ,  556   ,  551   ,  1 107   ,  560   ,  568   ,  1 128   ,  550   ,  567   ,  1 117   ,  530   ,  552   ,  1 082   ,  528   ,  552   ,  1 080   ,  653   ,  672   ,  1 325   ,  666   ,  689   ,  1 355   ,  688   ,  714   ,  1 402   ,  727   ,  766   ,  1 493   ,  768   ,  813   ,  1 581   ,  802   ,  843   ,  1 645   ,  844   ,  869   ,  1 713   ,  878   ,  869   ,  1 747   
,34,  488   ,  458   ,  946   ,  502   ,  485   ,  987   ,  528   ,  527   ,  1 055   ,  538   ,  551   ,  1 089   ,  539   ,  568   ,  1 107   ,  543   ,  586   ,  1 129   ,  533   ,  584   ,  1 117   ,  513   ,  569   ,  1 082   ,  623   ,  691   ,  1 314   ,  633   ,  707   ,  1 340   ,  641   ,  719   ,  1 360   ,  663   ,  748   ,  1 411   ,  702   ,  800   ,  1 502   ,  740   ,  849   ,  1 589   ,  773   ,  881   ,  1 654   ,  813   ,  908   ,  1 721   
,35,  531   ,  533   ,  1 064   ,  536   ,  544   ,  1 080   ,  552   ,  575   ,  1 127   ,  581   ,  626   ,  1 207   ,  591   ,  654   ,  1 245   ,  592   ,  675   ,  1 267   ,  596   ,  694   ,  1 290   ,  585   ,  694   ,  1 279   ,  699   ,  830   ,  1 529   ,  702   ,  837   ,  1 539   ,  705   ,  845   ,  1 550   ,  715   ,  865   ,  1 580   ,  741   ,  898   ,  1 639   ,  786   ,  960   ,  1 746   ,  829   ,  1 022   ,  1 851   ,  864   ,  1 059   ,  1 923   
,36,  473   ,  424   ,  897   ,  486   ,  438   ,  924   ,  492   ,  448   ,  940   ,  506   ,  475   ,  981   ,  532   ,  516   ,  1 048   ,  542   ,  540   ,  1 082   ,  544   ,  557   ,  1 101   ,  548   ,  575   ,  1 123   ,  657   ,  699   ,  1 356   ,  636   ,  686   ,  1 322   ,  634   ,  686   ,  1 320   ,  641   ,  698   ,  1 339   ,  650   ,  712   ,  1 362   ,  673   ,  740   ,  1 413   ,  714   ,  792   ,  1 506   ,  753   ,  842   ,  1 595   
,37,  451   ,  451   ,  902   ,  453   ,  454   ,  907   ,  466   ,  470   ,  936   ,  471   ,  481   ,  952   ,  485   ,  509   ,  994   ,  512   ,  554   ,  1 066   ,  521   ,  581   ,  1 102   ,  523   ,  598   ,  1 121   ,  630   ,  755   ,  1 385   ,  624   ,  759   ,  1 383   ,  600   ,  738   ,  1 338   ,  600   ,  740   ,  1 340   ,  606   ,  751   ,  1 357   ,  615   ,  766   ,  1 381   ,  638   ,  799   ,  1 437   ,  677   ,  853   ,  1 530   
,38,  497   ,  432   ,  929   ,  491   ,  430   ,  921   ,  493   ,  433   ,  926   ,  507   ,  448   ,  955   ,  513   ,  458   ,  971   ,  530   ,  486   ,  1 016   ,  557   ,  529   ,  1 086   ,  567   ,  554   ,  1 121   ,  695   ,  695   ,  1 390   ,  704   ,  720   ,  1 424   ,  692   ,  720   ,  1 412   ,  667   ,  701   ,  1 368   ,  666   ,  703   ,  1 369   ,  673   ,  715   ,  1 388   ,  682   ,  731   ,  1 413   ,  708   ,  762   ,  1 470   
,39,  409   ,  425   ,  834   ,  414   ,  434   ,  848   ,  410   ,  432   ,  842   ,  412   ,  436   ,  848   ,  425   ,  453   ,  878   ,  430   ,  463   ,  893   ,  444   ,  491   ,  935   ,  468   ,  535   ,  1 003   ,  574   ,  675   ,  1 249   ,  580   ,  702   ,  1 282   ,  586   ,  723   ,  1 309   ,  576   ,  724   ,  1 300   ,  556   ,  707   ,  1 263   ,  554   ,  710   ,  1 264   ,  560   ,  722   ,  1 282   ,  570   ,  737   ,  1 307   
,40,  485   ,  464   ,  949   ,  501   ,  485   ,  986   ,  507   ,  497   ,  1 004   ,  501   ,  494   ,  995   ,  503   ,  498   ,  1 001   ,  519   ,  517   ,  1 036   ,  525   ,  529   ,  1 054   ,  542   ,  560   ,  1 102   ,  704   ,  728   ,  1 432   ,  723   ,  768   ,  1 491   ,  722   ,  791   ,  1 513   ,  730   ,  821   ,  1 551   ,  720   ,  820   ,  1 540   ,  693   ,  801   ,  1 494   ,  694   ,  804   ,  1 498   ,  699   ,  816   ,  1 515   
,41,  440   ,  358   ,  798   ,  450   ,  372   ,  822   ,  465   ,  389   ,  854   ,  472   ,  398   ,  870   ,  466   ,  396   ,  862   ,  468   ,  399   ,  867   ,  483   ,  413   ,  896   ,  489   ,  423   ,  912   ,  607   ,  550   ,  1 157   ,  644   ,  602   ,  1 246   ,  655   ,  631   ,  1 286   ,  658   ,  654   ,  1 312   ,  666   ,  674   ,  1 340   ,  655   ,  676   ,  1 331   ,  633   ,  659   ,  1 292   ,  631   ,  661   ,  1 292   
,42,  350   ,  336   ,  686   ,  365   ,  357   ,  722   ,  374   ,  371   ,  745   ,  387   ,  388   ,  775   ,  393   ,  397   ,  790   ,  388   ,  394   ,  782   ,  390   ,  398   ,  788   ,  401   ,  413   ,  814   ,  502   ,  519   ,  1 021   ,  522   ,  555   ,  1 077   ,  550   ,  602   ,  1 152   ,  562   ,  635   ,  1 197   ,  564   ,  655   ,  1 219   ,  571   ,  678   ,  1 249   ,  562   ,  678   ,  1 240   ,  541   ,  664   ,  1 205   
,43,  356   ,  309   ,  665   ,  387   ,  344   ,  731   ,  404   ,  366   ,  770   ,  414   ,  379   ,  793   ,  428   ,  397   ,  825   ,  435   ,  407   ,  842   ,  429   ,  404   ,  833   ,  432   ,  408   ,  840   ,  553   ,  519   ,  1 072   ,  564   ,  535   ,  1 099   ,  581   ,  567   ,  1 148   ,  614   ,  618   ,  1 232   ,  626   ,  650   ,  1 276   ,  632   ,  673   ,  1 305   ,  638   ,  697   ,  1 335   ,  627   ,  696   ,  1 323   
,44,  297   ,  286   ,  583   ,  317   ,  310   ,  627   ,  344   ,  345   ,  689   ,  359   ,  366   ,  725   ,  369   ,  381   ,  750   ,  382   ,  399   ,  781   ,  387   ,  408   ,  795   ,  383   ,  406   ,  789   ,  474   ,  512   ,  986   ,  492   ,  537   ,  1 029   ,  497   ,  549   ,  1 046   ,  513   ,  582   ,  1 095   ,  544   ,  636   ,  1 180   ,  554   ,  667   ,  1 221   ,  558   ,  690   ,  1 248   ,  565   ,  713   ,  1 278   
,45,  295   ,  304   ,  599   ,  305   ,  315   ,  620   ,  324   ,  341   ,  665   ,  352   ,  379   ,  731   ,  368   ,  403   ,  771   ,  378   ,  420   ,  798   ,  391   ,  439   ,  830   ,  397   ,  448   ,  845   ,  497   ,  550   ,  1 047   ,  503   ,  558   ,  1 061   ,  517   ,  579   ,  1 096   ,  525   ,  592   ,  1 117   ,  543   ,  631   ,  1 174   ,  575   ,  688   ,  1 263   ,  586   ,  723   ,  1 309   ,  588   ,  749   ,  1 337   
,46,  347   ,  243   ,  590   ,  362   ,  254   ,  616   ,  374   ,  263   ,  637   ,  397   ,  284   ,  681   ,  433   ,  318   ,  751   ,  453   ,  337   ,  790   ,  465   ,  351   ,  816   ,  481   ,  367   ,  848   ,  599   ,  469   ,  1 068   ,  597   ,  471   ,  1 068   ,  599   ,  473   ,  1 072   ,  620   ,  492   ,  1 112   ,  630   ,  506   ,  1 136   ,  650   ,  537   ,  1 187   ,  689   ,  585   ,  1 274   ,  703   ,  616   ,  1 319   
,47,  291   ,  241   ,  532   ,  295   ,  244   ,  539   ,  309   ,  255   ,  564   ,  319   ,  265   ,  584   ,  339   ,  287   ,  626   ,  370   ,  321   ,  691   ,  386   ,  341   ,  727   ,  397   ,  355   ,  752   ,  500   ,  452   ,  952   ,  513   ,  466   ,  979   ,  506   ,  464   ,  970   ,  508   ,  469   ,  977   ,  528   ,  489   ,  1 017   ,  533   ,  500   ,  1 033   ,  553   ,  534   ,  1 087   ,  585   ,  581   ,  1 166   
,48,  279   ,  299   ,  578   ,  279   ,  293   ,  572   ,  284   ,  298   ,  582   ,  297   ,  311   ,  608   ,  307   ,  322   ,  629   ,  327   ,  350   ,  677   ,  355   ,  389   ,  744   ,  372   ,  415   ,  787   ,  478   ,  531   ,  1 009   ,  499   ,  560   ,  1 059   ,  507   ,  573   ,  1 080   ,  502   ,  572   ,  1 074   ,  506   ,  577   ,  1 083   ,  524   ,  600   ,  1 124   ,  531   ,  618   ,  1 149   ,  549   ,  657   ,  1 206   
,49,  270   ,  234   ,  504   ,  275   ,  235   ,  510   ,  276   ,  231   ,  507   ,  280   ,  234   ,  514   ,  294   ,  246   ,  540   ,  304   ,  255   ,  559   ,  324   ,  276   ,  600   ,  353   ,  309   ,  662   ,  438   ,  385   ,  823   ,  453   ,  404   ,  857   ,  469   ,  421   ,  890   ,  477   ,  435   ,  912   ,  473   ,  433   ,  906   ,  478   ,  438   ,  916   ,  496   ,  457   ,  953   ,  502   ,  469   ,  971   
,50,  284   ,  294   ,  578   ,  288   ,  299   ,  587   ,  293   ,  300   ,  593   ,  294   ,  295   ,  589   ,  298   ,  299   ,  597   ,  312   ,  313   ,  625   ,  323   ,  325   ,  648   ,  345   ,  352   ,  697   ,  460   ,  476   ,  936   ,  485   ,  510   ,  995   ,  498   ,  530   ,  1 028   ,  517   ,  555   ,  1 072   ,  526   ,  571   ,  1 097   ,  522   ,  570   ,  1 092   ,  527   ,  577   ,  1 104   ,  545   ,  601   ,  1 146   
,51,  271   ,  220   ,  491   ,  273   ,  223   ,  496   ,  276   ,  227   ,  503   ,  280   ,  228   ,  508   ,  282   ,  224   ,  506   ,  286   ,  227   ,  513   ,  299   ,  237   ,  536   ,  310   ,  246   ,  556   ,  417   ,  328   ,  745   ,  456   ,  369   ,  825   ,  479   ,  391   ,  870   ,  495   ,  410   ,  905   ,  512   ,  429   ,  941   ,  520   ,  441   ,  961   ,  518   ,  439   ,  957   ,  521   ,  445   ,  966   
,52,  262   ,  202   ,  464   ,  267   ,  207   ,  474   ,  268   ,  209   ,  477   ,  273   ,  214   ,  487   ,  277   ,  214   ,  491   ,  278   ,  211   ,  489   ,  282   ,  213   ,  495   ,  296   ,  223   ,  519   ,  372   ,  290   ,  662   ,  400   ,  317   ,  717   ,  434   ,  354   ,  788   ,  456   ,  377   ,  833   ,  470   ,  395   ,  865   ,  489   ,  413   ,  902   ,  498   ,  424   ,  922   ,  494   ,  422   ,  916   
,53,  285   ,  212   ,  497   ,  311   ,  236   ,  547   ,  316   ,  243   ,  559   ,  318   ,  246   ,  564   ,  322   ,  251   ,  573   ,  328   ,  252   ,  580   ,  329   ,  247   ,  576   ,  334   ,  251   ,  585   ,  438   ,  328   ,  766   ,  457   ,  342   ,  799   ,  486   ,  370   ,  856   ,  533   ,  414   ,  947   ,  559   ,  441   ,  1 000   ,  576   ,  461   ,  1 037   ,  598   ,  483   ,  1 081   ,  607   ,  497   ,  1 104   
,54,  225   ,  139   ,  364   ,  239   ,  151   ,  390   ,  261   ,  168   ,  429   ,  265   ,  173   ,  438   ,  267   ,  176   ,  443   ,  271   ,  179   ,  450   ,  277   ,  179   ,  456   ,  277   ,  177   ,  454   ,  340   ,  218   ,  558   ,  358   ,  230   ,  588   ,  371   ,  239   ,  610   ,  398   ,  260   ,  658   ,  435   ,  291   ,  726   ,  457   ,  312   ,  769   ,  470   ,  325   ,  795   ,  488   ,  342   ,  830   
,55,  262   ,  186   ,  448   ,  264   ,  187   ,  451   ,  281   ,  204   ,  485   ,  306   ,  227   ,  533   ,  312   ,  233   ,  545   ,  313   ,  237   ,  550   ,  319   ,  242   ,  561   ,  324   ,  242   ,  566   ,  397   ,  294   ,  691   ,  405   ,  301   ,  706   ,  424   ,  316   ,  740   ,  440   ,  328   ,  768   ,  471   ,  359   ,  830   ,  514   ,  401   ,  915   ,  542   ,  426   ,  968   ,  558   ,  443   ,  1 001   
,56,  217   ,  148   ,  365   ,  223   ,  153   ,  376   ,  225   ,  154   ,  379   ,  239   ,  168   ,  407   ,  262   ,  187   ,  449   ,  266   ,  193   ,  459   ,  267   ,  195   ,  462   ,  272   ,  200   ,  472   ,  347   ,  246   ,  593   ,  349   ,  243   ,  592   ,  355   ,  246   ,  601   ,  373   ,  259   ,  632   ,  389   ,  270   ,  659   ,  415   ,  292   ,  707   ,  453   ,  327   ,  780   ,  475   ,  349   ,  824   
,57,  192   ,  126   ,  318   ,  194   ,  126   ,  320   ,  200   ,  131   ,  331   ,  202   ,  132   ,  334   ,  216   ,  145   ,  361   ,  235   ,  161   ,  396   ,  239   ,  165   ,  404   ,  241   ,  168   ,  409   ,  293   ,  209   ,  502   ,  301   ,  212   ,  513   ,  303   ,  207   ,  510   ,  307   ,  211   ,  518   ,  323   ,  221   ,  544   ,  335   ,  230   ,  565   ,  359   ,  250   ,  609   ,  393   ,  281   ,  674   
,58,  234   ,  151   ,  385   ,  223   ,  141   ,  364   ,  227   ,  141   ,  368   ,  233   ,  146   ,  379   ,  235   ,  148   ,  383   ,  250   ,  161   ,  411   ,  274   ,  180   ,  454   ,  279   ,  185   ,  464   ,  345   ,  233   ,  578   ,  354   ,  241   ,  595   ,  360   ,  242   ,  602   ,  362   ,  239   ,  601   ,  369   ,  241   ,  610   ,  388   ,  253   ,  641   ,  402   ,  265   ,  667   ,  431   ,  288   ,  719   
,59,  192   ,  131   ,  323   ,  191   ,  129   ,  320   ,  182   ,  119   ,  301   ,  185   ,  121   ,  306   ,  191   ,  124   ,  315   ,  192   ,  125   ,  317   ,  206   ,  138   ,  344   ,  224   ,  154   ,  378   ,  279   ,  187   ,  466   ,  284   ,  193   ,  477   ,  288   ,  198   ,  486   ,  294   ,  198   ,  492   ,  295   ,  196   ,  491   ,  302   ,  198   ,  500   ,  317   ,  208   ,  525   ,  329   ,  217   ,  546   
,60,  200   ,  167   ,  367   ,  208   ,  175   ,  383   ,  207   ,  169   ,  376   ,  198   ,  158   ,  356   ,  200   ,  160   ,  360   ,  207   ,  165   ,  372   ,  208   ,  166   ,  374   ,  222   ,  182   ,  404   ,  294   ,  251   ,  545   ,  302   ,  260   ,  562   ,  303   ,  265   ,  568   ,  310   ,  271   ,  581   ,  316   ,  273   ,  589   ,  318   ,  268   ,  586   ,  325   ,  274   ,  599   ,  341   ,  286   ,  627   
,61,  145   ,  113   ,  258   ,  145   ,  114   ,  259   ,  151   ,  120   ,  271   ,  150   ,  116   ,  266   ,  144   ,  108   ,  252   ,  146   ,  109   ,  255   ,  151   ,  112   ,  263   ,  152   ,  114   ,  266   ,  189   ,  159   ,  348   ,  208   ,  178   ,  386   ,  212   ,  182   ,  394   ,  216   ,  187   ,  403   ,  220   ,  190   ,  410   ,  222   ,  192   ,  414   ,  224   ,  191   ,  415   ,  230   ,  192   ,  422   
,62,  190   ,  126   ,  316   ,  194   ,  132   ,  326   ,  194   ,  134   ,  328   ,  202   ,  139   ,  341   ,  200   ,  136   ,  336   ,  192   ,  127   ,  319   ,  194   ,  128   ,  322   ,  201   ,  132   ,  333   ,  251   ,  167   ,  418   ,  269   ,  184   ,  453   ,  294   ,  205   ,  499   ,  301   ,  210   ,  511   ,  303   ,  215   ,  518   ,  308   ,  221   ,  529   ,  316   ,  222   ,  538   ,  318   ,  218   ,  536   
,63,  148   ,  113   ,  261   ,  163   ,  131   ,  294   ,  167   ,  137   ,  304   ,  167   ,  139   ,  306   ,  174   ,  145   ,  319   ,  173   ,  141   ,  314   ,  165   ,  132   ,  297   ,  168   ,  133   ,  301   ,  210   ,  174   ,  384   ,  213   ,  176   ,  389   ,  228   ,  193   ,  421   ,  250   ,  217   ,  467   ,  255   ,  225   ,  480   ,  259   ,  227   ,  486   ,  263   ,  233   ,  496   ,  268   ,  234   ,  502   
,64,  142   ,  80   ,  222   ,  153   ,  91   ,  244   ,  170   ,  106   ,  276   ,  174   ,  111   ,  285   ,  175   ,  113   ,  288   ,  181   ,  118   ,  299   ,  180   ,  115   ,  295   ,  173   ,  108   ,  281   ,  210   ,  135   ,  345   ,  219   ,  142   ,  361   ,  221   ,  143   ,  364   ,  237   ,  156   ,  393   ,  260   ,  174   ,  434   ,  264   ,  179   ,  443   ,  267   ,  182   ,  449   ,  273   ,  187   ,  460   
,65,  117   ,  96   ,  213   ,  119   ,  98   ,  217   ,  128   ,  111   ,  239   ,  141   ,  129   ,  270   ,  145   ,  135   ,  280   ,  146   ,  137   ,  283   ,  152   ,  143   ,  295   ,  150   ,  139   ,  289   ,  175   ,  160   ,  335   ,  176   ,  164   ,  340   ,  184   ,  168   ,  352   ,  186   ,  173   ,  359   ,  198   ,  188   ,  386   ,  217   ,  211   ,  428   ,  222   ,  218   ,  440   ,  225   ,  220   ,  445   
,66,  129   ,  56   ,  185   ,  134   ,  58   ,  192   ,  135   ,  61   ,  196   ,  146   ,  69   ,  215   ,  162   ,  79   ,  241   ,  166   ,  83   ,  249   ,  166   ,  84   ,  250   ,  173   ,  89   ,  262   ,  215   ,  106   ,  321   ,  208   ,  99   ,  307   ,  210   ,  101   ,  311   ,  218   ,  104   ,  322   ,  221   ,  105   ,  326   ,  235   ,  116   ,  351   ,  259   ,  130   ,  389   ,  263   ,  132   ,  395   
,67,  118   ,  73   ,  191   ,  119   ,  75   ,  194   ,  125   ,  78   ,  203   ,  125   ,  81   ,  206   ,  135   ,  91   ,  226   ,  150   ,  106   ,  256   ,  154   ,  112   ,  266   ,  154   ,  113   ,  267   ,  197   ,  147   ,  344   ,  199   ,  146   ,  345   ,  188   ,  135   ,  323   ,  191   ,  137   ,  328   ,  201   ,  143   ,  344   ,  202   ,  144   ,  346   ,  216   ,  159   ,  375   ,  237   ,  179   ,  416   
,68,  114   ,  101   ,  215   ,  108   ,  92   ,  200   ,  110   ,  94   ,  204   ,  115   ,  99   ,  214   ,  116   ,  103   ,  219   ,  125   ,  115   ,  240   ,  139   ,  134   ,  273   ,  142   ,  140   ,  282   ,  173   ,  177   ,  350   ,  180   ,  187   ,  367   ,  179   ,  184   ,  363   ,  173   ,  171   ,  344   ,  176   ,  173   ,  349   ,  182   ,  179   ,  361   ,  185   ,  181   ,  366   ,  198   ,  201   ,  399   
,69,  104   ,  82   ,  186   ,  101   ,  77   ,  178   ,  96   ,  71   ,  167   ,  98   ,  72   ,  170   ,  102   ,  76   ,  178   ,  103   ,  79   ,  182   ,  111   ,  88   ,  199   ,  125   ,  104   ,  229   ,  154   ,  131   ,  285   ,  155   ,  135   ,  290   ,  161   ,  142   ,  303   ,  162   ,  137   ,  299   ,  155   ,  130   ,  285   ,  157   ,  131   ,  288   ,  164   ,  136   ,  300   ,  164   ,  138   ,  302   
,70,  117   ,  92   ,  209   ,  118   ,  92   ,  210   ,  114   ,  87   ,  201   ,  109   ,  80   ,  189   ,  110   ,  81   ,  191   ,  115   ,  85   ,  200   ,  116   ,  88   ,  204   ,  126   ,  100   ,  226   ,  172   ,  147   ,  319   ,  177   ,  156   ,  333   ,  176   ,  158   ,  334   ,  185   ,  167   ,  352   ,  184   ,  164   ,  348   ,  178   ,  153   ,  331   ,  180   ,  155   ,  335   ,  189   ,  158   ,  347   
,71,  90   ,  56   ,  146   ,  89   ,  56   ,  145   ,  90   ,  57   ,  147   ,  87   ,  53   ,  140   ,  83   ,  49   ,  132   ,  84   ,  50   ,  134   ,  88   ,  53   ,  141   ,  88   ,  55   ,  143   ,  119   ,  76   ,  195   ,  135   ,  89   ,  224   ,  138   ,  92   ,  230   ,  139   ,  92   ,  231   ,  143   ,  99   ,  242   ,  144   ,  96   ,  240   ,  138   ,  90   ,  228   ,  141   ,  92   ,  233   
,72,  57   ,  59   ,  116   ,  57   ,  61   ,  118   ,  57   ,  61   ,  118   ,  57   ,  61   ,  118   ,  56   ,  58   ,  114   ,  53   ,  53   ,  106   ,  54   ,  54   ,  108   ,  56   ,  57   ,  113   ,  73   ,  72   ,  145   ,  79   ,  84   ,  163   ,  87   ,  97   ,  184   ,  89   ,  102   ,  191   ,  90   ,  105   ,  195   ,  95   ,  109   ,  204   ,  94   ,  107   ,  201   ,  91   ,  101   ,  192   
,73,  66   ,  39   ,  105   ,  73   ,  46   ,  119   ,  74   ,  46   ,  120   ,  74   ,  46   ,  120   ,  74   ,  46   ,  120   ,  72   ,  44   ,  116   ,  69   ,  41   ,  110   ,  70   ,  41   ,  111   ,  90   ,  54   ,  144   ,  92   ,  57   ,  149   ,  101   ,  65   ,  166   ,  110   ,  75   ,  185   ,  115   ,  79   ,  194   ,  115   ,  82   ,  197   ,  121   ,  86   ,  207   ,  119   ,  84   ,  203   
,74,  50   ,  43   ,  93   ,  55   ,  51   ,  106   ,  61   ,  59   ,  120   ,  62   ,  60   ,  122   ,  62   ,  60   ,  122   ,  62   ,  61   ,  123   ,  61   ,  57   ,  118   ,  57   ,  53   ,  110   ,  72   ,  67   ,  139   ,  76   ,  71   ,  147   ,  77   ,  74   ,  151   ,  84   ,  83   ,  167   ,  93   ,  99   ,  192   ,  97   ,  104   ,  201   ,  98   ,  105   ,  203   ,  102   ,  110   ,  212   
,75,  72   ,  60   ,  132   ,  73   ,  61   ,  134   ,  81   ,  71   ,  152   ,  89   ,  83   ,  172   ,  90   ,  86   ,  176   ,  90   ,  86   ,  176   ,  91   ,  86   ,  177   ,  88   ,  81   ,  169   ,  106   ,  91   ,  197   ,  110   ,  92   ,  202   ,  114   ,  98   ,  212   ,  116   ,  101   ,  217   ,  126   ,  115   ,  241   ,  141   ,  135   ,  276   ,  145   ,  142   ,  287   ,  145   ,  144   ,  289   
,76,  31   ,  44   ,  75   ,  31   ,  44   ,  75   ,  32   ,  45   ,  77   ,  35   ,  53   ,  88   ,  40   ,  62   ,  102   ,  40   ,  64   ,  104   ,  40   ,  64   ,  104   ,  40   ,  64   ,  104   ,  45   ,  74   ,  119   ,  44   ,  70   ,  114   ,  45   ,  71   ,  116   ,  46   ,  75   ,  121   ,  48   ,  78   ,  126   ,  53   ,  88   ,  141   ,  59   ,  103   ,  162   ,  61   ,  109   ,  170   
,77,  41   ,  42   ,  83   ,  41   ,  42   ,  83   ,  43   ,  42   ,  85   ,  44   ,  43   ,  87   ,  48   ,  51   ,  99   ,  54   ,  59   ,  113   ,  54   ,  61   ,  115   ,  54   ,  61   ,  115   ,  68   ,  75   ,  143   ,  67   ,  71   ,  138   ,  63   ,  67   ,  130   ,  65   ,  68   ,  133   ,  68   ,  71   ,  139   ,  70   ,  73   ,  143   ,  77   ,  84   ,  161   ,  84   ,  99   ,  183   
,78,  36   ,  33   ,  69   ,  35   ,  30   ,  65   ,  35   ,  30   ,  65   ,  35   ,  31   ,  66   ,  36   ,  31   ,  67   ,  40   ,  36   ,  76   ,  44   ,  42   ,  86   ,  46   ,  44   ,  90   ,  53   ,  57   ,  110   ,  54   ,  58   ,  112   ,  52   ,  55   ,  107   ,  51   ,  50   ,  101   ,  52   ,  52   ,  104   ,  53   ,  55   ,  108   ,  56   ,  57   ,  113   ,  62   ,  63   ,  125   
,79,  41   ,  26   ,  67   ,  40   ,  24   ,  64   ,  39   ,  21   ,  60   ,  39   ,  21   ,  60   ,  39   ,  21   ,  60   ,  40   ,  22   ,  62   ,  45   ,  26   ,  71   ,  50   ,  31   ,  81   ,  60   ,  37   ,  97   ,  61   ,  38   ,  99   ,  61   ,  39   ,  100   ,  59   ,  37   ,  96   ,  57   ,  33   ,  90   ,  58   ,  34   ,  92   ,  61   ,  36   ,  97   ,  63   ,  37   ,  100   
,80+,  262   ,  224   ,  486   ,  254   ,  217   ,  471   ,  245   ,  208   ,  453   ,  236   ,  199   ,  435   ,  230   ,  191   ,  421   ,  225   ,  185   ,  410   ,  223   ,  180   ,  403   ,  224   ,  180   ,  404   ,  270   ,  230   ,  500   ,  279   ,  239   ,  518   ,  284   ,  244   ,  528   ,  292   ,  250   ,  542   ,  295   ,  253   ,  548   ,  297   ,  251   ,  548   ,  299   ,  253   ,  552   ,  305   ,  256   ,  561   
,Total,  52 798   ,  52 090   ,  104 888   ,  54 065   ,  53 268   ,  107 333   ,  55 339   ,  54 449   ,  109 788   ,  56 612   ,  55 647   ,  112 259   ,  57 903   ,  56 848   ,  114 751   ,  59 191   ,  58 051   ,  117 242   ,  60 444   ,  59 213   ,  119 657   ,  61 695   ,  60 387   ,  122 082   ,  76 764   ,  75 296   ,  152 060   ,  78 817   ,  77 232   ,  156 049   ,  80 192   ,  78 514   ,  158 706   ,  81 866   ,  80 076   ,  161 942   ,  83 555   ,  81 657   ,  165 212   ,  85 251   ,  83 236   ,  168 487   ,  86 986   ,  84 839   ,  171 825   ,  88 713   ,  86 447   ,  175 160   
,,,,,,,,,,,,,,,,,,,,,,,,,,,,,,,,,,,,,,,,,,,,,,,,,
,,,,,,,,,,,,,,,,,,,,,,,,,,,,,,,,,,,,,,,,,,,,,,,,,
SOUM,,,,,,,,,,,,,,,,,,,,,,,,,,,,,,,,,,,,,,,,,,,,,,,,,
,,2020,,,2021,,,2022,,,2023,,,2024,,,2025,,,2026,,,2027,,,2028,,,2029,,,2030,,,2031,,,2032,,,2033,,,2034,,,2035,,
, Ages,Ensemble,,,Ensemble,,,Ensemble,,,Ensemble,,,Ensemble,,,Ensemble,,,Ensemble,,,Ensemble,,,Ensemble,,,Ensemble,,,Ensemble,,,Ensemble,,,Ensemble,,,Ensemble,,,Ensemble,,,Ensemble,,
,,Homme ,Femme,Ensemble,Homme ,Femme,Ensemble,Homme ,Femme,Ensemble,Homme ,Femme,Ensemble,Homme ,Femme,Ensemble,Homme ,Femme,Ensemble,Homme ,Femme,Ensemble,Homme ,Femme,Ensemble,Homme ,Femme,Ensemble,Homme ,Femme,Ensemble,Homme ,Femme,Ensemble,Homme ,Femme,Ensemble,Homme ,Femme,Ensemble,Homme ,Femme,Ensemble,Homme ,Femme,Ensemble,Homme ,Femme,Ensemble
,0,  6 118   ,  5 709   ,  11 827   ,  6 112   ,  5 695   ,  11 807   ,  6 123   ,  5 705   ,  11 828   ,  6 126   ,  5 707   ,  11 833   ,  6 123   ,  5 705   ,  11 828   ,  6 117   ,  5 701   ,  11 818   ,  6 107   ,  5 695   ,  11 802   ,  6 098   ,  5 690   ,  11 788   ,  7 732   ,  7 223   ,  14 955   ,  7 767   ,  7 262   ,  15 029   ,  7 731   ,  7 234   ,  14 965   ,  7 804   ,  7 311   ,  15 115   ,  7 880   ,  7 391   ,  15 271   ,  7 956   ,  7 471   ,  15 427   ,  8 028   ,  7 548   ,  15 576   ,  8 092   ,  7 618   ,  15 710   
,1,  6 011   ,  5 623   ,  11 634   ,  5 952   ,  5 550   ,  11 502   ,  5 951   ,  5 542   ,  11 493   ,  5 967   ,  5 555   ,  11 522   ,  5 975   ,  5 562   ,  11 537   ,  5 976   ,  5 565   ,  11 541   ,  5 971   ,  5 561   ,  11 532   ,  5 968   ,  5 560   ,  11 528   ,  7 576   ,  7 067   ,  14 643   ,  7 622   ,  7 114   ,  14 736   ,  7 596   ,  7 095   ,  14 691   ,  7 591   ,  7 098   ,  14 689   ,  7 666   ,  7 177   ,  14 843   ,  7 744   ,  7 259   ,  15 003   ,  7 822   ,  7 342   ,  15 164   ,  7 897   ,  7 421   ,  15 318   
,2,  5 845   ,  5 491   ,  11 336   ,  5 921   ,  5 533   ,  11 454   ,  5 865   ,  5 464   ,  11 329   ,  5 867   ,  5 459   ,  11 326   ,  5 885   ,  5 476   ,  11 361   ,  5 895   ,  5 486   ,  11 381   ,  5 895   ,  5 487   ,  11 382   ,  5 893   ,  5 487   ,  11 380   ,  7 486   ,  6 978   ,  14 464   ,  7 537   ,  7 030   ,  14 567   ,  7 519   ,  7 018   ,  14 537   ,  7 522   ,  7 027   ,  14 549   ,  7 519   ,  7 032   ,  14 551   ,  7 594   ,  7 113   ,  14 707   ,  7 673   ,  7 196   ,  14 869   ,  7 752   ,  7 281   ,  15 033   
,3,  5 630   ,  5 313   ,  10 943   ,  5 745   ,  5 385   ,  11 130   ,  5 822   ,  5 428   ,  11 250   ,  5 768   ,  5 363   ,  11 131   ,  5 771   ,  5 361   ,  11 132   ,  5 791   ,  5 380   ,  11 171   ,  5 798   ,  5 387   ,  11 185   ,  5 800   ,  5 391   ,  11 191   ,  7 371   ,  6 858   ,  14 229   ,  7 423   ,  6 911   ,  14 334   ,  7 410   ,  6 904   ,  14 314   ,  7 420   ,  6 919   ,  14 339   ,  7 423   ,  6 929   ,  14 352   ,  7 420   ,  6 935   ,  14 355   ,  7 496   ,  7 015   ,  14 511   ,  7 575   ,  7 099   ,  14 674   
,4,  5 423   ,  5 136   ,  10 559   ,  5 548   ,  5 218   ,  10 766   ,  5 663   ,  5 290   ,  10 953   ,  5 740   ,  5 335   ,  11 075   ,  5 689   ,  5 273   ,  10 962   ,  5 693   ,  5 273   ,  10 966   ,  5 710   ,  5 289   ,  10 999   ,  5 719   ,  5 300   ,  11 019   ,  7 273   ,  6 747   ,  14 020   ,  7 326   ,  6 801   ,  14 127   ,  7 316   ,  6 796   ,  14 112   ,  7 330   ,  6 815   ,  14 145   ,  7 340   ,  6 831   ,  14 171   ,  7 343   ,  6 841   ,  14 184   ,  7 341   ,  6 848   ,  14 189   ,  7 416   ,  6 928   ,  14 344   
,5,  5 177   ,  4 916   ,  10 093   ,  5 351   ,  5 056   ,  10 407   ,  5 475   ,  5 138   ,  10 613   ,  5 590   ,  5 212   ,  10 802   ,  5 668   ,  5 258   ,  10 926   ,  5 619   ,  5 199   ,  10 818   ,  5 620   ,  5 197   ,  10 817   ,  5 638   ,  5 215   ,  10 853   ,  7 181   ,  6 650   ,  13 831   ,  7 238   ,  6 706   ,  13 944   ,  7 228   ,  6 701   ,  13 929   ,  7 244   ,  6 722   ,  13 966   ,  7 259   ,  6 741   ,  14 000   ,  7 268   ,  6 758   ,  14 026   ,  7 272   ,  6 769   ,  14 041   ,  7 270   ,  6 777   ,  14 047   
,6,  4 966   ,  4 714   ,  9 680   ,  5 132   ,  4 860   ,  9 992   ,  5 307   ,  5 000   ,  10 307   ,  5 431   ,  5 084   ,  10 515   ,  5 546   ,  5 158   ,  10 704   ,  5 624   ,  5 206   ,  10 830   ,  5 572   ,  5 145   ,  10 717   ,  5 575   ,  5 145   ,  10 720   ,  7 113   ,  6 571   ,  13 684   ,  7 178   ,  6 635   ,  13 813   ,  7 172   ,  6 634   ,  13 806   ,  7 189   ,  6 655   ,  13 844   ,  7 205   ,  6 676   ,  13 881   ,  7 219   ,  6 696   ,  13 915   ,  7 229   ,  6 712   ,  13 941   ,  7 233   ,  6 724   ,  13 957   
,7,  4 822   ,  4 561   ,  9 383   ,  4 926   ,  4 665   ,  9 591   ,  5 092   ,  4 812   ,  9 904   ,  5 266   ,  4 952   ,  10 218   ,  5 390   ,  5 037   ,  10 427   ,  5 506   ,  5 113   ,  10 619   ,  5 581   ,  5 157   ,  10 738   ,  5 531   ,  5 099   ,  10 630   ,  7 037   ,  6 490   ,  13 527   ,  7 113   ,  6 563   ,  13 676   ,  7 116   ,  6 570   ,  13 686   ,  7 136   ,  6 594   ,  13 730   ,  7 152   ,  6 615   ,  13 767   ,  7 168   ,  6 636   ,  13 804   ,  7 182   ,  6 656   ,  13 838   ,  7 192   ,  6 673   ,  13 865   
,8,  4 689   ,  4 410   ,  9 099   ,  4 761   ,  4 497   ,  9 258   ,  4 864   ,  4 601   ,  9 465   ,  5 029   ,  4 748   ,  9 777   ,  5 202   ,  4 888   ,  10 090   ,  5 326   ,  4 973   ,  10 299   ,  5 436   ,  5 045   ,  10 481   ,  5 512   ,  5 091   ,  10 603   ,  6 947   ,  6 407   ,  13 354   ,  7 003   ,  6 456   ,  13 459   ,  7 017   ,  6 473   ,  13 490   ,  7 045   ,  6 504   ,  13 549   ,  7 065   ,  6 529   ,  13 594   ,  7 081   ,  6 550   ,  13 631   ,  7 096   ,  6 571   ,  13 667   ,  7 111   ,  6 591   ,  13 702   
,9,  4 544   ,  4 249   ,  8 793   ,  4 665   ,  4 386   ,  9 051   ,  4 737   ,  4 474   ,  9 211   ,  4 840   ,  4 579   ,  9 419   ,  5 005   ,  4 726   ,  9 731   ,  5 178   ,  4 868   ,  10 046   ,  5 298   ,  4 950   ,  10 248   ,  5 410   ,  5 024   ,  10 434   ,  6 975   ,  6 452   ,  13 427   ,  6 964   ,  6 428   ,  13 392   ,  6 959   ,  6 422   ,  13 381   ,  6 999   ,  6 463   ,  13 462   ,  7 026   ,  6 494   ,  13 520   ,  7 046   ,  6 518   ,  13 564   ,  7 061   ,  6 540   ,  13 601   ,  7 077   ,  6 561   ,  13 638   
,10,  4 226   ,  4 037   ,  8 263   ,  4 384   ,  4 209   ,  8 593   ,  4 502   ,  4 347   ,  8 849   ,  4 572   ,  4 435   ,  9 007   ,  4 673   ,  4 541   ,  9 214   ,  4 833   ,  4 688   ,  9 521   ,  4 997   ,  4 826   ,  9 823   ,  5 114   ,  4 909   ,  10 023   ,  6 643   ,  6 343   ,  12 986   ,  6 785   ,  6 449   ,  13 234   ,  6 715   ,  6 370   ,  13 085   ,  6 734   ,  6 388   ,  13 122   ,  6 772   ,  6 429   ,  13 201   ,  6 798   ,  6 461   ,  13 259   ,  6 817   ,  6 485   ,  13 302   ,  6 832   ,  6 506   ,  13 338   
,11,  3 973   ,  3 884   ,  7 857   ,  4 079   ,  3 996   ,  8 075   ,  4 233   ,  4 166   ,  8 399   ,  4 347   ,  4 304   ,  8 651   ,  4 416   ,  4 393   ,  8 809   ,  4 513   ,  4 499   ,  9 012   ,  4 665   ,  4 643   ,  9 308   ,  4 824   ,  4 781   ,  9 605   ,  6 284   ,  6 192   ,  12 476   ,  6 464   ,  6 332   ,  12 796   ,  6 544   ,  6 383   ,  12 927   ,  6 500   ,  6 329   ,  12 829   ,  6 518   ,  6 347   ,  12 865   ,  6 554   ,  6 387   ,  12 941   ,  6 579   ,  6 419   ,  12 998   ,  6 597   ,  6 443   ,  13 040   
,12,  3 806   ,  3 746   ,  7 552   ,  3 930   ,  3 860   ,  7 790   ,  4 035   ,  3 973   ,  8 008   ,  4 188   ,  4 143   ,  8 331   ,  4 301   ,  4 282   ,  8 583   ,  4 370   ,  4 372   ,  8 742   ,  4 464   ,  4 475   ,  8 939   ,  4 615   ,  4 619   ,  9 234   ,  6 075   ,  6 057   ,  12 132   ,  6 263   ,  6 208   ,  12 471   ,  6 386   ,  6 294   ,  12 680   ,  6 489   ,  6 369   ,  12 858   ,  6 445   ,  6 314   ,  12 759   ,  6 462   ,  6 332   ,  12 794   ,  6 497   ,  6 373   ,  12 870   ,  6 523   ,  6 405   ,  12 928   
,13,  3 442   ,  3 596   ,  7 038   ,  3 612   ,  3 753   ,  7 365   ,  3 730   ,  3 869   ,  7 599   ,  3 830   ,  3 982   ,  7 812   ,  3 976   ,  4 155   ,  8 131   ,  4 085   ,  4 295   ,  8 380   ,  4 147   ,  4 382   ,  8 529   ,  4 237   ,  4 487   ,  8 724   ,  5 578   ,  5 899   ,  11 477   ,  5 811   ,  6 119   ,  11 930   ,  5 939   ,  6 219   ,  12 158   ,  6 077   ,  6 329   ,  12 406   ,  6 174   ,  6 404   ,  12 578   ,  6 132   ,  6 349   ,  12 481   ,  6 149   ,  6 367   ,  12 516   ,  6 182   ,  6 408   ,  12 590   
,14,  3 293   ,  3 415   ,  6 708   ,  3 429   ,  3 518   ,  6 947   ,  3 598   ,  3 672   ,  7 270   ,  3 717   ,  3 786   ,  7 503   ,  3 817   ,  3 899   ,  7 716   ,  3 963   ,  4 069   ,  8 032   ,  4 069   ,  4 203   ,  8 272   ,  4 131   ,  4 290   ,  8 421   ,  5 375   ,  5 596   ,  10 971   ,  5 598   ,  5 820   ,  11 418   ,  5 781   ,  5 986   ,  11 767   ,  5 930   ,  6 106   ,  12 036   ,  6 067   ,  6 213   ,  12 280   ,  6 164   ,  6 287   ,  12 451   ,  6 122   ,  6 233   ,  12 355   ,  6 138   ,  6 251   ,  12 389   
,15,  3 109   ,  3 393   ,  6 502   ,  3 263   ,  3 482   ,  6 745   ,  3 399   ,  3 588   ,  6 987   ,  3 568   ,  3 746   ,  7 314   ,  3 686   ,  3 864   ,  7 550   ,  3 786   ,  3 979   ,  7 765   ,  3 928   ,  4 150   ,  8 078   ,  4 035   ,  4 289   ,  8 324   ,  5 219   ,  5 580   ,  10 799   ,  5 372   ,  5 757   ,  11 129   ,  5 547   ,  5 936   ,  11 483   ,  5 749   ,  6 128   ,  11 877   ,  5 896   ,  6 251   ,  12 147   ,  6 033   ,  6 361   ,  12 394   ,  6 129   ,  6 436   ,  12 565   ,  6 087   ,  6 380   ,  12 467   
,16,  2 944   ,  3 249   ,  6 193   ,  3 144   ,  3 354   ,  6 498   ,  3 301   ,  3 444   ,  6 745   ,  3 439   ,  3 549   ,  6 988   ,  3 610   ,  3 707   ,  7 317   ,  3 730   ,  3 824   ,  7 554   ,  3 829   ,  3 936   ,  7 765   ,  3 974   ,  4 107   ,  8 081   ,  5 200   ,  5 409   ,  10 609   ,  5 319   ,  5 562   ,  10 881   ,  5 427   ,  5 689   ,  11 116   ,  5 624   ,  5 888   ,  11 512   ,  5 829   ,  6 078   ,  11 907   ,  5 978   ,  6 199   ,  12 177   ,  6 117   ,  6 308   ,  12 425   ,  6 214   ,  6 383   ,  12 597   
,17,  2 796   ,  3 097   ,  5 893   ,  2 925   ,  3 109   ,  6 034   ,  3 124   ,  3 211   ,  6 335   ,  3 281   ,  3 298   ,  6 579   ,  3 419   ,  3 400   ,  6 819   ,  3 590   ,  3 551   ,  7 141   ,  3 707   ,  3 662   ,  7 369   ,  3 807   ,  3 771   ,  7 578   ,  5 033   ,  5 015   ,  10 048   ,  5 207   ,  5 221   ,  10 428   ,  5 280   ,  5 323   ,  10 603   ,  5 407   ,  5 465   ,  10 872   ,  5 603   ,  5 656   ,  11 259   ,  5 807   ,  5 838   ,  11 645   ,  5 955   ,  5 954   ,  11 909   ,  6 093   ,  6 059   ,  12 152   
,18,  2 831   ,  2 978   ,  5 809   ,  2 905   ,  2 903   ,  5 808   ,  3 040   ,  2 916   ,  5 956   ,  3 248   ,  3 012   ,  6 260   ,  3 412   ,  3 095   ,  6 507   ,  3 556   ,  3 191   ,  6 747   ,  3 731   ,  3 332   ,  7 063   ,  3 854   ,  3 437   ,  7 291   ,  5 039   ,  4 512   ,  9 551   ,  5 268   ,  4 742   ,  10 010   ,  5 403   ,  4 895   ,  10 298   ,  5 499   ,  5 009   ,  10 508   ,  5 631   ,  5 143   ,  10 774   ,  5 835   ,  5 322   ,  11 157   ,  6 048   ,  5 494   ,  11 542   ,  6 202   ,  5 603   ,  11 805   
,19,  2 724   ,  2 969   ,  5 693   ,  2 817   ,  2 950   ,  5 767   ,  2 891   ,  2 876   ,  5 767   ,  3 025   ,  2 889   ,  5 914   ,  3 233   ,  2 986   ,  6 219   ,  3 397   ,  3 069   ,  6 466   ,  3 539   ,  3 163   ,  6 702   ,  3 715   ,  3 304   ,  7 019   ,  4 887   ,  4 345   ,  9 232   ,  5 054   ,  4 507   ,  9 561   ,  5 239   ,  4 697   ,  9 936   ,  5 393   ,  4 867   ,  10 260   ,  5 489   ,  4 980   ,  10 469   ,  5 621   ,  5 113   ,  10 734   ,  5 824   ,  5 291   ,  11 115   ,  6 037   ,  5 462   ,  11 499   
,20,  2 598   ,  2 865   ,  5 463   ,  2 713   ,  2 939   ,  5 652   ,  2 807   ,  2 920   ,  5 727   ,  2 881   ,  2 849   ,  5 730   ,  3 016   ,  2 863   ,  5 879   ,  3 224   ,  2 959   ,  6 183   ,  3 386   ,  3 039   ,  6 425   ,  3 529   ,  3 134   ,  6 663   ,  4 719   ,  4 174   ,  8 893   ,  4 911   ,  4 338   ,  9 249   ,  5 036   ,  4 462   ,  9 498   ,  5 240   ,  4 668   ,  9 908   ,  5 394   ,  4 836   ,  10 230   ,  5 489   ,  4 949   ,  10 438   ,  5 621   ,  5 081   ,  10 702   ,  5 825   ,  5 258   ,  11 083   
,21,  2 476   ,  2 774   ,  5 250   ,  2 566   ,  2 860   ,  5 426   ,  2 681   ,  2 934   ,  5 615   ,  2 774   ,  2 917   ,  5 691   ,  2 849   ,  2 846   ,  5 695   ,  2 983   ,  2 861   ,  5 844   ,  3 188   ,  2 956   ,  6 144   ,  3 350   ,  3 038   ,  6 388   ,  4 447   ,  3 994   ,  8 441   ,  4 703   ,  4 203   ,  8 906   ,  4 854   ,  4 331   ,  9 185   ,  4 996   ,  4 472   ,  9 468   ,  5 199   ,  4 678   ,  9 877   ,  5 351   ,  4 847   ,  10 198   ,  5 447   ,  4 960   ,  10 407   ,  5 578   ,  5 092   ,  10 670   
,22,  2 403   ,  2 728   ,  5 131   ,  2 513   ,  2 883   ,  5 396   ,  2 606   ,  2 974   ,  5 580   ,  2 724   ,  3 052   ,  5 776   ,  2 819   ,  3 035   ,  5 854   ,  2 896   ,  2 962   ,  5 858   ,  3 031   ,  2 976   ,  6 007   ,  3 242   ,  3 076   ,  6 318   ,  4 340   ,  4 030   ,  8 370   ,  4 557   ,  4 186   ,  8 743   ,  4 779   ,  4 368   ,  9 147   ,  4 951   ,  4 518   ,  9 469   ,  5 096   ,  4 665   ,  9 761   ,  5 303   ,  4 880   ,  10 183   ,  5 460   ,  5 057   ,  10 517   ,  5 557   ,  5 175   ,  10 732   
,23,  2 181   ,  2 381   ,  4 562   ,  2 292   ,  2 530   ,  4 822   ,  2 399   ,  2 675   ,  5 074   ,  2 489   ,  2 760   ,  5 249   ,  2 602   ,  2 833   ,  5 435   ,  2 695   ,  2 818   ,  5 513   ,  2 766   ,  2 749   ,  5 515   ,  2 898   ,  2 763   ,  5 661   ,  3 951   ,  3 645   ,  7 596   ,  4 184   ,  3 773   ,  7 957   ,  4 356   ,  3 887   ,  8 243   ,  4 586   ,  4 071   ,  8 657   ,  4 751   ,  4 212   ,  8 963   ,  4 891   ,  4 349   ,  9 240   ,  5 090   ,  4 550   ,  9 640   ,  5 242   ,  4 714   ,  9 956   
,24,  2 128   ,  2 298   ,  4 426   ,  2 190   ,  2 376   ,  4 566   ,  2 303   ,  2 526   ,  4 829   ,  2 412   ,  2 672   ,  5 084   ,  2 503   ,  2 758   ,  5 261   ,  2 618   ,  2 832   ,  5 450   ,  2 710   ,  2 816   ,  5 526   ,  2 784   ,  2 748   ,  5 532   ,  3 717   ,  3 524   ,  7 241   ,  4 007   ,  3 670   ,  7 677   ,  4 208   ,  3 768   ,  7 976   ,  4 398   ,  3 896   ,  8 294   ,  4 632   ,  4 081   ,  8 713   ,  4 798   ,  4 221   ,  9 019   ,  4 941   ,  4 359   ,  9 300   ,  5 143   ,  4 561   ,  9 704   
,25,  2 106   ,  2 261   ,  4 367   ,  2 125   ,  2 295   ,  4 420   ,  2 188   ,  2 374   ,  4 562   ,  2 302   ,  2 525   ,  4 827   ,  2 412   ,  2 672   ,  5 084   ,  2 505   ,  2 759   ,  5 264   ,  2 620   ,  2 832   ,  5 452   ,  2 713   ,  2 816   ,  5 529   ,  3 551   ,  3 507   ,  7 058   ,  3 748   ,  3 551   ,  7 299   ,  4 008   ,  3 667   ,  7 675   ,  4 226   ,  3 779   ,  8 005   ,  4 418   ,  3 908   ,  8 326   ,  4 654   ,  4 093   ,  8 747   ,  4 822   ,  4 234   ,  9 056   ,  4 965   ,  4 373   ,  9 338   
,26,  2 077   ,  2 199   ,  4 276   ,  2 087   ,  2 222   ,  4 309   ,  2 107   ,  2 256   ,  4 363   ,  2 171   ,  2 335   ,  4 506   ,  2 285   ,  2 484   ,  4 769   ,  2 396   ,  2 630   ,  5 026   ,  2 487   ,  2 714   ,  5 201   ,  2 603   ,  2 788   ,  5 391   ,  3 435   ,  3 538   ,  6 973   ,  3 555   ,  3 478   ,  7 033   ,  3 723   ,  3 493   ,  7 216   ,  3 996   ,  3 621   ,  7 617   ,  4 214   ,  3 731   ,  7 945   ,  4 406   ,  3 859   ,  8 265   ,  4 642   ,  4 043   ,  8 685   ,  4 811   ,  4 182   ,  8 993   
,27,  2 080   ,  2 163   ,  4 243   ,  2 068   ,  2 158   ,  4 226   ,  2 078   ,  2 180   ,  4 258   ,  2 098   ,  2 215   ,  4 313   ,  2 163   ,  2 293   ,  4 456   ,  2 279   ,  2 441   ,  4 720   ,  2 388   ,  2 583   ,  4 971   ,  2 481   ,  2 668   ,  5 149   ,  3 309   ,  3 496   ,  6 805   ,  3 453   ,  3 503   ,  6 956   ,  3 545   ,  3 416   ,  6 961   ,  3 726   ,  3 443   ,  7 169   ,  4 001   ,  3 570   ,  7 571   ,  4 221   ,  3 679   ,  7 900   ,  4 414   ,  3 805   ,  8 219   ,  4 652   ,  3 987   ,  8 639   
,28,  2 116   ,  2 203   ,  4 319   ,  2 036   ,  2 139   ,  4 175   ,  2 025   ,  2 135   ,  4 160   ,  2 035   ,  2 159   ,  4 194   ,  2 056   ,  2 194   ,  4 250   ,  2 120   ,  2 273   ,  4 393   ,  2 233   ,  2 419   ,  4 652   ,  2 343   ,  2 561   ,  4 904   ,  3 101   ,  3 375   ,  6 476   ,  3 270   ,  3 492   ,  6 762   ,  3 386   ,  3 470   ,  6 856   ,  3 488   ,  3 396   ,  6 884   ,  3 668   ,  3 424   ,  7 092   ,  3 940   ,  3 550   ,  7 490   ,  4 157   ,  3 659   ,  7 816   ,  4 348   ,  3 785   ,  8 133   
,29,  2 080   ,  2 157   ,  4 237   ,  2 039   ,  2 148   ,  4 187   ,  1 962   ,  2 086   ,  4 048   ,  1 952   ,  2 083   ,  4 035   ,  1 962   ,  2 106   ,  4 068   ,  1 983   ,  2 142   ,  4 125   ,  2 045   ,  2 218   ,  4 263   ,  2 155   ,  2 361   ,  4 516   ,  2 882   ,  3 191   ,  6 073   ,  3 017   ,  3 320   ,  6 337   ,  3 157   ,  3 407   ,  6 564   ,  3 280   ,  3 399   ,  6 679   ,  3 381   ,  3 327   ,  6 708   ,  3 555   ,  3 354   ,  6 909   ,  3 820   ,  3 478   ,  7 298   ,  4 032   ,  3 585   ,  7 617   
,30,  1 976   ,  2 006   ,  3 982   ,  1 987   ,  2 062   ,  4 049   ,  1 949   ,  2 054   ,  4 003   ,  1 875   ,  1 996   ,  3 871   ,  1 866   ,  1 994   ,  3 860   ,  1 876   ,  2 017   ,  3 893   ,  1 896   ,  2 050   ,  3 946   ,  1 956   ,  2 123   ,  4 079   ,  2 630   ,  2 887   ,  5 517   ,  2 780   ,  3 080   ,  5 860   ,  2 886   ,  3 178   ,  6 064   ,  3 032   ,  3 274   ,  6 306   ,  3 151   ,  3 266   ,  6 417   ,  3 248   ,  3 197   ,  6 445   ,  3 417   ,  3 223   ,  6 640   ,  3 673   ,  3 343   ,  7 016   
,31,  1 919   ,  1 906   ,  3 825   ,  1 920   ,  1 961   ,  3 881   ,  1 931   ,  2 016   ,  3 947   ,  1 894   ,  2 009   ,  3 903   ,  1 823   ,  1 953   ,  3 776   ,  1 814   ,  1 952   ,  3 766   ,  1 824   ,  1 974   ,  3 798   ,  1 843   ,  2 007   ,  3 850   ,  2 426   ,  2 655   ,  5 081   ,  2 578   ,  2 848   ,  5 426   ,  2 704   ,  3 014   ,  5 718   ,  2 818   ,  3 122   ,  5 940   ,  2 961   ,  3 216   ,  6 177   ,  3 078   ,  3 209   ,  6 287   ,  3 173   ,  3 141   ,  6 314   ,  3 339   ,  3 167   ,  6 506   
,32,  1 794   ,  1 767   ,  3 561   ,  1 821   ,  1 847   ,  3 668   ,  1 822   ,  1 900   ,  3 722   ,  1 833   ,  1 955   ,  3 788   ,  1 799   ,  1 949   ,  3 748   ,  1 731   ,  1 895   ,  3 626   ,  1 722   ,  1 893   ,  3 615   ,  1 732   ,  1 915   ,  3 647   ,  2 234   ,  2 488   ,  4 722   ,  2 323   ,  2 596   ,  4 919   ,  2 448   ,  2 763   ,  5 211   ,  2 578   ,  2 935   ,  5 513   ,  2 687   ,  3 040   ,  5 727   ,  2 824   ,  3 132   ,  5 956   ,  2 936   ,  3 125   ,  6 061   ,  3 028   ,  3 059   ,  6 087   
,33,  1 599   ,  1 504   ,  3 103   ,  1 678   ,  1 631   ,  3 309   ,  1 704   ,  1 705   ,  3 409   ,  1 706   ,  1 755   ,  3 461   ,  1 717   ,  1 807   ,  3 524   ,  1 684   ,  1 801   ,  3 485   ,  1 620   ,  1 750   ,  3 370   ,  1 612   ,  1 749   ,  3 361   ,  2 071   ,  2 264   ,  4 335   ,  2 108   ,  2 319   ,  4 427   ,  2 175   ,  2 400   ,  4 575   ,  2 301   ,  2 564   ,  4 865   ,  2 423   ,  2 724   ,  5 147   ,  2 527   ,  2 822   ,  5 349   ,  2 656   ,  2 908   ,  5 564   ,  2 763   ,  2 901   ,  5 664   
,34,  1 540   ,  1 418   ,  2 958   ,  1 583   ,  1 498   ,  3 081   ,  1 662   ,  1 626   ,  3 288   ,  1 689   ,  1 700   ,  3 389   ,  1 691   ,  1 751   ,  3 442   ,  1 702   ,  1 803   ,  3 505   ,  1 669   ,  1 797   ,  3 466   ,  1 606   ,  1 747   ,  3 353   ,  2 041   ,  2 232   ,  4 273   ,  2 068   ,  2 276   ,  4 344   ,  2 089   ,  2 313   ,  4 402   ,  2 162   ,  2 403   ,  4 565   ,  2 289   ,  2 567   ,  4 856   ,  2 411   ,  2 727   ,  5 138   ,  2 515   ,  2 826   ,  5 341   ,  2 644   ,  2 912   ,  5 556   
,35,  1 514   ,  1 405   ,  2 919   ,  1 528   ,  1 433   ,  2 961   ,  1 572   ,  1 515   ,  3 087   ,  1 652   ,  1 645   ,  3 297   ,  1 679   ,  1 721   ,  3 400   ,  1 682   ,  1 773   ,  3 455   ,  1 693   ,  1 825   ,  3 518   ,  1 660   ,  1 820   ,  3 480   ,  2 040   ,  2 262   ,  4 302   ,  2 044   ,  2 278   ,  4 322   ,  2 055   ,  2 303   ,  4 358   ,  2 083   ,  2 349   ,  4 432   ,  2 157   ,  2 441   ,  4 598   ,  2 284   ,  2 609   ,  4 893   ,  2 406   ,  2 772   ,  5 178   ,  2 510   ,  2 872   ,  5 382   
,36,  1 442   ,  1 349   ,  2 791   ,  1 481   ,  1 395   ,  2 876   ,  1 496   ,  1 424   ,  2 920   ,  1 539   ,  1 507   ,  3 046   ,  1 618   ,  1 636   ,  3 254   ,  1 645   ,  1 713   ,  3 358   ,  1 647   ,  1 764   ,  3 411   ,  1 659   ,  1 817   ,  3 476   ,  2 078   ,  2 316   ,  4 394   ,  2 013   ,  2 268   ,  4 281   ,  2 001   ,  2 265   ,  4 266   ,  2 018   ,  2 299   ,  4 317   ,  2 046   ,  2 345   ,  4 391   ,  2 119   ,  2 437   ,  4 556   ,  2 245   ,  2 605   ,  4 850   ,  2 366   ,  2 768   ,  5 134   
,37,  1 457   ,  1 337   ,  2 794   ,  1 460   ,  1 345   ,  2 805   ,  1 500   ,  1 392   ,  2 892   ,  1 516   ,  1 422   ,  2 938   ,  1 560   ,  1 504   ,  3 064   ,  1 641   ,  1 635   ,  3 276   ,  1 669   ,  1 711   ,  3 380   ,  1 672   ,  1 763   ,  3 435   ,  2 149   ,  2 320   ,  4 469   ,  2 123   ,  2 331   ,  4 454   ,  2 040   ,  2 264   ,  4 304   ,  2 035   ,  2 270   ,  4 305   ,  2 053   ,  2 304   ,  4 357   ,  2 081   ,  2 351   ,  4 432   ,  2 156   ,  2 444   ,  4 600   ,  2 285   ,  2 612   ,  4 897   
,38,  1 493   ,  1 385   ,  2 878   ,  1 473   ,  1 375   ,  2 848   ,  1 477   ,  1 384   ,  2 861   ,  1 518   ,  1 433   ,  2 951   ,  1 534   ,  1 464   ,  2 998   ,  1 581   ,  1 550   ,  3 131   ,  1 663   ,  1 684   ,  3 347   ,  1 691   ,  1 763   ,  3 454   ,  2 161   ,  2 320   ,  4 481   ,  2 192   ,  2 407   ,  4 599   ,  2 148   ,  2 399   ,  4 547   ,  2 071   ,  2 340   ,  4 411   ,  2 066   ,  2 346   ,  4 412   ,  2 085   ,  2 381   ,  4 466   ,  2 114   ,  2 430   ,  4 544   ,  2 191   ,  2 526   ,  4 717   
,39,  1 459   ,  1 341   ,  2 800   ,  1 476   ,  1 369   ,  2 845   ,  1 457   ,  1 360   ,  2 817   ,  1 462   ,  1 369   ,  2 831   ,  1 503   ,  1 418   ,  2 921   ,  1 520   ,  1 450   ,  2 970   ,  1 566   ,  1 534   ,  3 100   ,  1 648   ,  1 667   ,  3 315   ,  2 138   ,  2 229   ,  4 367   ,  2 157   ,  2 315   ,  4 472   ,  2 171   ,  2 382   ,  4 553   ,  2 135   ,  2 383   ,  4 518   ,  2 058   ,  2 324   ,  4 382   ,  2 053   ,  2 330   ,  4 383   ,  2 072   ,  2 366   ,  4 438   ,  2 102   ,  2 415   ,  4 517   
,40,  1 369   ,  1 254   ,  2 623   ,  1 413   ,  1 309   ,  2 722   ,  1 431   ,  1 337   ,  2 768   ,  1 412   ,  1 329   ,  2 741   ,  1 417   ,  1 339   ,  2 756   ,  1 458   ,  1 387   ,  2 845   ,  1 474   ,  1 417   ,  2 891   ,  1 519   ,  1 500   ,  3 019   ,  2 039   ,  2 082   ,  4 121   ,  2 091   ,  2 197   ,  4 288   ,  2 092   ,  2 262   ,  4 354   ,  2 113   ,  2 338   ,  4 451   ,  2 078   ,  2 338   ,  4 416   ,  2 003   ,  2 281   ,  4 284   ,  1 999   ,  2 287   ,  4 286   ,  2 017   ,  2 323   ,  4 340   
,41,  1 315   ,  1 191   ,  2 506   ,  1 345   ,  1 235   ,  2 580   ,  1 389   ,  1 290   ,  2 679   ,  1 407   ,  1 318   ,  2 725   ,  1 389   ,  1 310   ,  2 699   ,  1 395   ,  1 321   ,  2 716   ,  1 435   ,  1 368   ,  2 803   ,  1 451   ,  1 398   ,  2 849   ,  1 908   ,  1 891   ,  3 799   ,  2 023   ,  2 071   ,  4 094   ,  2 057   ,  2 167   ,  4 224   ,  2 066   ,  2 240   ,  4 306   ,  2 087   ,  2 314   ,  4 401   ,  2 052   ,  2 316   ,  4 368   ,  1 978   ,  2 259   ,  4 237   ,  1 974   ,  2 265   ,  4 239   
,42,  1 203   ,  1 091   ,  2 294   ,  1 255   ,  1 158   ,  2 413   ,  1 285   ,  1 201   ,  2 486   ,  1 327   ,  1 255   ,  2 582   ,  1 344   ,  1 283   ,  2 627   ,  1 328   ,  1 276   ,  2 604   ,  1 333   ,  1 285   ,  2 618   ,  1 372   ,  1 332   ,  2 704   ,  1 770   ,  1 739   ,  3 509   ,  1 838   ,  1 856   ,  3 694   ,  1 934   ,  2 016   ,  3 950   ,  1 973   ,  2 117   ,  4 090   ,  1 982   ,  2 189   ,  4 171   ,  2 002   ,  2 262   ,  4 264   ,  1 969   ,  2 263   ,  4 232   ,  1 898   ,  2 208   ,  4 106   
,43,  1 074   ,  921   ,  1 995   ,  1 165   ,  1 024   ,  2 189   ,  1 216   ,  1 087   ,  2 303   ,  1 245   ,  1 129   ,  2 374   ,  1 287   ,  1 179   ,  2 466   ,  1 304   ,  1 206   ,  2 510   ,  1 288   ,  1 199   ,  2 487   ,  1 293   ,  1 208   ,  2 501   ,  1 700   ,  1 601   ,  3 301   ,  1 731   ,  1 648   ,  3 379   ,  1 783   ,  1 745   ,  3 528   ,  1 883   ,  1 902   ,  3 785   ,  1 922   ,  1 998   ,  3 920   ,  1 931   ,  2 066   ,  3 997   ,  1 951   ,  2 135   ,  4 086   ,  1 919   ,  2 136   ,  4 055   
,44,  996   ,  844   ,  1 840   ,  1 058   ,  913   ,  1 971   ,  1 148   ,  1 016   ,  2 164   ,  1 200   ,  1 079   ,  2 279   ,  1 229   ,  1 121   ,  2 350   ,  1 271   ,  1 172   ,  2 443   ,  1 288   ,  1 197   ,  2 485   ,  1 272   ,  1 190   ,  2 462   ,  1 631   ,  1 534   ,  3 165   ,  1 691   ,  1 602   ,  3 293   ,  1 709   ,  1 637   ,  3 346   ,  1 767   ,  1 738   ,  3 505   ,  1 866   ,  1 896   ,  3 762   ,  1 905   ,  1 992   ,  3 897   ,  1 913   ,  2 059   ,  3 972   ,  1 933   ,  2 128   ,  4 061   
,45,  958   ,  814   ,  1 772   ,  988   ,  843   ,  1 831   ,  1 050   ,  912   ,  1 962   ,  1 141   ,  1 015   ,  2 156   ,  1 193   ,  1 078   ,  2 271   ,  1 222   ,  1 121   ,  2 343   ,  1 264   ,  1 171   ,  2 435   ,  1 281   ,  1 197   ,  2 478   ,  1 616   ,  1 522   ,  3 138   ,  1 634   ,  1 546   ,  3 180   ,  1 681   ,  1 601   ,  3 282   ,  1 705   ,  1 641   ,  3 346   ,  1 763   ,  1 744   ,  3 507   ,  1 863   ,  1 902   ,  3 765   ,  1 901   ,  1 998   ,  3 899   ,  1 910   ,  2 066   ,  3 976   
,46,  911   ,  770   ,  1 681   ,  949   ,  804   ,  1 753   ,  980   ,  832   ,  1 812   ,  1 042   ,  901   ,  1 943   ,  1 133   ,  1 003   ,  2 136   ,  1 185   ,  1 066   ,  2 251   ,  1 214   ,  1 107   ,  2 321   ,  1 256   ,  1 158   ,  2 414   ,  1 625   ,  1 513   ,  3 138   ,  1 617   ,  1 517   ,  3 134   ,  1 622   ,  1 527   ,  3 149   ,  1 675   ,  1 588   ,  3 263   ,  1 699   ,  1 628   ,  3 327   ,  1 757   ,  1 730   ,  3 487   ,  1 857   ,  1 887   ,  3 744   ,  1 895   ,  1 983   ,  3 878   
,47,  881   ,  755   ,  1 636   ,  893   ,  763   ,  1 656   ,  932   ,  797   ,  1 729   ,  962   ,  826   ,  1 788   ,  1 024   ,  894   ,  1 918   ,  1 114   ,  996   ,  2 110   ,  1 165   ,  1 058   ,  2 223   ,  1 194   ,  1 100   ,  2 294   ,  1 577   ,  1 469   ,  3 046   ,  1 610   ,  1 514   ,  3 124   ,  1 589   ,  1 504   ,  3 093   ,  1 600   ,  1 521   ,  3 121   ,  1 652   ,  1 582   ,  3 234   ,  1 676   ,  1 622   ,  3 298   ,  1 734   ,  1 724   ,  3 458   ,  1 833   ,  1 880   ,  3 713   
,48,  886   ,  783   ,  1 669   ,  886   ,  768   ,  1 654   ,  899   ,  777   ,  1 676   ,  938   ,  812   ,  1 750   ,  969   ,  841   ,  1 810   ,  1 033   ,  912   ,  1 945   ,  1 123   ,  1 015   ,  2 138   ,  1 175   ,  1 079   ,  2 254   ,  1 536   ,  1 432   ,  2 968   ,  1 601   ,  1 509   ,  3 110   ,  1 622   ,  1 542   ,  3 164   ,  1 606   ,  1 538   ,  3 144   ,  1 618   ,  1 556   ,  3 174   ,  1 671   ,  1 617   ,  3 288   ,  1 695   ,  1 659   ,  3 354   ,  1 753   ,  1 763   ,  3 516   
,49,  850   ,  769   ,  1 619   ,  863   ,  769   ,  1 632   ,  863   ,  755   ,  1 618   ,  876   ,  764   ,  1 640   ,  915   ,  798   ,  1 713   ,  946   ,  828   ,  1 774   ,  1 007   ,  896   ,  1 903   ,  1 096   ,  999   ,  2 095   ,  1 462   ,  1 356   ,  2 818   ,  1 510   ,  1 419   ,  2 929   ,  1 561   ,  1 483   ,  3 044   ,  1 587   ,  1 522   ,  3 109   ,  1 572   ,  1 518   ,  3 090   ,  1 584   ,  1 535   ,  3 119   ,  1 636   ,  1 597   ,  3 233   ,  1 660   ,  1 638   ,  3 298   
,50,  834   ,  729   ,  1 563   ,  846   ,  743   ,  1 589   ,  859   ,  743   ,  1 602   ,  860   ,  730   ,  1 590   ,  873   ,  739   ,  1 612   ,  913   ,  772   ,  1 685   ,  943   ,  800   ,  1 743   ,  1 005   ,  867   ,  1 872   ,  1 394   ,  1 235   ,  2 629   ,  1 470   ,  1 322   ,  2 792   ,  1 506   ,  1 373   ,  2 879   ,  1 562   ,  1 441   ,  3 003   ,  1 589   ,  1 478   ,  3 067   ,  1 574   ,  1 475   ,  3 049   ,  1 585   ,  1 491   ,  3 076   ,  1 638   ,  1 551   ,  3 189   
,51,  820   ,  704   ,  1 524   ,  824   ,  712   ,  1 536   ,  836   ,  726   ,  1 562   ,  849   ,  727   ,  1 576   ,  850   ,  714   ,  1 564   ,  864   ,  723   ,  1 587   ,  902   ,  755   ,  1 657   ,  933   ,  783   ,  1 716   ,  1 267   ,  1 085   ,  2 352   ,  1 390   ,  1 218   ,  2 608   ,  1 453   ,  1 294   ,  2 747   ,  1 494   ,  1 348   ,  2 842   ,  1 551   ,  1 415   ,  2 966   ,  1 577   ,  1 451   ,  3 028   ,  1 562   ,  1 448   ,  3 010   ,  1 574   ,  1 465   ,  3 039   
,52,  788   ,  657   ,  1 445   ,  800   ,  673   ,  1 473   ,  803   ,  681   ,  1 484   ,  816   ,  695   ,  1 511   ,  829   ,  696   ,  1 525   ,  830   ,  684   ,  1 514   ,  843   ,  692   ,  1 535   ,  881   ,  724   ,  1 605   ,  1 162   ,  959   ,  2 121   ,  1 247   ,  1 048   ,  2 295   ,  1 357   ,  1 166   ,  2 523   ,  1 424   ,  1 244   ,  2 668   ,  1 465   ,  1 297   ,  2 762   ,  1 520   ,  1 360   ,  2 880   ,  1 546   ,  1 395   ,  2 941   ,  1 532   ,  1 393   ,  2 925   
,53,  727   ,  560   ,  1 287   ,  792   ,  623   ,  1 415   ,  805   ,  639   ,  1 444   ,  808   ,  647   ,  1 455   ,  821   ,  660   ,  1 481   ,  835   ,  661   ,  1 496   ,  835   ,  649   ,  1 484   ,  849   ,  657   ,  1 506   ,  1 132   ,  879   ,  2 011   ,  1 179   ,  919   ,  2 098   ,  1 256   ,  995   ,  2 251   ,  1 372   ,  1 112   ,  2 484   ,  1 440   ,  1 186   ,  2 626   ,  1 481   ,  1 236   ,  2 717   ,  1 538   ,  1 297   ,  2 835   ,  1 564   ,  1 331   ,  2 895   
,54,  669   ,  497   ,  1 166   ,  712   ,  542   ,  1 254   ,  776   ,  603   ,  1 379   ,  789   ,  619   ,  1 408   ,  792   ,  626   ,  1 418   ,  805   ,  640   ,  1 445   ,  818   ,  640   ,  1 458   ,  819   ,  629   ,  1 448   ,  1 062   ,  815   ,  1 877   ,  1 119   ,  859   ,  1 978   ,  1 156   ,  890   ,  2 046   ,  1 236   ,  968   ,  2 204   ,  1 350   ,  1 082   ,  2 432   ,  1 418   ,  1 153   ,  2 571   ,  1 458   ,  1 202   ,  2 660   ,  1 514   ,  1 262   ,  2 776   
,55,  652   ,  492   ,  1 144   ,  655   ,  496   ,  1 151   ,  697   ,  541   ,  1 238   ,  760   ,  602   ,  1 362   ,  772   ,  618   ,  1 390   ,  776   ,  626   ,  1 402   ,  789   ,  639   ,  1 428   ,  802   ,  639   ,  1 441   ,  1 024   ,  804   ,  1 828   ,  1 048   ,  820   ,  1 868   ,  1 095   ,  857   ,  1 952   ,  1 136   ,  891   ,  2 027   ,  1 214   ,  969   ,  2 183   ,  1 327   ,  1 083   ,  2 410   ,  1 394   ,  1 155   ,  2 549   ,  1 434   ,  1 205   ,  2 639   
,56,  610   ,  464   ,  1 074   ,  629   ,  479   ,  1 108   ,  632   ,  483   ,  1 115   ,  673   ,  527   ,  1 200   ,  734   ,  586   ,  1 320   ,  747   ,  602   ,  1 349   ,  750   ,  610   ,  1 360   ,  762   ,  622   ,  1 384   ,  989   ,  797   ,  1 786   ,  997   ,  790   ,  1 787   ,  1 013   ,  799   ,  1 812   ,  1 062   ,  838   ,  1 900   ,  1 102   ,  872   ,  1 974   ,  1 178   ,  948   ,  2 126   ,  1 288   ,  1 060   ,  2 348   ,  1 353   ,  1 130   ,  2 483   
,57,  588   ,  445   ,  1 033   ,  594   ,  447   ,  1 041   ,  613   ,  461   ,  1 074   ,  616   ,  465   ,  1 081   ,  657   ,  508   ,  1 165   ,  716   ,  566   ,  1 282   ,  728   ,  581   ,  1 309   ,  732   ,  588   ,  1 320   ,  949   ,  769   ,  1 718   ,  972   ,  776   ,  1 748   ,  973   ,  762   ,  1 735   ,  992   ,  774   ,  1 766   ,  1 040   ,  812   ,  1 852   ,  1 079   ,  844   ,  1 923   ,  1 154   ,  918   ,  2 072   ,  1 262   ,  1 027   ,  2 289   
,58,  595   ,  461   ,  1 056   ,  568   ,  429   ,  997   ,  575   ,  431   ,  1 006   ,  594   ,  444   ,  1 038   ,  597   ,  449   ,  1 046   ,  636   ,  490   ,  1 126   ,  694   ,  546   ,  1 240   ,  706   ,  560   ,  1 266   ,  904   ,  726   ,  1 630   ,  926   ,  747   ,  1 673   ,  941   ,  748   ,  1 689   ,  945   ,  737   ,  1 682   ,  963   ,  749   ,  1 712   ,  1 010   ,  786   ,  1 796   ,  1 048   ,  817   ,  1 865   ,  1 122   ,  889   ,  2 011   
,59,  589   ,  461   ,  1 050   ,  582   ,  448   ,  1 030   ,  557   ,  417   ,  974   ,  563   ,  419   ,  982   ,  582   ,  432   ,  1 014   ,  585   ,  437   ,  1 022   ,  624   ,  477   ,  1 101   ,  681   ,  531   ,  1 212   ,  882   ,  697   ,  1 579   ,  894   ,  712   ,  1 606   ,  908   ,  727   ,  1 635   ,  926   ,  730   ,  1 656   ,  930   ,  720   ,  1 650   ,  948   ,  732   ,  1 680   ,  995   ,  767   ,  1 762   ,  1 032   ,  799   ,  1 831   
,60,  544   ,  422   ,  966   ,  565   ,  441   ,  1 006   ,  559   ,  428   ,  987   ,  535   ,  399   ,  934   ,  541   ,  401   ,  942   ,  559   ,  414   ,  973   ,  562   ,  418   ,  980   ,  600   ,  457   ,  1 057   ,  834   ,  651   ,  1 485   ,  855   ,  674   ,  1 529   ,  859   ,  683   ,  1 542   ,  876   ,  699   ,  1 575   ,  893   ,  703   ,  1 596   ,  897   ,  693   ,  1 590   ,  915   ,  704   ,  1 619   ,  960   ,  739   ,  1 699   
,61,  532   ,  402   ,  934   ,  531   ,  407   ,  938   ,  552   ,  425   ,  977   ,  546   ,  413   ,  959   ,  522   ,  385   ,  907   ,  529   ,  387   ,  916   ,  547   ,  400   ,  947   ,  549   ,  404   ,  953   ,  747   ,  564   ,  1 311   ,  822   ,  634   ,  1 456   ,  835   ,  651   ,  1 486   ,  842   ,  661   ,  1 503   ,  859   ,  678   ,  1 537   ,  876   ,  681   ,  1 557   ,  880   ,  672   ,  1 552   ,  898   ,  683   ,  1 581   
,62,  509   ,  376   ,  885   ,  520   ,  393   ,  913   ,  520   ,  398   ,  918   ,  540   ,  416   ,  956   ,  535   ,  404   ,  939   ,  512   ,  377   ,  889   ,  518   ,  379   ,  897   ,  536   ,  391   ,  927   ,  687   ,  506   ,  1 193   ,  738   ,  557   ,  1 295   ,  805   ,  621   ,  1 426   ,  822   ,  639   ,  1 461   ,  829   ,  650   ,  1 479   ,  845   ,  666   ,  1 511   ,  862   ,  670   ,  1 532   ,  866   ,  661   ,  1 527   
,63,  442   ,  307   ,  749   ,  489   ,  355   ,  844   ,  500   ,  371   ,  871   ,  500   ,  376   ,  876   ,  519   ,  393   ,  912   ,  515   ,  383   ,  898   ,  492   ,  357   ,  849   ,  498   ,  359   ,  857   ,  657   ,  475   ,  1 132   ,  666   ,  484   ,  1 150   ,  710   ,  528   ,  1 238   ,  778   ,  590   ,  1 368   ,  794   ,  608   ,  1 402   ,  801   ,  618   ,  1 419   ,  817   ,  634   ,  1 451   ,  834   ,  637   ,  1 471   
,64,  394   ,  267   ,  661   ,  425   ,  302   ,  727   ,  471   ,  350   ,  821   ,  481   ,  366   ,  847   ,  481   ,  371   ,  852   ,  500   ,  388   ,  888   ,  495   ,  378   ,  873   ,  474   ,  352   ,  826   ,  612   ,  454   ,  1 066   ,  638   ,  473   ,  1 111   ,  641   ,  477   ,  1 118   ,  687   ,  523   ,  1 210   ,  752   ,  585   ,  1 337   ,  768   ,  603   ,  1 371   ,  775   ,  613   ,  1 388   ,  790   ,  629   ,  1 419   
,65,  388   ,  262   ,  650   ,  391   ,  269   ,  660   ,  422   ,  303   ,  725   ,  467   ,  352   ,  819   ,  478   ,  368   ,  846   ,  479   ,  373   ,  852   ,  498   ,  390   ,  888   ,  493   ,  380   ,  873   ,  601   ,  454   ,  1 055   ,  613   ,  460   ,  1 073   ,  634   ,  475   ,  1 109   ,  640   ,  482   ,  1 122   ,  685   ,  528   ,  1 213   ,  751   ,  591   ,  1 342   ,  766   ,  609   ,  1 375   ,  774   ,  619   ,  1 393   
,66,  356   ,  241   ,  597   ,  370   ,  253   ,  623   ,  373   ,  260   ,  633   ,  402   ,  293   ,  695   ,  446   ,  340   ,  786   ,  457   ,  356   ,  813   ,  457   ,  361   ,  818   ,  475   ,  378   ,  853   ,  600   ,  471   ,  1 071   ,  579   ,  443   ,  1 022   ,  585   ,  446   ,  1 031   ,  608   ,  462   ,  1 070   ,  613   ,  468   ,  1 081   ,  657   ,  514   ,  1 171   ,  720   ,  575   ,  1 295   ,  735   ,  592   ,  1 327   
,67,  328   ,  224   ,  552   ,  334   ,  228   ,  562   ,  347   ,  240   ,  587   ,  349   ,  246   ,  595   ,  377   ,  278   ,  655   ,  419   ,  323   ,  742   ,  429   ,  338   ,  767   ,  429   ,  342   ,  771   ,  569   ,  459   ,  1 028   ,  568   ,  451   ,  1 019   ,  543   ,  420   ,  963   ,  551   ,  424   ,  975   ,  572   ,  440   ,  1 012   ,  578   ,  446   ,  1 024   ,  619   ,  489   ,  1 108   ,  679   ,  548   ,  1 227   
,68,  330   ,  229   ,  559   ,  313   ,  209   ,  522   ,  319   ,  213   ,  532   ,  332   ,  223   ,  555   ,  334   ,  230   ,  564   ,  361   ,  260   ,  621   ,  401   ,  302   ,  703   ,  411   ,  316   ,  727   ,  523   ,  411   ,  934   ,  549   ,  433   ,  982   ,  543   ,  422   ,  965   ,  522   ,  395   ,  917   ,  530   ,  399   ,  929   ,  550   ,  413   ,  963   ,  555   ,  419   ,  974   ,  595   ,  460   ,  1 055   
,69,  316   ,  226   ,  542   ,  307   ,  212   ,  519   ,  291   ,  194   ,  485   ,  296   ,  198   ,  494   ,  308   ,  208   ,  516   ,  311   ,  213   ,  524   ,  336   ,  241   ,  577   ,  373   ,  281   ,  654   ,  487   ,  377   ,  864   ,  491   ,  385   ,  876   ,  511   ,  403   ,  914   ,  507   ,  394   ,  901   ,  487   ,  369   ,  856   ,  495   ,  373   ,  868   ,  514   ,  386   ,  900   ,  519   ,  392   ,  911   
,70,  283   ,  204   ,  487   ,  284   ,  205   ,  489   ,  275   ,  193   ,  468   ,  261   ,  177   ,  438   ,  266   ,  180   ,  446   ,  277   ,  189   ,  466   ,  279   ,  194   ,  473   ,  302   ,  220   ,  522   ,  428   ,  328   ,  756   ,  442   ,  347   ,  789   ,  442   ,  351   ,  793   ,  462   ,  369   ,  831   ,  459   ,  361   ,  820   ,  441   ,  338   ,  779   ,  448   ,  342   ,  790   ,  466   ,  354   ,  820   
,71,  262   ,  196   ,  458   ,  260   ,  196   ,  456   ,  262   ,  197   ,  459   ,  254   ,  185   ,  439   ,  241   ,  170   ,  411   ,  246   ,  173   ,  419   ,  256   ,  182   ,  438   ,  258   ,  187   ,  445   ,  356   ,  271   ,  627   ,  399   ,  318   ,  717   ,  409   ,  333   ,  742   ,  410   ,  339   ,  749   ,  428   ,  356   ,  784   ,  426   ,  348   ,  774   ,  409   ,  326   ,  735   ,  416   ,  330   ,  746   
,72,  245   ,  186   ,  431   ,  247   ,  189   ,  436   ,  246   ,  189   ,  435   ,  247   ,  190   ,  437   ,  240   ,  179   ,  419   ,  228   ,  164   ,  392   ,  232   ,  167   ,  399   ,  242   ,  176   ,  418   ,  312   ,  232   ,  544   ,  340   ,  265   ,  605   ,  378   ,  307   ,  685   ,  388   ,  324   ,  712   ,  390   ,  329   ,  719   ,  407   ,  346   ,  753   ,  405   ,  339   ,  744   ,  389   ,  318   ,  707   
,73,  204   ,  147   ,  351   ,  226   ,  171   ,  397   ,  228   ,  175   ,  403   ,  227   ,  174   ,  401   ,  228   ,  175   ,  403   ,  222   ,  165   ,  387   ,  211   ,  152   ,  363   ,  215   ,  154   ,  369   ,  286   ,  208   ,  494   ,  291   ,  216   ,  507   ,  315   ,  245   ,  560   ,  351   ,  285   ,  636   ,  361   ,  300   ,  661   ,  362   ,  306   ,  668   ,  379   ,  322   ,  701   ,  377   ,  315   ,  692   
,74,  179   ,  122   ,  301   ,  198   ,  142   ,  340   ,  219   ,  167   ,  386   ,  222   ,  170   ,  392   ,  221   ,  170   ,  391   ,  222   ,  171   ,  393   ,  216   ,  161   ,  377   ,  205   ,  148   ,  353   ,  267   ,  193   ,  460   ,  281   ,  205   ,  486   ,  284   ,  211   ,  495   ,  308   ,  240   ,  548   ,  343   ,  280   ,  623   ,  353   ,  295   ,  648   ,  355   ,  300   ,  655   ,  372   ,  316   ,  688   
,75,  173   ,  118   ,  291   ,  177   ,  119   ,  296   ,  196   ,  139   ,  335   ,  217   ,  163   ,  380   ,  220   ,  166   ,  386   ,  219   ,  166   ,  385   ,  220   ,  167   ,  387   ,  214   ,  158   ,  372   ,  260   ,  185   ,  445   ,  267   ,  190   ,  457   ,  278   ,  200   ,  478   ,  282   ,  207   ,  489   ,  306   ,  236   ,  542   ,  342   ,  275   ,  617   ,  352   ,  290   ,  642   ,  354   ,  295   ,  649   
,76,  158   ,  109   ,  267   ,  162   ,  111   ,  273   ,  165   ,  112   ,  277   ,  183   ,  131   ,  314   ,  204   ,  154   ,  358   ,  206   ,  157   ,  363   ,  205   ,  157   ,  362   ,  207   ,  158   ,  365   ,  256   ,  191   ,  447   ,  246   ,  177   ,  423   ,  251   ,  180   ,  431   ,  262   ,  191   ,  453   ,  266   ,  197   ,  463   ,  289   ,  224   ,  513   ,  323   ,  262   ,  585   ,  333   ,  276   ,  609   
,77,  141   ,  95   ,  236   ,  140   ,  93   ,  233   ,  144   ,  94   ,  238   ,  147   ,  96   ,  243   ,  163   ,  112   ,  275   ,  181   ,  132   ,  313   ,  183   ,  134   ,  317   ,  183   ,  135   ,  318   ,  235   ,  174   ,  409   ,  230   ,  166   ,  396   ,  219   ,  152   ,  371   ,  224   ,  155   ,  379   ,  235   ,  164   ,  399   ,  238   ,  170   ,  408   ,  259   ,  193   ,  452   ,  290   ,  226   ,  516   
,78,  133   ,  90   ,  223   ,  128   ,  82   ,  210   ,  127   ,  81   ,  208   ,  130   ,  82   ,  212   ,  133   ,  84   ,  217   ,  148   ,  98   ,  246   ,  164   ,  115   ,  279   ,  167   ,  117   ,  284   ,  212   ,  150   ,  362   ,  215   ,  153   ,  368   ,  209   ,  144   ,  353   ,  200   ,  133   ,  333   ,  205   ,  136   ,  341   ,  215   ,  144   ,  359   ,  218   ,  149   ,  367   ,  237   ,  170   ,  407   
,79,  118   ,  82   ,  200   ,  115   ,  75   ,  190   ,  110   ,  69   ,  179   ,  110   ,  68   ,  178   ,  112   ,  69   ,  181   ,  115   ,  70   ,  185   ,  128   ,  82   ,  210   ,  142   ,  97   ,  239   ,  184   ,  127   ,  311   ,  185   ,  128   ,  313   ,  186   ,  129   ,  315   ,  182   ,  123   ,  305   ,  174   ,  113   ,  287   ,  178   ,  116   ,  294   ,  187   ,  122   ,  309   ,  190   ,  127   ,  317   
,80+,  714   ,  520   ,  1 234   ,  689   ,  503   ,  1 192   ,  664   ,  483   ,  1 147   ,  641   ,  461   ,  1 102   ,  623   ,  442   ,  1 065   ,  609   ,  429   ,  1 038   ,  601   ,  416   ,  1 017   ,  603   ,  417   ,  1 020   ,  788   ,  550   ,  1 338   ,  813   ,  570   ,  1 383   ,  826   ,  583   ,  1 409   ,  844   ,  599   ,  1 443   ,  857   ,  604   ,  1 461   ,  859   ,  602   ,  1 461   ,  866   ,  607   ,  1 473   ,  879   ,  612   ,  1 491   
,Total,  148 871   ,  143 420   ,  292 291   ,  152 325   ,  146 578   ,  298 903   ,  155 814   ,  149 762   ,  305 576   ,  159 326   ,  152 978   ,  312 304   ,  162 853   ,  156 200   ,  319 053   ,  166 401   ,  159 441   ,  325 842   ,  169 834   ,  162 562   ,  332 396   ,  173 282   ,  165 708   ,  338 990   ,  224 974   ,  215 174   ,  440 148   ,  230 919   ,  220 674   ,  451 593   ,  234 865   ,  224 245   ,  459 110   ,  239 672   ,  228 650   ,  468 322   ,  244 525   ,  233 082   ,  477 607   ,  249 425   ,  237 555   ,  486 980   ,  254 366   ,  242 064   ,  496 430   ,  259 344   ,  246 601   ,  505 945   