{
  "meta": {
    "titre": "Vulnérabilité des ménages — Burkina Faso",
    "source": "INSD / Afristat",
    "mise_a_jour": "2026-05-08"
  },
  "themes": [
    "economie",
    "alimentaire",
    "sante"
  ],
  "tendance_annuelle": {
    "economie": {
      "annees": [
        1994,
        1998,
        2003,
        2009,
        2014,
        2018,
        2021
      ],
      "valeurs": [
        5892.7341428571435,
        10410.433857142856,
        443.96119796954315,
        1223.1894587155964,
        1429.935752293578,
        264907022883.77386,
        35451.247142857144
      ]
    },
    "sante": {
      "annees": [
        1991,
        1993,
        1994,
        1996,
        1998,
        1999,
        2003,
        2005,
        2006,
        2007,
        2009,
        2010,
        2014,
        2018,
        2019,
        2021
      ],
      "valeurs": [
        3.625,
        3.5500000000000003,
        5.075,
        3.875,
        4.675,
        3.8000000000000003,
        5.466666666666666,
        7.333333333333333,
        5.819999999999999,
        8.9,
        14.0,
        5.5,
        54.65,
        16.469417475728154,
        14.225000000000001,
        32.8
      ]
    },
    "alimentaire": {
      "annees": [
        1994,
        1998,
        2003,
        2009,
        2018,
        2021
      ],
      "valeurs": [
        45.8,
        52.2,
        48.8,
        52.3,
        47.9,
        45.1
      ]
    }
  },
  "comparaison_regionale_dernier_millesime": {
    "economie": {
      "annee": 2018,
      "regions": [
        "Burkina Faso",
        "Nord",
        "Centre-Nord",
        "Centre-Est",
        "Centre-Ouest",
        "Boucle du Mouhoun",
        "Est",
        "Sahel",
        "Sud-Ouest",
        "Hauts-Bassins",
        "Plateau Central",
        "Centre-Sud",
        "Cascades",
        "Centre"
      ],
      "valeurs": [
        39.675,
        30.5,
        25.375,
        23.2,
        21.15,
        20.650000000000002,
        17.525,
        17.45,
        16.025,
        13.7,
        12.700000000000001,
        9.15,
        7.4750000000000005,
        2.1
      ]
    },
    "alimentaire": {
      "annee": null,
      "regions": [],
      "valeurs": []
    },
    "sante": {
      "annee": 2018,
      "regions": [
        "Plateur Central",
        "Haut-Bassins",
        "Centre",
        "Burkina Faso",
        "Nord",
        "Sahel",
        "Centre-Ouest",
        "Cascades",
        "Centre-Nord",
        "Centre-Sud",
        "Est",
        "Centre-Est",
        "Sud-Ouest",
        "Boucle du Mouhoun",
        "Plateau-Central",
        "Hauts Bassins"
      ],
      "valeurs": [
        18.181818181818183,
        18.172727272727272,
        15.87142857142857,
        14.757142857142856,
        14.735714285714286,
        14.6,
        14.592857142857143,
        14.592857142857143,
        14.557142857142859,
        14.549999999999999,
        14.464285714285714,
        14.407142857142857,
        14.385714285714286,
        14.321428571428571,
        2.033333333333333,
        0.9666666666666667
      ]
    }
  }
}